ts,datetime,open,high,low,close,volume
1693238400,2023-08-28T16:00:00+00:00,0.06319,0.06352,0.06266,0.06311,15599253.3
1693252800,2023-08-28T20:00:00+00:00,0.06313,0.06362,0.063,0.06342,15376371.700000001
1693267200,2023-08-29T00:00:00+00:00,0.06341,0.06385,0.06302,0.06319,12883578.7
1693281600,2023-08-29T04:00:00+00:00,0.06318,0.06328,0.06289,0.06295,11951150.0
1693296000,2023-08-29T08:00:00+00:00,0.06293,0.06299,0.06239,0.06256,11902112.2
1693310400,2023-08-29T12:00:00+00:00,0.06254,0.0686,0.06246,0.06689,201828292.8
1693324800,2023-08-29T16:00:00+00:00,0.0669,0.06796,0.06635,0.06696,67311435.39999999
1693339200,2023-08-29T20:00:00+00:00,0.06697,0.06728,0.06609,0.0664,34599937.4
1693353600,2023-08-30T00:00:00+00:00,0.06637,0.06645,0.06518,0.06558,25714191.4
1693368000,2023-08-30T04:00:00+00:00,0.06554,0.06577,0.06534,0.06556,11754140.200000001
1693382400,2023-08-30T08:00:00+00:00,0.06557,0.06576,0.06513,0.06523,15290631.600000001
1693396800,2023-08-30T12:00:00+00:00,0.06522,0.06594,0.06436,0.06491,44704072.49999999
1693411200,2023-08-30T16:00:00+00:00,0.0649,0.06559,0.0648,0.06529,21506972.3
1693425600,2023-08-30T20:00:00+00:00,0.06531,0.06591,0.06527,0.06588,17701293.400000002
1693440000,2023-08-31T00:00:00+00:00,0.06587,0.06587,0.06527,0.06545,16289972.100000001
1693454400,2023-08-31T04:00:00+00:00,0.06547,0.06669,0.06547,0.06657,24582552.9
1693468800,2023-08-31T08:00:00+00:00,0.06653,0.067,0.06609,0.06672,24520978.5
1693483200,2023-08-31T12:00:00+00:00,0.06671,0.06675,0.06472,0.06531,50778035.0
1693497600,2023-08-31T16:00:00+00:00,0.06528,0.06546,0.06286,0.0638,67587157.1
1693512000,2023-08-31T20:00:00+00:00,0.06379,0.064,0.0628,0.06377,39282617.5
1693526400,2023-09-01T00:00:00+00:00,0.06378,0.06411,0.06363,0.06395,17398692.6
1693540800,2023-09-01T04:00:00+00:00,0.06393,0.06403,0.06331,0.06355,12613868.7
1693555200,2023-09-01T08:00:00+00:00,0.06353,0.06401,0.0634,0.06396,10950125.5
1693569600,2023-09-01T12:00:00+00:00,0.064,0.06421,0.06298,0.06336,37868876.0
1693584000,2023-09-01T16:00:00+00:00,0.06336,0.0636,0.06229,0.06327,34130749.1
1693598400,2023-09-01T20:00:00+00:00,0.06327,0.064,0.06322,0.06385,21300041.5
1693612800,2023-09-02T00:00:00+00:00,0.06383,0.06399,0.06353,0.06371,12352883.3
1693627200,2023-09-02T04:00:00+00:00,0.0637,0.06391,0.06333,0.06342,15691390.600000001
1693641600,2023-09-02T08:00:00+00:00,0.06343,0.06352,0.06302,0.06343,12651777.899999999
1693656000,2023-09-02T12:00:00+00:00,0.06344,0.06495,0.06308,0.06374,41697495.0
1693670400,2023-09-02T16:00:00+00:00,0.06375,0.06392,0.06262,0.06327,24155224.6
1693684800,2023-09-02T20:00:00+00:00,0.06325,0.06359,0.06316,0.06349,8773704.9
1693699200,2023-09-03T00:00:00+00:00,0.06348,0.06367,0.0633,0.06362,11999877.4
1693713600,2023-09-03T04:00:00+00:00,0.06363,0.06377,0.0635,0.06367,7575471.0
1693728000,2023-09-03T08:00:00+00:00,0.06368,0.06369,0.06324,0.06334,5816795.9
1693742400,2023-09-03T12:00:00+00:00,0.06335,0.06352,0.063,0.06327,7451204.899999999
1693756800,2023-09-03T16:00:00+00:00,0.06326,0.06347,0.06275,0.06332,10493831.5
1693771200,2023-09-03T20:00:00+00:00,0.06333,0.0634,0.06288,0.06317,10247681.4
1693785600,2023-09-04T00:00:00+00:00,0.06317,0.06385,0.06308,0.06339,12277159.600000001
1693800000,2023-09-04T04:00:00+00:00,0.06341,0.06362,0.06303,0.06324,12546158.1
1693814400,2023-09-04T08:00:00+00:00,0.06327,0.06334,0.0631,0.06314,9889002.3
1693828800,2023-09-04T12:00:00+00:00,0.0631,0.06345,0.06254,0.06286,13853904.8
1693843200,2023-09-04T16:00:00+00:00,0.06284,0.06328,0.06276,0.06317,8071265.3
1693857600,2023-09-04T20:00:00+00:00,0.06316,0.06328,0.06207,0.06325,21565245.0
1693872000,2023-09-05T00:00:00+00:00,0.06324,0.06354,0.06283,0.06323,21961790.9
1693886400,2023-09-05T04:00:00+00:00,0.06323,0.06435,0.06323,0.06406,20669046.0
1693900800,2023-09-05T08:00:00+00:00,0.06405,0.0642,0.06338,0.06403,20221577.0
1693915200,2023-09-05T12:00:00+00:00,0.06406,0.06422,0.06354,0.06396,19186456.0
1693929600,2023-09-05T16:00:00+00:00,0.06396,0.06416,0.06372,0.06376,13454518.3
1693944000,2023-09-05T20:00:00+00:00,0.06374,0.06405,0.06364,0.06399,11690978.599999998
1693958400,2023-09-06T00:00:00+00:00,0.06399,0.06457,0.0639,0.06414,21895095.4
1693972800,2023-09-06T04:00:00+00:00,0.06415,0.06415,0.06373,0.06383,11305708.100000001
1693987200,2023-09-06T08:00:00+00:00,0.06382,0.06409,0.06375,0.0638,7485817.6
1694001600,2023-09-06T12:00:00+00:00,0.0638,0.06395,0.06305,0.06323,20000561.1
1694016000,2023-09-06T16:00:00+00:00,0.06323,0.06409,0.06243,0.0632,33055329.000000004
1694030400,2023-09-06T20:00:00+00:00,0.0632,0.06367,0.06316,0.06361,10447817.5
1694044800,2023-09-07T00:00:00+00:00,0.06362,0.0638,0.06347,0.06377,11831997.4
1694059200,2023-09-07T04:00:00+00:00,0.06376,0.06381,0.06322,0.06333,11819746.6
1694073600,2023-09-07T08:00:00+00:00,0.06336,0.06336,0.0628,0.06289,7236406.6
1694088000,2023-09-07T12:00:00+00:00,0.06289,0.06328,0.06273,0.06314,14177613.8
1694102400,2023-09-07T16:00:00+00:00,0.06311,0.06352,0.06289,0.06304,14567027.5
1694116800,2023-09-07T20:00:00+00:00,0.06304,0.06379,0.06295,0.06363,22271852.299999997
1694131200,2023-09-08T00:00:00+00:00,0.06364,0.064,0.06344,0.06373,14056963.3
1694145600,2023-09-08T04:00:00+00:00,0.06374,0.0639,0.06343,0.06366,7673590.1
1694160000,2023-09-08T08:00:00+00:00,0.06366,0.06367,0.06237,0.06287,18794865.5
1694174400,2023-09-08T12:00:00+00:00,0.06286,0.0631,0.06281,0.06289,11757045.3
1694188800,2023-09-08T16:00:00+00:00,0.06288,0.06329,0.06276,0.06319,13823484.9
1694203200,2023-09-08T20:00:00+00:00,0.0632,0.06378,0.06316,0.06368,9285983.7
1694217600,2023-09-09T00:00:00+00:00,0.06368,0.0639,0.06351,0.06356,12355882.2
1694232000,2023-09-09T04:00:00+00:00,0.06356,0.06361,0.06318,0.06342,7639432.199999999
1694246400,2023-09-09T08:00:00+00:00,0.06343,0.06368,0.06337,0.06366,7609883.4
1694260800,2023-09-09T12:00:00+00:00,0.06366,0.06369,0.06326,0.06353,11088153.2
1694275200,2023-09-09T16:00:00+00:00,0.06353,0.06368,0.06332,0.06344,6339463.5
1694289600,2023-09-09T20:00:00+00:00,0.06344,0.06354,0.06333,0.06337,6326851.1
1694304000,2023-09-10T00:00:00+00:00,0.06337,0.0634,0.06286,0.06303,9915497.3
1694318400,2023-09-10T04:00:00+00:00,0.06303,0.06303,0.0594,0.06215,62381696.5
1694332800,2023-09-10T08:00:00+00:00,0.06215,0.06215,0.06173,0.06175,8190902.700000001
1694347200,2023-09-10T12:00:00+00:00,0.06174,0.06202,0.0608,0.0614,17499021.299999997
1694361600,2023-09-10T16:00:00+00:00,0.0614,0.06144,0.06053,0.06118,24433448.200000003
1694376000,2023-09-10T20:00:00+00:00,0.06116,0.06178,0.0611,0.06129,15205451.0
1694390400,2023-09-11T00:00:00+00:00,0.06129,0.0615,0.0606,0.06125,14231943.4
1694404800,2023-09-11T04:00:00+00:00,0.06124,0.06198,0.06106,0.06179,14520439.400000002
1694419200,2023-09-11T08:00:00+00:00,0.0618,0.06185,0.05951,0.06019,47907120.5
1694433600,2023-09-11T12:00:00+00:00,0.06016,0.06065,0.05961,0.06018,51984436.199999996
1694448000,2023-09-11T16:00:00+00:00,0.06018,0.06038,0.0592,0.05969,26644693.9
1694462400,2023-09-11T20:00:00+00:00,0.05966,0.0606,0.0595,0.06046,19039423.099999998
1694476800,2023-09-12T00:00:00+00:00,0.06046,0.06217,0.06041,0.0616,31506452.7
1694491200,2023-09-12T04:00:00+00:00,0.06161,0.06177,0.06096,0.06103,48019011.900000006
1694505600,2023-09-12T08:00:00+00:00,0.06103,0.06239,0.06079,0.06177,53371219.6
1694520000,2023-09-12T12:00:00+00:00,0.0618,0.06193,0.06126,0.06152,26036526.0
1694534400,2023-09-12T16:00:00+00:00,0.0615,0.0622,0.06077,0.06121,41135808.2
1694548800,2023-09-12T20:00:00+00:00,0.06121,0.06136,0.06084,0.06088,8768602.399999999
1694563200,2023-09-13T00:00:00+00:00,0.06088,0.06126,0.06053,0.06072,16134816.5
1694577600,2023-09-13T04:00:00+00:00,0.06071,0.06182,0.06049,0.06081,47036198.6
1694592000,2023-09-13T08:00:00+00:00,0.06081,0.06142,0.06073,0.0613,12950343.8
1694606400,2023-09-13T12:00:00+00:00,0.06127,0.06149,0.06086,0.06124,28502492.900000002
1694620800,2023-09-13T16:00:00+00:00,0.06124,0.06145,0.06081,0.06103,38113815.5
1694635200,2023-09-13T20:00:00+00:00,0.06103,0.06136,0.06102,0.06125,9687701.0
1694649600,2023-09-14T00:00:00+00:00,0.06125,0.06194,0.06113,0.06132,28932008.8
1694664000,2023-09-14T04:00:00+00:00,0.06131,0.0616,0.06109,0.0614,13353406.2
1694678400,2023-09-14T08:00:00+00:00,0.06141,0.06164,0.06129,0.06156,12769636.6
1694692800,2023-09-14T12:00:00+00:00,0.06157,0.0621,0.06137,0.06178,39943052.1
1694707200,2023-09-14T16:00:00+00:00,0.06178,0.0626,0.06153,0.06228,85388668.9
1694721600,2023-09-14T20:00:00+00:00,0.06226,0.06243,0.06198,0.06211,28977445.799999997
1694736000,2023-09-15T00:00:00+00:00,0.06211,0.06246,0.06178,0.06215,13609020.3
1694750400,2023-09-15T04:00:00+00:00,0.06214,0.06225,0.06181,0.06185,6242788.6
1694764800,2023-09-15T08:00:00+00:00,0.06185,0.0621,0.06164,0.06171,8742572.3
1694779200,2023-09-15T12:00:00+00:00,0.0617,0.0619,0.06138,0.06188,20088246.3
1694793600,2023-09-15T16:00:00+00:00,0.06188,0.0621,0.06177,0.06195,25716552.7
1694808000,2023-09-15T20:00:00+00:00,0.06195,0.06294,0.06189,0.06251,27235732.5
1694822400,2023-09-16T00:00:00+00:00,0.06251,0.06297,0.06229,0.06243,26162738.7
1694836800,2023-09-16T04:00:00+00:00,0.06244,0.06247,0.06213,0.06228,9675549.9
1694851200,2023-09-16T08:00:00+00:00,0.06229,0.06249,0.06204,0.06236,11379902.7
1694865600,2023-09-16T12:00:00+00:00,0.06235,0.06244,0.06197,0.06218,9088692.5
1694880000,2023-09-16T16:00:00+00:00,0.06217,0.0623,0.06179,0.06199,13589639.9
1694894400,2023-09-16T20:00:00+00:00,0.06198,0.06228,0.06196,0.06216,12458257.8
1694908800,2023-09-17T00:00:00+00:00,0.06216,0.06216,0.06127,0.06198,19177724.1
1694923200,2023-09-17T04:00:00+00:00,0.062,0.06255,0.06192,0.06222,10490954.5
1694937600,2023-09-17T08:00:00+00:00,0.06221,0.06241,0.06214,0.06227,11705424.899999999
1694952000,2023-09-17T12:00:00+00:00,0.06226,0.0624,0.06196,0.06201,8699538.600000001
1694966400,2023-09-17T16:00:00+00:00,0.06201,0.06205,0.06142,0.06165,12426871.7
1694980800,2023-09-17T20:00:00+00:00,0.06164,0.06177,0.06098,0.06148,28895724.9
1694995200,2023-09-18T00:00:00+00:00,0.06148,0.06191,0.06098,0.06185,26310212.4
1695009600,2023-09-18T04:00:00+00:00,0.06186,0.062,0.06159,0.06181,11892992.7
1695024000,2023-09-18T08:00:00+00:00,0.06181,0.06266,0.06173,0.06244,23747105.6
1695038400,2023-09-18T12:00:00+00:00,0.06243,0.06282,0.06228,0.06237,32334622.9
1695052800,2023-09-18T16:00:00+00:00,0.06238,0.06245,0.06153,0.06188,29968221.2
1695067200,2023-09-18T20:00:00+00:00,0.06187,0.06219,0.06173,0.062,14882254.100000001
1695081600,2023-09-19T00:00:00+00:00,0.062,0.06229,0.0619,0.06229,15906875.2
1695096000,2023-09-19T04:00:00+00:00,0.06227,0.06252,0.06217,0.06218,9831736.7
1695110400,2023-09-19T08:00:00+00:00,0.06218,0.06298,0.06217,0.06259,24311843.400000002
1695124800,2023-09-19T12:00:00+00:00,0.0626,0.06323,0.06239,0.06319,31223998.3
1695139200,2023-09-19T16:00:00+00:00,0.0632,0.06325,0.06247,0.06259,15844407.6
1695153600,2023-09-19T20:00:00+00:00,0.0626,0.06275,0.06237,0.06268,14935902.100000001
1695168000,2023-09-20T00:00:00+00:00,0.06269,0.06304,0.06224,0.06241,16434313.9
1695182400,2023-09-20T04:00:00+00:00,0.0624,0.0625,0.06211,0.06235,11780007.499999998
1695196800,2023-09-20T08:00:00+00:00,0.06234,0.06249,0.06185,0.06214,14485231.5
1695211200,2023-09-20T12:00:00+00:00,0.06214,0.06239,0.06188,0.06232,21641738.2
1695225600,2023-09-20T16:00:00+00:00,0.0623,0.06278,0.0615,0.06217,44125871.0
1695240000,2023-09-20T20:00:00+00:00,0.06218,0.06283,0.06213,0.06263,15994138.0
1695254400,2023-09-21T00:00:00+00:00,0.06263,0.06289,0.06231,0.06289,17449908.4
1695268800,2023-09-21T04:00:00+00:00,0.06289,0.06346,0.06245,0.06256,23786998.3
1695283200,2023-09-21T08:00:00+00:00,0.06255,0.06281,0.06127,0.06173,36697487.199999996
1695297600,2023-09-21T12:00:00+00:00,0.0617,0.06179,0.06102,0.06164,22096543.700000003
1695312000,2023-09-21T16:00:00+00:00,0.06164,0.0617,0.0614,0.06148,9853549.100000001
1695326400,2023-09-21T20:00:00+00:00,0.06148,0.0615,0.06115,0.06129,11252346.299999999
1695340800,2023-09-22T00:00:00+00:00,0.06129,0.06175,0.06059,0.06164,21213836.9
1695355200,2023-09-22T04:00:00+00:00,0.06165,0.0618,0.0615,0.06176,7514461.0
1695369600,2023-09-22T08:00:00+00:00,0.06177,0.06188,0.06149,0.06166,7784789.9
1695384000,2023-09-22T12:00:00+00:00,0.06166,0.06177,0.06136,0.06144,16762027.399999999
1695398400,2023-09-22T16:00:00+00:00,0.06143,0.06164,0.0612,0.06135,9933192.4
1695412800,2023-09-22T20:00:00+00:00,0.06134,0.06157,0.06123,0.06152,11210613.999999998
1695427200,2023-09-23T00:00:00+00:00,0.06152,0.06176,0.06143,0.06148,7001770.2
1695441600,2023-09-23T04:00:00+00:00,0.06149,0.0617,0.0614,0.06159,3598695.0999999996
1695456000,2023-09-23T08:00:00+00:00,0.06159,0.06167,0.06148,0.0616,3289098.6999999997
1695470400,2023-09-23T12:00:00+00:00,0.06161,0.06199,0.06131,0.06131,9308770.2
1695484800,2023-09-23T16:00:00+00:00,0.06132,0.06172,0.06128,0.06165,8457455.3
1695499200,2023-09-23T20:00:00+00:00,0.06165,0.06168,0.06128,0.06151,5750673.699999999
1695513600,2023-09-24T00:00:00+00:00,0.0615,0.06164,0.06129,0.06158,6893898.1
1695528000,2023-09-24T04:00:00+00:00,0.06157,0.06161,0.06145,0.06146,3086155.3
1695542400,2023-09-24T08:00:00+00:00,0.06146,0.06166,0.06143,0.06151,2963965.0
1695556800,2023-09-24T12:00:00+00:00,0.06152,0.0616,0.06142,0.0615,3196851.4
1695571200,2023-09-24T16:00:00+00:00,0.06151,0.06175,0.06095,0.06116,16686660.600000001
1695585600,2023-09-24T20:00:00+00:00,0.06114,0.06122,0.06031,0.0607,18945841.1
1695600000,2023-09-25T00:00:00+00:00,0.0607,0.0611,0.06013,0.06083,20324831.5
1695614400,2023-09-25T04:00:00+00:00,0.06086,0.06098,0.06056,0.06086,10446090.2
1695628800,2023-09-25T08:00:00+00:00,0.06086,0.0609,0.06044,0.06058,8300946.9
1695643200,2023-09-25T12:00:00+00:00,0.06057,0.06113,0.06044,0.06099,10589450.4
1695657600,2023-09-25T16:00:00+00:00,0.061,0.0612,0.06086,0.06097,8929487.2
1695672000,2023-09-25T20:00:00+00:00,0.06099,0.06111,0.06076,0.06093,7021495.6
1695686400,2023-09-26T00:00:00+00:00,0.06092,0.06114,0.06082,0.06102,5872199.1
1695700800,2023-09-26T04:00:00+00:00,0.06103,0.06107,0.06077,0.06082,3468757.7
1695715200,2023-09-26T08:00:00+00:00,0.06082,0.06091,0.06059,0.06079,6137382.300000001
1695729600,2023-09-26T12:00:00+00:00,0.0608,0.06086,0.0603,0.06049,17232878.4
1695744000,2023-09-26T16:00:00+00:00,0.06049,0.06065,0.06012,0.06041,27730356.4
1695758400,2023-09-26T20:00:00+00:00,0.0604,0.0608,0.0593,0.06058,44244247.9
1695772800,2023-09-27T00:00:00+00:00,0.06058,0.06083,0.06052,0.06079,11299522.6
1695787200,2023-09-27T04:00:00+00:00,0.06079,0.0608,0.06049,0.06055,6726351.9
1695801600,2023-09-27T08:00:00+00:00,0.06055,0.06136,0.0604,0.06126,21794077.299999997
1695816000,2023-09-27T12:00:00+00:00,0.06126,0.06134,0.06024,0.06058,26895897.0
1695830400,2023-09-27T16:00:00+00:00,0.06057,0.06065,0.06012,0.06047,13934892.299999999
1695844800,2023-09-27T20:00:00+00:00,0.06047,0.06054,0.0602,0.06048,11386191.200000001
1695859200,2023-09-28T00:00:00+00:00,0.06047,0.06085,0.06038,0.06043,16346988.600000001
1695873600,2023-09-28T04:00:00+00:00,0.06042,0.06084,0.06033,0.06074,8822546.3
1695888000,2023-09-28T08:00:00+00:00,0.06073,0.06121,0.0606,0.06089,10289274.3
1695902400,2023-09-28T12:00:00+00:00,0.0609,0.06151,0.06078,0.06143,21897429.9
1695916800,2023-09-28T16:00:00+00:00,0.06143,0.06166,0.06102,0.06143,22791127.4
1695931200,2023-09-28T20:00:00+00:00,0.06143,0.06153,0.06109,0.0615,11427973.6
1695945600,2023-09-29T00:00:00+00:00,0.06149,0.06164,0.06131,0.06151,11256620.299999999
1695960000,2023-09-29T04:00:00+00:00,0.06149,0.06215,0.06143,0.06208,12567697.3
1695974400,2023-09-29T08:00:00+00:00,0.06207,0.06207,0.06155,0.06162,8870411.100000001
1695988800,2023-09-29T12:00:00+00:00,0.06162,0.06248,0.06147,0.06188,30575403.900000002
1696003200,2023-09-29T16:00:00+00:00,0.06187,0.06206,0.06162,0.06199,11840982.2
1696017600,2023-09-29T20:00:00+00:00,0.06199,0.06236,0.06191,0.06214,13126343.0
1696032000,2023-09-30T00:00:00+00:00,0.06215,0.06231,0.06181,0.06184,9663601.600000001
1696046400,2023-09-30T04:00:00+00:00,0.06185,0.06197,0.06175,0.06176,4955082.0
1696060800,2023-09-30T08:00:00+00:00,0.06177,0.06199,0.06173,0.06177,5305080.800000001
1696075200,2023-09-30T12:00:00+00:00,0.06177,0.06222,0.06175,0.06203,11163795.5
1696089600,2023-09-30T16:00:00+00:00,0.06203,0.06272,0.06201,0.06236,43818387.5
1696104000,2023-09-30T20:00:00+00:00,0.06236,0.0626,0.06203,0.06207,14780207.3
1696118400,2023-10-01T00:00:00+00:00,0.06208,0.06217,0.06194,0.06205,8039898.5
1696132800,2023-10-01T04:00:00+00:00,0.06205,0.06231,0.06196,0.06217,4772163.8
1696147200,2023-10-01T08:00:00+00:00,0.06217,0.06285,0.06213,0.06275,17382544.4
1696161600,2023-10-01T12:00:00+00:00,0.06278,0.06287,0.06233,0.06253,14201996.9
1696176000,2023-10-01T16:00:00+00:00,0.06251,0.06252,0.06188,0.06198,11546576.6
1696190400,2023-10-01T20:00:00+00:00,0.06199,0.06356,0.06172,0.06317,45893501.0
1696204800,2023-10-02T00:00:00+00:00,0.06318,0.06367,0.06287,0.06352,33504195.9
1696219200,2023-10-02T04:00:00+00:00,0.0635,0.06353,0.06296,0.0635,23157493.299999997
1696233600,2023-10-02T08:00:00+00:00,0.0635,0.06418,0.06339,0.06363,26421158.900000002
1696248000,2023-10-02T12:00:00+00:00,0.06365,0.06386,0.0625,0.06273,31768635.099999998
1696262400,2023-10-02T16:00:00+00:00,0.06268,0.06281,0.061,0.06219,52610446.1
1696276800,2023-10-02T20:00:00+00:00,0.06215,0.06219,0.06146,0.06202,21382701.3
1696291200,2023-10-03T00:00:00+00:00,0.06203,0.06226,0.06185,0.06217,7611141.4
1696305600,2023-10-03T04:00:00+00:00,0.06215,0.06229,0.06189,0.06191,3811247.0999999996
1696320000,2023-10-03T08:00:00+00:00,0.06191,0.06212,0.06167,0.0618,4178314.8
1696334400,2023-10-03T12:00:00+00:00,0.0618,0.06199,0.06124,0.06147,12565470.299999999
1696348800,2023-10-03T16:00:00+00:00,0.06147,0.06164,0.06119,0.06128,8048979.4
1696363200,2023-10-03T20:00:00+00:00,0.0613,0.06156,0.06108,0.06139,14918171.5
1696377600,2023-10-04T00:00:00+00:00,0.06136,0.06137,0.06002,0.06087,30898570.4
1696392000,2023-10-04T04:00:00+00:00,0.06086,0.06115,0.06072,0.06109,6159595.3
1696406400,2023-10-04T08:00:00+00:00,0.06108,0.06125,0.06101,0.06107,4907600.5
1696420800,2023-10-04T12:00:00+00:00,0.06108,0.06122,0.06065,0.06081,13364895.0
1696435200,2023-10-04T16:00:00+00:00,0.06083,0.06135,0.06078,0.06108,10436191.0
1696449600,2023-10-04T20:00:00+00:00,0.06108,0.06159,0.06101,0.06146,5386538.9
1696464000,2023-10-05T00:00:00+00:00,0.06147,0.06165,0.06106,0.06108,8252857.4
1696478400,2023-10-05T04:00:00+00:00,0.06108,0.06119,0.06086,0.06098,3696186.8
1696492800,2023-10-05T08:00:00+00:00,0.06098,0.06118,0.06094,0.06102,5977454.3
1696507200,2023-10-05T12:00:00+00:00,0.06101,0.06138,0.06061,0.06085,19259194.9
1696521600,2023-10-05T16:00:00+00:00,0.06086,0.0612,0.06079,0.06112,9539044.6
1696536000,2023-10-05T20:00:00+00:00,0.06112,0.0612,0.06084,0.06085,7644970.6
1696550400,2023-10-06T00:00:00+00:00,0.06086,0.06121,0.06086,0.06107,7241157.0
1696564800,2023-10-06T04:00:00+00:00,0.06107,0.06119,0.06094,0.06112,6277965.5
1696579200,2023-10-06T08:00:00+00:00,0.06113,0.06128,0.06104,0.06115,5251854.5
1696593600,2023-10-06T12:00:00+00:00,0.06115,0.06142,0.06071,0.06131,17050873.4
1696608000,2023-10-06T16:00:00+00:00,0.06131,0.06148,0.06113,0.06131,13054186.3
1696622400,2023-10-06T20:00:00+00:00,0.06131,0.0616,0.06127,0.0614,10287626.099999998
1696636800,2023-10-07T00:00:00+00:00,0.06141,0.06167,0.06136,0.06158,7752246.4
1696651200,2023-10-07T04:00:00+00:00,0.06157,0.06169,0.06138,0.06142,4512547.0
1696665600,2023-10-07T08:00:00+00:00,0.06141,0.06155,0.06135,0.06139,3060487.0
1696680000,2023-10-07T12:00:00+00:00,0.0614,0.06146,0.06128,0.06137,4999837.4
1696694400,2023-10-07T16:00:00+00:00,0.06136,0.06137,0.06106,0.06111,5371027.600000001
1696708800,2023-10-07T20:00:00+00:00,0.06111,0.06155,0.0611,0.06146,6891084.2
1696723200,2023-10-08T00:00:00+00:00,0.06147,0.06165,0.06144,0.06162,5177287.9
1696737600,2023-10-08T04:00:00+00:00,0.0616,0.06164,0.06114,0.0613,4892171.100000001
1696752000,2023-10-08T08:00:00+00:00,0.0613,0.06136,0.06074,0.06099,11740513.0
1696766400,2023-10-08T12:00:00+00:00,0.06098,0.06134,0.06095,0.06116,7378207.7
1696780800,2023-10-08T16:00:00+00:00,0.06117,0.06125,0.06101,0.06104,5687663.699999999
1696795200,2023-10-08T20:00:00+00:00,0.06105,0.06112,0.0608,0.06098,6611197.7
1696809600,2023-10-09T00:00:00+00:00,0.06099,0.06104,0.06072,0.06094,7592512.6
1696824000,2023-10-09T04:00:00+00:00,0.06093,0.06096,0.06007,0.06035,10252284.6
1696838400,2023-10-09T08:00:00+00:00,0.06035,0.06039,0.0569,0.05876,57929060.10000001
1696852800,2023-10-09T12:00:00+00:00,0.05874,0.05916,0.05861,0.05879,28065261.1
1696867200,2023-10-09T16:00:00+00:00,0.05882,0.05902,0.05779,0.05899,38982591.0
1696881600,2023-10-09T20:00:00+00:00,0.05898,0.05904,0.05866,0.05877,7727359.1
1696896000,2023-10-10T00:00:00+00:00,0.05876,0.05917,0.05847,0.05899,8169988.500000001
1696910400,2023-10-10T04:00:00+00:00,0.059,0.05926,0.05884,0.0591,4459416.4
1696924800,2023-10-10T08:00:00+00:00,0.05911,0.05921,0.05865,0.05867,6373104.1
1696939200,2023-10-10T12:00:00+00:00,0.05867,0.05906,0.05853,0.05865,12016338.0
1696953600,2023-10-10T16:00:00+00:00,0.05865,0.05908,0.05857,0.059,12400758.899999999
1696968000,2023-10-10T20:00:00+00:00,0.059,0.05915,0.05857,0.05913,18409080.8
1696982400,2023-10-11T00:00:00+00:00,0.05914,0.05949,0.05811,0.05881,19086856.0
1696996800,2023-10-11T04:00:00+00:00,0.05882,0.05914,0.05873,0.05878,7547850.3
1697011200,2023-10-11T08:00:00+00:00,0.05877,0.0591,0.05864,0.05889,5650827.300000001
1697025600,2023-10-11T12:00:00+00:00,0.05889,0.05898,0.05782,0.05805,21904761.8
1697040000,2023-10-11T16:00:00+00:00,0.05804,0.05818,0.05765,0.05813,17601266.8
1697054400,2023-10-11T20:00:00+00:00,0.05814,0.05853,0.05804,0.05852,8525719.4
1697068800,2023-10-12T00:00:00+00:00,0.05851,0.05854,0.05797,0.05819,5746496.2
1697083200,2023-10-12T04:00:00+00:00,0.05818,0.05848,0.05815,0.05831,4165720.4
1697097600,2023-10-12T08:00:00+00:00,0.05831,0.05833,0.0573,0.05806,13220607.2
1697112000,2023-10-12T12:00:00+00:00,0.05806,0.05816,0.05774,0.05783,11145849.9
1697126400,2023-10-12T16:00:00+00:00,0.05785,0.0579,0.05725,0.05776,19760348.3
1697140800,2023-10-12T20:00:00+00:00,0.05774,0.05793,0.0577,0.05788,3909472.3
1697155200,2023-10-13T00:00:00+00:00,0.05788,0.05811,0.05782,0.05785,5330826.499999999
1697169600,2023-10-13T04:00:00+00:00,0.05784,0.05808,0.05775,0.05796,5504199.6
1697184000,2023-10-13T08:00:00+00:00,0.05795,0.05884,0.05777,0.05844,20089036.6
1697198400,2023-10-13T12:00:00+00:00,0.05844,0.05879,0.05813,0.05826,13852056.8
1697212800,2023-10-13T16:00:00+00:00,0.05827,0.05859,0.05801,0.05811,16008100.0
1697227200,2023-10-13T20:00:00+00:00,0.05811,0.05887,0.0581,0.05839,16819481.0
1697241600,2023-10-14T00:00:00+00:00,0.05839,0.05876,0.05835,0.05863,6033921.199999999
1697256000,2023-10-14T04:00:00+00:00,0.05863,0.05872,0.05834,0.05844,4982488.8
1697270400,2023-10-14T08:00:00+00:00,0.05844,0.05887,0.05841,0.05884,4943046.699999999
1697284800,2023-10-14T12:00:00+00:00,0.05884,0.05967,0.05878,0.05949,12557455.4
1697299200,2023-10-14T16:00:00+00:00,0.05948,0.05958,0.05925,0.05957,8233743.1
1697313600,2023-10-14T20:00:00+00:00,0.05957,0.05998,0.05949,0.05984,12775783.700000001
1697328000,2023-10-15T00:00:00+00:00,0.05984,0.05985,0.05938,0.05947,10477987.6
1697342400,2023-10-15T04:00:00+00:00,0.05948,0.0595,0.05925,0.05932,3728147.1
1697356800,2023-10-15T08:00:00+00:00,0.05933,0.05946,0.05916,0.05919,4799502.7
1697371200,2023-10-15T12:00:00+00:00,0.05918,0.05936,0.05899,0.05934,14445861.3
1697385600,2023-10-15T16:00:00+00:00,0.05935,0.05969,0.05927,0.05947,9395115.3
1697400000,2023-10-15T20:00:00+00:00,0.05946,0.05966,0.05921,0.05931,20221033.000000004
1697414400,2023-10-16T00:00:00+00:00,0.05931,0.05962,0.05924,0.05943,9475845.2
1697428800,2023-10-16T04:00:00+00:00,0.05944,0.06031,0.05925,0.06001,31095606.8
1697443200,2023-10-16T08:00:00+00:00,0.06001,0.06057,0.05968,0.05985,37889844.3
1697457600,2023-10-16T12:00:00+00:00,0.05986,0.06174,0.05911,0.05972,74055209.00000001
1697472000,2023-10-16T16:00:00+00:00,0.05971,0.06031,0.05971,0.06002,22248237.3
1697486400,2023-10-16T20:00:00+00:00,0.06005,0.06024,0.05975,0.06002,12807375.3
1697500800,2023-10-17T00:00:00+00:00,0.06003,0.0602,0.05981,0.05997,9620044.899999999
1697515200,2023-10-17T04:00:00+00:00,0.05997,0.05998,0.05965,0.05991,4026909.5999999996
1697529600,2023-10-17T08:00:00+00:00,0.05992,0.06012,0.05985,0.05991,4993022.0
1697544000,2023-10-17T12:00:00+00:00,0.05991,0.05997,0.05813,0.05918,35628002.5
1697558400,2023-10-17T16:00:00+00:00,0.05919,0.05923,0.0586,0.05898,13739815.1
1697572800,2023-10-17T20:00:00+00:00,0.05899,0.05915,0.05889,0.05906,6395221.6
1697587200,2023-10-18T00:00:00+00:00,0.05905,0.0591,0.05871,0.05897,10856888.1
1697601600,2023-10-18T04:00:00+00:00,0.05897,0.05937,0.05888,0.05896,8570581.200000001
1697616000,2023-10-18T08:00:00+00:00,0.05896,0.05914,0.05875,0.05879,6819203.600000001
1697630400,2023-10-18T12:00:00+00:00,0.05879,0.05885,0.05839,0.05859,8738091.0
1697644800,2023-10-18T16:00:00+00:00,0.05859,0.0587,0.05836,0.05846,7762583.7
1697659200,2023-10-18T20:00:00+00:00,0.05846,0.05899,0.05826,0.05861,11676831.600000001
1697673600,2023-10-19T00:00:00+00:00,0.05861,0.05874,0.05744,0.05821,16789246.400000002
1697688000,2023-10-19T04:00:00+00:00,0.0582,0.05837,0.0581,0.05822,5684356.8
1697702400,2023-10-19T08:00:00+00:00,0.05821,0.05832,0.05802,0.05826,4945847.0
1697716800,2023-10-19T12:00:00+00:00,0.05826,0.05857,0.05815,0.05847,10038867.3
1697731200,2023-10-19T16:00:00+00:00,0.05845,0.05876,0.05828,0.05868,10890629.600000001
1697745600,2023-10-19T20:00:00+00:00,0.05869,0.05894,0.05856,0.05887,14555372.8
1697760000,2023-10-20T00:00:00+00:00,0.05888,0.05966,0.05867,0.05949,18400988.7
1697774400,2023-10-20T04:00:00+00:00,0.0595,0.05959,0.05921,0.05942,11193164.4
1697788800,2023-10-20T08:00:00+00:00,0.05942,0.06052,0.05941,0.05981,18764096.3
1697803200,2023-10-20T12:00:00+00:00,0.05981,0.06011,0.05957,0.05991,18552792.8
1697817600,2023-10-20T16:00:00+00:00,0.05991,0.06034,0.0597,0.06023,19320864.4
1697832000,2023-10-20T20:00:00+00:00,0.06022,0.06029,0.05991,0.05993,8963322.5
1697846400,2023-10-21T00:00:00+00:00,0.05993,0.06004,0.05945,0.05978,6878335.699999999
1697860800,2023-10-21T04:00:00+00:00,0.05979,0.06049,0.05978,0.06046,8284704.8
1697875200,2023-10-21T08:00:00+00:00,0.06045,0.06069,0.06018,0.06043,10033910.4
1697889600,2023-10-21T12:00:00+00:00,0.06044,0.06126,0.06033,0.06123,21617814.0
1697904000,2023-10-21T16:00:00+00:00,0.06123,0.06147,0.06081,0.06103,32662418.9
1697918400,2023-10-21T20:00:00+00:00,0.06104,0.06143,0.06084,0.06121,11583795.9
1697932800,2023-10-22T00:00:00+00:00,0.06121,0.06174,0.06105,0.06128,10991311.599999998
1697947200,2023-10-22T04:00:00+00:00,0.06127,0.06171,0.05982,0.06076,21889574.0
1697961600,2023-10-22T08:00:00+00:00,0.06075,0.06101,0.06047,0.06068,4393028.8
1697976000,2023-10-22T12:00:00+00:00,0.06068,0.06098,0.06053,0.06077,9692309.7
1697990400,2023-10-22T16:00:00+00:00,0.06077,0.06119,0.06072,0.06088,14431059.9
1698004800,2023-10-22T20:00:00+00:00,0.06088,0.06174,0.06069,0.06171,17410428.5
1698019200,2023-10-23T00:00:00+00:00,0.06171,0.06285,0.06131,0.06265,64737219.300000004
1698033600,2023-10-23T04:00:00+00:00,0.06264,0.06316,0.06232,0.06251,32527623.8
1698048000,2023-10-23T08:00:00+00:00,0.06254,0.06547,0.06243,0.06491,114704265.0
1698062400,2023-10-23T12:00:00+00:00,0.06487,0.06559,0.06337,0.06422,93732937.0
1698076800,2023-10-23T16:00:00+00:00,0.06419,0.0645,0.06323,0.06445,61781708.599999994
1698091200,2023-10-23T20:00:00+00:00,0.06445,0.06793,0.06424,0.06744,152009384.7
1698105600,2023-10-24T00:00:00+00:00,0.06746,0.06948,0.06632,0.06759,205233406.3
1698120000,2023-10-24T04:00:00+00:00,0.06759,0.06869,0.06588,0.06652,140622106.2
1698134400,2023-10-24T08:00:00+00:00,0.06652,0.06792,0.06643,0.0679,37281387.7
1698148800,2023-10-24T12:00:00+00:00,0.0679,0.07007,0.06413,0.0657,144139302.6
1698163200,2023-10-24T16:00:00+00:00,0.06569,0.0669,0.06503,0.06661,59197148.2
1698177600,2023-10-24T20:00:00+00:00,0.0666,0.06712,0.06557,0.06657,66332476.900000006
1698192000,2023-10-25T00:00:00+00:00,0.06659,0.06719,0.06572,0.06592,133386630.5
1698206400,2023-10-25T04:00:00+00:00,0.06595,0.06648,0.06463,0.06526,42786580.3
1698220800,2023-10-25T08:00:00+00:00,0.06525,0.06598,0.06485,0.06549,102928733.6
1698235200,2023-10-25T12:00:00+00:00,0.06548,0.06909,0.06548,0.06782,125038901.19999999
1698249600,2023-10-25T16:00:00+00:00,0.06782,0.0689,0.06608,0.06808,147095779.79999998
1698264000,2023-10-25T20:00:00+00:00,0.06808,0.0698,0.06803,0.06835,93152898.39999999
1698278400,2023-10-26T00:00:00+00:00,0.06833,0.07299,0.06783,0.07146,144751174.5
1698292800,2023-10-26T04:00:00+00:00,0.07143,0.07287,0.07001,0.07268,96484951.2
1698307200,2023-10-26T08:00:00+00:00,0.07267,0.07458,0.07089,0.07423,201471744.2
1698321600,2023-10-26T12:00:00+00:00,0.07417,0.07516,0.06936,0.07061,215859174.1
1698336000,2023-10-26T16:00:00+00:00,0.07062,0.07184,0.06991,0.07151,91630310.1
1698350400,2023-10-26T20:00:00+00:00,0.07151,0.07243,0.07124,0.07186,62727128.199999996
1698364800,2023-10-27T00:00:00+00:00,0.07186,0.07242,0.07028,0.07164,72417610.30000001
1698379200,2023-10-27T04:00:00+00:00,0.07164,0.07164,0.07003,0.07008,37229285.099999994
1698393600,2023-10-27T08:00:00+00:00,0.07008,0.0716,0.07005,0.07156,44986046.8
1698408000,2023-10-27T12:00:00+00:00,0.07153,0.07186,0.06977,0.07044,58319925.099999994
1698422400,2023-10-27T16:00:00+00:00,0.07044,0.07056,0.06724,0.06829,110676232.69999999
1698436800,2023-10-27T20:00:00+00:00,0.06828,0.06841,0.06735,0.06778,44188117.0
1698451200,2023-10-28T00:00:00+00:00,0.06778,0.06851,0.06752,0.06849,32403285.1
1698465600,2023-10-28T04:00:00+00:00,0.06851,0.06898,0.06833,0.06874,19064952.1
1698480000,2023-10-28T08:00:00+00:00,0.06872,0.06982,0.06849,0.06911,41951100.900000006
1698494400,2023-10-28T12:00:00+00:00,0.06912,0.0693,0.06829,0.06898,27864060.3
1698508800,2023-10-28T16:00:00+00:00,0.06898,0.06899,0.06834,0.0684,18296395.4
1698523200,2023-10-28T20:00:00+00:00,0.0684,0.06951,0.06837,0.06904,27343189.200000003
1698537600,2023-10-29T00:00:00+00:00,0.06904,0.06914,0.06724,0.0682,39805406.2
1698552000,2023-10-29T04:00:00+00:00,0.06819,0.06866,0.06805,0.06852,23775928.9
1698566400,2023-10-29T08:00:00+00:00,0.0685,0.06911,0.06842,0.06893,25747627.8
1698580800,2023-10-29T12:00:00+00:00,0.06894,0.06963,0.06874,0.06945,35299177.599999994
1698595200,2023-10-29T16:00:00+00:00,0.06947,0.0698,0.069,0.06945,22487728.099999998
1698609600,2023-10-29T20:00:00+00:00,0.06946,0.07019,0.0692,0.06937,27215275.0
1698624000,2023-10-30T00:00:00+00:00,0.06937,0.06955,0.06838,0.06866,27299115.6
1698638400,2023-10-30T04:00:00+00:00,0.06867,0.06894,0.06816,0.06862,18979148.900000002
1698652800,2023-10-30T08:00:00+00:00,0.06862,0.0697,0.0685,0.06955,23333113.8
1698667200,2023-10-30T12:00:00+00:00,0.06957,0.07041,0.0692,0.06979,41305477.2
1698681600,2023-10-30T16:00:00+00:00,0.06977,0.06984,0.06779,0.06941,51327958.5
1698696000,2023-10-30T20:00:00+00:00,0.06942,0.06979,0.0692,0.06962,24622363.4
1698710400,2023-10-31T00:00:00+00:00,0.06961,0.07003,0.06893,0.06899,36555929.5
1698724800,2023-10-31T04:00:00+00:00,0.069,0.06947,0.0684,0.06856,25128815.099999998
1698739200,2023-10-31T08:00:00+00:00,0.06855,0.07038,0.06791,0.07024,37148603.3
1698753600,2023-10-31T12:00:00+00:00,0.07024,0.07087,0.06568,0.06724,131814760.4
1698768000,2023-10-31T16:00:00+00:00,0.06723,0.0683,0.06687,0.06819,43215063.8
1698782400,2023-10-31T20:00:00+00:00,0.06817,0.06869,0.06777,0.06828,33818233.9
1698796800,2023-11-01T00:00:00+00:00,0.06827,0.06856,0.06732,0.06747,37693015.099999994
1698811200,2023-11-01T04:00:00+00:00,0.06748,0.06755,0.06644,0.06688,29432408.400000002
1698825600,2023-11-01T08:00:00+00:00,0.06685,0.06703,0.06612,0.0668,30202444.0
1698840000,2023-11-01T12:00:00+00:00,0.06681,0.068,0.0657,0.0662,89165136.0
1698854400,2023-11-01T16:00:00+00:00,0.06615,0.06917,0.06597,0.06841,177286886.89999998
1698868800,2023-11-01T20:00:00+00:00,0.06842,0.0698,0.06842,0.06896,126280360.2
1698883200,2023-11-02T00:00:00+00:00,0.06895,0.06999,0.06873,0.06956,72426139.80000001
1698897600,2023-11-02T04:00:00+00:00,0.06956,0.06988,0.06843,0.06976,67633413.3
1698912000,2023-11-02T08:00:00+00:00,0.06976,0.0709,0.06903,0.06948,67412819.6
1698926400,2023-11-02T12:00:00+00:00,0.06944,0.06964,0.06723,0.06747,89523409.0
1698940800,2023-11-02T16:00:00+00:00,0.06746,0.06838,0.06663,0.06835,56091324.9
1698955200,2023-11-02T20:00:00+00:00,0.06834,0.06839,0.06745,0.06791,33104052.599999998
1698969600,2023-11-03T00:00:00+00:00,0.0679,0.06809,0.06629,0.06731,81285959.4
1698984000,2023-11-03T04:00:00+00:00,0.06732,0.06775,0.06684,0.06752,20833034.099999998
1698998400,2023-11-03T08:00:00+00:00,0.06747,0.06776,0.06657,0.0671,30951428.1
1699012800,2023-11-03T12:00:00+00:00,0.0671,0.06786,0.06696,0.06774,44373404.6
1699027200,2023-11-03T16:00:00+00:00,0.06775,0.0679,0.06712,0.0676,36035576.5
1699041600,2023-11-03T20:00:00+00:00,0.06759,0.06829,0.06753,0.06811,26565026.7
1699056000,2023-11-04T00:00:00+00:00,0.06809,0.06881,0.06795,0.06872,39973254.5
1699070400,2023-11-04T04:00:00+00:00,0.06876,0.0691,0.06834,0.06877,35618905.199999996
1699084800,2023-11-04T08:00:00+00:00,0.06877,0.06903,0.06848,0.06872,23886202.2
1699099200,2023-11-04T12:00:00+00:00,0.06869,0.06879,0.06794,0.0683,27508787.900000002
1699113600,2023-11-04T16:00:00+00:00,0.06832,0.06852,0.06822,0.06833,19878091.8
1699128000,2023-11-04T20:00:00+00:00,0.06833,0.06931,0.06825,0.06911,28683887.299999997
1699142400,2023-11-05T00:00:00+00:00,0.06911,0.06996,0.06888,0.06995,39862851.7
1699156800,2023-11-05T04:00:00+00:00,0.06993,0.07007,0.06917,0.06963,40123025.4
1699171200,2023-11-05T08:00:00+00:00,0.06961,0.07113,0.06912,0.07065,44548393.7
1699185600,2023-11-05T12:00:00+00:00,0.07065,0.07178,0.06926,0.06996,72524390.9
1699200000,2023-11-05T16:00:00+00:00,0.06994,0.0714,0.06986,0.07085,54558837.0
1699214400,2023-11-05T20:00:00+00:00,0.07086,0.07158,0.06982,0.07111,76359953.3
1699228800,2023-11-06T00:00:00+00:00,0.07112,0.0732,0.07076,0.07181,94884514.7
1699243200,2023-11-06T04:00:00+00:00,0.07181,0.07186,0.07031,0.07139,43243876.4
1699257600,2023-11-06T08:00:00+00:00,0.07138,0.07291,0.0709,0.07265,44788901.900000006
1699272000,2023-11-06T12:00:00+00:00,0.07266,0.07488,0.07215,0.0738,122269857.1
1699286400,2023-11-06T16:00:00+00:00,0.07382,0.0767,0.07321,0.07607,253873455.49999997
1699300800,2023-11-06T20:00:00+00:00,0.07609,0.07656,0.07454,0.07641,93693136.99999999
1699315200,2023-11-07T00:00:00+00:00,0.07637,0.07652,0.07344,0.07463,130201980.5
1699329600,2023-11-07T04:00:00+00:00,0.07463,0.07556,0.07391,0.0755,52131944.3
1699344000,2023-11-07T08:00:00+00:00,0.07547,0.07591,0.07283,0.07354,78208811.3
1699358400,2023-11-07T12:00:00+00:00,0.07352,0.07401,0.07153,0.07229,86789925.1
1699372800,2023-11-07T16:00:00+00:00,0.07229,0.07424,0.07153,0.07387,226792194.3
1699387200,2023-11-07T20:00:00+00:00,0.07389,0.07453,0.07308,0.0734,66127206.699999996
1699401600,2023-11-08T00:00:00+00:00,0.07345,0.07421,0.07281,0.07369,46935281.599999994
1699416000,2023-11-08T04:00:00+00:00,0.0737,0.07406,0.07306,0.07371,34600574.5
1699430400,2023-11-08T08:00:00+00:00,0.0737,0.07502,0.07356,0.07443,50152163.400000006
1699444800,2023-11-08T12:00:00+00:00,0.07445,0.07473,0.07337,0.07404,42660617.1
1699459200,2023-11-08T16:00:00+00:00,0.07402,0.07712,0.07379,0.07545,133645934.19999999
1699473600,2023-11-08T20:00:00+00:00,0.07547,0.07587,0.07467,0.07536,56105948.7
1699488000,2023-11-09T00:00:00+00:00,0.07538,0.07658,0.07486,0.07627,63304563.2
1699502400,2023-11-09T04:00:00+00:00,0.07627,0.07713,0.07578,0.0758,50067168.5
1699516800,2023-11-09T08:00:00+00:00,0.07582,0.07652,0.07515,0.07583,32559536.2
1699531200,2023-11-09T12:00:00+00:00,0.07583,0.07795,0.07516,0.07571,140734047.6
1699545600,2023-11-09T16:00:00+00:00,0.07569,0.07618,0.06928,0.07135,211008412.1
1699560000,2023-11-09T20:00:00+00:00,0.07134,0.07364,0.07028,0.07356,67798081.6
1699574400,2023-11-10T00:00:00+00:00,0.07357,0.07452,0.07314,0.0737,60743874.3
1699588800,2023-11-10T04:00:00+00:00,0.07372,0.07494,0.07352,0.07438,41408202.400000006
1699603200,2023-11-10T08:00:00+00:00,0.07432,0.07467,0.07318,0.07458,35233054.4
1699617600,2023-11-10T12:00:00+00:00,0.0746,0.07464,0.07244,0.07326,85586729.5
1699632000,2023-11-10T16:00:00+00:00,0.07326,0.07453,0.07323,0.07395,50487316.39999999
1699646400,2023-11-10T20:00:00+00:00,0.07396,0.07566,0.07381,0.07544,84622128.30000001
1699660800,2023-11-11T00:00:00+00:00,0.07543,0.07698,0.07501,0.07522,137005461.2
1699675200,2023-11-11T04:00:00+00:00,0.0752,0.07994,0.07453,0.07854,279645427.0
1699689600,2023-11-11T08:00:00+00:00,0.07855,0.08174,0.07745,0.0799,136162083.7
1699704000,2023-11-11T12:00:00+00:00,0.07984,0.082,0.07924,0.08013,149958957.3
1699718400,2023-11-11T16:00:00+00:00,0.08015,0.08107,0.07861,0.08033,131816014.5
1699732800,2023-11-11T20:00:00+00:00,0.0803,0.08032,0.077,0.07852,108213061.9
1699747200,2023-11-12T00:00:00+00:00,0.07852,0.07893,0.07512,0.07793,110583006.4
1699761600,2023-11-12T04:00:00+00:00,0.0779,0.07961,0.07704,0.07948,66869947.0
1699776000,2023-11-12T08:00:00+00:00,0.07946,0.08038,0.07873,0.07915,57106517.5
1699790400,2023-11-12T12:00:00+00:00,0.07912,0.07926,0.07776,0.07852,54939968.7
1699804800,2023-11-12T16:00:00+00:00,0.07853,0.07871,0.07688,0.07809,65646621.699999996
1699819200,2023-11-12T20:00:00+00:00,0.07811,0.07875,0.07733,0.07799,44997368.599999994
1699833600,2023-11-13T00:00:00+00:00,0.07795,0.07964,0.07615,0.07655,110048371.9
1699848000,2023-11-13T04:00:00+00:00,0.07654,0.07752,0.07609,0.07723,64097518.5
1699862400,2023-11-13T08:00:00+00:00,0.07723,0.07875,0.07659,0.07716,79397418.9
1699876800,2023-11-13T12:00:00+00:00,0.07717,0.07811,0.07521,0.0771,105762969.9
1699891200,2023-11-13T16:00:00+00:00,0.07708,0.07783,0.07528,0.07657,83853718.8
1699905600,2023-11-13T20:00:00+00:00,0.07657,0.07718,0.07348,0.07456,154613065.7
1699920000,2023-11-14T00:00:00+00:00,0.07457,0.07504,0.07251,0.0749,79535684.6
1699934400,2023-11-14T04:00:00+00:00,0.0749,0.07528,0.07446,0.07518,26589498.0
1699948800,2023-11-14T08:00:00+00:00,0.07516,0.07555,0.0726,0.07338,55819903.9
1699963200,2023-11-14T12:00:00+00:00,0.07338,0.07551,0.07282,0.07398,109200104.30000001
1699977600,2023-11-14T16:00:00+00:00,0.07398,0.07447,0.069,0.07154,147802427.29999998
1699992000,2023-11-14T20:00:00+00:00,0.07155,0.07284,0.07137,0.07245,50165354.3
1700006400,2023-11-15T00:00:00+00:00,0.07242,0.07308,0.07228,0.07257,32816701.799999997
1700020800,2023-11-15T04:00:00+00:00,0.07256,0.07383,0.07256,0.07363,31650349.499999996
1700035200,2023-11-15T08:00:00+00:00,0.07364,0.07486,0.07341,0.07469,37870186.6
1700049600,2023-11-15T12:00:00+00:00,0.07465,0.07489,0.07389,0.07444,49807572.5
1700064000,2023-11-15T16:00:00+00:00,0.07445,0.07551,0.07357,0.07533,96028077.0
1700078400,2023-11-15T20:00:00+00:00,0.0753,0.07657,0.07483,0.07626,57313371.800000004
1700092800,2023-11-16T00:00:00+00:00,0.07628,0.07737,0.07598,0.07683,71434865.3
1700107200,2023-11-16T04:00:00+00:00,0.07682,0.07998,0.07636,0.07943,87873164.0
1700121600,2023-11-16T08:00:00+00:00,0.07941,0.08342,0.07661,0.08098,206505350.90000004
1700136000,2023-11-16T12:00:00+00:00,0.08099,0.08113,0.07597,0.0769,217636146.3
1700150400,2023-11-16T16:00:00+00:00,0.07692,0.08099,0.07651,0.07962,176351878.4
1700164800,2023-11-16T20:00:00+00:00,0.07966,0.08198,0.07707,0.0796,185267487.40000004
1700179200,2023-11-17T00:00:00+00:00,0.07949,0.082,0.0791,0.08094,222715869.4
1700193600,2023-11-17T04:00:00+00:00,0.08094,0.08362,0.08066,0.08265,243865078.70000002
1700208000,2023-11-17T08:00:00+00:00,0.08264,0.08752,0.08207,0.08384,373083268.0
1700222400,2023-11-17T12:00:00+00:00,0.0839,0.0848,0.07928,0.08002,304113510.5
1700236800,2023-11-17T16:00:00+00:00,0.08003,0.08415,0.07934,0.08292,174061451.7
1700251200,2023-11-17T20:00:00+00:00,0.08294,0.08791,0.08214,0.08678,189023931.0
1700265600,2023-11-18T00:00:00+00:00,0.08678,0.08695,0.08385,0.08474,192412645.0
1700280000,2023-11-18T04:00:00+00:00,0.08473,0.0857,0.08046,0.08362,164566369.5
1700294400,2023-11-18T08:00:00+00:00,0.08362,0.08521,0.08326,0.08477,97913077.6
1700308800,2023-11-18T12:00:00+00:00,0.08483,0.08597,0.07924,0.08107,231087422.3
1700323200,2023-11-18T16:00:00+00:00,0.08106,0.08173,0.07953,0.08146,94157600.0
1700337600,2023-11-18T20:00:00+00:00,0.0815,0.08154,0.08004,0.08032,40568430.4
1700352000,2023-11-19T00:00:00+00:00,0.08032,0.08032,0.07745,0.07877,91318166.0
1700366400,2023-11-19T04:00:00+00:00,0.07875,0.07956,0.07808,0.07941,53777410.8
1700380800,2023-11-19T08:00:00+00:00,0.07943,0.07984,0.07769,0.07821,41490549.9
1700395200,2023-11-19T12:00:00+00:00,0.0782,0.0788,0.07762,0.07841,52821150.800000004
1700409600,2023-11-19T16:00:00+00:00,0.07841,0.08055,0.07818,0.08052,77994665.8
1700424000,2023-11-19T20:00:00+00:00,0.08053,0.08072,0.07932,0.08052,77850323.30000001
1700438400,2023-11-20T00:00:00+00:00,0.08052,0.08064,0.07953,0.07998,44420425.4
1700452800,2023-11-20T04:00:00+00:00,0.07998,0.08133,0.07981,0.08104,36950466.1
1700467200,2023-11-20T08:00:00+00:00,0.08102,0.08172,0.08023,0.0817,53065896.8
1700481600,2023-11-20T12:00:00+00:00,0.08173,0.08225,0.0788,0.08052,100463960.3
1700496000,2023-11-20T16:00:00+00:00,0.08049,0.08136,0.07917,0.07965,101175171.50000001
1700510400,2023-11-20T20:00:00+00:00,0.07962,0.07971,0.077,0.07773,143021823.7
1700524800,2023-11-21T00:00:00+00:00,0.07773,0.07879,0.07666,0.07736,78473557.60000001
1700539200,2023-11-21T04:00:00+00:00,0.07737,0.07743,0.07608,0.07628,48035393.7
1700553600,2023-11-21T08:00:00+00:00,0.07631,0.07756,0.07614,0.07689,40158427.5
1700568000,2023-11-21T12:00:00+00:00,0.07687,0.07724,0.07376,0.07602,177559586.9
1700582400,2023-11-21T16:00:00+00:00,0.07594,0.0764,0.07293,0.07468,158050522.6
1700596800,2023-11-21T20:00:00+00:00,0.07469,0.07575,0.07076,0.07178,147183323.7
1700611200,2023-11-22T00:00:00+00:00,0.07178,0.07447,0.07156,0.07436,53465923.99999999
1700625600,2023-11-22T04:00:00+00:00,0.07434,0.07463,0.074,0.07422,41739602.2
1700640000,2023-11-22T08:00:00+00:00,0.07425,0.07475,0.07407,0.07427,21269544.6
1700654400,2023-11-22T12:00:00+00:00,0.0743,0.07504,0.07385,0.0742,35696514.5
1700668800,2023-11-22T16:00:00+00:00,0.07422,0.07622,0.07409,0.07581,169700172.8
1700683200,2023-11-22T20:00:00+00:00,0.07584,0.07663,0.07522,0.07577,53172425.1
1700697600,2023-11-23T00:00:00+00:00,0.07577,0.07631,0.07532,0.07601,27781102.299999997
1700712000,2023-11-23T04:00:00+00:00,0.07601,0.07628,0.07566,0.07578,21532509.199999996
1700726400,2023-11-23T08:00:00+00:00,0.07578,0.07639,0.07545,0.07582,27913064.3
1700740800,2023-11-23T12:00:00+00:00,0.07578,0.07598,0.07495,0.07504,28226598.700000003
1700755200,2023-11-23T16:00:00+00:00,0.07506,0.07612,0.07503,0.07575,20674584.200000003
1700769600,2023-11-23T20:00:00+00:00,0.07575,0.0764,0.07571,0.07623,19430960.299999997
1700784000,2023-11-24T00:00:00+00:00,0.07624,0.0774,0.07606,0.0771,37859309.400000006
1700798400,2023-11-24T04:00:00+00:00,0.07712,0.07787,0.07681,0.07776,22621623.9
1700812800,2023-11-24T08:00:00+00:00,0.07776,0.07837,0.07731,0.07742,35965577.0
1700827200,2023-11-24T12:00:00+00:00,0.07742,0.07821,0.07697,0.07796,50626006.2
1700841600,2023-11-24T16:00:00+00:00,0.07796,0.07819,0.07719,0.07741,55084267.4
1700856000,2023-11-24T20:00:00+00:00,0.07742,0.07874,0.0773,0.07823,49672263.4
1700870400,2023-11-25T00:00:00+00:00,0.07825,0.0792,0.0778,0.07912,46591634.0
1700884800,2023-11-25T04:00:00+00:00,0.07908,0.07915,0.07833,0.07892,14774207.0
1700899200,2023-11-25T08:00:00+00:00,0.07891,0.07907,0.07757,0.07801,18283928.7
1700913600,2023-11-25T12:00:00+00:00,0.07799,0.07849,0.07781,0.0784,20342889.700000003
1700928000,2023-11-25T16:00:00+00:00,0.0784,0.07922,0.0783,0.07866,29963630.200000003
1700942400,2023-11-25T20:00:00+00:00,0.07867,0.07902,0.07828,0.07898,19372727.3
1700956800,2023-11-26T00:00:00+00:00,0.07902,0.07903,0.07814,0.07837,18819451.8
1700971200,2023-11-26T04:00:00+00:00,0.07837,0.07875,0.0782,0.07829,17410725.2
1700985600,2023-11-26T08:00:00+00:00,0.07829,0.07832,0.07769,0.07777,13695041.000000002
1701000000,2023-11-26T12:00:00+00:00,0.07775,0.07805,0.07715,0.07732,50862764.5
1701014400,2023-11-26T16:00:00+00:00,0.07732,0.07757,0.0756,0.07704,59385362.4
1701028800,2023-11-26T20:00:00+00:00,0.07706,0.07892,0.07692,0.07872,35337359.0
1701043200,2023-11-27T00:00:00+00:00,0.07869,0.08049,0.07768,0.0783,71761629.8
1701057600,2023-11-27T04:00:00+00:00,0.07831,0.08151,0.07821,0.08091,133135675.10000001
1701072000,2023-11-27T08:00:00+00:00,0.08087,0.08148,0.07829,0.07927,54508941.900000006
1701086400,2023-11-27T12:00:00+00:00,0.0793,0.07949,0.07701,0.0772,70972746.5
1701100800,2023-11-27T16:00:00+00:00,0.07721,0.07876,0.07692,0.07748,57576301.599999994
1701115200,2023-11-27T20:00:00+00:00,0.07747,0.07885,0.0768,0.07883,35463489.9
1701129600,2023-11-28T00:00:00+00:00,0.07884,0.07931,0.07788,0.07808,33515353.3
1701144000,2023-11-28T04:00:00+00:00,0.0781,0.07835,0.07673,0.07733,34323311.7
1701158400,2023-11-28T08:00:00+00:00,0.0773,0.07817,0.07686,0.07805,15039732.0
1701172800,2023-11-28T12:00:00+00:00,0.07806,0.08043,0.07754,0.08001,108530445.1
1701187200,2023-11-28T16:00:00+00:00,0.08004,0.08097,0.07959,0.08032,110630006.3
1701201600,2023-11-28T20:00:00+00:00,0.08035,0.08123,0.08,0.08086,59228901.3
1701216000,2023-11-29T00:00:00+00:00,0.08086,0.08126,0.08032,0.08066,50918779.699999996
1701230400,2023-11-29T04:00:00+00:00,0.08067,0.08136,0.08056,0.08102,33101864.599999998
1701244800,2023-11-29T08:00:00+00:00,0.08097,0.08142,0.07964,0.08141,37166077.0
1701259200,2023-11-29T12:00:00+00:00,0.08143,0.08317,0.08002,0.08029,130253358.30000001
1701273600,2023-11-29T16:00:00+00:00,0.08029,0.08149,0.07977,0.08139,53226468.99999999
1701288000,2023-11-29T20:00:00+00:00,0.08138,0.08141,0.08033,0.08051,38073475.1
1701302400,2023-11-30T00:00:00+00:00,0.08046,0.08168,0.0804,0.08148,44351996.7
1701316800,2023-11-30T04:00:00+00:00,0.08147,0.08198,0.08114,0.08167,30820781.200000003
1701331200,2023-11-30T08:00:00+00:00,0.08166,0.08285,0.08131,0.0818,50655089.3
1701345600,2023-11-30T12:00:00+00:00,0.08182,0.08302,0.08141,0.08238,108213040.8
1701360000,2023-11-30T16:00:00+00:00,0.08238,0.08441,0.08215,0.0841,125225859.3
1701374400,2023-11-30T20:00:00+00:00,0.08409,0.08426,0.08275,0.08343,59984850.900000006
1701388800,2023-12-01T00:00:00+00:00,0.08344,0.08414,0.08226,0.08409,65457302.1
1701403200,2023-12-01T04:00:00+00:00,0.08409,0.0851,0.08376,0.08422,77921373.10000001
1701417600,2023-12-01T08:00:00+00:00,0.08423,0.0846,0.08373,0.08384,49072937.4
1701432000,2023-12-01T12:00:00+00:00,0.08384,0.08389,0.08259,0.08297,74505893.19999999
1701446400,2023-12-01T16:00:00+00:00,0.08298,0.08387,0.08273,0.08347,57628455.900000006
1701460800,2023-12-01T20:00:00+00:00,0.08347,0.08417,0.08321,0.08388,71011523.7
1701475200,2023-12-02T00:00:00+00:00,0.08386,0.08444,0.08363,0.08428,46719536.5
1701489600,2023-12-02T04:00:00+00:00,0.08428,0.0845,0.08381,0.08382,21302831.799999997
1701504000,2023-12-02T08:00:00+00:00,0.08382,0.08438,0.08368,0.08388,15646611.8
1701518400,2023-12-02T12:00:00+00:00,0.0839,0.08463,0.08327,0.08439,33391758.0
1701532800,2023-12-02T16:00:00+00:00,0.08439,0.08596,0.08374,0.08579,69666726.6
1701547200,2023-12-02T20:00:00+00:00,0.08579,0.08666,0.08557,0.08623,65435821.4
1701561600,2023-12-03T00:00:00+00:00,0.08622,0.08744,0.08526,0.08588,88457794.2
1701576000,2023-12-03T04:00:00+00:00,0.08587,0.086,0.08504,0.08547,38511211.5
1701590400,2023-12-03T08:00:00+00:00,0.08546,0.08554,0.08452,0.08482,25533624.299999997
1701604800,2023-12-03T12:00:00+00:00,0.08483,0.08503,0.08364,0.08402,37111150.3
1701619200,2023-12-03T16:00:00+00:00,0.08402,0.08554,0.08376,0.0854,44748535.5
1701633600,2023-12-03T20:00:00+00:00,0.08539,0.08639,0.08457,0.08576,92282427.2
1701648000,2023-12-04T00:00:00+00:00,0.08575,0.08691,0.08533,0.08636,105046643.0
1701662400,2023-12-04T04:00:00+00:00,0.08638,0.09098,0.08638,0.09052,215764552.99999997
1701676800,2023-12-04T08:00:00+00:00,0.09053,0.09081,0.08544,0.08756,166066982.5
1701691200,2023-12-04T12:00:00+00:00,0.08761,0.0896,0.08618,0.08936,130506004.99999999
1701705600,2023-12-04T16:00:00+00:00,0.08936,0.0894,0.08822,0.08888,69024812.2
1701720000,2023-12-04T20:00:00+00:00,0.08888,0.09256,0.08849,0.09189,181601901.2
1701734400,2023-12-05T00:00:00+00:00,0.09189,0.09235,0.08914,0.09017,103207580.5
1701748800,2023-12-05T04:00:00+00:00,0.09017,0.09034,0.0875,0.08842,82038228.30000001
1701763200,2023-12-05T08:00:00+00:00,0.08844,0.08887,0.08748,0.0887,50558385.599999994
1701777600,2023-12-05T12:00:00+00:00,0.08869,0.0903,0.08861,0.08981,101875519.2
1701792000,2023-12-05T16:00:00+00:00,0.0898,0.09579,0.08935,0.09481,319609399.3
1701806400,2023-12-05T20:00:00+00:00,0.09482,0.09516,0.0925,0.09436,185673564.2
1701820800,2023-12-06T00:00:00+00:00,0.09441,0.09667,0.09342,0.095,147810523.9
1701835200,2023-12-06T04:00:00+00:00,0.09499,0.10645,0.09494,0.10266,469382262.5
1701849600,2023-12-06T08:00:00+00:00,0.10266,0.10427,0.098,0.10008,316894883.7
1701864000,2023-12-06T12:00:00+00:00,0.10006,0.10461,0.09985,0.10076,344507516.29999995
1701878400,2023-12-06T16:00:00+00:00,0.10074,0.1013,0.09805,0.09922,161410589.3
1701892800,2023-12-06T20:00:00+00:00,0.09924,0.0995,0.09432,0.09489,195594538.79999998
1701907200,2023-12-07T00:00:00+00:00,0.09489,0.09787,0.09461,0.09717,127418301.4
1701921600,2023-12-07T04:00:00+00:00,0.09716,0.09831,0.09644,0.09765,92774823.1
1701936000,2023-12-07T08:00:00+00:00,0.09764,0.09802,0.09298,0.09453,141711876.4
1701950400,2023-12-07T12:00:00+00:00,0.09451,0.09686,0.09382,0.09629,68790760.80000001
1701964800,2023-12-07T16:00:00+00:00,0.09628,0.09717,0.09395,0.09403,144634346.9
1701979200,2023-12-07T20:00:00+00:00,0.09401,0.0962,0.09293,0.09594,98874142.9
1701993600,2023-12-08T00:00:00+00:00,0.09597,0.09697,0.09559,0.09662,58091244.60000001
1702008000,2023-12-08T04:00:00+00:00,0.09661,0.09819,0.09604,0.09747,63297498.5
1702022400,2023-12-08T08:00:00+00:00,0.09746,0.09802,0.09645,0.09785,53098711.1
1702036800,2023-12-08T12:00:00+00:00,0.09785,0.09874,0.09706,0.09789,110305406.5
1702051200,2023-12-08T16:00:00+00:00,0.09789,0.10062,0.09748,0.10034,114025903.9
1702065600,2023-12-08T20:00:00+00:00,0.10035,0.10428,0.09998,0.1017,173132423.9
1702080000,2023-12-09T00:00:00+00:00,0.10171,0.10329,0.10085,0.10291,89506753.2
1702094400,2023-12-09T04:00:00+00:00,0.1029,0.10493,0.10239,0.10474,74368403.1
1702108800,2023-12-09T08:00:00+00:00,0.10476,0.10486,0.10059,0.10188,86136398.2
1702123200,2023-12-09T12:00:00+00:00,0.10186,0.1026,0.09924,0.10123,97552112.8
1702137600,2023-12-09T16:00:00+00:00,0.10123,0.1025,0.09864,0.10028,72668395.9
1702152000,2023-12-09T20:00:00+00:00,0.1003,0.10089,0.09751,0.09851,62946505.400000006
1702166400,2023-12-10T00:00:00+00:00,0.09853,0.10036,0.09853,0.10025,30212353.7
1702180800,2023-12-10T04:00:00+00:00,0.10025,0.10179,0.09916,0.10005,51860917.900000006
1702195200,2023-12-10T08:00:00+00:00,0.10004,0.1002,0.09666,0.09838,50300215.400000006
1702209600,2023-12-10T12:00:00+00:00,0.09838,0.10096,0.09829,0.10073,46165594.3
1702224000,2023-12-10T16:00:00+00:00,0.10072,0.10251,0.09971,0.10204,77525415.30000001
1702238400,2023-12-10T20:00:00+00:00,0.10201,0.10277,0.10119,0.10187,51921316.400000006
1702252800,2023-12-11T00:00:00+00:00,0.10184,0.10731,0.09282,0.10085,277693792.9
1702267200,2023-12-11T04:00:00+00:00,0.10085,0.10257,0.09624,0.09694,150213120.5
1702281600,2023-12-11T08:00:00+00:00,0.09691,0.09937,0.096,0.09886,62352813.0
1702296000,2023-12-11T12:00:00+00:00,0.09884,0.09892,0.09407,0.09531,207626397.4
1702310400,2023-12-11T16:00:00+00:00,0.09531,0.09551,0.09093,0.09372,142577047.3
1702324800,2023-12-11T20:00:00+00:00,0.09372,0.0951,0.093,0.09414,55180846.800000004
1702339200,2023-12-12T00:00:00+00:00,0.09411,0.09804,0.09402,0.09619,83410579.30000001
1702353600,2023-12-12T04:00:00+00:00,0.09619,0.09716,0.09458,0.09684,48359200.1
1702368000,2023-12-12T08:00:00+00:00,0.09686,0.09748,0.09522,0.09527,37033049.7
1702382400,2023-12-12T12:00:00+00:00,0.09531,0.09677,0.09315,0.09405,87445284.5
1702396800,2023-12-12T16:00:00+00:00,0.09403,0.09432,0.0911,0.09247,114886337.10000001
1702411200,2023-12-12T20:00:00+00:00,0.09248,0.09407,0.09155,0.09377,45498937.099999994
1702425600,2023-12-13T00:00:00+00:00,0.09377,0.09442,0.09008,0.09102,83303639.60000001
1702440000,2023-12-13T04:00:00+00:00,0.09096,0.09211,0.08978,0.09148,44794040.0
1702454400,2023-12-13T08:00:00+00:00,0.09153,0.09312,0.09145,0.09208,33353068.9
1702468800,2023-12-13T12:00:00+00:00,0.0921,0.09358,0.09181,0.09296,57952505.8
1702483200,2023-12-13T16:00:00+00:00,0.09298,0.09542,0.09232,0.09495,109236103.4
1702497600,2023-12-13T20:00:00+00:00,0.09498,0.0976,0.09476,0.09643,94613743.9
1702512000,2023-12-14T00:00:00+00:00,0.09643,0.09678,0.09522,0.09569,48468823.599999994
1702526400,2023-12-14T04:00:00+00:00,0.09568,0.097,0.0952,0.0964,30639423.0
1702540800,2023-12-14T08:00:00+00:00,0.09644,0.09783,0.09605,0.09779,35181791.900000006
1702555200,2023-12-14T12:00:00+00:00,0.09774,0.09779,0.09336,0.09555,82573058.60000001
1702569600,2023-12-14T16:00:00+00:00,0.09553,0.09876,0.09552,0.09723,178201572.0
1702584000,2023-12-14T20:00:00+00:00,0.09722,0.09865,0.09655,0.09836,53211618.5
1702598400,2023-12-15T00:00:00+00:00,0.0983,0.09883,0.09708,0.09745,57871039.1
1702612800,2023-12-15T04:00:00+00:00,0.09746,0.09763,0.0958,0.09598,36031577.400000006
1702627200,2023-12-15T08:00:00+00:00,0.09597,0.09711,0.09562,0.09601,33383463.4
1702641600,2023-12-15T12:00:00+00:00,0.09602,0.09617,0.09316,0.09396,71278069.6
1702656000,2023-12-15T16:00:00+00:00,0.09395,0.09537,0.09353,0.09491,44026612.900000006
1702670400,2023-12-15T20:00:00+00:00,0.0949,0.0952,0.09239,0.093,54910820.3
1702684800,2023-12-16T00:00:00+00:00,0.093,0.09399,0.09155,0.09397,49161287.099999994
1702699200,2023-12-16T04:00:00+00:00,0.09397,0.09423,0.0934,0.09373,12353687.6
1702713600,2023-12-16T08:00:00+00:00,0.09375,0.09453,0.09346,0.09447,14855242.0
1702728000,2023-12-16T12:00:00+00:00,0.0945,0.09497,0.09384,0.09494,27767279.400000002
1702742400,2023-12-16T16:00:00+00:00,0.09494,0.09527,0.09347,0.09427,54342904.3
1702756800,2023-12-16T20:00:00+00:00,0.0943,0.09721,0.09418,0.09709,72373622.30000001
1702771200,2023-12-17T00:00:00+00:00,0.09708,0.09777,0.09475,0.09511,61871374.6
1702785600,2023-12-17T04:00:00+00:00,0.09507,0.09584,0.09327,0.09379,35595305.300000004
1702800000,2023-12-17T08:00:00+00:00,0.09376,0.09542,0.09348,0.09517,17511176.200000003
1702814400,2023-12-17T12:00:00+00:00,0.09515,0.09526,0.09309,0.0945,33737787.5
1702828800,2023-12-17T16:00:00+00:00,0.09455,0.09643,0.09421,0.09494,58749802.4
1702843200,2023-12-17T20:00:00+00:00,0.09493,0.09537,0.09232,0.09287,45901233.0
1702857600,2023-12-18T00:00:00+00:00,0.0929,0.0937,0.09086,0.09188,63616961.1
1702872000,2023-12-18T04:00:00+00:00,0.09187,0.09222,0.09058,0.09084,18381065.3
1702886400,2023-12-18T08:00:00+00:00,0.09086,0.09134,0.0864,0.08828,90605154.0
1702900800,2023-12-18T12:00:00+00:00,0.08829,0.09017,0.08718,0.08897,64789121.7
1702915200,2023-12-18T16:00:00+00:00,0.08899,0.09068,0.08843,0.09033,52327466.8
1702929600,2023-12-18T20:00:00+00:00,0.09035,0.09236,0.08973,0.09214,69318864.1
1702944000,2023-12-19T00:00:00+00:00,0.09213,0.09352,0.0917,0.0923,73666578.9
1702958400,2023-12-19T04:00:00+00:00,0.09233,0.09327,0.09223,0.09315,33873081.5
1702972800,2023-12-19T08:00:00+00:00,0.09315,0.09341,0.09205,0.0922,18740635.1
1702987200,2023-12-19T12:00:00+00:00,0.09219,0.09235,0.09018,0.09126,63617752.300000004
1703001600,2023-12-19T16:00:00+00:00,0.09126,0.09164,0.08917,0.09026,50775133.5
1703016000,2023-12-19T20:00:00+00:00,0.09026,0.09125,0.08976,0.09019,31381179.6
1703030400,2023-12-20T00:00:00+00:00,0.09021,0.09103,0.08961,0.09058,22134396.300000004
1703044800,2023-12-20T04:00:00+00:00,0.09057,0.09163,0.08997,0.09031,35818497.8
1703059200,2023-12-20T08:00:00+00:00,0.09031,0.09085,0.08941,0.09051,32491125.1
1703073600,2023-12-20T12:00:00+00:00,0.09056,0.09335,0.09009,0.09298,65695060.9
1703088000,2023-12-20T16:00:00+00:00,0.09297,0.09329,0.09128,0.09155,85835312.60000001
1703102400,2023-12-20T20:00:00+00:00,0.09155,0.09171,0.08987,0.0915,62744550.3
1703116800,2023-12-21T00:00:00+00:00,0.0915,0.09179,0.09061,0.09147,22603275.0
1703131200,2023-12-21T04:00:00+00:00,0.09147,0.09181,0.09082,0.09146,16198404.5
1703145600,2023-12-21T08:00:00+00:00,0.09147,0.09279,0.09105,0.09237,26552406.1
1703160000,2023-12-21T12:00:00+00:00,0.09239,0.09287,0.09068,0.09134,39037993.4
1703174400,2023-12-21T16:00:00+00:00,0.09134,0.09334,0.09091,0.09307,55973711.2
1703188800,2023-12-21T20:00:00+00:00,0.0931,0.09791,0.09305,0.095,279270555.2
1703203200,2023-12-22T00:00:00+00:00,0.095,0.09564,0.09314,0.09373,111384656.69999999
1703217600,2023-12-22T04:00:00+00:00,0.09373,0.09441,0.09205,0.0926,47786793.2
1703232000,2023-12-22T08:00:00+00:00,0.09259,0.09345,0.09188,0.09328,34235352.900000006
1703246400,2023-12-22T12:00:00+00:00,0.09328,0.09411,0.0924,0.09386,32803117.4
1703260800,2023-12-22T16:00:00+00:00,0.09383,0.09507,0.0934,0.09347,45734972.5
1703275200,2023-12-22T20:00:00+00:00,0.09349,0.09538,0.09338,0.09504,34506650.2
1703289600,2023-12-23T00:00:00+00:00,0.09505,0.09505,0.09217,0.09254,53335726.4
1703304000,2023-12-23T04:00:00+00:00,0.09252,0.09331,0.0921,0.09264,15472124.799999999
1703318400,2023-12-23T08:00:00+00:00,0.09263,0.09324,0.09238,0.09276,7201633.9
1703332800,2023-12-23T12:00:00+00:00,0.09278,0.09343,0.09269,0.09311,23442647.2
1703347200,2023-12-23T16:00:00+00:00,0.09307,0.09351,0.09271,0.09302,16936411.6
1703361600,2023-12-23T20:00:00+00:00,0.09304,0.09395,0.0927,0.09348,20579014.6
1703376000,2023-12-24T00:00:00+00:00,0.09347,0.09455,0.09313,0.09429,28322202.6
1703390400,2023-12-24T04:00:00+00:00,0.09432,0.09456,0.09211,0.09339,35301293.099999994
1703404800,2023-12-24T08:00:00+00:00,0.09339,0.09492,0.093,0.09435,40369739.3
1703419200,2023-12-24T12:00:00+00:00,0.09436,0.09486,0.09371,0.09382,26552302.7
1703433600,2023-12-24T16:00:00+00:00,0.09384,0.09424,0.09338,0.09417,19245345.6
1703448000,2023-12-24T20:00:00+00:00,0.09419,0.09421,0.0905,0.09179,73594963.7
1703462400,2023-12-25T00:00:00+00:00,0.09176,0.09293,0.09127,0.09246,23688143.8
1703476800,2023-12-25T04:00:00+00:00,0.09252,0.09301,0.09222,0.09261,16320521.8
1703491200,2023-12-25T08:00:00+00:00,0.09262,0.09332,0.09256,0.09309,14573866.3
1703505600,2023-12-25T12:00:00+00:00,0.09312,0.09402,0.09284,0.09375,30331702.299999997
1703520000,2023-12-25T16:00:00+00:00,0.09381,0.0954,0.0934,0.09404,48653536.5
1703534400,2023-12-25T20:00:00+00:00,0.09412,0.09493,0.09316,0.09439,23726049.1
1703548800,2023-12-26T00:00:00+00:00,0.09436,0.09449,0.09346,0.09404,28207811.6
1703563200,2023-12-26T04:00:00+00:00,0.09406,0.0941,0.09141,0.0927,61286648.5
1703577600,2023-12-26T08:00:00+00:00,0.09268,0.09285,0.09152,0.09275,19815375.2
1703592000,2023-12-26T12:00:00+00:00,0.09274,0.09327,0.09123,0.09151,23635161.7
1703606400,2023-12-26T16:00:00+00:00,0.09154,0.0925,0.08696,0.09015,118108950.80000001
1703620800,2023-12-26T20:00:00+00:00,0.09014,0.09163,0.09001,0.09138,21801715.9
1703635200,2023-12-27T00:00:00+00:00,0.09138,0.0915,0.08958,0.09016,26041114.5
1703649600,2023-12-27T04:00:00+00:00,0.09015,0.092,0.09012,0.09187,14234504.7
1703664000,2023-12-27T08:00:00+00:00,0.0919,0.09271,0.09131,0.09231,19669874.6
1703678400,2023-12-27T12:00:00+00:00,0.09233,0.09374,0.09188,0.09324,28622243.1
1703692800,2023-12-27T16:00:00+00:00,0.09327,0.09389,0.09282,0.09342,57342614.900000006
1703707200,2023-12-27T20:00:00+00:00,0.09343,0.0939,0.09273,0.09372,39234567.4
1703721600,2023-12-28T00:00:00+00:00,0.09373,0.09499,0.09352,0.09477,60230308.7
1703736000,2023-12-28T04:00:00+00:00,0.09476,0.09484,0.09293,0.09348,33939510.6
1703750400,2023-12-28T08:00:00+00:00,0.09349,0.094,0.09297,0.09345,14709517.5
1703764800,2023-12-28T12:00:00+00:00,0.09341,0.09365,0.09107,0.09142,55649944.7
1703779200,2023-12-28T16:00:00+00:00,0.0914,0.09214,0.09121,0.09195,39631776.1
1703793600,2023-12-28T20:00:00+00:00,0.09191,0.09226,0.09112,0.09176,19547304.400000002
1703808000,2023-12-29T00:00:00+00:00,0.09176,0.09238,0.09025,0.09201,38590216.8
1703822400,2023-12-29T04:00:00+00:00,0.09201,0.09246,0.09116,0.09135,18251233.4
1703836800,2023-12-29T08:00:00+00:00,0.09136,0.09296,0.09128,0.09267,18076690.7
1703851200,2023-12-29T12:00:00+00:00,0.09266,0.09303,0.0907,0.09159,33116713.6
1703865600,2023-12-29T16:00:00+00:00,0.09162,0.09169,0.09003,0.0913,48765886.8
1703880000,2023-12-29T20:00:00+00:00,0.0913,0.0913,0.08861,0.09101,55507407.599999994
1703894400,2023-12-30T00:00:00+00:00,0.09101,0.09142,0.0904,0.0906,23799318.0
1703908800,2023-12-30T04:00:00+00:00,0.09062,0.09099,0.08999,0.0905,18010255.6
1703923200,2023-12-30T08:00:00+00:00,0.09049,0.09052,0.08924,0.0899,7969461.899999999
1703937600,2023-12-30T12:00:00+00:00,0.08989,0.09094,0.08962,0.09084,14798976.6
1703952000,2023-12-30T16:00:00+00:00,0.09084,0.09104,0.09053,0.09056,22289827.9
1703966400,2023-12-30T20:00:00+00:00,0.09058,0.09066,0.08973,0.08999,9721257.2
1703980800,2023-12-31T00:00:00+00:00,0.08999,0.09049,0.08923,0.0897,11734507.1
1703995200,2023-12-31T04:00:00+00:00,0.08967,0.0908,0.08956,0.09046,8429887.0
1704009600,2023-12-31T08:00:00+00:00,0.09047,0.09086,0.09021,0.09035,10560422.0
1704024000,2023-12-31T12:00:00+00:00,0.09037,0.09071,0.08981,0.0901,9024682.200000001
1704038400,2023-12-31T16:00:00+00:00,0.09009,0.09075,0.09002,0.09027,13870520.8
1704052800,2023-12-31T20:00:00+00:00,0.09024,0.09029,0.08803,0.08952,28021023.6
1704067200,2024-01-01T00:00:00+00:00,0.0895,0.09021,0.08901,0.0892,13581223.8
1704081600,2024-01-01T04:00:00+00:00,0.08921,0.08975,0.0885,0.08964,20600103.6
1704096000,2024-01-01T08:00:00+00:00,0.08965,0.09015,0.0894,0.08996,5696499.6
1704110400,2024-01-01T12:00:00+00:00,0.08996,0.09125,0.08996,0.0911,19369729.6
1704124800,2024-01-01T16:00:00+00:00,0.09109,0.09193,0.09068,0.09186,35949194.4
1704139200,2024-01-01T20:00:00+00:00,0.09185,0.09211,0.09131,0.09202,22704844.700000003
1704153600,2024-01-02T00:00:00+00:00,0.09202,0.09344,0.09183,0.09309,58055670.9
1704168000,2024-01-02T04:00:00+00:00,0.09316,0.09409,0.0927,0.09352,58057521.6
1704182400,2024-01-02T08:00:00+00:00,0.09348,0.09443,0.09251,0.09296,57675934.3
1704196800,2024-01-02T12:00:00+00:00,0.09296,0.09316,0.09083,0.09157,54706815.3
1704211200,2024-01-02T16:00:00+00:00,0.09158,0.09198,0.09098,0.09135,21270875.700000003
1704225600,2024-01-02T20:00:00+00:00,0.09133,0.09167,0.09041,0.0911,23467278.2
1704240000,2024-01-03T00:00:00+00:00,0.09111,0.09197,0.09102,0.09141,29318109.6
1704254400,2024-01-03T04:00:00+00:00,0.09141,0.09196,0.09124,0.09168,16116738.100000001
1704268800,2024-01-03T08:00:00+00:00,0.09168,0.09214,0.08904,0.08963,48831689.1
1704283200,2024-01-03T12:00:00+00:00,0.08966,0.08966,0.07683,0.08246,330402141.1
1704297600,2024-01-03T16:00:00+00:00,0.08247,0.08285,0.08072,0.08173,81836357.5
1704312000,2024-01-03T20:00:00+00:00,0.08171,0.08294,0.08162,0.08203,45515541.9
1704326400,2024-01-04T00:00:00+00:00,0.08206,0.08269,0.08108,0.08215,34656281.8
1704340800,2024-01-04T04:00:00+00:00,0.08216,0.08305,0.08197,0.08232,39751981.2
1704355200,2024-01-04T08:00:00+00:00,0.08233,0.08311,0.08154,0.08273,32215832.900000002
1704369600,2024-01-04T12:00:00+00:00,0.08271,0.08467,0.08235,0.08414,81737919.9
1704384000,2024-01-04T16:00:00+00:00,0.08414,0.08441,0.08323,0.08394,58442592.099999994
1704398400,2024-01-04T20:00:00+00:00,0.08393,0.08479,0.08393,0.08408,33746483.6
1704412800,2024-01-05T00:00:00+00:00,0.08411,0.08492,0.08018,0.08303,118628041.60000001
1704427200,2024-01-05T04:00:00+00:00,0.083,0.08334,0.08251,0.08289,46636138.6
1704441600,2024-01-05T08:00:00+00:00,0.0829,0.08408,0.0821,0.08224,54491771.900000006
1704456000,2024-01-05T12:00:00+00:00,0.08222,0.08283,0.08107,0.08197,83681603.30000001
1704470400,2024-01-05T16:00:00+00:00,0.08198,0.08235,0.08061,0.08164,71848096.39999999
1704484800,2024-01-05T20:00:00+00:00,0.08165,0.08295,0.08163,0.08272,60797189.8
1704499200,2024-01-06T00:00:00+00:00,0.08272,0.08274,0.08183,0.08216,27960380.0
1704513600,2024-01-06T04:00:00+00:00,0.08216,0.08238,0.07844,0.08029,65545781.5
1704528000,2024-01-06T08:00:00+00:00,0.08029,0.08078,0.07985,0.08071,16459550.6
1704542400,2024-01-06T12:00:00+00:00,0.0807,0.08194,0.0802,0.08156,17892127.9
1704556800,2024-01-06T16:00:00+00:00,0.08154,0.08182,0.08057,0.08084,15159502.5
1704571200,2024-01-06T20:00:00+00:00,0.08089,0.08111,0.0798,0.08063,15814138.0
1704585600,2024-01-07T00:00:00+00:00,0.08064,0.0815,0.0804,0.08077,15820378.100000001
1704600000,2024-01-07T04:00:00+00:00,0.08079,0.08149,0.08061,0.08075,18810247.1
1704614400,2024-01-07T08:00:00+00:00,0.08075,0.08124,0.07955,0.08009,20529290.5
1704628800,2024-01-07T12:00:00+00:00,0.08011,0.0808,0.07929,0.07948,24323686.5
1704643200,2024-01-07T16:00:00+00:00,0.07948,0.08024,0.07907,0.0801,29324681.8
1704657600,2024-01-07T20:00:00+00:00,0.08008,0.08014,0.07705,0.07829,53369089.5
1704672000,2024-01-08T00:00:00+00:00,0.07828,0.07905,0.07429,0.07598,89771628.6
1704686400,2024-01-08T04:00:00+00:00,0.07596,0.07922,0.07565,0.07769,53960856.900000006
1704700800,2024-01-08T08:00:00+00:00,0.07767,0.07842,0.07685,0.07837,24445830.0
1704715200,2024-01-08T12:00:00+00:00,0.07837,0.07974,0.07802,0.07913,72965938.0
1704729600,2024-01-08T16:00:00+00:00,0.07918,0.08127,0.07896,0.08118,80319631.6
1704744000,2024-01-08T20:00:00+00:00,0.08124,0.08184,0.08028,0.08137,51969064.6
1704758400,2024-01-09T00:00:00+00:00,0.08137,0.08163,0.07946,0.08,52963399.800000004
1704772800,2024-01-09T04:00:00+00:00,0.07999,0.08138,0.07993,0.08052,31226706.8
1704787200,2024-01-09T08:00:00+00:00,0.0805,0.0805,0.07839,0.07907,22713395.700000003
1704801600,2024-01-09T12:00:00+00:00,0.07903,0.07925,0.07657,0.07832,91336047.2
1704816000,2024-01-09T16:00:00+00:00,0.07831,0.08397,0.07706,0.07983,257337596.40000004
1704830400,2024-01-09T20:00:00+00:00,0.07983,0.08205,0.07669,0.07922,358430419.59999996
1704844800,2024-01-10T00:00:00+00:00,0.07922,0.08083,0.07907,0.07987,64204303.0
1704859200,2024-01-10T04:00:00+00:00,0.07991,0.08005,0.07828,0.07866,34221105.8
1704873600,2024-01-10T08:00:00+00:00,0.07864,0.07968,0.07793,0.07921,36500008.900000006
1704888000,2024-01-10T12:00:00+00:00,0.07915,0.07935,0.07623,0.07842,92040376.9
1704902400,2024-01-10T16:00:00+00:00,0.0784,0.0793,0.07771,0.07921,56898339.0
1704916800,2024-01-10T20:00:00+00:00,0.07923,0.0851,0.07708,0.08308,211673944.70000002
1704931200,2024-01-11T00:00:00+00:00,0.08309,0.08471,0.08226,0.08406,76366782.3
1704945600,2024-01-11T04:00:00+00:00,0.08406,0.08458,0.08205,0.08379,37790414.3
1704960000,2024-01-11T08:00:00+00:00,0.08378,0.0862,0.08359,0.08598,53967961.599999994
1704974400,2024-01-11T12:00:00+00:00,0.08595,0.088,0.08411,0.08493,175463586.60000002
1704988800,2024-01-11T16:00:00+00:00,0.08492,0.08549,0.08289,0.08526,77683269.1
1705003200,2024-01-11T20:00:00+00:00,0.08526,0.08568,0.08381,0.08458,34940411.4
1705017600,2024-01-12T00:00:00+00:00,0.08456,0.08492,0.08312,0.08357,41957571.5
1705032000,2024-01-12T04:00:00+00:00,0.08357,0.08498,0.08341,0.08407,23976535.3
1705046400,2024-01-12T08:00:00+00:00,0.08405,0.08497,0.08327,0.08464,21760330.0
1705060800,2024-01-12T12:00:00+00:00,0.08465,0.08544,0.08228,0.08264,60535554.0
1705075200,2024-01-12T16:00:00+00:00,0.08262,0.08297,0.0795,0.08149,104669233.00000001
1705089600,2024-01-12T20:00:00+00:00,0.08146,0.08191,0.07766,0.08007,75327960.8
1705104000,2024-01-13T00:00:00+00:00,0.08007,0.08043,0.07858,0.08013,41974281.400000006
1705118400,2024-01-13T04:00:00+00:00,0.08017,0.08106,0.08006,0.08078,12373383.600000001
1705132800,2024-01-13T08:00:00+00:00,0.08077,0.081,0.07961,0.08016,21664043.4
1705147200,2024-01-13T12:00:00+00:00,0.08019,0.08134,0.07987,0.08116,25890719.9
1705161600,2024-01-13T16:00:00+00:00,0.0812,0.08128,0.08057,0.08096,20329751.9
1705176000,2024-01-13T20:00:00+00:00,0.08098,0.08122,0.08055,0.08093,18339121.8
1705190400,2024-01-14T00:00:00+00:00,0.0809,0.08105,0.08027,0.08068,19355325.1
1705204800,2024-01-14T04:00:00+00:00,0.08068,0.08275,0.08028,0.08248,41430951.7
1705219200,2024-01-14T08:00:00+00:00,0.08247,0.08388,0.08177,0.08299,67064545.3
1705233600,2024-01-14T12:00:00+00:00,0.08298,0.08309,0.08185,0.08199,23226011.1
1705248000,2024-01-14T16:00:00+00:00,0.08196,0.08239,0.08065,0.08078,40996756.2
1705262400,2024-01-14T20:00:00+00:00,0.08076,0.0813,0.07963,0.07997,30776732.5
1705276800,2024-01-15T00:00:00+00:00,0.07996,0.08142,0.07993,0.0811,20786487.3
1705291200,2024-01-15T04:00:00+00:00,0.08114,0.08158,0.08051,0.08082,19143772.799999997
1705305600,2024-01-15T08:00:00+00:00,0.08086,0.08169,0.0806,0.08152,8141335.2
1705320000,2024-01-15T12:00:00+00:00,0.08152,0.08164,0.07981,0.08026,15149930.1
1705334400,2024-01-15T16:00:00+00:00,0.08025,0.0817,0.0801,0.08111,18104041.6
1705348800,2024-01-15T20:00:00+00:00,0.08109,0.0813,0.07996,0.08102,18140642.3
1705363200,2024-01-16T00:00:00+00:00,0.08104,0.08167,0.08075,0.0811,27665633.200000003
1705377600,2024-01-16T04:00:00+00:00,0.08112,0.08121,0.08017,0.08088,8783947.3
1705392000,2024-01-16T08:00:00+00:00,0.08088,0.08249,0.08076,0.08153,34211097.1
1705406400,2024-01-16T12:00:00+00:00,0.08148,0.08215,0.07979,0.08127,49548611.900000006
1705420800,2024-01-16T16:00:00+00:00,0.08125,0.08161,0.08085,0.08134,14288367.0
1705435200,2024-01-16T20:00:00+00:00,0.08135,0.08183,0.08121,0.0813,17664263.400000002
1705449600,2024-01-17T00:00:00+00:00,0.08132,0.08158,0.08114,0.08116,14159417.3
1705464000,2024-01-17T04:00:00+00:00,0.0812,0.08133,0.08028,0.0804,16901633.8
1705478400,2024-01-17T08:00:00+00:00,0.08041,0.08108,0.08017,0.08054,12591988.1
1705492800,2024-01-17T12:00:00+00:00,0.08055,0.08081,0.07987,0.08001,30283997.2
1705507200,2024-01-17T16:00:00+00:00,0.08003,0.0806,0.0793,0.0804,17784615.2
1705521600,2024-01-17T20:00:00+00:00,0.0804,0.08057,0.07967,0.08053,14316551.2
1705536000,2024-01-18T00:00:00+00:00,0.0805,0.08071,0.08,0.08012,15110489.7
1705550400,2024-01-18T04:00:00+00:00,0.08013,0.0807,0.08006,0.08062,8022720.5
1705564800,2024-01-18T08:00:00+00:00,0.08062,0.08065,0.07973,0.08012,14054612.399999999
1705579200,2024-01-18T12:00:00+00:00,0.08009,0.08016,0.0791,0.08001,13268788.6
1705593600,2024-01-18T16:00:00+00:00,0.07998,0.08004,0.07679,0.07745,81392656.5
1705608000,2024-01-18T20:00:00+00:00,0.07744,0.07827,0.07729,0.07802,29016154.3
1705622400,2024-01-19T00:00:00+00:00,0.07801,0.07821,0.07632,0.07736,50992658.7
1705636800,2024-01-19T04:00:00+00:00,0.07733,0.07823,0.07724,0.07803,16791296.0
1705651200,2024-01-19T08:00:00+00:00,0.07803,0.07841,0.07778,0.07813,10734507.0
1705665600,2024-01-19T12:00:00+00:00,0.07812,0.07854,0.07698,0.07738,48978017.7
1705680000,2024-01-19T16:00:00+00:00,0.07737,0.07838,0.07474,0.07835,90544957.9
1705694400,2024-01-19T20:00:00+00:00,0.07834,0.07876,0.07785,0.07849,21552790.8
1705708800,2024-01-20T00:00:00+00:00,0.07848,0.07894,0.07815,0.07848,14641280.2
1705723200,2024-01-20T04:00:00+00:00,0.07849,0.07953,0.07817,0.07921,22706751.6
1705737600,2024-01-20T08:00:00+00:00,0.0792,0.07946,0.07842,0.07921,13534566.1
1705752000,2024-01-20T12:00:00+00:00,0.07918,0.07955,0.0789,0.07916,15495959.000000002
1705766400,2024-01-20T16:00:00+00:00,0.07915,0.08246,0.07908,0.08225,62739308.9
1705780800,2024-01-20T20:00:00+00:00,0.08224,0.0974,0.08185,0.09116,355119149.5
1705795200,2024-01-21T00:00:00+00:00,0.09118,0.09638,0.08624,0.08669,291540690.2
1705809600,2024-01-21T04:00:00+00:00,0.08669,0.08702,0.08469,0.08574,95233658.60000001
1705824000,2024-01-21T08:00:00+00:00,0.08575,0.0872,0.085,0.08687,53241777.7
1705838400,2024-01-21T12:00:00+00:00,0.08687,0.08893,0.08609,0.08718,82090537.0
1705852800,2024-01-21T16:00:00+00:00,0.08719,0.08727,0.0857,0.08639,48375930.6
1705867200,2024-01-21T20:00:00+00:00,0.08641,0.08642,0.08452,0.08539,79508704.5
1705881600,2024-01-22T00:00:00+00:00,0.08538,0.0855,0.08249,0.08323,82874124.80000001
1705896000,2024-01-22T04:00:00+00:00,0.08321,0.08406,0.08216,0.08329,59319444.39999999
1705910400,2024-01-22T08:00:00+00:00,0.08328,0.08354,0.08142,0.08332,61178818.199999996
1705924800,2024-01-22T12:00:00+00:00,0.08329,0.08453,0.0829,0.08397,144250005.3
1705939200,2024-01-22T16:00:00+00:00,0.08395,0.08492,0.08014,0.08182,158158221.7
1705953600,2024-01-22T20:00:00+00:00,0.08182,0.08252,0.08002,0.08048,71394274.0
1705968000,2024-01-23T00:00:00+00:00,0.08048,0.08178,0.08037,0.08082,47686697.1
1705982400,2024-01-23T04:00:00+00:00,0.08079,0.08128,0.07941,0.0797,49857005.4
1705996800,2024-01-23T08:00:00+00:00,0.0797,0.07997,0.07595,0.07721,113837511.1
1706011200,2024-01-23T12:00:00+00:00,0.07723,0.07776,0.07594,0.07753,106262604.0
1706025600,2024-01-23T16:00:00+00:00,0.07753,0.07782,0.07651,0.07659,63903520.800000004
1706040000,2024-01-23T20:00:00+00:00,0.07659,0.07823,0.0763,0.07816,54476458.4
1706054400,2024-01-24T00:00:00+00:00,0.07815,0.07891,0.07758,0.0778,47356377.400000006
1706068800,2024-01-24T04:00:00+00:00,0.07785,0.08002,0.0778,0.07952,61114008.2
1706083200,2024-01-24T08:00:00+00:00,0.07953,0.08063,0.07944,0.08006,38332722.900000006
1706097600,2024-01-24T12:00:00+00:00,0.08006,0.08034,0.07845,0.07911,60039635.8
1706112000,2024-01-24T16:00:00+00:00,0.07912,0.07934,0.07806,0.0785,37320838.0
1706126400,2024-01-24T20:00:00+00:00,0.0785,0.0792,0.07805,0.07901,46927208.9
1706140800,2024-01-25T00:00:00+00:00,0.07899,0.07923,0.07803,0.0782,23665543.5
1706155200,2024-01-25T04:00:00+00:00,0.07823,0.07833,0.07731,0.07813,29144179.0
1706169600,2024-01-25T08:00:00+00:00,0.07813,0.07877,0.07756,0.07819,23629016.2
1706184000,2024-01-25T12:00:00+00:00,0.07819,0.07856,0.07709,0.07737,31618093.2
1706198400,2024-01-25T16:00:00+00:00,0.07735,0.0783,0.07706,0.07801,36788067.8
1706212800,2024-01-25T20:00:00+00:00,0.07801,0.07825,0.07767,0.07784,20756833.9
1706227200,2024-01-26T00:00:00+00:00,0.0779,0.07843,0.07748,0.0781,27301907.3
1706241600,2024-01-26T04:00:00+00:00,0.0781,0.0785,0.0777,0.07781,18175469.6
1706256000,2024-01-26T08:00:00+00:00,0.07781,0.07957,0.07779,0.07948,22424608.2
1706270400,2024-01-26T12:00:00+00:00,0.07948,0.07964,0.07882,0.07946,41217444.1
1706284800,2024-01-26T16:00:00+00:00,0.07943,0.08033,0.07942,0.07999,39855274.7
1706299200,2024-01-26T20:00:00+00:00,0.07999,0.08029,0.07962,0.07982,28831792.4
1706313600,2024-01-27T00:00:00+00:00,0.07984,0.08028,0.07971,0.07993,13716625.700000001
1706328000,2024-01-27T04:00:00+00:00,0.07996,0.08006,0.079,0.07941,16339410.9
1706342400,2024-01-27T08:00:00+00:00,0.07935,0.07987,0.07926,0.07962,8147353.5
1706356800,2024-01-27T12:00:00+00:00,0.07965,0.07988,0.07944,0.07958,16466895.599999998
1706371200,2024-01-27T16:00:00+00:00,0.07959,0.07997,0.07942,0.07981,17763421.3
1706385600,2024-01-27T20:00:00+00:00,0.07981,0.08075,0.07981,0.08013,30996668.5
1706400000,2024-01-28T00:00:00+00:00,0.08012,0.08065,0.07983,0.08059,11881368.5
1706414400,2024-01-28T04:00:00+00:00,0.08056,0.08146,0.08001,0.08021,36213946.1
1706428800,2024-01-28T08:00:00+00:00,0.08022,0.08096,0.08,0.08013,13710037.9
1706443200,2024-01-28T12:00:00+00:00,0.08015,0.0802,0.07925,0.07959,23426212.4
1706457600,2024-01-28T16:00:00+00:00,0.07961,0.0798,0.07817,0.07855,18684705.4
1706472000,2024-01-28T20:00:00+00:00,0.07856,0.07915,0.07823,0.07882,13741603.5
1706486400,2024-01-29T00:00:00+00:00,0.07884,0.07934,0.07842,0.07902,19097118.0
1706500800,2024-01-29T04:00:00+00:00,0.07901,0.07921,0.07843,0.07848,17236396.4
1706515200,2024-01-29T08:00:00+00:00,0.07847,0.08232,0.07817,0.08061,83657997.1
1706529600,2024-01-29T12:00:00+00:00,0.08062,0.08303,0.08004,0.08219,116053758.5
1706544000,2024-01-29T16:00:00+00:00,0.08215,0.08275,0.08142,0.08226,67152690.1
1706558400,2024-01-29T20:00:00+00:00,0.08226,0.08262,0.08118,0.08135,36304458.900000006
1706572800,2024-01-30T00:00:00+00:00,0.08138,0.08215,0.08086,0.08161,26246394.5
1706587200,2024-01-30T04:00:00+00:00,0.08159,0.08186,0.08092,0.08141,16406324.899999999
1706601600,2024-01-30T08:00:00+00:00,0.08138,0.08182,0.08099,0.08174,19641499.4
1706616000,2024-01-30T12:00:00+00:00,0.08173,0.08217,0.08041,0.08121,35415060.4
1706630400,2024-01-30T16:00:00+00:00,0.0812,0.08169,0.08078,0.08129,35716520.3
1706644800,2024-01-30T20:00:00+00:00,0.08128,0.08161,0.07936,0.07972,30952518.6
1706659200,2024-01-31T00:00:00+00:00,0.07971,0.08015,0.07902,0.08007,27506223.599999998
1706673600,2024-01-31T04:00:00+00:00,0.08006,0.08025,0.07947,0.07975,10676859.5
1706688000,2024-01-31T08:00:00+00:00,0.07972,0.07986,0.07829,0.07901,31684270.3
1706702400,2024-01-31T12:00:00+00:00,0.07899,0.07954,0.07813,0.07951,31215592.8
1706716800,2024-01-31T16:00:00+00:00,0.07949,0.08007,0.07915,0.07983,26331467.2
1706731200,2024-01-31T20:00:00+00:00,0.07985,0.0799,0.07793,0.07873,26612636.8
1706745600,2024-02-01T00:00:00+00:00,0.07867,0.0791,0.07726,0.07859,24686089.3
1706760000,2024-02-01T04:00:00+00:00,0.07855,0.07926,0.07849,0.07879,12078717.399999999
1706774400,2024-02-01T08:00:00+00:00,0.07874,0.0792,0.07846,0.0785,11189972.200000001
1706788800,2024-02-01T12:00:00+00:00,0.0785,0.07933,0.07833,0.07893,14151088.6
1706803200,2024-02-01T16:00:00+00:00,0.07893,0.07983,0.07845,0.07967,25608945.299999997
1706817600,2024-02-01T20:00:00+00:00,0.07967,0.07976,0.07901,0.07933,12155600.5
1706832000,2024-02-02T00:00:00+00:00,0.07938,0.07992,0.07914,0.07968,23426484.799999997
1706846400,2024-02-02T04:00:00+00:00,0.07962,0.07991,0.07937,0.07976,9638108.8
1706860800,2024-02-02T08:00:00+00:00,0.07975,0.07988,0.07939,0.07946,8809507.5
1706875200,2024-02-02T12:00:00+00:00,0.07946,0.07962,0.07854,0.07934,23219863.0
1706889600,2024-02-02T16:00:00+00:00,0.07934,0.07956,0.07866,0.07894,20805942.2
1706904000,2024-02-02T20:00:00+00:00,0.07892,0.07934,0.0788,0.07923,11295159.200000001
1706918400,2024-02-03T00:00:00+00:00,0.07926,0.07946,0.07903,0.0792,6251842.9
1706932800,2024-02-03T04:00:00+00:00,0.07918,0.07949,0.07883,0.07893,8948553.2
1706947200,2024-02-03T08:00:00+00:00,0.07895,0.07911,0.07876,0.079,4135663.5999999996
1706961600,2024-02-03T12:00:00+00:00,0.07897,0.07928,0.07852,0.07906,7148894.800000001
1706976000,2024-02-03T16:00:00+00:00,0.07908,0.07942,0.07902,0.07916,8598832.0
1706990400,2024-02-03T20:00:00+00:00,0.07914,0.07925,0.07858,0.07871,5102916.3
1707004800,2024-02-04T00:00:00+00:00,0.07872,0.07903,0.07834,0.07897,10042333.6
1707019200,2024-02-04T04:00:00+00:00,0.07897,0.07897,0.07844,0.07863,5398656.699999999
1707033600,2024-02-04T08:00:00+00:00,0.07861,0.07908,0.0784,0.07903,6070802.0
1707048000,2024-02-04T12:00:00+00:00,0.07903,0.07924,0.07872,0.07907,5504123.6
1707062400,2024-02-04T16:00:00+00:00,0.07907,0.07993,0.07862,0.07908,12859765.0
1707076800,2024-02-04T20:00:00+00:00,0.07908,0.07938,0.07779,0.07828,14446522.6
1707091200,2024-02-05T00:00:00+00:00,0.07828,0.07854,0.07729,0.07813,17551506.700000003
1707105600,2024-02-05T04:00:00+00:00,0.07816,0.07882,0.07791,0.07866,14724625.7
1707120000,2024-02-05T08:00:00+00:00,0.07868,0.08023,0.07859,0.07957,39454863.1
1707134400,2024-02-05T12:00:00+00:00,0.07957,0.08005,0.0785,0.07864,33308823.5
1707148800,2024-02-05T16:00:00+00:00,0.07864,0.07896,0.07831,0.07877,14168788.899999999
1707163200,2024-02-05T20:00:00+00:00,0.07878,0.07879,0.07749,0.07824,28922290.400000002
1707177600,2024-02-06T00:00:00+00:00,0.07824,0.07857,0.07813,0.07839,8608115.5
1707192000,2024-02-06T04:00:00+00:00,0.07838,0.0784,0.07801,0.07835,5518388.5
1707206400,2024-02-06T08:00:00+00:00,0.07839,0.07863,0.07778,0.07802,11223040.9
1707220800,2024-02-06T12:00:00+00:00,0.07801,0.07854,0.07763,0.07853,12347592.299999999
1707235200,2024-02-06T16:00:00+00:00,0.07852,0.07912,0.0784,0.07908,15642588.100000001
1707249600,2024-02-06T20:00:00+00:00,0.07909,0.07919,0.07838,0.07847,14961723.0
1707264000,2024-02-07T00:00:00+00:00,0.07846,0.07891,0.07846,0.07849,11500108.3
1707278400,2024-02-07T04:00:00+00:00,0.07848,0.07858,0.07808,0.0783,6855899.699999999
1707292800,2024-02-07T08:00:00+00:00,0.07832,0.07869,0.07821,0.07843,5761991.2
1707307200,2024-02-07T12:00:00+00:00,0.07842,0.07901,0.07837,0.07892,16451867.7
1707321600,2024-02-07T16:00:00+00:00,0.07892,0.0799,0.07886,0.07963,32831663.6
1707336000,2024-02-07T20:00:00+00:00,0.07963,0.08029,0.07963,0.0801,23233187.400000002
1707350400,2024-02-08T00:00:00+00:00,0.08012,0.08045,0.07993,0.08006,18247152.7
1707364800,2024-02-08T04:00:00+00:00,0.08004,0.08028,0.0796,0.07985,10078226.299999999
1707379200,2024-02-08T08:00:00+00:00,0.07984,0.0803,0.07965,0.07986,8969773.600000001
1707393600,2024-02-08T12:00:00+00:00,0.07986,0.08083,0.07972,0.0807,19522887.4
1707408000,2024-02-08T16:00:00+00:00,0.0807,0.08085,0.07965,0.08022,23931036.599999998
1707422400,2024-02-08T20:00:00+00:00,0.08024,0.08057,0.07957,0.07988,19143817.5
1707436800,2024-02-09T00:00:00+00:00,0.07989,0.08091,0.07989,0.08042,20528181.2
1707451200,2024-02-09T04:00:00+00:00,0.08042,0.08197,0.08027,0.0819,29881007.700000003
1707465600,2024-02-09T08:00:00+00:00,0.0819,0.08204,0.08129,0.08192,27713331.299999997
1707480000,2024-02-09T12:00:00+00:00,0.08189,0.08222,0.08069,0.08145,63935894.0
1707494400,2024-02-09T16:00:00+00:00,0.08145,0.08198,0.08094,0.0815,39879409.400000006
1707508800,2024-02-09T20:00:00+00:00,0.08152,0.08166,0.08119,0.0816,25150616.3
1707523200,2024-02-10T00:00:00+00:00,0.0816,0.0822,0.08139,0.08189,21913740.8
1707537600,2024-02-10T04:00:00+00:00,0.0819,0.08199,0.08127,0.08132,6370098.5
1707552000,2024-02-10T08:00:00+00:00,0.08133,0.08148,0.08036,0.08086,10997492.3
1707566400,2024-02-10T12:00:00+00:00,0.08084,0.08118,0.08063,0.08115,12095937.600000001
1707580800,2024-02-10T16:00:00+00:00,0.08112,0.0813,0.0809,0.08111,9765293.6
1707595200,2024-02-10T20:00:00+00:00,0.08109,0.08183,0.08102,0.08145,15684932.5
1707609600,2024-02-11T00:00:00+00:00,0.08146,0.08238,0.08126,0.08227,15155257.899999999
1707624000,2024-02-11T04:00:00+00:00,0.08227,0.08363,0.08187,0.08287,43444202.0
1707638400,2024-02-11T08:00:00+00:00,0.08288,0.08341,0.08212,0.08258,27757743.8
1707652800,2024-02-11T12:00:00+00:00,0.08258,0.08258,0.08149,0.08185,15531484.5
1707667200,2024-02-11T16:00:00+00:00,0.08183,0.08222,0.08138,0.082,16946837.4
1707681600,2024-02-11T20:00:00+00:00,0.08199,0.08212,0.08076,0.08125,26949791.2
1707696000,2024-02-12T00:00:00+00:00,0.08125,0.08157,0.08,0.08045,33075114.7
1707710400,2024-02-12T04:00:00+00:00,0.08045,0.0805,0.07953,0.08038,16450638.2
1707724800,2024-02-12T08:00:00+00:00,0.08039,0.08046,0.07945,0.0798,14328196.7
1707739200,2024-02-12T12:00:00+00:00,0.07979,0.08159,0.07958,0.08156,38688369.400000006
1707753600,2024-02-12T16:00:00+00:00,0.08156,0.08288,0.08103,0.08152,76795612.7
1707768000,2024-02-12T20:00:00+00:00,0.08154,0.08248,0.08154,0.08226,32931650.9
1707782400,2024-02-13T00:00:00+00:00,0.08226,0.08304,0.08158,0.08181,49475750.3
1707796800,2024-02-13T04:00:00+00:00,0.08186,0.0826,0.08178,0.08252,20277604.200000003
1707811200,2024-02-13T08:00:00+00:00,0.08251,0.08302,0.08202,0.08245,24535588.6
1707825600,2024-02-13T12:00:00+00:00,0.08244,0.08264,0.07965,0.08094,82749220.8
1707840000,2024-02-13T16:00:00+00:00,0.08097,0.08122,0.08024,0.08082,25733394.900000002
1707854400,2024-02-13T20:00:00+00:00,0.08084,0.08156,0.08083,0.0811,17303049.2
1707868800,2024-02-14T00:00:00+00:00,0.0811,0.08112,0.08051,0.08112,17929268.5
1707883200,2024-02-14T04:00:00+00:00,0.08114,0.08186,0.08095,0.08177,12894563.2
1707897600,2024-02-14T08:00:00+00:00,0.08179,0.08335,0.08172,0.08295,54478231.5
1707912000,2024-02-14T12:00:00+00:00,0.08297,0.08365,0.08236,0.08318,56417474.3
1707926400,2024-02-14T16:00:00+00:00,0.08321,0.08676,0.08268,0.08622,133630531.9
1707940800,2024-02-14T20:00:00+00:00,0.08621,0.08707,0.08539,0.08557,94011723.7
1707955200,2024-02-15T00:00:00+00:00,0.08556,0.0883,0.08556,0.08723,111018507.4
1707969600,2024-02-15T04:00:00+00:00,0.08723,0.08733,0.08517,0.08565,49267221.9
1707984000,2024-02-15T08:00:00+00:00,0.08562,0.08618,0.08517,0.08584,28993652.200000003
1707998400,2024-02-15T12:00:00+00:00,0.08588,0.08698,0.08467,0.08509,70677285.2
1708012800,2024-02-15T16:00:00+00:00,0.08508,0.0857,0.08395,0.08549,62092875.3
1708027200,2024-02-15T20:00:00+00:00,0.08548,0.08562,0.08458,0.08538,49672019.3
1708041600,2024-02-16T00:00:00+00:00,0.0854,0.08656,0.08505,0.08639,25706621.0
1708056000,2024-02-16T04:00:00+00:00,0.08642,0.08675,0.08513,0.08516,29834715.000000004
1708070400,2024-02-16T08:00:00+00:00,0.08516,0.08666,0.08464,0.08632,26835596.0
1708084800,2024-02-16T12:00:00+00:00,0.08634,0.08802,0.084,0.08551,76117909.3
1708099200,2024-02-16T16:00:00+00:00,0.08551,0.08598,0.08468,0.085,66837589.5
1708113600,2024-02-16T20:00:00+00:00,0.08498,0.08619,0.08486,0.08597,31336366.900000002
1708128000,2024-02-17T00:00:00+00:00,0.08598,0.08614,0.08435,0.08514,22993432.7
1708142400,2024-02-17T04:00:00+00:00,0.08512,0.08536,0.08466,0.08522,14260829.6
1708156800,2024-02-17T08:00:00+00:00,0.0852,0.0852,0.08394,0.08455,26207324.2
1708171200,2024-02-17T12:00:00+00:00,0.08455,0.08469,0.08192,0.08301,98563627.0
1708185600,2024-02-17T16:00:00+00:00,0.083,0.08339,0.08262,0.08339,30376488.4
1708200000,2024-02-17T20:00:00+00:00,0.08338,0.08419,0.08334,0.08359,16581835.100000001
1708214400,2024-02-18T00:00:00+00:00,0.08359,0.08383,0.08286,0.08352,23765179.5
1708228800,2024-02-18T04:00:00+00:00,0.08354,0.08411,0.08319,0.08383,23440269.5
1708243200,2024-02-18T08:00:00+00:00,0.08385,0.08437,0.08373,0.08403,18568390.6
1708257600,2024-02-18T12:00:00+00:00,0.08401,0.08408,0.08319,0.08393,24826264.500000004
1708272000,2024-02-18T16:00:00+00:00,0.08395,0.08536,0.08366,0.08492,39582084.2
1708286400,2024-02-18T20:00:00+00:00,0.08492,0.08575,0.08449,0.0852,31529722.0
1708300800,2024-02-19T00:00:00+00:00,0.08518,0.08633,0.08503,0.08615,36998433.7
1708315200,2024-02-19T04:00:00+00:00,0.08615,0.08686,0.08551,0.08663,34212295.5
1708329600,2024-02-19T08:00:00+00:00,0.08663,0.08692,0.08575,0.08662,24371154.3
1708344000,2024-02-19T12:00:00+00:00,0.08661,0.08795,0.08547,0.08756,60306656.699999996
1708358400,2024-02-19T16:00:00+00:00,0.08756,0.08951,0.08672,0.0891,119408079.69999999
1708372800,2024-02-19T20:00:00+00:00,0.0891,0.0908,0.08885,0.08944,103271156.9
1708387200,2024-02-20T00:00:00+00:00,0.08943,0.09156,0.08771,0.08788,122129491.80000001
1708401600,2024-02-20T04:00:00+00:00,0.08793,0.08874,0.08693,0.08745,64466672.400000006
1708416000,2024-02-20T08:00:00+00:00,0.08746,0.08748,0.08543,0.0874,65298954.800000004
1708430400,2024-02-20T12:00:00+00:00,0.08739,0.08812,0.08286,0.08456,110570747.0
1708444800,2024-02-20T16:00:00+00:00,0.08457,0.0853,0.08312,0.08527,59021300.699999996
1708459200,2024-02-20T20:00:00+00:00,0.08527,0.0865,0.08502,0.08617,46750708.800000004
1708473600,2024-02-21T00:00:00+00:00,0.08617,0.0863,0.08508,0.08555,27999354.8
1708488000,2024-02-21T04:00:00+00:00,0.08556,0.08565,0.08392,0.08429,33955030.8
1708502400,2024-02-21T08:00:00+00:00,0.08427,0.08472,0.08237,0.0832,36671948.3
1708516800,2024-02-21T12:00:00+00:00,0.0832,0.08405,0.0824,0.08337,58853785.900000006
1708531200,2024-02-21T16:00:00+00:00,0.08337,0.08379,0.08197,0.08339,35691530.5
1708545600,2024-02-21T20:00:00+00:00,0.08338,0.08473,0.08301,0.08459,38424275.0
1708560000,2024-02-22T00:00:00+00:00,0.08458,0.08458,0.083,0.08386,32288474.299999997
1708574400,2024-02-22T04:00:00+00:00,0.08389,0.08535,0.08357,0.08507,16072165.4
1708588800,2024-02-22T08:00:00+00:00,0.08507,0.08544,0.08444,0.08471,20297006.7
1708603200,2024-02-22T12:00:00+00:00,0.08474,0.08508,0.08337,0.08484,38909877.0
1708617600,2024-02-22T16:00:00+00:00,0.08484,0.08512,0.08417,0.08484,33393072.6
1708632000,2024-02-22T20:00:00+00:00,0.08481,0.08548,0.08388,0.08403,36110078.8
1708646400,2024-02-23T00:00:00+00:00,0.08405,0.08466,0.08319,0.08391,22649464.4
1708660800,2024-02-23T04:00:00+00:00,0.0839,0.08427,0.0835,0.08361,13496840.6
1708675200,2024-02-23T08:00:00+00:00,0.08359,0.08418,0.08295,0.08381,53567981.8
1708689600,2024-02-23T12:00:00+00:00,0.08381,0.08528,0.08299,0.08375,56215310.099999994
1708704000,2024-02-23T16:00:00+00:00,0.08379,0.08535,0.08285,0.08532,71736440.4
1708718400,2024-02-23T20:00:00+00:00,0.08531,0.08553,0.08347,0.08452,28875530.8
1708732800,2024-02-24T00:00:00+00:00,0.0845,0.08524,0.08382,0.08519,33732006.9
1708747200,2024-02-24T04:00:00+00:00,0.08519,0.08526,0.0846,0.08507,15674489.7
1708761600,2024-02-24T08:00:00+00:00,0.08505,0.08538,0.0847,0.08532,13887581.9
1708776000,2024-02-24T12:00:00+00:00,0.08532,0.08613,0.08503,0.08572,39268586.2
1708790400,2024-02-24T16:00:00+00:00,0.08573,0.08646,0.08554,0.08579,24450115.3
1708804800,2024-02-24T20:00:00+00:00,0.08577,0.08628,0.08547,0.08615,23374869.6
1708819200,2024-02-25T00:00:00+00:00,0.08614,0.08633,0.0852,0.08616,25773152.299999997
1708833600,2024-02-25T04:00:00+00:00,0.08616,0.08644,0.08568,0.08596,22792565.099999998
1708848000,2024-02-25T08:00:00+00:00,0.08595,0.08679,0.08581,0.08613,18247151.7
1708862400,2024-02-25T12:00:00+00:00,0.08615,0.08679,0.08582,0.08633,29550849.599999998
1708876800,2024-02-25T16:00:00+00:00,0.0863,0.08661,0.08586,0.08647,22559390.4
1708891200,2024-02-25T20:00:00+00:00,0.08646,0.08678,0.08596,0.08617,30617329.400000002
1708905600,2024-02-26T00:00:00+00:00,0.08611,0.08612,0.085,0.0856,19433498.900000002
1708920000,2024-02-26T04:00:00+00:00,0.08561,0.08615,0.08519,0.08552,9870496.3
1708934400,2024-02-26T08:00:00+00:00,0.08549,0.08577,0.08418,0.08457,24618409.6
1708948800,2024-02-26T12:00:00+00:00,0.08458,0.08672,0.08417,0.08665,43589566.6
1708963200,2024-02-26T16:00:00+00:00,0.08664,0.08908,0.08649,0.08888,119975951.79999998
1708977600,2024-02-26T20:00:00+00:00,0.08886,0.0902,0.08787,0.08934,110043941.19999999
1708992000,2024-02-27T00:00:00+00:00,0.08933,0.09072,0.08852,0.0893,101188841.5
1709006400,2024-02-27T04:00:00+00:00,0.08935,0.09189,0.08915,0.09181,95165440.1
1709020800,2024-02-27T08:00:00+00:00,0.09183,0.09655,0.09132,0.09434,174172936.4
1709035200,2024-02-27T12:00:00+00:00,0.09433,0.09824,0.09423,0.096,221941059.2
1709049600,2024-02-27T16:00:00+00:00,0.09604,0.0998,0.09457,0.09886,263753782.5
1709064000,2024-02-27T20:00:00+00:00,0.09886,0.10073,0.09627,0.09762,232047772.2
1709078400,2024-02-28T00:00:00+00:00,0.09764,0.09836,0.09422,0.0946,134552035.10000002
1709092800,2024-02-28T04:00:00+00:00,0.0946,0.09728,0.09458,0.09694,82636522.2
1709107200,2024-02-28T08:00:00+00:00,0.09695,0.1007,0.09642,0.09737,202516880.4
1709121600,2024-02-28T12:00:00+00:00,0.09735,0.10069,0.09727,0.10022,168029799.6
1709136000,2024-02-28T16:00:00+00:00,0.1002,0.12358,0.09973,0.11306,1040399799.0
1709150400,2024-02-28T20:00:00+00:00,0.11301,0.11998,0.11144,0.11618,403546094.8
1709164800,2024-02-29T00:00:00+00:00,0.11621,0.1267,0.11118,0.12435,390411813.59999996
1709179200,2024-02-29T04:00:00+00:00,0.12432,0.13508,0.1231,0.12805,689512311.9
1709193600,2024-02-29T08:00:00+00:00,0.12815,0.13099,0.12494,0.12905,218909741.39999998
1709208000,2024-02-29T12:00:00+00:00,0.129,0.13456,0.12597,0.1342,377963322.7
1709222400,2024-02-29T16:00:00+00:00,0.1342,0.13489,0.12279,0.12661,392874440.1
1709236800,2024-02-29T20:00:00+00:00,0.1266,0.12807,0.11441,0.11739,411411281.29999995
1709251200,2024-03-01T00:00:00+00:00,0.1174,0.12211,0.11712,0.11959,213688729.8
1709265600,2024-03-01T04:00:00+00:00,0.11959,0.12226,0.11807,0.11839,127303071.0
1709280000,2024-03-01T08:00:00+00:00,0.11837,0.12375,0.11823,0.12151,104852962.30000001
1709294400,2024-03-01T12:00:00+00:00,0.1215,0.13005,0.12126,0.1243,236982825.39999998
1709308800,2024-03-01T16:00:00+00:00,0.12426,0.1397,0.12422,0.1357,541872083.5
1709323200,2024-03-01T20:00:00+00:00,0.13577,0.14641,0.13518,0.13947,543834790.7
1709337600,2024-03-02T00:00:00+00:00,0.13945,0.15,0.13808,0.14128,477822701.49999994
1709352000,2024-03-02T04:00:00+00:00,0.14129,0.148,0.13925,0.14693,221630525.0
1709366400,2024-03-02T08:00:00+00:00,0.14695,0.15126,0.1405,0.1416,271909890.4
1709380800,2024-03-02T12:00:00+00:00,0.14156,0.14409,0.13589,0.13765,168990088.4
1709395200,2024-03-02T16:00:00+00:00,0.13768,0.14325,0.13644,0.14193,150114135.1
1709409600,2024-03-02T20:00:00+00:00,0.14193,0.14452,0.13968,0.14207,114861009.99999999
1709424000,2024-03-03T00:00:00+00:00,0.14208,0.14396,0.13804,0.1406,136568192.0
1709438400,2024-03-03T04:00:00+00:00,0.14058,0.14362,0.12312,0.13132,208400885.4
1709452800,2024-03-03T08:00:00+00:00,0.13137,0.14278,0.12918,0.14148,204199603.5
1709467200,2024-03-03T12:00:00+00:00,0.14135,0.14373,0.13742,0.14026,152090532.7
1709481600,2024-03-03T16:00:00+00:00,0.14028,0.15371,0.13879,0.15108,437258755.20000005
1709496000,2024-03-03T20:00:00+00:00,0.1511,0.1569,0.14936,0.15358,353969020.40000004
1709510400,2024-03-04T00:00:00+00:00,0.15358,0.1588,0.14509,0.1568,374259397.40000004
1709524800,2024-03-04T04:00:00+00:00,0.15675,0.16731,0.15507,0.16387,357078481.4
1709539200,2024-03-04T08:00:00+00:00,0.16387,0.17209,0.15922,0.16275,254387472.0
1709553600,2024-03-04T12:00:00+00:00,0.16277,0.17269,0.15786,0.17253,292421942.5
1709568000,2024-03-04T16:00:00+00:00,0.17248,0.18687,0.1666,0.17904,602576703.7
1709582400,2024-03-04T20:00:00+00:00,0.17907,0.18524,0.17261,0.18242,284020099.8
1709596800,2024-03-05T00:00:00+00:00,0.18247,0.20913,0.18125,0.19622,661431902.5
1709611200,2024-03-05T04:00:00+00:00,0.19614,0.19937,0.16912,0.17811,528813133.5
1709625600,2024-03-05T08:00:00+00:00,0.1781,0.1869,0.17478,0.18102,165167684.2
1709640000,2024-03-05T12:00:00+00:00,0.18103,0.19276,0.17217,0.17234,434762411.0
1709654400,2024-03-05T16:00:00+00:00,0.17233,0.17464,0.12563,0.13728,755802245.0999999
1709668800,2024-03-05T20:00:00+00:00,0.1374,0.1581,0.12781,0.15377,621828287.0
1709683200,2024-03-06T00:00:00+00:00,0.15371,0.16122,0.14631,0.15105,287086925.9
1709697600,2024-03-06T04:00:00+00:00,0.15104,0.16974,0.15,0.16801,371155952.70000005
1709712000,2024-03-06T08:00:00+00:00,0.16804,0.17978,0.16622,0.16828,297657809.40000004
1709726400,2024-03-06T12:00:00+00:00,0.16828,0.16997,0.15583,0.16118,297292205.70000005
1709740800,2024-03-06T16:00:00+00:00,0.1612,0.16344,0.15512,0.15998,199660524.0
1709755200,2024-03-06T20:00:00+00:00,0.15995,0.16311,0.15541,0.15793,134396447.9
1709769600,2024-03-07T00:00:00+00:00,0.15794,0.16245,0.1518,0.15254,223316292.3
1709784000,2024-03-07T04:00:00+00:00,0.15252,0.15397,0.1465,0.15108,188850183.0
1709798400,2024-03-07T08:00:00+00:00,0.15117,0.15688,0.15078,0.15332,122428665.0
1709812800,2024-03-07T12:00:00+00:00,0.15333,0.16006,0.14828,0.15889,250684350.29999998
1709827200,2024-03-07T16:00:00+00:00,0.15887,0.16044,0.15213,0.1561,151108671.4
1709841600,2024-03-07T20:00:00+00:00,0.15621,0.16002,0.15344,0.15784,152458286.6
1709856000,2024-03-08T00:00:00+00:00,0.15787,0.16842,0.15525,0.1683,224614436.5
1709870400,2024-03-08T04:00:00+00:00,0.16842,0.16886,0.16136,0.16497,135625941.2
1709884800,2024-03-08T08:00:00+00:00,0.16496,0.17382,0.16303,0.16906,131143514.6
1709899200,2024-03-08T12:00:00+00:00,0.16918,0.17628,0.16,0.16362,288259696.0
1709913600,2024-03-08T16:00:00+00:00,0.16369,0.17027,0.15909,0.168,253168665.2
1709928000,2024-03-08T20:00:00+00:00,0.16803,0.17328,0.1641,0.16491,161414467.3
1709942400,2024-03-09T00:00:00+00:00,0.16493,0.17168,0.16424,0.1695,111716953.2
1709956800,2024-03-09T04:00:00+00:00,0.16957,0.1725,0.16794,0.16804,98347934.4
1709971200,2024-03-09T08:00:00+00:00,0.16804,0.1717,0.1632,0.16654,78758299.9
1709985600,2024-03-09T12:00:00+00:00,0.16654,0.17112,0.16535,0.17029,94208431.19999999
1710000000,2024-03-09T16:00:00+00:00,0.17027,0.18575,0.16851,0.17711,383571920.2
1710014400,2024-03-09T20:00:00+00:00,0.17709,0.18338,0.17488,0.17917,155436009.1
1710028800,2024-03-10T00:00:00+00:00,0.1792,0.18001,0.174,0.17622,113349804.5
1710043200,2024-03-10T04:00:00+00:00,0.17607,0.17929,0.17552,0.17632,69352922.0
1710057600,2024-03-10T08:00:00+00:00,0.17639,0.17798,0.17169,0.17345,83411532.6
1710072000,2024-03-10T12:00:00+00:00,0.17343,0.17476,0.1671,0.17274,100554641.5
1710086400,2024-03-10T16:00:00+00:00,0.17272,0.17478,0.1713,0.17377,77006351.8
1710100800,2024-03-10T20:00:00+00:00,0.1738,0.1745,0.16546,0.17035,103316800.6
1710115200,2024-03-11T00:00:00+00:00,0.17038,0.17042,0.16,0.16651,141025947.5
1710129600,2024-03-11T04:00:00+00:00,0.16651,0.17836,0.16586,0.17618,132314710.9
1710144000,2024-03-11T08:00:00+00:00,0.17616,0.17951,0.17413,0.17528,127838818.49999999
1710158400,2024-03-11T12:00:00+00:00,0.17535,0.17776,0.1712,0.17435,156503656.1
1710172800,2024-03-11T16:00:00+00:00,0.17444,0.17814,0.17199,0.17402,181395669.6
1710187200,2024-03-11T20:00:00+00:00,0.17409,0.18315,0.17362,0.18205,131365800.3
1710201600,2024-03-12T00:00:00+00:00,0.18209,0.18361,0.17343,0.17358,113022757.6
1710216000,2024-03-12T04:00:00+00:00,0.17364,0.1752,0.1705,0.17255,51252130.400000006
1710230400,2024-03-12T08:00:00+00:00,0.17252,0.1728,0.16773,0.1708,61062229.6
1710244800,2024-03-12T12:00:00+00:00,0.1708,0.17314,0.16606,0.17003,126333232.5
1710259200,2024-03-12T16:00:00+00:00,0.17003,0.17022,0.15524,0.16767,213252283.59999996
1710273600,2024-03-12T20:00:00+00:00,0.16764,0.16841,0.16354,0.16818,77585815.9
1710288000,2024-03-13T00:00:00+00:00,0.16819,0.17357,0.16675,0.17211,110853505.5
1710302400,2024-03-13T04:00:00+00:00,0.17207,0.1745,0.17088,0.17234,88201640.0
1710316800,2024-03-13T08:00:00+00:00,0.17238,0.17396,0.1694,0.17037,71521369.7
1710331200,2024-03-13T12:00:00+00:00,0.17041,0.17129,0.16496,0.16695,105103517.10000001
1710345600,2024-03-13T16:00:00+00:00,0.16696,0.17144,0.16603,0.16923,96059393.0
1710360000,2024-03-13T20:00:00+00:00,0.16924,0.17107,0.168,0.16907,68248712.7
1710374400,2024-03-14T00:00:00+00:00,0.16903,0.17412,0.16527,0.17295,136246910.9
1710388800,2024-03-14T04:00:00+00:00,0.17294,0.19308,0.1729,0.18626,516486221.79999995
1710403200,2024-03-14T08:00:00+00:00,0.18628,0.19042,0.17941,0.18341,201978931.8
1710417600,2024-03-14T12:00:00+00:00,0.1835,0.18995,0.17082,0.17278,270573817.2
1710432000,2024-03-14T16:00:00+00:00,0.17276,0.17921,0.165,0.17001,261673993.6
1710446400,2024-03-14T20:00:00+00:00,0.17014,0.18165,0.16977,0.17726,169846168.4
1710460800,2024-03-15T00:00:00+00:00,0.17726,0.18138,0.16033,0.16691,306376180.7
1710475200,2024-03-15T04:00:00+00:00,0.16682,0.17226,0.16146,0.16774,194414256.8
1710489600,2024-03-15T08:00:00+00:00,0.16772,0.16796,0.15117,0.1604,210538800.5
1710504000,2024-03-15T12:00:00+00:00,0.16036,0.16561,0.1592,0.16218,163868155.20000002
1710518400,2024-03-15T16:00:00+00:00,0.16218,0.16809,0.15996,0.16239,266079932.1
1710532800,2024-03-15T20:00:00+00:00,0.16235,0.16383,0.15716,0.16353,148920880.20000002
1710547200,2024-03-16T00:00:00+00:00,0.16357,0.16527,0.16113,0.16224,75761680.5
1710561600,2024-03-16T04:00:00+00:00,0.16225,0.1633,0.15786,0.16312,78226452.2
1710576000,2024-03-16T08:00:00+00:00,0.16316,0.16333,0.15652,0.15806,65801690.6
1710590400,2024-03-16T12:00:00+00:00,0.15803,0.15826,0.15046,0.15395,163176686.1
1710604800,2024-03-16T16:00:00+00:00,0.15395,0.15473,0.14,0.1432,288877033.0
1710619200,2024-03-16T20:00:00+00:00,0.14316,0.1453,0.138,0.14234,141687189.9
1710633600,2024-03-17T00:00:00+00:00,0.14235,0.14772,0.14029,0.14664,129453809.89999999
1710648000,2024-03-17T04:00:00+00:00,0.14664,0.1467,0.1366,0.14083,98956294.1
1710662400,2024-03-17T08:00:00+00:00,0.14076,0.15175,0.13976,0.1485,117282310.7
1710676800,2024-03-17T12:00:00+00:00,0.14849,0.15468,0.14566,0.15302,125133917.3
1710691200,2024-03-17T16:00:00+00:00,0.153,0.15908,0.15024,0.15463,166497945.29999998
1710705600,2024-03-17T20:00:00+00:00,0.15468,0.1569,0.1527,0.15417,85750153.2
1710720000,2024-03-18T00:00:00+00:00,0.15416,0.15423,0.1482,0.15082,114234486.4
1710734400,2024-03-18T04:00:00+00:00,0.15082,0.15351,0.14875,0.14933,60043850.400000006
1710748800,2024-03-18T08:00:00+00:00,0.14938,0.14938,0.14525,0.14811,72063624.8
1710763200,2024-03-18T12:00:00+00:00,0.14812,0.14912,0.14217,0.14369,163934295.2
1710777600,2024-03-18T16:00:00+00:00,0.14366,0.14536,0.14,0.14195,124965393.6
1710792000,2024-03-18T20:00:00+00:00,0.14206,0.14531,0.142,0.14353,55627783.7
1710806400,2024-03-19T00:00:00+00:00,0.14348,0.14522,0.13219,0.13549,213416011.20000002
1710820800,2024-03-19T04:00:00+00:00,0.13544,0.136,0.12595,0.13271,206789872.8
1710835200,2024-03-19T08:00:00+00:00,0.13273,0.13274,0.12517,0.13039,257755028.8
1710849600,2024-03-19T12:00:00+00:00,0.13038,0.13444,0.12839,0.1341,245297789.79999998
1710864000,2024-03-19T16:00:00+00:00,0.13409,0.13646,0.13248,0.13435,163926441.2
1710878400,2024-03-19T20:00:00+00:00,0.1344,0.13479,0.12637,0.12869,138888252.5
1710892800,2024-03-20T00:00:00+00:00,0.1287,0.13169,0.1258,0.12746,147595460.1
1710907200,2024-03-20T04:00:00+00:00,0.12748,0.13474,0.12275,0.13332,188542631.4
1710921600,2024-03-20T08:00:00+00:00,0.13336,0.13648,0.13162,0.13436,179479412.7
1710936000,2024-03-20T12:00:00+00:00,0.13432,0.13612,0.13125,0.13224,124674579.7
1710950400,2024-03-20T16:00:00+00:00,0.13227,0.15024,0.12677,0.14612,350569512.4
1710964800,2024-03-20T20:00:00+00:00,0.14607,0.15332,0.14437,0.15213,302825067.6
1710979200,2024-03-21T00:00:00+00:00,0.15216,0.15369,0.14925,0.15026,190898140.1
1710993600,2024-03-21T04:00:00+00:00,0.15034,0.15457,0.1466,0.15384,107740409.4
1711008000,2024-03-21T08:00:00+00:00,0.15388,0.15788,0.15055,0.1515,87476236.2
1711022400,2024-03-21T12:00:00+00:00,0.15147,0.15722,0.15144,0.15687,134577434.5
1711036800,2024-03-21T16:00:00+00:00,0.15688,0.1599,0.14825,0.1513,234344983.8
1711051200,2024-03-21T20:00:00+00:00,0.15129,0.15684,0.14887,0.15538,188428883.7
1711065600,2024-03-22T00:00:00+00:00,0.15535,0.15919,0.15145,0.15754,157002419.6
1711080000,2024-03-22T04:00:00+00:00,0.15752,0.16485,0.15518,0.16319,155551557.60000002
1711094400,2024-03-22T08:00:00+00:00,0.16322,0.16506,0.15501,0.15594,139537739.4
1711108800,2024-03-22T12:00:00+00:00,0.15589,0.15684,0.14523,0.14975,256044518.0
1711123200,2024-03-22T16:00:00+00:00,0.14978,0.1528,0.1478,0.15206,128000094.30000001
1711137600,2024-03-22T20:00:00+00:00,0.15211,0.1533,0.14836,0.15296,118882938.4
1711152000,2024-03-23T00:00:00+00:00,0.15298,0.16495,0.15168,0.15866,215414595.10000002
1711166400,2024-03-23T04:00:00+00:00,0.15865,0.16379,0.15817,0.16123,145346728.20000002
1711180800,2024-03-23T08:00:00+00:00,0.16125,0.16498,0.16116,0.1636,108617040.8
1711195200,2024-03-23T12:00:00+00:00,0.16359,0.16874,0.16288,0.16669,157379728.4
1711209600,2024-03-23T16:00:00+00:00,0.1667,0.17518,0.16551,0.16977,219050887.99999997
1711224000,2024-03-23T20:00:00+00:00,0.16974,0.17005,0.16115,0.16189,111223274.7
1711238400,2024-03-24T00:00:00+00:00,0.16198,0.17198,0.16111,0.1688,200593037.4
1711252800,2024-03-24T04:00:00+00:00,0.16884,0.174,0.16762,0.17394,163553646.0
1711267200,2024-03-24T08:00:00+00:00,0.17391,0.175,0.17119,0.17212,81078769.6
1711281600,2024-03-24T12:00:00+00:00,0.17219,0.17491,0.16997,0.17484,131253476.6
1711296000,2024-03-24T16:00:00+00:00,0.17478,0.1771,0.1691,0.17389,180189936.5
1711310400,2024-03-24T20:00:00+00:00,0.17385,0.18,0.17309,0.1765,192874302.3
1711324800,2024-03-25T00:00:00+00:00,0.17648,0.17752,0.17129,0.17254,117444846.7
1711339200,2024-03-25T04:00:00+00:00,0.17254,0.17575,0.1713,0.17141,109230452.7
1711353600,2024-03-25T08:00:00+00:00,0.17139,0.17336,0.17001,0.17062,56215825.0
1711368000,2024-03-25T12:00:00+00:00,0.17056,0.18689,0.17036,0.18296,276580319.6
1711382400,2024-03-25T16:00:00+00:00,0.18295,0.18461,0.17867,0.18038,219476249.0
1711396800,2024-03-25T20:00:00+00:00,0.18042,0.18166,0.17466,0.17526,143834399.8
1711411200,2024-03-26T00:00:00+00:00,0.17527,0.1792,0.17481,0.17728,127290216.6
1711425600,2024-03-26T04:00:00+00:00,0.17731,0.18305,0.17692,0.17923,102960662.69999999
1711440000,2024-03-26T08:00:00+00:00,0.1793,0.18715,0.17802,0.18374,174308799.79999998
1711454400,2024-03-26T12:00:00+00:00,0.18374,0.18615,0.174,0.17856,190639080.1
1711468800,2024-03-26T16:00:00+00:00,0.17852,0.1801,0.17493,0.17616,122473379.2
1711483200,2024-03-26T20:00:00+00:00,0.17615,0.18395,0.17615,0.18229,130611358.5
1711497600,2024-03-27T00:00:00+00:00,0.18228,0.18786,0.18095,0.18423,213408740.6
1711512000,2024-03-27T04:00:00+00:00,0.18426,0.18969,0.1828,0.18287,153943819.0
1711526400,2024-03-27T08:00:00+00:00,0.18297,0.1875,0.17953,0.18682,134560964.1
1711540800,2024-03-27T12:00:00+00:00,0.18675,0.1914,0.17879,0.1875,450471253.5
1711555200,2024-03-27T16:00:00+00:00,0.18759,0.1914,0.18109,0.18256,261176761.7
1711569600,2024-03-27T20:00:00+00:00,0.18253,0.19151,0.18239,0.19036,214414083.1
1711584000,2024-03-28T00:00:00+00:00,0.19042,0.20559,0.18908,0.1946,601458438.5
1711598400,2024-03-28T04:00:00+00:00,0.19464,0.20144,0.19456,0.2,141108243.0
1711612800,2024-03-28T08:00:00+00:00,0.19998,0.22,0.19829,0.217,258375703.0
1711627200,2024-03-28T12:00:00+00:00,0.21701,0.226,0.21224,0.21748,448983101.1999999
1711641600,2024-03-28T16:00:00+00:00,0.21741,0.22899,0.21562,0.22726,314330266.2
1711656000,2024-03-28T20:00:00+00:00,0.22722,0.22728,0.21625,0.21999,216912469.70000002
1711670400,2024-03-29T00:00:00+00:00,0.22008,0.22484,0.21103,0.21811,236611649.4
1711684800,2024-03-29T04:00:00+00:00,0.21809,0.21815,0.20846,0.20947,134640417.39999998
1711699200,2024-03-29T08:00:00+00:00,0.20945,0.2178,0.20915,0.21367,141515701.2
1711713600,2024-03-29T12:00:00+00:00,0.21364,0.21844,0.20781,0.20871,149026394.60000002
1711728000,2024-03-29T16:00:00+00:00,0.20872,0.21839,0.20858,0.21422,155381610.4
1711742400,2024-03-29T20:00:00+00:00,0.21421,0.21498,0.20946,0.2131,123360977.5
1711756800,2024-03-30T00:00:00+00:00,0.21311,0.21699,0.21085,0.21201,135724219.2
1711771200,2024-03-30T04:00:00+00:00,0.21215,0.21465,0.20557,0.20625,111881087.9
1711785600,2024-03-30T08:00:00+00:00,0.20616,0.2112,0.20604,0.21101,61582478.89999999
1711800000,2024-03-30T12:00:00+00:00,0.21097,0.2111,0.2029,0.20384,111119117.60000001
1711814400,2024-03-30T16:00:00+00:00,0.20385,0.20479,0.19647,0.2012,193926393.49999997
1711828800,2024-03-30T20:00:00+00:00,0.20121,0.20225,0.19827,0.19919,69979486.1
1711843200,2024-03-31T00:00:00+00:00,0.19918,0.20545,0.19913,0.20171,95150978.6
1711857600,2024-03-31T04:00:00+00:00,0.20165,0.20747,0.20146,0.20698,65151712.49999999
1711872000,2024-03-31T08:00:00+00:00,0.20697,0.20839,0.20547,0.20686,41900883.199999996
1711886400,2024-03-31T12:00:00+00:00,0.20687,0.2141,0.20584,0.21262,126151579.10000001
1711900800,2024-03-31T16:00:00+00:00,0.2126,0.22429,0.21003,0.22208,212222583.5
1711915200,2024-03-31T20:00:00+00:00,0.22205,0.2234,0.21757,0.22004,171516099.3
1711929600,2024-04-01T00:00:00+00:00,0.22003,0.22003,0.21429,0.21595,97907693.99999999
1711944000,2024-04-01T04:00:00+00:00,0.2159,0.21729,0.19752,0.20719,207625923.1
1711958400,2024-04-01T08:00:00+00:00,0.20713,0.20837,0.20186,0.20577,130623431.3
1711972800,2024-04-01T12:00:00+00:00,0.20573,0.21125,0.197,0.1992,276139534.5
1711987200,2024-04-01T16:00:00+00:00,0.19918,0.20671,0.19841,0.20635,180830444.5
1712001600,2024-04-01T20:00:00+00:00,0.20639,0.20671,0.20327,0.20513,138786914.6
1712016000,2024-04-02T00:00:00+00:00,0.20513,0.20524,0.18625,0.18885,345670802.5
1712030400,2024-04-02T04:00:00+00:00,0.18877,0.19182,0.18495,0.18689,157183100.29999998
1712044800,2024-04-02T08:00:00+00:00,0.18691,0.18788,0.18001,0.18429,197528525.7
1712059200,2024-04-02T12:00:00+00:00,0.1843,0.19074,0.18044,0.18139,293557198.7
1712073600,2024-04-02T16:00:00+00:00,0.18141,0.18931,0.18066,0.18671,202716453.3
1712088000,2024-04-02T20:00:00+00:00,0.18666,0.1878,0.18106,0.18252,114300703.80000001
1712102400,2024-04-03T00:00:00+00:00,0.18253,0.18758,0.1712,0.1862,296840884.4
1712116800,2024-04-03T04:00:00+00:00,0.18621,0.18732,0.1829,0.1846,103511315.10000001
1712131200,2024-04-03T08:00:00+00:00,0.18458,0.18759,0.18128,0.18341,105095401.3
1712145600,2024-04-03T12:00:00+00:00,0.18343,0.18482,0.17706,0.17892,188184612.10000002
1712160000,2024-04-03T16:00:00+00:00,0.17889,0.18136,0.17391,0.17573,140260141.1
1712174400,2024-04-03T20:00:00+00:00,0.17577,0.17697,0.1701,0.17526,146179002.70000002
1712188800,2024-04-04T00:00:00+00:00,0.17524,0.18056,0.17337,0.17424,104790138.8
1712203200,2024-04-04T04:00:00+00:00,0.17427,0.18092,0.17195,0.17906,82826376.0
1712217600,2024-04-04T08:00:00+00:00,0.17913,0.18254,0.17831,0.18175,69007447.5
1712232000,2024-04-04T12:00:00+00:00,0.18172,0.1885,0.18084,0.18325,151404104.00000003
1712246400,2024-04-04T16:00:00+00:00,0.18322,0.18827,0.18189,0.18237,157737156.1
1712260800,2024-04-04T20:00:00+00:00,0.18241,0.1826,0.1759,0.18007,148879157.8
1712275200,2024-04-05T00:00:00+00:00,0.18006,0.18082,0.174,0.17696,112151078.0
1712289600,2024-04-05T04:00:00+00:00,0.17686,0.17735,0.17135,0.1742,105459243.0
1712304000,2024-04-05T08:00:00+00:00,0.1742,0.17648,0.1683,0.16916,148272385.79999998
1712318400,2024-04-05T12:00:00+00:00,0.16903,0.17695,0.16755,0.17659,194957412.39999998
1712332800,2024-04-05T16:00:00+00:00,0.17653,0.17918,0.17388,0.17673,119508806.1
1712347200,2024-04-05T20:00:00+00:00,0.17665,0.17994,0.17663,0.17729,59984926.099999994
1712361600,2024-04-06T00:00:00+00:00,0.17728,0.18197,0.17649,0.1809,87258459.2
1712376000,2024-04-06T04:00:00+00:00,0.18087,0.1856,0.18022,0.18449,94332740.8
1712390400,2024-04-06T08:00:00+00:00,0.18445,0.18608,0.18219,0.18267,88836370.0
1712404800,2024-04-06T12:00:00+00:00,0.18265,0.1837,0.1801,0.18344,81298006.6
1712419200,2024-04-06T16:00:00+00:00,0.18338,0.18497,0.18207,0.18304,63844938.599999994
1712433600,2024-04-06T20:00:00+00:00,0.18302,0.18787,0.1823,0.18581,105357439.1
1712448000,2024-04-07T00:00:00+00:00,0.18577,0.19868,0.18547,0.19575,223972301.3
1712462400,2024-04-07T04:00:00+00:00,0.19574,0.19805,0.19307,0.19526,108563678.6
1712476800,2024-04-07T08:00:00+00:00,0.19528,0.19854,0.1927,0.19838,81037212.5
1712491200,2024-04-07T12:00:00+00:00,0.19836,0.20529,0.19643,0.20003,179691124.5
1712505600,2024-04-07T16:00:00+00:00,0.20008,0.20412,0.19639,0.19691,136881254.10000002
1712520000,2024-04-07T20:00:00+00:00,0.19688,0.20031,0.19564,0.19884,94661457.0
1712534400,2024-04-08T00:00:00+00:00,0.19884,0.19998,0.19548,0.19866,75739217.79999998
1712548800,2024-04-08T04:00:00+00:00,0.19856,0.20764,0.19688,0.20604,118813485.80000001
1712563200,2024-04-08T08:00:00+00:00,0.20615,0.20865,0.20521,0.20678,109879002.39999999
1712577600,2024-04-08T12:00:00+00:00,0.20686,0.209,0.20077,0.20293,136126022.2
1712592000,2024-04-08T16:00:00+00:00,0.20288,0.20503,0.20033,0.20124,82144358.4
1712606400,2024-04-08T20:00:00+00:00,0.2013,0.20364,0.20073,0.20261,57470598.8
1712620800,2024-04-09T00:00:00+00:00,0.20258,0.20347,0.1977,0.19926,121722719.4
1712635200,2024-04-09T04:00:00+00:00,0.19925,0.20131,0.19584,0.19722,120368421.89999999
1712649600,2024-04-09T08:00:00+00:00,0.19723,0.1974,0.1929,0.19687,133547398.69999999
1712664000,2024-04-09T12:00:00+00:00,0.19689,0.19707,0.18635,0.19011,148726245.3
1712678400,2024-04-09T16:00:00+00:00,0.19011,0.19017,0.18573,0.18919,102010218.80000001
1712692800,2024-04-09T20:00:00+00:00,0.18913,0.1906,0.18678,0.18908,58790017.6
1712707200,2024-04-10T00:00:00+00:00,0.18905,0.19187,0.18466,0.18832,88885423.60000001
1712721600,2024-04-10T04:00:00+00:00,0.18825,0.1916,0.18752,0.19033,35315430.1
1712736000,2024-04-10T08:00:00+00:00,0.19023,0.1903,0.18591,0.18861,37357453.1
1712750400,2024-04-10T12:00:00+00:00,0.18865,0.19426,0.17991,0.19326,196615538.3
1712764800,2024-04-10T16:00:00+00:00,0.19307,0.20191,0.19081,0.20152,171287909.2
1712779200,2024-04-10T20:00:00+00:00,0.20152,0.20216,0.19747,0.19973,140049650.0
1712793600,2024-04-11T00:00:00+00:00,0.19972,0.19972,0.195,0.19708,72829433.10000001
1712808000,2024-04-11T04:00:00+00:00,0.19703,0.20192,0.1949,0.20088,48853979.900000006
1712822400,2024-04-11T08:00:00+00:00,0.20084,0.2036,0.19336,0.19402,68983588.8
1712836800,2024-04-11T12:00:00+00:00,0.19403,0.19733,0.19003,0.19256,158382782.2
1712851200,2024-04-11T16:00:00+00:00,0.19257,0.19458,0.18976,0.19339,78554683.69999999
1712865600,2024-04-11T20:00:00+00:00,0.19339,0.1982,0.19273,0.19379,63065266.1
1712880000,2024-04-12T00:00:00+00:00,0.19382,0.19848,0.19354,0.1984,55609101.7
1712894400,2024-04-12T04:00:00+00:00,0.19841,0.20099,0.19675,0.19775,83094364.4
1712908800,2024-04-12T08:00:00+00:00,0.19776,0.20138,0.19684,0.19925,60026760.9
1712923200,2024-04-12T12:00:00+00:00,0.19918,0.19924,0.19016,0.1933,129345713.30000001
1712937600,2024-04-12T16:00:00+00:00,0.19324,0.19487,0.16,0.16959,488195005.4
1712952000,2024-04-12T20:00:00+00:00,0.16957,0.17668,0.16873,0.17448,218812696.50000003
1712966400,2024-04-13T00:00:00+00:00,0.17448,0.1745,0.1649,0.17309,309134879.2
1712980800,2024-04-13T04:00:00+00:00,0.17313,0.17603,0.17072,0.17133,85536098.1
1712995200,2024-04-13T08:00:00+00:00,0.17132,0.17441,0.16885,0.17133,97942404.7
1713009600,2024-04-13T12:00:00+00:00,0.17129,0.17361,0.16958,0.17068,69942328.0
1713024000,2024-04-13T16:00:00+00:00,0.17063,0.17151,0.14664,0.15141,449476475.09999996
1713038400,2024-04-13T20:00:00+00:00,0.15142,0.15749,0.13,0.15273,717006900.0
1713052800,2024-04-14T00:00:00+00:00,0.15269,0.1548,0.14369,0.14922,297385907.6
1713067200,2024-04-14T04:00:00+00:00,0.1492,0.16014,0.14825,0.15878,226117439.9
1713081600,2024-04-14T08:00:00+00:00,0.1588,0.16015,0.15108,0.15244,97404953.5
1713096000,2024-04-14T12:00:00+00:00,0.15235,0.15697,0.14957,0.15118,136255556.29999998
1713110400,2024-04-14T16:00:00+00:00,0.15112,0.15712,0.14558,0.1525,261991706.10000002
1713124800,2024-04-14T20:00:00+00:00,0.15246,0.16507,0.14921,0.16233,210385553.1
1713139200,2024-04-15T00:00:00+00:00,0.16232,0.16305,0.15591,0.15782,137785035.39999998
1713153600,2024-04-15T04:00:00+00:00,0.15785,0.16916,0.15562,0.16555,143072971.5
1713168000,2024-04-15T08:00:00+00:00,0.16552,0.16673,0.16225,0.16233,97604619.9
1713182400,2024-04-15T12:00:00+00:00,0.16228,0.16374,0.15178,0.15461,176899832.3
1713196800,2024-04-15T16:00:00+00:00,0.15462,0.16504,0.1504,0.15906,383982885.9
1713211200,2024-04-15T20:00:00+00:00,0.15909,0.16349,0.15624,0.16122,139102657.5
1713225600,2024-04-16T00:00:00+00:00,0.16131,0.16254,0.15383,0.15556,138007069.7
1713240000,2024-04-16T04:00:00+00:00,0.15559,0.15905,0.15043,0.15735,102974641.5
1713254400,2024-04-16T08:00:00+00:00,0.15733,0.15737,0.14965,0.15591,72614955.0
1713268800,2024-04-16T12:00:00+00:00,0.15584,0.15658,0.14735,0.14796,122627687.30000001
1713283200,2024-04-16T16:00:00+00:00,0.14792,0.15527,0.14633,0.15311,119316898.30000001
1713297600,2024-04-16T20:00:00+00:00,0.15312,0.15853,0.15291,0.15609,75835914.0
1713312000,2024-04-17T00:00:00+00:00,0.15606,0.15794,0.15436,0.15677,52047291.99999999
1713326400,2024-04-17T04:00:00+00:00,0.15669,0.15876,0.1542,0.15477,36185395.1
1713340800,2024-04-17T08:00:00+00:00,0.15476,0.15862,0.15291,0.15322,50204945.300000004
1713355200,2024-04-17T12:00:00+00:00,0.1532,0.15407,0.14424,0.14595,182821157.9
1713369600,2024-04-17T16:00:00+00:00,0.14596,0.15157,0.14436,0.14829,160237524.7
1713384000,2024-04-17T20:00:00+00:00,0.14831,0.15067,0.14643,0.14758,71282648.2
1713398400,2024-04-18T00:00:00+00:00,0.14757,0.1507,0.14429,0.14944,107203697.30000001
1713412800,2024-04-18T04:00:00+00:00,0.14948,0.14995,0.14216,0.14253,60368317.0
1713427200,2024-04-18T08:00:00+00:00,0.1426,0.15049,0.14096,0.14893,89933027.19999999
1713441600,2024-04-18T12:00:00+00:00,0.14889,0.15366,0.14498,0.15061,132699806.7
1713456000,2024-04-18T16:00:00+00:00,0.15065,0.15171,0.14689,0.15091,81498639.8
1713470400,2024-04-18T20:00:00+00:00,0.15097,0.1584,0.15019,0.15234,133162360.5
1713484800,2024-04-19T00:00:00+00:00,0.15235,0.15235,0.13889,0.14577,319539443.79999995
1713499200,2024-04-19T04:00:00+00:00,0.14581,0.15568,0.14553,0.15204,107991495.4
1713513600,2024-04-19T08:00:00+00:00,0.1521,0.15445,0.1508,0.15278,62476390.300000004
1713528000,2024-04-19T12:00:00+00:00,0.15279,0.15354,0.14981,0.15265,78118497.4
1713542400,2024-04-19T16:00:00+00:00,0.15265,0.15446,0.1502,0.15419,74863143.4
1713556800,2024-04-19T20:00:00+00:00,0.15418,0.15728,0.15073,0.15641,79542073.9
1713571200,2024-04-20T00:00:00+00:00,0.15636,0.15763,0.15284,0.15573,68962549.4
1713585600,2024-04-20T04:00:00+00:00,0.15575,0.15713,0.15429,0.1545,55019264.5
1713600000,2024-04-20T08:00:00+00:00,0.15455,0.15461,0.15068,0.1523,60734583.300000004
1713614400,2024-04-20T12:00:00+00:00,0.15231,0.1585,0.15161,0.15805,62820421.5
1713628800,2024-04-20T16:00:00+00:00,0.15802,0.16513,0.15668,0.16142,212029032.1
1713643200,2024-04-20T20:00:00+00:00,0.16148,0.16359,0.16128,0.16264,76042256.7
1713657600,2024-04-21T00:00:00+00:00,0.16261,0.16597,0.15934,0.16334,95682533.4
1713672000,2024-04-21T04:00:00+00:00,0.16333,0.16535,0.16166,0.16307,56685911.4
1713686400,2024-04-21T08:00:00+00:00,0.16311,0.16366,0.16072,0.16212,41446431.1
1713700800,2024-04-21T12:00:00+00:00,0.16219,0.16259,0.15826,0.1602,58784785.5
1713715200,2024-04-21T16:00:00+00:00,0.16022,0.16045,0.15507,0.15716,74115257.0
1713729600,2024-04-21T20:00:00+00:00,0.15715,0.16053,0.15678,0.15825,42408791.2
1713744000,2024-04-22T00:00:00+00:00,0.15823,0.16196,0.15641,0.16074,76564779.7
1713758400,2024-04-22T04:00:00+00:00,0.16071,0.16351,0.1603,0.16057,51744094.800000004
1713772800,2024-04-22T08:00:00+00:00,0.1606,0.1616,0.15871,0.15969,28630679.4
1713787200,2024-04-22T12:00:00+00:00,0.1597,0.1614,0.15773,0.15859,66860112.4
1713801600,2024-04-22T16:00:00+00:00,0.15865,0.16197,0.15786,0.16023,68711649.80000001
1713816000,2024-04-22T20:00:00+00:00,0.1602,0.16267,0.16,0.16128,52526356.300000004
1713830400,2024-04-23T00:00:00+00:00,0.16126,0.16234,0.15842,0.15867,48523663.4
1713844800,2024-04-23T04:00:00+00:00,0.15864,0.15949,0.15694,0.15762,29259326.500000004
1713859200,2024-04-23T08:00:00+00:00,0.15756,0.15932,0.15691,0.15819,14507938.899999999
1713873600,2024-04-23T12:00:00+00:00,0.15819,0.16305,0.15745,0.16135,120142307.9
1713888000,2024-04-23T16:00:00+00:00,0.16135,0.1629,0.16059,0.16115,53139109.3
1713902400,2024-04-23T20:00:00+00:00,0.16117,0.16134,0.15871,0.15977,35727861.9
1713916800,2024-04-24T00:00:00+00:00,0.15979,0.16433,0.15914,0.16266,71886891.1
1713931200,2024-04-24T04:00:00+00:00,0.16277,0.16355,0.16057,0.16133,46627631.8
1713945600,2024-04-24T08:00:00+00:00,0.16129,0.16449,0.16046,0.16331,63976740.60000001
1713960000,2024-04-24T12:00:00+00:00,0.16329,0.16368,0.15222,0.15263,184763404.8
1713974400,2024-04-24T16:00:00+00:00,0.15262,0.15563,0.15105,0.15327,96784174.9
1713988800,2024-04-24T20:00:00+00:00,0.15323,0.15391,0.14928,0.1513,64667010.1
1714003200,2024-04-25T00:00:00+00:00,0.15131,0.15301,0.1492,0.15056,40029560.400000006
1714017600,2024-04-25T04:00:00+00:00,0.15064,0.15197,0.14823,0.15006,29716811.400000002
1714032000,2024-04-25T08:00:00+00:00,0.15011,0.15105,0.14746,0.14997,37007403.5
1714046400,2024-04-25T12:00:00+00:00,0.14997,0.15171,0.14747,0.15147,73301924.60000001
1714060800,2024-04-25T16:00:00+00:00,0.15144,0.15291,0.15099,0.1524,59079672.0
1714075200,2024-04-25T20:00:00+00:00,0.15243,0.15447,0.15114,0.15126,46077950.60000001
1714089600,2024-04-26T00:00:00+00:00,0.15124,0.15164,0.14742,0.15061,76299569.4
1714104000,2024-04-26T04:00:00+00:00,0.15061,0.15178,0.14983,0.15022,20185000.7
1714118400,2024-04-26T08:00:00+00:00,0.15024,0.15157,0.14958,0.14969,18531825.6
1714132800,2024-04-26T12:00:00+00:00,0.14965,0.15095,0.14683,0.14814,83860262.2
1714147200,2024-04-26T16:00:00+00:00,0.14817,0.15007,0.14752,0.1493,31964003.3
1714161600,2024-04-26T20:00:00+00:00,0.14923,0.15023,0.14677,0.14797,33005143.0
1714176000,2024-04-27T00:00:00+00:00,0.14797,0.14894,0.14251,0.14651,86447481.3
1714190400,2024-04-27T04:00:00+00:00,0.14641,0.14684,0.14447,0.14501,26956855.400000002
1714204800,2024-04-27T08:00:00+00:00,0.145,0.14551,0.14305,0.14398,18128090.1
1714219200,2024-04-27T12:00:00+00:00,0.14404,0.14715,0.1437,0.14551,42089124.800000004
1714233600,2024-04-27T16:00:00+00:00,0.14551,0.14963,0.14529,0.14803,45722916.4
1714248000,2024-04-27T20:00:00+00:00,0.14806,0.14822,0.14663,0.14766,14362934.2
1714262400,2024-04-28T00:00:00+00:00,0.14764,0.15083,0.14748,0.1499,23233414.9
1714276800,2024-04-28T04:00:00+00:00,0.14995,0.15056,0.14935,0.15008,10679628.1
1714291200,2024-04-28T08:00:00+00:00,0.15007,0.15025,0.14818,0.14853,9886757.8
1714305600,2024-04-28T12:00:00+00:00,0.14851,0.15065,0.14846,0.14984,15924096.7
1714320000,2024-04-28T16:00:00+00:00,0.14987,0.15101,0.14969,0.15009,15939732.700000001
1714334400,2024-04-28T20:00:00+00:00,0.15006,0.15044,0.14593,0.14669,38984222.5
1714348800,2024-04-29T00:00:00+00:00,0.14665,0.14805,0.14363,0.14382,37079695.6
1714363200,2024-04-29T04:00:00+00:00,0.1438,0.14518,0.1402,0.14155,46073617.7
1714377600,2024-04-29T08:00:00+00:00,0.14155,0.14259,0.1397,0.14058,49832792.699999996
1714392000,2024-04-29T12:00:00+00:00,0.14052,0.14349,0.1397,0.14325,73482520.2
1714406400,2024-04-29T16:00:00+00:00,0.14324,0.14361,0.13968,0.14098,67836885.89999999
1714420800,2024-04-29T20:00:00+00:00,0.14104,0.14473,0.13963,0.14335,43268830.6
1714435200,2024-04-30T00:00:00+00:00,0.14337,0.14597,0.14096,0.14363,45989520.4
1714449600,2024-04-30T04:00:00+00:00,0.14362,0.14423,0.14139,0.14205,25231130.0
1714464000,2024-04-30T08:00:00+00:00,0.14203,0.14246,0.13483,0.13543,113212459.3
1714478400,2024-04-30T12:00:00+00:00,0.13538,0.136,0.13224,0.13425,97508417.30000001
1714492800,2024-04-30T16:00:00+00:00,0.13431,0.13443,0.12902,0.13056,136654504.5
1714507200,2024-04-30T20:00:00+00:00,0.13063,0.13446,0.13061,0.1333,82328475.60000001
1714521600,2024-05-01T00:00:00+00:00,0.13327,0.13381,0.1283,0.13207,72339505.3
1714536000,2024-05-01T04:00:00+00:00,0.1321,0.13311,0.12331,0.12456,126833320.6
1714550400,2024-05-01T08:00:00+00:00,0.12457,0.12553,0.1215,0.1255,137619731.4
1714564800,2024-05-01T12:00:00+00:00,0.12548,0.12727,0.11984,0.12081,169311989.4
1714579200,2024-05-01T16:00:00+00:00,0.12082,0.13348,0.12016,0.12684,253403444.5
1714593600,2024-05-01T20:00:00+00:00,0.12684,0.13071,0.12606,0.13007,126426388.39999999
1714608000,2024-05-02T00:00:00+00:00,0.13008,0.1306,0.12496,0.12609,50491753.8
1714622400,2024-05-02T04:00:00+00:00,0.12602,0.12776,0.12394,0.12685,45109847.900000006
1714636800,2024-05-02T08:00:00+00:00,0.12686,0.13244,0.12657,0.13187,102487754.5
1714651200,2024-05-02T12:00:00+00:00,0.13188,0.13433,0.12908,0.13348,165840098.4
1714665600,2024-05-02T16:00:00+00:00,0.1335,0.13448,0.13207,0.13307,76494548.7
1714680000,2024-05-02T20:00:00+00:00,0.13306,0.13399,0.13105,0.13192,47517121.4
1714694400,2024-05-03T00:00:00+00:00,0.13194,0.13582,0.13124,0.13517,67469896.8
1714708800,2024-05-03T04:00:00+00:00,0.13515,0.13556,0.13181,0.1323,32050493.4
1714723200,2024-05-03T08:00:00+00:00,0.13237,0.13374,0.13115,0.13259,26316489.6
1714737600,2024-05-03T12:00:00+00:00,0.1326,0.13988,0.13242,0.13885,139245955.5
1714752000,2024-05-03T16:00:00+00:00,0.13889,0.14096,0.13889,0.14061,58025167.2
1714766400,2024-05-03T20:00:00+00:00,0.1406,0.1482,0.14043,0.14612,117284182.5
1714780800,2024-05-04T00:00:00+00:00,0.14611,0.15227,0.14577,0.14944,114097615.6
1714795200,2024-05-04T04:00:00+00:00,0.14945,0.15198,0.1488,0.15021,45753751.5
1714809600,2024-05-04T08:00:00+00:00,0.15014,0.16259,0.15014,0.15827,142496901.8
1714824000,2024-05-04T12:00:00+00:00,0.15823,0.1703,0.15751,0.16329,330741295.4
1714838400,2024-05-04T16:00:00+00:00,0.1633,0.16376,0.15822,0.1608,127856901.5
1714852800,2024-05-04T20:00:00+00:00,0.16081,0.16383,0.15894,0.16011,76124070.8
1714867200,2024-05-05T00:00:00+00:00,0.16011,0.16277,0.15451,0.15835,140291574.2
1714881600,2024-05-05T04:00:00+00:00,0.15841,0.16268,0.15828,0.16177,81505901.9
1714896000,2024-05-05T08:00:00+00:00,0.16175,0.16277,0.16015,0.16092,35097902.699999996
1714910400,2024-05-05T12:00:00+00:00,0.16096,0.16239,0.15873,0.16191,56872892.099999994
1714924800,2024-05-05T16:00:00+00:00,0.16192,0.16354,0.16031,0.16232,46693418.800000004
1714939200,2024-05-05T20:00:00+00:00,0.16223,0.16226,0.15948,0.16103,40897911.7
1714953600,2024-05-06T00:00:00+00:00,0.16103,0.16603,0.16102,0.16188,91864700.60000001
1714968000,2024-05-06T04:00:00+00:00,0.16185,0.16447,0.16135,0.16419,44724926.400000006
1714982400,2024-05-06T08:00:00+00:00,0.1642,0.16905,0.15992,0.16205,129441592.19999999
1714996800,2024-05-06T12:00:00+00:00,0.1621,0.16255,0.155,0.15821,116971699.2
1715011200,2024-05-06T16:00:00+00:00,0.15823,0.15868,0.15405,0.15701,81019164.6
1715025600,2024-05-06T20:00:00+00:00,0.157,0.15868,0.15627,0.15649,55255306.900000006
1715040000,2024-05-07T00:00:00+00:00,0.15648,0.15872,0.15321,0.1549,82354715.3
1715054400,2024-05-07T04:00:00+00:00,0.1548,0.15681,0.15467,0.15606,40091077.5
1715068800,2024-05-07T08:00:00+00:00,0.15602,0.1599,0.15579,0.1564,70074495.2
1715083200,2024-05-07T12:00:00+00:00,0.15645,0.15904,0.15479,0.15638,60197422.699999996
1715097600,2024-05-07T16:00:00+00:00,0.15635,0.15711,0.1524,0.1535,61510098.6
1715112000,2024-05-07T20:00:00+00:00,0.1535,0.15426,0.14926,0.15,71134119.8
1715126400,2024-05-08T00:00:00+00:00,0.14997,0.15196,0.14871,0.15146,37905940.8
1715140800,2024-05-08T04:00:00+00:00,0.15147,0.15183,0.14729,0.14774,34674323.0
1715155200,2024-05-08T08:00:00+00:00,0.14775,0.14937,0.14649,0.14689,39685046.6
1715169600,2024-05-08T12:00:00+00:00,0.14689,0.1508,0.14607,0.14854,86152785.5
1715184000,2024-05-08T16:00:00+00:00,0.14854,0.15066,0.14619,0.14658,49234329.900000006
1715198400,2024-05-08T20:00:00+00:00,0.14657,0.14721,0.14201,0.14314,76984703.2
1715212800,2024-05-09T00:00:00+00:00,0.14317,0.14813,0.14304,0.14777,41264873.5
1715227200,2024-05-09T04:00:00+00:00,0.1478,0.1489,0.14528,0.1459,24990812.9
1715241600,2024-05-09T08:00:00+00:00,0.14595,0.14665,0.14332,0.14579,40809697.599999994
1715256000,2024-05-09T12:00:00+00:00,0.1459,0.15018,0.14541,0.14886,99425816.10000001
1715270400,2024-05-09T16:00:00+00:00,0.14886,0.15038,0.14721,0.15005,57726683.9
1715284800,2024-05-09T20:00:00+00:00,0.15004,0.15431,0.14978,0.1522,59533659.099999994
1715299200,2024-05-10T00:00:00+00:00,0.15217,0.15218,0.14942,0.15063,31236811.5
1715313600,2024-05-10T04:00:00+00:00,0.15065,0.1539,0.15025,0.15236,33984093.3
1715328000,2024-05-10T08:00:00+00:00,0.15237,0.15256,0.14992,0.15129,28799500.2
1715342400,2024-05-10T12:00:00+00:00,0.15131,0.15179,0.14344,0.1449,117982064.0
1715356800,2024-05-10T16:00:00+00:00,0.14492,0.14568,0.14247,0.14308,79243146.1
1715371200,2024-05-10T20:00:00+00:00,0.14306,0.14457,0.14221,0.14395,39318394.6
1715385600,2024-05-11T00:00:00+00:00,0.14388,0.14625,0.14351,0.14392,17591408.5
1715400000,2024-05-11T04:00:00+00:00,0.14393,0.14518,0.14384,0.14446,9476677.5
1715414400,2024-05-11T08:00:00+00:00,0.14447,0.14466,0.14244,0.14326,15766062.2
1715428800,2024-05-11T12:00:00+00:00,0.14324,0.14591,0.14302,0.1445,23914374.1
1715443200,2024-05-11T16:00:00+00:00,0.14454,0.14525,0.14392,0.14472,16403507.1
1715457600,2024-05-11T20:00:00+00:00,0.14468,0.14472,0.14255,0.14305,14013113.4
1715472000,2024-05-12T00:00:00+00:00,0.14303,0.14441,0.1428,0.14346,10059705.1
1715486400,2024-05-12T04:00:00+00:00,0.14345,0.14417,0.13954,0.14022,32066966.799999997
1715500800,2024-05-12T08:00:00+00:00,0.14021,0.14433,0.13952,0.14318,42003045.3
1715515200,2024-05-12T12:00:00+00:00,0.14317,0.14366,0.14197,0.14303,23685816.0
1715529600,2024-05-12T16:00:00+00:00,0.14308,0.14423,0.1404,0.14098,26319922.4
1715544000,2024-05-12T20:00:00+00:00,0.14099,0.14156,0.14003,0.14117,22158484.0
1715558400,2024-05-13T00:00:00+00:00,0.14116,0.14261,0.1358,0.13737,65329823.400000006
1715572800,2024-05-13T04:00:00+00:00,0.13738,0.14342,0.1362,0.14274,56725915.8
1715587200,2024-05-13T08:00:00+00:00,0.14263,0.14532,0.14181,0.14306,63685414.2
1715601600,2024-05-13T12:00:00+00:00,0.14309,0.15385,0.14231,0.15242,270928498.2
1715616000,2024-05-13T16:00:00+00:00,0.15245,0.15738,0.14761,0.1507,229653763.5
1715630400,2024-05-13T20:00:00+00:00,0.15067,0.15102,0.14744,0.14861,43062258.300000004
1715644800,2024-05-14T00:00:00+00:00,0.14859,0.15231,0.14707,0.14997,131419724.19999999
1715659200,2024-05-14T04:00:00+00:00,0.14994,0.1528,0.14595,0.15229,68751500.5
1715673600,2024-05-14T08:00:00+00:00,0.15234,0.15242,0.1479,0.15219,87243436.8
1715688000,2024-05-14T12:00:00+00:00,0.15215,0.1551,0.14609,0.14807,241996733.9
1715702400,2024-05-14T16:00:00+00:00,0.14808,0.14845,0.14472,0.14602,61009274.800000004
1715716800,2024-05-14T20:00:00+00:00,0.14604,0.14738,0.14418,0.14545,40939459.8
1715731200,2024-05-15T00:00:00+00:00,0.14544,0.14712,0.14541,0.14632,40405216.3
1715745600,2024-05-15T04:00:00+00:00,0.14633,0.1495,0.14519,0.14948,39292570.3
1715760000,2024-05-15T08:00:00+00:00,0.14946,0.15192,0.1478,0.14938,50862149.7
1715774400,2024-05-15T12:00:00+00:00,0.14937,0.1541,0.14792,0.15133,195013748.40000004
1715788800,2024-05-15T16:00:00+00:00,0.15131,0.15411,0.14947,0.15372,116263181.8
1715803200,2024-05-15T20:00:00+00:00,0.15368,0.15699,0.15312,0.15535,97046283.89999999
1715817600,2024-05-16T00:00:00+00:00,0.15535,0.15937,0.15362,0.15765,111782395.0
1715832000,2024-05-16T04:00:00+00:00,0.15768,0.15768,0.15541,0.15619,34586885.7
1715846400,2024-05-16T08:00:00+00:00,0.15616,0.15648,0.15416,0.15519,34405673.8
1715860800,2024-05-16T12:00:00+00:00,0.15523,0.15536,0.14944,0.15156,91723901.2
1715875200,2024-05-16T16:00:00+00:00,0.15157,0.15172,0.14959,0.14991,51258134.8
1715889600,2024-05-16T20:00:00+00:00,0.14991,0.15058,0.14868,0.14975,32819721.2
1715904000,2024-05-17T00:00:00+00:00,0.14975,0.15122,0.14937,0.15058,55565872.5
1715918400,2024-05-17T04:00:00+00:00,0.15057,0.154,0.14912,0.15379,37924829.400000006
1715932800,2024-05-17T08:00:00+00:00,0.1538,0.15409,0.15193,0.15211,39680630.9
1715947200,2024-05-17T12:00:00+00:00,0.15209,0.15627,0.15118,0.15565,68172336.3
1715961600,2024-05-17T16:00:00+00:00,0.15565,0.15678,0.15267,0.15409,80516352.5
1715976000,2024-05-17T20:00:00+00:00,0.15409,0.15633,0.15385,0.1556,34727038.5
1715990400,2024-05-18T00:00:00+00:00,0.15564,0.15697,0.15427,0.15625,29315865.700000003
1716004800,2024-05-18T04:00:00+00:00,0.15629,0.15675,0.15427,0.15463,21031156.8
1716019200,2024-05-18T08:00:00+00:00,0.15463,0.15649,0.15447,0.15605,13643994.8
1716033600,2024-05-18T12:00:00+00:00,0.15609,0.15626,0.15129,0.15291,40570150.6
1716048000,2024-05-18T16:00:00+00:00,0.15292,0.15365,0.1522,0.15307,19529946.2
1716062400,2024-05-18T20:00:00+00:00,0.15304,0.15402,0.15255,0.15309,23665091.2
1716076800,2024-05-19T00:00:00+00:00,0.15312,0.15605,0.15258,0.15571,20845536.1
1716091200,2024-05-19T04:00:00+00:00,0.15571,0.15592,0.15319,0.15402,16729924.799999999
1716105600,2024-05-19T08:00:00+00:00,0.15404,0.1541,0.15123,0.15225,17933189.4
1716120000,2024-05-19T12:00:00+00:00,0.1522,0.15224,0.14899,0.15046,55635895.9
1716134400,2024-05-19T16:00:00+00:00,0.15047,0.15063,0.1486,0.14895,33953161.8
1716148800,2024-05-19T20:00:00+00:00,0.14891,0.14959,0.14729,0.14912,26247948.400000002
1716163200,2024-05-20T00:00:00+00:00,0.14913,0.15181,0.14771,0.1509,31319818.2
1716177600,2024-05-20T04:00:00+00:00,0.15091,0.15333,0.1489,0.15103,29470757.099999998
1716192000,2024-05-20T08:00:00+00:00,0.15105,0.15254,0.15069,0.15077,12793946.0
1716206400,2024-05-20T12:00:00+00:00,0.15078,0.15309,0.15041,0.1523,55916337.300000004
1716220800,2024-05-20T16:00:00+00:00,0.1523,0.1578,0.15174,0.15764,100998322.3
1716235200,2024-05-20T20:00:00+00:00,0.15768,0.16637,0.15586,0.16575,218774413.7
1716249600,2024-05-21T00:00:00+00:00,0.16575,0.16738,0.16063,0.1634,147869442.60000002
1716264000,2024-05-21T04:00:00+00:00,0.16337,0.16423,0.16076,0.16401,62673084.599999994
1716278400,2024-05-21T08:00:00+00:00,0.16407,0.16585,0.16314,0.16471,48825937.8
1716292800,2024-05-21T12:00:00+00:00,0.16461,0.17494,0.1636,0.16607,264208237.5
1716307200,2024-05-21T16:00:00+00:00,0.16606,0.17011,0.16315,0.16427,123519321.19999999
1716321600,2024-05-21T20:00:00+00:00,0.16421,0.17122,0.16408,0.17021,117415100.2
1716336000,2024-05-22T00:00:00+00:00,0.17019,0.1748,0.17002,0.17072,162485330.9
1716350400,2024-05-22T04:00:00+00:00,0.17078,0.17112,0.16597,0.1681,50973109.5
1716364800,2024-05-22T08:00:00+00:00,0.16804,0.16991,0.1652,0.1652,42098116.3
1716379200,2024-05-22T12:00:00+00:00,0.1652,0.17066,0.16169,0.16961,134287216.4
1716393600,2024-05-22T16:00:00+00:00,0.16963,0.16992,0.16376,0.16517,87186960.3
1716408000,2024-05-22T20:00:00+00:00,0.16522,0.16832,0.16443,0.16623,52229930.8
1716422400,2024-05-23T00:00:00+00:00,0.16623,0.1676,0.16407,0.16724,42445905.800000004
1716436800,2024-05-23T04:00:00+00:00,0.16718,0.16775,0.16506,0.16689,36597272.0
1716451200,2024-05-23T08:00:00+00:00,0.16692,0.16907,0.16492,0.16897,46908561.2
1716465600,2024-05-23T12:00:00+00:00,0.16888,0.1694,0.15616,0.15939,182928181.2
1716480000,2024-05-23T16:00:00+00:00,0.1594,0.16125,0.15585,0.15755,88882861.39999999
1716494400,2024-05-23T20:00:00+00:00,0.15756,0.16198,0.15168,0.15965,166014968.3
1716508800,2024-05-24T00:00:00+00:00,0.15964,0.16038,0.158,0.15956,36808312.900000006
1716523200,2024-05-24T04:00:00+00:00,0.15953,0.17086,0.15511,0.15845,226496265.1
1716537600,2024-05-24T08:00:00+00:00,0.15842,0.16375,0.15634,0.16329,54680228.4
1716552000,2024-05-24T12:00:00+00:00,0.16317,0.1733,0.16187,0.16647,253384649.89999998
1716566400,2024-05-24T16:00:00+00:00,0.16646,0.16741,0.16361,0.16557,93221251.9
1716580800,2024-05-24T20:00:00+00:00,0.16548,0.16647,0.16253,0.16381,54389554.0
1716595200,2024-05-25T00:00:00+00:00,0.16382,0.16452,0.16262,0.16403,35269382.7
1716609600,2024-05-25T04:00:00+00:00,0.16404,0.16597,0.16361,0.16548,25823132.599999998
1716624000,2024-05-25T08:00:00+00:00,0.16548,0.1697,0.16511,0.16682,61940857.599999994
1716638400,2024-05-25T12:00:00+00:00,0.16685,0.16883,0.16425,0.1669,85392509.80000001
1716652800,2024-05-25T16:00:00+00:00,0.16687,0.17092,0.1668,0.16986,71233884.6
1716667200,2024-05-25T20:00:00+00:00,0.16988,0.17421,0.16864,0.17393,58447317.3
1716681600,2024-05-26T00:00:00+00:00,0.17394,0.17485,0.16946,0.17382,103072395.4
1716696000,2024-05-26T04:00:00+00:00,0.17379,0.17379,0.17082,0.17265,36613824.3
1716710400,2024-05-26T08:00:00+00:00,0.1725,0.173,0.16879,0.17083,37941761.699999996
1716724800,2024-05-26T12:00:00+00:00,0.17085,0.17085,0.16602,0.16725,89413125.3
1716739200,2024-05-26T16:00:00+00:00,0.16728,0.16851,0.16646,0.16825,39954287.800000004
1716753600,2024-05-26T20:00:00+00:00,0.16827,0.16848,0.16538,0.1661,32066157.299999997
1716768000,2024-05-27T00:00:00+00:00,0.16614,0.16874,0.16604,0.16632,54772403.0
1716782400,2024-05-27T04:00:00+00:00,0.16633,0.16714,0.16406,0.16579,57006166.199999996
1716796800,2024-05-27T08:00:00+00:00,0.16574,0.16811,0.1647,0.16766,61289953.0
1716811200,2024-05-27T12:00:00+00:00,0.16772,0.17353,0.16715,0.17229,115217296.29999998
1716825600,2024-05-27T16:00:00+00:00,0.17229,0.17269,0.16608,0.16685,59261872.1
1716840000,2024-05-27T20:00:00+00:00,0.16687,0.16943,0.16632,0.16892,51455938.49999999
1716854400,2024-05-28T00:00:00+00:00,0.16893,0.16966,0.164,0.16518,66604842.5
1716868800,2024-05-28T04:00:00+00:00,0.16515,0.16554,0.163,0.16372,27276877.8
1716883200,2024-05-28T08:00:00+00:00,0.16366,0.16769,0.16352,0.16577,41521136.2
1716897600,2024-05-28T12:00:00+00:00,0.16583,0.1661,0.16192,0.16366,94563850.0
1716912000,2024-05-28T16:00:00+00:00,0.16372,0.16483,0.16135,0.16458,55879366.0
1716926400,2024-05-28T20:00:00+00:00,0.16458,0.16704,0.164,0.16478,51654248.3
1716940800,2024-05-29T00:00:00+00:00,0.16479,0.17071,0.16469,0.16961,85246347.80000001
1716955200,2024-05-29T04:00:00+00:00,0.16961,0.17051,0.16632,0.16666,74225911.19999999
1716969600,2024-05-29T08:00:00+00:00,0.16666,0.16698,0.1638,0.16418,52667790.7
1716984000,2024-05-29T12:00:00+00:00,0.16427,0.16682,0.16312,0.16366,65531681.699999996
1716998400,2024-05-29T16:00:00+00:00,0.16367,0.16664,0.16205,0.16502,58760037.400000006
1717012800,2024-05-29T20:00:00+00:00,0.16503,0.16562,0.16266,0.16365,63255745.6
1717027200,2024-05-30T00:00:00+00:00,0.16369,0.16531,0.1625,0.16497,54459130.5
1717041600,2024-05-30T04:00:00+00:00,0.16501,0.1655,0.15735,0.15836,56210942.900000006
1717056000,2024-05-30T08:00:00+00:00,0.1583,0.16027,0.15633,0.15888,45564413.1
1717070400,2024-05-30T12:00:00+00:00,0.1589,0.16481,0.15862,0.164,105682013.39999999
1717084800,2024-05-30T16:00:00+00:00,0.16399,0.1647,0.16061,0.16109,70761191.69999999
1717099200,2024-05-30T20:00:00+00:00,0.16097,0.16097,0.15838,0.15942,74384662.4
1717113600,2024-05-31T00:00:00+00:00,0.15944,0.16073,0.15876,0.16017,19644721.0
1717128000,2024-05-31T04:00:00+00:00,0.16018,0.1606,0.15794,0.15975,19471192.599999998
1717142400,2024-05-31T08:00:00+00:00,0.15969,0.16126,0.15846,0.16079,27882618.9
1717156800,2024-05-31T12:00:00+00:00,0.16082,0.16249,0.15645,0.1565,68834273.0
1717171200,2024-05-31T16:00:00+00:00,0.1565,0.15945,0.15419,0.15893,79545741.5
1717185600,2024-05-31T20:00:00+00:00,0.15896,0.16031,0.15806,0.15886,26313082.3
1717200000,2024-06-01T00:00:00+00:00,0.15885,0.15962,0.15826,0.15934,17723165.4
1717214400,2024-06-01T04:00:00+00:00,0.15931,0.15971,0.15876,0.1589,15666719.8
1717228800,2024-06-01T08:00:00+00:00,0.1589,0.15969,0.15881,0.15933,5860253.7
1717243200,2024-06-01T12:00:00+00:00,0.15928,0.16163,0.1591,0.15988,41283527.5
1717257600,2024-06-01T16:00:00+00:00,0.15989,0.16081,0.15932,0.16057,15800253.5
1717272000,2024-06-01T20:00:00+00:00,0.16058,0.16134,0.15986,0.16017,12200622.799999999
1717286400,2024-06-02T00:00:00+00:00,0.16016,0.16124,0.15933,0.16015,14903177.0
1717300800,2024-06-02T04:00:00+00:00,0.16015,0.16025,0.1585,0.15857,11851982.7
1717315200,2024-06-02T08:00:00+00:00,0.1586,0.15936,0.15696,0.15917,17326021.7
1717329600,2024-06-02T12:00:00+00:00,0.15914,0.15964,0.15816,0.15864,11486878.4
1717344000,2024-06-02T16:00:00+00:00,0.15865,0.15879,0.15458,0.15594,38991567.1
1717358400,2024-06-02T20:00:00+00:00,0.15592,0.15773,0.15492,0.15711,18627633.4
1717372800,2024-06-03T00:00:00+00:00,0.15705,0.16095,0.1557,0.15969,92469937.70000002
1717387200,2024-06-03T04:00:00+00:00,0.15969,0.16194,0.15883,0.16151,25512878.000000004
1717401600,2024-06-03T08:00:00+00:00,0.16153,0.16259,0.16085,0.16156,29707241.599999998
1717416000,2024-06-03T12:00:00+00:00,0.16157,0.1635,0.15889,0.16133,77136783.69999999
1717430400,2024-06-03T16:00:00+00:00,0.16134,0.16146,0.15917,0.1601,27933205.0
1717444800,2024-06-03T20:00:00+00:00,0.1601,0.16054,0.15779,0.15832,27738624.3
1717459200,2024-06-04T00:00:00+00:00,0.15832,0.15972,0.15754,0.15936,24490517.6
1717473600,2024-06-04T04:00:00+00:00,0.15935,0.15936,0.15711,0.15825,19092556.9
1717488000,2024-06-04T08:00:00+00:00,0.15825,0.15872,0.157,0.15826,9215742.399999999
1717502400,2024-06-04T12:00:00+00:00,0.15833,0.16043,0.15829,0.16027,25602276.3
1717516800,2024-06-04T16:00:00+00:00,0.16029,0.16188,0.15936,0.16072,50820747.50000001
1717531200,2024-06-04T20:00:00+00:00,0.16072,0.16155,0.16002,0.16137,17099421.2
1717545600,2024-06-05T00:00:00+00:00,0.16136,0.16387,0.1612,0.16296,42538447.5
1717560000,2024-06-05T04:00:00+00:00,0.16298,0.16484,0.16204,0.16396,30087008.0
1717574400,2024-06-05T08:00:00+00:00,0.16395,0.16423,0.16209,0.16254,14705863.0
1717588800,2024-06-05T12:00:00+00:00,0.16252,0.16413,0.16132,0.16341,31780283.7
1717603200,2024-06-05T16:00:00+00:00,0.16346,0.16425,0.1622,0.16363,29095874.2
1717617600,2024-06-05T20:00:00+00:00,0.16364,0.16412,0.16257,0.16326,19880608.5
1717632000,2024-06-06T00:00:00+00:00,0.16325,0.16351,0.16231,0.16251,17847804.0
1717646400,2024-06-06T04:00:00+00:00,0.16252,0.16281,0.16145,0.16212,14344667.7
1717660800,2024-06-06T08:00:00+00:00,0.16211,0.16345,0.16149,0.16335,17633613.6
1717675200,2024-06-06T12:00:00+00:00,0.16335,0.16567,0.16202,0.16297,58764461.2
1717689600,2024-06-06T16:00:00+00:00,0.16294,0.16328,0.159,0.15965,48287124.800000004
1717704000,2024-06-06T20:00:00+00:00,0.15966,0.16087,0.15824,0.16005,29877353.6
1717718400,2024-06-07T00:00:00+00:00,0.16005,0.16102,0.15954,0.16096,23632137.400000002
1717732800,2024-06-07T04:00:00+00:00,0.16095,0.16211,0.16068,0.16089,16571977.0
1717747200,2024-06-07T08:00:00+00:00,0.1609,0.16132,0.15976,0.16104,25513483.700000003
1717761600,2024-06-07T12:00:00+00:00,0.1611,0.16179,0.15838,0.15983,65333932.6
1717776000,2024-06-07T16:00:00+00:00,0.15984,0.16038,0.1399,0.14823,215679954.29999998
1717790400,2024-06-07T20:00:00+00:00,0.14826,0.14983,0.14724,0.14816,54814838.6
1717804800,2024-06-08T00:00:00+00:00,0.14816,0.14865,0.14752,0.1486,23940379.4
1717819200,2024-06-08T04:00:00+00:00,0.14864,0.14872,0.1472,0.1483,25180400.799999997
1717833600,2024-06-08T08:00:00+00:00,0.14829,0.14829,0.14509,0.14551,33045089.2
1717848000,2024-06-08T12:00:00+00:00,0.14549,0.14696,0.14347,0.1463,50492537.6
1717862400,2024-06-08T16:00:00+00:00,0.1463,0.14699,0.14432,0.14611,53721302.7
1717876800,2024-06-08T20:00:00+00:00,0.14611,0.14661,0.14507,0.14588,26996887.7
1717891200,2024-06-09T00:00:00+00:00,0.1459,0.14726,0.14494,0.14566,24017246.1
1717905600,2024-06-09T04:00:00+00:00,0.14565,0.14659,0.14506,0.1457,20211218.9
1717920000,2024-06-09T08:00:00+00:00,0.14567,0.14628,0.14545,0.14608,11869565.399999999
1717934400,2024-06-09T12:00:00+00:00,0.14604,0.14755,0.1457,0.14686,28844551.1
1717948800,2024-06-09T16:00:00+00:00,0.14685,0.14917,0.14675,0.14776,25024126.2
1717963200,2024-06-09T20:00:00+00:00,0.14776,0.14792,0.14656,0.14678,19013564.4
1717977600,2024-06-10T00:00:00+00:00,0.14677,0.14689,0.14563,0.14594,24272605.7
1717992000,2024-06-10T04:00:00+00:00,0.14593,0.14619,0.14325,0.1434,18018288.6
1718006400,2024-06-10T08:00:00+00:00,0.14335,0.14563,0.14329,0.14492,16399472.3
1718020800,2024-06-10T12:00:00+00:00,0.14492,0.14794,0.14389,0.14707,59041419.7
1718035200,2024-06-10T16:00:00+00:00,0.14707,0.14726,0.14433,0.14446,43914770.6
1718049600,2024-06-10T20:00:00+00:00,0.14445,0.1449,0.1432,0.1447,43395909.300000004
1718064000,2024-06-11T00:00:00+00:00,0.1447,0.14511,0.14032,0.14214,98695443.5
1718078400,2024-06-11T04:00:00+00:00,0.14207,0.14212,0.13912,0.14104,48440589.199999996
1718092800,2024-06-11T08:00:00+00:00,0.14101,0.14232,0.14054,0.14109,27725581.1
1718107200,2024-06-11T12:00:00+00:00,0.14111,0.14152,0.13528,0.13677,95403730.9
1718121600,2024-06-11T16:00:00+00:00,0.13673,0.13857,0.13356,0.13795,98588499.5
1718136000,2024-06-11T20:00:00+00:00,0.13794,0.13909,0.13759,0.13805,24167397.1
1718150400,2024-06-12T00:00:00+00:00,0.13803,0.13886,0.13458,0.13881,52345529.4
1718164800,2024-06-12T04:00:00+00:00,0.13882,0.1402,0.13865,0.13999,35167730.9
1718179200,2024-06-12T08:00:00+00:00,0.13998,0.14113,0.13916,0.13918,38835344.2
1718193600,2024-06-12T12:00:00+00:00,0.13925,0.14992,0.13908,0.14942,199814953.7
1718208000,2024-06-12T16:00:00+00:00,0.14944,0.15067,0.14313,0.14409,143958052.1
1718222400,2024-06-12T20:00:00+00:00,0.14404,0.14642,0.14311,0.14615,54566885.1
1718236800,2024-06-13T00:00:00+00:00,0.14616,0.14644,0.14133,0.1428,51335724.099999994
1718251200,2024-06-13T04:00:00+00:00,0.14279,0.14405,0.14243,0.14397,25489470.6
1718265600,2024-06-13T08:00:00+00:00,0.14397,0.14489,0.14299,0.14347,34320645.4
1718280000,2024-06-13T12:00:00+00:00,0.14345,0.14559,0.14023,0.14107,93114372.5
1718294400,2024-06-13T16:00:00+00:00,0.14107,0.14283,0.14003,0.14185,69633447.7
1718308800,2024-06-13T20:00:00+00:00,0.14185,0.14232,0.14033,0.14103,26542394.1
1718323200,2024-06-14T00:00:00+00:00,0.141,0.14296,0.14033,0.14151,57986489.9
1718337600,2024-06-14T04:00:00+00:00,0.14151,0.14313,0.14151,0.14265,21107790.8
1718352000,2024-06-14T08:00:00+00:00,0.14265,0.14332,0.14191,0.14225,16439303.399999999
1718366400,2024-06-14T12:00:00+00:00,0.14227,0.14278,0.13862,0.13937,36375827.6
1718380800,2024-06-14T16:00:00+00:00,0.13934,0.13956,0.13184,0.13352,146456149.1
1718395200,2024-06-14T20:00:00+00:00,0.13352,0.13622,0.13303,0.13493,61859069.89999999
1718409600,2024-06-15T00:00:00+00:00,0.13495,0.13604,0.13405,0.1357,36358870.6
1718424000,2024-06-15T04:00:00+00:00,0.1357,0.13709,0.13519,0.13622,18484475.5
1718438400,2024-06-15T08:00:00+00:00,0.13624,0.13719,0.13601,0.1367,25712334.2
1718452800,2024-06-15T12:00:00+00:00,0.13668,0.13743,0.13594,0.13679,21148530.200000003
1718467200,2024-06-15T16:00:00+00:00,0.13679,0.137,0.13579,0.13658,21260728.400000002
1718481600,2024-06-15T20:00:00+00:00,0.13659,0.13687,0.13572,0.13669,13204942.8
1718496000,2024-06-16T00:00:00+00:00,0.13668,0.1367,0.13496,0.13523,17413152.2
1718510400,2024-06-16T04:00:00+00:00,0.13522,0.1366,0.13459,0.13615,11452782.0
1718524800,2024-06-16T08:00:00+00:00,0.13609,0.13646,0.1353,0.13565,7562034.7
1718539200,2024-06-16T12:00:00+00:00,0.13564,0.13699,0.13542,0.13686,42254126.4
1718553600,2024-06-16T16:00:00+00:00,0.13686,0.13692,0.13585,0.13618,17769011.6
1718568000,2024-06-16T20:00:00+00:00,0.13618,0.13756,0.13567,0.13704,17716165.7
1718582400,2024-06-17T00:00:00+00:00,0.13703,0.13812,0.13438,0.13479,25095946.099999998
1718596800,2024-06-17T04:00:00+00:00,0.13483,0.13573,0.13273,0.13368,19986075.5
1718611200,2024-06-17T08:00:00+00:00,0.13374,0.13488,0.13203,0.13423,60838226.099999994
1718625600,2024-06-17T12:00:00+00:00,0.1342,0.13463,0.1283,0.1295,76605635.80000001
1718640000,2024-06-17T16:00:00+00:00,0.12953,0.13387,0.12593,0.13247,102498283.99999999
1718654400,2024-06-17T20:00:00+00:00,0.13251,0.13252,0.12851,0.12875,44475338.8
1718668800,2024-06-18T00:00:00+00:00,0.12874,0.12927,0.11381,0.1218,190673871.99999997
1718683200,2024-06-18T04:00:00+00:00,0.1218,0.12335,0.12083,0.12273,52631748.900000006
1718697600,2024-06-18T08:00:00+00:00,0.1227,0.12307,0.11908,0.12049,49934446.9
1718712000,2024-06-18T12:00:00+00:00,0.12051,0.12134,0.11764,0.11936,112490248.39999999
1718726400,2024-06-18T16:00:00+00:00,0.11936,0.12052,0.11817,0.12039,82036776.69999999
1718740800,2024-06-18T20:00:00+00:00,0.1204,0.12253,0.11974,0.12218,50126251.699999996
1718755200,2024-06-19T00:00:00+00:00,0.12219,0.12676,0.12129,0.12569,97079385.20000002
1718769600,2024-06-19T04:00:00+00:00,0.12569,0.12631,0.12505,0.12544,31899951.1
1718784000,2024-06-19T08:00:00+00:00,0.12543,0.12589,0.12314,0.12382,38054110.900000006
1718798400,2024-06-19T12:00:00+00:00,0.12381,0.12467,0.12158,0.12212,67208094.4
1718812800,2024-06-19T16:00:00+00:00,0.12212,0.12424,0.12176,0.12265,64234852.0
1718827200,2024-06-19T20:00:00+00:00,0.12266,0.12353,0.12171,0.12245,46198178.6
1718841600,2024-06-20T00:00:00+00:00,0.12244,0.12416,0.12138,0.12272,35089879.099999994
1718856000,2024-06-20T04:00:00+00:00,0.12271,0.12599,0.12206,0.12587,34105120.5
1718870400,2024-06-20T08:00:00+00:00,0.12587,0.12876,0.12509,0.12645,43645019.900000006
1718884800,2024-06-20T12:00:00+00:00,0.12645,0.1268,0.12187,0.12257,52172874.2
1718899200,2024-06-20T16:00:00+00:00,0.12256,0.12511,0.12126,0.12459,74851083.7
1718913600,2024-06-20T20:00:00+00:00,0.12456,0.12488,0.12409,0.12448,18848217.1
1718928000,2024-06-21T00:00:00+00:00,0.12445,0.12565,0.12317,0.12383,33006805.1
1718942400,2024-06-21T04:00:00+00:00,0.12382,0.1246,0.12315,0.12341,15897730.8
1718956800,2024-06-21T08:00:00+00:00,0.12341,0.125,0.12177,0.12442,37458012.2
1718971200,2024-06-21T12:00:00+00:00,0.12437,0.12472,0.12128,0.12269,49586480.900000006
1718985600,2024-06-21T16:00:00+00:00,0.12269,0.12457,0.12194,0.12408,41354521.300000004
1719000000,2024-06-21T20:00:00+00:00,0.12405,0.12529,0.12318,0.1241,21014104.299999997
1719014400,2024-06-22T00:00:00+00:00,0.12409,0.1247,0.12283,0.12417,12787733.700000001
1719028800,2024-06-22T04:00:00+00:00,0.12418,0.12466,0.12372,0.12396,14783620.500000002
1719043200,2024-06-22T08:00:00+00:00,0.12395,0.1247,0.12333,0.12447,19240925.9
1719057600,2024-06-22T12:00:00+00:00,0.1245,0.1255,0.12407,0.12504,22593552.4
1719072000,2024-06-22T16:00:00+00:00,0.12504,0.12527,0.12366,0.12427,39231509.300000004
1719086400,2024-06-22T20:00:00+00:00,0.12426,0.12431,0.12363,0.1237,16421622.6
1719100800,2024-06-23T00:00:00+00:00,0.12371,0.12486,0.12365,0.12465,12341026.799999999
1719115200,2024-06-23T04:00:00+00:00,0.12462,0.12496,0.12429,0.12485,9268788.6
1719129600,2024-06-23T08:00:00+00:00,0.12488,0.12545,0.12405,0.12454,9653900.4
1719144000,2024-06-23T12:00:00+00:00,0.12456,0.12481,0.1223,0.12264,14488011.3
1719158400,2024-06-23T16:00:00+00:00,0.12267,0.12337,0.12175,0.12337,18762315.8
1719172800,2024-06-23T20:00:00+00:00,0.12336,0.12633,0.12105,0.12212,76338399.1
1719187200,2024-06-24T00:00:00+00:00,0.12209,0.12382,0.11957,0.1215,59256889.2
1719201600,2024-06-24T04:00:00+00:00,0.12146,0.1217,0.11785,0.11843,50545808.5
1719216000,2024-06-24T08:00:00+00:00,0.11844,0.11946,0.1133,0.11723,65620272.699999996
1719230400,2024-06-24T12:00:00+00:00,0.11714,0.1196,0.11633,0.11693,42716111.599999994
1719244800,2024-06-24T16:00:00+00:00,0.11691,0.11776,0.11511,0.11569,64902897.6
1719259200,2024-06-24T20:00:00+00:00,0.11567,0.11933,0.11406,0.11893,53275798.3
1719273600,2024-06-25T00:00:00+00:00,0.11895,0.12457,0.11875,0.1234,69431976.0
1719288000,2024-06-25T04:00:00+00:00,0.1234,0.12408,0.12178,0.12189,67531633.7
1719302400,2024-06-25T08:00:00+00:00,0.12192,0.12392,0.12135,0.12341,33525470.299999997
1719316800,2024-06-25T12:00:00+00:00,0.12336,0.12811,0.12296,0.12714,121081874.1
1719331200,2024-06-25T16:00:00+00:00,0.12716,0.12857,0.12557,0.12764,62207029.50000001
1719345600,2024-06-25T20:00:00+00:00,0.12769,0.12781,0.12549,0.12613,53234942.400000006
1719360000,2024-06-26T00:00:00+00:00,0.12614,0.12861,0.12575,0.12717,30979360.700000003
1719374400,2024-06-26T04:00:00+00:00,0.12721,0.12726,0.12504,0.12577,17053665.299999997
1719388800,2024-06-26T08:00:00+00:00,0.12578,0.126,0.12405,0.12434,19322581.9
1719403200,2024-06-26T12:00:00+00:00,0.12434,0.12534,0.12308,0.12377,48066410.1
1719417600,2024-06-26T16:00:00+00:00,0.12377,0.12413,0.12159,0.12397,115183893.6
1719432000,2024-06-26T20:00:00+00:00,0.12397,0.12436,0.12235,0.12267,30639090.6
1719446400,2024-06-27T00:00:00+00:00,0.12268,0.1231,0.12183,0.1224,14856977.5
1719460800,2024-06-27T04:00:00+00:00,0.12239,0.1225,0.12053,0.12112,16345060.600000001
1719475200,2024-06-27T08:00:00+00:00,0.12116,0.12389,0.12095,0.1223,47734139.8
1719489600,2024-06-27T12:00:00+00:00,0.12225,0.12573,0.12187,0.1235,72453788.3
1719504000,2024-06-27T16:00:00+00:00,0.12354,0.12575,0.12297,0.12428,96315250.19999999
1719518400,2024-06-27T20:00:00+00:00,0.12429,0.12831,0.12402,0.12691,51901140.8
1719532800,2024-06-28T00:00:00+00:00,0.12689,0.12834,0.12553,0.12648,36362971.8
1719547200,2024-06-28T04:00:00+00:00,0.12651,0.12659,0.12451,0.12517,45151383.6
1719561600,2024-06-28T08:00:00+00:00,0.12516,0.12751,0.12481,0.1272,13275732.5
1719576000,2024-06-28T12:00:00+00:00,0.12718,0.12782,0.12397,0.12539,79961551.0
1719590400,2024-06-28T16:00:00+00:00,0.12534,0.12645,0.12269,0.123,46571255.199999996
1719604800,2024-06-28T20:00:00+00:00,0.12302,0.12374,0.12197,0.12283,21620298.8
1719619200,2024-06-29T00:00:00+00:00,0.12283,0.12419,0.12279,0.12384,18043520.3
1719633600,2024-06-29T04:00:00+00:00,0.12381,0.12416,0.12289,0.1238,9338997.8
1719648000,2024-06-29T08:00:00+00:00,0.12379,0.12415,0.12328,0.12393,6499198.7
1719662400,2024-06-29T12:00:00+00:00,0.12392,0.12409,0.12294,0.12347,8880365.2
1719676800,2024-06-29T16:00:00+00:00,0.1235,0.12353,0.122,0.12254,15155977.2
1719691200,2024-06-29T20:00:00+00:00,0.12252,0.12271,0.12116,0.1217,15616957.7
1719705600,2024-06-30T00:00:00+00:00,0.12168,0.12216,0.12043,0.12085,17236755.9
1719720000,2024-06-30T04:00:00+00:00,0.12083,0.12282,0.12031,0.12244,15680225.0
1719734400,2024-06-30T08:00:00+00:00,0.12245,0.12319,0.12185,0.12217,8683829.299999999
1719748800,2024-06-30T12:00:00+00:00,0.12219,0.12274,0.12151,0.12264,10777632.4
1719763200,2024-06-30T16:00:00+00:00,0.12263,0.12373,0.12204,0.12358,11976050.399999999
1719777600,2024-06-30T20:00:00+00:00,0.12357,0.12548,0.1227,0.12426,27814720.2
1719792000,2024-07-01T00:00:00+00:00,0.1243,0.12733,0.12392,0.12651,37639073.7
1719806400,2024-07-01T04:00:00+00:00,0.12651,0.12678,0.12586,0.12624,16701246.7
1719820800,2024-07-01T08:00:00+00:00,0.12629,0.12634,0.12414,0.12439,19444093.3
1719835200,2024-07-01T12:00:00+00:00,0.12441,0.12498,0.12305,0.12453,32748350.500000004
1719849600,2024-07-01T16:00:00+00:00,0.12452,0.12606,0.1243,0.12492,29933161.099999998
1719864000,2024-07-01T20:00:00+00:00,0.1249,0.12531,0.1231,0.12341,22542702.8
1719878400,2024-07-02T00:00:00+00:00,0.12341,0.12406,0.12262,0.12377,14484812.1
1719892800,2024-07-02T04:00:00+00:00,0.12383,0.1242,0.12268,0.12285,10430132.6
1719907200,2024-07-02T08:00:00+00:00,0.12282,0.12391,0.12262,0.12391,7370905.0
1719921600,2024-07-02T12:00:00+00:00,0.12392,0.12463,0.12229,0.12271,27440442.5
1719936000,2024-07-02T16:00:00+00:00,0.12269,0.12527,0.12235,0.12396,29806457.5
1719950400,2024-07-02T20:00:00+00:00,0.12399,0.12514,0.12377,0.12511,19823818.3
1719964800,2024-07-03T00:00:00+00:00,0.12511,0.12536,0.12072,0.12221,30528690.3
1719979200,2024-07-03T04:00:00+00:00,0.12221,0.12223,0.12109,0.1214,15597900.2
1719993600,2024-07-03T08:00:00+00:00,0.12137,0.12193,0.11823,0.11908,47911627.5
1720008000,2024-07-03T12:00:00+00:00,0.11909,0.11981,0.1175,0.11806,47395267.49999999
1720022400,2024-07-03T16:00:00+00:00,0.11805,0.11915,0.11669,0.11741,57743278.5
1720036800,2024-07-03T20:00:00+00:00,0.11741,0.1186,0.11677,0.11835,25803351.9
1720051200,2024-07-04T00:00:00+00:00,0.11836,0.11899,0.11175,0.11537,115157710.10000001
1720065600,2024-07-04T04:00:00+00:00,0.11533,0.11543,0.1115,0.11205,38791001.0
1720080000,2024-07-04T08:00:00+00:00,0.11203,0.11238,0.11,0.11072,62445355.3
1720094400,2024-07-04T12:00:00+00:00,0.11071,0.11079,0.10528,0.10975,165281079.6
1720108800,2024-07-04T16:00:00+00:00,0.10974,0.10977,0.10731,0.10766,72781127.2
1720123200,2024-07-04T20:00:00+00:00,0.10765,0.1098,0.104,0.10496,60768383.400000006
1720137600,2024-07-05T00:00:00+00:00,0.10495,0.10517,0.09155,0.09415,260999612.5
1720152000,2024-07-05T04:00:00+00:00,0.09415,0.09832,0.0923,0.09638,165214971.4
1720166400,2024-07-05T08:00:00+00:00,0.09635,0.10013,0.09388,0.09988,95939263.5
1720180800,2024-07-05T12:00:00+00:00,0.09981,0.10386,0.09867,0.10344,117212659.7
1720195200,2024-07-05T16:00:00+00:00,0.10342,0.10529,0.10253,0.1043,113482517.70000002
1720209600,2024-07-05T20:00:00+00:00,0.10428,0.10691,0.10368,0.10558,104935332.1
1720224000,2024-07-06T00:00:00+00:00,0.10559,0.10953,0.10473,0.10616,73302265.2
1720238400,2024-07-06T04:00:00+00:00,0.10617,0.10938,0.10552,0.10817,55197156.4
1720252800,2024-07-06T08:00:00+00:00,0.10814,0.1098,0.10739,0.10919,32663818.9
1720267200,2024-07-06T12:00:00+00:00,0.10911,0.11018,0.10711,0.1093,71952729.5
1720281600,2024-07-06T16:00:00+00:00,0.10924,0.11365,0.10856,0.11266,54387389.6
1720296000,2024-07-06T20:00:00+00:00,0.11264,0.11417,0.11252,0.11344,36511506.7
1720310400,2024-07-07T00:00:00+00:00,0.11346,0.11353,0.11036,0.11187,50600528.1
1720324800,2024-07-07T04:00:00+00:00,0.11189,0.11198,0.1091,0.10999,29514624.5
1720339200,2024-07-07T08:00:00+00:00,0.11002,0.11118,0.10958,0.11028,10934787.4
1720353600,2024-07-07T12:00:00+00:00,0.11023,0.11071,0.10504,0.10682,46754013.900000006
1720368000,2024-07-07T16:00:00+00:00,0.1068,0.10909,0.10647,0.10758,23008776.900000002
1720382400,2024-07-07T20:00:00+00:00,0.10751,0.10793,0.10359,0.10414,38440840.4
1720396800,2024-07-08T00:00:00+00:00,0.10413,0.10459,0.09876,0.10238,99527363.9
1720411200,2024-07-08T04:00:00+00:00,0.1023,0.10531,0.10191,0.10425,38533947.9
1720425600,2024-07-08T08:00:00+00:00,0.10429,0.11147,0.10398,0.10929,79537195.39999999
1720440000,2024-07-08T12:00:00+00:00,0.10935,0.11003,0.10367,0.10546,75080702.9
1720454400,2024-07-08T16:00:00+00:00,0.10541,0.1079,0.10479,0.10775,35856083.599999994
1720468800,2024-07-08T20:00:00+00:00,0.10776,0.10863,0.1067,0.10759,30875718.5
1720483200,2024-07-09T00:00:00+00:00,0.10755,0.10866,0.10576,0.10805,42683098.7
1720497600,2024-07-09T04:00:00+00:00,0.10806,0.10926,0.10757,0.10796,35093312.0
1720512000,2024-07-09T08:00:00+00:00,0.10797,0.10954,0.10747,0.10838,26305748.1
1720526400,2024-07-09T12:00:00+00:00,0.10839,0.1091,0.10663,0.10782,68178310.6
1720540800,2024-07-09T16:00:00+00:00,0.10781,0.10856,0.10664,0.10741,29359292.5
1720555200,2024-07-09T20:00:00+00:00,0.10734,0.10815,0.1069,0.10755,37590610.199999996
1720569600,2024-07-10T00:00:00+00:00,0.10756,0.10794,0.10574,0.1079,32336061.8
1720584000,2024-07-10T04:00:00+00:00,0.10792,0.11049,0.10792,0.10973,66068913.900000006
1720598400,2024-07-10T08:00:00+00:00,0.10968,0.1098,0.10825,0.10943,33011650.1
1720612800,2024-07-10T12:00:00+00:00,0.10943,0.10996,0.10804,0.10938,42987709.5
1720627200,2024-07-10T16:00:00+00:00,0.10939,0.11052,0.10773,0.10794,38268642.1
1720641600,2024-07-10T20:00:00+00:00,0.10794,0.10817,0.10667,0.10802,14037709.1
1720656000,2024-07-11T00:00:00+00:00,0.10795,0.10898,0.10636,0.10739,24986751.8
1720670400,2024-07-11T04:00:00+00:00,0.10741,0.10903,0.10715,0.10892,10420707.8
1720684800,2024-07-11T08:00:00+00:00,0.10895,0.11014,0.10854,0.10981,12320399.1
1720699200,2024-07-11T12:00:00+00:00,0.10983,0.11254,0.10683,0.10735,51380569.2
1720713600,2024-07-11T16:00:00+00:00,0.10731,0.10852,0.10644,0.10713,22442303.0
1720728000,2024-07-11T20:00:00+00:00,0.10712,0.10741,0.10614,0.10662,28610384.8
1720742400,2024-07-12T00:00:00+00:00,0.10662,0.10767,0.10476,0.10614,29518628.5
1720756800,2024-07-12T04:00:00+00:00,0.10618,0.10693,0.10552,0.10622,10176062.899999999
1720771200,2024-07-12T08:00:00+00:00,0.10621,0.10657,0.1049,0.10578,10735434.3
1720785600,2024-07-12T12:00:00+00:00,0.1058,0.10753,0.10552,0.10729,34385476.7
1720800000,2024-07-12T16:00:00+00:00,0.10734,0.10842,0.10692,0.10739,31541934.699999996
1720814400,2024-07-12T20:00:00+00:00,0.1074,0.1077,0.10626,0.10769,23798850.9
1720828800,2024-07-13T00:00:00+00:00,0.10769,0.10829,0.10729,0.1079,13813964.6
1720843200,2024-07-13T04:00:00+00:00,0.10789,0.10938,0.10747,0.10938,15421744.8
1720857600,2024-07-13T08:00:00+00:00,0.10937,0.11012,0.10866,0.1096,17392586.2
1720872000,2024-07-13T12:00:00+00:00,0.10966,0.1111,0.10912,0.11078,38801473.2
1720886400,2024-07-13T16:00:00+00:00,0.11077,0.11248,0.10981,0.11235,59578684.0
1720900800,2024-07-13T20:00:00+00:00,0.11235,0.11302,0.11095,0.11234,42628100.4
1720915200,2024-07-14T00:00:00+00:00,0.11235,0.11462,0.11195,0.11265,50385649.1
1720929600,2024-07-14T04:00:00+00:00,0.11264,0.11413,0.11248,0.11363,16526283.399999999
1720944000,2024-07-14T08:00:00+00:00,0.11362,0.1143,0.11271,0.11288,9099096.899999999
1720958400,2024-07-14T12:00:00+00:00,0.11284,0.11285,0.11116,0.11282,12875900.799999999
1720972800,2024-07-14T16:00:00+00:00,0.11281,0.11296,0.11236,0.1127,11790108.399999999
1720987200,2024-07-14T20:00:00+00:00,0.1127,0.11694,0.11259,0.1154,61949604.900000006
1721001600,2024-07-15T00:00:00+00:00,0.11537,0.11887,0.11459,0.11784,48152772.099999994
1721016000,2024-07-15T04:00:00+00:00,0.11785,0.1192,0.11715,0.11879,19902592.2
1721030400,2024-07-15T08:00:00+00:00,0.11879,0.11975,0.11672,0.11714,23503068.2
1721044800,2024-07-15T12:00:00+00:00,0.11715,0.11984,0.11682,0.11874,52604363.2
1721059200,2024-07-15T16:00:00+00:00,0.11873,0.1222,0.11829,0.12138,72080848.89999999
1721073600,2024-07-15T20:00:00+00:00,0.12139,0.12567,0.12129,0.12499,61061643.8
1721088000,2024-07-16T00:00:00+00:00,0.12496,0.12791,0.12409,0.12623,54985832.599999994
1721102400,2024-07-16T04:00:00+00:00,0.12624,0.12665,0.12051,0.12088,55227124.00000001
1721116800,2024-07-16T08:00:00+00:00,0.12087,0.12262,0.11897,0.12235,27969935.1
1721131200,2024-07-16T12:00:00+00:00,0.12237,0.12588,0.12117,0.12574,41391473.7
1721145600,2024-07-16T16:00:00+00:00,0.12574,0.12706,0.1244,0.12579,62383336.2
1721160000,2024-07-16T20:00:00+00:00,0.12574,0.12614,0.12331,0.12483,53795622.0
1721174400,2024-07-17T00:00:00+00:00,0.12486,0.12774,0.12456,0.12562,32572838.199999996
1721188800,2024-07-17T04:00:00+00:00,0.12564,0.12661,0.12521,0.12546,21062591.3
1721203200,2024-07-17T08:00:00+00:00,0.12546,0.12603,0.12352,0.12409,28065429.8
1721217600,2024-07-17T12:00:00+00:00,0.12405,0.12631,0.1227,0.12295,55413016.9
1721232000,2024-07-17T16:00:00+00:00,0.12289,0.12322,0.12009,0.12287,59774697.7
1721246400,2024-07-17T20:00:00+00:00,0.12294,0.12374,0.12137,0.1218,36975675.7
1721260800,2024-07-18T00:00:00+00:00,0.1218,0.12396,0.1218,0.12336,26392945.799999997
1721275200,2024-07-18T04:00:00+00:00,0.12336,0.12344,0.12075,0.12157,26479085.499999996
1721289600,2024-07-18T08:00:00+00:00,0.12157,0.12255,0.12013,0.12194,28640425.2
1721304000,2024-07-18T12:00:00+00:00,0.12195,0.12307,0.11787,0.11802,61138446.599999994
1721318400,2024-07-18T16:00:00+00:00,0.11801,0.11967,0.11715,0.11801,31341146.9
1721332800,2024-07-18T20:00:00+00:00,0.118,0.11992,0.11768,0.11954,15780559.299999999
1721347200,2024-07-19T00:00:00+00:00,0.11954,0.12102,0.11741,0.12084,16650994.5
1721361600,2024-07-19T04:00:00+00:00,0.12089,0.12127,0.11872,0.11916,16586306.7
1721376000,2024-07-19T08:00:00+00:00,0.11913,0.11954,0.11769,0.11939,24386561.0
1721390400,2024-07-19T12:00:00+00:00,0.11942,0.12339,0.11894,0.12331,48989456.0
1721404800,2024-07-19T16:00:00+00:00,0.12328,0.1261,0.12328,0.12537,92263155.9
1721419200,2024-07-19T20:00:00+00:00,0.12533,0.1261,0.12456,0.12547,39089817.7
1721433600,2024-07-20T00:00:00+00:00,0.12547,0.12636,0.12434,0.12553,28918366.999999996
1721448000,2024-07-20T04:00:00+00:00,0.12544,0.12967,0.12514,0.12754,44112995.4
1721462400,2024-07-20T08:00:00+00:00,0.1275,0.12788,0.12584,0.12603,18408535.8
1721476800,2024-07-20T12:00:00+00:00,0.12606,0.13549,0.1253,0.13496,122259414.2
1721491200,2024-07-20T16:00:00+00:00,0.13487,0.13585,0.13253,0.13371,127630738.39999999
1721505600,2024-07-20T20:00:00+00:00,0.13372,0.13541,0.13295,0.13427,37744591.0
1721520000,2024-07-21T00:00:00+00:00,0.13428,0.13464,0.13196,0.13223,23581266.299999997
1721534400,2024-07-21T04:00:00+00:00,0.1322,0.13268,0.12968,0.13095,23644717.300000004
1721548800,2024-07-21T08:00:00+00:00,0.131,0.13226,0.13076,0.13163,12518493.5
1721563200,2024-07-21T12:00:00+00:00,0.13163,0.13289,0.13022,0.13158,32093199.3
1721577600,2024-07-21T16:00:00+00:00,0.13157,0.13435,0.12566,0.13412,86743759.60000001
1721592000,2024-07-21T20:00:00+00:00,0.13407,0.14371,0.13296,0.14022,214906202.5
1721606400,2024-07-22T00:00:00+00:00,0.14026,0.14157,0.13814,0.14144,60036763.0
1721620800,2024-07-22T04:00:00+00:00,0.14149,0.14264,0.13659,0.13704,69825872.5
1721635200,2024-07-22T08:00:00+00:00,0.13698,0.13897,0.13584,0.13872,36600727.0
1721649600,2024-07-22T12:00:00+00:00,0.1387,0.14187,0.13599,0.13975,125991552.19999999
1721664000,2024-07-22T16:00:00+00:00,0.13977,0.14227,0.13799,0.14214,85888201.19999999
1721678400,2024-07-22T20:00:00+00:00,0.14217,0.14242,0.13689,0.13784,73111062.1
1721692800,2024-07-23T00:00:00+00:00,0.13775,0.13929,0.1368,0.1378,26545836.1
1721707200,2024-07-23T04:00:00+00:00,0.13778,0.13836,0.13312,0.13452,52774299.5
1721721600,2024-07-23T08:00:00+00:00,0.13452,0.13657,0.13347,0.1346,23857185.6
1721736000,2024-07-23T12:00:00+00:00,0.13459,0.13473,0.12965,0.132,69484794.7
1721750400,2024-07-23T16:00:00+00:00,0.13194,0.13244,0.12811,0.13052,123935412.30000001
1721764800,2024-07-23T20:00:00+00:00,0.13046,0.13172,0.1296,0.13033,23033481.5
1721779200,2024-07-24T00:00:00+00:00,0.13012,0.13173,0.12907,0.1313,24568948.400000002
1721793600,2024-07-24T04:00:00+00:00,0.13127,0.13239,0.12979,0.13231,11030900.8
1721808000,2024-07-24T08:00:00+00:00,0.1323,0.13402,0.13182,0.1333,16638821.6
1721822400,2024-07-24T12:00:00+00:00,0.13316,0.13482,0.13135,0.13161,29084541.5
1721836800,2024-07-24T16:00:00+00:00,0.13161,0.1328,0.12937,0.12979,32568669.4
1721851200,2024-07-24T20:00:00+00:00,0.1298,0.13078,0.12682,0.12792,44258641.2
1721865600,2024-07-25T00:00:00+00:00,0.12791,0.12871,0.12169,0.12275,87722825.4
1721880000,2024-07-25T04:00:00+00:00,0.12271,0.12459,0.12207,0.1236,26211229.3
1721894400,2024-07-25T08:00:00+00:00,0.12359,0.12519,0.12313,0.12424,27332410.6
1721908800,2024-07-25T12:00:00+00:00,0.12423,0.1255,0.12221,0.12407,65029205.2
1721923200,2024-07-25T16:00:00+00:00,0.12414,0.1252,0.12076,0.12208,40237304.0
1721937600,2024-07-25T20:00:00+00:00,0.12211,0.12561,0.12005,0.12522,33764604.7
1721952000,2024-07-26T00:00:00+00:00,0.12517,0.12963,0.12501,0.1287,42755705.4
1721966400,2024-07-26T04:00:00+00:00,0.12865,0.12989,0.12835,0.12904,20682822.1
1721980800,2024-07-26T08:00:00+00:00,0.12906,0.13036,0.12889,0.12972,23293874.7
1721995200,2024-07-26T12:00:00+00:00,0.12975,0.131,0.12894,0.13019,49760085.9
1722009600,2024-07-26T16:00:00+00:00,0.13018,0.13479,0.12994,0.13356,90441024.5
1722024000,2024-07-26T20:00:00+00:00,0.13359,0.13496,0.13236,0.13419,53168010.699999996
1722038400,2024-07-27T00:00:00+00:00,0.13422,0.13475,0.13288,0.13424,30135107.9
1722052800,2024-07-27T04:00:00+00:00,0.13421,0.13502,0.13353,0.13421,16026773.7
1722067200,2024-07-27T08:00:00+00:00,0.1342,0.13591,0.13382,0.13483,17087488.8
1722081600,2024-07-27T12:00:00+00:00,0.13484,0.13877,0.13351,0.13458,54014498.99999999
1722096000,2024-07-27T16:00:00+00:00,0.13456,0.13823,0.13108,0.1361,122000433.8
1722110400,2024-07-27T20:00:00+00:00,0.13623,0.13623,0.13009,0.13146,93704209.4
1722124800,2024-07-28T00:00:00+00:00,0.1314,0.13184,0.12932,0.12959,27198387.1
1722139200,2024-07-28T04:00:00+00:00,0.12957,0.1306,0.1281,0.13051,33158039.199999996
1722153600,2024-07-28T08:00:00+00:00,0.13055,0.13187,0.1298,0.13086,18908101.0
1722168000,2024-07-28T12:00:00+00:00,0.13087,0.1314,0.12912,0.12948,22432057.099999998
1722182400,2024-07-28T16:00:00+00:00,0.12948,0.1309,0.12931,0.12992,15574717.6
1722196800,2024-07-28T20:00:00+00:00,0.12994,0.13013,0.12859,0.13005,18350112.799999997
1722211200,2024-07-29T00:00:00+00:00,0.13003,0.13479,0.12969,0.13365,61307360.599999994
1722225600,2024-07-29T04:00:00+00:00,0.13364,0.13488,0.13286,0.13448,33654793.8
1722240000,2024-07-29T08:00:00+00:00,0.13459,0.13507,0.13327,0.13328,37132497.8
1722254400,2024-07-29T12:00:00+00:00,0.13329,0.13421,0.1288,0.12991,55493203.4
1722268800,2024-07-29T16:00:00+00:00,0.1299,0.1302,0.128,0.12932,47074865.3
1722283200,2024-07-29T20:00:00+00:00,0.12932,0.12989,0.12761,0.12837,35384137.1
1722297600,2024-07-30T00:00:00+00:00,0.12844,0.13051,0.12706,0.12927,31353730.0
1722312000,2024-07-30T04:00:00+00:00,0.12925,0.13068,0.1286,0.13015,19201198.1
1722326400,2024-07-30T08:00:00+00:00,0.1301,0.13021,0.12886,0.12905,14042842.2
1722340800,2024-07-30T12:00:00+00:00,0.12911,0.12957,0.12633,0.12725,49306365.0
1722355200,2024-07-30T16:00:00+00:00,0.12727,0.12816,0.12433,0.12509,34256371.2
1722369600,2024-07-30T20:00:00+00:00,0.12508,0.12621,0.12317,0.12547,32745016.9
1722384000,2024-07-31T00:00:00+00:00,0.12547,0.12624,0.12462,0.12529,18418529.2
1722398400,2024-07-31T04:00:00+00:00,0.12528,0.12705,0.12357,0.12605,25560504.8
1722412800,2024-07-31T08:00:00+00:00,0.12609,0.1264,0.1248,0.12546,8889163.7
1722427200,2024-07-31T12:00:00+00:00,0.12545,0.12732,0.12526,0.12617,27338499.199999996
1722441600,2024-07-31T16:00:00+00:00,0.12613,0.12696,0.12131,0.12286,56933899.6
1722456000,2024-07-31T20:00:00+00:00,0.12286,0.1231,0.12115,0.12189,37769129.7
1722470400,2024-08-01T00:00:00+00:00,0.1219,0.12307,0.12057,0.12091,26869278.4
1722484800,2024-08-01T04:00:00+00:00,0.12088,0.12134,0.11808,0.12031,36126219.9
1722499200,2024-08-01T08:00:00+00:00,0.12034,0.12148,0.11986,0.12037,20900153.9
1722513600,2024-08-01T12:00:00+00:00,0.12038,0.12135,0.1152,0.11585,41521581.5
1722528000,2024-08-01T16:00:00+00:00,0.11583,0.1161,0.11201,0.11489,57123809.9
1722542400,2024-08-01T20:00:00+00:00,0.11482,0.11986,0.11419,0.11887,46396796.0
1722556800,2024-08-02T00:00:00+00:00,0.11888,0.11964,0.11565,0.11771,25410637.2
1722571200,2024-08-02T04:00:00+00:00,0.11765,0.11796,0.11441,0.11623,13077802.100000001
1722585600,2024-08-02T08:00:00+00:00,0.11619,0.11788,0.11556,0.11712,13563418.399999999
1722600000,2024-08-02T12:00:00+00:00,0.11711,0.11944,0.11012,0.11325,82113355.9
1722614400,2024-08-02T16:00:00+00:00,0.11319,0.114,0.11145,0.11242,56380882.6
1722628800,2024-08-02T20:00:00+00:00,0.11244,0.11335,0.11016,0.11141,48386661.0
1722643200,2024-08-03T00:00:00+00:00,0.11138,0.1127,0.10814,0.11257,59076621.60000001
1722657600,2024-08-03T04:00:00+00:00,0.11258,0.11462,0.11212,0.11374,17259066.299999997
1722672000,2024-08-03T08:00:00+00:00,0.11374,0.11376,0.11217,0.11284,22225904.8
1722686400,2024-08-03T12:00:00+00:00,0.11284,0.11418,0.11037,0.11052,26194172.8
1722700800,2024-08-03T16:00:00+00:00,0.11051,0.11126,0.10566,0.10582,95257300.1
1722715200,2024-08-03T20:00:00+00:00,0.1058,0.10854,0.10513,0.10806,46810280.6
1722729600,2024-08-04T00:00:00+00:00,0.10803,0.10938,0.10715,0.10871,22984106.5
1722744000,2024-08-04T04:00:00+00:00,0.10871,0.10897,0.10656,0.10661,23537761.9
1722758400,2024-08-04T08:00:00+00:00,0.10659,0.10802,0.10553,0.10752,13305417.6
1722772800,2024-08-04T12:00:00+00:00,0.10748,0.10808,0.10289,0.10314,51155389.8
1722787200,2024-08-04T16:00:00+00:00,0.10312,0.10542,0.09887,0.10482,104857563.5
1722801600,2024-08-04T20:00:00+00:00,0.10478,0.106,0.10356,0.10372,54577633.4
1722816000,2024-08-05T00:00:00+00:00,0.10371,0.10425,0.08927,0.09144,270675533.1
1722830400,2024-08-05T04:00:00+00:00,0.09144,0.09344,0.0815,0.08885,226724539.8
1722844800,2024-08-05T08:00:00+00:00,0.08884,0.08919,0.08049,0.08458,108534399.80000001
1722859200,2024-08-05T12:00:00+00:00,0.08457,0.09565,0.08203,0.09531,308892933.70000005
1722873600,2024-08-05T16:00:00+00:00,0.09534,0.09875,0.09271,0.0939,170490035.4
1722888000,2024-08-05T20:00:00+00:00,0.09388,0.09686,0.0938,0.09438,64096960.9
1722902400,2024-08-06T00:00:00+00:00,0.09439,0.10154,0.09411,0.09839,111459324.89999999
1722916800,2024-08-06T04:00:00+00:00,0.09829,0.10032,0.09758,0.09935,39633386.1
1722931200,2024-08-06T08:00:00+00:00,0.09931,0.09938,0.09526,0.09603,33549947.6
1722945600,2024-08-06T12:00:00+00:00,0.09607,0.0996,0.09407,0.09766,71295139.39999999
1722960000,2024-08-06T16:00:00+00:00,0.09765,0.09905,0.09674,0.09716,62365492.900000006
1722974400,2024-08-06T20:00:00+00:00,0.09715,0.09853,0.09588,0.09652,36536067.7
1722988800,2024-08-07T00:00:00+00:00,0.09649,0.09961,0.09518,0.09847,42792340.599999994
1723003200,2024-08-07T04:00:00+00:00,0.09842,0.09997,0.09801,0.09888,41363352.49999999
1723017600,2024-08-07T08:00:00+00:00,0.09885,0.1021,0.09876,0.0993,45409979.199999996
1723032000,2024-08-07T12:00:00+00:00,0.09935,0.10167,0.09587,0.09812,65315625.300000004
1723046400,2024-08-07T16:00:00+00:00,0.09807,0.09833,0.09533,0.0962,113968068.1
1723060800,2024-08-07T20:00:00+00:00,0.09621,0.09768,0.09431,0.0956,63429759.7
1723075200,2024-08-08T00:00:00+00:00,0.09554,0.10111,0.09354,0.09889,68836623.2
1723089600,2024-08-08T04:00:00+00:00,0.09899,0.10033,0.0988,0.09925,23817923.8
1723104000,2024-08-08T08:00:00+00:00,0.09922,0.10066,0.09905,0.09997,19536466.3
1723118400,2024-08-08T12:00:00+00:00,0.09993,0.104,0.09897,0.10377,85810325.5
1723132800,2024-08-08T16:00:00+00:00,0.10382,0.10507,0.10193,0.10219,56667155.0
1723147200,2024-08-08T20:00:00+00:00,0.10217,0.10803,0.102,0.10751,100521083.1
1723161600,2024-08-09T00:00:00+00:00,0.10752,0.10786,0.1053,0.10605,40792593.0
1723176000,2024-08-09T04:00:00+00:00,0.10604,0.10615,0.10384,0.10498,22797560.700000003
1723190400,2024-08-09T08:00:00+00:00,0.10502,0.10581,0.1036,0.10449,28547623.799999997
1723204800,2024-08-09T12:00:00+00:00,0.1045,0.10529,0.10162,0.10169,70631501.5
1723219200,2024-08-09T16:00:00+00:00,0.10172,0.10365,0.10168,0.10336,53595613.400000006
1723233600,2024-08-09T20:00:00+00:00,0.10336,0.10469,0.10301,0.10391,31942997.3
1723248000,2024-08-10T00:00:00+00:00,0.10388,0.10564,0.10344,0.10392,25264887.099999998
1723262400,2024-08-10T04:00:00+00:00,0.10393,0.10478,0.10283,0.10478,15331422.3
1723276800,2024-08-10T08:00:00+00:00,0.10479,0.10486,0.10394,0.10458,8725383.0
1723291200,2024-08-10T12:00:00+00:00,0.10454,0.10485,0.10339,0.10429,15762497.0
1723305600,2024-08-10T16:00:00+00:00,0.10429,0.10595,0.10414,0.10549,22072754.8
1723320000,2024-08-10T20:00:00+00:00,0.10546,0.10564,0.10482,0.10523,26117146.8
1723334400,2024-08-11T00:00:00+00:00,0.10523,0.111,0.10504,0.10996,95101316.1
1723348800,2024-08-11T04:00:00+00:00,0.10996,0.11023,0.10838,0.10981,25653015.099999998
1723363200,2024-08-11T08:00:00+00:00,0.10994,0.1101,0.10723,0.10751,37269124.9
1723377600,2024-08-11T12:00:00+00:00,0.10748,0.10782,0.10407,0.10465,59479325.0
1723392000,2024-08-11T16:00:00+00:00,0.10464,0.10597,0.10272,0.10299,37293561.9
1723406400,2024-08-11T20:00:00+00:00,0.10299,0.10299,0.1001,0.1006,49942333.3
1723420800,2024-08-12T00:00:00+00:00,0.10058,0.10244,0.10012,0.10163,38139258.800000004
1723435200,2024-08-12T04:00:00+00:00,0.10169,0.10379,0.10049,0.10316,24473786.8
1723449600,2024-08-12T08:00:00+00:00,0.1032,0.10735,0.10228,0.10647,70047798.8
1723464000,2024-08-12T12:00:00+00:00,0.1065,0.10815,0.10183,0.10717,116830829.80000001
1723478400,2024-08-12T16:00:00+00:00,0.10718,0.10776,0.10391,0.10522,52586031.7
1723492800,2024-08-12T20:00:00+00:00,0.10524,0.10866,0.10434,0.10791,61621894.599999994
1723507200,2024-08-13T00:00:00+00:00,0.10794,0.1091,0.10438,0.10483,57211905.1
1723521600,2024-08-13T04:00:00+00:00,0.10478,0.10584,0.10402,0.10466,25722325.2
1723536000,2024-08-13T08:00:00+00:00,0.10462,0.10506,0.1034,0.10432,14211874.0
1723550400,2024-08-13T12:00:00+00:00,0.10433,0.10589,0.104,0.10523,38457315.2
1723564800,2024-08-13T16:00:00+00:00,0.10514,0.10763,0.10453,0.10563,33957921.6
1723579200,2024-08-13T20:00:00+00:00,0.1056,0.10683,0.10518,0.10637,22202344.5
1723593600,2024-08-14T00:00:00+00:00,0.10641,0.10664,0.10521,0.10583,13892166.100000001
1723608000,2024-08-14T04:00:00+00:00,0.10581,0.10644,0.10535,0.1057,10426928.899999999
1723622400,2024-08-14T08:00:00+00:00,0.10563,0.10657,0.10519,0.10584,11847028.899999999
1723636800,2024-08-14T12:00:00+00:00,0.10582,0.10716,0.10144,0.1033,60565914.8
1723651200,2024-08-14T16:00:00+00:00,0.10333,0.1035,0.10225,0.10253,18739941.2
1723665600,2024-08-14T20:00:00+00:00,0.10253,0.1032,0.10152,0.10238,17490707.2
1723680000,2024-08-15T00:00:00+00:00,0.10242,0.10298,0.10174,0.10271,18491243.3
1723694400,2024-08-15T04:00:00+00:00,0.1027,0.10314,0.10183,0.10255,18552757.0
1723708800,2024-08-15T08:00:00+00:00,0.10252,0.10353,0.10203,0.10273,14743392.1
1723723200,2024-08-15T12:00:00+00:00,0.10273,0.10496,0.10228,0.10431,39899386.300000004
1723737600,2024-08-15T16:00:00+00:00,0.10434,0.10471,0.09795,0.09917,79347964.19999999
1723752000,2024-08-15T20:00:00+00:00,0.09911,0.1006,0.09835,0.10023,48661483.199999996
1723766400,2024-08-16T00:00:00+00:00,0.10022,0.1015,0.09939,0.10045,26522681.8
1723780800,2024-08-16T04:00:00+00:00,0.10047,0.10208,0.10036,0.10175,20164565.2
1723795200,2024-08-16T08:00:00+00:00,0.10175,0.10185,0.10073,0.10097,10343808.7
1723809600,2024-08-16T12:00:00+00:00,0.10101,0.1013,0.09746,0.09832,43223541.0
1723824000,2024-08-16T16:00:00+00:00,0.09833,0.10178,0.0981,0.10092,42611647.0
1723838400,2024-08-16T20:00:00+00:00,0.10099,0.10145,0.09994,0.1004,15184378.0
1723852800,2024-08-17T00:00:00+00:00,0.10037,0.10141,0.10002,0.10082,10331602.9
1723867200,2024-08-17T04:00:00+00:00,0.10073,0.1013,0.10063,0.10125,5742955.6
1723881600,2024-08-17T08:00:00+00:00,0.10125,0.10143,0.10074,0.10106,3716858.9000000004
1723896000,2024-08-17T12:00:00+00:00,0.10106,0.10265,0.10092,0.10212,17070238.6
1723910400,2024-08-17T16:00:00+00:00,0.10214,0.10372,0.10214,0.10289,28583550.7
1723924800,2024-08-17T20:00:00+00:00,0.10291,0.10319,0.10243,0.10277,8200703.399999999
1723939200,2024-08-18T00:00:00+00:00,0.10272,0.10347,0.10185,0.10214,14556068.3
1723953600,2024-08-18T04:00:00+00:00,0.1021,0.10264,0.10179,0.10219,4149536.9
1723968000,2024-08-18T08:00:00+00:00,0.10217,0.1038,0.10209,0.10359,15096239.5
1723982400,2024-08-18T12:00:00+00:00,0.10362,0.10449,0.10269,0.10324,20146096.2
1723996800,2024-08-18T16:00:00+00:00,0.1033,0.10375,0.102,0.10255,13527911.0
1724011200,2024-08-18T20:00:00+00:00,0.10252,0.10269,0.09999,0.10008,19465866.5
1724025600,2024-08-19T00:00:00+00:00,0.10008,0.10068,0.09941,0.10048,22290348.599999998
1724040000,2024-08-19T04:00:00+00:00,0.10046,0.10054,0.09955,0.09986,10502785.5
1724054400,2024-08-19T08:00:00+00:00,0.09987,0.10051,0.0986,0.09985,53004042.400000006
1724068800,2024-08-19T12:00:00+00:00,0.09984,0.10105,0.09912,0.09993,21082230.4
1724083200,2024-08-19T16:00:00+00:00,0.09992,0.10189,0.09936,0.1005,21060743.900000002
1724097600,2024-08-19T20:00:00+00:00,0.10047,0.10185,0.10027,0.10136,15728128.399999999
1724112000,2024-08-20T00:00:00+00:00,0.10132,0.10556,0.1011,0.10474,114810549.60000001
1724126400,2024-08-20T04:00:00+00:00,0.10476,0.10573,0.1039,0.10551,46314269.1
1724140800,2024-08-20T08:00:00+00:00,0.10557,0.10573,0.10457,0.10483,28673366.0
1724155200,2024-08-20T12:00:00+00:00,0.10482,0.10542,0.10116,0.10223,82538797.1
1724169600,2024-08-20T16:00:00+00:00,0.10222,0.10443,0.10191,0.10422,28155853.700000003
1724184000,2024-08-20T20:00:00+00:00,0.1042,0.10464,0.10282,0.1029,29659631.5
1724198400,2024-08-21T00:00:00+00:00,0.10292,0.10421,0.10206,0.10384,14894475.1
1724212800,2024-08-21T04:00:00+00:00,0.10382,0.10477,0.10318,0.10465,15309028.7
1724227200,2024-08-21T08:00:00+00:00,0.10463,0.10493,0.10331,0.10371,9607243.5
1724241600,2024-08-21T12:00:00+00:00,0.10367,0.10485,0.10214,0.10378,39224119.400000006
1724256000,2024-08-21T16:00:00+00:00,0.10378,0.10687,0.10351,0.10687,53029502.400000006
1724270400,2024-08-21T20:00:00+00:00,0.10687,0.10799,0.10585,0.10617,42720620.9
1724284800,2024-08-22T00:00:00+00:00,0.10619,0.10643,0.104,0.10537,17675260.4
1724299200,2024-08-22T04:00:00+00:00,0.10532,0.10602,0.10491,0.10594,12507375.600000001
1724313600,2024-08-22T08:00:00+00:00,0.10594,0.10691,0.10563,0.10659,15185228.700000001
1724328000,2024-08-22T12:00:00+00:00,0.10656,0.10663,0.10478,0.10524,15127753.700000001
1724342400,2024-08-22T16:00:00+00:00,0.1052,0.1061,0.10474,0.10483,21617889.2
1724356800,2024-08-22T20:00:00+00:00,0.10485,0.1055,0.10479,0.10526,10808576.5
1724371200,2024-08-23T00:00:00+00:00,0.10528,0.10645,0.10523,0.10601,13598479.7
1724385600,2024-08-23T04:00:00+00:00,0.10601,0.10767,0.10601,0.10724,10581421.5
1724400000,2024-08-23T08:00:00+00:00,0.10725,0.10768,0.10608,0.10612,11479242.3
1724414400,2024-08-23T12:00:00+00:00,0.10613,0.11356,0.10613,0.10995,134564250.5
1724428800,2024-08-23T16:00:00+00:00,0.10989,0.11336,0.10965,0.11308,91920435.1
1724443200,2024-08-23T20:00:00+00:00,0.11309,0.11555,0.11259,0.11302,73031100.1
1724457600,2024-08-24T00:00:00+00:00,0.11301,0.11345,0.11176,0.11267,33318072.0
1724472000,2024-08-24T04:00:00+00:00,0.11264,0.1131,0.11216,0.11244,22389061.3
1724486400,2024-08-24T08:00:00+00:00,0.11243,0.11398,0.11198,0.11222,31703668.0
1724500800,2024-08-24T12:00:00+00:00,0.11223,0.11323,0.11117,0.11216,53453462.8
1724515200,2024-08-24T16:00:00+00:00,0.11218,0.11497,0.11203,0.11435,63286765.0
1724529600,2024-08-24T20:00:00+00:00,0.11437,0.11506,0.11079,0.11263,30175654.3
1724544000,2024-08-25T00:00:00+00:00,0.11261,0.11293,0.10991,0.11093,35121498.5
1724558400,2024-08-25T04:00:00+00:00,0.11103,0.11122,0.10785,0.10845,36721656.0
1724572800,2024-08-25T08:00:00+00:00,0.10841,0.10948,0.108,0.10891,19739732.099999998
1724587200,2024-08-25T12:00:00+00:00,0.10894,0.11099,0.10868,0.11024,23593143.700000003
1724601600,2024-08-25T16:00:00+00:00,0.11027,0.11075,0.10959,0.10975,24865827.9
1724616000,2024-08-25T20:00:00+00:00,0.10976,0.11126,0.10936,0.10964,38611580.0
1724630400,2024-08-26T00:00:00+00:00,0.10962,0.11034,0.10789,0.10941,31141370.6
1724644800,2024-08-26T04:00:00+00:00,0.10939,0.10997,0.10818,0.10874,13279582.2
1724659200,2024-08-26T08:00:00+00:00,0.10878,0.10971,0.10823,0.10884,18974645.8
1724673600,2024-08-26T12:00:00+00:00,0.10883,0.10903,0.1062,0.10704,46927599.5
1724688000,2024-08-26T16:00:00+00:00,0.10703,0.10758,0.10444,0.10553,38203253.8
1724702400,2024-08-26T20:00:00+00:00,0.10551,0.10586,0.10447,0.10523,25833806.9
1724716800,2024-08-27T00:00:00+00:00,0.10521,0.10638,0.10519,0.10574,22005205.0
1724731200,2024-08-27T04:00:00+00:00,0.10574,0.10655,0.10546,0.10604,9285124.2
1724745600,2024-08-27T08:00:00+00:00,0.10604,0.1062,0.10354,0.1043,32917877.5
1724760000,2024-08-27T12:00:00+00:00,0.10428,0.10484,0.1032,0.10391,61349337.1
1724774400,2024-08-27T16:00:00+00:00,0.10388,0.10485,0.10337,0.10426,40542564.5
1724788800,2024-08-27T20:00:00+00:00,0.10423,0.10435,0.09639,0.09892,115555629.1
1724803200,2024-08-28T00:00:00+00:00,0.09893,0.09976,0.0977,0.09967,34960718.4
1724817600,2024-08-28T04:00:00+00:00,0.09959,0.09974,0.09801,0.09811,29639672.700000003
1724832000,2024-08-28T08:00:00+00:00,0.09805,0.1019,0.09751,0.10077,24557670.599999998
1724846400,2024-08-28T12:00:00+00:00,0.10072,0.10153,0.0988,0.09952,61037605.4
1724860800,2024-08-28T16:00:00+00:00,0.09954,0.10173,0.09682,0.09914,66492453.4
1724875200,2024-08-28T20:00:00+00:00,0.09914,0.10079,0.09866,0.09969,24939599.5
1724889600,2024-08-29T00:00:00+00:00,0.09968,0.10074,0.09955,0.10055,17656125.7
1724904000,2024-08-29T04:00:00+00:00,0.10055,0.10142,0.10017,0.10058,11524474.3
1724918400,2024-08-29T08:00:00+00:00,0.10059,0.10187,0.10023,0.10125,14856403.0
1724932800,2024-08-29T12:00:00+00:00,0.10117,0.10262,0.10099,0.10203,35581654.0
1724947200,2024-08-29T16:00:00+00:00,0.10203,0.10239,0.09826,0.09904,40461337.5
1724961600,2024-08-29T20:00:00+00:00,0.099,0.10071,0.09842,0.10041,37635279.9
1724976000,2024-08-30T00:00:00+00:00,0.10035,0.1008,0.09962,0.10012,15153148.500000002
1724990400,2024-08-30T04:00:00+00:00,0.10012,0.1012,0.09956,0.10076,17506547.4
1725004800,2024-08-30T08:00:00+00:00,0.10075,0.10248,0.10071,0.10133,18373218.8
1725019200,2024-08-30T12:00:00+00:00,0.10131,0.1025,0.09807,0.09846,70657551.6
1725033600,2024-08-30T16:00:00+00:00,0.0985,0.10159,0.09697,0.10015,58934304.800000004
1725048000,2024-08-30T20:00:00+00:00,0.10015,0.10299,0.10011,0.10175,49932863.3
1725062400,2024-08-31T00:00:00+00:00,0.10176,0.10237,0.10075,0.10126,47419449.099999994
1725076800,2024-08-31T04:00:00+00:00,0.10124,0.10193,0.10097,0.10113,14710836.8
1725091200,2024-08-31T08:00:00+00:00,0.10113,0.10151,0.10035,0.10126,8549550.4
1725105600,2024-08-31T12:00:00+00:00,0.10126,0.10167,0.10078,0.10164,7506882.5
1725120000,2024-08-31T16:00:00+00:00,0.10165,0.1023,0.10054,0.10112,19330251.7
1725134400,2024-08-31T20:00:00+00:00,0.10106,0.10172,0.1009,0.10127,9852839.2
1725148800,2024-09-01T00:00:00+00:00,0.10127,0.10153,0.09973,0.10026,15278315.5
1725163200,2024-09-01T04:00:00+00:00,0.10026,0.10026,0.09849,0.09974,13893584.7
1725177600,2024-09-01T08:00:00+00:00,0.09972,0.09985,0.09864,0.09938,7479451.0
1725192000,2024-09-01T12:00:00+00:00,0.09938,0.09944,0.09733,0.09854,22499972.0
1725206400,2024-09-01T16:00:00+00:00,0.09855,0.09932,0.09681,0.09912,17481276.5
1725220800,2024-09-01T20:00:00+00:00,0.09913,0.09951,0.09394,0.09509,50287714.2
1725235200,2024-09-02T00:00:00+00:00,0.09506,0.09605,0.0947,0.09521,27140582.599999998
1725249600,2024-09-02T04:00:00+00:00,0.0952,0.09571,0.0941,0.09451,17338827.9
1725264000,2024-09-02T08:00:00+00:00,0.09452,0.09801,0.09441,0.09728,31787047.5
1725278400,2024-09-02T12:00:00+00:00,0.09729,0.09796,0.0961,0.09734,21691069.700000003
1725292800,2024-09-02T16:00:00+00:00,0.09736,0.09808,0.0969,0.09783,19028816.2
1725307200,2024-09-02T20:00:00+00:00,0.09786,0.09992,0.09762,0.0991,35979561.3
1725321600,2024-09-03T00:00:00+00:00,0.09907,0.10079,0.09881,0.09957,28680307.7
1725336000,2024-09-03T04:00:00+00:00,0.09956,0.0997,0.09901,0.09959,10156541.299999999
1725350400,2024-09-03T08:00:00+00:00,0.09961,0.09974,0.09859,0.09957,7864910.1
1725364800,2024-09-03T12:00:00+00:00,0.09958,0.10051,0.0967,0.09689,47433900.5
1725379200,2024-09-03T16:00:00+00:00,0.09689,0.09861,0.09664,0.09771,32615677.199999996
1725393600,2024-09-03T20:00:00+00:00,0.0977,0.09809,0.09643,0.09678,22658948.9
1725408000,2024-09-04T00:00:00+00:00,0.09675,0.09744,0.09191,0.09579,72913986.8
1725422400,2024-09-04T04:00:00+00:00,0.09576,0.09676,0.0945,0.09636,29070807.700000003
1725436800,2024-09-04T08:00:00+00:00,0.09632,0.09696,0.09504,0.09553,17152728.8
1725451200,2024-09-04T12:00:00+00:00,0.09551,0.09872,0.09487,0.09853,74944663.6
1725465600,2024-09-04T16:00:00+00:00,0.09852,0.09951,0.09758,0.09802,56828217.9
1725480000,2024-09-04T20:00:00+00:00,0.09803,0.09875,0.09748,0.09802,13947830.4
1725494400,2024-09-05T00:00:00+00:00,0.09799,0.09856,0.09599,0.09628,15568276.700000001
1725508800,2024-09-05T04:00:00+00:00,0.09627,0.09811,0.09614,0.0976,16291604.1
1725523200,2024-09-05T08:00:00+00:00,0.09757,0.09798,0.09696,0.09748,9155907.6
1725537600,2024-09-05T12:00:00+00:00,0.09747,0.09899,0.09658,0.09688,45987396.9
1725552000,2024-09-05T16:00:00+00:00,0.09689,0.09916,0.09652,0.09743,48501937.6
1725566400,2024-09-05T20:00:00+00:00,0.09738,0.09869,0.09734,0.09839,16302764.1
1725580800,2024-09-06T00:00:00+00:00,0.09839,0.09941,0.09799,0.09877,21792621.5
1725595200,2024-09-06T04:00:00+00:00,0.09877,0.09905,0.09685,0.0974,14526044.6
1725609600,2024-09-06T08:00:00+00:00,0.09741,0.09796,0.09679,0.09686,20554302.5
1725624000,2024-09-06T12:00:00+00:00,0.09685,0.09785,0.09283,0.09365,73497427.0
1725638400,2024-09-06T16:00:00+00:00,0.09366,0.09366,0.09029,0.09081,93185198.19999999
1725652800,2024-09-06T20:00:00+00:00,0.09078,0.09258,0.08888,0.09253,57448236.0
1725667200,2024-09-07T00:00:00+00:00,0.09252,0.09284,0.09172,0.09203,14122070.2
1725681600,2024-09-07T04:00:00+00:00,0.09204,0.09437,0.09188,0.094,33170784.799999997
1725696000,2024-09-07T08:00:00+00:00,0.094,0.0949,0.09372,0.09446,17986891.1
1725710400,2024-09-07T12:00:00+00:00,0.09449,0.0957,0.09449,0.09544,33789256.6
1725724800,2024-09-07T16:00:00+00:00,0.09543,0.09557,0.09412,0.09489,37576167.4
1725739200,2024-09-07T20:00:00+00:00,0.09491,0.09554,0.09446,0.09541,27608891.299999997
1725753600,2024-09-08T00:00:00+00:00,0.09541,0.09695,0.09493,0.09616,22204293.2
1725768000,2024-09-08T04:00:00+00:00,0.09618,0.09618,0.0951,0.09563,17046642.4
1725782400,2024-09-08T08:00:00+00:00,0.09564,0.09645,0.09533,0.09577,13910904.7
1725796800,2024-09-08T12:00:00+00:00,0.09576,0.09589,0.09424,0.09436,15869630.7
1725811200,2024-09-08T16:00:00+00:00,0.09439,0.09569,0.09383,0.09529,13056073.6
1725825600,2024-09-08T20:00:00+00:00,0.0953,0.097,0.09497,0.09618,22697056.999999996
1725840000,2024-09-09T00:00:00+00:00,0.09614,0.09762,0.09574,0.09693,41913135.7
1725854400,2024-09-09T04:00:00+00:00,0.09696,0.09727,0.096,0.09716,9233437.200000001
1725868800,2024-09-09T08:00:00+00:00,0.09717,0.09874,0.09713,0.09791,20345178.4
1725883200,2024-09-09T12:00:00+00:00,0.09791,0.099,0.09697,0.09889,55997267.5
1725897600,2024-09-09T16:00:00+00:00,0.0989,0.1048,0.09886,0.10382,121008364.99999999
1725912000,2024-09-09T20:00:00+00:00,0.10386,0.10495,0.10309,0.10375,49895639.599999994
1725926400,2024-09-10T00:00:00+00:00,0.10377,0.10388,0.10208,0.10251,38901348.099999994
1725940800,2024-09-10T04:00:00+00:00,0.10251,0.10402,0.10245,0.10379,17414623.0
1725955200,2024-09-10T08:00:00+00:00,0.10375,0.10459,0.1035,0.10372,15231016.100000001
1725969600,2024-09-10T12:00:00+00:00,0.10367,0.10373,0.10151,0.10161,29650072.7
1725984000,2024-09-10T16:00:00+00:00,0.10164,0.10349,0.10155,0.10302,27706316.3
1725998400,2024-09-10T20:00:00+00:00,0.10303,0.10328,0.10247,0.10281,15819717.5
1726012800,2024-09-11T00:00:00+00:00,0.10281,0.10306,0.10077,0.10105,24581494.9
1726027200,2024-09-11T04:00:00+00:00,0.10101,0.10108,0.09912,0.10094,20990222.099999998
1726041600,2024-09-11T08:00:00+00:00,0.10094,0.10098,0.09963,0.10055,13205432.299999999
1726056000,2024-09-11T12:00:00+00:00,0.10054,0.10148,0.09783,0.09999,39221566.300000004
1726070400,2024-09-11T16:00:00+00:00,0.09996,0.10206,0.09989,0.10158,38815346.0
1726084800,2024-09-11T20:00:00+00:00,0.10158,0.10213,0.101,0.1013,38566057.300000004
1726099200,2024-09-12T00:00:00+00:00,0.10132,0.10287,0.10126,0.10233,18081581.2
1726113600,2024-09-12T04:00:00+00:00,0.10232,0.10314,0.10195,0.10261,21015465.9
1726128000,2024-09-12T08:00:00+00:00,0.10253,0.10274,0.10155,0.10197,8915174.2
1726142400,2024-09-12T12:00:00+00:00,0.10197,0.10285,0.10044,0.10069,38995978.099999994
1726156800,2024-09-12T16:00:00+00:00,0.10069,0.10264,0.10062,0.10246,23241310.0
1726171200,2024-09-12T20:00:00+00:00,0.10246,0.10335,0.10176,0.10269,39105734.0
1726185600,2024-09-13T00:00:00+00:00,0.1027,0.10286,0.10177,0.10191,13850880.000000002
1726200000,2024-09-13T04:00:00+00:00,0.10192,0.10407,0.10184,0.10346,39032430.9
1726214400,2024-09-13T08:00:00+00:00,0.10346,0.10665,0.1034,0.10439,58104777.3
1726228800,2024-09-13T12:00:00+00:00,0.1044,0.10856,0.1038,0.10803,122302244.89999999
1726243200,2024-09-13T16:00:00+00:00,0.10801,0.1081,0.10621,0.10657,63101527.7
1726257600,2024-09-13T20:00:00+00:00,0.10656,0.10791,0.10646,0.10705,38722784.0
1726272000,2024-09-14T00:00:00+00:00,0.10706,0.1078,0.10685,0.10721,19089378.6
1726286400,2024-09-14T04:00:00+00:00,0.10717,0.10741,0.10626,0.10674,36336402.3
1726300800,2024-09-14T08:00:00+00:00,0.10671,0.10688,0.10487,0.1053,20763205.4
1726315200,2024-09-14T12:00:00+00:00,0.10524,0.10649,0.10505,0.10562,27913427.0
1726329600,2024-09-14T16:00:00+00:00,0.10561,0.10581,0.10423,0.10506,18226297.9
1726344000,2024-09-14T20:00:00+00:00,0.10509,0.10562,0.10491,0.10542,15131222.5
1726358400,2024-09-15T00:00:00+00:00,0.1054,0.10642,0.10537,0.10571,18701384.200000003
1726372800,2024-09-15T04:00:00+00:00,0.1057,0.10588,0.10504,0.10578,9544037.8
1726387200,2024-09-15T08:00:00+00:00,0.10575,0.10584,0.10439,0.1048,20024245.2
1726401600,2024-09-15T12:00:00+00:00,0.1048,0.10644,0.10469,0.10624,15947284.299999999
1726416000,2024-09-15T16:00:00+00:00,0.10623,0.10637,0.1044,0.10529,29388440.8
1726430400,2024-09-15T20:00:00+00:00,0.1053,0.10532,0.10216,0.10279,22497139.2
1726444800,2024-09-16T00:00:00+00:00,0.10279,0.10323,0.09994,0.10151,41096692.7
1726459200,2024-09-16T04:00:00+00:00,0.10149,0.10264,0.10114,0.10241,15143118.000000002
1726473600,2024-09-16T08:00:00+00:00,0.10238,0.10298,0.10141,0.10164,14654664.700000001
1726488000,2024-09-16T12:00:00+00:00,0.10161,0.10188,0.09922,0.09988,52062005.49999999
1726502400,2024-09-16T16:00:00+00:00,0.09988,0.10003,0.09851,0.0992,24876088.6
1726516800,2024-09-16T20:00:00+00:00,0.09919,0.1,0.09833,0.09965,19631140.0
1726531200,2024-09-17T00:00:00+00:00,0.09966,0.10001,0.09869,0.09979,13702641.1
1726545600,2024-09-17T04:00:00+00:00,0.0998,0.10128,0.09975,0.10085,21921752.299999997
1726560000,2024-09-17T08:00:00+00:00,0.10086,0.10132,0.10037,0.1006,16968212.7
1726574400,2024-09-17T12:00:00+00:00,0.10059,0.10264,0.09959,0.10227,114736572.0
1726588800,2024-09-17T16:00:00+00:00,0.10227,0.10248,0.10017,0.10075,63911964.19999999
1726603200,2024-09-17T20:00:00+00:00,0.10075,0.1015,0.10049,0.10115,30083248.900000002
1726617600,2024-09-18T00:00:00+00:00,0.10112,0.10157,0.09981,0.10113,16360321.7
1726632000,2024-09-18T04:00:00+00:00,0.10116,0.10166,0.10038,0.10157,6600707.4
1726646400,2024-09-18T08:00:00+00:00,0.10157,0.1018,0.09934,0.1002,12697180.700000001
1726660800,2024-09-18T12:00:00+00:00,0.10016,0.10124,0.0996,0.1,27336774.8
1726675200,2024-09-18T16:00:00+00:00,0.1,0.10346,0.09944,0.10104,76688796.6
1726689600,2024-09-18T20:00:00+00:00,0.10101,0.10389,0.09987,0.10386,31765722.0
1726704000,2024-09-19T00:00:00+00:00,0.10388,0.1056,0.10333,0.10406,57546864.9
1726718400,2024-09-19T04:00:00+00:00,0.10413,0.10443,0.10358,0.1042,14984351.399999999
1726732800,2024-09-19T08:00:00+00:00,0.10423,0.10488,0.10406,0.10446,20385762.8
1726747200,2024-09-19T12:00:00+00:00,0.10446,0.1055,0.10425,0.105,39208250.9
1726761600,2024-09-19T16:00:00+00:00,0.10496,0.10715,0.10496,0.1058,61153301.0
1726776000,2024-09-19T20:00:00+00:00,0.10582,0.10626,0.10454,0.10498,32205348.900000002
1726790400,2024-09-20T00:00:00+00:00,0.10501,0.10612,0.10361,0.10611,36945385.0
1726804800,2024-09-20T04:00:00+00:00,0.10607,0.10753,0.10581,0.10667,57550381.50000001
1726819200,2024-09-20T08:00:00+00:00,0.10668,0.1072,0.10564,0.10596,26743976.1
1726833600,2024-09-20T12:00:00+00:00,0.10595,0.10663,0.10396,0.1052,54784405.8
1726848000,2024-09-20T16:00:00+00:00,0.10519,0.10546,0.10374,0.10465,23747748.3
1726862400,2024-09-20T20:00:00+00:00,0.10468,0.10587,0.10458,0.10555,15439589.3
1726876800,2024-09-21T00:00:00+00:00,0.10554,0.10562,0.10405,0.10488,18557679.0
1726891200,2024-09-21T04:00:00+00:00,0.10489,0.10563,0.10426,0.10552,11847275.0
1726905600,2024-09-21T08:00:00+00:00,0.10559,0.10656,0.10542,0.10623,13747756.799999999
1726920000,2024-09-21T12:00:00+00:00,0.10624,0.10971,0.10595,0.10928,61699730.9
1726934400,2024-09-21T16:00:00+00:00,0.10927,0.10947,0.10842,0.10859,36392308.4
1726948800,2024-09-21T20:00:00+00:00,0.10858,0.11052,0.10845,0.10995,37834202.599999994
1726963200,2024-09-22T00:00:00+00:00,0.10991,0.10998,0.10787,0.10808,22921123.200000003
1726977600,2024-09-22T04:00:00+00:00,0.10807,0.1085,0.10755,0.10797,7127450.1
1726992000,2024-09-22T08:00:00+00:00,0.10796,0.10815,0.10623,0.10661,20164221.8
1727006400,2024-09-22T12:00:00+00:00,0.10661,0.10696,0.10535,0.1057,24706951.2
1727020800,2024-09-22T16:00:00+00:00,0.10568,0.10698,0.10515,0.10643,14835679.0
1727035200,2024-09-22T20:00:00+00:00,0.10645,0.10706,0.10378,0.1063,36528085.300000004
1727049600,2024-09-23T00:00:00+00:00,0.10632,0.1092,0.10409,0.10817,90387487.6
1727064000,2024-09-23T04:00:00+00:00,0.10822,0.10854,0.10676,0.10717,17317669.6
1727078400,2024-09-23T08:00:00+00:00,0.10714,0.10763,0.10618,0.10663,16362967.8
1727092800,2024-09-23T12:00:00+00:00,0.10661,0.10775,0.10597,0.10727,25006452.9
1727107200,2024-09-23T16:00:00+00:00,0.10726,0.10777,0.10618,0.107,18797324.3
1727121600,2024-09-23T20:00:00+00:00,0.107,0.10847,0.10629,0.10805,36493689.9
1727136000,2024-09-24T00:00:00+00:00,0.10804,0.10886,0.10677,0.10824,43436638.7
1727150400,2024-09-24T04:00:00+00:00,0.10826,0.10858,0.10706,0.10825,17831040.4
1727164800,2024-09-24T08:00:00+00:00,0.1082,0.10941,0.10792,0.10918,19048542.9
1727179200,2024-09-24T12:00:00+00:00,0.1092,0.11009,0.10687,0.10751,48557016.900000006
1727193600,2024-09-24T16:00:00+00:00,0.10754,0.10997,0.10691,0.10988,31835096.4
1727208000,2024-09-24T20:00:00+00:00,0.10988,0.11063,0.10868,0.10978,32790994.800000004
1727222400,2024-09-25T00:00:00+00:00,0.10978,0.11117,0.10945,0.11062,45505847.9
1727236800,2024-09-25T04:00:00+00:00,0.11059,0.11074,0.10817,0.10905,19403666.7
1727251200,2024-09-25T08:00:00+00:00,0.10896,0.11045,0.10824,0.10982,21352958.4
1727265600,2024-09-25T12:00:00+00:00,0.10976,0.11001,0.10844,0.10889,26431165.3
1727280000,2024-09-25T16:00:00+00:00,0.10888,0.11063,0.10868,0.1096,26896101.4
1727294400,2024-09-25T20:00:00+00:00,0.10963,0.11053,0.10798,0.10848,23441014.1
1727308800,2024-09-26T00:00:00+00:00,0.10851,0.10905,0.10696,0.10904,25065096.7
1727323200,2024-09-26T04:00:00+00:00,0.10905,0.11497,0.10851,0.1134,75897035.0
1727337600,2024-09-26T08:00:00+00:00,0.11345,0.11524,0.11323,0.11367,42322753.4
1727352000,2024-09-26T12:00:00+00:00,0.11368,0.11729,0.11333,0.11671,89161475.2
1727366400,2024-09-26T16:00:00+00:00,0.11672,0.12072,0.11629,0.11759,117080156.10000001
1727380800,2024-09-26T20:00:00+00:00,0.1176,0.11832,0.11545,0.11817,79252729.6
1727395200,2024-09-27T00:00:00+00:00,0.11818,0.11949,0.11702,0.11866,57186176.800000004
1727409600,2024-09-27T04:00:00+00:00,0.11866,0.1238,0.11854,0.12297,88322194.8
1727424000,2024-09-27T08:00:00+00:00,0.12293,0.1258,0.12238,0.12266,69815713.3
1727438400,2024-09-27T12:00:00+00:00,0.1227,0.12875,0.12225,0.12691,166571105.6
1727452800,2024-09-27T16:00:00+00:00,0.12696,0.12781,0.12336,0.12426,87774509.5
1727467200,2024-09-27T20:00:00+00:00,0.12425,0.12453,0.1231,0.12352,23488099.4
1727481600,2024-09-28T00:00:00+00:00,0.12356,0.12681,0.1233,0.12621,39988424.8
1727496000,2024-09-28T04:00:00+00:00,0.12625,0.12639,0.12153,0.12185,37460644.7
1727510400,2024-09-28T08:00:00+00:00,0.12183,0.12544,0.12009,0.12489,60081607.2
1727524800,2024-09-28T12:00:00+00:00,0.12488,0.13213,0.1224,0.13101,138991099.9
1727539200,2024-09-28T16:00:00+00:00,0.13106,0.13175,0.12849,0.1301,80111508.3
1727553600,2024-09-28T20:00:00+00:00,0.13015,0.13138,0.12728,0.12811,55820818.6
1727568000,2024-09-29T00:00:00+00:00,0.12813,0.13042,0.12705,0.12942,56577353.9
1727582400,2024-09-29T04:00:00+00:00,0.12945,0.1297,0.12587,0.12591,35259290.7
1727596800,2024-09-29T08:00:00+00:00,0.12594,0.12745,0.12559,0.127,24425758.099999998
1727611200,2024-09-29T12:00:00+00:00,0.12695,0.12727,0.12492,0.12611,59227526.6
1727625600,2024-09-29T16:00:00+00:00,0.12607,0.12834,0.12501,0.1283,32993044.5
1727640000,2024-09-29T20:00:00+00:00,0.12831,0.12896,0.12432,0.12432,49929911.9
1727654400,2024-09-30T00:00:00+00:00,0.1244,0.12465,0.12063,0.12251,69696794.2
1727668800,2024-09-30T04:00:00+00:00,0.12248,0.1236,0.12153,0.1229,30227294.799999997
1727683200,2024-09-30T08:00:00+00:00,0.12296,0.12305,0.11914,0.1205,46452819.49999999
1727697600,2024-09-30T12:00:00+00:00,0.12046,0.12113,0.11687,0.11709,83992906.69999999
1727712000,2024-09-30T16:00:00+00:00,0.11709,0.1183,0.1166,0.11772,48758139.1
1727726400,2024-09-30T20:00:00+00:00,0.11773,0.11894,0.1132,0.1142,60255918.599999994
1727740800,2024-10-01T00:00:00+00:00,0.11418,0.11771,0.1134,0.11767,58228601.400000006
1727755200,2024-10-01T04:00:00+00:00,0.11765,0.11904,0.11725,0.11863,23251516.2
1727769600,2024-10-01T08:00:00+00:00,0.11857,0.11933,0.1178,0.11806,18329169.5
1727784000,2024-10-01T12:00:00+00:00,0.118,0.11852,0.10748,0.11064,145420384.6
1727798400,2024-10-01T16:00:00+00:00,0.11062,0.11141,0.10255,0.10593,128479957.89999999
1727812800,2024-10-01T20:00:00+00:00,0.10597,0.1078,0.10384,0.10687,81559643.1
1727827200,2024-10-02T00:00:00+00:00,0.10683,0.10887,0.10634,0.10839,42095618.800000004
1727841600,2024-10-02T04:00:00+00:00,0.10836,0.10949,0.10713,0.10844,30800226.3
1727856000,2024-10-02T08:00:00+00:00,0.10845,0.10896,0.10539,0.10625,44077855.8
1727870400,2024-10-02T12:00:00+00:00,0.10627,0.10688,0.10351,0.10623,91920781.5
1727884800,2024-10-02T16:00:00+00:00,0.10623,0.10775,0.10222,0.10429,67884278.1
1727899200,2024-10-02T20:00:00+00:00,0.10427,0.10601,0.10354,0.1046,51309677.6
1727913600,2024-10-03T00:00:00+00:00,0.10457,0.10678,0.10403,0.10613,28002499.4
1727928000,2024-10-03T04:00:00+00:00,0.10608,0.10617,0.10448,0.10468,23084172.2
1727942400,2024-10-03T08:00:00+00:00,0.10472,0.10515,0.10107,0.10392,45727255.4
1727956800,2024-10-03T12:00:00+00:00,0.10395,0.10555,0.10131,0.10401,87116845.1
1727971200,2024-10-03T16:00:00+00:00,0.104,0.10525,0.10189,0.10502,44209662.7
1727985600,2024-10-03T20:00:00+00:00,0.10499,0.1057,0.10372,0.10506,31692946.6
1728000000,2024-10-04T00:00:00+00:00,0.10507,0.10694,0.10477,0.10637,48496460.8
1728014400,2024-10-04T04:00:00+00:00,0.1064,0.10852,0.10637,0.108,27712316.1
1728028800,2024-10-04T08:00:00+00:00,0.108,0.10882,0.10716,0.10856,28181644.8
1728043200,2024-10-04T12:00:00+00:00,0.10852,0.11029,0.10654,0.10821,88265367.39999999
1728057600,2024-10-04T16:00:00+00:00,0.10823,0.11057,0.10787,0.11046,55016142.1
1728072000,2024-10-04T20:00:00+00:00,0.11044,0.11055,0.10868,0.10924,28086059.8
1728086400,2024-10-05T00:00:00+00:00,0.10924,0.11025,0.10746,0.10789,29488632.4
1728100800,2024-10-05T04:00:00+00:00,0.10789,0.10932,0.10759,0.10876,7959915.6
1728115200,2024-10-05T08:00:00+00:00,0.10877,0.11,0.10875,0.10916,15827455.8
1728129600,2024-10-05T12:00:00+00:00,0.10917,0.10995,0.10854,0.10973,17685775.4
1728144000,2024-10-05T16:00:00+00:00,0.10974,0.11021,0.1079,0.10809,32315863.0
1728158400,2024-10-05T20:00:00+00:00,0.10811,0.10982,0.10758,0.10939,16669332.3
1728172800,2024-10-06T00:00:00+00:00,0.1094,0.11006,0.1085,0.1086,17736024.6
1728187200,2024-10-06T04:00:00+00:00,0.10861,0.1092,0.10839,0.10898,10424215.9
1728201600,2024-10-06T08:00:00+00:00,0.10896,0.10966,0.10877,0.1093,4791879.1
1728216000,2024-10-06T12:00:00+00:00,0.10932,0.11288,0.10913,0.11215,40553171.0
1728230400,2024-10-06T16:00:00+00:00,0.11215,0.11278,0.1105,0.11067,27570395.7
1728244800,2024-10-06T20:00:00+00:00,0.11066,0.11185,0.10963,0.11155,24097089.8
1728259200,2024-10-07T00:00:00+00:00,0.11156,0.11547,0.11086,0.11394,83542050.79999998
1728273600,2024-10-07T04:00:00+00:00,0.11391,0.11445,0.11331,0.11367,28202161.6
1728288000,2024-10-07T08:00:00+00:00,0.11364,0.11456,0.11043,0.11141,36650645.7
1728302400,2024-10-07T12:00:00+00:00,0.11139,0.11466,0.11085,0.11187,99597974.0
1728316800,2024-10-07T16:00:00+00:00,0.11187,0.11305,0.1093,0.11081,59837022.0
1728331200,2024-10-07T20:00:00+00:00,0.11084,0.11236,0.1082,0.10839,38627640.8
1728345600,2024-10-08T00:00:00+00:00,0.10838,0.1098,0.10791,0.10925,31425044.5
1728360000,2024-10-08T04:00:00+00:00,0.1093,0.10974,0.10626,0.10735,22326777.900000002
1728374400,2024-10-08T08:00:00+00:00,0.10732,0.108,0.10697,0.10796,15681724.8
1728388800,2024-10-08T12:00:00+00:00,0.10799,0.10842,0.10516,0.10641,50860784.5
1728403200,2024-10-08T16:00:00+00:00,0.10638,0.10762,0.10588,0.10709,39843159.4
1728417600,2024-10-08T20:00:00+00:00,0.10711,0.10803,0.10647,0.10706,17432742.0
1728432000,2024-10-09T00:00:00+00:00,0.10706,0.1093,0.10692,0.10875,29905866.799999997
1728446400,2024-10-09T04:00:00+00:00,0.1087,0.10961,0.10834,0.10888,10660783.1
1728460800,2024-10-09T08:00:00+00:00,0.10886,0.11044,0.10834,0.11035,27687340.6
1728475200,2024-10-09T12:00:00+00:00,0.11037,0.11143,0.10808,0.11053,73889981.4
1728489600,2024-10-09T16:00:00+00:00,0.11052,0.11071,0.10822,0.10903,37317640.1
1728504000,2024-10-09T20:00:00+00:00,0.10903,0.10905,0.10592,0.10785,55508349.5
1728518400,2024-10-10T00:00:00+00:00,0.10782,0.10821,0.1069,0.1078,28579946.6
1728532800,2024-10-10T04:00:00+00:00,0.10781,0.10852,0.10715,0.10719,12682857.8
1728547200,2024-10-10T08:00:00+00:00,0.10716,0.10745,0.10567,0.10717,21698971.0
1728561600,2024-10-10T12:00:00+00:00,0.10718,0.10732,0.10429,0.10529,64260938.900000006
1728576000,2024-10-10T16:00:00+00:00,0.10533,0.1058,0.10299,0.10443,101368047.5
1728590400,2024-10-10T20:00:00+00:00,0.10439,0.10623,0.10414,0.10593,25440367.300000004
1728604800,2024-10-11T00:00:00+00:00,0.10593,0.10815,0.10558,0.10749,26962519.200000003
1728619200,2024-10-11T04:00:00+00:00,0.10744,0.10823,0.10717,0.10769,15937571.9
1728633600,2024-10-11T08:00:00+00:00,0.10766,0.10883,0.10761,0.1085,28948487.0
1728648000,2024-10-11T12:00:00+00:00,0.1085,0.11015,0.10803,0.10989,58971785.6
1728662400,2024-10-11T16:00:00+00:00,0.10992,0.11135,0.1094,0.11106,48094885.6
1728676800,2024-10-11T20:00:00+00:00,0.11106,0.1114,0.11057,0.11072,35496957.8
1728691200,2024-10-12T00:00:00+00:00,0.11073,0.11154,0.10932,0.10966,28439760.7
1728705600,2024-10-12T04:00:00+00:00,0.10966,0.11131,0.10966,0.11127,14788866.299999999
1728720000,2024-10-12T08:00:00+00:00,0.11125,0.11215,0.11088,0.11134,20208047.9
1728734400,2024-10-12T12:00:00+00:00,0.11133,0.11206,0.11065,0.11137,21337837.200000003
1728748800,2024-10-12T16:00:00+00:00,0.11137,0.11203,0.11074,0.11121,25236863.299999997
1728763200,2024-10-12T20:00:00+00:00,0.11121,0.11192,0.11118,0.11135,15057580.2
1728777600,2024-10-13T00:00:00+00:00,0.11137,0.11211,0.11042,0.11088,14324732.500000002
1728792000,2024-10-13T04:00:00+00:00,0.11096,0.11193,0.11094,0.11152,9682492.2
1728806400,2024-10-13T08:00:00+00:00,0.11154,0.11205,0.11055,0.11057,13291836.7
1728820800,2024-10-13T12:00:00+00:00,0.11061,0.11188,0.10858,0.10953,27777071.7
1728835200,2024-10-13T16:00:00+00:00,0.10951,0.1109,0.10888,0.11005,19263075.9
1728849600,2024-10-13T20:00:00+00:00,0.11005,0.11175,0.10969,0.11132,24589237.5
1728864000,2024-10-14T00:00:00+00:00,0.11134,0.11293,0.10927,0.11267,45766207.6
1728878400,2024-10-14T04:00:00+00:00,0.11271,0.11351,0.11119,0.11238,49680027.1
1728892800,2024-10-14T08:00:00+00:00,0.11237,0.11365,0.11178,0.11289,29061460.9
1728907200,2024-10-14T12:00:00+00:00,0.1129,0.11668,0.11246,0.1156,77425959.2
1728921600,2024-10-14T16:00:00+00:00,0.11557,0.11606,0.11416,0.11558,66401273.699999996
1728936000,2024-10-14T20:00:00+00:00,0.11559,0.11768,0.11524,0.11664,51871631.900000006
1728950400,2024-10-15T00:00:00+00:00,0.11666,0.11926,0.11614,0.11622,39416268.7
1728964800,2024-10-15T04:00:00+00:00,0.11627,0.11728,0.11537,0.11581,22049537.4
1728979200,2024-10-15T08:00:00+00:00,0.11581,0.11659,0.1125,0.11285,41692940.0
1728993600,2024-10-15T12:00:00+00:00,0.11283,0.1184,0.11012,0.1129,120092871.0
1729008000,2024-10-15T16:00:00+00:00,0.1129,0.1174,0.11277,0.11467,79594021.5
1729022400,2024-10-15T20:00:00+00:00,0.11466,0.11799,0.11242,0.11744,68904837.6
1729036800,2024-10-16T00:00:00+00:00,0.11744,0.11771,0.11577,0.11654,56181095.7
1729051200,2024-10-16T04:00:00+00:00,0.11655,0.12024,0.11618,0.12013,74013026.0
1729065600,2024-10-16T08:00:00+00:00,0.12014,0.12844,0.11975,0.12592,312148598.29999995
1729080000,2024-10-16T12:00:00+00:00,0.12591,0.12787,0.12349,0.12612,159947550.7
1729094400,2024-10-16T16:00:00+00:00,0.12617,0.12825,0.12458,0.12736,103576889.39999999
1729108800,2024-10-16T20:00:00+00:00,0.12732,0.13,0.12522,0.1257,129514319.79999998
1729123200,2024-10-17T00:00:00+00:00,0.1257,0.12665,0.12362,0.12511,58093537.0
1729137600,2024-10-17T04:00:00+00:00,0.12513,0.12517,0.12113,0.12202,55490167.5
1729152000,2024-10-17T08:00:00+00:00,0.12201,0.12347,0.12102,0.12159,46773612.0
1729166400,2024-10-17T12:00:00+00:00,0.12158,0.12311,0.12042,0.12274,94156519.7
1729180800,2024-10-17T16:00:00+00:00,0.12276,0.12416,0.12057,0.12405,104733266.1
1729195200,2024-10-17T20:00:00+00:00,0.12403,0.13091,0.12395,0.12962,228197377.20000005
1729209600,2024-10-18T00:00:00+00:00,0.12961,0.13709,0.12955,0.13262,239285688.9
1729224000,2024-10-18T04:00:00+00:00,0.13264,0.13576,0.13124,0.13464,95232368.0
1729238400,2024-10-18T08:00:00+00:00,0.13462,0.13638,0.133,0.13334,60674469.5
1729252800,2024-10-18T12:00:00+00:00,0.13341,0.13832,0.13243,0.13767,137961170.1
1729267200,2024-10-18T16:00:00+00:00,0.13768,0.14085,0.13607,0.1365,188029874.6
1729281600,2024-10-18T20:00:00+00:00,0.13651,0.13874,0.13595,0.13716,59135775.8
1729296000,2024-10-19T00:00:00+00:00,0.13719,0.14702,0.13698,0.14414,195017463.5
1729310400,2024-10-19T04:00:00+00:00,0.14414,0.14544,0.1428,0.14391,61439769.1
1729324800,2024-10-19T08:00:00+00:00,0.14398,0.14656,0.1421,0.14217,53251308.7
1729339200,2024-10-19T12:00:00+00:00,0.14212,0.14682,0.14212,0.14384,71868782.7
1729353600,2024-10-19T16:00:00+00:00,0.14388,0.14453,0.13931,0.14005,93369064.3
1729368000,2024-10-19T20:00:00+00:00,0.14004,0.14675,0.13992,0.14406,69443850.69999999
1729382400,2024-10-20T00:00:00+00:00,0.14406,0.14571,0.14067,0.14139,60619591.1
1729396800,2024-10-20T04:00:00+00:00,0.14137,0.14384,0.14071,0.14279,37143187.2
1729411200,2024-10-20T08:00:00+00:00,0.14282,0.14371,0.14192,0.14275,20272247.9
1729425600,2024-10-20T12:00:00+00:00,0.14272,0.1429,0.13716,0.13833,89662650.89999999
1729440000,2024-10-20T16:00:00+00:00,0.13834,0.1426,0.13831,0.14029,54357751.00000001
1729454400,2024-10-20T20:00:00+00:00,0.14035,0.14346,0.13962,0.14209,70477975.9
1729468800,2024-10-21T00:00:00+00:00,0.14212,0.14695,0.14137,0.14536,113621129.30000001
1729483200,2024-10-21T04:00:00+00:00,0.14532,0.14966,0.14419,0.14604,117578451.6
1729497600,2024-10-21T08:00:00+00:00,0.14606,0.14704,0.14391,0.14424,79592818.4
1729512000,2024-10-21T12:00:00+00:00,0.14427,0.14497,0.13862,0.14065,113705916.1
1729526400,2024-10-21T16:00:00+00:00,0.14065,0.14405,0.13812,0.14352,91893744.19999999
1729540800,2024-10-21T20:00:00+00:00,0.1435,0.14509,0.1425,0.14362,55147745.699999996
1729555200,2024-10-22T00:00:00+00:00,0.14359,0.14841,0.14037,0.1447,143978582.1
1729569600,2024-10-22T04:00:00+00:00,0.14465,0.1465,0.14364,0.1443,41830506.4
1729584000,2024-10-22T08:00:00+00:00,0.1443,0.14434,0.14132,0.14179,47879590.2
1729598400,2024-10-22T12:00:00+00:00,0.14174,0.14252,0.1381,0.13931,142532914.0
1729612800,2024-10-22T16:00:00+00:00,0.13933,0.14062,0.13637,0.13956,120790894.0
1729627200,2024-10-22T20:00:00+00:00,0.13954,0.14128,0.13919,0.13961,43802438.6
1729641600,2024-10-23T00:00:00+00:00,0.13962,0.13986,0.1367,0.13807,67288289.3
1729656000,2024-10-23T04:00:00+00:00,0.13807,0.14086,0.1374,0.13956,41627133.3
1729670400,2024-10-23T08:00:00+00:00,0.13954,0.1403,0.13574,0.13685,48193856.4
1729684800,2024-10-23T12:00:00+00:00,0.13691,0.14082,0.13619,0.13923,63699004.8
1729699200,2024-10-23T16:00:00+00:00,0.13923,0.13991,0.13274,0.13887,170241486.0
1729713600,2024-10-23T20:00:00+00:00,0.13888,0.14008,0.13744,0.13989,48736478.9
1729728000,2024-10-24T00:00:00+00:00,0.13985,0.14299,0.13895,0.13928,79635415.89999999
1729742400,2024-10-24T04:00:00+00:00,0.1392,0.14089,0.13784,0.13826,39886132.7
1729756800,2024-10-24T08:00:00+00:00,0.13819,0.13903,0.13619,0.13882,24222551.2
1729771200,2024-10-24T12:00:00+00:00,0.13883,0.14332,0.13856,0.14047,98275376.2
1729785600,2024-10-24T16:00:00+00:00,0.14048,0.14274,0.13916,0.14229,53675619.0
1729800000,2024-10-24T20:00:00+00:00,0.14229,0.1437,0.14104,0.14182,49142882.89999999
1729814400,2024-10-25T00:00:00+00:00,0.14179,0.14265,0.13872,0.13981,47577549.099999994
1729828800,2024-10-25T04:00:00+00:00,0.13976,0.14075,0.1375,0.138,41934188.4
1729843200,2024-10-25T08:00:00+00:00,0.13802,0.13959,0.13666,0.13906,35037277.5
1729857600,2024-10-25T12:00:00+00:00,0.13906,0.13994,0.13568,0.13631,61338204.0
1729872000,2024-10-25T16:00:00+00:00,0.13631,0.13705,0.13171,0.13525,122694783.89999999
1729886400,2024-10-25T20:00:00+00:00,0.13524,0.13657,0.12759,0.13135,115578469.7
1729900800,2024-10-26T00:00:00+00:00,0.13133,0.134,0.13045,0.13348,60952413.50000001
1729915200,2024-10-26T04:00:00+00:00,0.13348,0.13489,0.13301,0.13426,19505293.5
1729929600,2024-10-26T08:00:00+00:00,0.13427,0.13533,0.13424,0.13497,13933848.0
1729944000,2024-10-26T12:00:00+00:00,0.13495,0.13525,0.1319,0.13349,37153951.300000004
1729958400,2024-10-26T16:00:00+00:00,0.13346,0.138,0.13346,0.13612,24991249.4
1729972800,2024-10-26T20:00:00+00:00,0.13612,0.1378,0.13597,0.1373,30395041.099999998
1729987200,2024-10-27T00:00:00+00:00,0.13729,0.13852,0.13591,0.138,37691620.4
1730001600,2024-10-27T04:00:00+00:00,0.138,0.1385,0.13748,0.13805,17037557.7
1730016000,2024-10-27T08:00:00+00:00,0.13804,0.1384,0.13645,0.13717,17661101.6
1730030400,2024-10-27T12:00:00+00:00,0.1372,0.14097,0.13719,0.14084,49126445.400000006
1730044800,2024-10-27T16:00:00+00:00,0.14082,0.14408,0.14017,0.14114,91610936.5
1730059200,2024-10-27T20:00:00+00:00,0.14115,0.1461,0.14046,0.1441,136210279.2
1730073600,2024-10-28T00:00:00+00:00,0.1441,0.14603,0.14097,0.14309,114118018.19999999
1730088000,2024-10-28T04:00:00+00:00,0.14296,0.14533,0.14173,0.14317,72110845.1
1730102400,2024-10-28T08:00:00+00:00,0.14321,0.1468,0.14197,0.14548,47428206.5
1730116800,2024-10-28T12:00:00+00:00,0.14548,0.15119,0.14495,0.14782,195943064.20000002
1730131200,2024-10-28T16:00:00+00:00,0.14785,0.16187,0.14777,0.15823,279535995.0
1730145600,2024-10-28T20:00:00+00:00,0.15825,0.16249,0.15642,0.16137,216323104.4
1730160000,2024-10-29T00:00:00+00:00,0.1613,0.16895,0.16038,0.16707,248367342.9
1730174400,2024-10-29T04:00:00+00:00,0.16707,0.1674,0.16312,0.1646,74801917.9
1730188800,2024-10-29T08:00:00+00:00,0.16459,0.16739,0.16343,0.16655,63011636.00000001
1730203200,2024-10-29T12:00:00+00:00,0.16652,0.17312,0.16457,0.17272,163139235.2
1730217600,2024-10-29T16:00:00+00:00,0.17276,0.17976,0.16912,0.16974,308931543.29999995
1730232000,2024-10-29T20:00:00+00:00,0.1697,0.17671,0.16814,0.1758,140766088.2
1730246400,2024-10-30T00:00:00+00:00,0.17579,0.1779,0.17205,0.17488,115758491.39999999
1730260800,2024-10-30T04:00:00+00:00,0.17483,0.1778,0.17201,0.17261,66110472.6
1730275200,2024-10-30T08:00:00+00:00,0.17261,0.17376,0.16694,0.16802,72294521.2
1730289600,2024-10-30T12:00:00+00:00,0.16802,0.17133,0.16475,0.16528,115410191.39999999
1730304000,2024-10-30T16:00:00+00:00,0.16529,0.16887,0.16439,0.16749,70009723.7
1730318400,2024-10-30T20:00:00+00:00,0.16742,0.17087,0.16634,0.16826,77365319.0
1730332800,2024-10-31T00:00:00+00:00,0.16822,0.17278,0.16723,0.17035,75487049.3
1730347200,2024-10-31T04:00:00+00:00,0.17035,0.17298,0.17032,0.172,49429470.0
1730361600,2024-10-31T08:00:00+00:00,0.17202,0.17357,0.16873,0.17134,42406634.3
1730376000,2024-10-31T12:00:00+00:00,0.17137,0.17216,0.1645,0.16591,133519637.0
1730390400,2024-10-31T16:00:00+00:00,0.16591,0.16672,0.15858,0.159,121987136.19999999
1730404800,2024-10-31T20:00:00+00:00,0.15894,0.16265,0.15614,0.16144,120426868.3
1730419200,2024-11-01T00:00:00+00:00,0.16143,0.16409,0.15666,0.15817,107676176.30000001
1730433600,2024-11-01T04:00:00+00:00,0.15816,0.16029,0.15403,0.15586,66087274.900000006
1730448000,2024-11-01T08:00:00+00:00,0.15586,0.16249,0.15559,0.16081,61912078.0
1730462400,2024-11-01T12:00:00+00:00,0.16078,0.16894,0.1581,0.15928,157679285.4
1730476800,2024-11-01T16:00:00+00:00,0.15931,0.16359,0.15878,0.16021,96315766.1
1730491200,2024-11-01T20:00:00+00:00,0.16024,0.16176,0.15649,0.15903,82736723.69999999
1730505600,2024-11-02T00:00:00+00:00,0.15908,0.16358,0.159,0.16135,58340573.5
1730520000,2024-11-02T04:00:00+00:00,0.16134,0.16281,0.15933,0.16198,37254896.8
1730534400,2024-11-02T08:00:00+00:00,0.16188,0.16233,0.15851,0.15939,33568050.9
1730548800,2024-11-02T12:00:00+00:00,0.15935,0.16042,0.15542,0.15696,55486304.3
1730563200,2024-11-02T16:00:00+00:00,0.15696,0.16025,0.15647,0.15959,49616988.4
1730577600,2024-11-02T20:00:00+00:00,0.15957,0.16018,0.15755,0.15956,32772453.4
1730592000,2024-11-03T00:00:00+00:00,0.15955,0.15985,0.14792,0.15026,147380574.0
1730606400,2024-11-03T04:00:00+00:00,0.1501,0.15275,0.14971,0.15178,49368831.6
1730620800,2024-11-03T08:00:00+00:00,0.15178,0.15249,0.14772,0.14845,47774132.300000004
1730635200,2024-11-03T12:00:00+00:00,0.14839,0.15017,0.14208,0.14577,185835434.1
1730649600,2024-11-03T16:00:00+00:00,0.14573,0.14909,0.14395,0.14885,88932702.2
1730664000,2024-11-03T20:00:00+00:00,0.14886,0.15408,0.14816,0.15135,100544742.3
1730678400,2024-11-04T00:00:00+00:00,0.15135,0.15467,0.14807,0.15148,87492520.6
1730692800,2024-11-04T04:00:00+00:00,0.15156,0.15281,0.14929,0.15072,49408482.3
1730707200,2024-11-04T08:00:00+00:00,0.15066,0.15821,0.14949,0.15684,88312056.3
1730721600,2024-11-04T12:00:00+00:00,0.15692,0.15978,0.15439,0.15818,134567935.10000002
1730736000,2024-11-04T16:00:00+00:00,0.15818,0.16015,0.1543,0.15918,153698960.49999997
1730750400,2024-11-04T20:00:00+00:00,0.15919,0.16011,0.15161,0.15812,169160010.10000002
1730764800,2024-11-05T00:00:00+00:00,0.15813,0.16639,0.15787,0.16224,172343689.7
1730779200,2024-11-05T04:00:00+00:00,0.16226,0.16937,0.1613,0.16766,101363780.6
1730793600,2024-11-05T08:00:00+00:00,0.16778,0.17261,0.16583,0.17141,94152723.9
1730808000,2024-11-05T12:00:00+00:00,0.17141,0.17957,0.16842,0.1746,226205446.29999998
1730822400,2024-11-05T16:00:00+00:00,0.17464,0.17766,0.16556,0.16774,235617085.2
1730836800,2024-11-05T20:00:00+00:00,0.16777,0.17328,0.16526,0.17,193676186.20000002
1730851200,2024-11-06T00:00:00+00:00,0.17,0.2193,0.16903,0.2113,935786852.8000001
1730865600,2024-11-06T04:00:00+00:00,0.21128,0.21321,0.19547,0.19981,606310860.9000001
1730880000,2024-11-06T08:00:00+00:00,0.19978,0.20428,0.18632,0.20245,270145849.90000004
1730894400,2024-11-06T12:00:00+00:00,0.20249,0.20555,0.18938,0.19179,267420694.60000002
1730908800,2024-11-06T16:00:00+00:00,0.19176,0.19621,0.18731,0.19513,233931689.4
1730923200,2024-11-06T20:00:00+00:00,0.19517,0.2,0.19347,0.19664,204623317.2
1730937600,2024-11-07T00:00:00+00:00,0.19664,0.20443,0.19294,0.19612,238739935.1
1730952000,2024-11-07T04:00:00+00:00,0.19611,0.19684,0.18872,0.19169,104607400.60000001
1730966400,2024-11-07T08:00:00+00:00,0.19166,0.19445,0.19018,0.19084,50708343.2
1730980800,2024-11-07T12:00:00+00:00,0.19083,0.19479,0.18534,0.1945,209876448.50000003
1730995200,2024-11-07T16:00:00+00:00,0.19442,0.19787,0.19056,0.19388,186332383.10000002
1731009600,2024-11-07T20:00:00+00:00,0.19397,0.19565,0.19017,0.1934,107804511.4
1731024000,2024-11-08T00:00:00+00:00,0.19341,0.19931,0.19103,0.19497,122099202.19999999
1731038400,2024-11-08T04:00:00+00:00,0.19497,0.20219,0.19427,0.19993,140803786.39999998
1731052800,2024-11-08T08:00:00+00:00,0.19994,0.20013,0.19537,0.19685,62829693.89999999
1731067200,2024-11-08T12:00:00+00:00,0.19683,0.20056,0.19332,0.19724,137949524.89999998
1731081600,2024-11-08T16:00:00+00:00,0.19723,0.1985,0.19059,0.1974,190076404.20000002
1731096000,2024-11-08T20:00:00+00:00,0.19744,0.20759,0.19532,0.20215,247110625.3
1731110400,2024-11-09T00:00:00+00:00,0.20215,0.20465,0.19751,0.19953,97138134.1
1731124800,2024-11-09T04:00:00+00:00,0.19961,0.21,0.19883,0.20939,109225341.2
1731139200,2024-11-09T08:00:00+00:00,0.20937,0.21275,0.20717,0.20753,89501398.30000001
1731153600,2024-11-09T12:00:00+00:00,0.20742,0.20844,0.20304,0.20561,76246909.1
1731168000,2024-11-09T16:00:00+00:00,0.2056,0.21135,0.20128,0.20802,131989811.39999999
1731182400,2024-11-09T20:00:00+00:00,0.20799,0.22,0.20776,0.21908,257263502.10000002
1731196800,2024-11-10T00:00:00+00:00,0.21913,0.22965,0.21671,0.2286,307954946.5
1731211200,2024-11-10T04:00:00+00:00,0.22853,0.23279,0.22439,0.22676,209997256.50000003
1731225600,2024-11-10T08:00:00+00:00,0.22676,0.2437,0.22652,0.24234,204653461.3
1731240000,2024-11-10T12:00:00+00:00,0.24234,0.24947,0.23718,0.24725,327150060.0
1731254400,2024-11-10T16:00:00+00:00,0.24722,0.29877,0.24473,0.2704,861648653.2
1731268800,2024-11-10T20:00:00+00:00,0.2705,0.28798,0.24665,0.27796,609079583.4000001
1731283200,2024-11-11T00:00:00+00:00,0.27813,0.30294,0.27545,0.29323,523267657.9
1731297600,2024-11-11T04:00:00+00:00,0.29319,0.29742,0.27251,0.28196,230453191.3
1731312000,2024-11-11T08:00:00+00:00,0.28179,0.29598,0.27607,0.29336,161560740.2
1731326400,2024-11-11T12:00:00+00:00,0.29327,0.31363,0.28286,0.31059,391821283.5
1731340800,2024-11-11T16:00:00+00:00,0.31044,0.32923,0.30964,0.31848,590881137.0
1731355200,2024-11-11T20:00:00+00:00,0.31848,0.35189,0.31803,0.35185,621405778.9
1731369600,2024-11-12T00:00:00+00:00,0.35176,0.365,0.32706,0.36329,816219265.4
1731384000,2024-11-12T04:00:00+00:00,0.36327,0.42157,0.36007,0.41357,852034964.6
1731398400,2024-11-12T08:00:00+00:00,0.41318,0.4395,0.345,0.39624,799490410.4
1731412800,2024-11-12T12:00:00+00:00,0.39601,0.40589,0.33703,0.3721,767958568.5999999
1731427200,2024-11-12T16:00:00+00:00,0.37222,0.39815,0.34955,0.3828,565956563.6
1731441600,2024-11-12T20:00:00+00:00,0.3828,0.399,0.36761,0.38028,403532134.8
1731456000,2024-11-13T00:00:00+00:00,0.38048,0.41604,0.36815,0.37211,718626351.2
1731470400,2024-11-13T04:00:00+00:00,0.37188,0.38462,0.35201,0.37813,413754919.9
1731484800,2024-11-13T08:00:00+00:00,0.37813,0.3951,0.3694,0.38926,274183263.0
1731499200,2024-11-13T12:00:00+00:00,0.38899,0.4346,0.37965,0.42216,689324619.4000001
1731513600,2024-11-13T16:00:00+00:00,0.42212,0.42771,0.38024,0.38437,678287006.1
1731528000,2024-11-13T20:00:00+00:00,0.3845,0.40629,0.37134,0.39976,422204117.9
1731542400,2024-11-14T00:00:00+00:00,0.39974,0.40161,0.38,0.3869,263640052.4
1731556800,2024-11-14T04:00:00+00:00,0.38689,0.40254,0.38418,0.39817,210829248.9
1731571200,2024-11-14T08:00:00+00:00,0.3981,0.40876,0.38915,0.39613,175993229.1
1731585600,2024-11-14T12:00:00+00:00,0.39631,0.41646,0.37932,0.38406,428042718.1
1731600000,2024-11-14T16:00:00+00:00,0.38407,0.40068,0.38044,0.39494,229105838.29999998
1731614400,2024-11-14T20:00:00+00:00,0.3948,0.39484,0.3518,0.36264,424731579.70000005
1731628800,2024-11-15T00:00:00+00:00,0.36276,0.37665,0.3616,0.37119,238927825.20000002
1731643200,2024-11-15T04:00:00+00:00,0.37117,0.3722,0.35321,0.36589,174701037.6
1731657600,2024-11-15T08:00:00+00:00,0.36598,0.37833,0.36132,0.3736,97352826.0
1731672000,2024-11-15T12:00:00+00:00,0.37362,0.38152,0.35141,0.35671,291265498.5
1731686400,2024-11-15T16:00:00+00:00,0.35672,0.374,0.35388,0.36968,274597860.8
1731700800,2024-11-15T20:00:00+00:00,0.36974,0.385,0.36904,0.38159,259253382.4
1731715200,2024-11-16T00:00:00+00:00,0.38171,0.3842,0.37229,0.38009,143013852.70000002
1731729600,2024-11-16T04:00:00+00:00,0.38005,0.39158,0.37434,0.37894,171559152.3
1731744000,2024-11-16T08:00:00+00:00,0.37892,0.38102,0.37183,0.37582,91721886.80000001
1731758400,2024-11-16T12:00:00+00:00,0.37579,0.37746,0.3611,0.3659,149427579.5
1731772800,2024-11-16T16:00:00+00:00,0.36577,0.37523,0.36311,0.3727,106685383.4
1731787200,2024-11-16T20:00:00+00:00,0.37256,0.37352,0.36,0.36433,105766779.4
1731801600,2024-11-17T00:00:00+00:00,0.36432,0.36922,0.33911,0.35161,236931983.20000002
1731816000,2024-11-17T04:00:00+00:00,0.35164,0.36,0.34743,0.35901,103709333.79999998
1731830400,2024-11-17T08:00:00+00:00,0.35901,0.37558,0.35753,0.3602,99750435.9
1731844800,2024-11-17T12:00:00+00:00,0.36019,0.37114,0.35723,0.3633,90515139.19999999
1731859200,2024-11-17T16:00:00+00:00,0.36334,0.37034,0.35494,0.35928,91857918.7
1731873600,2024-11-17T20:00:00+00:00,0.35937,0.36791,0.35194,0.36706,116012478.69999999
1731888000,2024-11-18T00:00:00+00:00,0.36719,0.37706,0.36099,0.3721,143307417.9
1731902400,2024-11-18T04:00:00+00:00,0.3721,0.38059,0.36786,0.37514,94263185.30000001
1731916800,2024-11-18T08:00:00+00:00,0.37514,0.38,0.36129,0.36299,72088622.8
1731931200,2024-11-18T12:00:00+00:00,0.36302,0.38069,0.35752,0.3803,191190918.5
1731945600,2024-11-18T16:00:00+00:00,0.38015,0.38268,0.36359,0.36789,323950463.20000005
1731960000,2024-11-18T20:00:00+00:00,0.36782,0.38052,0.36591,0.3715,176487310.89999998
1731974400,2024-11-19T00:00:00+00:00,0.37144,0.3776,0.36655,0.37694,69690337.89999999
1731988800,2024-11-19T04:00:00+00:00,0.37685,0.3959,0.37678,0.3885,227662036.29999998
1732003200,2024-11-19T08:00:00+00:00,0.38848,0.39016,0.3787,0.38304,79077074.5
1732017600,2024-11-19T12:00:00+00:00,0.38313,0.40608,0.38272,0.39501,254605277.40000004
1732032000,2024-11-19T16:00:00+00:00,0.39504,0.4204,0.39346,0.40523,371692245.29999995
1732046400,2024-11-19T20:00:00+00:00,0.40539,0.40767,0.38013,0.39124,292413729.90000004
1732060800,2024-11-20T00:00:00+00:00,0.3913,0.39178,0.37645,0.38381,132285581.1
1732075200,2024-11-20T04:00:00+00:00,0.38381,0.39288,0.38141,0.39034,94413020.7
1732089600,2024-11-20T08:00:00+00:00,0.39032,0.3965,0.38451,0.38968,92458454.19999999
1732104000,2024-11-20T12:00:00+00:00,0.38962,0.39731,0.3809,0.39298,155721168.5
1732118400,2024-11-20T16:00:00+00:00,0.39299,0.3933,0.365,0.37268,241592311.8
1732132800,2024-11-20T20:00:00+00:00,0.3727,0.38181,0.37092,0.37807,94013268.39999999
1732147200,2024-11-21T00:00:00+00:00,0.37811,0.38627,0.36918,0.37656,132843375.49999999
1732161600,2024-11-21T04:00:00+00:00,0.37651,0.39047,0.37623,0.38536,115584354.39999999
1732176000,2024-11-21T08:00:00+00:00,0.38532,0.3878,0.37901,0.38294,50861606.0
1732190400,2024-11-21T12:00:00+00:00,0.38292,0.39555,0.37722,0.38041,237560083.79999998
1732204800,2024-11-21T16:00:00+00:00,0.3804,0.3888,0.37866,0.38476,159538468.4
1732219200,2024-11-21T20:00:00+00:00,0.38479,0.39085,0.38232,0.38695,91890746.19999999
1732233600,2024-11-22T00:00:00+00:00,0.38701,0.40262,0.38105,0.39412,249214323.4
1732248000,2024-11-22T04:00:00+00:00,0.39407,0.40092,0.39085,0.3918,99007055.00000001
1732262400,2024-11-22T08:00:00+00:00,0.39179,0.39476,0.38525,0.39448,87015305.4
1732276800,2024-11-22T12:00:00+00:00,0.39457,0.4168,0.3876,0.40383,342679546.5
1732291200,2024-11-22T16:00:00+00:00,0.40384,0.41555,0.39527,0.40038,257426668.5
1732305600,2024-11-22T20:00:00+00:00,0.4003,0.42,0.39916,0.41318,322195293.3
1732320000,2024-11-23T00:00:00+00:00,0.41321,0.43646,0.40444,0.43376,376595992.8
1732334400,2024-11-23T04:00:00+00:00,0.43384,0.48078,0.43362,0.46171,561748635.6
1732348800,2024-11-23T08:00:00+00:00,0.46185,0.48,0.45369,0.4699,163639340.8
1732363200,2024-11-23T12:00:00+00:00,0.46985,0.47578,0.45514,0.45574,216729884.50000003
1732377600,2024-11-23T16:00:00+00:00,0.45565,0.45906,0.41056,0.42427,417604764.3000001
1732392000,2024-11-23T20:00:00+00:00,0.42425,0.4439,0.41403,0.43069,290730623.9
1732406400,2024-11-24T00:00:00+00:00,0.43062,0.4554,0.42787,0.44225,243552686.3
1732420800,2024-11-24T04:00:00+00:00,0.4423,0.44371,0.43074,0.43911,119049048.6
1732435200,2024-11-24T08:00:00+00:00,0.439,0.4397,0.41469,0.41546,110387625.3
1732449600,2024-11-24T12:00:00+00:00,0.41539,0.4224,0.4,0.40201,323635770.20000005
1732464000,2024-11-24T16:00:00+00:00,0.40185,0.42381,0.4,0.41813,181382557.29999998
1732478400,2024-11-24T20:00:00+00:00,0.41806,0.43731,0.41564,0.43069,151571942.8
1732492800,2024-11-25T00:00:00+00:00,0.43071,0.43119,0.41197,0.42353,101295398.5
1732507200,2024-11-25T04:00:00+00:00,0.42353,0.42983,0.42003,0.42877,94437862.7
1732521600,2024-11-25T08:00:00+00:00,0.42879,0.43792,0.42314,0.42543,132158830.30000001
1732536000,2024-11-25T12:00:00+00:00,0.42557,0.42748,0.39547,0.41493,387415677.7
1732550400,2024-11-25T16:00:00+00:00,0.41494,0.42464,0.39837,0.4036,226333183.0
1732564800,2024-11-25T20:00:00+00:00,0.40361,0.40857,0.38023,0.3927,224624806.3
1732579200,2024-11-26T00:00:00+00:00,0.39266,0.4088,0.3903,0.40572,127293091.2
1732593600,2024-11-26T04:00:00+00:00,0.40571,0.40887,0.39582,0.39791,69437166.8
1732608000,2024-11-26T08:00:00+00:00,0.39794,0.3981,0.3646,0.37706,238148721.70000002
1732622400,2024-11-26T12:00:00+00:00,0.37697,0.38819,0.3678,0.37935,246460260.9
1732636800,2024-11-26T16:00:00+00:00,0.37938,0.39129,0.37021,0.37883,162454337.0
1732651200,2024-11-26T20:00:00+00:00,0.37878,0.38888,0.37753,0.38699,108218825.0
1732665600,2024-11-27T00:00:00+00:00,0.38688,0.39309,0.38002,0.38711,110285234.29999998
1732680000,2024-11-27T04:00:00+00:00,0.3871,0.39953,0.38621,0.39752,75295872.60000001
1732694400,2024-11-27T08:00:00+00:00,0.39751,0.39775,0.3885,0.39058,74554303.7
1732708800,2024-11-27T12:00:00+00:00,0.39057,0.40434,0.38518,0.40144,132805526.69999999
1732723200,2024-11-27T16:00:00+00:00,0.40143,0.40585,0.39716,0.40402,102972876.1
1732737600,2024-11-27T20:00:00+00:00,0.40402,0.40846,0.39958,0.40141,92451977.4
1732752000,2024-11-28T00:00:00+00:00,0.40141,0.42934,0.39733,0.40949,212779129.7
1732766400,2024-11-28T04:00:00+00:00,0.40958,0.41343,0.4012,0.40292,70862535.8
1732780800,2024-11-28T08:00:00+00:00,0.40312,0.40716,0.3948,0.40186,66190240.0
1732795200,2024-11-28T12:00:00+00:00,0.40195,0.40505,0.39116,0.39283,74026052.9
1732809600,2024-11-28T16:00:00+00:00,0.39283,0.40071,0.3928,0.39893,55492719.7
1732824000,2024-11-28T20:00:00+00:00,0.39901,0.40426,0.3961,0.40166,45769838.6
1732838400,2024-11-29T00:00:00+00:00,0.40168,0.4086,0.39947,0.40697,70695904.0
1732852800,2024-11-29T04:00:00+00:00,0.40701,0.40806,0.4002,0.40054,46236971.9
1732867200,2024-11-29T08:00:00+00:00,0.40055,0.41602,0.40053,0.41361,62546781.900000006
1732881600,2024-11-29T12:00:00+00:00,0.41366,0.42533,0.40963,0.41875,229675012.0
1732896000,2024-11-29T16:00:00+00:00,0.4188,0.435,0.41585,0.43493,194855656.39999998
1732910400,2024-11-29T20:00:00+00:00,0.43496,0.43782,0.42401,0.42647,122633469.19999999
1732924800,2024-11-30T00:00:00+00:00,0.42646,0.42705,0.41374,0.4225,97172268.8
1732939200,2024-11-30T04:00:00+00:00,0.42248,0.43418,0.42053,0.43148,144463372.4
1732953600,2024-11-30T08:00:00+00:00,0.43156,0.43576,0.41914,0.4225,197430394.59999996
1732968000,2024-11-30T12:00:00+00:00,0.4225,0.4259,0.41771,0.42309,84614919.1
1732982400,2024-11-30T16:00:00+00:00,0.42315,0.42978,0.42211,0.42616,61419697.800000004
1732996800,2024-11-30T20:00:00+00:00,0.42607,0.43,0.42076,0.42185,63477306.1
1733011200,2024-12-01T00:00:00+00:00,0.42188,0.43706,0.41667,0.42484,147691583.9
1733025600,2024-12-01T04:00:00+00:00,0.42495,0.43192,0.42419,0.42725,55826254.300000004
1733040000,2024-12-01T08:00:00+00:00,0.42723,0.43119,0.42067,0.42504,56003119.900000006
1733054400,2024-12-01T12:00:00+00:00,0.42499,0.4304,0.42139,0.4286,57750661.900000006
1733068800,2024-12-01T16:00:00+00:00,0.4286,0.44381,0.42779,0.43195,200568670.1
1733083200,2024-12-01T20:00:00+00:00,0.43194,0.45,0.42544,0.44055,192178173.09999996
1733097600,2024-12-02T00:00:00+00:00,0.44052,0.46395,0.438,0.44215,267874980.1
1733112000,2024-12-02T04:00:00+00:00,0.44214,0.44523,0.42663,0.4288,162716420.5
1733126400,2024-12-02T08:00:00+00:00,0.42867,0.42904,0.40041,0.40878,145345079.9
1733140800,2024-12-02T12:00:00+00:00,0.40869,0.43807,0.40727,0.43364,177371688.10000002
1733155200,2024-12-02T16:00:00+00:00,0.43366,0.43894,0.4076,0.42446,219275092.4
1733169600,2024-12-02T20:00:00+00:00,0.42449,0.42734,0.41778,0.4247,112791720.5
1733184000,2024-12-03T00:00:00+00:00,0.42479,0.42975,0.4147,0.42247,108131691.19999999
1733198400,2024-12-03T04:00:00+00:00,0.42237,0.42911,0.41183,0.41671,84562281.6
1733212800,2024-12-03T08:00:00+00:00,0.41679,0.42132,0.411,0.41855,58888416.099999994
1733227200,2024-12-03T12:00:00+00:00,0.41855,0.41864,0.38823,0.40629,250412529.8
1733241600,2024-12-03T16:00:00+00:00,0.4063,0.41204,0.39988,0.40808,117120222.6
1733256000,2024-12-03T20:00:00+00:00,0.40808,0.41734,0.4065,0.40659,193312473.6
1733270400,2024-12-04T00:00:00+00:00,0.40669,0.4188,0.40661,0.41581,93003715.89999999
1733284800,2024-12-04T04:00:00+00:00,0.41575,0.42298,0.41474,0.42098,56396980.1
1733299200,2024-12-04T08:00:00+00:00,0.42099,0.42365,0.41599,0.41716,47771876.7
1733313600,2024-12-04T12:00:00+00:00,0.41706,0.41841,0.40766,0.41346,84827313.19999999
1733328000,2024-12-04T16:00:00+00:00,0.4135,0.419,0.40027,0.41675,114243297.4
1733342400,2024-12-04T20:00:00+00:00,0.41681,0.438,0.4152,0.43332,273418230.59999996
1733356800,2024-12-05T00:00:00+00:00,0.4333,0.45377,0.40765,0.4362,425148678.79999995
1733371200,2024-12-05T04:00:00+00:00,0.43611,0.46591,0.43,0.43967,420354229.09999996
1733385600,2024-12-05T08:00:00+00:00,0.43968,0.44874,0.43514,0.44629,110850688.0
1733400000,2024-12-05T12:00:00+00:00,0.44632,0.45754,0.43545,0.43945,258343562.1
1733414400,2024-12-05T16:00:00+00:00,0.43944,0.44634,0.43084,0.43232,155225686.60000002
1733428800,2024-12-05T20:00:00+00:00,0.4324,0.43694,0.4151,0.42733,202398429.4
1733443200,2024-12-06T00:00:00+00:00,0.42738,0.44016,0.42255,0.43727,125749743.60000001
1733457600,2024-12-06T04:00:00+00:00,0.43723,0.43897,0.43376,0.43685,44057058.199999996
1733472000,2024-12-06T08:00:00+00:00,0.43685,0.44145,0.42355,0.42802,99797519.8
1733486400,2024-12-06T12:00:00+00:00,0.42798,0.43722,0.42039,0.43284,136844414.7
1733500800,2024-12-06T16:00:00+00:00,0.43291,0.44149,0.43176,0.43955,88898011.4
1733515200,2024-12-06T20:00:00+00:00,0.43954,0.4423,0.43256,0.4354,74505640.0
1733529600,2024-12-07T00:00:00+00:00,0.43541,0.44107,0.43248,0.43416,52726581.900000006
1733544000,2024-12-07T04:00:00+00:00,0.43415,0.45438,0.43123,0.44847,109835631.30000001
1733558400,2024-12-07T08:00:00+00:00,0.44839,0.45372,0.4422,0.45039,81977330.2
1733572800,2024-12-07T12:00:00+00:00,0.45032,0.45572,0.44266,0.45292,100294680.2
1733587200,2024-12-07T16:00:00+00:00,0.453,0.46654,0.45127,0.46498,224177115.29999998
1733601600,2024-12-07T20:00:00+00:00,0.46506,0.46521,0.4519,0.45327,133824951.6
1733616000,2024-12-08T00:00:00+00:00,0.45327,0.46932,0.45,0.46853,115090013.89999999
1733630400,2024-12-08T04:00:00+00:00,0.46852,0.48464,0.4643,0.46522,205291244.50000003
1733644800,2024-12-08T08:00:00+00:00,0.46527,0.46627,0.446,0.46045,116651493.99999999
1733659200,2024-12-08T12:00:00+00:00,0.46029,0.46633,0.45442,0.46166,77765271.0
1733673600,2024-12-08T16:00:00+00:00,0.46163,0.46909,0.45904,0.465,85801639.00000001
1733688000,2024-12-08T20:00:00+00:00,0.46499,0.47001,0.45939,0.46682,60136537.8
1733702400,2024-12-09T00:00:00+00:00,0.46707,0.46795,0.44512,0.45206,108329866.1
1733716800,2024-12-09T04:00:00+00:00,0.45197,0.45493,0.4383,0.44609,95703511.0
1733731200,2024-12-09T08:00:00+00:00,0.44609,0.44641,0.42694,0.42959,133379212.6
1733745600,2024-12-09T12:00:00+00:00,0.42949,0.45219,0.42524,0.43366,168347260.9
1733760000,2024-12-09T16:00:00+00:00,0.43356,0.4408,0.43156,0.43225,103627200.39999999
1733774400,2024-12-09T20:00:00+00:00,0.43227,0.43315,0.38005,0.41402,428416672.5
1733788800,2024-12-10T00:00:00+00:00,0.41401,0.423,0.387,0.40093,250372590.7
1733803200,2024-12-10T04:00:00+00:00,0.40085,0.41373,0.39044,0.40931,118429103.99999999
1733817600,2024-12-10T08:00:00+00:00,0.40923,0.41608,0.4046,0.40977,75553294.6
1733832000,2024-12-10T12:00:00+00:00,0.40976,0.41097,0.37215,0.37285,246272373.0
1733846400,2024-12-10T16:00:00+00:00,0.37294,0.38927,0.36522,0.38525,330307065.90000004
1733860800,2024-12-10T20:00:00+00:00,0.38527,0.39965,0.38388,0.39395,142388710.10000002
1733875200,2024-12-11T00:00:00+00:00,0.39409,0.39862,0.37537,0.39055,154010964.0
1733889600,2024-12-11T04:00:00+00:00,0.39052,0.39496,0.38656,0.38693,62252794.4
1733904000,2024-12-11T08:00:00+00:00,0.38694,0.40546,0.38646,0.40222,147837030.7
1733918400,2024-12-11T12:00:00+00:00,0.40224,0.41941,0.40064,0.41332,162946486.1
1733932800,2024-12-11T16:00:00+00:00,0.41335,0.41903,0.40556,0.41567,123681819.99999999
1733947200,2024-12-11T20:00:00+00:00,0.41569,0.41922,0.41349,0.41427,71488735.30000001
1733961600,2024-12-12T00:00:00+00:00,0.41427,0.42239,0.40734,0.416,80625853.3
1733976000,2024-12-12T04:00:00+00:00,0.41592,0.42419,0.41306,0.41387,67909288.0
1733990400,2024-12-12T08:00:00+00:00,0.41386,0.41875,0.40804,0.41073,45802659.0
1734004800,2024-12-12T12:00:00+00:00,0.41079,0.41872,0.408,0.41518,86112890.0
1734019200,2024-12-12T16:00:00+00:00,0.41517,0.41858,0.40089,0.40172,122471793.10000001
1734033600,2024-12-12T20:00:00+00:00,0.40181,0.40991,0.40161,0.40623,58466429.5
1734048000,2024-12-13T00:00:00+00:00,0.40611,0.40997,0.39924,0.40775,59843280.599999994
1734062400,2024-12-13T04:00:00+00:00,0.40786,0.40972,0.39959,0.40459,37163569.4
1734076800,2024-12-13T08:00:00+00:00,0.40453,0.4077,0.40059,0.40342,32987396.0
1734091200,2024-12-13T12:00:00+00:00,0.40339,0.41228,0.40172,0.40301,67861996.9
1734105600,2024-12-13T16:00:00+00:00,0.40299,0.40996,0.39957,0.40356,387856332.6
1734120000,2024-12-13T20:00:00+00:00,0.40372,0.40946,0.40228,0.40907,44512674.9
1734134400,2024-12-14T00:00:00+00:00,0.40903,0.41412,0.40581,0.40998,43942657.699999996
1734148800,2024-12-14T04:00:00+00:00,0.40997,0.41209,0.4082,0.40927,27276277.299999997
1734163200,2024-12-14T08:00:00+00:00,0.40937,0.411,0.40445,0.40587,14548402.6
1734177600,2024-12-14T12:00:00+00:00,0.40586,0.40641,0.39337,0.39722,72850493.7
1734192000,2024-12-14T16:00:00+00:00,0.39722,0.39722,0.38734,0.39252,75509346.4
1734206400,2024-12-14T20:00:00+00:00,0.3925,0.4,0.38768,0.39824,51360489.699999996
1734220800,2024-12-15T00:00:00+00:00,0.39831,0.40025,0.39429,0.39684,27420219.7
1734235200,2024-12-15T04:00:00+00:00,0.39684,0.40214,0.3922,0.39578,31032869.0
1734249600,2024-12-15T08:00:00+00:00,0.39586,0.40083,0.39411,0.4004,22889147.200000003
1734264000,2024-12-15T12:00:00+00:00,0.40043,0.40468,0.39917,0.40279,21867357.4
1734278400,2024-12-15T16:00:00+00:00,0.40279,0.40511,0.40169,0.40243,21963162.1
1734292800,2024-12-15T20:00:00+00:00,0.40241,0.4111,0.39712,0.40648,106101808.1
1734307200,2024-12-16T00:00:00+00:00,0.40652,0.41499,0.40252,0.40477,127591693.8
1734321600,2024-12-16T04:00:00+00:00,0.40478,0.40656,0.40301,0.40422,35189160.5
1734336000,2024-12-16T08:00:00+00:00,0.40422,0.40488,0.39222,0.39329,44836417.6
1734350400,2024-12-16T12:00:00+00:00,0.39328,0.40174,0.39242,0.40014,56461304.800000004
1734364800,2024-12-16T16:00:00+00:00,0.40018,0.41388,0.4,0.40605,92458899.1
1734379200,2024-12-16T20:00:00+00:00,0.40613,0.40652,0.40019,0.40208,34592707.3
1734393600,2024-12-17T00:00:00+00:00,0.40208,0.40361,0.39563,0.4032,37830628.9
1734408000,2024-12-17T04:00:00+00:00,0.4032,0.40338,0.39573,0.39789,28809172.4
1734422400,2024-12-17T08:00:00+00:00,0.39782,0.40727,0.39772,0.40415,39287928.3
1734436800,2024-12-17T12:00:00+00:00,0.40416,0.41023,0.3958,0.39875,66127037.800000004
1734451200,2024-12-17T16:00:00+00:00,0.39872,0.4038,0.39621,0.3993,39898416.3
1734465600,2024-12-17T20:00:00+00:00,0.39932,0.40185,0.39109,0.39416,43277973.8
1734480000,2024-12-18T00:00:00+00:00,0.39409,0.39638,0.38841,0.38979,42193633.3
1734494400,2024-12-18T04:00:00+00:00,0.3897,0.3899,0.37832,0.38386,73226957.8
1734508800,2024-12-18T08:00:00+00:00,0.3838,0.39,0.38228,0.38966,25928958.1
1734523200,2024-12-18T12:00:00+00:00,0.38952,0.39029,0.37973,0.38417,51688077.900000006
1734537600,2024-12-18T16:00:00+00:00,0.38416,0.39029,0.374,0.37405,63353895.2
1734552000,2024-12-18T20:00:00+00:00,0.37404,0.37637,0.349,0.35816,258834188.79999995
1734566400,2024-12-19T00:00:00+00:00,0.35808,0.36432,0.34001,0.36379,179127756.2
1734580800,2024-12-19T04:00:00+00:00,0.36376,0.36474,0.35974,0.36281,40662898.8
1734595200,2024-12-19T08:00:00+00:00,0.36279,0.36719,0.35745,0.366,64382107.6
1734609600,2024-12-19T12:00:00+00:00,0.36603,0.36712,0.34314,0.35171,102145217.6
1734624000,2024-12-19T16:00:00+00:00,0.35171,0.35312,0.30171,0.31341,703697358.7
1734638400,2024-12-19T20:00:00+00:00,0.3136,0.32379,0.30005,0.31403,209067471.7
1734652800,2024-12-20T00:00:00+00:00,0.31404,0.32869,0.30917,0.32156,163358199.5
1734667200,2024-12-20T04:00:00+00:00,0.32152,0.32453,0.3108,0.31659,77165687.1
1734681600,2024-12-20T08:00:00+00:00,0.31654,0.31672,0.2615,0.26583,490221499.0
1734696000,2024-12-20T12:00:00+00:00,0.26588,0.30894,0.26442,0.30478,363781381.2
1734710400,2024-12-20T16:00:00+00:00,0.30467,0.31986,0.30236,0.3175,176645629.0
1734724800,2024-12-20T20:00:00+00:00,0.31734,0.321,0.30461,0.31776,380834880.09999996
1734739200,2024-12-21T00:00:00+00:00,0.31776,0.33165,0.31478,0.32592,117989226.7
1734753600,2024-12-21T04:00:00+00:00,0.32592,0.3499,0.32509,0.34602,155038826.8
1734768000,2024-12-21T08:00:00+00:00,0.34611,0.34796,0.33191,0.33666,105176254.6
1734782400,2024-12-21T12:00:00+00:00,0.33666,0.33676,0.31393,0.32696,141852109.6
1734796800,2024-12-21T16:00:00+00:00,0.32702,0.32944,0.31472,0.32174,103014758.1
1734811200,2024-12-21T20:00:00+00:00,0.32167,0.32548,0.31586,0.32025,68103004.39999999
1734825600,2024-12-22T00:00:00+00:00,0.32025,0.32344,0.31212,0.31787,70263943.9
1734840000,2024-12-22T04:00:00+00:00,0.31775,0.31861,0.30533,0.3128,66376573.8
1734854400,2024-12-22T08:00:00+00:00,0.3128,0.32435,0.3126,0.32112,59148653.599999994
1734868800,2024-12-22T12:00:00+00:00,0.32113,0.32364,0.30891,0.31264,60222874.7
1734883200,2024-12-22T16:00:00+00:00,0.31267,0.32142,0.30835,0.30958,61588673.900000006
1734897600,2024-12-22T20:00:00+00:00,0.30964,0.31603,0.30456,0.31234,66948542.900000006
1734912000,2024-12-23T00:00:00+00:00,0.31233,0.32114,0.30259,0.32024,115213236.80000001
1734926400,2024-12-23T04:00:00+00:00,0.32026,0.32208,0.30853,0.3123,64833838.2
1734940800,2024-12-23T08:00:00+00:00,0.31225,0.31866,0.31047,0.31421,47545237.599999994
1734955200,2024-12-23T12:00:00+00:00,0.31429,0.31734,0.30306,0.30488,96873694.3
1734969600,2024-12-23T16:00:00+00:00,0.30487,0.31809,0.30432,0.31572,112702957.6
1734984000,2024-12-23T20:00:00+00:00,0.31566,0.32841,0.31449,0.32456,135009445.4
1734998400,2024-12-24T00:00:00+00:00,0.32455,0.32458,0.31568,0.32137,52906200.4
1735012800,2024-12-24T04:00:00+00:00,0.32132,0.32404,0.31818,0.32119,25964545.4
1735027200,2024-12-24T08:00:00+00:00,0.32117,0.32282,0.31717,0.32122,23828936.700000003
1735041600,2024-12-24T12:00:00+00:00,0.32122,0.34027,0.31878,0.33622,104915951.0
1735056000,2024-12-24T16:00:00+00:00,0.3362,0.33891,0.33153,0.33171,94510353.0
1735070400,2024-12-24T20:00:00+00:00,0.33171,0.33834,0.3275,0.3369,59466539.8
1735084800,2024-12-25T00:00:00+00:00,0.33689,0.33972,0.33122,0.33239,36086570.0
1735099200,2024-12-25T04:00:00+00:00,0.33239,0.33532,0.33034,0.33131,24777700.599999998
1735113600,2024-12-25T08:00:00+00:00,0.3313,0.34191,0.32967,0.33045,57209231.6
1735128000,2024-12-25T12:00:00+00:00,0.33053,0.33389,0.32812,0.33039,51247254.300000004
1735142400,2024-12-25T16:00:00+00:00,0.33041,0.33321,0.32623,0.33249,38679958.2
1735156800,2024-12-25T20:00:00+00:00,0.33252,0.33516,0.32875,0.33413,37946401.3
1735171200,2024-12-26T00:00:00+00:00,0.33411,0.33774,0.32797,0.32847,51493403.3
1735185600,2024-12-26T04:00:00+00:00,0.32848,0.32849,0.32178,0.32343,35818568.4
1735200000,2024-12-26T08:00:00+00:00,0.32345,0.32425,0.31368,0.31733,43181300.1
1735214400,2024-12-26T12:00:00+00:00,0.31727,0.31839,0.31238,0.31422,38530623.6
1735228800,2024-12-26T16:00:00+00:00,0.31422,0.31716,0.31001,0.31395,42906991.8
1735243200,2024-12-26T20:00:00+00:00,0.31392,0.31478,0.30815,0.31236,48331181.300000004
1735257600,2024-12-27T00:00:00+00:00,0.31235,0.31626,0.30974,0.31496,38370389.2
1735272000,2024-12-27T04:00:00+00:00,0.315,0.31718,0.30836,0.31118,29849622.5
1735286400,2024-12-27T08:00:00+00:00,0.31119,0.3245,0.31119,0.32137,47948495.5
1735300800,2024-12-27T12:00:00+00:00,0.32137,0.32175,0.30877,0.31154,45680809.099999994
1735315200,2024-12-27T16:00:00+00:00,0.31153,0.31519,0.30929,0.31496,40043693.4
1735329600,2024-12-27T20:00:00+00:00,0.31493,0.31518,0.30941,0.31143,30021697.599999998
1735344000,2024-12-28T00:00:00+00:00,0.31144,0.31498,0.31086,0.31437,24215884.3
1735358400,2024-12-28T04:00:00+00:00,0.31436,0.31747,0.31301,0.31452,15644469.3
1735372800,2024-12-28T08:00:00+00:00,0.31452,0.31795,0.31442,0.31695,15159235.799999999
1735387200,2024-12-28T12:00:00+00:00,0.3169,0.32135,0.31581,0.3182,25896279.3
1735401600,2024-12-28T16:00:00+00:00,0.3182,0.32399,0.31817,0.32192,22755933.199999996
1735416000,2024-12-28T20:00:00+00:00,0.32195,0.32689,0.32111,0.32386,21298923.5
1735430400,2024-12-29T00:00:00+00:00,0.32382,0.32589,0.32054,0.32501,22153824.4
1735444800,2024-12-29T04:00:00+00:00,0.32502,0.32916,0.3226,0.32893,21834853.7
1735459200,2024-12-29T08:00:00+00:00,0.32882,0.329,0.32489,0.32513,12006470.3
1735473600,2024-12-29T12:00:00+00:00,0.32514,0.32606,0.3189,0.31918,32867165.799999997
1735488000,2024-12-29T16:00:00+00:00,0.31918,0.31954,0.3137,0.31557,43984619.2
1735502400,2024-12-29T20:00:00+00:00,0.31557,0.3166,0.31125,0.31369,38992713.1
1735516800,2024-12-30T00:00:00+00:00,0.31375,0.32246,0.31259,0.31878,54978409.099999994
1735531200,2024-12-30T04:00:00+00:00,0.31875,0.32143,0.31487,0.31981,26654479.5
1735545600,2024-12-30T08:00:00+00:00,0.31981,0.32233,0.31768,0.32027,18926349.2
1735560000,2024-12-30T12:00:00+00:00,0.32027,0.32277,0.30586,0.31028,68566910.9
1735574400,2024-12-30T16:00:00+00:00,0.31026,0.32011,0.3067,0.31958,67962650.1
1735588800,2024-12-30T20:00:00+00:00,0.31961,0.32248,0.30977,0.31337,60674711.8
1735603200,2024-12-31T00:00:00+00:00,0.31336,0.31463,0.30969,0.31097,37355952.400000006
1735617600,2024-12-31T04:00:00+00:00,0.31091,0.31309,0.30876,0.31176,22977696.2
1735632000,2024-12-31T08:00:00+00:00,0.31179,0.32099,0.31166,0.31932,40691830.2
1735646400,2024-12-31T12:00:00+00:00,0.31938,0.32873,0.31907,0.3271,87208199.30000001
1735660800,2024-12-31T16:00:00+00:00,0.32713,0.3276,0.31463,0.31777,69714045.2
1735675200,2024-12-31T20:00:00+00:00,0.31773,0.31854,0.31459,0.31536,32175315.9
1735689600,2025-01-01T00:00:00+00:00,0.31537,0.3209,0.315,0.31816,42836466.8
1735704000,2025-01-01T04:00:00+00:00,0.31815,0.31851,0.31261,0.31606,42157642.8
1735718400,2025-01-01T08:00:00+00:00,0.31607,0.31653,0.31138,0.31554,22426103.5
1735732800,2025-01-01T12:00:00+00:00,0.31561,0.32,0.31536,0.31972,20411582.200000003
1735747200,2025-01-01T16:00:00+00:00,0.31969,0.32533,0.31644,0.32429,40003840.800000004
1735761600,2025-01-01T20:00:00+00:00,0.32428,0.32686,0.32342,0.3244,41280172.6
1735776000,2025-01-02T00:00:00+00:00,0.32441,0.33818,0.3239,0.3308,101448390.30000001
1735790400,2025-01-02T04:00:00+00:00,0.33086,0.33504,0.32882,0.33393,52443081.3
1735804800,2025-01-02T08:00:00+00:00,0.33388,0.34458,0.33312,0.34185,50302380.900000006
1735819200,2025-01-02T12:00:00+00:00,0.34185,0.34388,0.33515,0.33659,53815149.2
1735833600,2025-01-02T16:00:00+00:00,0.33661,0.34021,0.334,0.3385,43295028.4
1735848000,2025-01-02T20:00:00+00:00,0.33852,0.34015,0.33452,0.33858,26092352.400000002
1735862400,2025-01-03T00:00:00+00:00,0.3386,0.34248,0.33564,0.34151,37196186.900000006
1735876800,2025-01-03T04:00:00+00:00,0.34153,0.34177,0.33569,0.3366,23328476.200000003
1735891200,2025-01-03T08:00:00+00:00,0.33661,0.34944,0.33576,0.34857,24715419.6
1735905600,2025-01-03T12:00:00+00:00,0.3486,0.36888,0.34765,0.36584,134964827.5
1735920000,2025-01-03T16:00:00+00:00,0.36585,0.38258,0.36426,0.37935,130620562.7
1735934400,2025-01-03T20:00:00+00:00,0.37935,0.38932,0.374,0.37969,100998059.3
1735948800,2025-01-04T00:00:00+00:00,0.37969,0.39499,0.37687,0.39191,84381937.2
1735963200,2025-01-04T04:00:00+00:00,0.39199,0.39505,0.3843,0.38784,82821858.39999999
1735977600,2025-01-04T08:00:00+00:00,0.38783,0.39176,0.38269,0.39157,31351367.8
1735992000,2025-01-04T12:00:00+00:00,0.39157,0.39466,0.37648,0.37932,70313476.1
1736006400,2025-01-04T16:00:00+00:00,0.37937,0.38527,0.37898,0.38403,37740176.5
1736020800,2025-01-04T20:00:00+00:00,0.38405,0.39879,0.38328,0.39478,57684245.2
1736035200,2025-01-05T00:00:00+00:00,0.39482,0.39781,0.38774,0.38864,39590286.8
1736049600,2025-01-05T04:00:00+00:00,0.38864,0.39201,0.38785,0.38967,19060209.9
1736064000,2025-01-05T08:00:00+00:00,0.38966,0.38968,0.3811,0.38207,24607121.4
1736078400,2025-01-05T12:00:00+00:00,0.38208,0.38547,0.37468,0.3835,39240359.7
1736092800,2025-01-05T16:00:00+00:00,0.38356,0.38492,0.37769,0.38205,25364666.000000004
1736107200,2025-01-05T20:00:00+00:00,0.38204,0.38494,0.38052,0.38223,21538041.0
1736121600,2025-01-06T00:00:00+00:00,0.3823,0.38966,0.3759,0.38576,46410911.5
1736136000,2025-01-06T04:00:00+00:00,0.38583,0.38862,0.37964,0.38301,30486393.7
1736150400,2025-01-06T08:00:00+00:00,0.38305,0.38822,0.38112,0.38655,23498905.1
1736164800,2025-01-06T12:00:00+00:00,0.38656,0.39318,0.3818,0.38952,72218704.19999999
1736179200,2025-01-06T16:00:00+00:00,0.38953,0.39549,0.38424,0.38917,58110874.900000006
1736193600,2025-01-06T20:00:00+00:00,0.38913,0.39106,0.38534,0.38797,23600899.5
1736208000,2025-01-07T00:00:00+00:00,0.38796,0.39846,0.38611,0.3919,57194198.199999996
1736222400,2025-01-07T04:00:00+00:00,0.3919,0.39354,0.38905,0.39171,22632306.5
1736236800,2025-01-07T08:00:00+00:00,0.39174,0.39713,0.38231,0.38513,39480677.300000004
1736251200,2025-01-07T12:00:00+00:00,0.38514,0.38807,0.35651,0.36381,177952421.70000002
1736265600,2025-01-07T16:00:00+00:00,0.36381,0.36931,0.35044,0.35375,155736258.3
1736280000,2025-01-07T20:00:00+00:00,0.35369,0.35553,0.34676,0.34798,98663231.3
1736294400,2025-01-08T00:00:00+00:00,0.34799,0.35468,0.34502,0.35428,66185572.6
1736308800,2025-01-08T04:00:00+00:00,0.35436,0.35552,0.33893,0.34437,68154710.9
1736323200,2025-01-08T08:00:00+00:00,0.34434,0.35222,0.34401,0.34666,39791417.5
1736337600,2025-01-08T12:00:00+00:00,0.34662,0.35347,0.34146,0.34638,75575221.5
1736352000,2025-01-08T16:00:00+00:00,0.34631,0.34637,0.32417,0.33553,211012629.8
1736366400,2025-01-08T20:00:00+00:00,0.33551,0.34492,0.33296,0.34218,87635338.80000001
1736380800,2025-01-09T00:00:00+00:00,0.34218,0.34676,0.33712,0.33801,53451897.7
1736395200,2025-01-09T04:00:00+00:00,0.33801,0.34049,0.33013,0.33166,36748623.1
1736409600,2025-01-09T08:00:00+00:00,0.33166,0.33539,0.32561,0.33005,45410842.0
1736424000,2025-01-09T12:00:00+00:00,0.32998,0.33569,0.31746,0.33299,141228531.6
1736438400,2025-01-09T16:00:00+00:00,0.333,0.33513,0.31562,0.31683,112335034.1
1736452800,2025-01-09T20:00:00+00:00,0.31687,0.32367,0.31426,0.32104,93627371.8
1736467200,2025-01-10T00:00:00+00:00,0.32105,0.32834,0.32096,0.32768,55225749.599999994
1736481600,2025-01-10T04:00:00+00:00,0.32769,0.33951,0.32553,0.33562,45495706.0
1736496000,2025-01-10T08:00:00+00:00,0.33554,0.33858,0.33447,0.33617,30731672.6
1736510400,2025-01-10T12:00:00+00:00,0.33617,0.33671,0.32166,0.32835,130681983.9
1736524800,2025-01-10T16:00:00+00:00,0.32835,0.3398,0.32432,0.33521,85885235.69999999
1736539200,2025-01-10T20:00:00+00:00,0.33521,0.33561,0.3315,0.33381,45257826.1
1736553600,2025-01-11T00:00:00+00:00,0.33386,0.33517,0.33085,0.33196,19594280.9
1736568000,2025-01-11T04:00:00+00:00,0.33196,0.33418,0.3295,0.3317,17945184.3
1736582400,2025-01-11T08:00:00+00:00,0.33172,0.33951,0.33043,0.33762,18238493.0
1736596800,2025-01-11T12:00:00+00:00,0.33767,0.33832,0.33381,0.3347,16778437.5
1736611200,2025-01-11T16:00:00+00:00,0.3347,0.33848,0.33275,0.33826,25859234.599999998
1736625600,2025-01-11T20:00:00+00:00,0.33825,0.34809,0.33737,0.34106,60652916.3
1736640000,2025-01-12T00:00:00+00:00,0.34106,0.34136,0.33739,0.34068,21796479.599999998
1736654400,2025-01-12T04:00:00+00:00,0.34071,0.34342,0.33782,0.33992,19393812.0
1736668800,2025-01-12T08:00:00+00:00,0.33992,0.34045,0.32937,0.33595,32360413.8
1736683200,2025-01-12T12:00:00+00:00,0.33595,0.3422,0.3349,0.34028,30086936.5
1736697600,2025-01-12T16:00:00+00:00,0.34032,0.34181,0.33787,0.3395,32091946.3
1736712000,2025-01-12T20:00:00+00:00,0.33949,0.34058,0.33151,0.33575,26050329.700000003
1736726400,2025-01-13T00:00:00+00:00,0.33577,0.34589,0.33045,0.33203,54615987.0
1736740800,2025-01-13T04:00:00+00:00,0.33194,0.33572,0.32535,0.32817,34514483.6
1736755200,2025-01-13T08:00:00+00:00,0.32816,0.32845,0.3147,0.31488,74321130.9
1736769600,2025-01-13T12:00:00+00:00,0.31485,0.32784,0.31,0.32461,173548742.79999998
1736784000,2025-01-13T16:00:00+00:00,0.32458,0.32839,0.31839,0.3251,90789732.3
1736798400,2025-01-13T20:00:00+00:00,0.32504,0.33894,0.32379,0.33795,75692026.6
1736812800,2025-01-14T00:00:00+00:00,0.33799,0.3452,0.33565,0.34348,80412875.8
1736827200,2025-01-14T04:00:00+00:00,0.34348,0.34606,0.34124,0.34259,36471003.8
1736841600,2025-01-14T08:00:00+00:00,0.34258,0.35549,0.34254,0.34878,98140870.2
1736856000,2025-01-14T12:00:00+00:00,0.34878,0.3546,0.3448,0.35291,82385419.6
1736870400,2025-01-14T16:00:00+00:00,0.3529,0.362,0.34848,0.35426,91422279.0
1736884800,2025-01-14T20:00:00+00:00,0.35423,0.35921,0.3516,0.35579,53238158.8
1736899200,2025-01-15T00:00:00+00:00,0.35579,0.364,0.35427,0.36295,81740088.2
1736913600,2025-01-15T04:00:00+00:00,0.36298,0.36514,0.35819,0.36082,50226863.8
1736928000,2025-01-15T08:00:00+00:00,0.36089,0.36252,0.3486,0.35184,51603968.599999994
1736942400,2025-01-15T12:00:00+00:00,0.35175,0.37811,0.34809,0.37116,178467402.0
1736956800,2025-01-15T16:00:00+00:00,0.37116,0.37785,0.36819,0.37703,99347184.0
1736971200,2025-01-15T20:00:00+00:00,0.37719,0.38782,0.37443,0.38527,101242896.0
1736985600,2025-01-16T00:00:00+00:00,0.38523,0.38751,0.37324,0.37569,83305116.89999999
1737000000,2025-01-16T04:00:00+00:00,0.37565,0.38073,0.37512,0.37971,29241867.200000003
1737014400,2025-01-16T08:00:00+00:00,0.37967,0.38029,0.36765,0.37754,48536463.800000004
1737028800,2025-01-16T12:00:00+00:00,0.37754,0.38663,0.36802,0.38151,168435065.0
1737043200,2025-01-16T16:00:00+00:00,0.3814,0.39016,0.38087,0.3863,123340239.0
1737057600,2025-01-16T20:00:00+00:00,0.38636,0.38734,0.37414,0.37642,73657364.19999999
1737072000,2025-01-17T00:00:00+00:00,0.37645,0.38945,0.37542,0.38536,78142055.0
1737086400,2025-01-17T04:00:00+00:00,0.38543,0.39561,0.38359,0.39538,58144734.2
1737100800,2025-01-17T08:00:00+00:00,0.39533,0.41923,0.3953,0.41133,251053420.1
1737115200,2025-01-17T12:00:00+00:00,0.41136,0.41567,0.40347,0.41365,172495593.9
1737129600,2025-01-17T16:00:00+00:00,0.4137,0.42205,0.40887,0.41661,137482435.70000002
1737144000,2025-01-17T20:00:00+00:00,0.41662,0.41906,0.41028,0.41549,75084854.10000001
1737158400,2025-01-18T00:00:00+00:00,0.41553,0.43434,0.40488,0.41147,209834112.10000002
1737172800,2025-01-18T04:00:00+00:00,0.41147,0.41341,0.38314,0.39499,245441360.1
1737187200,2025-01-18T08:00:00+00:00,0.39497,0.40232,0.38819,0.39959,84966639.0
1737201600,2025-01-18T12:00:00+00:00,0.39962,0.40453,0.39366,0.39724,81988657.5
1737216000,2025-01-18T16:00:00+00:00,0.39728,0.40015,0.38615,0.39639,168148530.4
1737230400,2025-01-18T20:00:00+00:00,0.39639,0.39835,0.38974,0.39597,60340392.8
1737244800,2025-01-19T00:00:00+00:00,0.39597,0.40963,0.39571,0.39953,103890354.6
1737259200,2025-01-19T04:00:00+00:00,0.39953,0.40141,0.38774,0.39188,169864251.7
1737273600,2025-01-19T08:00:00+00:00,0.39179,0.39244,0.35822,0.36226,208035664.10000002
1737288000,2025-01-19T12:00:00+00:00,0.36232,0.39533,0.36215,0.38758,174459703.3
1737302400,2025-01-19T16:00:00+00:00,0.38756,0.398,0.38503,0.39589,96301246.9
1737316800,2025-01-19T20:00:00+00:00,0.39595,0.39932,0.34633,0.35791,355631003.3
1737331200,2025-01-20T00:00:00+00:00,0.35791,0.36639,0.34452,0.36394,249942293.7
1737345600,2025-01-20T04:00:00+00:00,0.36395,0.3861,0.35922,0.37573,175947532.8
1737360000,2025-01-20T08:00:00+00:00,0.3758,0.38349,0.37442,0.38201,99806798.2
1737374400,2025-01-20T12:00:00+00:00,0.38217,0.38244,0.36363,0.36727,140427404.1
1737388800,2025-01-20T16:00:00+00:00,0.36732,0.38358,0.34801,0.35956,415168548.29999995
1737403200,2025-01-20T20:00:00+00:00,0.35947,0.36499,0.34772,0.35413,112216633.5
1737417600,2025-01-21T00:00:00+00:00,0.35413,0.35623,0.33809,0.34707,219311832.3
1737432000,2025-01-21T04:00:00+00:00,0.34719,0.34721,0.33533,0.34207,98985417.19999999
1737446400,2025-01-21T08:00:00+00:00,0.34199,0.4016,0.33854,0.38422,274273041.4
1737460800,2025-01-21T12:00:00+00:00,0.38421,0.39406,0.365,0.37934,259383218.10000002
1737475200,2025-01-21T16:00:00+00:00,0.37941,0.38668,0.37748,0.38445,106705041.69999999
1737489600,2025-01-21T20:00:00+00:00,0.38447,0.38536,0.36906,0.37189,74075239.6
1737504000,2025-01-22T00:00:00+00:00,0.37191,0.37384,0.36708,0.37164,54717618.2
1737518400,2025-01-22T04:00:00+00:00,0.37166,0.37333,0.36333,0.36486,37925352.0
1737532800,2025-01-22T08:00:00+00:00,0.36482,0.36778,0.359,0.36672,34583506.5
1737547200,2025-01-22T12:00:00+00:00,0.36673,0.3682,0.35812,0.36041,52599113.0
1737561600,2025-01-22T16:00:00+00:00,0.36044,0.36421,0.35522,0.36033,47709758.8
1737576000,2025-01-22T20:00:00+00:00,0.36039,0.37352,0.35489,0.36255,112240537.0
1737590400,2025-01-23T00:00:00+00:00,0.36269,0.36437,0.35081,0.35166,57906143.5
1737604800,2025-01-23T04:00:00+00:00,0.3517,0.35558,0.34811,0.35383,37603270.6
1737619200,2025-01-23T08:00:00+00:00,0.35386,0.35386,0.34646,0.34854,24027429.0
1737633600,2025-01-23T12:00:00+00:00,0.34852,0.35745,0.34431,0.35417,78337162.5
1737648000,2025-01-23T16:00:00+00:00,0.35416,0.36031,0.34488,0.34657,84673745.30000001
1737662400,2025-01-23T20:00:00+00:00,0.34645,0.35889,0.34128,0.35218,125927061.10000001
1737676800,2025-01-24T00:00:00+00:00,0.3522,0.35327,0.34282,0.34762,42384069.1
1737691200,2025-01-24T04:00:00+00:00,0.34761,0.35879,0.34633,0.35762,42349270.900000006
1737705600,2025-01-24T08:00:00+00:00,0.35755,0.36469,0.35696,0.36283,27719079.4
1737720000,2025-01-24T12:00:00+00:00,0.36285,0.36362,0.3577,0.35997,36080751.099999994
1737734400,2025-01-24T16:00:00+00:00,0.35997,0.3615,0.3568,0.35752,29640176.799999997
1737748800,2025-01-24T20:00:00+00:00,0.35752,0.35845,0.34883,0.35086,34635833.1
1737763200,2025-01-25T00:00:00+00:00,0.35079,0.35401,0.34551,0.35339,24923211.200000003
1737777600,2025-01-25T04:00:00+00:00,0.35338,0.35339,0.348,0.34846,14471511.5
1737792000,2025-01-25T08:00:00+00:00,0.34849,0.35094,0.3454,0.35033,11192605.9
1737806400,2025-01-25T12:00:00+00:00,0.35041,0.36154,0.34861,0.35624,37086672.2
1737820800,2025-01-25T16:00:00+00:00,0.35619,0.35866,0.35214,0.35627,29852449.9
1737835200,2025-01-25T20:00:00+00:00,0.35626,0.35994,0.3532,0.35347,24230753.8
1737849600,2025-01-26T00:00:00+00:00,0.35347,0.35618,0.35159,0.35463,22546043.0
1737864000,2025-01-26T04:00:00+00:00,0.35468,0.35728,0.35318,0.35459,17210344.5
1737878400,2025-01-26T08:00:00+00:00,0.35466,0.35534,0.34894,0.35171,20584568.099999998
1737892800,2025-01-26T12:00:00+00:00,0.35171,0.35267,0.35001,0.35098,18629991.799999997
1737907200,2025-01-26T16:00:00+00:00,0.35099,0.35418,0.3498,0.35294,20761982.0
1737921600,2025-01-26T20:00:00+00:00,0.35292,0.3536,0.33495,0.33591,64978929.3
1737936000,2025-01-27T00:00:00+00:00,0.33589,0.33705,0.32459,0.32991,137243424.2
1737950400,2025-01-27T04:00:00+00:00,0.32985,0.32992,0.305,0.31501,112560954.9
1737964800,2025-01-27T08:00:00+00:00,0.315,0.31704,0.30734,0.31181,82536951.0
1737979200,2025-01-27T12:00:00+00:00,0.31185,0.32886,0.31028,0.32645,121850704.89999999
1737993600,2025-01-27T16:00:00+00:00,0.32641,0.32999,0.31704,0.3215,75278372.60000001
1738008000,2025-01-27T20:00:00+00:00,0.32154,0.33553,0.32153,0.33392,62509103.19999999
1738022400,2025-01-28T00:00:00+00:00,0.33403,0.3377,0.32922,0.33477,41831768.0
1738036800,2025-01-28T04:00:00+00:00,0.33472,0.33907,0.33312,0.33439,21360231.7
1738051200,2025-01-28T08:00:00+00:00,0.33441,0.33617,0.33214,0.33353,15830199.799999999
1738065600,2025-01-28T12:00:00+00:00,0.33353,0.33729,0.32829,0.33321,44850003.5
1738080000,2025-01-28T16:00:00+00:00,0.33322,0.33347,0.32265,0.32605,37872599.9
1738094400,2025-01-28T20:00:00+00:00,0.32605,0.32703,0.31483,0.31849,85147897.0
1738108800,2025-01-29T00:00:00+00:00,0.31857,0.32928,0.31794,0.32765,44469119.4
1738123200,2025-01-29T04:00:00+00:00,0.32765,0.3326,0.32592,0.33221,20987287.7
1738137600,2025-01-29T08:00:00+00:00,0.3322,0.33354,0.32493,0.32758,19337691.299999997
1738152000,2025-01-29T12:00:00+00:00,0.32758,0.3289,0.32188,0.3242,37391849.1
1738166400,2025-01-29T16:00:00+00:00,0.32424,0.33305,0.31662,0.32834,92746500.7
1738180800,2025-01-29T20:00:00+00:00,0.32822,0.33473,0.32336,0.32403,66779699.2
1738195200,2025-01-30T00:00:00+00:00,0.32406,0.33359,0.32203,0.33313,33667266.2
1738209600,2025-01-30T04:00:00+00:00,0.33307,0.33366,0.32976,0.33108,38339849.7
1738224000,2025-01-30T08:00:00+00:00,0.33112,0.33343,0.32927,0.33234,13206412.3
1738238400,2025-01-30T12:00:00+00:00,0.33234,0.33896,0.32988,0.33656,46267141.8
1738252800,2025-01-30T16:00:00+00:00,0.33646,0.33727,0.33216,0.33482,32188907.099999998
1738267200,2025-01-30T20:00:00+00:00,0.33482,0.33517,0.33061,0.33156,27788268.8
1738281600,2025-01-31T00:00:00+00:00,0.33155,0.33264,0.32592,0.32796,22549738.299999997
1738296000,2025-01-31T04:00:00+00:00,0.32794,0.3308,0.32559,0.32823,15591691.299999999
1738310400,2025-01-31T08:00:00+00:00,0.32824,0.33208,0.32601,0.3313,16482033.299999999
1738324800,2025-01-31T12:00:00+00:00,0.33134,0.34172,0.33061,0.33955,65964698.1
1738339200,2025-01-31T16:00:00+00:00,0.3395,0.34098,0.324,0.32772,66775669.099999994
1738353600,2025-01-31T20:00:00+00:00,0.32765,0.33038,0.32329,0.32886,32066742.7
1738368000,2025-02-01T00:00:00+00:00,0.32877,0.33222,0.32656,0.32742,31663575.6
1738382400,2025-02-01T04:00:00+00:00,0.32748,0.32984,0.32516,0.32558,11804323.400000002
1738396800,2025-02-01T08:00:00+00:00,0.32552,0.32628,0.32023,0.32522,17208249.0
1738411200,2025-02-01T12:00:00+00:00,0.32523,0.32616,0.31974,0.322,26385902.5
1738425600,2025-02-01T16:00:00+00:00,0.32196,0.32337,0.31326,0.31518,29001594.0
1738440000,2025-02-01T20:00:00+00:00,0.31518,0.31568,0.30323,0.30784,79473801.80000001
1738454400,2025-02-02T00:00:00+00:00,0.30784,0.31481,0.29707,0.29866,96966507.4
1738468800,2025-02-02T04:00:00+00:00,0.29868,0.30646,0.29684,0.30015,64650959.3
1738483200,2025-02-02T08:00:00+00:00,0.30016,0.30474,0.28842,0.29124,58743818.7
1738497600,2025-02-02T12:00:00+00:00,0.29129,0.29924,0.29003,0.29449,57124573.9
1738512000,2025-02-02T16:00:00+00:00,0.29451,0.29474,0.26271,0.27443,341777127.8
1738526400,2025-02-02T20:00:00+00:00,0.27455,0.27893,0.25,0.26802,238139190.59999996
1738540800,2025-02-03T00:00:00+00:00,0.26809,0.2684,0.20101,0.2341,598872299.4
1738555200,2025-02-03T04:00:00+00:00,0.23415,0.257,0.22234,0.25626,252423911.0
1738569600,2025-02-03T08:00:00+00:00,0.25625,0.26214,0.24545,0.25414,153586423.0
1738584000,2025-02-03T12:00:00+00:00,0.25419,0.27291,0.24062,0.26964,291726357.1
1738598400,2025-02-03T16:00:00+00:00,0.26951,0.28928,0.26684,0.28776,229562065.0
1738612800,2025-02-03T20:00:00+00:00,0.28767,0.29331,0.275,0.28515,178600501.7
1738627200,2025-02-04T00:00:00+00:00,0.28512,0.28926,0.27888,0.28152,84543076.5
1738641600,2025-02-04T04:00:00+00:00,0.28156,0.28332,0.25626,0.26,150779607.9
1738656000,2025-02-04T08:00:00+00:00,0.25999,0.27289,0.25791,0.26795,74974414.0
1738670400,2025-02-04T12:00:00+00:00,0.26797,0.2763,0.26301,0.269,135299593.10000002
1738684800,2025-02-04T16:00:00+00:00,0.269,0.27676,0.26552,0.26552,80127004.60000001
1738699200,2025-02-04T20:00:00+00:00,0.2656,0.26797,0.25526,0.26352,123843251.9
1738713600,2025-02-05T00:00:00+00:00,0.26359,0.26704,0.26085,0.26408,59333092.7
1738728000,2025-02-05T04:00:00+00:00,0.2641,0.2685,0.26223,0.26555,34784289.0
1738742400,2025-02-05T08:00:00+00:00,0.26555,0.26832,0.26348,0.26807,22306003.5
1738756800,2025-02-05T12:00:00+00:00,0.26807,0.26925,0.2611,0.26325,51927845.099999994
1738771200,2025-02-05T16:00:00+00:00,0.26326,0.2639,0.25364,0.25939,82658612.10000001
1738785600,2025-02-05T20:00:00+00:00,0.2594,0.26069,0.2534,0.25612,47654805.5
1738800000,2025-02-06T00:00:00+00:00,0.25622,0.26049,0.25492,0.26004,36478815.0
1738814400,2025-02-06T04:00:00+00:00,0.26004,0.26607,0.25948,0.2633,29314393.799999997
1738828800,2025-02-06T08:00:00+00:00,0.26324,0.26526,0.25995,0.26277,20196019.4
1738843200,2025-02-06T12:00:00+00:00,0.26282,0.26344,0.24748,0.24931,70656138.7
1738857600,2025-02-06T16:00:00+00:00,0.24934,0.25179,0.24291,0.24392,91183848.19999999
1738872000,2025-02-06T20:00:00+00:00,0.24395,0.25082,0.24341,0.24789,47510424.8
1738886400,2025-02-07T00:00:00+00:00,0.24796,0.25434,0.2475,0.25173,40643911.1
1738900800,2025-02-07T04:00:00+00:00,0.25174,0.25346,0.24611,0.24894,24265683.800000004
1738915200,2025-02-07T08:00:00+00:00,0.24892,0.25572,0.2478,0.25569,25925868.2
1738929600,2025-02-07T12:00:00+00:00,0.25566,0.2618,0.25125,0.25467,95460499.4
1738944000,2025-02-07T16:00:00+00:00,0.25476,0.2554,0.24875,0.25102,52002702.8
1738958400,2025-02-07T20:00:00+00:00,0.251,0.25117,0.23866,0.24657,77423916.89999999
1738972800,2025-02-08T00:00:00+00:00,0.24656,0.25012,0.24577,0.24679,36534314.9
1738987200,2025-02-08T04:00:00+00:00,0.24677,0.24918,0.24451,0.24803,17296850.900000002
1739001600,2025-02-08T08:00:00+00:00,0.24808,0.24888,0.24606,0.24829,8624930.9
1739016000,2025-02-08T12:00:00+00:00,0.24825,0.25149,0.24678,0.24864,18155820.7
1739030400,2025-02-08T16:00:00+00:00,0.24864,0.25411,0.24749,0.25253,26391590.7
1739044800,2025-02-08T20:00:00+00:00,0.25253,0.2542,0.25062,0.25301,16047792.0
1739059200,2025-02-09T00:00:00+00:00,0.253,0.26007,0.25206,0.25929,27255845.6
1739073600,2025-02-09T04:00:00+00:00,0.25921,0.25921,0.25506,0.25592,21930702.4
1739088000,2025-02-09T08:00:00+00:00,0.25594,0.25822,0.25401,0.25405,16754158.7
1739102400,2025-02-09T12:00:00+00:00,0.25403,0.2558,0.24871,0.25337,43118203.4
1739116800,2025-02-09T16:00:00+00:00,0.25337,0.25487,0.24865,0.24964,19357557.0
1739131200,2025-02-09T20:00:00+00:00,0.24966,0.25268,0.23971,0.249,87496442.5
1739145600,2025-02-10T00:00:00+00:00,0.24899,0.25368,0.24166,0.24807,66266679.8
1739160000,2025-02-10T04:00:00+00:00,0.24805,0.25257,0.24705,0.25091,27454407.5
1739174400,2025-02-10T08:00:00+00:00,0.25085,0.2535,0.24975,0.25142,21396531.2
1739188800,2025-02-10T12:00:00+00:00,0.2514,0.25553,0.24874,0.25147,43940802.4
1739203200,2025-02-10T16:00:00+00:00,0.2515,0.2555,0.25119,0.25345,51808406.699999996
1739217600,2025-02-10T20:00:00+00:00,0.25344,0.25649,0.25241,0.25542,17974921.5
1739232000,2025-02-11T00:00:00+00:00,0.2554,0.2607,0.25507,0.25793,43277646.1
1739246400,2025-02-11T04:00:00+00:00,0.25796,0.27012,0.25752,0.26649,54882616.5
1739260800,2025-02-11T08:00:00+00:00,0.26649,0.26834,0.26379,0.26526,29292203.8
1739275200,2025-02-11T12:00:00+00:00,0.26526,0.26544,0.25493,0.25913,51611570.6
1739289600,2025-02-11T16:00:00+00:00,0.25916,0.26049,0.24839,0.25042,53188445.5
1739304000,2025-02-11T20:00:00+00:00,0.25041,0.25649,0.24996,0.25306,36193058.0
1739318400,2025-02-12T00:00:00+00:00,0.25304,0.25484,0.24955,0.25063,40704789.0
1739332800,2025-02-12T04:00:00+00:00,0.25063,0.25434,0.24941,0.25344,27809698.5
1739347200,2025-02-12T08:00:00+00:00,0.2534,0.25712,0.25293,0.25611,15099313.5
1739361600,2025-02-12T12:00:00+00:00,0.25613,0.26045,0.2466,0.25439,117210114.7
1739376000,2025-02-12T16:00:00+00:00,0.25441,0.2624,0.25059,0.26173,62632118.900000006
1739390400,2025-02-12T20:00:00+00:00,0.26174,0.2673,0.26071,0.26422,86203354.1
1739404800,2025-02-13T00:00:00+00:00,0.26422,0.26724,0.26216,0.26532,37716195.5
1739419200,2025-02-13T04:00:00+00:00,0.26533,0.26564,0.2569,0.25844,33332446.5
1739433600,2025-02-13T08:00:00+00:00,0.25844,0.25952,0.25592,0.2575,15713407.2
1739448000,2025-02-13T12:00:00+00:00,0.25751,0.25868,0.25333,0.25738,54993141.1
1739462400,2025-02-13T16:00:00+00:00,0.2574,0.2597,0.25404,0.25624,37314983.5
1739476800,2025-02-13T20:00:00+00:00,0.25624,0.26478,0.25606,0.2625,61722168.10000001
1739491200,2025-02-14T00:00:00+00:00,0.2625,0.26541,0.26084,0.26395,40868428.6
1739505600,2025-02-14T04:00:00+00:00,0.26399,0.2644,0.2608,0.264,19264316.599999998
1739520000,2025-02-14T08:00:00+00:00,0.26397,0.275,0.26397,0.27146,63207974.5
1739534400,2025-02-14T12:00:00+00:00,0.27148,0.27595,0.2664,0.27221,56600937.4
1739548800,2025-02-14T16:00:00+00:00,0.27222,0.28684,0.26987,0.27642,102531223.50000001
1739563200,2025-02-14T20:00:00+00:00,0.2764,0.2776,0.26762,0.27184,46858715.0
1739577600,2025-02-15T00:00:00+00:00,0.27185,0.2833,0.27004,0.27881,59191205.8
1739592000,2025-02-15T04:00:00+00:00,0.27882,0.2811,0.27383,0.27535,28836560.4
1739606400,2025-02-15T08:00:00+00:00,0.27534,0.28092,0.27534,0.27749,26271488.6
1739620800,2025-02-15T12:00:00+00:00,0.27755,0.28004,0.27153,0.27535,39778436.400000006
1739635200,2025-02-15T16:00:00+00:00,0.27535,0.27629,0.2701,0.2709,43871902.099999994
1739649600,2025-02-15T20:00:00+00:00,0.2709,0.27265,0.26826,0.27175,23340712.8
1739664000,2025-02-16T00:00:00+00:00,0.27175,0.27431,0.269,0.27104,19717110.200000003
1739678400,2025-02-16T04:00:00+00:00,0.27105,0.27333,0.2691,0.26962,20962818.7
1739692800,2025-02-16T08:00:00+00:00,0.26964,0.27148,0.26756,0.27099,16471769.9
1739707200,2025-02-16T12:00:00+00:00,0.27099,0.27105,0.2649,0.26769,23037416.799999997
1739721600,2025-02-16T16:00:00+00:00,0.26768,0.26825,0.26355,0.26649,21646712.0
1739736000,2025-02-16T20:00:00+00:00,0.26645,0.26808,0.26428,0.26557,18066118.700000003
1739750400,2025-02-17T00:00:00+00:00,0.26555,0.26887,0.26448,0.26578,24204282.2
1739764800,2025-02-17T04:00:00+00:00,0.26578,0.26584,0.25879,0.25969,41451257.099999994
1739779200,2025-02-17T08:00:00+00:00,0.25963,0.26561,0.25843,0.2635,22829965.700000003
1739793600,2025-02-17T12:00:00+00:00,0.26348,0.26876,0.25952,0.26033,32132232.6
1739808000,2025-02-17T16:00:00+00:00,0.2602,0.26163,0.25373,0.25682,64762111.699999996
1739822400,2025-02-17T20:00:00+00:00,0.25679,0.26144,0.25647,0.25822,26872559.599999998
1739836800,2025-02-18T00:00:00+00:00,0.2582,0.25986,0.25593,0.25781,20110562.0
1739851200,2025-02-18T04:00:00+00:00,0.25782,0.25801,0.24693,0.25058,138396455.0
1739865600,2025-02-18T08:00:00+00:00,0.25061,0.25385,0.24814,0.25112,27689396.3
1739880000,2025-02-18T12:00:00+00:00,0.25108,0.25591,0.24471,0.24677,48019157.4
1739894400,2025-02-18T16:00:00+00:00,0.24679,0.24864,0.24193,0.24675,72366073.39999999
1739908800,2025-02-18T20:00:00+00:00,0.24676,0.25127,0.24549,0.25125,26531209.4
1739923200,2025-02-19T00:00:00+00:00,0.25123,0.25336,0.24879,0.25271,23772715.799999997
1739937600,2025-02-19T04:00:00+00:00,0.25268,0.25454,0.24917,0.25379,25603610.799999997
1739952000,2025-02-19T08:00:00+00:00,0.25376,0.2554,0.25187,0.25509,15487705.4
1739966400,2025-02-19T12:00:00+00:00,0.25511,0.25539,0.24986,0.2523,26051281.3
1739980800,2025-02-19T16:00:00+00:00,0.25232,0.25495,0.25021,0.25188,20789396.400000002
1739995200,2025-02-19T20:00:00+00:00,0.25186,0.25527,0.25085,0.25477,26309435.9
1740009600,2025-02-20T00:00:00+00:00,0.25482,0.25724,0.25407,0.2558,26132749.0
1740024000,2025-02-20T04:00:00+00:00,0.25581,0.25709,0.25362,0.25464,12581804.2
1740038400,2025-02-20T08:00:00+00:00,0.25468,0.25569,0.25252,0.25514,15420095.499999998
1740052800,2025-02-20T12:00:00+00:00,0.25522,0.25759,0.25051,0.25095,26202424.4
1740067200,2025-02-20T16:00:00+00:00,0.25095,0.255,0.24991,0.25451,27334427.200000003
1740081600,2025-02-20T20:00:00+00:00,0.25447,0.2559,0.2515,0.25483,17188596.9
1740096000,2025-02-21T00:00:00+00:00,0.25483,0.25527,0.25179,0.25215,14821555.6
1740110400,2025-02-21T04:00:00+00:00,0.25214,0.25475,0.2521,0.25319,10553614.6
1740124800,2025-02-21T08:00:00+00:00,0.25324,0.25844,0.25295,0.25522,16866606.299999997
1740139200,2025-02-21T12:00:00+00:00,0.25519,0.26123,0.24952,0.25247,50775309.6
1740153600,2025-02-21T16:00:00+00:00,0.25246,0.25545,0.23805,0.23996,79631778.10000001
1740168000,2025-02-21T20:00:00+00:00,0.23996,0.24154,0.23412,0.23958,62522048.5
1740182400,2025-02-22T00:00:00+00:00,0.23959,0.24428,0.23796,0.24187,32774733.5
1740196800,2025-02-22T04:00:00+00:00,0.24183,0.24526,0.24136,0.24393,17750681.1
1740211200,2025-02-22T08:00:00+00:00,0.24393,0.24519,0.24299,0.24397,9399080.2
1740225600,2025-02-22T12:00:00+00:00,0.24402,0.24637,0.24302,0.24565,18674892.8
1740240000,2025-02-22T16:00:00+00:00,0.24565,0.24785,0.24494,0.24711,16828711.2
1740254400,2025-02-22T20:00:00+00:00,0.24711,0.24744,0.24563,0.24659,9929839.3
1740268800,2025-02-23T00:00:00+00:00,0.24662,0.2468,0.24352,0.24408,13014789.8
1740283200,2025-02-23T04:00:00+00:00,0.24404,0.24762,0.24319,0.24701,7531559.3
1740297600,2025-02-23T08:00:00+00:00,0.24702,0.2471,0.24438,0.24462,8679009.9
1740312000,2025-02-23T12:00:00+00:00,0.24459,0.24555,0.24045,0.24076,21263337.0
1740326400,2025-02-23T16:00:00+00:00,0.24072,0.24323,0.24067,0.24123,11858441.3
1740340800,2025-02-23T20:00:00+00:00,0.24123,0.24389,0.2404,0.24285,12827759.8
1740355200,2025-02-24T00:00:00+00:00,0.24284,0.24394,0.2281,0.23024,56990995.599999994
1740369600,2025-02-24T04:00:00+00:00,0.23026,0.23393,0.22644,0.23327,33550468.299999997
1740384000,2025-02-24T08:00:00+00:00,0.23325,0.2333,0.22739,0.23131,26234502.6
1740398400,2025-02-24T12:00:00+00:00,0.23128,0.23255,0.22231,0.22533,63945371.7
1740412800,2025-02-24T16:00:00+00:00,0.22548,0.22824,0.2186,0.22197,53889291.7
1740427200,2025-02-24T20:00:00+00:00,0.22203,0.22515,0.20601,0.2104,138425616.5
1740441600,2025-02-25T00:00:00+00:00,0.21043,0.21392,0.20377,0.21035,101195890.8
1740456000,2025-02-25T04:00:00+00:00,0.2104,0.21291,0.19728,0.20387,117159221.10000001
1740470400,2025-02-25T08:00:00+00:00,0.20385,0.20727,0.19534,0.20646,114940152.60000001
1740484800,2025-02-25T12:00:00+00:00,0.20648,0.20968,0.19783,0.20319,118215638.8
1740499200,2025-02-25T16:00:00+00:00,0.20325,0.20862,0.19976,0.20837,78303591.3
1740513600,2025-02-25T20:00:00+00:00,0.20834,0.21455,0.20684,0.21122,70892513.6
1740528000,2025-02-26T00:00:00+00:00,0.21137,0.21383,0.20808,0.21181,39449795.099999994
1740542400,2025-02-26T04:00:00+00:00,0.21181,0.21359,0.20818,0.21003,20165433.8
1740556800,2025-02-26T08:00:00+00:00,0.20999,0.21382,0.20806,0.2098,18459151.799999997
1740571200,2025-02-26T12:00:00+00:00,0.20981,0.21297,0.20178,0.20965,67473600.4
1740585600,2025-02-26T16:00:00+00:00,0.20969,0.21077,0.19579,0.19844,109866947.5
1740600000,2025-02-26T20:00:00+00:00,0.19844,0.2074,0.19599,0.20321,75809821.0
1740614400,2025-02-27T00:00:00+00:00,0.20329,0.2066,0.20068,0.20608,33365352.199999996
1740628800,2025-02-27T04:00:00+00:00,0.20599,0.21032,0.20407,0.20848,33765627.400000006
1740643200,2025-02-27T08:00:00+00:00,0.20854,0.21134,0.20725,0.20914,23666077.599999998
1740657600,2025-02-27T12:00:00+00:00,0.20912,0.2104,0.20474,0.20902,34095027.400000006
1740672000,2025-02-27T16:00:00+00:00,0.20899,0.21089,0.20398,0.20478,39957115.5
1740686400,2025-02-27T20:00:00+00:00,0.20472,0.20748,0.20071,0.2066,42670474.4
1740700800,2025-02-28T00:00:00+00:00,0.20667,0.20707,0.1887,0.1894,153265227.0
1740715200,2025-02-28T04:00:00+00:00,0.1894,0.19012,0.18285,0.18513,118001341.6
1740729600,2025-02-28T08:00:00+00:00,0.18515,0.18877,0.18127,0.18583,63517918.699999996
1740744000,2025-02-28T12:00:00+00:00,0.18573,0.19945,0.18441,0.1975,89306056.5
1740758400,2025-02-28T16:00:00+00:00,0.19752,0.20241,0.19556,0.20103,63078680.1
1740772800,2025-02-28T20:00:00+00:00,0.20097,0.20254,0.19886,0.20172,40039047.7
1740787200,2025-03-01T00:00:00+00:00,0.20174,0.20692,0.19923,0.20614,33990624.1
1740801600,2025-03-01T04:00:00+00:00,0.20612,0.20896,0.20353,0.20398,23213274.400000002
1740816000,2025-03-01T08:00:00+00:00,0.20409,0.20637,0.20139,0.20292,14908719.600000001
1740830400,2025-03-01T12:00:00+00:00,0.20298,0.20347,0.19937,0.20197,18231790.599999998
1740844800,2025-03-01T16:00:00+00:00,0.20199,0.20497,0.20082,0.2042,29110517.8
1740859200,2025-03-01T20:00:00+00:00,0.2042,0.20781,0.20301,0.20669,22696528.0
1740873600,2025-03-02T00:00:00+00:00,0.20668,0.20827,0.20461,0.20643,21396832.5
1740888000,2025-03-02T04:00:00+00:00,0.2065,0.20848,0.20475,0.20703,11753897.2
1740902400,2025-03-02T08:00:00+00:00,0.20704,0.2098,0.20531,0.20773,17151296.3
1740916800,2025-03-02T12:00:00+00:00,0.20772,0.21881,0.20159,0.21083,70208994.3
1740931200,2025-03-02T16:00:00+00:00,0.21084,0.23589,0.21041,0.23198,276343284.20000005
1740945600,2025-03-02T20:00:00+00:00,0.23196,0.24229,0.2304,0.2394,85478272.1
1740960000,2025-03-03T00:00:00+00:00,0.23937,0.24063,0.22549,0.22726,81300108.69999999
1740974400,2025-03-03T04:00:00+00:00,0.22722,0.22892,0.21668,0.22248,76032032.6
1740988800,2025-03-03T08:00:00+00:00,0.22248,0.22264,0.21532,0.21959,32989218.400000002
1741003200,2025-03-03T12:00:00+00:00,0.2196,0.22481,0.21228,0.21502,76226580.80000001
1741017600,2025-03-03T16:00:00+00:00,0.21505,0.21772,0.19707,0.19866,116129544.9
1741032000,2025-03-03T20:00:00+00:00,0.19872,0.20102,0.19275,0.19901,128949749.39999999
1741046400,2025-03-04T00:00:00+00:00,0.19891,0.20112,0.18533,0.19113,133706853.6
1741060800,2025-03-04T04:00:00+00:00,0.19118,0.19505,0.19047,0.19186,53524696.199999996
1741075200,2025-03-04T08:00:00+00:00,0.19192,0.19519,0.19073,0.19323,23958173.4
1741089600,2025-03-04T12:00:00+00:00,0.19323,0.20039,0.18774,0.19277,121170165.9
1741104000,2025-03-04T16:00:00+00:00,0.19277,0.20118,0.18264,0.20049,106101511.5
1741118400,2025-03-04T20:00:00+00:00,0.20047,0.20236,0.1962,0.19906,35726488.5
1741132800,2025-03-05T00:00:00+00:00,0.199,0.20435,0.19709,0.19939,41513583.0
1741147200,2025-03-05T04:00:00+00:00,0.19945,0.20065,0.1963,0.19962,37661616.9
1741161600,2025-03-05T08:00:00+00:00,0.1996,0.20661,0.19939,0.20284,38256498.0
1741176000,2025-03-05T12:00:00+00:00,0.20281,0.20552,0.19813,0.1998,51912760.7
1741190400,2025-03-05T16:00:00+00:00,0.19979,0.20477,0.19774,0.204,45278614.89999999
1741204800,2025-03-05T20:00:00+00:00,0.20399,0.20569,0.20326,0.20476,27177119.6
1741219200,2025-03-06T00:00:00+00:00,0.20476,0.20947,0.20233,0.20837,37108996.0
1741233600,2025-03-06T04:00:00+00:00,0.20842,0.22,0.20759,0.20878,83454745.0
1741248000,2025-03-06T08:00:00+00:00,0.20876,0.21183,0.20795,0.21123,27689203.3
1741262400,2025-03-06T12:00:00+00:00,0.21124,0.21177,0.20276,0.20668,66608006.49999999
1741276800,2025-03-06T16:00:00+00:00,0.20674,0.20743,0.19896,0.19977,63286427.5
1741291200,2025-03-06T20:00:00+00:00,0.19981,0.20481,0.19937,0.2015,30892412.9
1741305600,2025-03-07T00:00:00+00:00,0.20151,0.20407,0.19023,0.19631,104949407.10000001
1741320000,2025-03-07T04:00:00+00:00,0.19633,0.20109,0.19612,0.20081,24028224.8
1741334400,2025-03-07T08:00:00+00:00,0.20079,0.20562,0.19965,0.20433,19759250.0
1741348800,2025-03-07T12:00:00+00:00,0.20433,0.20868,0.20187,0.20498,67068812.1
1741363200,2025-03-07T16:00:00+00:00,0.20493,0.20716,0.19831,0.20527,60258172.699999996
1741377600,2025-03-07T20:00:00+00:00,0.20527,0.20724,0.19586,0.19834,84559062.4
1741392000,2025-03-08T00:00:00+00:00,0.19835,0.2008,0.19522,0.19742,24470790.900000002
1741406400,2025-03-08T04:00:00+00:00,0.19742,0.19951,0.196,0.19638,17085928.1
1741420800,2025-03-08T08:00:00+00:00,0.19635,0.1971,0.19301,0.19422,18089719.2
1741435200,2025-03-08T12:00:00+00:00,0.19426,0.19661,0.1933,0.19462,21320094.099999998
1741449600,2025-03-08T16:00:00+00:00,0.19463,0.19547,0.19089,0.19488,37524412.800000004
1741464000,2025-03-08T20:00:00+00:00,0.19488,0.19534,0.1915,0.19229,14004398.8
1741478400,2025-03-09T00:00:00+00:00,0.19221,0.19419,0.18932,0.19076,19490576.799999997
1741492800,2025-03-09T04:00:00+00:00,0.19073,0.19195,0.18867,0.19136,15681179.3
1741507200,2025-03-09T08:00:00+00:00,0.19132,0.19138,0.18378,0.18517,29505847.4
1741521600,2025-03-09T12:00:00+00:00,0.18515,0.18523,0.17606,0.17726,65964857.900000006
1741536000,2025-03-09T16:00:00+00:00,0.17724,0.17785,0.16533,0.17152,178131473.4
1741550400,2025-03-09T20:00:00+00:00,0.17148,0.17276,0.1655,0.168,76042251.7
1741564800,2025-03-10T00:00:00+00:00,0.16802,0.17412,0.16456,0.17175,57331557.0
1741579200,2025-03-10T04:00:00+00:00,0.17178,0.17506,0.17163,0.17389,22320859.5
1741593600,2025-03-10T08:00:00+00:00,0.17384,0.18095,0.17055,0.17733,68808716.8
1741608000,2025-03-10T12:00:00+00:00,0.17735,0.1784,0.16393,0.1671,113937484.6
1741622400,2025-03-10T16:00:00+00:00,0.16714,0.16779,0.15032,0.15736,248582761.5
1741636800,2025-03-10T20:00:00+00:00,0.1574,0.15848,0.15349,0.15396,70515124.3
1741651200,2025-03-11T00:00:00+00:00,0.15398,0.15668,0.1427,0.15442,228692129.2
1741665600,2025-03-11T04:00:00+00:00,0.15438,0.16021,0.15397,0.15872,73745917.39999999
1741680000,2025-03-11T08:00:00+00:00,0.15871,0.1627,0.15837,0.16164,51292905.3
1741694400,2025-03-11T12:00:00+00:00,0.16163,0.16284,0.15273,0.1611,210514444.3
1741708800,2025-03-11T16:00:00+00:00,0.16107,0.16865,0.15866,0.16831,150413611.8
1741723200,2025-03-11T20:00:00+00:00,0.16829,0.16855,0.16392,0.16451,48500135.900000006
1741737600,2025-03-12T00:00:00+00:00,0.16453,0.16837,0.16091,0.16113,60274521.699999996
1741752000,2025-03-12T04:00:00+00:00,0.16112,0.16592,0.15947,0.16542,53091416.9
1741766400,2025-03-12T08:00:00+00:00,0.16537,0.16939,0.16489,0.16855,67532937.39999999
1741780800,2025-03-12T12:00:00+00:00,0.16852,0.17408,0.16131,0.16518,159150309.2
1741795200,2025-03-12T16:00:00+00:00,0.16513,0.1699,0.16475,0.16918,64632136.599999994
1741809600,2025-03-12T20:00:00+00:00,0.16912,0.17266,0.16855,0.17243,36191517.5
1741824000,2025-03-13T00:00:00+00:00,0.17239,0.17298,0.16987,0.17043,45853196.800000004
1741838400,2025-03-13T04:00:00+00:00,0.17042,0.17125,0.16647,0.16976,37164679.8
1741852800,2025-03-13T08:00:00+00:00,0.16977,0.1726,0.16818,0.17055,38052258.0
1741867200,2025-03-13T12:00:00+00:00,0.17056,0.17279,0.16538,0.16597,97903070.89999999
1741881600,2025-03-13T16:00:00+00:00,0.16598,0.16651,0.16219,0.16279,63716237.199999996
1741896000,2025-03-13T20:00:00+00:00,0.16277,0.16659,0.16163,0.16514,33809648.8
1741910400,2025-03-14T00:00:00+00:00,0.16519,0.16918,0.16455,0.16876,35999093.800000004
1741924800,2025-03-14T04:00:00+00:00,0.16874,0.16944,0.16781,0.16844,19170714.8
1741939200,2025-03-14T08:00:00+00:00,0.16845,0.17034,0.16813,0.16977,15041900.399999999
1741953600,2025-03-14T12:00:00+00:00,0.16979,0.17627,0.16877,0.17344,74595629.9
1741968000,2025-03-14T16:00:00+00:00,0.17343,0.17414,0.17026,0.17097,43228403.6
1741982400,2025-03-14T20:00:00+00:00,0.17096,0.17362,0.16926,0.17193,20599040.9
1741996800,2025-03-15T00:00:00+00:00,0.17193,0.17391,0.17118,0.17378,19411154.5
1742011200,2025-03-15T04:00:00+00:00,0.17378,0.17522,0.17159,0.17214,18896937.3
1742025600,2025-03-15T08:00:00+00:00,0.17222,0.17462,0.17131,0.17428,10474473.099999998
1742040000,2025-03-15T12:00:00+00:00,0.17427,0.17771,0.17385,0.17678,25303912.6
1742054400,2025-03-15T16:00:00+00:00,0.17683,0.17784,0.17442,0.17542,21634605.299999997
1742068800,2025-03-15T20:00:00+00:00,0.17543,0.17742,0.17529,0.17597,17907300.700000003
1742083200,2025-03-16T00:00:00+00:00,0.176,0.17687,0.17293,0.1747,27830819.299999997
1742097600,2025-03-16T04:00:00+00:00,0.17472,0.17659,0.1743,0.1755,11128118.8
1742112000,2025-03-16T08:00:00+00:00,0.17554,0.17573,0.16685,0.16755,27066467.400000002
1742126400,2025-03-16T12:00:00+00:00,0.16761,0.16928,0.16573,0.16818,33691574.5
1742140800,2025-03-16T16:00:00+00:00,0.16814,0.1723,0.1675,0.1683,49075705.9
1742155200,2025-03-16T20:00:00+00:00,0.1683,0.16976,0.16659,0.16818,27691820.9
1742169600,2025-03-17T00:00:00+00:00,0.1682,0.17313,0.16801,0.17287,26746516.4
1742184000,2025-03-17T04:00:00+00:00,0.1729,0.17363,0.16992,0.17266,22629364.6
1742198400,2025-03-17T08:00:00+00:00,0.17264,0.17487,0.17177,0.17296,16039717.799999999
1742212800,2025-03-17T12:00:00+00:00,0.17289,0.17425,0.1697,0.17218,44410232.8
1742227200,2025-03-17T16:00:00+00:00,0.17213,0.17621,0.17119,0.1749,37127518.3
1742241600,2025-03-17T20:00:00+00:00,0.17488,0.17512,0.17296,0.17333,17532365.7
1742256000,2025-03-18T00:00:00+00:00,0.17336,0.17349,0.16694,0.16775,35804375.1
1742270400,2025-03-18T04:00:00+00:00,0.16772,0.16894,0.16533,0.16779,26185403.6
1742284800,2025-03-18T08:00:00+00:00,0.16775,0.16968,0.16605,0.16637,17543534.7
1742299200,2025-03-18T12:00:00+00:00,0.16635,0.16722,0.16275,0.16366,38300674.300000004
1742313600,2025-03-18T16:00:00+00:00,0.16368,0.16643,0.16283,0.1663,23519708.099999998
1742328000,2025-03-18T20:00:00+00:00,0.16625,0.16869,0.16527,0.16799,13382081.7
1742342400,2025-03-19T00:00:00+00:00,0.16798,0.16951,0.1668,0.16877,14741081.8
1742356800,2025-03-19T04:00:00+00:00,0.16881,0.16894,0.16718,0.16724,9817080.7
1742371200,2025-03-19T08:00:00+00:00,0.16727,0.17174,0.16727,0.17102,27059484.2
1742385600,2025-03-19T12:00:00+00:00,0.1711,0.17404,0.1689,0.17343,63472770.400000006
1742400000,2025-03-19T16:00:00+00:00,0.17348,0.17602,0.16844,0.17409,78778522.0
1742414400,2025-03-19T20:00:00+00:00,0.17411,0.17885,0.17354,0.17808,36372285.0
1742428800,2025-03-20T00:00:00+00:00,0.17809,0.17924,0.17541,0.17571,32740565.0
1742443200,2025-03-20T04:00:00+00:00,0.1757,0.17591,0.17363,0.17426,12093858.6
1742457600,2025-03-20T08:00:00+00:00,0.17423,0.17622,0.17081,0.17198,19379218.3
1742472000,2025-03-20T12:00:00+00:00,0.17198,0.17426,0.16961,0.1697,47246474.9
1742486400,2025-03-20T16:00:00+00:00,0.16968,0.17041,0.16655,0.16932,32921255.199999996
1742500800,2025-03-20T20:00:00+00:00,0.1693,0.17007,0.16826,0.16934,13144808.8
1742515200,2025-03-21T00:00:00+00:00,0.16937,0.17151,0.16875,0.16934,15700959.5
1742529600,2025-03-21T04:00:00+00:00,0.16932,0.17071,0.16741,0.1684,15975958.399999999
1742544000,2025-03-21T08:00:00+00:00,0.1684,0.16914,0.16602,0.1674,10994856.599999998
1742558400,2025-03-21T12:00:00+00:00,0.16734,0.1681,0.16458,0.16539,34227094.9
1742572800,2025-03-21T16:00:00+00:00,0.16538,0.16909,0.16499,0.16833,26536131.599999998
1742587200,2025-03-21T20:00:00+00:00,0.16832,0.16968,0.16676,0.16721,18335647.5
1742601600,2025-03-22T00:00:00+00:00,0.16714,0.16904,0.16698,0.16867,11009649.5
1742616000,2025-03-22T04:00:00+00:00,0.16869,0.16958,0.16849,0.16888,11258716.7
1742630400,2025-03-22T08:00:00+00:00,0.1689,0.16971,0.16823,0.16877,7428743.1
1742644800,2025-03-22T12:00:00+00:00,0.16875,0.16898,0.1673,0.16805,7469518.7
1742659200,2025-03-22T16:00:00+00:00,0.16803,0.16966,0.16759,0.16898,8171977.499999999
1742673600,2025-03-22T20:00:00+00:00,0.16902,0.16934,0.16659,0.16739,9515783.3
1742688000,2025-03-23T00:00:00+00:00,0.16735,0.16889,0.16704,0.16873,7199987.3
1742702400,2025-03-23T04:00:00+00:00,0.16873,0.17055,0.16736,0.16955,26108867.0
1742716800,2025-03-23T08:00:00+00:00,0.16958,0.17217,0.16958,0.17098,13437652.0
1742731200,2025-03-23T12:00:00+00:00,0.17098,0.17236,0.17028,0.17201,17428662.9
1742745600,2025-03-23T16:00:00+00:00,0.17204,0.17207,0.16966,0.17101,12557067.5
1742760000,2025-03-23T20:00:00+00:00,0.17102,0.1726,0.17011,0.1726,9396345.2
1742774400,2025-03-24T00:00:00+00:00,0.1726,0.17473,0.17067,0.17368,34929298.400000006
1742788800,2025-03-24T04:00:00+00:00,0.17368,0.17597,0.17368,0.1749,23376229.1
1742803200,2025-03-24T08:00:00+00:00,0.17489,0.17718,0.17465,0.17696,21938989.7
1742817600,2025-03-24T12:00:00+00:00,0.17699,0.18474,0.1755,0.18345,69594059.6
1742832000,2025-03-24T16:00:00+00:00,0.18346,0.18874,0.18045,0.18646,71528425.1
1742846400,2025-03-24T20:00:00+00:00,0.18648,0.1892,0.18193,0.18301,45437862.8
1742860800,2025-03-25T00:00:00+00:00,0.183,0.18794,0.18149,0.18195,49602696.7
1742875200,2025-03-25T04:00:00+00:00,0.18195,0.18521,0.18084,0.18297,23912831.3
1742889600,2025-03-25T08:00:00+00:00,0.18302,0.1872,0.18252,0.18603,23619491.0
1742904000,2025-03-25T12:00:00+00:00,0.18605,0.19371,0.18456,0.1908,116130370.1
1742918400,2025-03-25T16:00:00+00:00,0.19082,0.19345,0.18882,0.19121,75403192.7
1742932800,2025-03-25T20:00:00+00:00,0.19119,0.19348,0.18882,0.19074,40978893.1
1742947200,2025-03-26T00:00:00+00:00,0.19071,0.196,0.18941,0.19032,59329135.89999999
1742961600,2025-03-26T04:00:00+00:00,0.19033,0.20208,0.1901,0.20133,48668704.9
1742976000,2025-03-26T08:00:00+00:00,0.20128,0.2058,0.20066,0.20341,60811591.1
1742990400,2025-03-26T12:00:00+00:00,0.20346,0.20392,0.19475,0.19627,68884379.2
1743004800,2025-03-26T16:00:00+00:00,0.19623,0.19771,0.19169,0.19418,80772056.4
1743019200,2025-03-26T20:00:00+00:00,0.1941,0.198,0.19208,0.19489,55922392.9
1743033600,2025-03-27T00:00:00+00:00,0.19493,0.20063,0.19276,0.19947,47836509.8
1743048000,2025-03-27T04:00:00+00:00,0.19948,0.19964,0.19523,0.19612,19961373.6
1743062400,2025-03-27T08:00:00+00:00,0.19608,0.19772,0.19255,0.19329,29402892.299999997
1743076800,2025-03-27T12:00:00+00:00,0.1933,0.19513,0.18899,0.19207,103357808.69999999
1743091200,2025-03-27T16:00:00+00:00,0.19206,0.19314,0.1877,0.19091,63380206.0
1743105600,2025-03-27T20:00:00+00:00,0.19097,0.19329,0.19014,0.19045,20171381.4
1743120000,2025-03-28T00:00:00+00:00,0.1905,0.19292,0.1876,0.1894,34637096.7
1743134400,2025-03-28T04:00:00+00:00,0.18933,0.18981,0.18121,0.18153,75753123.8
1743148800,2025-03-28T08:00:00+00:00,0.18152,0.18279,0.17893,0.18174,64241531.8
1743163200,2025-03-28T12:00:00+00:00,0.18175,0.18254,0.17783,0.17941,82975682.4
1743177600,2025-03-28T16:00:00+00:00,0.17941,0.18119,0.17835,0.17845,54008716.7
1743192000,2025-03-28T20:00:00+00:00,0.17847,0.18149,0.17713,0.18015,43207612.3
1743206400,2025-03-29T00:00:00+00:00,0.1802,0.1825,0.175,0.17863,39503323.9
1743220800,2025-03-29T04:00:00+00:00,0.17857,0.17967,0.17368,0.1747,30878335.1
1743235200,2025-03-29T08:00:00+00:00,0.17466,0.17547,0.16831,0.16982,54744717.3
1743249600,2025-03-29T12:00:00+00:00,0.16981,0.1726,0.16942,0.1698,38251004.4
1743264000,2025-03-29T16:00:00+00:00,0.16978,0.17047,0.16574,0.16933,59689421.3
1743278400,2025-03-29T20:00:00+00:00,0.16933,0.16976,0.16691,0.16948,25517470.000000004
1743292800,2025-03-30T00:00:00+00:00,0.16949,0.17277,0.16785,0.17076,43639973.0
1743307200,2025-03-30T04:00:00+00:00,0.17072,0.17214,0.16991,0.17049,12277636.1
1743321600,2025-03-30T08:00:00+00:00,0.17048,0.17208,0.16896,0.16969,15740770.1
1743336000,2025-03-30T12:00:00+00:00,0.16971,0.17093,0.16749,0.16855,27077852.900000002
1743350400,2025-03-30T16:00:00+00:00,0.16854,0.17115,0.16612,0.16933,40743427.400000006
1743364800,2025-03-30T20:00:00+00:00,0.16932,0.16959,0.16442,0.16651,34704240.1
1743379200,2025-03-31T00:00:00+00:00,0.16652,0.16809,0.16272,0.16467,56280715.099999994
1743393600,2025-03-31T04:00:00+00:00,0.16472,0.16739,0.16227,0.16341,36631028.3
1743408000,2025-03-31T08:00:00+00:00,0.1634,0.16489,0.16006,0.16329,52269276.7
1743422400,2025-03-31T12:00:00+00:00,0.16327,0.16836,0.16078,0.16708,86526815.69999999
1743436800,2025-03-31T16:00:00+00:00,0.16705,0.16815,0.1641,0.16578,53056219.5
1743451200,2025-03-31T20:00:00+00:00,0.16576,0.16697,0.16427,0.16659,27753228.0
1743465600,2025-04-01T00:00:00+00:00,0.16657,0.16972,0.16593,0.16853,41201216.6
1743480000,2025-04-01T04:00:00+00:00,0.16852,0.17094,0.16774,0.16963,29239057.7
1743494400,2025-04-01T08:00:00+00:00,0.16962,0.1752,0.1696,0.17047,57319899.2
1743508800,2025-04-01T12:00:00+00:00,0.17047,0.1756,0.16719,0.17493,78186847.7
1743523200,2025-04-01T16:00:00+00:00,0.175,0.17574,0.1711,0.17209,39047504.0
1743537600,2025-04-01T20:00:00+00:00,0.17209,0.17507,0.17099,0.17397,25253632.4
1743552000,2025-04-02T00:00:00+00:00,0.17399,0.17408,0.16986,0.1711,44039473.1
1743566400,2025-04-02T04:00:00+00:00,0.17109,0.17215,0.1677,0.1697,28516298.5
1743580800,2025-04-02T08:00:00+00:00,0.1697,0.17351,0.16898,0.17126,29889449.299999997
1743595200,2025-04-02T12:00:00+00:00,0.17126,0.17817,0.16938,0.17619,107941600.8
1743609600,2025-04-02T16:00:00+00:00,0.17623,0.17652,0.17054,0.17432,53778648.5
1743624000,2025-04-02T20:00:00+00:00,0.17434,0.18007,0.16191,0.1638,178578771.4
1743638400,2025-04-03T00:00:00+00:00,0.1638,0.16675,0.16303,0.16609,38584200.5
1743652800,2025-04-03T04:00:00+00:00,0.16611,0.16745,0.16339,0.16431,31564875.1
1743667200,2025-04-03T08:00:00+00:00,0.16429,0.16505,0.15943,0.16047,39921583.2
1743681600,2025-04-03T12:00:00+00:00,0.16047,0.16109,0.15532,0.15838,106581847.19999999
1743696000,2025-04-03T16:00:00+00:00,0.15839,0.15987,0.15701,0.15865,40274060.300000004
1743710400,2025-04-03T20:00:00+00:00,0.15863,0.16225,0.15785,0.16225,23872075.700000003
1743724800,2025-04-04T00:00:00+00:00,0.16227,0.1633,0.15999,0.16259,34052393.3
1743739200,2025-04-04T04:00:00+00:00,0.16258,0.1668,0.16168,0.16625,28239272.299999997
1743753600,2025-04-04T08:00:00+00:00,0.16629,0.16761,0.15995,0.16224,77571996.0
1743768000,2025-04-04T12:00:00+00:00,0.16223,0.17157,0.16153,0.16741,141469432.8
1743782400,2025-04-04T16:00:00+00:00,0.1675,0.17214,0.16697,0.16978,91102984.6
1743796800,2025-04-04T20:00:00+00:00,0.16975,0.17275,0.16853,0.17124,27878007.6
1743811200,2025-04-05T00:00:00+00:00,0.17126,0.17158,0.16922,0.16935,20403328.1
1743825600,2025-04-05T04:00:00+00:00,0.16935,0.17002,0.16801,0.16931,15285981.9
1743840000,2025-04-05T08:00:00+00:00,0.16934,0.17075,0.16855,0.17008,13571847.8
1743854400,2025-04-05T12:00:00+00:00,0.17008,0.17061,0.16605,0.16716,32517485.1
1743868800,2025-04-05T16:00:00+00:00,0.16708,0.16869,0.16686,0.1675,11065946.500000002
1743883200,2025-04-05T20:00:00+00:00,0.1675,0.16923,0.16712,0.16886,11620008.6
1743897600,2025-04-06T00:00:00+00:00,0.16893,0.16994,0.16705,0.16763,20930227.1
1743912000,2025-04-06T04:00:00+00:00,0.16766,0.1679,0.16486,0.16498,14944137.100000001
1743926400,2025-04-06T08:00:00+00:00,0.16499,0.1654,0.16354,0.16425,12317472.3
1743940800,2025-04-06T12:00:00+00:00,0.16423,0.16451,0.15951,0.16174,45422784.7
1743955200,2025-04-06T16:00:00+00:00,0.1617,0.16173,0.15055,0.15256,96669286.1
1743969600,2025-04-06T20:00:00+00:00,0.15253,0.15321,0.14572,0.14915,158444237.29999998
1743984000,2025-04-07T00:00:00+00:00,0.14917,0.1515,0.14012,0.14202,156165630.2
1743998400,2025-04-07T04:00:00+00:00,0.14203,0.14307,0.12984,0.1321,208181027.79999998
1744012800,2025-04-07T08:00:00+00:00,0.13209,0.14168,0.13165,0.13813,123073736.7
1744027200,2025-04-07T12:00:00+00:00,0.13813,0.15405,0.13713,0.14694,392167731.0
1744041600,2025-04-07T16:00:00+00:00,0.1469,0.14964,0.14378,0.14655,178747814.90000004
1744056000,2025-04-07T20:00:00+00:00,0.14658,0.15231,0.14652,0.14951,69471219.19999999
1744070400,2025-04-08T00:00:00+00:00,0.14949,0.15324,0.14684,0.15128,74327228.5
1744084800,2025-04-08T04:00:00+00:00,0.15127,0.15264,0.1483,0.15074,46301520.6
1744099200,2025-04-08T08:00:00+00:00,0.15073,0.15629,0.14964,0.15605,42500404.099999994
1744113600,2025-04-08T12:00:00+00:00,0.15608,0.15702,0.15008,0.15076,128782311.9
1744128000,2025-04-08T16:00:00+00:00,0.15077,0.15107,0.14177,0.14286,127831693.49999999
1744142400,2025-04-08T20:00:00+00:00,0.14289,0.14458,0.141,0.1421,48617175.599999994
1744156800,2025-04-09T00:00:00+00:00,0.14213,0.1435,0.13637,0.13871,107510282.3
1744171200,2025-04-09T04:00:00+00:00,0.13863,0.14751,0.13831,0.14674,77429175.9
1744185600,2025-04-09T08:00:00+00:00,0.14681,0.14812,0.14304,0.1438,70527437.6
1744200000,2025-04-09T12:00:00+00:00,0.14376,0.14919,0.14289,0.14604,87309018.2
1744214400,2025-04-09T16:00:00+00:00,0.14602,0.16215,0.1457,0.16026,226931347.20000002
1744228800,2025-04-09T20:00:00+00:00,0.16027,0.16427,0.15988,0.16027,49931264.099999994
1744243200,2025-04-10T00:00:00+00:00,0.16024,0.1604,0.15353,0.1554,68971635.9
1744257600,2025-04-10T04:00:00+00:00,0.15542,0.15834,0.15432,0.15605,49444638.60000001
1744272000,2025-04-10T08:00:00+00:00,0.15605,0.15692,0.15491,0.15621,26968375.4
1744286400,2025-04-10T12:00:00+00:00,0.1562,0.15851,0.14907,0.14945,92999348.70000002
1744300800,2025-04-10T16:00:00+00:00,0.14949,0.15472,0.14876,0.15374,70506417.3
1744315200,2025-04-10T20:00:00+00:00,0.15368,0.15564,0.15302,0.15348,25475042.4
1744329600,2025-04-11T00:00:00+00:00,0.15343,0.15749,0.15318,0.1566,41460826.3
1744344000,2025-04-11T04:00:00+00:00,0.15661,0.15816,0.15571,0.15704,25708000.7
1744358400,2025-04-11T08:00:00+00:00,0.15706,0.16002,0.15612,0.15791,35263881.1
1744372800,2025-04-11T12:00:00+00:00,0.15792,0.15995,0.15673,0.15855,56802910.2
1744387200,2025-04-11T16:00:00+00:00,0.15857,0.16103,0.15769,0.1597,35021927.6
1744401600,2025-04-11T20:00:00+00:00,0.15973,0.16245,0.15939,0.15998,21363503.0
1744416000,2025-04-12T00:00:00+00:00,0.15997,0.1602,0.15763,0.15866,18695162.5
1744430400,2025-04-12T04:00:00+00:00,0.15867,0.16459,0.15844,0.16295,27599920.0
1744444800,2025-04-12T08:00:00+00:00,0.16295,0.16428,0.16162,0.16179,14107813.2
1744459200,2025-04-12T12:00:00+00:00,0.16178,0.16881,0.16143,0.16745,55936901.099999994
1744473600,2025-04-12T16:00:00+00:00,0.16742,0.16824,0.16481,0.16629,28101424.8
1744488000,2025-04-12T20:00:00+00:00,0.1663,0.16948,0.16617,0.16764,24923048.0
1744502400,2025-04-13T00:00:00+00:00,0.16761,0.16863,0.16505,0.1665,19098643.6
1744516800,2025-04-13T04:00:00+00:00,0.16647,0.16651,0.16382,0.16409,22187903.0
1744531200,2025-04-13T08:00:00+00:00,0.16406,0.1684,0.16342,0.1651,22443218.5
1744545600,2025-04-13T12:00:00+00:00,0.16505,0.16563,0.16098,0.16228,25707400.599999998
1744560000,2025-04-13T16:00:00+00:00,0.16226,0.16808,0.16098,0.16297,52041227.2
1744574400,2025-04-13T20:00:00+00:00,0.16299,0.16554,0.161,0.16255,33100657.299999997
1744588800,2025-04-14T00:00:00+00:00,0.16255,0.16949,0.16213,0.1654,51865296.1
1744603200,2025-04-14T04:00:00+00:00,0.16539,0.16805,0.16267,0.16441,20466728.5
1744617600,2025-04-14T08:00:00+00:00,0.16442,0.16625,0.16267,0.16596,20455863.7
1744632000,2025-04-14T12:00:00+00:00,0.16595,0.16687,0.15943,0.16031,42772982.5
1744646400,2025-04-14T16:00:00+00:00,0.16027,0.16161,0.15912,0.15988,37437725.300000004
1744660800,2025-04-14T20:00:00+00:00,0.15989,0.1601,0.15734,0.15853,22001506.3
1744675200,2025-04-15T00:00:00+00:00,0.15853,0.16096,0.1574,0.16081,22730626.0
1744689600,2025-04-15T04:00:00+00:00,0.16081,0.16121,0.15876,0.16009,12078807.899999999
1744704000,2025-04-15T08:00:00+00:00,0.16006,0.16097,0.15807,0.15872,22264831.5
1744718400,2025-04-15T12:00:00+00:00,0.15868,0.16131,0.15469,0.1558,52643543.1
1744732800,2025-04-15T16:00:00+00:00,0.15583,0.15706,0.15444,0.15502,25716337.299999997
1744747200,2025-04-15T20:00:00+00:00,0.15502,0.15631,0.15306,0.15355,28135121.9
1744761600,2025-04-16T00:00:00+00:00,0.1535,0.1559,0.15214,0.15501,27650685.400000002
1744776000,2025-04-16T04:00:00+00:00,0.155,0.15552,0.15249,0.1528,15708311.6
1744790400,2025-04-16T08:00:00+00:00,0.15276,0.15438,0.15136,0.15331,15416027.2
1744804800,2025-04-16T12:00:00+00:00,0.1533,0.15642,0.15186,0.15515,35916394.6
1744819200,2025-04-16T16:00:00+00:00,0.1552,0.15676,0.15019,0.15561,56442766.900000006
1744833600,2025-04-16T20:00:00+00:00,0.15562,0.15736,0.15412,0.15471,28256266.4
1744848000,2025-04-17T00:00:00+00:00,0.1547,0.15703,0.15404,0.15531,19601393.9
1744862400,2025-04-17T04:00:00+00:00,0.15531,0.15782,0.15492,0.15673,14289499.8
1744876800,2025-04-17T08:00:00+00:00,0.15673,0.15712,0.15544,0.15651,9313871.9
1744891200,2025-04-17T12:00:00+00:00,0.15651,0.15728,0.15297,0.15521,21790106.7
1744905600,2025-04-17T16:00:00+00:00,0.15523,0.15947,0.15459,0.1568,28490466.799999997
1744920000,2025-04-17T20:00:00+00:00,0.15679,0.15764,0.15523,0.15589,13174553.2
1744934400,2025-04-18T00:00:00+00:00,0.15592,0.1561,0.15356,0.15483,15689402.9
1744948800,2025-04-18T04:00:00+00:00,0.1548,0.15538,0.15419,0.15512,6942062.3
1744963200,2025-04-18T08:00:00+00:00,0.15517,0.15619,0.15474,0.15551,7710586.9
1744977600,2025-04-18T12:00:00+00:00,0.15555,0.15686,0.15515,0.15638,11928502.0
1744992000,2025-04-18T16:00:00+00:00,0.15637,0.15879,0.1561,0.15792,21879800.7
1745006400,2025-04-18T20:00:00+00:00,0.15786,0.15892,0.15736,0.15759,12077156.3
1745020800,2025-04-19T00:00:00+00:00,0.15759,0.15965,0.15693,0.15938,23098341.8
1745035200,2025-04-19T04:00:00+00:00,0.15947,0.16088,0.15827,0.15906,15567177.1
1745049600,2025-04-19T08:00:00+00:00,0.15906,0.15927,0.15762,0.15804,7576614.2
1745064000,2025-04-19T12:00:00+00:00,0.15805,0.15892,0.15735,0.1578,10262524.7
1745078400,2025-04-19T16:00:00+00:00,0.15777,0.1584,0.15625,0.15728,13353409.8
1745092800,2025-04-19T20:00:00+00:00,0.15729,0.15817,0.15678,0.1573,9131085.2
1745107200,2025-04-20T00:00:00+00:00,0.1573,0.15937,0.15706,0.15832,10916388.9
1745121600,2025-04-20T04:00:00+00:00,0.15835,0.15955,0.1565,0.15703,11148875.9
1745136000,2025-04-20T08:00:00+00:00,0.15702,0.15708,0.15274,0.15337,18290363.1
1745150400,2025-04-20T12:00:00+00:00,0.15332,0.1551,0.15258,0.15292,20561289.6
1745164800,2025-04-20T16:00:00+00:00,0.15286,0.15502,0.15249,0.15494,16896216.4
1745179200,2025-04-20T20:00:00+00:00,0.15491,0.15732,0.15334,0.15526,35849081.4
1745193600,2025-04-21T00:00:00+00:00,0.15526,0.1614,0.155,0.16025,56959725.99999999
1745208000,2025-04-21T04:00:00+00:00,0.1603,0.16281,0.15959,0.16194,23891001.5
1745222400,2025-04-21T08:00:00+00:00,0.16197,0.16285,0.1602,0.16151,17553429.1
1745236800,2025-04-21T12:00:00+00:00,0.16149,0.16357,0.15961,0.16058,39806872.0
1745251200,2025-04-21T16:00:00+00:00,0.16057,0.16128,0.15574,0.15848,40323570.3
1745265600,2025-04-21T20:00:00+00:00,0.15845,0.15959,0.15738,0.1594,16473084.400000002
1745280000,2025-04-22T00:00:00+00:00,0.1594,0.1624,0.15717,0.16097,35779639.3
1745294400,2025-04-22T04:00:00+00:00,0.161,0.16475,0.16029,0.16387,27259258.5
1745308800,2025-04-22T08:00:00+00:00,0.16383,0.16495,0.16289,0.1641,23759175.5
1745323200,2025-04-22T12:00:00+00:00,0.1641,0.17344,0.16381,0.17204,139709078.7
1745337600,2025-04-22T16:00:00+00:00,0.17208,0.17279,0.17004,0.17188,63497155.7
1745352000,2025-04-22T20:00:00+00:00,0.17188,0.18,0.17163,0.17866,92276120.5
1745366400,2025-04-23T00:00:00+00:00,0.17869,0.18486,0.17869,0.1822,76188120.80000001
1745380800,2025-04-23T04:00:00+00:00,0.1822,0.1853,0.18008,0.18223,41096841.4
1745395200,2025-04-23T08:00:00+00:00,0.18225,0.18408,0.18065,0.1823,28772767.9
1745409600,2025-04-23T12:00:00+00:00,0.18229,0.18554,0.17484,0.17844,118824508.69999999
1745424000,2025-04-23T16:00:00+00:00,0.17851,0.18177,0.17663,0.17845,56804392.5
1745438400,2025-04-23T20:00:00+00:00,0.17843,0.18002,0.17737,0.17875,21412198.6
1745452800,2025-04-24T00:00:00+00:00,0.17873,0.17944,0.1728,0.17291,59078480.0
1745467200,2025-04-24T04:00:00+00:00,0.17291,0.17462,0.17197,0.1725,32487055.3
1745481600,2025-04-24T08:00:00+00:00,0.17249,0.17417,0.16988,0.17366,35639235.9
1745496000,2025-04-24T12:00:00+00:00,0.17366,0.18084,0.17289,0.17853,64012890.400000006
1745510400,2025-04-24T16:00:00+00:00,0.17853,0.18212,0.1777,0.18104,68057819.4
1745524800,2025-04-24T20:00:00+00:00,0.1811,0.18396,0.17941,0.18267,51937021.7
1745539200,2025-04-25T00:00:00+00:00,0.18266,0.1848,0.17752,0.18053,78412274.0
1745553600,2025-04-25T04:00:00+00:00,0.18053,0.18304,0.1797,0.1826,27932303.6
1745568000,2025-04-25T08:00:00+00:00,0.18256,0.18344,0.18027,0.18305,35585497.300000004
1745582400,2025-04-25T12:00:00+00:00,0.1831,0.18637,0.17904,0.18284,102858702.1
1745596800,2025-04-25T16:00:00+00:00,0.18286,0.18498,0.18026,0.18181,49301016.4
1745611200,2025-04-25T20:00:00+00:00,0.18181,0.1832,0.18029,0.18175,29215337.799999997
1745625600,2025-04-26T00:00:00+00:00,0.1817,0.19313,0.1817,0.18672,94903639.9
1745640000,2025-04-26T04:00:00+00:00,0.18678,0.1878,0.18382,0.18615,24891204.400000002
1745654400,2025-04-26T08:00:00+00:00,0.18612,0.18764,0.18099,0.1816,26813307.8
1745668800,2025-04-26T12:00:00+00:00,0.18164,0.18324,0.18021,0.18253,34771899.0
1745683200,2025-04-26T16:00:00+00:00,0.18258,0.18259,0.18045,0.18132,14901582.2
1745697600,2025-04-26T20:00:00+00:00,0.18129,0.18229,0.18024,0.18198,17323375.0
1745712000,2025-04-27T00:00:00+00:00,0.18198,0.18362,0.17756,0.17962,37741072.0
1745726400,2025-04-27T04:00:00+00:00,0.17959,0.18053,0.17659,0.18032,13953146.2
1745740800,2025-04-27T08:00:00+00:00,0.18029,0.18261,0.17981,0.18075,14607754.4
1745755200,2025-04-27T12:00:00+00:00,0.18078,0.18322,0.17921,0.18014,30449755.699999996
1745769600,2025-04-27T16:00:00+00:00,0.18016,0.18238,0.17776,0.18235,17801444.2
1745784000,2025-04-27T20:00:00+00:00,0.18235,0.18244,0.17923,0.17943,16238026.4
1745798400,2025-04-28T00:00:00+00:00,0.17943,0.18007,0.17387,0.17885,61303313.099999994
1745812800,2025-04-28T04:00:00+00:00,0.17888,0.18176,0.17876,0.18136,22559946.1
1745827200,2025-04-28T08:00:00+00:00,0.18141,0.18282,0.1792,0.18184,29121212.7
1745841600,2025-04-28T12:00:00+00:00,0.18188,0.18191,0.1743,0.17579,45842967.0
1745856000,2025-04-28T16:00:00+00:00,0.17573,0.17956,0.17405,0.17887,28778442.9
1745870400,2025-04-28T20:00:00+00:00,0.17888,0.1796,0.17741,0.17912,22364740.9
1745884800,2025-04-29T00:00:00+00:00,0.17912,0.18079,0.17704,0.17951,30612796.1
1745899200,2025-04-29T04:00:00+00:00,0.17952,0.18061,0.17737,0.17975,21070758.5
1745913600,2025-04-29T08:00:00+00:00,0.17972,0.18027,0.17778,0.17916,18311807.6
1745928000,2025-04-29T12:00:00+00:00,0.17917,0.17999,0.17698,0.17816,24930902.900000002
1745942400,2025-04-29T16:00:00+00:00,0.1782,0.18074,0.17775,0.17849,22857424.0
1745956800,2025-04-29T20:00:00+00:00,0.17851,0.17884,0.17247,0.17471,35362484.2
1745971200,2025-04-30T00:00:00+00:00,0.17469,0.17673,0.17334,0.17617,21711194.8
1745985600,2025-04-30T04:00:00+00:00,0.17614,0.17642,0.17262,0.17353,19098963.0
1746000000,2025-04-30T08:00:00+00:00,0.1735,0.17621,0.17301,0.17606,22808665.900000002
1746014400,2025-04-30T12:00:00+00:00,0.17599,0.17603,0.16667,0.16977,88153365.9
1746028800,2025-04-30T16:00:00+00:00,0.16972,0.17283,0.16879,0.1723,27820394.1
1746043200,2025-04-30T20:00:00+00:00,0.17234,0.17445,0.17194,0.17223,21492155.1
1746057600,2025-05-01T00:00:00+00:00,0.17226,0.17547,0.17208,0.17408,23614546.5
1746072000,2025-05-01T04:00:00+00:00,0.1741,0.17558,0.17371,0.17538,12900767.899999999
1746086400,2025-05-01T08:00:00+00:00,0.17533,0.17962,0.17509,0.17943,36492899.1
1746100800,2025-05-01T12:00:00+00:00,0.17941,0.18264,0.17691,0.18068,66331859.2
1746115200,2025-05-01T16:00:00+00:00,0.1807,0.18345,0.18031,0.18072,57196861.0
1746129600,2025-05-01T20:00:00+00:00,0.18071,0.18281,0.18008,0.18074,37822360.0
1746144000,2025-05-02T00:00:00+00:00,0.18071,0.1845,0.17986,0.18245,38612143.6
1746158400,2025-05-02T04:00:00+00:00,0.1825,0.18297,0.17927,0.17943,24968016.4
1746172800,2025-05-02T08:00:00+00:00,0.17938,0.18173,0.17936,0.18099,12506344.1
1746187200,2025-05-02T12:00:00+00:00,0.18099,0.1829,0.18013,0.18152,24338511.700000003
1746201600,2025-05-02T16:00:00+00:00,0.18152,0.18425,0.17965,0.18016,25721464.6
1746216000,2025-05-02T20:00:00+00:00,0.18011,0.18253,0.17989,0.18155,18420144.6
1746230400,2025-05-03T00:00:00+00:00,0.18156,0.18226,0.18007,0.1804,15865340.3
1746244800,2025-05-03T04:00:00+00:00,0.18042,0.181,0.17836,0.17891,21635853.1
1746259200,2025-05-03T08:00:00+00:00,0.17898,0.17976,0.17733,0.17814,16307181.299999999
1746273600,2025-05-03T12:00:00+00:00,0.17815,0.1796,0.17791,0.17859,15735135.200000001
1746288000,2025-05-03T16:00:00+00:00,0.17857,0.17858,0.17496,0.17759,32086146.2
1746302400,2025-05-03T20:00:00+00:00,0.17761,0.17766,0.17532,0.17576,11568066.6
1746316800,2025-05-04T00:00:00+00:00,0.17571,0.17743,0.17482,0.17523,12484405.9
1746331200,2025-05-04T04:00:00+00:00,0.17522,0.1766,0.17445,0.17525,13004356.9
1746345600,2025-05-04T08:00:00+00:00,0.17523,0.17532,0.17338,0.17409,14306512.2
1746360000,2025-05-04T12:00:00+00:00,0.17411,0.17475,0.17229,0.1738,25857098.2
1746374400,2025-05-04T16:00:00+00:00,0.17377,0.174,0.17139,0.17208,15254204.2
1746388800,2025-05-04T20:00:00+00:00,0.1721,0.17313,0.17,0.17053,20965620.8
1746403200,2025-05-05T00:00:00+00:00,0.17048,0.17179,0.16844,0.17042,29383086.6
1746417600,2025-05-05T04:00:00+00:00,0.17041,0.17402,0.17032,0.1736,13325830.799999999
1746432000,2025-05-05T08:00:00+00:00,0.1736,0.17466,0.17021,0.17101,12460092.899999999
1746446400,2025-05-05T12:00:00+00:00,0.17101,0.17173,0.16852,0.16897,23457141.8
1746460800,2025-05-05T16:00:00+00:00,0.16898,0.17257,0.16881,0.1708,15259398.600000001
1746475200,2025-05-05T20:00:00+00:00,0.17084,0.17233,0.16829,0.17057,18208852.0
1746489600,2025-05-06T00:00:00+00:00,0.17058,0.17114,0.16686,0.16976,24519676.4
1746504000,2025-05-06T04:00:00+00:00,0.16979,0.17035,0.16877,0.16936,7752112.6
1746518400,2025-05-06T08:00:00+00:00,0.16934,0.16934,0.16447,0.16533,29206116.8
1746532800,2025-05-06T12:00:00+00:00,0.16537,0.16814,0.1642,0.1666,31224321.200000003
1746547200,2025-05-06T16:00:00+00:00,0.16663,0.16981,0.16556,0.16888,22318005.8
1746561600,2025-05-06T20:00:00+00:00,0.16891,0.17262,0.16716,0.17222,37386825.0
1746576000,2025-05-07T00:00:00+00:00,0.17222,0.17447,0.17023,0.17185,30291734.200000003
1746590400,2025-05-07T04:00:00+00:00,0.1719,0.17342,0.17152,0.1733,14207284.399999999
1746604800,2025-05-07T08:00:00+00:00,0.17332,0.17399,0.17289,0.1734,13840752.100000001
1746619200,2025-05-07T12:00:00+00:00,0.1734,0.17357,0.17058,0.17086,15478785.0
1746633600,2025-05-07T16:00:00+00:00,0.17084,0.17262,0.16899,0.16988,35185648.199999996
1746648000,2025-05-07T20:00:00+00:00,0.1699,0.17299,0.16925,0.17204,17559019.1
1746662400,2025-05-08T00:00:00+00:00,0.17209,0.1796,0.17169,0.1795,56227503.9
1746676800,2025-05-08T04:00:00+00:00,0.17952,0.18281,0.17945,0.18149,46971859.3
1746691200,2025-05-08T08:00:00+00:00,0.18149,0.18554,0.18144,0.18313,34570536.4
1746705600,2025-05-08T12:00:00+00:00,0.18315,0.1913,0.18293,0.18936,85842859.39999999
1746720000,2025-05-08T16:00:00+00:00,0.18938,0.19291,0.1892,0.19093,58191090.400000006
1746734400,2025-05-08T20:00:00+00:00,0.191,0.1984,0.18998,0.19815,71019022.5
1746748800,2025-05-09T00:00:00+00:00,0.19814,0.19899,0.19307,0.19349,70872701.7
1746763200,2025-05-09T04:00:00+00:00,0.19347,0.20878,0.19293,0.20584,66419896.099999994
1746777600,2025-05-09T08:00:00+00:00,0.20585,0.21451,0.20179,0.20725,146943899.5
1746792000,2025-05-09T12:00:00+00:00,0.20722,0.20994,0.20075,0.20422,97223475.6
1746806400,2025-05-09T16:00:00+00:00,0.20426,0.20622,0.20105,0.20513,68910293.4
1746820800,2025-05-09T20:00:00+00:00,0.20515,0.2061,0.20375,0.20531,23196185.500000004
1746835200,2025-05-10T00:00:00+00:00,0.2053,0.21084,0.20342,0.20988,54573128.49999999
1746849600,2025-05-10T04:00:00+00:00,0.20988,0.22653,0.20832,0.22422,83921481.6
1746864000,2025-05-10T08:00:00+00:00,0.22426,0.2308,0.22145,0.22253,79277899.3
1746878400,2025-05-10T12:00:00+00:00,0.22254,0.2292,0.22254,0.22708,41822158.8
1746892800,2025-05-10T16:00:00+00:00,0.22701,0.23947,0.22643,0.2353,87281080.9
1746907200,2025-05-10T20:00:00+00:00,0.23532,0.25102,0.23233,0.25064,104491345.7
1746921600,2025-05-11T00:00:00+00:00,0.25058,0.25971,0.23547,0.23968,174229602.10000002
1746936000,2025-05-11T04:00:00+00:00,0.23963,0.24264,0.22762,0.23031,82462823.60000001
1746950400,2025-05-11T08:00:00+00:00,0.23032,0.23486,0.22922,0.23421,39530592.4
1746964800,2025-05-11T12:00:00+00:00,0.23426,0.24268,0.22519,0.22678,90528353.0
1746979200,2025-05-11T16:00:00+00:00,0.22678,0.23358,0.222,0.2311,87117774.0
1746993600,2025-05-11T20:00:00+00:00,0.23113,0.23464,0.22925,0.23188,31630785.9
1747008000,2025-05-12T00:00:00+00:00,0.23188,0.24133,0.23039,0.23837,76583173.1
1747022400,2025-05-12T04:00:00+00:00,0.2384,0.25338,0.23637,0.2441,103406579.5
1747036800,2025-05-12T08:00:00+00:00,0.24412,0.25224,0.24058,0.24234,104188301.4
1747051200,2025-05-12T12:00:00+00:00,0.24224,0.24651,0.23055,0.23229,136611073.10000002
1747065600,2025-05-12T16:00:00+00:00,0.23226,0.23699,0.2204,0.22728,140469955.4
1747080000,2025-05-12T20:00:00+00:00,0.22723,0.23392,0.22536,0.231,33666022.9
1747094400,2025-05-13T00:00:00+00:00,0.23104,0.2312,0.21727,0.21844,80836158.3
1747108800,2025-05-13T04:00:00+00:00,0.21838,0.22588,0.21742,0.22412,30964017.2
1747123200,2025-05-13T08:00:00+00:00,0.22417,0.23004,0.223,0.22819,32729371.799999997
1747137600,2025-05-13T12:00:00+00:00,0.2282,0.2336,0.22431,0.23304,77112252.1
1747152000,2025-05-13T16:00:00+00:00,0.23316,0.24329,0.23297,0.23906,85435171.2
1747166400,2025-05-13T20:00:00+00:00,0.23904,0.24158,0.23662,0.24084,37898390.1
1747180800,2025-05-14T00:00:00+00:00,0.24083,0.24342,0.23388,0.2389,57537866.3
1747195200,2025-05-14T04:00:00+00:00,0.23887,0.24754,0.2368,0.23718,42304139.4
1747209600,2025-05-14T08:00:00+00:00,0.23713,0.23888,0.2319,0.23756,46142832.8
1747224000,2025-05-14T12:00:00+00:00,0.2376,0.23876,0.22967,0.233,55791327.9
1747238400,2025-05-14T16:00:00+00:00,0.233,0.23505,0.22813,0.23436,40912046.5
1747252800,2025-05-14T20:00:00+00:00,0.2344,0.23521,0.23079,0.23281,24269024.299999997
1747267200,2025-05-15T00:00:00+00:00,0.23284,0.23683,0.22766,0.2321,48941559.5
1747281600,2025-05-15T04:00:00+00:00,0.23207,0.235,0.22255,0.22376,42234942.099999994
1747296000,2025-05-15T08:00:00+00:00,0.22377,0.22903,0.22202,0.2268,40576479.0
1747310400,2025-05-15T12:00:00+00:00,0.22672,0.22947,0.21606,0.2254,98185444.4
1747324800,2025-05-15T16:00:00+00:00,0.22525,0.2295,0.21898,0.22218,69453718.0
1747339200,2025-05-15T20:00:00+00:00,0.22222,0.2242,0.21379,0.21939,107045101.9
1747353600,2025-05-16T00:00:00+00:00,0.21948,0.22732,0.21796,0.22628,66848474.4
1747368000,2025-05-16T04:00:00+00:00,0.2263,0.22775,0.22382,0.22587,30936334.200000003
1747382400,2025-05-16T08:00:00+00:00,0.22589,0.23017,0.22148,0.22723,30591053.2
1747396800,2025-05-16T12:00:00+00:00,0.22726,0.22989,0.2246,0.22907,44530245.5
1747411200,2025-05-16T16:00:00+00:00,0.22905,0.23104,0.2245,0.22708,35790979.7
1747425600,2025-05-16T20:00:00+00:00,0.22703,0.22711,0.21967,0.22116,38351760.0
1747440000,2025-05-17T00:00:00+00:00,0.22115,0.22231,0.2138,0.2183,48849997.8
1747454400,2025-05-17T04:00:00+00:00,0.2183,0.22025,0.21593,0.21711,15795620.399999999
1747468800,2025-05-17T08:00:00+00:00,0.21716,0.21748,0.2143,0.21555,15787023.3
1747483200,2025-05-17T12:00:00+00:00,0.21561,0.21686,0.21164,0.21513,28299843.4
1747497600,2025-05-17T16:00:00+00:00,0.21512,0.21641,0.21081,0.21457,32897925.400000002
1747512000,2025-05-17T20:00:00+00:00,0.21454,0.21781,0.21211,0.21463,30478485.1
1747526400,2025-05-18T00:00:00+00:00,0.21469,0.21715,0.21412,0.21576,27027176.4
1747540800,2025-05-18T04:00:00+00:00,0.21578,0.22216,0.21566,0.22199,21311864.5
1747555200,2025-05-18T08:00:00+00:00,0.22199,0.22538,0.22196,0.22229,23006540.7
1747569600,2025-05-18T12:00:00+00:00,0.22236,0.23755,0.22124,0.23667,50858095.5
1747584000,2025-05-18T16:00:00+00:00,0.23674,0.23785,0.22187,0.22246,91098229.60000001
1747598400,2025-05-18T20:00:00+00:00,0.22243,0.23464,0.21855,0.23316,69311973.9
1747612800,2025-05-19T00:00:00+00:00,0.23324,0.23583,0.21935,0.21962,72353176.5
1747627200,2025-05-19T04:00:00+00:00,0.21963,0.22155,0.21423,0.21801,56083430.8
1747641600,2025-05-19T08:00:00+00:00,0.218,0.21825,0.21544,0.21725,20627762.4
1747656000,2025-05-19T12:00:00+00:00,0.21724,0.223,0.2139,0.22128,37107927.6
1747670400,2025-05-19T16:00:00+00:00,0.2213,0.22628,0.21933,0.22439,59661753.900000006
1747684800,2025-05-19T20:00:00+00:00,0.22436,0.22559,0.22238,0.22453,32216992.299999997
1747699200,2025-05-20T00:00:00+00:00,0.22456,0.23087,0.22369,0.22578,47634496.0
1747713600,2025-05-20T04:00:00+00:00,0.22582,0.22817,0.22188,0.22246,24808858.8
1747728000,2025-05-20T08:00:00+00:00,0.22243,0.22338,0.21878,0.2209,29693434.900000002
1747742400,2025-05-20T12:00:00+00:00,0.2209,0.22133,0.21774,0.22066,34992016.0
1747756800,2025-05-20T16:00:00+00:00,0.2207,0.22553,0.21789,0.22425,51310558.5
1747771200,2025-05-20T20:00:00+00:00,0.22425,0.22794,0.22267,0.22644,57559366.5
1747785600,2025-05-21T00:00:00+00:00,0.22645,0.23065,0.22403,0.22914,73591089.7
1747800000,2025-05-21T04:00:00+00:00,0.22914,0.23367,0.22606,0.22676,48490159.6
1747814400,2025-05-21T08:00:00+00:00,0.22674,0.22794,0.22476,0.22665,21458212.099999998
1747828800,2025-05-21T12:00:00+00:00,0.2266,0.23453,0.22557,0.23191,68503273.9
1747843200,2025-05-21T16:00:00+00:00,0.23197,0.23812,0.22278,0.23036,143376688.6
1747857600,2025-05-21T20:00:00+00:00,0.2303,0.23777,0.22804,0.23415,65589260.699999996
1747872000,2025-05-22T00:00:00+00:00,0.23414,0.24368,0.2339,0.24116,117230989.5
1747886400,2025-05-22T04:00:00+00:00,0.2412,0.24215,0.23663,0.24112,55455086.699999996
1747900800,2025-05-22T08:00:00+00:00,0.24115,0.24501,0.23898,0.24027,56224830.900000006
1747915200,2025-05-22T12:00:00+00:00,0.24028,0.24291,0.23915,0.24138,91225829.1
1747929600,2025-05-22T16:00:00+00:00,0.24138,0.24289,0.23828,0.23949,58107174.4
1747944000,2025-05-22T20:00:00+00:00,0.2395,0.24579,0.2377,0.24561,48746993.0
1747958400,2025-05-23T00:00:00+00:00,0.24565,0.2544,0.24353,0.25107,130289402.49999999
1747972800,2025-05-23T04:00:00+00:00,0.25103,0.25155,0.24207,0.24346,60541586.2
1747987200,2025-05-23T08:00:00+00:00,0.24351,0.24893,0.23364,0.23521,55321584.8
1748001600,2025-05-23T12:00:00+00:00,0.23522,0.23861,0.22731,0.23444,95764159.80000001
1748016000,2025-05-23T16:00:00+00:00,0.23445,0.23703,0.23198,0.23319,50076075.2
1748030400,2025-05-23T20:00:00+00:00,0.2332,0.23334,0.2231,0.22524,73893869.0
1748044800,2025-05-24T00:00:00+00:00,0.22524,0.23015,0.22362,0.22952,35648972.3
1748059200,2025-05-24T04:00:00+00:00,0.22952,0.23052,0.2268,0.22741,15574704.799999997
1748073600,2025-05-24T08:00:00+00:00,0.22743,0.23045,0.22588,0.22918,20074469.7
1748088000,2025-05-24T12:00:00+00:00,0.22915,0.2295,0.22694,0.2278,21954166.9
1748102400,2025-05-24T16:00:00+00:00,0.22781,0.22906,0.22603,0.2273,14645900.100000001
1748116800,2025-05-24T20:00:00+00:00,0.22733,0.22821,0.22385,0.22523,14980302.9
1748131200,2025-05-25T00:00:00+00:00,0.22525,0.22653,0.21954,0.22379,41806216.0
1748145600,2025-05-25T04:00:00+00:00,0.22379,0.22428,0.22054,0.22146,22463444.8
1748160000,2025-05-25T08:00:00+00:00,0.22144,0.22144,0.21723,0.21953,24737681.3
1748174400,2025-05-25T12:00:00+00:00,0.21947,0.22117,0.21575,0.21864,23619432.0
1748188800,2025-05-25T16:00:00+00:00,0.21862,0.22092,0.21655,0.22011,19154592.5
1748203200,2025-05-25T20:00:00+00:00,0.2201,0.22531,0.21844,0.22502,42335072.0
1748217600,2025-05-26T00:00:00+00:00,0.22501,0.22791,0.22347,0.22725,31798446.799999997
1748232000,2025-05-26T04:00:00+00:00,0.2273,0.23047,0.22677,0.23005,34121517.5
1748246400,2025-05-26T08:00:00+00:00,0.22994,0.23021,0.22537,0.22627,14103619.399999999
1748260800,2025-05-26T12:00:00+00:00,0.2263,0.22842,0.22344,0.22712,29359416.4
1748275200,2025-05-26T16:00:00+00:00,0.22713,0.22814,0.22255,0.22423,23668842.2
1748289600,2025-05-26T20:00:00+00:00,0.2242,0.22788,0.22344,0.22605,13356986.3
1748304000,2025-05-27T00:00:00+00:00,0.22608,0.22721,0.21974,0.22432,29405680.3
1748318400,2025-05-27T04:00:00+00:00,0.22435,0.22851,0.2226,0.22785,20753171.4
1748332800,2025-05-27T08:00:00+00:00,0.22786,0.22932,0.22741,0.22875,22231997.9
1748347200,2025-05-27T12:00:00+00:00,0.22873,0.23226,0.22502,0.22872,47652388.99999999
1748361600,2025-05-27T16:00:00+00:00,0.22876,0.23051,0.22671,0.22731,26457074.200000003
1748376000,2025-05-27T20:00:00+00:00,0.22738,0.22886,0.22455,0.22613,22655136.799999997
1748390400,2025-05-28T00:00:00+00:00,0.22614,0.22798,0.22313,0.22486,36578570.2
1748404800,2025-05-28T04:00:00+00:00,0.22485,0.22539,0.22189,0.22272,10097502.899999999
1748419200,2025-05-28T08:00:00+00:00,0.22274,0.22382,0.22101,0.22362,17512557.1
1748433600,2025-05-28T12:00:00+00:00,0.22365,0.22476,0.21769,0.21842,40090009.9
1748448000,2025-05-28T16:00:00+00:00,0.21843,0.22123,0.21687,0.21727,21192494.599999998
1748462400,2025-05-28T20:00:00+00:00,0.21723,0.22168,0.21715,0.221,16846011.2
1748476800,2025-05-29T00:00:00+00:00,0.22101,0.22824,0.21993,0.2266,42314614.8
1748491200,2025-05-29T04:00:00+00:00,0.22657,0.22714,0.22225,0.22444,17981829.4
1748505600,2025-05-29T08:00:00+00:00,0.22445,0.22618,0.22338,0.225,12250391.6
1748520000,2025-05-29T12:00:00+00:00,0.22495,0.22496,0.21809,0.21963,33231244.900000002
1748534400,2025-05-29T16:00:00+00:00,0.21968,0.2215,0.2148,0.21641,33344136.9
1748548800,2025-05-29T20:00:00+00:00,0.21637,0.21953,0.21406,0.21493,19974815.2
1748563200,2025-05-30T00:00:00+00:00,0.21485,0.21648,0.20085,0.2086,81126714.4
1748577600,2025-05-30T04:00:00+00:00,0.20862,0.20956,0.20313,0.20439,47632929.4
1748592000,2025-05-30T08:00:00+00:00,0.20438,0.206,0.20159,0.20508,29462280.9
1748606400,2025-05-30T12:00:00+00:00,0.2051,0.20593,0.20094,0.20209,36843926.8
1748620800,2025-05-30T16:00:00+00:00,0.20212,0.20288,0.19333,0.20044,107980025.0
1748635200,2025-05-30T20:00:00+00:00,0.20042,0.20061,0.19068,0.19368,39448826.5
1748649600,2025-05-31T00:00:00+00:00,0.19365,0.19464,0.18556,0.18936,77273248.30000001
1748664000,2025-05-31T04:00:00+00:00,0.18938,0.1912,0.18774,0.18945,36908074.7
1748678400,2025-05-31T08:00:00+00:00,0.1894,0.18977,0.18577,0.18665,22161759.3
1748692800,2025-05-31T12:00:00+00:00,0.1866,0.19474,0.18641,0.19187,45630993.3
1748707200,2025-05-31T16:00:00+00:00,0.19186,0.19519,0.19108,0.19464,22001714.9
1748721600,2025-05-31T20:00:00+00:00,0.19465,0.19563,0.19228,0.19259,26616007.099999998
1748736000,2025-06-01T00:00:00+00:00,0.19264,0.19268,0.18799,0.19024,31071296.799999997
1748750400,2025-06-01T04:00:00+00:00,0.19024,0.19232,0.18927,0.19021,18440213.8
1748764800,2025-06-01T08:00:00+00:00,0.19016,0.19036,0.18649,0.18955,27265822.799999997
1748779200,2025-06-01T12:00:00+00:00,0.18955,0.19261,0.18742,0.19194,23713171.4
1748793600,2025-06-01T16:00:00+00:00,0.19192,0.195,0.18913,0.19199,33152141.7
1748808000,2025-06-01T20:00:00+00:00,0.19199,0.195,0.191,0.19373,24430961.6
1748822400,2025-06-02T00:00:00+00:00,0.19376,0.19453,0.18927,0.1904,22697125.7
1748836800,2025-06-02T04:00:00+00:00,0.19034,0.19349,0.18972,0.19197,14056877.499999998
1748851200,2025-06-02T08:00:00+00:00,0.19192,0.19317,0.18857,0.18933,30396768.5
1748865600,2025-06-02T12:00:00+00:00,0.18932,0.19317,0.18871,0.19195,30222089.499999996
1748880000,2025-06-02T16:00:00+00:00,0.19196,0.19381,0.18896,0.19033,16474657.2
1748894400,2025-06-02T20:00:00+00:00,0.19034,0.19652,0.19034,0.19521,36313624.599999994
1748908800,2025-06-03T00:00:00+00:00,0.19524,0.20068,0.1947,0.19581,49351629.699999996
1748923200,2025-06-03T04:00:00+00:00,0.19584,0.1966,0.19442,0.19533,10818426.0
1748937600,2025-06-03T08:00:00+00:00,0.19535,0.19605,0.19336,0.19515,11133134.8
1748952000,2025-06-03T12:00:00+00:00,0.19516,0.19889,0.19417,0.19751,28161247.4
1748966400,2025-06-03T16:00:00+00:00,0.19751,0.19772,0.19527,0.19723,19791042.0
1748980800,2025-06-03T20:00:00+00:00,0.19726,0.19732,0.19147,0.19323,32611354.7
1748995200,2025-06-04T00:00:00+00:00,0.19319,0.19721,0.19214,0.19617,16288454.999999998
1749009600,2025-06-04T04:00:00+00:00,0.19616,0.197,0.19503,0.19553,9611155.6
1749024000,2025-06-04T08:00:00+00:00,0.19555,0.19681,0.19375,0.19386,7785224.4
1749038400,2025-06-04T12:00:00+00:00,0.19392,0.1945,0.18979,0.19293,25793077.9
1749052800,2025-06-04T16:00:00+00:00,0.19298,0.19303,0.18936,0.18938,14172115.0
1749067200,2025-06-04T20:00:00+00:00,0.18938,0.19037,0.18713,0.1882,20139545.099999998
1749081600,2025-06-05T00:00:00+00:00,0.18819,0.19095,0.1875,0.19024,14552668.200000001
1749096000,2025-06-05T04:00:00+00:00,0.19026,0.19088,0.18786,0.18856,16100649.399999999
1749110400,2025-06-05T08:00:00+00:00,0.18861,0.19,0.1879,0.1895,14136355.899999999
1749124800,2025-06-05T12:00:00+00:00,0.1895,0.19258,0.1872,0.18943,22793826.4
1749139200,2025-06-05T16:00:00+00:00,0.1894,0.18951,0.17072,0.17399,107864335.0
1749153600,2025-06-05T20:00:00+00:00,0.17396,0.17452,0.16804,0.17114,114620722.9
1749168000,2025-06-06T00:00:00+00:00,0.17119,0.17559,0.1695,0.17536,33721785.0
1749182400,2025-06-06T04:00:00+00:00,0.17536,0.17658,0.17447,0.17491,24248741.599999998
1749196800,2025-06-06T08:00:00+00:00,0.17491,0.17821,0.17491,0.17775,17901234.6
1749211200,2025-06-06T12:00:00+00:00,0.17778,0.1846,0.17752,0.182,55612244.2
1749225600,2025-06-06T16:00:00+00:00,0.18198,0.18256,0.17852,0.1791,35662434.4
1749240000,2025-06-06T20:00:00+00:00,0.17919,0.18074,0.17865,0.17896,15531857.3
1749254400,2025-06-07T00:00:00+00:00,0.17895,0.18276,0.17788,0.18274,17602458.0
1749268800,2025-06-07T04:00:00+00:00,0.18272,0.1865,0.18168,0.18545,25343139.5
1749283200,2025-06-07T08:00:00+00:00,0.18545,0.18745,0.18452,0.1861,13451382.8
1749297600,2025-06-07T12:00:00+00:00,0.18614,0.18879,0.18589,0.18681,18033409.0
1749312000,2025-06-07T16:00:00+00:00,0.18677,0.18745,0.18201,0.1834,25965709.0
1749326400,2025-06-07T20:00:00+00:00,0.18341,0.18654,0.18339,0.18522,17730361.799999997
1749340800,2025-06-08T00:00:00+00:00,0.18516,0.1852,0.18325,0.1834,12163655.7
1749355200,2025-06-08T04:00:00+00:00,0.18339,0.1849,0.18292,0.18305,6858986.100000001
1749369600,2025-06-08T08:00:00+00:00,0.18307,0.18429,0.18056,0.18385,20171815.6
1749384000,2025-06-08T12:00:00+00:00,0.18394,0.1855,0.18249,0.18418,12673623.4
1749398400,2025-06-08T16:00:00+00:00,0.18418,0.18649,0.18398,0.1862,14894457.0
1749412800,2025-06-08T20:00:00+00:00,0.1862,0.1871,0.18346,0.18424,13282580.5
1749427200,2025-06-09T00:00:00+00:00,0.18426,0.18471,0.18127,0.18278,18344083.1
1749441600,2025-06-09T04:00:00+00:00,0.18273,0.18294,0.1803,0.18161,18494406.900000002
1749456000,2025-06-09T08:00:00+00:00,0.18157,0.18756,0.18094,0.18651,20852104.8
1749470400,2025-06-09T12:00:00+00:00,0.18653,0.18671,0.18259,0.18457,24791473.9
1749484800,2025-06-09T16:00:00+00:00,0.18458,0.18806,0.18457,0.18662,36826246.4
1749499200,2025-06-09T20:00:00+00:00,0.18671,0.19622,0.18666,0.19499,49012874.4
1749513600,2025-06-10T00:00:00+00:00,0.19497,0.19634,0.19292,0.19374,17685402.799999997
1749528000,2025-06-10T04:00:00+00:00,0.19375,0.19399,0.19,0.19115,15431884.2
1749542400,2025-06-10T08:00:00+00:00,0.19115,0.19599,0.18975,0.19489,20095754.6
1749556800,2025-06-10T12:00:00+00:00,0.19487,0.19765,0.18889,0.19115,108941265.0
1749571200,2025-06-10T16:00:00+00:00,0.19115,0.19661,0.19,0.19465,101536656.3
1749585600,2025-06-10T20:00:00+00:00,0.19467,0.19859,0.19329,0.19853,96747608.0
1749600000,2025-06-11T00:00:00+00:00,0.19852,0.19904,0.19469,0.19765,18854303.2
1749614400,2025-06-11T04:00:00+00:00,0.19768,0.20664,0.19689,0.20247,39520750.7
1749628800,2025-06-11T08:00:00+00:00,0.2025,0.20475,0.19824,0.19914,31319807.0
1749643200,2025-06-11T12:00:00+00:00,0.19915,0.20354,0.19835,0.20321,35114730.6
1749657600,2025-06-11T16:00:00+00:00,0.20325,0.2041,0.19412,0.19512,45005468.3
1749672000,2025-06-11T20:00:00+00:00,0.19508,0.19725,0.19123,0.19296,49034547.0
1749686400,2025-06-12T00:00:00+00:00,0.19297,0.19373,0.19016,0.19078,17857256.3
1749700800,2025-06-12T04:00:00+00:00,0.1908,0.19139,0.18909,0.18958,15080298.4
1749715200,2025-06-12T08:00:00+00:00,0.18956,0.19036,0.18639,0.18719,16950345.1
1749729600,2025-06-12T12:00:00+00:00,0.1872,0.18996,0.18562,0.18591,28586746.1
1749744000,2025-06-12T16:00:00+00:00,0.18592,0.19016,0.18365,0.18478,43355975.2
1749758400,2025-06-12T20:00:00+00:00,0.18478,0.18573,0.18004,0.18123,47762025.7
1749772800,2025-06-13T00:00:00+00:00,0.18121,0.18154,0.17,0.17451,134122057.99999999
1749787200,2025-06-13T04:00:00+00:00,0.17451,0.17467,0.17165,0.17448,23318207.299999997
1749801600,2025-06-13T08:00:00+00:00,0.17449,0.17652,0.17327,0.17582,22895593.5
1749816000,2025-06-13T12:00:00+00:00,0.17582,0.17886,0.17386,0.17792,38630448.7
1749830400,2025-06-13T16:00:00+00:00,0.17793,0.18002,0.17569,0.17663,42165474.60000001
1749844800,2025-06-13T20:00:00+00:00,0.17663,0.18056,0.17622,0.18048,19420485.6
1749859200,2025-06-14T00:00:00+00:00,0.18051,0.18052,0.17711,0.17791,21030068.300000004
1749873600,2025-06-14T04:00:00+00:00,0.1779,0.17868,0.17569,0.17671,16961627.4
1749888000,2025-06-14T08:00:00+00:00,0.1767,0.17804,0.17606,0.178,8900023.7
1749902400,2025-06-14T12:00:00+00:00,0.17799,0.17848,0.17581,0.17683,13006553.899999999
1749916800,2025-06-14T16:00:00+00:00,0.17678,0.17836,0.17467,0.17617,18727102.0
1749931200,2025-06-14T20:00:00+00:00,0.17619,0.17866,0.1753,0.17836,17933345.1
1749945600,2025-06-15T00:00:00+00:00,0.17836,0.17879,0.17737,0.17775,11765845.399999999
1749960000,2025-06-15T04:00:00+00:00,0.17775,0.17856,0.17534,0.17568,12744925.4
1749974400,2025-06-15T08:00:00+00:00,0.17567,0.17578,0.17369,0.17431,13044368.2
1749988800,2025-06-15T12:00:00+00:00,0.17431,0.17749,0.17394,0.176,20467143.4
1750003200,2025-06-15T16:00:00+00:00,0.176,0.17691,0.17278,0.17371,16485343.2
1750017600,2025-06-15T20:00:00+00:00,0.17371,0.17597,0.1715,0.17555,23627622.599999998
1750032000,2025-06-16T00:00:00+00:00,0.17557,0.17702,0.17286,0.17597,21289231.700000003
1750046400,2025-06-16T04:00:00+00:00,0.17599,0.17885,0.17592,0.17834,19997107.1
1750060800,2025-06-16T08:00:00+00:00,0.17835,0.17842,0.17536,0.17674,16639312.4
1750075200,2025-06-16T12:00:00+00:00,0.17674,0.1795,0.1763,0.17765,31037860.099999998
1750089600,2025-06-16T16:00:00+00:00,0.17766,0.18123,0.17732,0.17997,24701914.4
1750104000,2025-06-16T20:00:00+00:00,0.17999,0.18048,0.1722,0.1728,47788251.3
1750118400,2025-06-17T00:00:00+00:00,0.17276,0.17616,0.1687,0.1753,63309217.0
1750132800,2025-06-17T04:00:00+00:00,0.17528,0.17559,0.17314,0.17387,12149428.5
1750147200,2025-06-17T08:00:00+00:00,0.17385,0.17412,0.17008,0.17137,48213798.5
1750161600,2025-06-17T12:00:00+00:00,0.17136,0.1724,0.16656,0.16797,39018020.099999994
1750176000,2025-06-17T16:00:00+00:00,0.16795,0.17156,0.16394,0.17038,41577051.2
1750190400,2025-06-17T20:00:00+00:00,0.17038,0.17088,0.16837,0.16939,22448353.2
1750204800,2025-06-18T00:00:00+00:00,0.16941,0.17182,0.16915,0.17071,13057577.1
1750219200,2025-06-18T04:00:00+00:00,0.17071,0.17228,0.17004,0.17123,6294621.2
1750233600,2025-06-18T08:00:00+00:00,0.17122,0.17177,0.16625,0.16873,16346282.9
1750248000,2025-06-18T12:00:00+00:00,0.16875,0.16951,0.16411,0.16822,44061280.1
1750262400,2025-06-18T16:00:00+00:00,0.1682,0.16896,0.16525,0.16705,45062555.3
1750276800,2025-06-18T20:00:00+00:00,0.16705,0.17166,0.1663,0.17075,22582446.8
1750291200,2025-06-19T00:00:00+00:00,0.17074,0.1721,0.1694,0.17095,16529558.6
1750305600,2025-06-19T04:00:00+00:00,0.17097,0.1716,0.16995,0.17003,11755024.1
1750320000,2025-06-19T08:00:00+00:00,0.17003,0.17089,0.16856,0.16901,17189923.4
1750334400,2025-06-19T12:00:00+00:00,0.16903,0.17002,0.16772,0.16834,26884482.3
1750348800,2025-06-19T16:00:00+00:00,0.1683,0.171,0.16808,0.16982,16116081.2
1750363200,2025-06-19T20:00:00+00:00,0.16983,0.17178,0.16931,0.17098,17884207.4
1750377600,2025-06-20T00:00:00+00:00,0.17098,0.17159,0.16902,0.16931,11739034.0
1750392000,2025-06-20T04:00:00+00:00,0.1693,0.17066,0.16713,0.17057,14663681.100000001
1750406400,2025-06-20T08:00:00+00:00,0.17059,0.17142,0.1698,0.17081,12437085.600000001
1750420800,2025-06-20T12:00:00+00:00,0.17083,0.172,0.16556,0.16604,52537324.2
1750435200,2025-06-20T16:00:00+00:00,0.16604,0.16616,0.15843,0.16288,94663952.9
1750449600,2025-06-20T20:00:00+00:00,0.16284,0.16432,0.16102,0.16239,18214118.8
1750464000,2025-06-21T00:00:00+00:00,0.16237,0.16384,0.16202,0.16342,10160895.4
1750478400,2025-06-21T04:00:00+00:00,0.16342,0.16355,0.16259,0.16289,6208233.5
1750492800,2025-06-21T08:00:00+00:00,0.16288,0.16438,0.16274,0.16336,4914458.8
1750507200,2025-06-21T12:00:00+00:00,0.16332,0.16352,0.15907,0.16025,26225402.799999997
1750521600,2025-06-21T16:00:00+00:00,0.16023,0.16102,0.15724,0.15738,26051294.9
1750536000,2025-06-21T20:00:00+00:00,0.15743,0.15896,0.15039,0.15458,82704485.1
1750550400,2025-06-22T00:00:00+00:00,0.15459,0.15778,0.15268,0.15472,58470882.5
1750564800,2025-06-22T04:00:00+00:00,0.15472,0.15734,0.15428,0.15636,22652065.2
1750579200,2025-06-22T08:00:00+00:00,0.15637,0.15726,0.15364,0.15569,28980754.200000003
1750593600,2025-06-22T12:00:00+00:00,0.15567,0.15643,0.14532,0.14626,144666081.4
1750608000,2025-06-22T16:00:00+00:00,0.14626,0.15064,0.14565,0.14746,59579638.4
1750622400,2025-06-22T20:00:00+00:00,0.14748,0.15183,0.14275,0.15134,92810541.5
1750636800,2025-06-23T00:00:00+00:00,0.15135,0.15313,0.15068,0.15228,29930602.300000004
1750651200,2025-06-23T04:00:00+00:00,0.1523,0.15508,0.15198,0.1539,23372935.199999996
1750665600,2025-06-23T08:00:00+00:00,0.1539,0.15462,0.15126,0.15223,15359012.5
1750680000,2025-06-23T12:00:00+00:00,0.15224,0.15664,0.15114,0.15256,67711503.1
1750694400,2025-06-23T16:00:00+00:00,0.15254,0.15791,0.14866,0.15732,99815949.6
1750708800,2025-06-23T20:00:00+00:00,0.15736,0.16544,0.15697,0.16388,83872691.6
1750723200,2025-06-24T00:00:00+00:00,0.16391,0.16454,0.16201,0.16306,26361842.0
1750737600,2025-06-24T04:00:00+00:00,0.16304,0.16776,0.16256,0.16327,39704016.900000006
1750752000,2025-06-24T08:00:00+00:00,0.16324,0.16542,0.16233,0.16371,33717500.1
1750766400,2025-06-24T12:00:00+00:00,0.16373,0.16492,0.16177,0.16365,45858880.2
1750780800,2025-06-24T16:00:00+00:00,0.16367,0.16665,0.16279,0.16378,42458798.300000004
1750795200,2025-06-24T20:00:00+00:00,0.16376,0.16585,0.16359,0.16581,20146403.0
1750809600,2025-06-25T00:00:00+00:00,0.16581,0.16715,0.16463,0.16545,29448082.0
1750824000,2025-06-25T04:00:00+00:00,0.16545,0.16753,0.16438,0.1664,20450693.0
1750838400,2025-06-25T08:00:00+00:00,0.16642,0.16664,0.16429,0.16563,35625933.599999994
1750852800,2025-06-25T12:00:00+00:00,0.16567,0.16779,0.16265,0.16307,49383417.400000006
1750867200,2025-06-25T16:00:00+00:00,0.16308,0.16664,0.16305,0.16614,26671804.1
1750881600,2025-06-25T20:00:00+00:00,0.16612,0.16699,0.16362,0.16468,22039594.6
1750896000,2025-06-26T00:00:00+00:00,0.16466,0.16822,0.16403,0.16605,31498014.1
1750910400,2025-06-26T04:00:00+00:00,0.16607,0.16617,0.16398,0.16498,16343617.899999999
1750924800,2025-06-26T08:00:00+00:00,0.16501,0.16558,0.16117,0.16166,19422773.3
1750939200,2025-06-26T12:00:00+00:00,0.16167,0.16194,0.158,0.16017,48768245.0
1750953600,2025-06-26T16:00:00+00:00,0.16017,0.16141,0.15926,0.16102,48197387.400000006
1750968000,2025-06-26T20:00:00+00:00,0.16103,0.16388,0.15923,0.16011,81905526.1
1750982400,2025-06-27T00:00:00+00:00,0.1601,0.16275,0.15814,0.16226,68370550.0
1750996800,2025-06-27T04:00:00+00:00,0.16225,0.16272,0.16057,0.16086,52549035.8
1751011200,2025-06-27T08:00:00+00:00,0.16086,0.16219,0.16025,0.16059,18710884.6
1751025600,2025-06-27T12:00:00+00:00,0.1606,0.16178,0.15831,0.16116,31351876.1
1751040000,2025-06-27T16:00:00+00:00,0.16119,0.16321,0.15713,0.15923,32553779.099999998
1751054400,2025-06-27T20:00:00+00:00,0.15922,0.16169,0.15901,0.16112,13436947.600000001
1751068800,2025-06-28T00:00:00+00:00,0.16112,0.1625,0.16052,0.16211,11373899.1
1751083200,2025-06-28T04:00:00+00:00,0.16212,0.16347,0.16168,0.16332,6594474.7
1751097600,2025-06-28T08:00:00+00:00,0.16333,0.16351,0.16224,0.16228,5121440.899999999
1751112000,2025-06-28T12:00:00+00:00,0.1623,0.16334,0.16138,0.16302,6601549.5
1751126400,2025-06-28T16:00:00+00:00,0.16301,0.16512,0.16255,0.16371,14615872.6
1751140800,2025-06-28T20:00:00+00:00,0.16371,0.16469,0.16317,0.16372,7264789.600000001
1751155200,2025-06-29T00:00:00+00:00,0.16371,0.16436,0.16268,0.16278,7463153.500000001
1751169600,2025-06-29T04:00:00+00:00,0.1628,0.1642,0.16267,0.16398,5334988.799999999
1751184000,2025-06-29T08:00:00+00:00,0.16399,0.16515,0.16365,0.16463,8172746.4
1751198400,2025-06-29T12:00:00+00:00,0.16465,0.16519,0.1633,0.16342,13726213.3
1751212800,2025-06-29T16:00:00+00:00,0.16343,0.16491,0.16324,0.16414,9269137.799999999
1751227200,2025-06-29T20:00:00+00:00,0.16414,0.17004,0.16332,0.16946,41790798.4
1751241600,2025-06-30T00:00:00+00:00,0.16947,0.16995,0.16672,0.16751,28319161.400000002
1751256000,2025-06-30T04:00:00+00:00,0.16749,0.168,0.16435,0.16585,15271322.1
1751270400,2025-06-30T08:00:00+00:00,0.16585,0.1661,0.16456,0.16481,9538279.8
1751284800,2025-06-30T12:00:00+00:00,0.16481,0.16604,0.16225,0.16499,39367351.4
1751299200,2025-06-30T16:00:00+00:00,0.165,0.1679,0.16424,0.16762,26155744.199999996
1751313600,2025-06-30T20:00:00+00:00,0.16763,0.16798,0.16487,0.1652,27631962.7
1751328000,2025-07-01T00:00:00+00:00,0.16522,0.16633,0.16405,0.16495,11549450.600000001
1751342400,2025-07-01T04:00:00+00:00,0.16497,0.16499,0.16122,0.16259,18902238.5
1751356800,2025-07-01T08:00:00+00:00,0.16257,0.16257,0.16069,0.1609,14535426.2
1751371200,2025-07-01T12:00:00+00:00,0.16088,0.1612,0.15795,0.1594,51645581.8
1751385600,2025-07-01T16:00:00+00:00,0.15942,0.15998,0.15752,0.15803,21475227.700000003
1751400000,2025-07-01T20:00:00+00:00,0.15802,0.15898,0.15677,0.15784,14078024.4
1751414400,2025-07-02T00:00:00+00:00,0.15784,0.1596,0.15656,0.15949,15281540.4
1751428800,2025-07-02T04:00:00+00:00,0.15951,0.16177,0.1592,0.16087,12869778.0
1751443200,2025-07-02T08:00:00+00:00,0.16089,0.16231,0.16088,0.1612,9597535.7
1751457600,2025-07-02T12:00:00+00:00,0.16123,0.166,0.16007,0.16587,28964560.200000003
1751472000,2025-07-02T16:00:00+00:00,0.16588,0.1727,0.1658,0.17102,120611466.6
1751486400,2025-07-02T20:00:00+00:00,0.17101,0.17241,0.16851,0.16877,52415023.5
1751500800,2025-07-03T00:00:00+00:00,0.16877,0.16999,0.16753,0.16873,33989596.3
1751515200,2025-07-03T04:00:00+00:00,0.16872,0.17516,0.16849,0.17455,44710704.6
1751529600,2025-07-03T08:00:00+00:00,0.17456,0.17544,0.17283,0.17371,21608986.099999998
1751544000,2025-07-03T12:00:00+00:00,0.1737,0.17527,0.16939,0.16963,58925482.7
1751558400,2025-07-03T16:00:00+00:00,0.16968,0.17222,0.16899,0.17186,22072102.700000003
1751572800,2025-07-03T20:00:00+00:00,0.17189,0.17288,0.17176,0.17207,9535277.8
1751587200,2025-07-04T00:00:00+00:00,0.17207,0.173,0.17021,0.17088,15690486.399999999
1751601600,2025-07-04T04:00:00+00:00,0.17089,0.17128,0.1665,0.16669,13732000.9
1751616000,2025-07-04T08:00:00+00:00,0.16669,0.16787,0.165,0.16672,15010508.799999999
1751630400,2025-07-04T12:00:00+00:00,0.16673,0.16738,0.16269,0.16322,35250653.5
1751644800,2025-07-04T16:00:00+00:00,0.16321,0.16344,0.16133,0.16203,32427547.9
1751659200,2025-07-04T20:00:00+00:00,0.16202,0.16438,0.16182,0.16295,14301885.700000001
1751673600,2025-07-05T00:00:00+00:00,0.16296,0.16471,0.16203,0.16443,14182496.2
1751688000,2025-07-05T04:00:00+00:00,0.16444,0.16512,0.16335,0.16449,6458847.800000001
1751702400,2025-07-05T08:00:00+00:00,0.1645,0.16506,0.16323,0.16418,4423720.3
1751716800,2025-07-05T12:00:00+00:00,0.16419,0.16454,0.16283,0.16303,29399733.4
1751731200,2025-07-05T16:00:00+00:00,0.16303,0.16375,0.16223,0.16341,11887917.7
1751745600,2025-07-05T20:00:00+00:00,0.16341,0.16476,0.16325,0.16429,6996157.800000001
1751760000,2025-07-06T00:00:00+00:00,0.16431,0.16459,0.16337,0.16385,7986588.4
1751774400,2025-07-06T04:00:00+00:00,0.16383,0.16436,0.16318,0.16388,5648969.3
1751788800,2025-07-06T08:00:00+00:00,0.16387,0.16557,0.16321,0.16553,11253046.600000001
1751803200,2025-07-06T12:00:00+00:00,0.16555,0.17522,0.16509,0.17026,95784344.60000001
1751817600,2025-07-06T16:00:00+00:00,0.17025,0.17112,0.16746,0.16949,22031427.8
1751832000,2025-07-06T20:00:00+00:00,0.16952,0.1738,0.16949,0.17197,35434001.2
1751846400,2025-07-07T00:00:00+00:00,0.17197,0.17715,0.17019,0.17501,46479511.3
1751860800,2025-07-07T04:00:00+00:00,0.17503,0.17593,0.17178,0.17312,46568038.5
1751875200,2025-07-07T08:00:00+00:00,0.17314,0.17341,0.17048,0.17098,16723486.999999998
1751889600,2025-07-07T12:00:00+00:00,0.17099,0.171,0.16789,0.16857,35315793.0
1751904000,2025-07-07T16:00:00+00:00,0.16858,0.16913,0.1663,0.16795,37199335.5
1751918400,2025-07-07T20:00:00+00:00,0.16792,0.16807,0.1657,0.16794,14016318.700000001
1751932800,2025-07-08T00:00:00+00:00,0.16796,0.16882,0.1659,0.16797,32552458.599999998
1751947200,2025-07-08T04:00:00+00:00,0.16797,0.16898,0.16734,0.1688,13181344.600000001
1751961600,2025-07-08T08:00:00+00:00,0.16881,0.17195,0.16803,0.17096,21496345.6
1751976000,2025-07-08T12:00:00+00:00,0.17097,0.17192,0.16836,0.16925,28984235.9
1751990400,2025-07-08T16:00:00+00:00,0.16926,0.17198,0.16859,0.17072,19437697.6
1752004800,2025-07-08T20:00:00+00:00,0.17071,0.17134,0.16991,0.17099,8736369.4
1752019200,2025-07-09T00:00:00+00:00,0.17097,0.1725,0.16998,0.17049,17785679.3
1752033600,2025-07-09T04:00:00+00:00,0.17051,0.17364,0.17022,0.17195,32023910.1
1752048000,2025-07-09T08:00:00+00:00,0.17192,0.17387,0.17116,0.17329,11274093.399999999
1752062400,2025-07-09T12:00:00+00:00,0.17328,0.17482,0.17126,0.17304,35956621.1
1752076800,2025-07-09T16:00:00+00:00,0.17303,0.17769,0.172,0.17699,61218903.3
1752091200,2025-07-09T20:00:00+00:00,0.17702,0.18657,0.17521,0.18058,104418903.60000001
1752105600,2025-07-10T00:00:00+00:00,0.18057,0.18174,0.1788,0.18037,27377187.9
1752120000,2025-07-10T04:00:00+00:00,0.18035,0.18248,0.17949,0.18176,17842320.5
1752134400,2025-07-10T08:00:00+00:00,0.18176,0.18279,0.18046,0.18057,28937740.0
1752148800,2025-07-10T12:00:00+00:00,0.18062,0.18108,0.1789,0.1807,23289995.9
1752163200,2025-07-10T16:00:00+00:00,0.18072,0.1875,0.1803,0.1859,72984999.1
1752177600,2025-07-10T20:00:00+00:00,0.18593,0.19638,0.18592,0.1951,89683491.19999999
1752192000,2025-07-11T00:00:00+00:00,0.19513,0.19926,0.19122,0.19835,47216542.4
1752206400,2025-07-11T04:00:00+00:00,0.19834,0.20166,0.19506,0.19657,46887029.9
1752220800,2025-07-11T08:00:00+00:00,0.19656,0.20059,0.19656,0.19904,39717272.2
1752235200,2025-07-11T12:00:00+00:00,0.19908,0.20944,0.1979,0.20122,140107050.0
1752249600,2025-07-11T16:00:00+00:00,0.20124,0.21374,0.19949,0.21183,173210082.79999998
1752264000,2025-07-11T20:00:00+00:00,0.21183,0.21183,0.19621,0.20109,83449879.10000001
1752278400,2025-07-12T00:00:00+00:00,0.20109,0.20665,0.19776,0.20399,60405537.6
1752292800,2025-07-12T04:00:00+00:00,0.20399,0.20482,0.20045,0.20131,37890491.0
1752307200,2025-07-12T08:00:00+00:00,0.20128,0.20291,0.19926,0.20058,36026502.800000004
1752321600,2025-07-12T12:00:00+00:00,0.20058,0.20079,0.19193,0.19317,86543880.9
1752336000,2025-07-12T16:00:00+00:00,0.19317,0.19829,0.19218,0.19754,30071418.5
1752350400,2025-07-12T20:00:00+00:00,0.19756,0.19793,0.19412,0.19747,26593752.799999997
1752364800,2025-07-13T00:00:00+00:00,0.19747,0.19944,0.19631,0.19856,42038211.6
1752379200,2025-07-13T04:00:00+00:00,0.19858,0.19998,0.19748,0.19947,31733964.3
1752393600,2025-07-13T08:00:00+00:00,0.19944,0.19946,0.1965,0.19904,19031718.099999998
1752408000,2025-07-13T12:00:00+00:00,0.19899,0.20422,0.19836,0.20019,60615387.8
1752422400,2025-07-13T16:00:00+00:00,0.20024,0.20343,0.1979,0.2013,35235208.3
1752436800,2025-07-13T20:00:00+00:00,0.20131,0.20203,0.19582,0.1986,54193602.8
1752451200,2025-07-14T00:00:00+00:00,0.19864,0.20652,0.1977,0.20465,70496517.2
1752465600,2025-07-14T04:00:00+00:00,0.20465,0.21089,0.20339,0.20774,84598929.10000001
1752480000,2025-07-14T08:00:00+00:00,0.20776,0.2093,0.20471,0.20554,53131455.2
1752494400,2025-07-14T12:00:00+00:00,0.20557,0.20714,0.19799,0.19929,65495774.5
1752508800,2025-07-14T16:00:00+00:00,0.19928,0.20253,0.19717,0.19833,48181760.4
1752523200,2025-07-14T20:00:00+00:00,0.19832,0.19861,0.19467,0.19749,36300104.8
1752537600,2025-07-15T00:00:00+00:00,0.19749,0.19843,0.18842,0.1904,72659419.5
1752552000,2025-07-15T04:00:00+00:00,0.19036,0.19255,0.18857,0.19069,35671836.5
1752566400,2025-07-15T08:00:00+00:00,0.19074,0.1927,0.1896,0.19195,25272114.6
1752580800,2025-07-15T12:00:00+00:00,0.192,0.19572,0.18936,0.19266,58119580.6
1752595200,2025-07-15T16:00:00+00:00,0.19265,0.19853,0.19152,0.19188,76533061.7
1752609600,2025-07-15T20:00:00+00:00,0.19181,0.19935,0.19118,0.1992,34247236.599999994
1752624000,2025-07-16T00:00:00+00:00,0.19919,0.2021,0.19583,0.19708,48879561.6
1752638400,2025-07-16T04:00:00+00:00,0.1971,0.19988,0.19554,0.19909,32440618.099999998
1752652800,2025-07-16T08:00:00+00:00,0.19908,0.20223,0.19833,0.20079,31817068.5
1752667200,2025-07-16T12:00:00+00:00,0.2008,0.20681,0.1993,0.20338,89304205.4
1752681600,2025-07-16T16:00:00+00:00,0.20333,0.21084,0.20238,0.20887,73309381.6
1752696000,2025-07-16T20:00:00+00:00,0.20885,0.2207,0.20856,0.21278,120081959.1
1752710400,2025-07-17T00:00:00+00:00,0.2128,0.21799,0.20659,0.20828,108204032.1
1752724800,2025-07-17T04:00:00+00:00,0.20826,0.21412,0.20746,0.21217,58693139.2
1752739200,2025-07-17T08:00:00+00:00,0.21216,0.21802,0.21156,0.21616,61725901.699999996
1752753600,2025-07-17T12:00:00+00:00,0.21612,0.21875,0.20939,0.21391,94908944.3
1752768000,2025-07-17T16:00:00+00:00,0.21388,0.21582,0.20828,0.21151,96864519.19999999
1752782400,2025-07-17T20:00:00+00:00,0.21151,0.22246,0.20795,0.21845,174437172.60000002
1752796800,2025-07-18T00:00:00+00:00,0.21846,0.23795,0.21632,0.23658,185215830.49999997
1752811200,2025-07-18T04:00:00+00:00,0.23651,0.24929,0.23366,0.23902,145485629.8
1752825600,2025-07-18T08:00:00+00:00,0.23898,0.2427,0.23586,0.24007,80930736.5
1752840000,2025-07-18T12:00:00+00:00,0.24008,0.25445,0.234,0.23709,210714892.50000003
1752854400,2025-07-18T16:00:00+00:00,0.23713,0.24108,0.2314,0.23415,97812458.8
1752868800,2025-07-18T20:00:00+00:00,0.23419,0.23693,0.22708,0.23598,99176106.2
1752883200,2025-07-19T00:00:00+00:00,0.23594,0.25223,0.23575,0.24943,115713976.2
1752897600,2025-07-19T04:00:00+00:00,0.24948,0.2575,0.24906,0.25387,133777233.8
1752912000,2025-07-19T08:00:00+00:00,0.25388,0.25785,0.24431,0.24506,79052677.39999999
1752926400,2025-07-19T12:00:00+00:00,0.24507,0.24767,0.23915,0.24249,86981058.39999999
1752940800,2025-07-19T16:00:00+00:00,0.24249,0.24414,0.23971,0.24285,40283958.0
1752955200,2025-07-19T20:00:00+00:00,0.24278,0.2437,0.23756,0.24151,34347179.1
1752969600,2025-07-20T00:00:00+00:00,0.24155,0.25725,0.24008,0.25537,125041983.39999999
1752984000,2025-07-20T04:00:00+00:00,0.25536,0.25788,0.24907,0.25158,77009214.0
1752998400,2025-07-20T08:00:00+00:00,0.2516,0.25601,0.25045,0.25173,44933071.8
1753012800,2025-07-20T12:00:00+00:00,0.2517,0.2554,0.25023,0.25425,70551150.30000001
1753027200,2025-07-20T16:00:00+00:00,0.25426,0.27843,0.25426,0.27389,222768996.39999998
1753041600,2025-07-20T20:00:00+00:00,0.27396,0.27754,0.26221,0.27386,166530905.8
1753056000,2025-07-21T00:00:00+00:00,0.27387,0.278,0.2643,0.27133,148733987.1
1753070400,2025-07-21T04:00:00+00:00,0.27133,0.27866,0.26913,0.27361,78628672.89999999
1753084800,2025-07-21T08:00:00+00:00,0.27363,0.27944,0.26734,0.27117,116512904.59999998
1753099200,2025-07-21T12:00:00+00:00,0.27117,0.28633,0.26933,0.28238,166035455.2
1753113600,2025-07-21T16:00:00+00:00,0.28236,0.28764,0.26749,0.26887,187188176.7
1753128000,2025-07-21T20:00:00+00:00,0.26886,0.27392,0.26576,0.27158,78491083.5
1753142400,2025-07-22T00:00:00+00:00,0.2716,0.27516,0.26291,0.26618,171091164.29999998
1753156800,2025-07-22T04:00:00+00:00,0.2661,0.26966,0.2575,0.26663,122150453.1
1753171200,2025-07-22T08:00:00+00:00,0.2666,0.26911,0.26307,0.26718,63780877.300000004
1753185600,2025-07-22T12:00:00+00:00,0.26725,0.26898,0.25928,0.26643,90786240.1
1753200000,2025-07-22T16:00:00+00:00,0.26652,0.27033,0.258,0.25977,74539178.69999999
1753214400,2025-07-22T20:00:00+00:00,0.25983,0.27151,0.2592,0.2709,64097446.9
1753228800,2025-07-23T00:00:00+00:00,0.27108,0.2712,0.26353,0.26431,45219786.900000006
1753243200,2025-07-23T04:00:00+00:00,0.26431,0.26707,0.25868,0.26024,43398101.3
1753257600,2025-07-23T08:00:00+00:00,0.26022,0.26168,0.25355,0.25595,66994903.6
1753272000,2025-07-23T12:00:00+00:00,0.25596,0.25636,0.24073,0.24984,192242131.3
1753286400,2025-07-23T16:00:00+00:00,0.24987,0.24987,0.23709,0.24235,180194866.2
1753300800,2025-07-23T20:00:00+00:00,0.24231,0.24419,0.23071,0.24087,154777972.0
1753315200,2025-07-24T00:00:00+00:00,0.24088,0.24689,0.23859,0.2431,78548221.6
1753329600,2025-07-24T04:00:00+00:00,0.24312,0.24445,0.2219,0.23308,177813083.1
1753344000,2025-07-24T08:00:00+00:00,0.23304,0.23991,0.23132,0.23883,85848129.6
1753358400,2025-07-24T12:00:00+00:00,0.23882,0.24525,0.23274,0.24008,140820114.9
1753372800,2025-07-24T16:00:00+00:00,0.24029,0.24174,0.23392,0.23846,70398399.6
1753387200,2025-07-24T20:00:00+00:00,0.23841,0.24105,0.23105,0.23225,78195328.9
1753401600,2025-07-25T00:00:00+00:00,0.23228,0.23251,0.22222,0.22548,182705987.8
1753416000,2025-07-25T04:00:00+00:00,0.22545,0.22994,0.22271,0.22583,105294194.5
1753430400,2025-07-25T08:00:00+00:00,0.22589,0.23344,0.22525,0.23109,97855776.1
1753444800,2025-07-25T12:00:00+00:00,0.23112,0.23279,0.22082,0.22441,133406525.0
1753459200,2025-07-25T16:00:00+00:00,0.22442,0.22932,0.22223,0.22723,76525629.2
1753473600,2025-07-25T20:00:00+00:00,0.22725,0.23704,0.22707,0.23678,73195765.8
1753488000,2025-07-26T00:00:00+00:00,0.2368,0.23892,0.23295,0.23667,56277591.5
1753502400,2025-07-26T04:00:00+00:00,0.23666,0.23893,0.23655,0.23699,28152160.799999997
1753516800,2025-07-26T08:00:00+00:00,0.237,0.24016,0.23575,0.23672,27150496.0
1753531200,2025-07-26T12:00:00+00:00,0.23674,0.23995,0.23544,0.2388,36824498.9
1753545600,2025-07-26T16:00:00+00:00,0.23881,0.23988,0.23453,0.23913,42760629.7
1753560000,2025-07-26T20:00:00+00:00,0.23918,0.24033,0.23523,0.2355,25968931.099999998
1753574400,2025-07-27T00:00:00+00:00,0.23549,0.24006,0.23497,0.2393,34175879.7
1753588800,2025-07-27T04:00:00+00:00,0.23928,0.24342,0.23642,0.23709,40895574.199999996
1753603200,2025-07-27T08:00:00+00:00,0.23717,0.23951,0.23421,0.2366,27742152.9
1753617600,2025-07-27T12:00:00+00:00,0.23657,0.23923,0.2346,0.23687,33178581.200000003
1753632000,2025-07-27T16:00:00+00:00,0.23685,0.24195,0.23672,0.23967,72755175.4
1753646400,2025-07-27T20:00:00+00:00,0.23962,0.24379,0.23762,0.24075,48359197.1
1753660800,2025-07-28T00:00:00+00:00,0.24076,0.24586,0.23793,0.24484,71870148.5
1753675200,2025-07-28T04:00:00+00:00,0.24482,0.2486,0.2415,0.24336,46285665.599999994
1753689600,2025-07-28T08:00:00+00:00,0.24334,0.24415,0.23941,0.24178,35385303.900000006
1753704000,2025-07-28T12:00:00+00:00,0.24165,0.2429,0.23062,0.2322,89880849.0
1753718400,2025-07-28T16:00:00+00:00,0.23219,0.23388,0.22748,0.22956,59215080.400000006
1753732800,2025-07-28T20:00:00+00:00,0.22961,0.23027,0.22428,0.22615,44441905.599999994
1753747200,2025-07-29T00:00:00+00:00,0.22616,0.2291,0.22232,0.22704,72927880.0
1753761600,2025-07-29T04:00:00+00:00,0.22706,0.23276,0.2257,0.23178,30651930.599999998
1753776000,2025-07-29T08:00:00+00:00,0.23181,0.23225,0.22529,0.2276,23253136.9
1753790400,2025-07-29T12:00:00+00:00,0.22764,0.23107,0.22059,0.22268,50548258.5
1753804800,2025-07-29T16:00:00+00:00,0.22265,0.22454,0.21734,0.22136,94240266.9
1753819200,2025-07-29T20:00:00+00:00,0.2214,0.22437,0.21927,0.22389,37073805.3
1753833600,2025-07-30T00:00:00+00:00,0.22389,0.2266,0.22108,0.22438,27079356.599999998
1753848000,2025-07-30T04:00:00+00:00,0.22438,0.22517,0.22122,0.22193,28542379.5
1753862400,2025-07-30T08:00:00+00:00,0.22192,0.22351,0.21481,0.21604,44551249.8
1753876800,2025-07-30T12:00:00+00:00,0.21607,0.22302,0.21424,0.22132,71196093.5
1753891200,2025-07-30T16:00:00+00:00,0.22146,0.22451,0.20897,0.21734,97832702.6
1753905600,2025-07-30T20:00:00+00:00,0.21726,0.22061,0.21531,0.21997,40614884.4
1753920000,2025-07-31T00:00:00+00:00,0.2199,0.22384,0.21899,0.22303,32177314.8
1753934400,2025-07-31T04:00:00+00:00,0.22306,0.22435,0.22211,0.2237,18663759.5
1753948800,2025-07-31T08:00:00+00:00,0.22372,0.22566,0.22145,0.22221,13206473.600000001
1753963200,2025-07-31T12:00:00+00:00,0.22226,0.22255,0.21461,0.21757,50618251.8
1753977600,2025-07-31T16:00:00+00:00,0.21759,0.2213,0.21273,0.21374,78935302.9
1753992000,2025-07-31T20:00:00+00:00,0.2137,0.21464,0.20805,0.20976,57068908.7
1754006400,2025-08-01T00:00:00+00:00,0.20969,0.21058,0.20327,0.20913,76430719.5
1754020800,2025-08-01T04:00:00+00:00,0.2091,0.2091,0.20388,0.20601,48276039.400000006
1754035200,2025-08-01T08:00:00+00:00,0.2059,0.20754,0.20086,0.20748,61022577.699999996
1754049600,2025-08-01T12:00:00+00:00,0.20744,0.21021,0.20188,0.20958,112121380.39999999
1754064000,2025-08-01T16:00:00+00:00,0.20956,0.21247,0.20366,0.20826,73939507.5
1754078400,2025-08-01T20:00:00+00:00,0.2083,0.20874,0.19546,0.20092,151051478.0
1754092800,2025-08-02T00:00:00+00:00,0.20086,0.20297,0.20008,0.20221,41616054.400000006
1754107200,2025-08-02T04:00:00+00:00,0.20221,0.2034,0.19442,0.20008,43591916.5
1754121600,2025-08-02T08:00:00+00:00,0.20013,0.20097,0.19716,0.19965,21087109.8
1754136000,2025-08-02T12:00:00+00:00,0.19964,0.20003,0.1936,0.1945,46412473.8
1754150400,2025-08-02T16:00:00+00:00,0.19452,0.1973,0.18949,0.19238,81219029.3
1754164800,2025-08-02T20:00:00+00:00,0.19229,0.19468,0.18938,0.19097,45422552.8
1754179200,2025-08-03T00:00:00+00:00,0.191,0.19646,0.18858,0.19577,65962711.39999999
1754193600,2025-08-03T04:00:00+00:00,0.19577,0.19691,0.19496,0.19627,19885067.2
1754208000,2025-08-03T08:00:00+00:00,0.19627,0.1995,0.19556,0.19783,14821820.3
1754222400,2025-08-03T12:00:00+00:00,0.19783,0.19932,0.19682,0.19894,20038809.200000003
1754236800,2025-08-03T16:00:00+00:00,0.19892,0.20023,0.19784,0.19895,24032457.5
1754251200,2025-08-03T20:00:00+00:00,0.19893,0.20051,0.19796,0.19879,24017608.8
1754265600,2025-08-04T00:00:00+00:00,0.1988,0.20305,0.19851,0.20188,40290362.49999999
1754280000,2025-08-04T04:00:00+00:00,0.20184,0.20387,0.19961,0.2031,24785512.4
1754294400,2025-08-04T08:00:00+00:00,0.20312,0.20412,0.2003,0.20108,19427549.700000003
1754308800,2025-08-04T12:00:00+00:00,0.20109,0.20627,0.20049,0.20389,55251047.9
1754323200,2025-08-04T16:00:00+00:00,0.20388,0.20988,0.20388,0.20467,46482170.099999994
1754337600,2025-08-04T20:00:00+00:00,0.20451,0.21134,0.20434,0.2104,36301168.0
1754352000,2025-08-05T00:00:00+00:00,0.21043,0.21106,0.20592,0.2064,28944527.200000003
1754366400,2025-08-05T04:00:00+00:00,0.20638,0.20747,0.2014,0.20181,23311722.9
1754380800,2025-08-05T08:00:00+00:00,0.20183,0.20885,0.20118,0.20761,22841378.1
1754395200,2025-08-05T12:00:00+00:00,0.20762,0.2077,0.19726,0.19819,68512050.6
1754409600,2025-08-05T16:00:00+00:00,0.19819,0.2001,0.19693,0.19781,31823811.3
1754424000,2025-08-05T20:00:00+00:00,0.19782,0.20037,0.19596,0.19982,26011075.7
1754438400,2025-08-06T00:00:00+00:00,0.1998,0.19981,0.19605,0.19639,19469415.1
1754452800,2025-08-06T04:00:00+00:00,0.19641,0.20238,0.19561,0.20134,24895966.3
1754467200,2025-08-06T08:00:00+00:00,0.20135,0.20202,0.19876,0.20051,21685210.0
1754481600,2025-08-06T12:00:00+00:00,0.20051,0.2057,0.19855,0.20535,40970205.5
1754496000,2025-08-06T16:00:00+00:00,0.20532,0.2072,0.20316,0.20584,34247437.7
1754510400,2025-08-06T20:00:00+00:00,0.20586,0.20591,0.20449,0.20535,11085130.100000001
1754524800,2025-08-07T00:00:00+00:00,0.20532,0.20664,0.20336,0.20395,17596242.5
1754539200,2025-08-07T04:00:00+00:00,0.20397,0.20666,0.20385,0.20589,11473870.7
1754553600,2025-08-07T08:00:00+00:00,0.20585,0.21501,0.2053,0.21426,74151855.80000001
1754568000,2025-08-07T12:00:00+00:00,0.2143,0.21618,0.21234,0.2144,50968530.300000004
1754582400,2025-08-07T16:00:00+00:00,0.21438,0.21845,0.21024,0.21736,39677470.0
1754596800,2025-08-07T20:00:00+00:00,0.21738,0.22315,0.21648,0.22234,58217270.1
1754611200,2025-08-08T00:00:00+00:00,0.22232,0.2249,0.21964,0.22295,70568074.19999999
1754625600,2025-08-08T04:00:00+00:00,0.22293,0.22518,0.21966,0.22457,34400210.8
1754640000,2025-08-08T08:00:00+00:00,0.22456,0.22688,0.22157,0.2237,32254385.7
1754654400,2025-08-08T12:00:00+00:00,0.2237,0.22972,0.21972,0.22129,72564748.0
1754668800,2025-08-08T16:00:00+00:00,0.2213,0.22991,0.22077,0.22924,68149930.2
1754683200,2025-08-08T20:00:00+00:00,0.22921,0.23257,0.2272,0.23036,44899041.400000006
1754697600,2025-08-09T00:00:00+00:00,0.23041,0.23383,0.22976,0.23031,40071591.0
1754712000,2025-08-09T04:00:00+00:00,0.23029,0.23678,0.2298,0.2359,48392472.5
1754726400,2025-08-09T08:00:00+00:00,0.23584,0.23884,0.23519,0.23789,43747447.9
1754740800,2025-08-09T12:00:00+00:00,0.23785,0.24469,0.23585,0.24078,90099003.39999999
1754755200,2025-08-09T16:00:00+00:00,0.24079,0.24681,0.24034,0.24301,93082189.10000001
1754769600,2025-08-09T20:00:00+00:00,0.24303,0.24513,0.23949,0.23999,59834538.1
1754784000,2025-08-10T00:00:00+00:00,0.24002,0.24352,0.23874,0.24269,48949698.2
1754798400,2025-08-10T04:00:00+00:00,0.2427,0.24355,0.23133,0.23244,50025477.4
1754812800,2025-08-10T08:00:00+00:00,0.23236,0.23455,0.22931,0.23102,40749304.599999994
1754827200,2025-08-10T12:00:00+00:00,0.23098,0.23487,0.2295,0.23264,45228978.5
1754841600,2025-08-10T16:00:00+00:00,0.2326,0.23556,0.23207,0.23504,20796069.6
1754856000,2025-08-10T20:00:00+00:00,0.23509,0.23518,0.23106,0.23392,29807057.300000004
1754870400,2025-08-11T00:00:00+00:00,0.23389,0.24188,0.23228,0.23938,58055945.6
1754884800,2025-08-11T04:00:00+00:00,0.23938,0.2413,0.23322,0.23339,26552934.0
1754899200,2025-08-11T08:00:00+00:00,0.2334,0.23668,0.22686,0.22825,43364899.5
1754913600,2025-08-11T12:00:00+00:00,0.22824,0.23155,0.22558,0.23148,73694788.5
1754928000,2025-08-11T16:00:00+00:00,0.23153,0.23378,0.22596,0.22736,41136631.4
1754942400,2025-08-11T20:00:00+00:00,0.2273,0.22797,0.22115,0.22209,43346864.400000006
1754956800,2025-08-12T00:00:00+00:00,0.22208,0.22737,0.22191,0.22448,33189549.999999996
1754971200,2025-08-12T04:00:00+00:00,0.22442,0.22641,0.22131,0.22518,26980765.900000002
1754985600,2025-08-12T08:00:00+00:00,0.2252,0.22558,0.21873,0.22144,38940942.5
1755000000,2025-08-12T12:00:00+00:00,0.22142,0.23002,0.22063,0.22965,90562440.30000001
1755014400,2025-08-12T16:00:00+00:00,0.22968,0.23611,0.22805,0.23576,72876348.6
1755028800,2025-08-12T20:00:00+00:00,0.2358,0.23834,0.23478,0.23577,47180838.800000004
1755043200,2025-08-13T00:00:00+00:00,0.23567,0.23999,0.23128,0.23815,52832096.199999996
1755057600,2025-08-13T04:00:00+00:00,0.23814,0.24498,0.23446,0.24483,61289943.900000006
1755072000,2025-08-13T08:00:00+00:00,0.24485,0.25058,0.24444,0.24678,122375841.60000001
1755086400,2025-08-13T12:00:00+00:00,0.2468,0.24866,0.23914,0.24119,86468889.39999999
1755100800,2025-08-13T16:00:00+00:00,0.24125,0.24433,0.24027,0.24399,52379949.900000006
1755115200,2025-08-13T20:00:00+00:00,0.24403,0.24641,0.24195,0.24492,51863951.5
1755129600,2025-08-14T00:00:00+00:00,0.24494,0.25583,0.24272,0.25273,98298306.7
1755144000,2025-08-14T04:00:00+00:00,0.25277,0.25465,0.24357,0.24513,47647932.3
1755158400,2025-08-14T08:00:00+00:00,0.24514,0.2452,0.23632,0.23807,56925031.7
1755172800,2025-08-14T12:00:00+00:00,0.23803,0.23931,0.2188,0.22552,170241354.29999998
1755187200,2025-08-14T16:00:00+00:00,0.22549,0.22558,0.2208,0.22361,66837905.2
1755201600,2025-08-14T20:00:00+00:00,0.2236,0.22446,0.2175,0.22397,63158961.199999996
1755216000,2025-08-15T00:00:00+00:00,0.22402,0.23025,0.22308,0.23015,49983051.8
1755230400,2025-08-15T04:00:00+00:00,0.23013,0.23316,0.22767,0.23078,81765310.10000001
1755244800,2025-08-15T08:00:00+00:00,0.23072,0.23294,0.2289,0.22988,49148114.2
1755259200,2025-08-15T12:00:00+00:00,0.22992,0.23239,0.22105,0.22244,86406625.4
1755273600,2025-08-15T16:00:00+00:00,0.2224,0.22553,0.22016,0.22191,52828733.2
1755288000,2025-08-15T20:00:00+00:00,0.22198,0.23206,0.22085,0.22902,77236286.6
1755302400,2025-08-16T00:00:00+00:00,0.22898,0.2364,0.22829,0.23316,63847406.8
1755316800,2025-08-16T04:00:00+00:00,0.23316,0.23402,0.22987,0.23343,24228247.8
1755331200,2025-08-16T08:00:00+00:00,0.23345,0.23513,0.22726,0.22739,31206811.5
1755345600,2025-08-16T12:00:00+00:00,0.2274,0.23038,0.22538,0.22879,35290739.2
1755360000,2025-08-16T16:00:00+00:00,0.22875,0.23127,0.22818,0.2295,17837010.1
1755374400,2025-08-16T20:00:00+00:00,0.22948,0.23164,0.229,0.23128,13510707.5
1755388800,2025-08-17T00:00:00+00:00,0.2313,0.23464,0.22855,0.23372,27253549.3
1755403200,2025-08-17T04:00:00+00:00,0.23372,0.23618,0.23242,0.23301,22975955.499999996
1755417600,2025-08-17T08:00:00+00:00,0.23299,0.23575,0.23252,0.23467,16634570.7
1755432000,2025-08-17T12:00:00+00:00,0.23468,0.24254,0.23224,0.24179,71140635.4
1755446400,2025-08-17T16:00:00+00:00,0.24181,0.24273,0.23076,0.23242,60113378.8
1755460800,2025-08-17T20:00:00+00:00,0.23241,0.23839,0.23201,0.23468,35011912.2
1755475200,2025-08-18T00:00:00+00:00,0.23467,0.23567,0.22258,0.2245,102889633.0
1755489600,2025-08-18T04:00:00+00:00,0.22451,0.22662,0.221,0.22196,40092363.800000004
1755504000,2025-08-18T08:00:00+00:00,0.22192,0.22347,0.22,0.2219,22125463.199999996
1755518400,2025-08-18T12:00:00+00:00,0.22188,0.22471,0.22049,0.22372,44682659.6
1755532800,2025-08-18T16:00:00+00:00,0.2237,0.22561,0.22089,0.22394,35015447.9
1755547200,2025-08-18T20:00:00+00:00,0.22387,0.22701,0.22186,0.22272,26147862.900000002
1755561600,2025-08-19T00:00:00+00:00,0.22276,0.22579,0.21581,0.21646,55892526.9
1755576000,2025-08-19T04:00:00+00:00,0.21644,0.21855,0.21448,0.21784,48642759.199999996
1755590400,2025-08-19T08:00:00+00:00,0.21781,0.22072,0.21631,0.22036,49512066.9
1755604800,2025-08-19T12:00:00+00:00,0.22033,0.22242,0.21362,0.2144,80534557.30000001
1755619200,2025-08-19T16:00:00+00:00,0.21441,0.21489,0.21039,0.21202,50157620.199999996
1755633600,2025-08-19T20:00:00+00:00,0.21203,0.21425,0.20867,0.20943,38456493.3
1755648000,2025-08-20T00:00:00+00:00,0.20941,0.21325,0.20807,0.21172,44834184.99999999
1755662400,2025-08-20T04:00:00+00:00,0.21171,0.21412,0.21157,0.2126,19174609.6
1755676800,2025-08-20T08:00:00+00:00,0.21262,0.21569,0.21132,0.21403,34920293.9
1755691200,2025-08-20T12:00:00+00:00,0.21401,0.21806,0.20774,0.21504,81873921.8
1755705600,2025-08-20T16:00:00+00:00,0.21506,0.22174,0.21506,0.22134,62752854.400000006
1755720000,2025-08-20T20:00:00+00:00,0.22136,0.2229,0.22047,0.22172,27072902.4
1755734400,2025-08-21T00:00:00+00:00,0.2217,0.22447,0.21947,0.22201,37391795.900000006
1755748800,2025-08-21T04:00:00+00:00,0.22194,0.22417,0.21994,0.22141,27449965.2
1755763200,2025-08-21T08:00:00+00:00,0.22142,0.22179,0.21666,0.21756,17755143.0
1755777600,2025-08-21T12:00:00+00:00,0.21756,0.22064,0.2145,0.21544,49408398.099999994
1755792000,2025-08-21T16:00:00+00:00,0.21548,0.21825,0.21446,0.21509,30794859.9
1755806400,2025-08-21T20:00:00+00:00,0.21512,0.21749,0.21381,0.21468,23933541.5
1755820800,2025-08-22T00:00:00+00:00,0.21468,0.21909,0.21449,0.21572,23973761.6
1755835200,2025-08-22T04:00:00+00:00,0.21574,0.21865,0.21519,0.2179,16193655.2
1755849600,2025-08-22T08:00:00+00:00,0.21787,0.21904,0.21174,0.21191,20124815.799999997
1755864000,2025-08-22T12:00:00+00:00,0.212,0.23368,0.20823,0.23008,236893645.8
1755878400,2025-08-22T16:00:00+00:00,0.23008,0.23993,0.23007,0.23863,101832558.19999999
1755892800,2025-08-22T20:00:00+00:00,0.23876,0.24227,0.23861,0.24047,59932809.00000001
1755907200,2025-08-23T00:00:00+00:00,0.24048,0.24081,0.22883,0.23143,55841999.5
1755921600,2025-08-23T04:00:00+00:00,0.2314,0.23924,0.2312,0.23707,43394276.5
1755936000,2025-08-23T08:00:00+00:00,0.23712,0.23966,0.23539,0.23606,41410660.699999996
1755950400,2025-08-23T12:00:00+00:00,0.23607,0.23892,0.23435,0.23635,56153885.4
1755964800,2025-08-23T16:00:00+00:00,0.23636,0.23753,0.23542,0.23726,15535977.5
1755979200,2025-08-23T20:00:00+00:00,0.23727,0.23745,0.23383,0.23624,19763442.1
1755993600,2025-08-24T00:00:00+00:00,0.2362,0.23822,0.23486,0.2365,24191187.9
1756008000,2025-08-24T04:00:00+00:00,0.23652,0.237,0.2319,0.2322,16422853.299999999
1756022400,2025-08-24T08:00:00+00:00,0.2321,0.23314,0.22817,0.2295,18150498.7
1756036800,2025-08-24T12:00:00+00:00,0.22948,0.23396,0.22914,0.23119,19605746.7
1756051200,2025-08-24T16:00:00+00:00,0.2312,0.245,0.22924,0.23417,152343534.39999998
1756065600,2025-08-24T20:00:00+00:00,0.23425,0.2352,0.22762,0.23181,70787420.2
1756080000,2025-08-25T00:00:00+00:00,0.23184,0.23453,0.22538,0.23089,62840907.8
1756094400,2025-08-25T04:00:00+00:00,0.2309,0.23134,0.21981,0.22064,82136128.4
1756108800,2025-08-25T08:00:00+00:00,0.22067,0.22163,0.21692,0.21964,65943354.9
1756123200,2025-08-25T12:00:00+00:00,0.21965,0.2212,0.21738,0.21845,54061636.099999994
1756137600,2025-08-25T16:00:00+00:00,0.21851,0.22052,0.21347,0.2138,63991279.0
1756152000,2025-08-25T20:00:00+00:00,0.21379,0.21462,0.20592,0.20954,114386882.50000001
1756166400,2025-08-26T00:00:00+00:00,0.20952,0.21212,0.20711,0.20986,75478631.8
1756180800,2025-08-26T04:00:00+00:00,0.20986,0.21266,0.20921,0.21125,38214318.8
1756195200,2025-08-26T08:00:00+00:00,0.21124,0.21214,0.2095,0.21054,18991203.7
1756209600,2025-08-26T12:00:00+00:00,0.21056,0.21533,0.20934,0.2127,82124856.89999999
1756224000,2025-08-26T16:00:00+00:00,0.21274,0.21991,0.21237,0.21948,38361350.1
1756238400,2025-08-26T20:00:00+00:00,0.21942,0.22004,0.21739,0.21841,31257231.6
1756252800,2025-08-27T00:00:00+00:00,0.21842,0.22188,0.21604,0.2212,33983382.8
1756267200,2025-08-27T04:00:00+00:00,0.22121,0.22322,0.21804,0.21885,27985897.9
1756281600,2025-08-27T08:00:00+00:00,0.21885,0.22119,0.21736,0.22033,22789429.5
1756296000,2025-08-27T12:00:00+00:00,0.22033,0.22283,0.21782,0.22166,55477353.8
1756310400,2025-08-27T16:00:00+00:00,0.22168,0.22339,0.21861,0.22023,47904962.9
1756324800,2025-08-27T20:00:00+00:00,0.22024,0.22387,0.21793,0.21886,117612502.5
1756339200,2025-08-28T00:00:00+00:00,0.21883,0.22166,0.21667,0.22115,41955050.800000004
1756353600,2025-08-28T04:00:00+00:00,0.22116,0.22551,0.22089,0.22395,43979975.8
1756368000,2025-08-28T08:00:00+00:00,0.22401,0.22596,0.22246,0.22393,23319562.4
1756382400,2025-08-28T12:00:00+00:00,0.22398,0.22521,0.2201,0.22127,67339865.8
1756396800,2025-08-28T16:00:00+00:00,0.22127,0.2235,0.21934,0.21958,34825569.0
1756411200,2025-08-28T20:00:00+00:00,0.21965,0.22485,0.21922,0.22438,19534985.3
1756425600,2025-08-29T00:00:00+00:00,0.2244,0.22532,0.21946,0.22262,55949548.800000004
1756440000,2025-08-29T04:00:00+00:00,0.22263,0.22299,0.21429,0.21466,45064510.3
1756454400,2025-08-29T08:00:00+00:00,0.21462,0.21586,0.21169,0.21481,39802947.300000004
1756468800,2025-08-29T12:00:00+00:00,0.21482,0.22116,0.21213,0.2133,78193901.3
1756483200,2025-08-29T16:00:00+00:00,0.2133,0.21432,0.20977,0.21203,48485610.4
1756497600,2025-08-29T20:00:00+00:00,0.21207,0.21469,0.2098,0.21394,28931856.699999996
1756512000,2025-08-30T00:00:00+00:00,0.21394,0.2189,0.21131,0.21764,27770018.5
1756526400,2025-08-30T04:00:00+00:00,0.21767,0.2183,0.21609,0.21728,8034076.100000001
1756540800,2025-08-30T08:00:00+00:00,0.21727,0.21763,0.2148,0.21586,8152391.1000000015
1756555200,2025-08-30T12:00:00+00:00,0.21591,0.21671,0.21284,0.21604,21626756.1
1756569600,2025-08-30T16:00:00+00:00,0.21598,0.21608,0.21458,0.21535,9162925.5
1756584000,2025-08-30T20:00:00+00:00,0.2154,0.21614,0.21445,0.21597,8858129.799999999
1756598400,2025-08-31T00:00:00+00:00,0.21598,0.22138,0.21594,0.22064,26576683.4
1756612800,2025-08-31T04:00:00+00:00,0.22066,0.2207,0.2171,0.218,12722242.000000002
1756627200,2025-08-31T08:00:00+00:00,0.21804,0.21931,0.2161,0.21839,10723868.3
1756641600,2025-08-31T12:00:00+00:00,0.21837,0.21866,0.21628,0.21859,15289625.9
1756656000,2025-08-31T16:00:00+00:00,0.21855,0.21862,0.21696,0.21734,14497196.799999997
1756670400,2025-08-31T20:00:00+00:00,0.21734,0.21816,0.21323,0.21371,21455267.3
1756684800,2025-09-01T00:00:00+00:00,0.21367,0.21412,0.20895,0.21051,52805128.4
1756699200,2025-09-01T04:00:00+00:00,0.21048,0.21807,0.20811,0.218,53532482.3
1756713600,2025-09-01T08:00:00+00:00,0.21798,0.21984,0.21511,0.21578,39681266.6
1756728000,2025-09-01T12:00:00+00:00,0.21589,0.21715,0.21273,0.21338,31414045.6
1756742400,2025-09-01T16:00:00+00:00,0.21336,0.21346,0.21016,0.21234,90925197.5
1756756800,2025-09-01T20:00:00+00:00,0.21236,0.21275,0.20479,0.21074,51494927.9
1756771200,2025-09-02T00:00:00+00:00,0.21076,0.2141,0.20921,0.2134,42533180.8
1756785600,2025-09-02T04:00:00+00:00,0.2134,0.21493,0.21168,0.21227,28912214.500000004
1756800000,2025-09-02T08:00:00+00:00,0.21223,0.21408,0.2111,0.21148,15533536.6
1756814400,2025-09-02T12:00:00+00:00,0.21149,0.214,0.20657,0.20942,79318634.3
1756828800,2025-09-02T16:00:00+00:00,0.20935,0.2132,0.20935,0.2112,34369540.5
1756843200,2025-09-02T20:00:00+00:00,0.21115,0.21559,0.2108,0.21484,31067769.900000002
1756857600,2025-09-03T00:00:00+00:00,0.21486,0.21686,0.21243,0.21531,38004976.800000004
1756872000,2025-09-03T04:00:00+00:00,0.2153,0.21636,0.2141,0.216,14800523.8
1756886400,2025-09-03T08:00:00+00:00,0.21601,0.21725,0.21469,0.21645,17444798.099999998
1756900800,2025-09-03T12:00:00+00:00,0.21645,0.21968,0.2151,0.2189,43173374.7
1756915200,2025-09-03T16:00:00+00:00,0.21892,0.2215,0.21746,0.22128,38522664.7
1756929600,2025-09-03T20:00:00+00:00,0.22135,0.22355,0.22033,0.22037,41391309.6
1756944000,2025-09-04T00:00:00+00:00,0.22037,0.22115,0.21602,0.21636,23108342.9
1756958400,2025-09-04T04:00:00+00:00,0.2164,0.21745,0.21419,0.21524,19458769.6
1756972800,2025-09-04T08:00:00+00:00,0.21527,0.21672,0.21484,0.21567,11814760.299999999
1756987200,2025-09-04T12:00:00+00:00,0.21567,0.2171,0.21168,0.21235,34751157.9
1757001600,2025-09-04T16:00:00+00:00,0.21232,0.21359,0.21051,0.21076,29089633.999999996
1757016000,2025-09-04T20:00:00+00:00,0.21077,0.21472,0.21058,0.21238,20792370.1
1757030400,2025-09-05T00:00:00+00:00,0.21239,0.21505,0.21185,0.21431,20867835.5
1757044800,2025-09-05T04:00:00+00:00,0.21433,0.2184,0.21348,0.21811,28087307.4
1757059200,2025-09-05T08:00:00+00:00,0.21814,0.21815,0.21531,0.21681,16877648.3
1757073600,2025-09-05T12:00:00+00:00,0.21677,0.22101,0.21241,0.21421,77817439.6
1757088000,2025-09-05T16:00:00+00:00,0.21419,0.21734,0.21365,0.21733,18272879.8
1757102400,2025-09-05T20:00:00+00:00,0.21731,0.22025,0.21704,0.21785,26362715.8
1757116800,2025-09-06T00:00:00+00:00,0.21784,0.21889,0.21689,0.21772,10660853.7
1757131200,2025-09-06T04:00:00+00:00,0.21773,0.21789,0.21526,0.21589,9664779.6
1757145600,2025-09-06T08:00:00+00:00,0.2159,0.216,0.214,0.21432,7312425.0
1757160000,2025-09-06T12:00:00+00:00,0.21431,0.21589,0.21334,0.21397,17416107.4
1757174400,2025-09-06T16:00:00+00:00,0.21392,0.21549,0.21228,0.21288,21993049.7
1757188800,2025-09-06T20:00:00+00:00,0.21288,0.2181,0.2128,0.21596,23091805.799999997
1757203200,2025-09-07T00:00:00+00:00,0.21598,0.21745,0.21576,0.21658,16300400.600000001
1757217600,2025-09-07T04:00:00+00:00,0.21654,0.21769,0.21615,0.2174,9396998.3
1757232000,2025-09-07T08:00:00+00:00,0.21742,0.21952,0.21697,0.21927,10122796.7
1757246400,2025-09-07T12:00:00+00:00,0.21922,0.22512,0.21833,0.22366,77151541.9
1757260800,2025-09-07T16:00:00+00:00,0.22366,0.22458,0.21988,0.22228,44525030.099999994
1757275200,2025-09-07T20:00:00+00:00,0.22229,0.22922,0.22213,0.22876,61902614.3
1757289600,2025-09-08T00:00:00+00:00,0.22884,0.23495,0.22648,0.23162,125010506.69999999
1757304000,2025-09-08T04:00:00+00:00,0.23163,0.233,0.23041,0.23262,39182521.9
1757318400,2025-09-08T08:00:00+00:00,0.23263,0.23481,0.23244,0.23337,55615851.4
1757332800,2025-09-08T12:00:00+00:00,0.23342,0.23981,0.23293,0.23838,121656063.39999998
1757347200,2025-09-08T16:00:00+00:00,0.23837,0.2397,0.2365,0.23758,74220300.8
1757361600,2025-09-08T20:00:00+00:00,0.2376,0.2441,0.23724,0.24166,143227074.5
1757376000,2025-09-09T00:00:00+00:00,0.2417,0.24393,0.23358,0.2365,103317023.6
1757390400,2025-09-09T04:00:00+00:00,0.23649,0.24213,0.23524,0.24023,51354984.3
1757404800,2025-09-09T08:00:00+00:00,0.24025,0.24265,0.23987,0.2416,34007843.6
1757419200,2025-09-09T12:00:00+00:00,0.24156,0.24945,0.23672,0.23828,191290677.79999998
1757433600,2025-09-09T16:00:00+00:00,0.23832,0.24344,0.23744,0.24124,63232660.5
1757448000,2025-09-09T20:00:00+00:00,0.24123,0.24278,0.23923,0.24059,34360235.9
1757462400,2025-09-10T00:00:00+00:00,0.24054,0.2421,0.23618,0.24116,51957827.9
1757476800,2025-09-10T04:00:00+00:00,0.24115,0.24242,0.23843,0.24136,19553595.2
1757491200,2025-09-10T08:00:00+00:00,0.24137,0.24248,0.23939,0.24014,30106161.0
1757505600,2025-09-10T12:00:00+00:00,0.24015,0.24574,0.24001,0.24368,69796671.4
1757520000,2025-09-10T16:00:00+00:00,0.24372,0.24874,0.23848,0.2399,76216049.1
1757534400,2025-09-10T20:00:00+00:00,0.23988,0.24605,0.23976,0.24543,57527261.7
1757548800,2025-09-11T00:00:00+00:00,0.2454,0.25346,0.2438,0.25236,122906631.4
1757563200,2025-09-11T04:00:00+00:00,0.25233,0.25327,0.24831,0.24973,57797716.5
1757577600,2025-09-11T08:00:00+00:00,0.24973,0.25198,0.24885,0.25102,52106709.6
1757592000,2025-09-11T12:00:00+00:00,0.25104,0.25484,0.24255,0.24695,104696761.30000001
1757606400,2025-09-11T16:00:00+00:00,0.24699,0.25292,0.24696,0.25221,54301058.3
1757620800,2025-09-11T20:00:00+00:00,0.25227,0.25706,0.24932,0.25613,100782045.8
1757635200,2025-09-12T00:00:00+00:00,0.25615,0.26465,0.25494,0.26104,132153656.8
1757649600,2025-09-12T04:00:00+00:00,0.26102,0.26399,0.25919,0.26014,51475217.9
1757664000,2025-09-12T08:00:00+00:00,0.2602,0.26174,0.25855,0.25995,26959969.1
1757678400,2025-09-12T12:00:00+00:00,0.25997,0.26722,0.25789,0.26644,94294462.9
1757692800,2025-09-12T16:00:00+00:00,0.26643,0.2732,0.26496,0.2719,152078621.8
1757707200,2025-09-12T20:00:00+00:00,0.27184,0.2788,0.27008,0.27565,78890400.19999999
1757721600,2025-09-13T00:00:00+00:00,0.27568,0.28289,0.27282,0.28039,108653335.10000001
1757736000,2025-09-13T04:00:00+00:00,0.2804,0.28596,0.28001,0.28326,62701347.7
1757750400,2025-09-13T08:00:00+00:00,0.28334,0.29957,0.28264,0.29639,145836984.0
1757764800,2025-09-13T12:00:00+00:00,0.29639,0.30759,0.28994,0.29708,203406521.4
1757779200,2025-09-13T16:00:00+00:00,0.29709,0.301,0.28088,0.28619,164699554.4
1757793600,2025-09-13T20:00:00+00:00,0.28624,0.29255,0.28598,0.28951,59892847.800000004
1757808000,2025-09-14T00:00:00+00:00,0.28952,0.29521,0.28158,0.28649,104801285.8
1757822400,2025-09-14T04:00:00+00:00,0.28652,0.29265,0.28372,0.29187,51884160.5
1757836800,2025-09-14T08:00:00+00:00,0.29191,0.29345,0.28501,0.28567,50943367.699999996
1757851200,2025-09-14T12:00:00+00:00,0.28567,0.2873,0.27278,0.2738,170944535.1
1757865600,2025-09-14T16:00:00+00:00,0.27382,0.28347,0.27283,0.27807,91588337.1
1757880000,2025-09-14T20:00:00+00:00,0.27802,0.28298,0.27716,0.27805,45726748.6
1757894400,2025-09-15T00:00:00+00:00,0.27804,0.28156,0.27426,0.28024,77162084.9
1757908800,2025-09-15T04:00:00+00:00,0.28022,0.28214,0.26728,0.26839,81793097.3
1757923200,2025-09-15T08:00:00+00:00,0.26838,0.26839,0.25877,0.2654,152633675.9
1757937600,2025-09-15T12:00:00+00:00,0.26537,0.26564,0.2611,0.26426,94807781.5
1757952000,2025-09-15T16:00:00+00:00,0.26424,0.26696,0.26224,0.26413,90761282.7
1757966400,2025-09-15T20:00:00+00:00,0.26411,0.26945,0.26343,0.26836,61529601.099999994
1757980800,2025-09-16T00:00:00+00:00,0.2684,0.27018,0.26572,0.26726,56082468.10000001
1757995200,2025-09-16T04:00:00+00:00,0.26728,0.26969,0.26224,0.26772,93657843.8
1758009600,2025-09-16T08:00:00+00:00,0.26771,0.26968,0.26349,0.26464,45894821.9
1758024000,2025-09-16T12:00:00+00:00,0.26466,0.26715,0.2568,0.26634,112025254.80000001
1758038400,2025-09-16T16:00:00+00:00,0.26634,0.26997,0.26455,0.26848,97703775.9
1758052800,2025-09-16T20:00:00+00:00,0.26851,0.27214,0.26744,0.27001,46510566.8
1758067200,2025-09-17T00:00:00+00:00,0.27006,0.27144,0.26621,0.26678,54049005.0
1758081600,2025-09-17T04:00:00+00:00,0.2668,0.2702,0.26385,0.26856,51967722.3
1758096000,2025-09-17T08:00:00+00:00,0.26862,0.26882,0.26448,0.26547,27419097.000000004
1758110400,2025-09-17T12:00:00+00:00,0.26554,0.26803,0.26237,0.26551,31972521.499999996
1758124800,2025-09-17T16:00:00+00:00,0.26548,0.27459,0.26079,0.27283,169452890.6
1758139200,2025-09-17T20:00:00+00:00,0.27283,0.28405,0.26702,0.2826,126101187.80000001
1758153600,2025-09-18T00:00:00+00:00,0.2827,0.28595,0.27845,0.28315,106355157.89999999
1758168000,2025-09-18T04:00:00+00:00,0.28316,0.28357,0.2764,0.27993,51530700.0
1758182400,2025-09-18T08:00:00+00:00,0.27995,0.28217,0.27831,0.27967,37353381.2
1758196800,2025-09-18T12:00:00+00:00,0.27966,0.28788,0.27871,0.28678,83032361.3
1758211200,2025-09-18T16:00:00+00:00,0.28676,0.28899,0.28088,0.28202,71259081.4
1758225600,2025-09-18T20:00:00+00:00,0.28204,0.28272,0.27564,0.27868,59482385.400000006
1758240000,2025-09-19T00:00:00+00:00,0.27865,0.28502,0.2765,0.277,68120072.60000001
1758254400,2025-09-19T04:00:00+00:00,0.277,0.27744,0.27328,0.27529,40080470.2
1758268800,2025-09-19T08:00:00+00:00,0.27523,0.27694,0.27,0.27132,35104009.6
1758283200,2025-09-19T12:00:00+00:00,0.2713,0.27276,0.26424,0.26676,77770122.1
1758297600,2025-09-19T16:00:00+00:00,0.26673,0.2685,0.26323,0.26492,47504112.099999994
1758312000,2025-09-19T20:00:00+00:00,0.2649,0.26754,0.26335,0.26542,22528242.3
1758326400,2025-09-20T00:00:00+00:00,0.26541,0.26753,0.26315,0.26515,25894608.1
1758340800,2025-09-20T04:00:00+00:00,0.26515,0.26709,0.26435,0.26674,17600131.400000002
1758355200,2025-09-20T08:00:00+00:00,0.26667,0.26672,0.26343,0.26531,12445781.9
1758369600,2025-09-20T12:00:00+00:00,0.26523,0.26959,0.26431,0.26896,25553675.5
1758384000,2025-09-20T16:00:00+00:00,0.26895,0.26931,0.2656,0.26633,24478188.8
1758398400,2025-09-20T20:00:00+00:00,0.26632,0.26907,0.26612,0.26777,16683701.3
1758412800,2025-09-21T00:00:00+00:00,0.26776,0.26979,0.26701,0.26972,20098172.400000002
1758427200,2025-09-21T04:00:00+00:00,0.26971,0.2698,0.26786,0.2684,10930846.8
1758441600,2025-09-21T08:00:00+00:00,0.26834,0.26859,0.26366,0.26581,14676460.2
1758456000,2025-09-21T12:00:00+00:00,0.26582,0.26811,0.26555,0.26573,12128889.100000001
1758470400,2025-09-21T16:00:00+00:00,0.26574,0.26618,0.26083,0.26365,44084612.99999999
1758484800,2025-09-21T20:00:00+00:00,0.2636,0.26388,0.26037,0.26089,22477213.5
1758499200,2025-09-22T00:00:00+00:00,0.2608,0.26241,0.2454,0.24894,171026718.8
1758513600,2025-09-22T04:00:00+00:00,0.24886,0.24991,0.23,0.23785,150441999.4
1758528000,2025-09-22T08:00:00+00:00,0.23782,0.24091,0.23654,0.23938,61731038.199999996
1758542400,2025-09-22T12:00:00+00:00,0.2394,0.24342,0.23849,0.23974,83605506.1
1758556800,2025-09-22T16:00:00+00:00,0.23976,0.24171,0.2357,0.23639,65372286.9
1758571200,2025-09-22T20:00:00+00:00,0.23637,0.24184,0.2361,0.24144,81125069.4
1758585600,2025-09-23T00:00:00+00:00,0.24142,0.24318,0.23417,0.24054,57846758.5
1758600000,2025-09-23T04:00:00+00:00,0.24056,0.24369,0.23837,0.24168,47537941.0
1758614400,2025-09-23T08:00:00+00:00,0.24169,0.24312,0.23936,0.24103,25659032.3
1758628800,2025-09-23T12:00:00+00:00,0.24102,0.24219,0.23815,0.24085,36089028.2
1758643200,2025-09-23T16:00:00+00:00,0.24082,0.24402,0.23674,0.23802,59828983.599999994
1758657600,2025-09-23T20:00:00+00:00,0.23801,0.24152,0.23646,0.23714,30744681.1
1758672000,2025-09-24T00:00:00+00:00,0.2371,0.24062,0.2337,0.2346,48691388.0
1758686400,2025-09-24T04:00:00+00:00,0.23459,0.23981,0.23114,0.23958,53077545.5
1758700800,2025-09-24T08:00:00+00:00,0.2396,0.24374,0.23902,0.24316,34642194.5
1758715200,2025-09-24T12:00:00+00:00,0.24314,0.25076,0.24252,0.24568,80963021.6
1758729600,2025-09-24T16:00:00+00:00,0.24564,0.24654,0.24205,0.24358,44502652.0
1758744000,2025-09-24T20:00:00+00:00,0.24363,0.24406,0.24045,0.2412,40522554.2
1758758400,2025-09-25T00:00:00+00:00,0.24119,0.24206,0.23382,0.23618,102044694.4
1758772800,2025-09-25T04:00:00+00:00,0.23617,0.23663,0.23189,0.23337,59407318.9
1758787200,2025-09-25T08:00:00+00:00,0.23331,0.23487,0.23033,0.23133,61568983.599999994
1758801600,2025-09-25T12:00:00+00:00,0.2313,0.23487,0.2253,0.23121,126930924.0
1758816000,2025-09-25T16:00:00+00:00,0.23117,0.23189,0.22066,0.2265,156434797.6
1758830400,2025-09-25T20:00:00+00:00,0.22654,0.22688,0.22095,0.22298,64005048.10000001
1758844800,2025-09-26T00:00:00+00:00,0.22302,0.22786,0.22276,0.22731,60513163.599999994
1758859200,2025-09-26T04:00:00+00:00,0.2273,0.22815,0.22485,0.22719,34691185.0
1758873600,2025-09-26T08:00:00+00:00,0.22716,0.22812,0.22154,0.22465,51630363.1
1758888000,2025-09-26T12:00:00+00:00,0.22464,0.22868,0.22185,0.22737,100566645.60000001
1758902400,2025-09-26T16:00:00+00:00,0.22735,0.23351,0.22723,0.23104,101980001.0
1758916800,2025-09-26T20:00:00+00:00,0.23107,0.23278,0.23,0.23257,29074694.200000003
1758931200,2025-09-27T00:00:00+00:00,0.23257,0.23443,0.23134,0.23373,27782630.0
1758945600,2025-09-27T04:00:00+00:00,0.23372,0.23407,0.23068,0.23113,18995080.799999997
1758960000,2025-09-27T08:00:00+00:00,0.23115,0.23117,0.22861,0.23014,20185242.599999998
1758974400,2025-09-27T12:00:00+00:00,0.23015,0.231,0.22804,0.23032,22501941.699999996
1758988800,2025-09-27T16:00:00+00:00,0.23034,0.23065,0.22782,0.22985,26054572.6
1759003200,2025-09-27T20:00:00+00:00,0.22985,0.23264,0.22945,0.23085,13765085.9
1759017600,2025-09-28T00:00:00+00:00,0.23086,0.23111,0.22719,0.22863,49749881.099999994
1759032000,2025-09-28T04:00:00+00:00,0.22863,0.22943,0.22732,0.22929,13945354.5
1759046400,2025-09-28T08:00:00+00:00,0.22928,0.22934,0.22571,0.22651,19878964.7
1759060800,2025-09-28T12:00:00+00:00,0.22649,0.22998,0.22508,0.22991,28406691.2
1759075200,2025-09-28T16:00:00+00:00,0.22993,0.23208,0.22941,0.23194,22278873.2
1759089600,2025-09-28T20:00:00+00:00,0.23195,0.23775,0.23169,0.2374,43804560.6
1759104000,2025-09-29T00:00:00+00:00,0.23743,0.23752,0.234,0.23591,33854117.0
1759118400,2025-09-29T04:00:00+00:00,0.23589,0.23598,0.231,0.2326,15330254.700000001
1759132800,2025-09-29T08:00:00+00:00,0.23261,0.23379,0.22924,0.231,18609370.200000003
1759147200,2025-09-29T12:00:00+00:00,0.23102,0.23785,0.22873,0.23387,79825910.2
1759161600,2025-09-29T16:00:00+00:00,0.23388,0.23522,0.23077,0.23479,38649284.2
1759176000,2025-09-29T20:00:00+00:00,0.23481,0.23907,0.23468,0.2349,36306740.0
1759190400,2025-09-30T00:00:00+00:00,0.2349,0.23609,0.232,0.23278,36705867.900000006
1759204800,2025-09-30T04:00:00+00:00,0.23278,0.23428,0.23135,0.2321,27712968.2
1759219200,2025-09-30T08:00:00+00:00,0.23208,0.23252,0.22882,0.2304,23530421.200000003
1759233600,2025-09-30T12:00:00+00:00,0.2304,0.23133,0.22639,0.22805,46498057.8
1759248000,2025-09-30T16:00:00+00:00,0.22804,0.23292,0.22741,0.23265,32253380.6
1759262400,2025-09-30T20:00:00+00:00,0.23269,0.23411,0.23093,0.23291,25698133.0
1759276800,2025-10-01T00:00:00+00:00,0.23292,0.23432,0.23071,0.23073,19485803.2
1759291200,2025-10-01T04:00:00+00:00,0.23072,0.23413,0.23038,0.23347,11178022.0
1759305600,2025-10-01T08:00:00+00:00,0.23346,0.24488,0.23336,0.24293,68010299.9
1759320000,2025-10-01T12:00:00+00:00,0.24296,0.24641,0.24207,0.2455,48415585.400000006
1759334400,2025-10-01T16:00:00+00:00,0.24549,0.24753,0.24335,0.2468,48165231.1
1759348800,2025-10-01T20:00:00+00:00,0.24681,0.2493,0.24495,0.2492,33068791.4
1759363200,2025-10-02T00:00:00+00:00,0.24923,0.25591,0.24672,0.254,102168159.4
1759377600,2025-10-02T04:00:00+00:00,0.25398,0.25815,0.25242,0.25601,61080257.0
1759392000,2025-10-02T08:00:00+00:00,0.25605,0.2598,0.25558,0.25605,36983238.900000006
1759406400,2025-10-02T12:00:00+00:00,0.25621,0.25736,0.24977,0.2551,88797433.8
1759420800,2025-10-02T16:00:00+00:00,0.25509,0.26095,0.25436,0.25933,65677103.3
1759435200,2025-10-02T20:00:00+00:00,0.25929,0.26423,0.25854,0.2622,53939611.6
1759449600,2025-10-03T00:00:00+00:00,0.26219,0.26246,0.25682,0.25942,45601311.6
1759464000,2025-10-03T04:00:00+00:00,0.25946,0.26168,0.25435,0.25555,37061967.4
1759478400,2025-10-03T08:00:00+00:00,0.25554,0.25753,0.25376,0.25592,19327200.5
1759492800,2025-10-03T12:00:00+00:00,0.25592,0.2613,0.25291,0.2609,56282075.2
1759507200,2025-10-03T16:00:00+00:00,0.2609,0.26549,0.25523,0.25948,119140943.0
1759521600,2025-10-03T20:00:00+00:00,0.25948,0.26072,0.25808,0.25832,30613585.7
1759536000,2025-10-04T00:00:00+00:00,0.25837,0.25995,0.2518,0.25334,49332313.3
1759550400,2025-10-04T04:00:00+00:00,0.25337,0.25589,0.2525,0.25415,24343765.400000002
1759564800,2025-10-04T08:00:00+00:00,0.25417,0.25444,0.24868,0.24967,30137995.3
1759579200,2025-10-04T12:00:00+00:00,0.24964,0.25287,0.24743,0.24786,40704313.0
1759593600,2025-10-04T16:00:00+00:00,0.24787,0.24972,0.24686,0.24958,17420248.5
1759608000,2025-10-04T20:00:00+00:00,0.24959,0.25135,0.24935,0.25096,12511048.9
1759622400,2025-10-05T00:00:00+00:00,0.25098,0.25975,0.2497,0.25842,65435879.7
1759636800,2025-10-05T04:00:00+00:00,0.2584,0.26425,0.25705,0.26405,69646539.3
1759651200,2025-10-05T08:00:00+00:00,0.2641,0.2655,0.2575,0.25879,78505262.5
1759665600,2025-10-05T12:00:00+00:00,0.25876,0.25876,0.25455,0.25638,32525370.400000002
1759680000,2025-10-05T16:00:00+00:00,0.25639,0.25778,0.25077,0.2515,44353243.4
1759694400,2025-10-05T20:00:00+00:00,0.25147,0.25392,0.2508,0.25286,27642031.299999997
1759708800,2025-10-06T00:00:00+00:00,0.25289,0.25546,0.25068,0.25399,36707628.3
1759723200,2025-10-06T04:00:00+00:00,0.25399,0.25847,0.25225,0.25517,28265440.000000004
1759737600,2025-10-06T08:00:00+00:00,0.25518,0.262,0.25518,0.26,32848490.2
1759752000,2025-10-06T12:00:00+00:00,0.26003,0.26846,0.25931,0.26697,128897438.30000001
1759766400,2025-10-06T16:00:00+00:00,0.26696,0.27055,0.26341,0.26859,83843440.1
1759780800,2025-10-06T20:00:00+00:00,0.26859,0.26985,0.26566,0.26613,41287417.2
1759795200,2025-10-07T00:00:00+00:00,0.26613,0.26827,0.26427,0.26671,38027863.5
1759809600,2025-10-07T04:00:00+00:00,0.26667,0.26841,0.25958,0.2604,51264382.6
1759824000,2025-10-07T08:00:00+00:00,0.2604,0.26241,0.25765,0.26189,30563703.299999997
1759838400,2025-10-07T12:00:00+00:00,0.26188,0.26566,0.2504,0.25165,117140102.4
1759852800,2025-10-07T16:00:00+00:00,0.2516,0.25407,0.2482,0.24942,82778305.10000001
1759867200,2025-10-07T20:00:00+00:00,0.2494,0.25231,0.2463,0.24695,47887234.3
1759881600,2025-10-08T00:00:00+00:00,0.24697,0.25075,0.24396,0.24486,54608301.199999996
1759896000,2025-10-08T04:00:00+00:00,0.24483,0.24716,0.24303,0.24679,40190350.4
1759910400,2025-10-08T08:00:00+00:00,0.24681,0.25077,0.24664,0.24939,37193183.7
1759924800,2025-10-08T12:00:00+00:00,0.24938,0.25681,0.24898,0.2533,69754425.3
1759939200,2025-10-08T16:00:00+00:00,0.25332,0.26118,0.25271,0.25935,77033100.0
1759953600,2025-10-08T20:00:00+00:00,0.25936,0.25997,0.25494,0.2557,26162343.2
1759968000,2025-10-09T00:00:00+00:00,0.25571,0.25597,0.24667,0.24918,51196526.2
1759982400,2025-10-09T04:00:00+00:00,0.24917,0.25102,0.24657,0.24738,22091928.3
1759996800,2025-10-09T08:00:00+00:00,0.24739,0.24823,0.2431,0.24767,44592474.5
1760011200,2025-10-09T12:00:00+00:00,0.24766,0.2508,0.2424,0.24487,78301979.8
1760025600,2025-10-09T16:00:00+00:00,0.24488,0.24737,0.24118,0.24665,50025718.400000006
1760040000,2025-10-09T20:00:00+00:00,0.2467,0.25054,0.24603,0.24864,31910371.2
1760054400,2025-10-10T00:00:00+00:00,0.24864,0.25351,0.24738,0.25136,53016468.9
1760068800,2025-10-10T04:00:00+00:00,0.25136,0.253,0.24693,0.24736,31910999.699999996
1760083200,2025-10-10T08:00:00+00:00,0.24736,0.25126,0.2467,0.25081,27971117.799999997
1760097600,2025-10-10T12:00:00+00:00,0.25082,0.25412,0.23605,0.2379,134052408.0
1760112000,2025-10-10T16:00:00+00:00,0.2379,0.23981,0.23015,0.23192,99959103.69999999
1760126400,2025-10-10T20:00:00+00:00,0.23192,0.23466,0.15,0.19667,494871723.8
1760140800,2025-10-11T00:00:00+00:00,0.19666,0.20075,0.18663,0.1937,158049010.89999998
1760155200,2025-10-11T04:00:00+00:00,0.19362,0.19755,0.19025,0.19144,95890589.9
1760169600,2025-10-11T08:00:00+00:00,0.19146,0.19794,0.19067,0.19414,52807222.4
1760184000,2025-10-11T12:00:00+00:00,0.19408,0.19467,0.18603,0.19226,76718169.69999999
1760198400,2025-10-11T16:00:00+00:00,0.19225,0.19439,0.18312,0.18467,82408697.4
1760212800,2025-10-11T20:00:00+00:00,0.1846,0.18642,0.17834,0.18549,87126216.3
1760227200,2025-10-12T00:00:00+00:00,0.1855,0.1869,0.1809,0.1854,68588863.7
1760241600,2025-10-12T04:00:00+00:00,0.18539,0.19135,0.18498,0.18998,48939446.9
1760256000,2025-10-12T08:00:00+00:00,0.19001,0.19095,0.18707,0.18882,30116158.3
1760270400,2025-10-12T12:00:00+00:00,0.18879,0.20697,0.18631,0.20528,127514895.8
1760284800,2025-10-12T16:00:00+00:00,0.20525,0.21071,0.20421,0.21034,140964377.9
1760299200,2025-10-12T20:00:00+00:00,0.21038,0.21438,0.20477,0.20735,116019100.89999999
1760313600,2025-10-13T00:00:00+00:00,0.20737,0.2102,0.20509,0.20744,47557578.7
1760328000,2025-10-13T04:00:00+00:00,0.2075,0.21299,0.20648,0.21007,56557450.7
1760342400,2025-10-13T08:00:00+00:00,0.21006,0.2129,0.20218,0.20592,66461523.599999994
1760356800,2025-10-13T12:00:00+00:00,0.20591,0.21329,0.2044,0.21032,113807693.0
1760371200,2025-10-13T16:00:00+00:00,0.21032,0.21731,0.20854,0.21617,101340720.60000001
1760385600,2025-10-13T20:00:00+00:00,0.21622,0.21852,0.21366,0.21401,55415068.9
1760400000,2025-10-14T00:00:00+00:00,0.21399,0.2158,0.20661,0.20796,68577523.80000001
1760414400,2025-10-14T04:00:00+00:00,0.20797,0.20853,0.19501,0.19802,95397199.0
1760428800,2025-10-14T08:00:00+00:00,0.19797,0.20168,0.19451,0.19924,64932825.2
1760443200,2025-10-14T12:00:00+00:00,0.19922,0.20405,0.1935,0.20361,91899586.6
1760457600,2025-10-14T16:00:00+00:00,0.20365,0.20725,0.20008,0.20316,93573436.7
1760472000,2025-10-14T20:00:00+00:00,0.20321,0.20529,0.20205,0.20445,34657677.1
1760486400,2025-10-15T00:00:00+00:00,0.20442,0.2069,0.20159,0.20262,33652860.7
1760500800,2025-10-15T04:00:00+00:00,0.20268,0.20521,0.20177,0.20481,24044492.1
1760515200,2025-10-15T08:00:00+00:00,0.2048,0.2086,0.20085,0.20237,33251138.499999996
1760529600,2025-10-15T12:00:00+00:00,0.20234,0.2034,0.19718,0.19882,80751000.4
1760544000,2025-10-15T16:00:00+00:00,0.19883,0.20031,0.19631,0.19727,68578593.4
1760558400,2025-10-15T20:00:00+00:00,0.19727,0.19893,0.19442,0.19629,67648162.2
1760572800,2025-10-16T00:00:00+00:00,0.19632,0.19916,0.19548,0.19652,35555995.2
1760587200,2025-10-16T04:00:00+00:00,0.19647,0.19979,0.19516,0.19742,36772729.6
1760601600,2025-10-16T08:00:00+00:00,0.19743,0.20076,0.1904,0.2004,63759647.2
1760616000,2025-10-16T12:00:00+00:00,0.20044,0.20152,0.18786,0.18952,99545326.30000001
1760630400,2025-10-16T16:00:00+00:00,0.18943,0.19496,0.1858,0.18788,113050981.0
1760644800,2025-10-16T20:00:00+00:00,0.18788,0.18894,0.1848,0.18851,52034837.0
1760659200,2025-10-17T00:00:00+00:00,0.18851,0.19117,0.18795,0.19046,32319079.0
1760673600,2025-10-17T04:00:00+00:00,0.19043,0.19055,0.17836,0.17861,80398267.6
1760688000,2025-10-17T08:00:00+00:00,0.17863,0.18403,0.17549,0.18272,123268124.30000001
1760702400,2025-10-17T12:00:00+00:00,0.18272,0.18497,0.17971,0.18487,95456250.69999999
1760716800,2025-10-17T16:00:00+00:00,0.1849,0.18726,0.18336,0.18446,62293609.4
1760731200,2025-10-17T20:00:00+00:00,0.18447,0.18781,0.18402,0.18476,29831504.300000004
1760745600,2025-10-18T00:00:00+00:00,0.18478,0.18859,0.18433,0.18702,25849453.500000004
1760760000,2025-10-18T04:00:00+00:00,0.18699,0.18992,0.18507,0.18792,28521099.3
1760774400,2025-10-18T08:00:00+00:00,0.18793,0.18851,0.18667,0.18807,24523530.700000003
1760788800,2025-10-18T12:00:00+00:00,0.18807,0.18886,0.18593,0.18772,19050399.3
1760803200,2025-10-18T16:00:00+00:00,0.18771,0.19086,0.18603,0.18943,24454895.500000004
1760817600,2025-10-18T20:00:00+00:00,0.18947,0.19032,0.18831,0.18967,20262510.3
1760832000,2025-10-19T00:00:00+00:00,0.18966,0.19079,0.18784,0.19064,23464583.400000002
1760846400,2025-10-19T04:00:00+00:00,0.19066,0.19122,0.18821,0.18886,19215463.7
1760860800,2025-10-19T08:00:00+00:00,0.18884,0.1968,0.18608,0.19336,99258334.5
1760875200,2025-10-19T12:00:00+00:00,0.19338,0.19828,0.19266,0.19657,58192662.5
1760889600,2025-10-19T16:00:00+00:00,0.19658,0.19869,0.19555,0.19686,46864591.5
1760904000,2025-10-19T20:00:00+00:00,0.19687,0.19765,0.19484,0.19542,27204442.7
1760918400,2025-10-20T00:00:00+00:00,0.19541,0.2,0.19175,0.1992,40216592.6
1760932800,2025-10-20T04:00:00+00:00,0.19932,0.20256,0.19932,0.2013,29221307.299999997
1760947200,2025-10-20T08:00:00+00:00,0.20133,0.20251,0.1996,0.20034,20336082.299999997
1760961600,2025-10-20T12:00:00+00:00,0.20037,0.20199,0.19928,0.19935,25399481.9
1760976000,2025-10-20T16:00:00+00:00,0.19935,0.20039,0.19594,0.19967,30001956.6
1760990400,2025-10-20T20:00:00+00:00,0.19968,0.20078,0.19842,0.20008,11900820.8
1761004800,2025-10-21T00:00:00+00:00,0.20007,0.2008,0.19592,0.19666,24732376.2
1761019200,2025-10-21T04:00:00+00:00,0.19661,0.19665,0.19287,0.19432,30617442.0
1761033600,2025-10-21T08:00:00+00:00,0.19433,0.19542,0.19214,0.19461,17060025.3
1761048000,2025-10-21T12:00:00+00:00,0.1945,0.20567,0.19378,0.20448,73178552.3
1761062400,2025-10-21T16:00:00+00:00,0.20446,0.20507,0.19918,0.20162,60302797.70000001
1761076800,2025-10-21T20:00:00+00:00,0.20159,0.20187,0.19372,0.19432,50309224.400000006
1761091200,2025-10-22T00:00:00+00:00,0.19433,0.19552,0.19222,0.19386,34945903.5
1761105600,2025-10-22T04:00:00+00:00,0.19384,0.19534,0.18983,0.19178,46298340.400000006
1761120000,2025-10-22T08:00:00+00:00,0.19176,0.19207,0.18695,0.19112,69105835.5
1761134400,2025-10-22T12:00:00+00:00,0.19111,0.1934,0.18822,0.19208,77076241.4
1761148800,2025-10-22T16:00:00+00:00,0.1921,0.19315,0.18864,0.19051,52266190.800000004
1761163200,2025-10-22T20:00:00+00:00,0.19049,0.19101,0.1848,0.18992,59999250.6
1761177600,2025-10-23T00:00:00+00:00,0.18993,0.19182,0.18962,0.19108,21085139.700000003
1761192000,2025-10-23T04:00:00+00:00,0.19109,0.19501,0.19083,0.19405,20828125.6
1761206400,2025-10-23T08:00:00+00:00,0.19406,0.19602,0.1932,0.19337,24763632.000000004
1761220800,2025-10-23T12:00:00+00:00,0.19335,0.1962,0.19156,0.19559,44666074.9
1761235200,2025-10-23T16:00:00+00:00,0.19559,0.19759,0.1949,0.19594,41627264.7
1761249600,2025-10-23T20:00:00+00:00,0.19594,0.19596,0.19251,0.19498,27529202.4
1761264000,2025-10-24T00:00:00+00:00,0.19498,0.19598,0.19439,0.19538,21371095.7
1761278400,2025-10-24T04:00:00+00:00,0.19536,0.19856,0.19508,0.19678,26799858.900000002
1761292800,2025-10-24T08:00:00+00:00,0.19679,0.19795,0.19517,0.19749,15075887.399999999
1761307200,2025-10-24T12:00:00+00:00,0.1975,0.20109,0.19404,0.19498,53161616.2
1761321600,2025-10-24T16:00:00+00:00,0.19498,0.19707,0.194,0.19673,30538782.6
1761336000,2025-10-24T20:00:00+00:00,0.19676,0.19853,0.19666,0.19779,16245327.7
1761350400,2025-10-25T00:00:00+00:00,0.19778,0.19986,0.19742,0.19786,16839714.299999997
1761364800,2025-10-25T04:00:00+00:00,0.19786,0.19943,0.1977,0.19799,14064341.3
1761379200,2025-10-25T08:00:00+00:00,0.19799,0.19888,0.19683,0.19754,8466257.5
1761393600,2025-10-25T12:00:00+00:00,0.19754,0.1985,0.19635,0.19643,9132072.8
1761422400,2025-10-25T20:00:00+00:00,0.19693,0.19751,0.19621,0.19654,7080495.699999999
1761436800,2025-10-26T00:00:00+00:00,0.19653,0.19709,0.19467,0.19503,11541021.1
1761451200,2025-10-26T04:00:00+00:00,0.19501,0.19671,0.19493,0.19671,10114335.2
1761465600,2025-10-26T08:00:00+00:00,0.19671,0.20245,0.19645,0.20184,28140179.2
1761480000,2025-10-26T12:00:00+00:00,0.20182,0.20387,0.20148,0.20299,38056940.6
1761494400,2025-10-26T16:00:00+00:00,0.20305,0.20317,0.20159,0.20184,22588206.599999998
1761508800,2025-10-26T20:00:00+00:00,0.20184,0.20736,0.20035,0.20581,52067158.599999994
1761523200,2025-10-27T00:00:00+00:00,0.20577,0.20957,0.20527,0.20689,45737267.9
1761537600,2025-10-27T04:00:00+00:00,0.20687,0.20891,0.20519,0.2063,25912250.6
1761552000,2025-10-27T08:00:00+00:00,0.2063,0.20649,0.20156,0.20332,31568341.900000002
1761566400,2025-10-27T12:00:00+00:00,0.20328,0.20376,0.20065,0.20298,26205874.0
1761580800,2025-10-27T16:00:00+00:00,0.20299,0.2057,0.20293,0.20314,39286300.5
1761595200,2025-10-27T20:00:00+00:00,0.20312,0.20313,0.199,0.20037,37577998.0
1761609600,2025-10-28T00:00:00+00:00,0.20037,0.20159,0.19822,0.19972,25721301.300000004
1761624000,2025-10-28T04:00:00+00:00,0.19972,0.20202,0.19818,0.20033,13245190.299999999
1761638400,2025-10-28T08:00:00+00:00,0.20034,0.20118,0.19951,0.19974,8763448.7
1761652800,2025-10-28T12:00:00+00:00,0.19976,0.20309,0.19616,0.19973,59483538.800000004
1761667200,2025-10-28T16:00:00+00:00,0.19973,0.20252,0.19618,0.19679,26623805.3
1761681600,2025-10-28T20:00:00+00:00,0.19679,0.19685,0.19037,0.19367,97577994.8
1761696000,2025-10-29T00:00:00+00:00,0.19366,0.19477,0.19265,0.193,13450687.0
1761710400,2025-10-29T04:00:00+00:00,0.19299,0.19483,0.19295,0.19442,11830153.1
1761724800,2025-10-29T08:00:00+00:00,0.19442,0.1957,0.19265,0.19546,12591062.0
1761739200,2025-10-29T12:00:00+00:00,0.19545,0.19734,0.19034,0.19111,44828260.8
1761753600,2025-10-29T16:00:00+00:00,0.19113,0.19702,0.18713,0.19407,86799801.9
1761768000,2025-10-29T20:00:00+00:00,0.19408,0.19673,0.19149,0.19241,41393383.2
1761782400,2025-10-30T00:00:00+00:00,0.19242,0.19467,0.19123,0.19374,19308846.1
1761796800,2025-10-30T04:00:00+00:00,0.1937,0.19373,0.18579,0.19269,40330036.0
1761811200,2025-10-30T08:00:00+00:00,0.19264,0.19267,0.18787,0.18796,17710312.3
1761825600,2025-10-30T12:00:00+00:00,0.18796,0.18832,0.1799,0.18068,84604210.70000002
1761840000,2025-10-30T16:00:00+00:00,0.18068,0.1821,0.17642,0.17691,63293665.099999994
1761854400,2025-10-30T20:00:00+00:00,0.17686,0.18287,0.17635,0.18267,56200445.2
1761868800,2025-10-31T00:00:00+00:00,0.18269,0.18581,0.18226,0.18447,57507436.800000004
1761883200,2025-10-31T04:00:00+00:00,0.18448,0.18602,0.18395,0.18447,20529705.8
1761897600,2025-10-31T08:00:00+00:00,0.18447,0.18727,0.18367,0.18668,13104782.1
1761912000,2025-10-31T12:00:00+00:00,0.18667,0.18721,0.18453,0.1859,29360558.000000004
1761926400,2025-10-31T16:00:00+00:00,0.18589,0.18812,0.18266,0.18734,36814023.9
1761940800,2025-10-31T20:00:00+00:00,0.18732,0.18748,0.18528,0.18639,10402668.5
1761955200,2025-11-01T00:00:00+00:00,0.18637,0.18709,0.18502,0.18687,12658774.2
1761969600,2025-11-01T04:00:00+00:00,0.18689,0.18712,0.18548,0.18696,12021731.899999999
1761984000,2025-11-01T08:00:00+00:00,0.18696,0.18788,0.1866,0.18702,9058043.0
1761998400,2025-11-01T12:00:00+00:00,0.18703,0.18762,0.18537,0.18728,18645922.7
1762012800,2025-11-01T16:00:00+00:00,0.18729,0.1878,0.18656,0.18729,10164539.4
1762027200,2025-11-01T20:00:00+00:00,0.18729,0.18832,0.18609,0.18729,19881479.7
1762041600,2025-11-02T00:00:00+00:00,0.18729,0.18731,0.18582,0.18614,9727944.9
1762056000,2025-11-02T04:00:00+00:00,0.18615,0.18877,0.18596,0.18816,23332750.799999997
1762070400,2025-11-02T08:00:00+00:00,0.18818,0.18835,0.1848,0.18694,14028729.5
1762084800,2025-11-02T12:00:00+00:00,0.18693,0.18697,0.1828,0.18341,22685233.2
1762099200,2025-11-02T16:00:00+00:00,0.18341,0.18427,0.18177,0.18322,17419911.3
1762113600,2025-11-02T20:00:00+00:00,0.18323,0.18674,0.1828,0.18635,19915576.700000003
1762128000,2025-11-03T00:00:00+00:00,0.18635,0.18662,0.17459,0.17512,60761305.5
1762142400,2025-11-03T04:00:00+00:00,0.17512,0.17685,0.1711,0.17352,73207174.30000001
1762156800,2025-11-03T08:00:00+00:00,0.17351,0.17531,0.17144,0.1742,40566461.0
1762171200,2025-11-03T12:00:00+00:00,0.17423,0.17575,0.16,0.16702,96145714.9
1762185600,2025-11-03T16:00:00+00:00,0.16706,0.17169,0.16558,0.16803,80130393.8
1762200000,2025-11-03T20:00:00+00:00,0.16803,0.16839,0.16426,0.16733,52694038.3
1762214400,2025-11-04T00:00:00+00:00,0.16733,0.1709,0.16557,0.17036,53934396.4
1762228800,2025-11-04T04:00:00+00:00,0.17037,0.17103,0.16058,0.16195,97795389.9
1762243200,2025-11-04T08:00:00+00:00,0.16194,0.16694,0.16085,0.16603,53341066.900000006
1762257600,2025-11-04T12:00:00+00:00,0.16604,0.16845,0.16075,0.16386,66832928.3
1762272000,2025-11-04T16:00:00+00:00,0.16387,0.16508,0.15409,0.15785,125883739.39999999
1762286400,2025-11-04T20:00:00+00:00,0.15785,0.16428,0.15151,0.16221,139390526.4
1762300800,2025-11-05T00:00:00+00:00,0.16219,0.16496,0.15452,0.16445,86967885.60000001
1762315200,2025-11-05T04:00:00+00:00,0.16439,0.16614,0.16365,0.1649,31899527.5
1762329600,2025-11-05T08:00:00+00:00,0.1649,0.1649,0.1611,0.16387,36712444.4
1762344000,2025-11-05T12:00:00+00:00,0.16386,0.16733,0.163,0.1673,59756199.0
1762358400,2025-11-05T16:00:00+00:00,0.16731,0.16888,0.16568,0.16725,42599998.5
1762372800,2025-11-05T20:00:00+00:00,0.16729,0.16828,0.16604,0.16719,38048753.5
1762387200,2025-11-06T00:00:00+00:00,0.16717,0.1678,0.16432,0.16704,30439423.5
1762401600,2025-11-06T04:00:00+00:00,0.16705,0.16737,0.16274,0.16321,24820992.5
1762416000,2025-11-06T08:00:00+00:00,0.1632,0.16408,0.16211,0.16299,27011420.599999998
1762430400,2025-11-06T12:00:00+00:00,0.163,0.16373,0.15845,0.15909,76832390.9
1762444800,2025-11-06T16:00:00+00:00,0.15906,0.16203,0.15692,0.16087,81321559.3
1762459200,2025-11-06T20:00:00+00:00,0.16088,0.16283,0.15949,0.16158,32799287.0
1762473600,2025-11-07T00:00:00+00:00,0.16153,0.16499,0.16088,0.16444,37827161.5
1762488000,2025-11-07T04:00:00+00:00,0.16441,0.16713,0.16357,0.16693,22545937.7
1762502400,2025-11-07T08:00:00+00:00,0.16692,0.16723,0.16207,0.16365,29191385.1
1762516800,2025-11-07T12:00:00+00:00,0.16367,0.17013,0.15948,0.1689,111490629.1
1762531200,2025-11-07T16:00:00+00:00,0.16888,0.18157,0.16823,0.18053,118553387.10000001
1762545600,2025-11-07T20:00:00+00:00,0.18052,0.18152,0.1783,0.17866,41618166.0
1762560000,2025-11-08T00:00:00+00:00,0.17865,0.18326,0.17718,0.17968,71003105.9
1762574400,2025-11-08T04:00:00+00:00,0.17968,0.18218,0.17752,0.18011,55328789.1
1762588800,2025-11-08T08:00:00+00:00,0.18009,0.18207,0.17844,0.17903,20429778.5
1762603200,2025-11-08T12:00:00+00:00,0.17903,0.17952,0.17317,0.17395,45405658.1
1762617600,2025-11-08T16:00:00+00:00,0.17392,0.17608,0.17283,0.17499,33169838.4
1762632000,2025-11-08T20:00:00+00:00,0.175,0.17658,0.17451,0.17601,15338035.4
1762646400,2025-11-09T00:00:00+00:00,0.17602,0.17602,0.17118,0.17198,31216855.300000004
1762660800,2025-11-09T04:00:00+00:00,0.17196,0.17536,0.17185,0.17516,13270330.200000001
1762675200,2025-11-09T08:00:00+00:00,0.17515,0.17546,0.17239,0.17509,18870200.8
1762689600,2025-11-09T12:00:00+00:00,0.17509,0.17958,0.17476,0.17807,46074505.8
1762704000,2025-11-09T16:00:00+00:00,0.17807,0.18015,0.17644,0.18015,29809936.3
1762718400,2025-11-09T20:00:00+00:00,0.18011,0.18156,0.17847,0.17929,34407867.1
1762732800,2025-11-10T00:00:00+00:00,0.17925,0.18375,0.17793,0.1816,61037446.3
1762747200,2025-11-10T04:00:00+00:00,0.18163,0.18206,0.18008,0.18132,47539363.1
1762761600,2025-11-10T08:00:00+00:00,0.18133,0.18571,0.17953,0.18298,47905348.6
1762776000,2025-11-10T12:00:00+00:00,0.18297,0.18397,0.17773,0.1792,62266010.099999994
1762790400,2025-11-10T16:00:00+00:00,0.17916,0.18106,0.1772,0.17987,35019542.3
1762804800,2025-11-10T20:00:00+00:00,0.17986,0.18417,0.17816,0.18173,45582163.5
1762819200,2025-11-11T00:00:00+00:00,0.18173,0.18626,0.1793,0.18274,55176819.6
1762833600,2025-11-11T04:00:00+00:00,0.18272,0.18331,0.17622,0.17637,33382933.299999997
1762848000,2025-11-11T08:00:00+00:00,0.17632,0.17876,0.17613,0.17761,43725025.9
1762862400,2025-11-11T12:00:00+00:00,0.17761,0.17884,0.17527,0.17613,43620772.6
1762876800,2025-11-11T16:00:00+00:00,0.17613,0.1771,0.17333,0.17429,50213916.9
1762891200,2025-11-11T20:00:00+00:00,0.17429,0.17456,0.17141,0.17195,35359582.3
1762905600,2025-11-12T00:00:00+00:00,0.17199,0.17301,0.17088,0.17153,59428260.099999994
1762920000,2025-11-12T04:00:00+00:00,0.17154,0.1729,0.17093,0.17142,27580332.4
1762934400,2025-11-12T08:00:00+00:00,0.17145,0.17708,0.17143,0.1762,27751329.4
1762948800,2025-11-12T12:00:00+00:00,0.1762,0.1785,0.17076,0.17135,44895866.3
1762963200,2025-11-12T16:00:00+00:00,0.17135,0.17177,0.16717,0.169,59235285.30000001
1762977600,2025-11-12T20:00:00+00:00,0.16897,0.17134,0.16848,0.17015,16803360.7
1762992000,2025-11-13T00:00:00+00:00,0.17011,0.17554,0.16918,0.174,28052945.200000003
1763006400,2025-11-13T04:00:00+00:00,0.174,0.17701,0.17323,0.17571,29443743.500000004
1763020800,2025-11-13T08:00:00+00:00,0.17569,0.17683,0.1742,0.17582,13414349.7
1763035200,2025-11-13T12:00:00+00:00,0.1758,0.17761,0.17204,0.17268,35767234.4
1763049600,2025-11-13T16:00:00+00:00,0.17267,0.17316,0.16011,0.16118,85008253.8
1763064000,2025-11-13T20:00:00+00:00,0.16118,0.16526,0.15987,0.16373,52625758.099999994
1763078400,2025-11-14T00:00:00+00:00,0.16373,0.16562,0.16243,0.16403,45514953.60000001
1763092800,2025-11-14T04:00:00+00:00,0.16404,0.16617,0.15912,0.16502,61620049.0
1763107200,2025-11-14T08:00:00+00:00,0.16504,0.16516,0.16066,0.16201,30891351.4
1763121600,2025-11-14T12:00:00+00:00,0.16202,0.16454,0.15758,0.16271,111294062.7
1763136000,2025-11-14T16:00:00+00:00,0.16273,0.16466,0.16081,0.16319,46056911.9
1763150400,2025-11-14T20:00:00+00:00,0.16319,0.16325,0.15461,0.15753,43138872.5
1763164800,2025-11-15T00:00:00+00:00,0.15753,0.16298,0.15709,0.16286,29039489.1
1763179200,2025-11-15T04:00:00+00:00,0.16287,0.16409,0.16213,0.16293,13446585.600000001
1763193600,2025-11-15T08:00:00+00:00,0.16295,0.16299,0.16066,0.16172,11560280.7
1763208000,2025-11-15T12:00:00+00:00,0.1617,0.16399,0.16147,0.16302,19769542.9
1763222400,2025-11-15T16:00:00+00:00,0.16299,0.16467,0.16198,0.16361,16894614.2
1763236800,2025-11-15T20:00:00+00:00,0.16363,0.16386,0.16175,0.16306,16411962.2
1763251200,2025-11-16T00:00:00+00:00,0.16306,0.1643,0.15989,0.16376,25635262.3
1763265600,2025-11-16T04:00:00+00:00,0.16377,0.16417,0.16261,0.16398,10621652.099999998
1763280000,2025-11-16T08:00:00+00:00,0.164,0.1655,0.16091,0.16134,16221371.4
1763294400,2025-11-16T12:00:00+00:00,0.16135,0.16222,0.15822,0.15848,24574625.3
1763308800,2025-11-16T16:00:00+00:00,0.15849,0.15948,0.15354,0.15578,58733528.7
1763323200,2025-11-16T20:00:00+00:00,0.15577,0.1595,0.15489,0.15845,35907288.5
1763337600,2025-11-17T00:00:00+00:00,0.15842,0.16153,0.15689,0.16135,32778806.4
1763352000,2025-11-17T04:00:00+00:00,0.16136,0.16225,0.16057,0.16174,23411337.4
1763366400,2025-11-17T08:00:00+00:00,0.16173,0.1629,0.16102,0.16204,14324364.0
1763380800,2025-11-17T12:00:00+00:00,0.16206,0.16491,0.15743,0.15827,72120580.7
1763395200,2025-11-17T16:00:00+00:00,0.15828,0.16065,0.15158,0.1521,129834623.7
1763409600,2025-11-17T20:00:00+00:00,0.15211,0.15327,0.15046,0.15199,64849749.300000004
1763424000,2025-11-18T00:00:00+00:00,0.15197,0.15488,0.14928,0.15438,77345426.0
1763438400,2025-11-18T04:00:00+00:00,0.1544,0.15603,0.15201,0.15492,45411811.2
1763452800,2025-11-18T08:00:00+00:00,0.15493,0.15767,0.15488,0.15675,27789293.799999997
1763467200,2025-11-18T12:00:00+00:00,0.15676,0.16038,0.1557,0.15909,50449482.4
1763481600,2025-11-18T16:00:00+00:00,0.15911,0.16286,0.15856,0.16216,39760525.4
1763496000,2025-11-18T20:00:00+00:00,0.16214,0.16261,0.16043,0.16164,31640811.2
1763510400,2025-11-19T00:00:00+00:00,0.16163,0.16238,0.15911,0.15944,40080830.0
1763524800,2025-11-19T04:00:00+00:00,0.15943,0.16003,0.1553,0.15883,43294690.300000004
1763539200,2025-11-19T08:00:00+00:00,0.15883,0.15932,0.15715,0.15807,35907559.199999996
1763553600,2025-11-19T12:00:00+00:00,0.15807,0.15961,0.15402,0.15441,43321744.5
1763568000,2025-11-19T16:00:00+00:00,0.15437,0.15528,0.14701,0.14861,109760483.39999998
1763582400,2025-11-19T20:00:00+00:00,0.14862,0.15501,0.14787,0.15434,65366753.099999994
1763596800,2025-11-20T00:00:00+00:00,0.15432,0.15817,0.15358,0.15753,36485915.7
1763611200,2025-11-20T04:00:00+00:00,0.15753,0.15867,0.15623,0.15803,19726253.2
1763625600,2025-11-20T08:00:00+00:00,0.15804,0.15821,0.1563,0.15781,19668144.9
1763640000,2025-11-20T12:00:00+00:00,0.15782,0.1596,0.15609,0.15723,56354331.900000006
1763654400,2025-11-20T16:00:00+00:00,0.15721,0.15742,0.14606,0.14946,127825290.39999999
1763668800,2025-11-20T20:00:00+00:00,0.14945,0.15297,0.14801,0.14875,51275983.199999996
1763683200,2025-11-21T00:00:00+00:00,0.14873,0.15089,0.14489,0.14675,56819793.099999994
1763697600,2025-11-21T04:00:00+00:00,0.14674,0.14804,0.13444,0.14022,128563912.69999999
1763712000,2025-11-21T08:00:00+00:00,0.14018,0.14215,0.13619,0.13658,67995113.39999999
1763726400,2025-11-21T12:00:00+00:00,0.13659,0.14194,0.13304,0.13781,109541982.00000001
1763740800,2025-11-21T16:00:00+00:00,0.13783,0.14335,0.1356,0.13987,126478927.5
1763755200,2025-11-21T20:00:00+00:00,0.13984,0.1416,0.13563,0.14017,85967691.19999999
1763769600,2025-11-22T00:00:00+00:00,0.14018,0.14138,0.13841,0.1392,45283403.7
1763784000,2025-11-22T04:00:00+00:00,0.13919,0.14004,0.1355,0.13956,38743536.699999996
1763798400,2025-11-22T08:00:00+00:00,0.13956,0.13998,0.13541,0.1381,34917540.2
1763812800,2025-11-22T12:00:00+00:00,0.13808,0.13942,0.13554,0.13805,33651536.3
1763827200,2025-11-22T16:00:00+00:00,0.13807,0.14007,0.13802,0.13937,23058208.0
1763841600,2025-11-22T20:00:00+00:00,0.13938,0.14227,0.13865,0.14017,29252801.299999997
1763856000,2025-11-23T00:00:00+00:00,0.14017,0.14332,0.13956,0.14285,39447164.0
1763870400,2025-11-23T04:00:00+00:00,0.14286,0.14461,0.14191,0.14281,40305299.1
1763884800,2025-11-23T08:00:00+00:00,0.14282,0.14432,0.14276,0.14378,16191604.4
1763899200,2025-11-23T12:00:00+00:00,0.14378,0.14769,0.14364,0.14717,47787481.400000006
1763913600,2025-11-23T16:00:00+00:00,0.14717,0.14759,0.14457,0.14653,29407273.200000003
1763928000,2025-11-23T20:00:00+00:00,0.14653,0.14754,0.14446,0.14494,39074301.9
1763942400,2025-11-24T00:00:00+00:00,0.14493,0.14919,0.14351,0.14727,53188807.5
1763956800,2025-11-24T04:00:00+00:00,0.14726,0.14882,0.14446,0.14615,40381044.199999996
1763971200,2025-11-24T08:00:00+00:00,0.14615,0.14691,0.14391,0.14542,26474922.0
1763985600,2025-11-24T12:00:00+00:00,0.1454,0.14751,0.14262,0.14672,94407406.7
1764000000,2025-11-24T16:00:00+00:00,0.14673,0.15328,0.14661,0.15262,109386003.2
1764014400,2025-11-24T20:00:00+00:00,0.15261,0.15392,0.15166,0.15172,34092252.9
1764028800,2025-11-25T00:00:00+00:00,0.15173,0.15222,0.15014,0.15113,19349833.7
1764043200,2025-11-25T04:00:00+00:00,0.15112,0.15194,0.14914,0.14921,14750715.2
1764057600,2025-11-25T08:00:00+00:00,0.14921,0.14971,0.14748,0.14864,25724250.3
1764072000,2025-11-25T12:00:00+00:00,0.14863,0.15006,0.14575,0.1479,54979988.099999994
1764086400,2025-11-25T16:00:00+00:00,0.14791,0.15217,0.14785,0.15099,49381611.300000004
1764100800,2025-11-25T20:00:00+00:00,0.151,0.15499,0.15073,0.1531,40302450.6
1764115200,2025-11-26T00:00:00+00:00,0.15312,0.15396,0.15025,0.15052,36673265.2
1764129600,2025-11-26T04:00:00+00:00,0.15053,0.15241,0.14999,0.15235,14597292.8
1764144000,2025-11-26T08:00:00+00:00,0.15235,0.15236,0.14958,0.14984,11388998.1
1764158400,2025-11-26T12:00:00+00:00,0.14985,0.15187,0.1486,0.15064,33165684.5
1764172800,2025-11-26T16:00:00+00:00,0.15063,0.15674,0.15061,0.15583,70634894.4
1764187200,2025-11-26T20:00:00+00:00,0.15582,0.15627,0.15425,0.15466,35318609.099999994
1764201600,2025-11-27T00:00:00+00:00,0.15468,0.15557,0.15371,0.15388,26188183.1
1764216000,2025-11-27T04:00:00+00:00,0.15387,0.15482,0.1537,0.15418,15262193.7
1764230400,2025-11-27T08:00:00+00:00,0.15417,0.15458,0.15236,0.15287,13631084.7
1764244800,2025-11-27T12:00:00+00:00,0.15284,0.15405,0.15211,0.15396,15766430.9
1764259200,2025-11-27T16:00:00+00:00,0.15394,0.15439,0.15264,0.1539,18526278.3
1764273600,2025-11-27T20:00:00+00:00,0.15391,0.15476,0.15221,0.15261,12022522.6
1764288000,2025-11-28T00:00:00+00:00,0.1526,0.15288,0.14962,0.15092,23364858.1
1764302400,2025-11-28T04:00:00+00:00,0.15094,0.15116,0.14955,0.14982,16698037.399999999
1764316800,2025-11-28T08:00:00+00:00,0.14981,0.15351,0.14975,0.15038,23985148.4
1764331200,2025-11-28T12:00:00+00:00,0.15038,0.1555,0.15016,0.15376,32116092.799999997
1764345600,2025-11-28T16:00:00+00:00,0.15376,0.15379,0.1482,0.15101,42173666.5
1764360000,2025-11-28T20:00:00+00:00,0.15096,0.15136,0.14954,0.15019,17296230.8
1764374400,2025-11-29T00:00:00+00:00,0.15019,0.15095,0.1495,0.1499,8678387.9
1764388800,2025-11-29T04:00:00+00:00,0.14989,0.15069,0.14857,0.14908,13535412.4
1764403200,2025-11-29T08:00:00+00:00,0.14905,0.14965,0.1485,0.14954,10927608.200000001
1764417600,2025-11-29T12:00:00+00:00,0.14953,0.15005,0.14838,0.14952,9880992.3
1764432000,2025-11-29T16:00:00+00:00,0.14953,0.14957,0.1473,0.14823,13111256.2
1764446400,2025-11-29T20:00:00+00:00,0.14822,0.14905,0.14786,0.1484,11063268.2
1764460800,2025-11-30T00:00:00+00:00,0.1484,0.14959,0.148,0.14938,9497516.600000001
1764475200,2025-11-30T04:00:00+00:00,0.14939,0.14951,0.14842,0.14928,9730868.0
1764489600,2025-11-30T08:00:00+00:00,0.14927,0.14991,0.14863,0.14884,9015587.6
1764504000,2025-11-30T12:00:00+00:00,0.14887,0.15058,0.1486,0.14941,16070461.4
1764518400,2025-11-30T16:00:00+00:00,0.14942,0.15063,0.14925,0.14975,29342722.9
1764532800,2025-11-30T20:00:00+00:00,0.14976,0.15043,0.1459,0.14597,25199817.0
1764547200,2025-12-01T00:00:00+00:00,0.14598,0.14637,0.13695,0.13715,84525071.89999999
1764561600,2025-12-01T04:00:00+00:00,0.13718,0.13777,0.13654,0.13767,19879256.200000003
1764576000,2025-12-01T08:00:00+00:00,0.13768,0.13846,0.1366,0.13705,15907038.900000002
1764590400,2025-12-01T12:00:00+00:00,0.137,0.13707,0.13186,0.13382,48966395.2
1764604800,2025-12-01T16:00:00+00:00,0.13384,0.13391,0.1321,0.13326,40836316.0
1764619200,2025-12-01T20:00:00+00:00,0.13326,0.13664,0.13324,0.13545,34129903.9
1764633600,2025-12-02T00:00:00+00:00,0.13545,0.13729,0.1348,0.13634,18737219.5
1764648000,2025-12-02T04:00:00+00:00,0.13634,0.13674,0.13543,0.13565,10199933.2
1764662400,2025-12-02T08:00:00+00:00,0.13561,0.13729,0.13444,0.13698,13894119.3
1764676800,2025-12-02T12:00:00+00:00,0.13698,0.14781,0.13678,0.14632,49156960.900000006
1764691200,2025-12-02T16:00:00+00:00,0.14638,0.14735,0.14491,0.14607,33641210.9
1764705600,2025-12-02T20:00:00+00:00,0.14606,0.14737,0.14474,0.14589,33492484.299999997
1764720000,2025-12-03T00:00:00+00:00,0.1459,0.14802,0.14525,0.14739,29883294.1
1764734400,2025-12-03T04:00:00+00:00,0.14738,0.15294,0.14726,0.15064,63688403.1
1764748800,2025-12-03T08:00:00+00:00,0.15065,0.15095,0.14919,0.15007,20772459.5
1764763200,2025-12-03T12:00:00+00:00,0.15006,0.1509,0.14656,0.14944,56541621.699999996
1764777600,2025-12-03T16:00:00+00:00,0.14943,0.15196,0.14841,0.15075,33606803.3
1764792000,2025-12-03T20:00:00+00:00,0.15075,0.15335,0.15015,0.15166,37523885.099999994
1764806400,2025-12-04T00:00:00+00:00,0.15169,0.1532,0.15072,0.15109,28287027.799999997
1764820800,2025-12-04T04:00:00+00:00,0.15108,0.15163,0.14922,0.14986,24178126.3
1764835200,2025-12-04T08:00:00+00:00,0.14988,0.15041,0.14907,0.14937,15910041.299999999
1764849600,2025-12-04T12:00:00+00:00,0.14936,0.15106,0.14779,0.15026,36724155.8
1764864000,2025-12-04T16:00:00+00:00,0.15022,0.15044,0.14557,0.14804,45736597.400000006
1764878400,2025-12-04T20:00:00+00:00,0.14805,0.14858,0.14717,0.14737,14637806.6
1764892800,2025-12-05T00:00:00+00:00,0.1474,0.1484,0.14719,0.14748,13050113.4
1764907200,2025-12-05T04:00:00+00:00,0.14747,0.14794,0.14622,0.14749,15926970.799999999
1764921600,2025-12-05T08:00:00+00:00,0.14748,0.14752,0.14366,0.14426,40720369.9
1764936000,2025-12-05T12:00:00+00:00,0.14425,0.14496,0.14183,0.14256,39601360.2
1764950400,2025-12-05T16:00:00+00:00,0.14255,0.14261,0.13725,0.13905,72266378.8
1764964800,2025-12-05T20:00:00+00:00,0.13904,0.13969,0.13806,0.13958,24971432.2
1764979200,2025-12-06T00:00:00+00:00,0.13959,0.14042,0.139,0.13999,13536745.7
1764993600,2025-12-06T04:00:00+00:00,0.14,0.14008,0.13883,0.1393,14759447.500000002
1765008000,2025-12-06T08:00:00+00:00,0.13931,0.1399,0.13839,0.13973,12396238.299999999
1765022400,2025-12-06T12:00:00+00:00,0.1397,0.14076,0.13906,0.13961,15739760.4
1765036800,2025-12-06T16:00:00+00:00,0.1396,0.14059,0.1391,0.13938,14995161.700000001
1765051200,2025-12-06T20:00:00+00:00,0.1394,0.14051,0.13909,0.13979,15973567.899999999
1765065600,2025-12-07T00:00:00+00:00,0.13979,0.14044,0.13959,0.14039,13829828.5
1765080000,2025-12-07T04:00:00+00:00,0.14038,0.14091,0.13934,0.13953,10398271.1
1765094400,2025-12-07T08:00:00+00:00,0.13951,0.13985,0.13846,0.1389,8449295.3
1765108800,2025-12-07T12:00:00+00:00,0.13891,0.1399,0.13492,0.13931,45417941.0
1765123200,2025-12-07T16:00:00+00:00,0.13931,0.14291,0.1382,0.14207,39853412.3
1765137600,2025-12-07T20:00:00+00:00,0.14208,0.14229,0.13581,0.13869,37813254.5
1765152000,2025-12-08T00:00:00+00:00,0.1387,0.14154,0.13802,0.14031,24033855.2
1765166400,2025-12-08T04:00:00+00:00,0.14033,0.14264,0.14027,0.14221,14697652.6
1765180800,2025-12-08T08:00:00+00:00,0.14222,0.14481,0.14194,0.14324,14389880.399999999
1765195200,2025-12-08T12:00:00+00:00,0.14325,0.14501,0.14187,0.14246,39262378.599999994
1765209600,2025-12-08T16:00:00+00:00,0.14243,0.14394,0.14122,0.14263,27047957.7
1765224000,2025-12-08T20:00:00+00:00,0.14264,0.14403,0.14194,0.1426,18042360.8
1765238400,2025-12-09T00:00:00+00:00,0.1426,0.14271,0.14027,0.14162,16443846.400000002
1765252800,2025-12-09T04:00:00+00:00,0.14162,0.14166,0.1394,0.14076,15823072.600000001
1765267200,2025-12-09T08:00:00+00:00,0.14077,0.141,0.1396,0.14082,10931488.399999999
1765281600,2025-12-09T12:00:00+00:00,0.14081,0.1468,0.1405,0.14628,47489570.8
1765296000,2025-12-09T16:00:00+00:00,0.14629,0.15317,0.14629,0.15091,107944615.30000001
1765310400,2025-12-09T20:00:00+00:00,0.15089,0.15158,0.14683,0.14797,34912662.0
1765324800,2025-12-10T00:00:00+00:00,0.14794,0.14827,0.14601,0.14742,14499001.2
1765339200,2025-12-10T04:00:00+00:00,0.14741,0.14784,0.14606,0.14671,11588781.1
1765353600,2025-12-10T08:00:00+00:00,0.14668,0.14814,0.14522,0.14589,12757666.399999999
1765368000,2025-12-10T12:00:00+00:00,0.14589,0.14667,0.14456,0.14514,25695163.200000003
1765382400,2025-12-10T16:00:00+00:00,0.14516,0.1493,0.14494,0.14747,44938083.7
1765396800,2025-12-10T20:00:00+00:00,0.14756,0.15035,0.14236,0.14334,60301850.2
1765411200,2025-12-11T00:00:00+00:00,0.14333,0.14362,0.13723,0.13811,47388547.0
1765425600,2025-12-11T04:00:00+00:00,0.13807,0.13913,0.1375,0.13813,23442328.9
1765440000,2025-12-11T08:00:00+00:00,0.13811,0.13846,0.13718,0.13794,9302868.4
1765454400,2025-12-11T12:00:00+00:00,0.13793,0.13836,0.1366,0.13715,32379691.700000003
1765468800,2025-12-11T16:00:00+00:00,0.13714,0.13966,0.13627,0.13838,53247102.900000006
1765483200,2025-12-11T20:00:00+00:00,0.13842,0.14284,0.13839,0.14034,31381921.4
1765497600,2025-12-12T00:00:00+00:00,0.14034,0.14134,0.13867,0.14062,17302556.400000002
1765512000,2025-12-12T04:00:00+00:00,0.1406,0.14153,0.13978,0.14064,9928200.100000001
1765526400,2025-12-12T08:00:00+00:00,0.14065,0.1414,0.13994,0.1411,11910049.100000001
1765540800,2025-12-12T12:00:00+00:00,0.14109,0.14142,0.13506,0.13564,34248567.0
1765555200,2025-12-12T16:00:00+00:00,0.13563,0.13732,0.13432,0.13613,43056016.1
1765569600,2025-12-12T20:00:00+00:00,0.1361,0.13736,0.13548,0.13694,11053399.9
1765584000,2025-12-13T00:00:00+00:00,0.13695,0.1377,0.13692,0.13753,12124949.600000001
1765598400,2025-12-13T04:00:00+00:00,0.13755,0.13791,0.13714,0.1378,7470186.6
1765612800,2025-12-13T08:00:00+00:00,0.13781,0.13956,0.13781,0.13884,11242573.8
1765627200,2025-12-13T12:00:00+00:00,0.13885,0.14002,0.13857,0.13951,13297776.600000001
1765641600,2025-12-13T16:00:00+00:00,0.1395,0.13994,0.13868,0.13908,10453327.0
1765656000,2025-12-13T20:00:00+00:00,0.13906,0.13948,0.13791,0.13907,9475488.5
1765670400,2025-12-14T00:00:00+00:00,0.13907,0.13927,0.1386,0.13882,9291986.7
1765684800,2025-12-14T04:00:00+00:00,0.13883,0.1389,0.13752,0.13827,8316821.600000001
1765699200,2025-12-14T08:00:00+00:00,0.13827,0.13845,0.1358,0.1367,10424244.399999999
1765713600,2025-12-14T12:00:00+00:00,0.13669,0.13723,0.13497,0.13549,16477527.9
1765728000,2025-12-14T16:00:00+00:00,0.13546,0.13619,0.13334,0.13433,36020485.6
1765742400,2025-12-14T20:00:00+00:00,0.13435,0.13483,0.13269,0.13407,23822109.4
1765756800,2025-12-15T00:00:00+00:00,0.13406,0.13848,0.13406,0.1362,19899542.299999997
1765771200,2025-12-15T04:00:00+00:00,0.13619,0.13728,0.136,0.13634,8435918.9
1765785600,2025-12-15T08:00:00+00:00,0.13633,0.13784,0.13615,0.13684,17079898.7
1765800000,2025-12-15T12:00:00+00:00,0.13681,0.13749,0.12982,0.13074,60311055.5
1765814400,2025-12-15T16:00:00+00:00,0.13075,0.1312,0.12661,0.12887,74942404.8
1765828800,2025-12-15T20:00:00+00:00,0.12886,0.12979,0.1275,0.12976,24590879.6
1765843200,2025-12-16T00:00:00+00:00,0.12972,0.13011,0.12831,0.1292,18613976.2
1765857600,2025-12-16T04:00:00+00:00,0.12923,0.13015,0.12723,0.12848,16735104.399999999
1765872000,2025-12-16T08:00:00+00:00,0.12849,0.132,0.12833,0.1316,16113415.3
1765886400,2025-12-16T12:00:00+00:00,0.13161,0.13304,0.12887,0.13266,55450491.7
1765900800,2025-12-16T16:00:00+00:00,0.13266,0.13296,0.1309,0.13203,27115878.1
1765915200,2025-12-16T20:00:00+00:00,0.13202,0.13242,0.13142,0.13174,11702071.0
1765929600,2025-12-17T00:00:00+00:00,0.13175,0.1324,0.13093,0.13121,10893052.1
1765944000,2025-12-17T04:00:00+00:00,0.13121,0.13134,0.12989,0.13083,13761887.8
1765958400,2025-12-17T08:00:00+00:00,0.13085,0.13086,0.12931,0.13027,8977393.5
1765972800,2025-12-17T12:00:00+00:00,0.13025,0.13627,0.12935,0.12989,66086767.0
1765987200,2025-12-17T16:00:00+00:00,0.12987,0.13071,0.12472,0.1264,90207463.3
1766001600,2025-12-17T20:00:00+00:00,0.12641,0.12776,0.1253,0.12628,31974744.200000003
1766016000,2025-12-18T00:00:00+00:00,0.1263,0.12673,0.12511,0.12537,21204562.5
1766030400,2025-12-18T04:00:00+00:00,0.12532,0.12582,0.12382,0.12477,25335203.1
1766044800,2025-12-18T08:00:00+00:00,0.12473,0.12639,0.12462,0.12603,15299654.1
1766059200,2025-12-18T12:00:00+00:00,0.12604,0.13062,0.12573,0.12946,66865960.3
1766073600,2025-12-18T16:00:00+00:00,0.12944,0.12968,0.11989,0.12019,95194008.0
1766088000,2025-12-18T20:00:00+00:00,0.12018,0.12367,0.12006,0.12199,38091162.4
1766102400,2025-12-19T00:00:00+00:00,0.122,0.12622,0.12048,0.12542,46577776.0
1766116800,2025-12-19T04:00:00+00:00,0.12543,0.12877,0.1253,0.12782,41875290.199999996
1766131200,2025-12-19T08:00:00+00:00,0.12781,0.12855,0.1275,0.1282,17296053.9
1766145600,2025-12-19T12:00:00+00:00,0.12821,0.13201,0.12783,0.12957,35342211.900000006
1766160000,2025-12-19T16:00:00+00:00,0.12955,0.13344,0.12948,0.13278,49540526.8
1766174400,2025-12-19T20:00:00+00:00,0.13279,0.13332,0.13168,0.13216,20207955.799999997
1766188800,2025-12-20T00:00:00+00:00,0.13214,0.13219,0.13063,0.1314,11778282.2
1766203200,2025-12-20T04:00:00+00:00,0.1314,0.1316,0.13059,0.1315,9087441.2
1766217600,2025-12-20T08:00:00+00:00,0.1315,0.1325,0.13145,0.1319,9182077.1
1766232000,2025-12-20T12:00:00+00:00,0.1319,0.1323,0.13116,0.13202,12074835.799999999
1766246400,2025-12-20T16:00:00+00:00,0.13205,0.13229,0.13154,0.13209,7033593.399999999
1766260800,2025-12-20T20:00:00+00:00,0.1321,0.13239,0.13148,0.1319,9202586.0
1766275200,2025-12-21T00:00:00+00:00,0.1319,0.13214,0.13044,0.13109,8302126.5
1766289600,2025-12-21T04:00:00+00:00,0.13108,0.13171,0.13091,0.13129,3794623.1000000006
1766304000,2025-12-21T08:00:00+00:00,0.13128,0.13336,0.13116,0.13168,8934042.8
1766318400,2025-12-21T12:00:00+00:00,0.13171,0.13226,0.12868,0.12948,16893221.9
1766332800,2025-12-21T16:00:00+00:00,0.12948,0.13053,0.12907,0.13033,17505496.2
1766347200,2025-12-21T20:00:00+00:00,0.13033,0.13138,0.12931,0.13107,13275875.3
1766361600,2025-12-22T00:00:00+00:00,0.1311,0.13416,0.12948,0.13199,22397122.0
1766376000,2025-12-22T04:00:00+00:00,0.132,0.13269,0.13144,0.13199,10788423.600000001
1766390400,2025-12-22T08:00:00+00:00,0.13201,0.13322,0.13166,0.13289,13186179.700000001
1766404800,2025-12-22T12:00:00+00:00,0.1329,0.13532,0.13248,0.13429,34486605.2
1766419200,2025-12-22T16:00:00+00:00,0.13431,0.13516,0.13159,0.13185,37277578.6
1766433600,2025-12-22T20:00:00+00:00,0.13185,0.13262,0.13081,0.1325,27862023.900000002
1766448000,2025-12-23T00:00:00+00:00,0.13246,0.13359,0.13123,0.13244,14118598.0
1766462400,2025-12-23T04:00:00+00:00,0.13243,0.13298,0.12984,0.13035,25167341.8
1766476800,2025-12-23T08:00:00+00:00,0.13033,0.13131,0.12988,0.13091,8298439.699999999
1766491200,2025-12-23T12:00:00+00:00,0.1309,0.1309,0.12785,0.12942,31671473.1
1766505600,2025-12-23T16:00:00+00:00,0.12942,0.13087,0.12818,0.12892,28970255.0
1766520000,2025-12-23T20:00:00+00:00,0.12891,0.1304,0.12855,0.12921,16640916.4
1766534400,2025-12-24T00:00:00+00:00,0.12923,0.13026,0.12743,0.12842,16314480.7
1766548800,2025-12-24T04:00:00+00:00,0.12843,0.12885,0.12659,0.12694,12536121.5
1766563200,2025-12-24T08:00:00+00:00,0.12693,0.12831,0.12641,0.12785,9012315.7
1766577600,2025-12-24T12:00:00+00:00,0.12786,0.12851,0.12671,0.12829,19727622.599999998
1766592000,2025-12-24T16:00:00+00:00,0.12828,0.12938,0.12752,0.12808,16378894.8
1766606400,2025-12-24T20:00:00+00:00,0.12809,0.12928,0.12801,0.12846,14190405.2
1766620800,2025-12-25T00:00:00+00:00,0.12846,0.129,0.12782,0.12873,10423554.0
1766635200,2025-12-25T04:00:00+00:00,0.12869,0.12875,0.12764,0.12787,7148844.699999999
1766649600,2025-12-25T08:00:00+00:00,0.12787,0.12848,0.12555,0.1261,11598488.5
1766664000,2025-12-25T12:00:00+00:00,0.1261,0.12816,0.12583,0.12754,13910559.3
1766678400,2025-12-25T16:00:00+00:00,0.12755,0.12789,0.12664,0.12707,15133648.600000001
1766692800,2025-12-25T20:00:00+00:00,0.12705,0.12728,0.12291,0.12358,31043036.9
1766707200,2025-12-26T00:00:00+00:00,0.12356,0.12746,0.12306,0.12593,31860407.000000004
1766721600,2025-12-26T04:00:00+00:00,0.12593,0.12659,0.12515,0.1253,14881448.200000001
1766736000,2025-12-26T08:00:00+00:00,0.12526,0.126,0.1252,0.12528,8064872.8
1766750400,2025-12-26T12:00:00+00:00,0.12528,0.12632,0.12118,0.12205,33447203.9
1766764800,2025-12-26T16:00:00+00:00,0.12208,0.12238,0.12054,0.122,27953760.6
1766779200,2025-12-26T20:00:00+00:00,0.12199,0.12251,0.12157,0.12202,18118541.8
1766793600,2025-12-27T00:00:00+00:00,0.12203,0.12333,0.12183,0.1232,8377778.9
1766808000,2025-12-27T04:00:00+00:00,0.12321,0.12328,0.1225,0.12262,6153775.100000001
1766822400,2025-12-27T08:00:00+00:00,0.12264,0.12304,0.12198,0.12298,6861367.6
1766836800,2025-12-27T12:00:00+00:00,0.12298,0.12332,0.12235,0.12295,9362621.7
1766851200,2025-12-27T16:00:00+00:00,0.12296,0.12323,0.12256,0.12285,10190239.9
1766865600,2025-12-27T20:00:00+00:00,0.12286,0.12486,0.12285,0.12427,16095799.000000002
1766880000,2025-12-28T00:00:00+00:00,0.12428,0.12457,0.12358,0.12393,7171068.2
1766894400,2025-12-28T04:00:00+00:00,0.12393,0.12427,0.12367,0.12405,7066402.399999999
1766908800,2025-12-28T08:00:00+00:00,0.1241,0.12429,0.1234,0.12389,5124408.3
1766923200,2025-12-28T12:00:00+00:00,0.12387,0.12479,0.12372,0.12416,6460028.8
1766937600,2025-12-28T16:00:00+00:00,0.12417,0.12457,0.12303,0.12336,10071149.600000001
1766952000,2025-12-28T20:00:00+00:00,0.12334,0.124,0.12269,0.12383,10037197.6
1766966400,2025-12-29T00:00:00+00:00,0.12384,0.12761,0.12366,0.12732,37966530.7
1766980800,2025-12-29T04:00:00+00:00,0.12735,0.12792,0.12611,0.12699,16117844.700000001
1766995200,2025-12-29T08:00:00+00:00,0.127,0.12708,0.12419,0.12473,15901052.5
1767009600,2025-12-29T12:00:00+00:00,0.12474,0.12486,0.12234,0.12397,31744010.799999997
1767024000,2025-12-29T16:00:00+00:00,0.12396,0.12403,0.1226,0.12271,28585699.3
1767038400,2025-12-29T20:00:00+00:00,0.12271,0.12317,0.12212,0.1227,17289920.2
1767052800,2025-12-30T00:00:00+00:00,0.1227,0.12358,0.12222,0.12333,11250079.9
1767067200,2025-12-30T04:00:00+00:00,0.12333,0.12369,0.12272,0.12354,11752427.9
1767081600,2025-12-30T08:00:00+00:00,0.12357,0.125,0.12357,0.12442,32498797.5
1767096000,2025-12-30T12:00:00+00:00,0.12441,0.12516,0.12301,0.12444,30424377.9
1767110400,2025-12-30T16:00:00+00:00,0.12445,0.12488,0.12252,0.12317,24954441.6
1767124800,2025-12-30T20:00:00+00:00,0.1232,0.12334,0.12233,0.12321,18084623.2
1767139200,2025-12-31T00:00:00+00:00,0.12319,0.1236,0.12276,0.12297,14428082.6
1767153600,2025-12-31T04:00:00+00:00,0.12298,0.12322,0.12274,0.12319,10040790.4
1767168000,2025-12-31T08:00:00+00:00,0.12322,0.12353,0.12266,0.12327,24218588.5
1767182400,2025-12-31T12:00:00+00:00,0.12326,0.12363,0.1204,0.121,34658434.2
1767196800,2025-12-31T16:00:00+00:00,0.12101,0.12135,0.11625,0.11709,85528289.9
1767211200,2025-12-31T20:00:00+00:00,0.11709,0.11765,0.11592,0.11725,53744642.3
1767225600,2026-01-01T00:00:00+00:00,0.11726,0.1186,0.11722,0.11806,30600597.8
1767240000,2026-01-01T04:00:00+00:00,0.11808,0.11852,0.11773,0.1182,25398791.8
1767254400,2026-01-01T08:00:00+00:00,0.1182,0.12105,0.11817,0.12046,46057553.50000001
1767268800,2026-01-01T12:00:00+00:00,0.12047,0.12728,0.12014,0.1245,56626233.4
1767283200,2026-01-01T16:00:00+00:00,0.12451,0.1257,0.12337,0.12566,77943653.6
1767297600,2026-01-01T20:00:00+00:00,0.12568,0.12706,0.1253,0.12665,40291268.49999999
1767312000,2026-01-02T00:00:00+00:00,0.12666,0.12924,0.12575,0.12847,20553264.8
1767326400,2026-01-02T04:00:00+00:00,0.12848,0.12894,0.12732,0.12777,22870619.8
1767340800,2026-01-02T08:00:00+00:00,0.12776,0.1346,0.12774,0.12933,98900189.6
1767355200,2026-01-02T12:00:00+00:00,0.12933,0.13611,0.12914,0.13518,109514449.30000001
1767369600,2026-01-02T16:00:00+00:00,0.13515,0.13988,0.13473,0.13939,106957724.8
1767384000,2026-01-02T20:00:00+00:00,0.1394,0.14486,0.13884,0.14181,100938788.5
1767398400,2026-01-03T00:00:00+00:00,0.14179,0.14444,0.14118,0.14401,44324947.3
1767412800,2026-01-03T04:00:00+00:00,0.144,0.1442,0.1391,0.13983,42101857.8
1767427200,2026-01-03T08:00:00+00:00,0.13983,0.1432,0.13928,0.14243,38480686.300000004
1767441600,2026-01-03T12:00:00+00:00,0.14243,0.14336,0.14207,0.14215,22258521.5
1767456000,2026-01-03T16:00:00+00:00,0.14214,0.14232,0.14069,0.14179,24746643.8
1767470400,2026-01-03T20:00:00+00:00,0.14179,0.14364,0.14118,0.14308,26022986.9
1767484800,2026-01-04T00:00:00+00:00,0.14308,0.15186,0.14269,0.15093,132103945.0
1767499200,2026-01-04T04:00:00+00:00,0.15093,0.15397,0.14971,0.15143,97681848.0
1767513600,2026-01-04T08:00:00+00:00,0.15145,0.15275,0.1506,0.1519,43063766.0
1767528000,2026-01-04T12:00:00+00:00,0.15189,0.15413,0.15035,0.15139,51943451.599999994
1767542400,2026-01-04T16:00:00+00:00,0.15138,0.15275,0.1477,0.14967,67595697.4
1767556800,2026-01-04T20:00:00+00:00,0.14966,0.15064,0.14852,0.14947,29503906.6
1767571200,2026-01-05T00:00:00+00:00,0.14946,0.15246,0.14878,0.1515,57151280.4
1767585600,2026-01-05T04:00:00+00:00,0.15149,0.15165,0.1487,0.14984,38719613.300000004
1767600000,2026-01-05T08:00:00+00:00,0.14984,0.15062,0.14571,0.14764,49240277.5
1767614400,2026-01-05T12:00:00+00:00,0.14762,0.14941,0.14624,0.14882,42720195.3
1767628800,2026-01-05T16:00:00+00:00,0.14879,0.15385,0.1484,0.15172,77303946.7
1767643200,2026-01-05T20:00:00+00:00,0.15172,0.15429,0.15083,0.15168,52039071.89999999
1767657600,2026-01-06T00:00:00+00:00,0.15168,0.15442,0.14916,0.15282,65042068.0
1767672000,2026-01-06T04:00:00+00:00,0.15278,0.15289,0.14911,0.14952,40863716.9
1767686400,2026-01-06T08:00:00+00:00,0.14954,0.15084,0.14943,0.15042,22514119.6
1767700800,2026-01-06T12:00:00+00:00,0.1504,0.15661,0.14915,0.14994,77809011.5
1767715200,2026-01-06T16:00:00+00:00,0.14994,0.1503,0.14342,0.14578,77369135.10000001
1767729600,2026-01-06T20:00:00+00:00,0.14579,0.15094,0.14578,0.15049,37334257.0
1767744000,2026-01-07T00:00:00+00:00,0.15048,0.15048,0.14684,0.14828,34470039.4
1767758400,2026-01-07T04:00:00+00:00,0.14828,0.14908,0.14726,0.14894,18386854.3
1767772800,2026-01-07T08:00:00+00:00,0.14895,0.15392,0.1474,0.14877,65648075.1
1767787200,2026-01-07T12:00:00+00:00,0.14877,0.14881,0.14476,0.14599,54998152.2
1767801600,2026-01-07T16:00:00+00:00,0.14598,0.14837,0.14535,0.14643,52471239.7
1767816000,2026-01-07T20:00:00+00:00,0.14646,0.14718,0.14532,0.14627,32892331.299999997
1767830400,2026-01-08T00:00:00+00:00,0.14627,0.14765,0.14446,0.14502,26007734.299999997
1767844800,2026-01-08T04:00:00+00:00,0.14502,0.1472,0.14109,0.14381,40521421.7
1767859200,2026-01-08T08:00:00+00:00,0.14381,0.14463,0.13783,0.14079,66684433.5
1767873600,2026-01-08T12:00:00+00:00,0.14078,0.14194,0.13811,0.14174,76398618.5
1767888000,2026-01-08T16:00:00+00:00,0.14171,0.1431,0.14044,0.14176,37466849.8
1767902400,2026-01-08T20:00:00+00:00,0.14171,0.14328,0.14079,0.14182,19425424.3
1767916800,2026-01-09T00:00:00+00:00,0.14182,0.1435,0.14101,0.14286,23415446.700000003
1767931200,2026-01-09T04:00:00+00:00,0.14286,0.14304,0.14175,0.1418,30872858.1
1767945600,2026-01-09T08:00:00+00:00,0.14182,0.14198,0.1387,0.14017,25019090.200000003
1767960000,2026-01-09T12:00:00+00:00,0.14016,0.14444,0.13812,0.14197,77922644.8
1767974400,2026-01-09T16:00:00+00:00,0.14198,0.14409,0.13879,0.13936,54966457.5
1767988800,2026-01-09T20:00:00+00:00,0.13936,0.1411,0.13919,0.14051,22113840.3
1768003200,2026-01-10T00:00:00+00:00,0.14051,0.14054,0.13954,0.1401,11356303.0
1768017600,2026-01-10T04:00:00+00:00,0.1401,0.14041,0.13929,0.14021,8477490.8
1768032000,2026-01-10T08:00:00+00:00,0.14017,0.14035,0.13932,0.13983,18587211.4
1768046400,2026-01-10T12:00:00+00:00,0.13983,0.14025,0.13944,0.13976,13963630.8
1768060800,2026-01-10T16:00:00+00:00,0.13976,0.14018,0.13935,0.14014,10154911.8
1768075200,2026-01-10T20:00:00+00:00,0.14015,0.14028,0.1389,0.13947,13429240.1
1768089600,2026-01-11T00:00:00+00:00,0.13945,0.13945,0.1383,0.13892,21065861.2
1768104000,2026-01-11T04:00:00+00:00,0.13893,0.13986,0.13858,0.13981,16746671.600000001
1768118400,2026-01-11T08:00:00+00:00,0.13981,0.14016,0.13928,0.13952,11960043.5
1768132800,2026-01-11T12:00:00+00:00,0.13954,0.141,0.1366,0.138,29314353.5
1768147200,2026-01-11T16:00:00+00:00,0.13797,0.13977,0.13706,0.13741,29413134.2
1768161600,2026-01-11T20:00:00+00:00,0.13738,0.13812,0.1356,0.13782,49601097.7
1768176000,2026-01-12T00:00:00+00:00,0.13781,0.14214,0.13644,0.14019,48084185.1
1768190400,2026-01-12T04:00:00+00:00,0.14023,0.14117,0.13761,0.13778,24377972.5
1768204800,2026-01-12T08:00:00+00:00,0.13774,0.13855,0.13542,0.1365,22912385.099999998
1768219200,2026-01-12T12:00:00+00:00,0.1365,0.13849,0.1347,0.13836,38138296.5
1768233600,2026-01-12T16:00:00+00:00,0.13832,0.14001,0.13676,0.13814,33940375.900000006
1768248000,2026-01-12T20:00:00+00:00,0.13815,0.13879,0.13541,0.13647,30677840.9
1768262400,2026-01-13T00:00:00+00:00,0.13645,0.13728,0.13611,0.13695,23818740.0
1768276800,2026-01-13T04:00:00+00:00,0.13695,0.1394,0.13695,0.13846,23188060.7
1768291200,2026-01-13T08:00:00+00:00,0.13846,0.14018,0.13846,0.13894,22830127.400000002
1768305600,2026-01-13T12:00:00+00:00,0.13894,0.14223,0.13862,0.14204,45729006.900000006
1768320000,2026-01-13T16:00:00+00:00,0.14204,0.14472,0.14184,0.14434,52804356.2
1768334400,2026-01-13T20:00:00+00:00,0.14435,0.15154,0.14348,0.14823,80938865.3
1768348800,2026-01-14T00:00:00+00:00,0.14823,0.14965,0.14713,0.14953,37387431.5
1768363200,2026-01-14T04:00:00+00:00,0.14952,0.14974,0.14682,0.14839,24827309.200000003
1768377600,2026-01-14T08:00:00+00:00,0.14839,0.14883,0.14574,0.14592,19313050.5
1768392000,2026-01-14T12:00:00+00:00,0.14592,0.14986,0.14551,0.14893,43044502.3
1768406400,2026-01-14T16:00:00+00:00,0.14896,0.15183,0.14627,0.14786,93202437.19999999
1768420800,2026-01-14T20:00:00+00:00,0.14786,0.14913,0.1463,0.14717,25807551.2
1768435200,2026-01-15T00:00:00+00:00,0.14718,0.14721,0.14239,0.14266,45699543.3
1768449600,2026-01-15T04:00:00+00:00,0.14266,0.14446,0.14255,0.14415,21295542.6
1768464000,2026-01-15T08:00:00+00:00,0.14413,0.14505,0.14327,0.14355,14740258.600000001
1768478400,2026-01-15T12:00:00+00:00,0.14354,0.14495,0.14002,0.14213,44212937.3
1768492800,2026-01-15T16:00:00+00:00,0.14206,0.1424,0.13913,0.13996,37427495.199999996
1768507200,2026-01-15T20:00:00+00:00,0.13994,0.14045,0.13878,0.13994,20657714.4
1768521600,2026-01-16T00:00:00+00:00,0.13994,0.14043,0.13912,0.13939,16263039.6
1768536000,2026-01-16T04:00:00+00:00,0.13939,0.1403,0.13842,0.13998,11836602.4
1768550400,2026-01-16T08:00:00+00:00,0.14001,0.14031,0.13724,0.13796,23608501.3
1768564800,2026-01-16T12:00:00+00:00,0.13796,0.13837,0.13506,0.13594,36302922.7
1768579200,2026-01-16T16:00:00+00:00,0.13594,0.13736,0.13561,0.13718,18324409.1
1768593600,2026-01-16T20:00:00+00:00,0.1372,0.13846,0.13622,0.13807,31333524.8
1768608000,2026-01-17T00:00:00+00:00,0.13807,0.13852,0.13724,0.1374,11280601.3
1768622400,2026-01-17T04:00:00+00:00,0.13739,0.13784,0.13677,0.1372,9164705.2
1768636800,2026-01-17T08:00:00+00:00,0.1372,0.13791,0.13708,0.13765,3888042.9
1768651200,2026-01-17T12:00:00+00:00,0.13764,0.13999,0.13736,0.13951,12679027.2
1768665600,2026-01-17T16:00:00+00:00,0.13949,0.13987,0.13818,0.13867,19972968.0
1768680000,2026-01-17T20:00:00+00:00,0.13868,0.13896,0.13726,0.13782,14949218.8
1768694400,2026-01-18T00:00:00+00:00,0.13781,0.13829,0.13674,0.13738,9302424.6
1768708800,2026-01-18T04:00:00+00:00,0.13738,0.13746,0.13664,0.13706,6177604.9
1768723200,2026-01-18T08:00:00+00:00,0.13706,0.13763,0.13682,0.13712,5642573.4
1768737600,2026-01-18T12:00:00+00:00,0.1371,0.13797,0.13622,0.13649,18353486.3
1768752000,2026-01-18T16:00:00+00:00,0.13649,0.13787,0.1363,0.13711,16562906.3
1768766400,2026-01-18T20:00:00+00:00,0.13713,0.13794,0.13128,0.1316,64068791.900000006
1768780800,2026-01-19T00:00:00+00:00,0.13159,0.13159,0.121,0.12733,83023237.80000001
1768795200,2026-01-19T04:00:00+00:00,0.12731,0.12763,0.12644,0.12713,18909550.200000003
1768809600,2026-01-19T08:00:00+00:00,0.12712,0.12833,0.12704,0.12779,10624609.6
1768824000,2026-01-19T12:00:00+00:00,0.12776,0.12891,0.12726,0.12769,32104962.3
1768838400,2026-01-19T16:00:00+00:00,0.12767,0.13011,0.12764,0.12988,32846987.2
1768852800,2026-01-19T20:00:00+00:00,0.12988,0.13057,0.12846,0.12909,23980020.700000003
1768867200,2026-01-20T00:00:00+00:00,0.12907,0.12926,0.12762,0.12789,17022208.900000002
1768881600,2026-01-20T04:00:00+00:00,0.12788,0.12815,0.12632,0.12662,27280653.3
1768896000,2026-01-20T08:00:00+00:00,0.12663,0.12688,0.12501,0.12512,20722123.5
1768910400,2026-01-20T12:00:00+00:00,0.12514,0.12665,0.12409,0.12509,36902325.9
1768924800,2026-01-20T16:00:00+00:00,0.12507,0.12556,0.12316,0.1238,30180614.5
1768939200,2026-01-20T20:00:00+00:00,0.12378,0.12432,0.1218,0.12323,18825734.799999997
1768953600,2026-01-21T00:00:00+00:00,0.12322,0.12635,0.12302,0.12539,22608567.599999998
1768968000,2026-01-21T04:00:00+00:00,0.12537,0.12626,0.12466,0.12484,14407592.8
1768982400,2026-01-21T08:00:00+00:00,0.12483,0.12487,0.12275,0.12297,11102070.2
1768996800,2026-01-21T12:00:00+00:00,0.12295,0.1265,0.12146,0.12628,48189412.60000001
1769011200,2026-01-21T16:00:00+00:00,0.12626,0.12826,0.12019,0.12799,62068474.900000006
1769025600,2026-01-21T20:00:00+00:00,0.128,0.12871,0.12611,0.12649,43015233.0
1769040000,2026-01-22T00:00:00+00:00,0.12651,0.1278,0.12634,0.12682,8635548.1
1769054400,2026-01-22T04:00:00+00:00,0.12681,0.12728,0.12589,0.12603,16392986.399999999
1769068800,2026-01-22T08:00:00+00:00,0.12601,0.12707,0.12563,0.12574,9482031.9
1769083200,2026-01-22T12:00:00+00:00,0.12575,0.12635,0.12311,0.12419,20264230.2
1769097600,2026-01-22T16:00:00+00:00,0.12419,0.12544,0.12378,0.12464,24335401.5
1769112000,2026-01-22T20:00:00+00:00,0.12464,0.12477,0.12354,0.12426,25303433.799999997
1769126400,2026-01-23T00:00:00+00:00,0.12424,0.12561,0.12394,0.12536,17092264.8
1769140800,2026-01-23T04:00:00+00:00,0.12537,0.12586,0.12476,0.12492,12682790.3
1769155200,2026-01-23T08:00:00+00:00,0.1249,0.1253,0.12405,0.12502,7716680.200000001
1769169600,2026-01-23T12:00:00+00:00,0.12503,0.12517,0.1219,0.12458,27202594.200000003
1769184000,2026-01-23T16:00:00+00:00,0.12458,0.12772,0.12416,0.12456,49825172.199999996
1769198400,2026-01-23T20:00:00+00:00,0.12456,0.125,0.12306,0.12461,14813027.899999999
1769212800,2026-01-24T00:00:00+00:00,0.1246,0.12473,0.1239,0.12426,7401346.2
1769227200,2026-01-24T04:00:00+00:00,0.12425,0.12468,0.12383,0.124,5139683.5
1769241600,2026-01-24T08:00:00+00:00,0.12399,0.12474,0.12392,0.12446,4524013.699999999
1769256000,2026-01-24T12:00:00+00:00,0.12445,0.12457,0.12335,0.12348,5184020.800000001
1769270400,2026-01-24T16:00:00+00:00,0.1235,0.12405,0.12274,0.12394,12010666.6
1769284800,2026-01-24T20:00:00+00:00,0.12397,0.12454,0.12385,0.12402,4987065.399999999
1769299200,2026-01-25T00:00:00+00:00,0.12401,0.12416,0.12279,0.12312,7916372.6
1769313600,2026-01-25T04:00:00+00:00,0.12311,0.12342,0.12246,0.12282,8888936.4
1769328000,2026-01-25T08:00:00+00:00,0.12278,0.12351,0.12215,0.12316,9236292.9
1769342400,2026-01-25T12:00:00+00:00,0.12315,0.12319,0.12156,0.12206,14021112.3
1769356800,2026-01-25T16:00:00+00:00,0.12205,0.12206,0.11755,0.11865,54893744.300000004
1769371200,2026-01-25T20:00:00+00:00,0.11865,0.11956,0.11771,0.11932,33529129.5
1769385600,2026-01-26T00:00:00+00:00,0.1193,0.12267,0.11909,0.12114,31476660.2
1769400000,2026-01-26T04:00:00+00:00,0.12115,0.12282,0.12115,0.12163,14324735.2
1769414400,2026-01-26T08:00:00+00:00,0.12165,0.12246,0.12046,0.12092,18465704.8
1769428800,2026-01-26T12:00:00+00:00,0.12093,0.1237,0.12093,0.12226,23657403.6
1769443200,2026-01-26T16:00:00+00:00,0.12225,0.12338,0.12134,0.12227,25896507.799999997
1769457600,2026-01-26T20:00:00+00:00,0.12226,0.12299,0.12142,0.12222,22613122.5
1769472000,2026-01-27T00:00:00+00:00,0.12221,0.12323,0.12182,0.12272,15120044.100000001
1769486400,2026-01-27T04:00:00+00:00,0.1227,0.12335,0.12185,0.12199,9196149.0
1769500800,2026-01-27T08:00:00+00:00,0.12203,0.12254,0.12151,0.12221,6772122.300000001
1769515200,2026-01-27T12:00:00+00:00,0.1222,0.12284,0.1212,0.12278,23156835.8
1769529600,2026-01-27T16:00:00+00:00,0.12284,0.1255,0.12164,0.12419,62584527.7
1769544000,2026-01-27T20:00:00+00:00,0.12418,0.12646,0.12416,0.12604,41106665.3
1769558400,2026-01-28T00:00:00+00:00,0.12605,0.12623,0.12405,0.12434,29602368.3
1769572800,2026-01-28T04:00:00+00:00,0.12433,0.12586,0.12373,0.12533,10293278.4
1769587200,2026-01-28T08:00:00+00:00,0.12532,0.12754,0.12529,0.127,21114520.700000003
1769601600,2026-01-28T12:00:00+00:00,0.12698,0.12702,0.12302,0.1245,47494005.2
1769616000,2026-01-28T16:00:00+00:00,0.12448,0.12564,0.12352,0.12512,23342771.6
1769630400,2026-01-28T20:00:00+00:00,0.1251,0.1261,0.12408,0.12484,23170326.599999998
1769644800,2026-01-29T00:00:00+00:00,0.12484,0.12503,0.12164,0.12195,30067207.999999996
1769659200,2026-01-29T04:00:00+00:00,0.12195,0.12227,0.12108,0.12184,12433105.5
1769673600,2026-01-29T08:00:00+00:00,0.12183,0.12217,0.12045,0.12094,17181975.4
1769688000,2026-01-29T12:00:00+00:00,0.12096,0.12097,0.11511,0.11606,42117812.6
1769702400,2026-01-29T16:00:00+00:00,0.11602,0.11865,0.11432,0.11537,106332643.60000001
1769716800,2026-01-29T20:00:00+00:00,0.11537,0.1172,0.11517,0.11709,24396267.6
1769731200,2026-01-30T00:00:00+00:00,0.1171,0.11753,0.11205,0.11407,62944891.099999994
1769745600,2026-01-30T04:00:00+00:00,0.11409,0.1154,0.11205,0.11434,33603272.199999996
1769760000,2026-01-30T08:00:00+00:00,0.11433,0.11569,0.11285,0.11535,15101610.2
1769774400,2026-01-30T12:00:00+00:00,0.11536,0.11642,0.11362,0.11591,37682467.1
1769788800,2026-01-30T16:00:00+00:00,0.11588,0.11853,0.11336,0.11757,47037916.1
1769803200,2026-01-30T20:00:00+00:00,0.11757,0.11757,0.11517,0.11562,29876529.4
1769817600,2026-01-31T00:00:00+00:00,0.11563,0.11575,0.11465,0.115,8755191.5
1769832000,2026-01-31T04:00:00+00:00,0.11498,0.1153,0.11191,0.11262,21452438.9
1769846400,2026-01-31T08:00:00+00:00,0.11262,0.11286,0.11015,0.11158,27945124.2
1769860800,2026-01-31T12:00:00+00:00,0.11161,0.11166,0.10493,0.10664,80081411.5
1769875200,2026-01-31T16:00:00+00:00,0.10665,0.1079,0.09455,0.10175,228522996.9
1769889600,2026-01-31T20:00:00+00:00,0.10174,0.10467,0.10044,0.10414,57343610.8
1769904000,2026-02-01T00:00:00+00:00,0.10413,0.1055,0.10352,0.10485,37208682.1
1769918400,2026-02-01T04:00:00+00:00,0.10486,0.10626,0.10435,0.10569,27007086.5
1769932800,2026-02-01T08:00:00+00:00,0.10568,0.10646,0.10443,0.10586,19221368.1
1769947200,2026-02-01T12:00:00+00:00,0.10583,0.10674,0.10248,0.10399,46020857.2
1769961600,2026-02-01T16:00:00+00:00,0.10399,0.10622,0.10292,0.10411,44676811.199999996
1769976000,2026-02-01T20:00:00+00:00,0.10408,0.10569,0.10094,0.10416,69646541.8
1769990400,2026-02-02T00:00:00+00:00,0.10417,0.10615,0.09971,0.10328,87274127.3
1770004800,2026-02-02T04:00:00+00:00,0.10331,0.10508,0.09943,0.10298,94495616.9
1770019200,2026-02-02T08:00:00+00:00,0.10297,0.1054,0.10297,0.10478,56827909.199999996
1770033600,2026-02-02T12:00:00+00:00,0.10479,0.11047,0.10479,0.10948,90513733.5
1770048000,2026-02-02T16:00:00+00:00,0.10949,0.10994,0.10745,0.10752,59633386.0
1770062400,2026-02-02T20:00:00+00:00,0.10752,0.10861,0.10694,0.10783,24333614.9
1770076800,2026-02-03T00:00:00+00:00,0.10781,0.10818,0.1055,0.10735,41202560.2
1770091200,2026-02-03T04:00:00+00:00,0.10735,0.10892,0.10593,0.10817,24579706
1770105600,2026-02-03T08:00:00+00:00,0.10817,0.10894,0.10636,0.10655,26677763.9
1770120000,2026-02-03T12:00:00+00:00,0.10656,0.11044,0.10542,0.11008,89613816.0
1770134400,2026-02-03T16:00:00+00:00,0.11011,0.11013,0.10212,0.10627,112864400.7
1770148800,2026-02-03T20:00:00+00:00,0.10626,0.11032,0.10508,0.10589,80448086.4
1770163200,2026-02-04T00:00:00+00:00,0.10585,0.1093,0.10538,0.10877,29342710.999999996
1770177600,2026-02-04T04:00:00+00:00,0.10872,0.10903,0.10721,0.10832,21801188.4
1770192000,2026-02-04T08:00:00+00:00,0.10833,0.10858,0.10626,0.10715,24979397.9
1770206400,2026-02-04T12:00:00+00:00,0.10718,0.10764,0.10262,0.10326,86366721.1
1770220800,2026-02-04T16:00:00+00:00,0.10325,0.10533,0.10122,0.10513,119806845.8
1770235200,2026-02-04T20:00:00+00:00,0.10515,0.10527,0.10104,0.10361,55950452.7
1770249600,2026-02-05T00:00:00+00:00,0.10359,0.10453,0.102,0.10237,60071741.2
1770264000,2026-02-05T04:00:00+00:00,0.10241,0.10336,0.10047,0.10095,90998944.4
1770278400,2026-02-05T08:00:00+00:00,0.10096,0.10277,0.09721,0.09856,110141144.80000001
1770292800,2026-02-05T12:00:00+00:00,0.09859,0.10036,0.09247,0.09405,206001073.5
1770307200,2026-02-05T16:00:00+00:00,0.09404,0.09525,0.09027,0.09099,183298734.5
1770321600,2026-02-05T20:00:00+00:00,0.09101,0.09169,0.08662,0.08832,241761599.20000002
1770336000,2026-02-06T00:00:00+00:00,0.08829,0.09127,0.07991,0.08978,254929196.59999996
1770350400,2026-02-06T04:00:00+00:00,0.0898,0.0934,0.0894,0.09059,92594076.0
1770364800,2026-02-06T08:00:00+00:00,0.09058,0.09422,0.09004,0.09362,81994421.39999999
1770379200,2026-02-06T12:00:00+00:00,0.09357,0.09689,0.09292,0.09641,124721964.7
1770393600,2026-02-06T16:00:00+00:00,0.09639,0.10207,0.09599,0.09868,181231835.7
1770408000,2026-02-06T20:00:00+00:00,0.09865,0.09973,0.09804,0.0984,75568542.1
1770422400,2026-02-07T00:00:00+00:00,0.09839,0.09894,0.09723,0.09857,53655070.099999994
1770436800,2026-02-07T04:00:00+00:00,0.09857,0.09916,0.09466,0.09579,77274080.7
1770451200,2026-02-07T08:00:00+00:00,0.09577,0.09626,0.09477,0.0954,27758063.4
1770465600,2026-02-07T12:00:00+00:00,0.09539,0.09764,0.09526,0.09675,52954935.2
1770480000,2026-02-07T16:00:00+00:00,0.09675,0.09938,0.0963,0.09833,66395067.099999994
1770494400,2026-02-07T20:00:00+00:00,0.09832,0.09887,0.09759,0.09816,28008445.0
1770508800,2026-02-08T00:00:00+00:00,0.0982,0.09843,0.09683,0.09691,25117519.700000003
1770523200,2026-02-08T04:00:00+00:00,0.0969,0.09754,0.09628,0.09678,16757448.9
1770537600,2026-02-08T08:00:00+00:00,0.09679,0.09874,0.09615,0.09838,53182101.0
1770552000,2026-02-08T12:00:00+00:00,0.09835,0.09853,0.09678,0.09725,39214028.1
1770566400,2026-02-08T16:00:00+00:00,0.09725,0.09788,0.09487,0.09765,55197669.50000001
1770580800,2026-02-08T20:00:00+00:00,0.09765,0.09896,0.09585,0.09655,51688553.900000006
1770595200,2026-02-09T00:00:00+00:00,0.09656,0.09739,0.09552,0.09711,28325231.299999997
1770609600,2026-02-09T04:00:00+00:00,0.09707,0.09708,0.09484,0.09526,22093062.3
1770624000,2026-02-09T08:00:00+00:00,0.09525,0.09529,0.09233,0.0931,41825132.400000006
1770638400,2026-02-09T12:00:00+00:00,0.09311,0.09555,0.09304,0.09519,49116388.2
1770652800,2026-02-09T16:00:00+00:00,0.09513,0.09673,0.09427,0.09633,54205872.7
1770667200,2026-02-09T20:00:00+00:00,0.09628,0.09693,0.09522,0.09605,27083915.4
1770681600,2026-02-10T00:00:00+00:00,0.09606,0.09653,0.0942,0.0948,26060018.800000004
1770696000,2026-02-10T04:00:00+00:00,0.09479,0.0956,0.09292,0.09357,26794807.500000004
1770710400,2026-02-10T08:00:00+00:00,0.0936,0.09414,0.09266,0.09284,25010400.4
1770724800,2026-02-10T12:00:00+00:00,0.09285,0.09368,0.09175,0.09298,50271231.0
1770739200,2026-02-10T16:00:00+00:00,0.09296,0.09413,0.09213,0.09302,48318276.2
1770753600,2026-02-10T20:00:00+00:00,0.093,0.09314,0.09223,0.09274,19192119.9
1770768000,2026-02-11T00:00:00+00:00,0.09273,0.09355,0.09206,0.09295,28118067.9
1770782400,2026-02-11T04:00:00+00:00,0.09294,0.09317,0.09013,0.09051,40335426.6
1770796800,2026-02-11T08:00:00+00:00,0.09048,0.09064,0.08935,0.09018,19145871.9
1770811200,2026-02-11T12:00:00+00:00,0.09017,0.0925,0.08786,0.08897,84708431.1
1770825600,2026-02-11T16:00:00+00:00,0.08897,0.09136,0.08865,0.09099,54877997.699999996
1770840000,2026-02-11T20:00:00+00:00,0.09098,0.09218,0.09024,0.09105,42691035.2
1770854400,2026-02-12T00:00:00+00:00,0.09107,0.09223,0.09106,0.09214,21549699.800000004
1770868800,2026-02-12T04:00:00+00:00,0.09213,0.09297,0.09142,0.09288,24895499.2
1770883200,2026-02-12T08:00:00+00:00,0.09289,0.09424,0.09234,0.09384,18566046.2
1770897600,2026-02-12T12:00:00+00:00,0.09386,0.0945,0.09301,0.09321,29876181.9
1770912000,2026-02-12T16:00:00+00:00,0.0932,0.0937,0.09072,0.09163,50591816.00000001
1770926400,2026-02-12T20:00:00+00:00,0.09163,0.09339,0.09062,0.0929,32560816.4
1770940800,2026-02-13T00:00:00+00:00,0.09289,0.0933,0.09207,0.09286,17091852.0
1770955200,2026-02-13T04:00:00+00:00,0.09286,0.09341,0.09171,0.09296,10370955.7
1770969600,2026-02-13T08:00:00+00:00,0.09297,0.09403,0.09292,0.09391,12669081.5
1770984000,2026-02-13T12:00:00+00:00,0.09389,0.0966,0.09285,0.09531,52976520.9
1770998400,2026-02-13T16:00:00+00:00,0.09532,0.09691,0.09495,0.09629,43524282.7
1771012800,2026-02-13T20:00:00+00:00,0.0963,0.09758,0.096,0.0966,41857460.800000004
1771027200,2026-02-14T00:00:00+00:00,0.09661,0.09702,0.09625,0.09681,14292692.100000001
1771041600,2026-02-14T04:00:00+00:00,0.09678,0.097,0.09637,0.09651,9139179.0
1771056000,2026-02-14T08:00:00+00:00,0.0965,0.10112,0.09648,0.1006,69431817.7
1771070400,2026-02-14T12:00:00+00:00,0.10061,0.10423,0.09906,0.10393,97605239.9
1771084800,2026-02-14T16:00:00+00:00,0.10394,0.10923,0.10242,0.10851,106738505.3
1771099200,2026-02-14T20:00:00+00:00,0.10857,0.11357,0.108,0.11099,137273455.7
1771113600,2026-02-15T00:00:00+00:00,0.11097,0.11545,0.11043,0.11472,94976769.7
1771128000,2026-02-15T04:00:00+00:00,0.1147,0.11751,0.11399,0.11603,103127617.8
1771142400,2026-02-15T08:00:00+00:00,0.11603,0.11639,0.11218,0.11267,46443633.099999994
1771156800,2026-02-15T12:00:00+00:00,0.11266,0.11289,0.10686,0.10772,97967602.10000001
1771171200,2026-02-15T16:00:00+00:00,0.10771,0.10771,0.10245,0.10264,125923497.80000001
1771185600,2026-02-15T20:00:00+00:00,0.10262,0.10337,0.10149,0.10262,70130570.9
1771200000,2026-02-16T00:00:00+00:00,0.10261,0.10321,0.10155,0.10216,56953476.199999996
1771214400,2026-02-16T04:00:00+00:00,0.10211,0.10353,0.10114,0.10195,40449171.3
1771228800,2026-02-16T08:00:00+00:00,0.10197,0.10333,0.10066,0.10154,32403719.2
1771243200,2026-02-16T12:00:00+00:00,0.1016,0.10342,0.09845,0.09951,89376974.7
1771257600,2026-02-16T16:00:00+00:00,0.0995,0.10121,0.09942,0.10028,44908082.6
1771272000,2026-02-16T20:00:00+00:00,0.10025,0.10134,0.09984,0.10098,38999404.6
1771286400,2026-02-17T00:00:00+00:00,0.10099,0.10127,0.09959,0.10044,48070531.6
1771300800,2026-02-17T04:00:00+00:00,0.10046,0.10075,0.09907,0.09972,28112410.599999998
1771315200,2026-02-17T08:00:00+00:00,0.09973,0.10003,0.09834,0.09877,23967013.1
1771329600,2026-02-17T12:00:00+00:00,0.09878,0.10102,0.09835,0.10043,55599915.4
1771344000,2026-02-17T16:00:00+00:00,0.10044,0.10357,0.09971,0.10107,90884222.0
1771358400,2026-02-17T20:00:00+00:00,0.10104,0.10138,0.10027,0.10063,21567195.7
1771372800,2026-02-18T00:00:00+00:00,0.10059,0.10142,0.0999,0.10118,24392393.7
1771387200,2026-02-18T04:00:00+00:00,0.10118,0.10172,0.10055,0.10141,14725647.700000001
1771401600,2026-02-18T08:00:00+00:00,0.10141,0.10196,0.0992,0.10008,24418302.5
1771416000,2026-02-18T12:00:00+00:00,0.10008,0.10227,0.09938,0.10106,39030304.8
1771430400,2026-02-18T16:00:00+00:00,0.10106,0.10114,0.09743,0.09848,38637208.1
1771444800,2026-02-18T20:00:00+00:00,0.09849,0.09908,0.09789,0.09849,25019964.0
1771459200,2026-02-19T00:00:00+00:00,0.09851,0.09895,0.09785,0.09859,17904051.6
1771473600,2026-02-19T04:00:00+00:00,0.09858,0.0992,0.09676,0.09829,55669941.900000006
1771488000,2026-02-19T08:00:00+00:00,0.09828,0.09832,0.09709,0.09766,20703785.9
1771502400,2026-02-19T12:00:00+00:00,0.09765,0.0983,0.0964,0.09683,47295462.099999994
1771516800,2026-02-19T16:00:00+00:00,0.09681,0.09842,0.09553,0.09808,40619725.400000006
1771531200,2026-02-19T20:00:00+00:00,0.09803,0.09837,0.09731,0.09832,18451148.7
1771545600,2026-02-20T00:00:00+00:00,0.0983,0.09946,0.09815,0.0987,14635800.4
1771560000,2026-02-20T04:00:00+00:00,0.09871,0.09978,0.09816,0.09855,18984316.3
1771574400,2026-02-20T08:00:00+00:00,0.09857,0.0994,0.09825,0.09844,18647910.700000003
1771588800,2026-02-20T12:00:00+00:00,0.09842,0.10052,0.09562,0.10023,86167997.9
1771603200,2026-02-20T16:00:00+00:00,0.10027,0.10241,0.09867,0.10021,100901515.5
1771617600,2026-02-20T20:00:00+00:00,0.10021,0.10116,0.09966,0.10009,25191425.0
1771632000,2026-02-21T00:00:00+00:00,0.1001,0.10027,0.09895,0.09991,50040103.7
1771646400,2026-02-21T04:00:00+00:00,0.0999,0.10018,0.09964,0.10007,7630090.3
1771660800,2026-02-21T08:00:00+00:00,0.10008,0.10095,0.0998,0.10013,10556420.1
1771675200,2026-02-21T12:00:00+00:00,0.10011,0.10077,0.09965,0.09998,19751049.5
1771689600,2026-02-21T16:00:00+00:00,0.1,0.10003,0.09903,0.09943,21768331.8
1771704000,2026-02-21T20:00:00+00:00,0.09943,0.09956,0.09838,0.0984,19806704.799999997
1771718400,2026-02-22T00:00:00+00:00,0.09839,0.09852,0.09671,0.09736,28541777.0
1771732800,2026-02-22T04:00:00+00:00,0.09736,0.0975,0.09688,0.09728,12880740.0
1771747200,2026-02-22T08:00:00+00:00,0.09725,0.09767,0.09707,0.09733,4136825.6
1771761600,2026-02-22T12:00:00+00:00,0.09732,0.09739,0.09516,0.0957,37029780.400000006
1771776000,2026-02-22T16:00:00+00:00,0.09572,0.09588,0.09467,0.09501,20868087.8
1771790400,2026-02-22T20:00:00+00:00,0.09501,0.09602,0.09455,0.09552,31008624.3
1771804800,2026-02-23T00:00:00+00:00,0.09553,0.09573,0.09142,0.09272,148951875.0
1771819200,2026-02-23T04:00:00+00:00,0.09273,0.09543,0.09227,0.0948,26920587.299999997
1771833600,2026-02-23T08:00:00+00:00,0.09479,0.0971,0.09439,0.09674,20429448.4
1771848000,2026-02-23T12:00:00+00:00,0.09675,0.09761,0.09489,0.09494,54215006.9
1771862400,2026-02-23T16:00:00+00:00,0.09493,0.09541,0.09253,0.09284,71432959.6
1771876800,2026-02-23T20:00:00+00:00,0.09285,0.09352,0.09246,0.09263,26042714.199999996
1771891200,2026-02-24T00:00:00+00:00,0.09265,0.09357,0.09095,0.09206,40284985.7
1771905600,2026-02-24T04:00:00+00:00,0.09207,0.09213,0.09052,0.09122,64808648.099999994
1771920000,2026-02-24T08:00:00+00:00,0.0912,0.09167,0.09071,0.09128,13105054.0
1771934400,2026-02-24T12:00:00+00:00,0.09127,0.09256,0.08996,0.09176,50991023.49999999
1771948800,2026-02-24T16:00:00+00:00,0.09177,0.09271,0.09138,0.09204,40372787.599999994
1771963200,2026-02-24T20:00:00+00:00,0.09205,0.0924,0.09135,0.09136,33890259.3
1771977600,2026-02-25T00:00:00+00:00,0.09138,0.09495,0.09083,0.09275,102959900.1
1771992000,2026-02-25T04:00:00+00:00,0.09275,0.09294,0.09135,0.09285,27374640.9
1772006400,2026-02-25T08:00:00+00:00,0.09285,0.09426,0.0925,0.09406,24334701.6
1772020800,2026-02-25T12:00:00+00:00,0.09406,0.10296,0.09402,0.10157,171757289.8
1772035200,2026-02-25T16:00:00+00:00,0.10157,0.10432,0.10083,0.10407,127186744.69999999
1772049600,2026-02-25T20:00:00+00:00,0.10409,0.10622,0.09948,0.10095,131072126.6
1772064000,2026-02-26T00:00:00+00:00,0.10095,0.1016,0.09983,0.10075,30398860.700000003
1772078400,2026-02-26T04:00:00+00:00,0.10074,0.10168,0.09932,0.0996,20845715.299999997
1772092800,2026-02-26T08:00:00+00:00,0.09958,0.10056,0.09828,0.09851,31884373.900000002
1772107200,2026-02-26T12:00:00+00:00,0.09851,0.0995,0.09731,0.09864,69879992.7
1772121600,2026-02-26T16:00:00+00:00,0.09861,0.09878,0.09539,0.09736,53477173.8
1772136000,2026-02-26T20:00:00+00:00,0.09735,0.09764,0.09645,0.097,20258898.7
1772150400,2026-02-27T00:00:00+00:00,0.09702,0.09768,0.09623,0.09752,20404004.1
1772164800,2026-02-27T04:00:00+00:00,0.09752,0.09951,0.09752,0.09844,35885218.8
1772179200,2026-02-27T08:00:00+00:00,0.09844,0.09863,0.09469,0.09496,31548071.799999997
1772193600,2026-02-27T12:00:00+00:00,0.09498,0.09553,0.09362,0.09404,66765022.3
1772208000,2026-02-27T16:00:00+00:00,0.09404,0.09429,0.09272,0.09298,34022936.900000006
1772222400,2026-02-27T20:00:00+00:00,0.09297,0.09347,0.09195,0.09338,27905706.200000003
1772236800,2026-02-28T00:00:00+00:00,0.09339,0.09376,0.09312,0.09324,14178329.5
1772251200,2026-02-28T04:00:00+00:00,0.09324,0.09342,0.08804,0.08935,76465028.5
1772265600,2026-02-28T08:00:00+00:00,0.08934,0.08948,0.08774,0.08879,44428221.800000004
1772280000,2026-02-28T12:00:00+00:00,0.08879,0.09203,0.08858,0.09071,93525208.3
1772294400,2026-02-28T16:00:00+00:00,0.09071,0.09344,0.09018,0.09285,63600869.50000001
1772308800,2026-02-28T20:00:00+00:00,0.09286,0.095,0.09262,0.09407,61110270.0
1772323200,2026-03-01T00:00:00+00:00,0.09409,0.09788,0.09309,0.0963,64548937.199999996
1772337600,2026-03-01T04:00:00+00:00,0.09632,0.09659,0.09434,0.09488,19700543.1
1772352000,2026-03-01T08:00:00+00:00,0.09487,0.09488,0.09318,0.09351,18923182.299999997
1772366400,2026-03-01T12:00:00+00:00,0.09351,0.09552,0.09253,0.09386,34199692.0
1772380800,2026-03-01T16:00:00+00:00,0.09387,0.09451,0.09154,0.09178,62446679.79999999
1772395200,2026-03-01T20:00:00+00:00,0.0918,0.09347,0.09057,0.09186,51317017.7
1772409600,2026-03-02T00:00:00+00:00,0.09191,0.09447,0.09183,0.09327,30089056.1
1772424000,2026-03-02T04:00:00+00:00,0.09328,0.09353,0.09119,0.09172,12902221.700000001
1772438400,2026-03-02T08:00:00+00:00,0.09173,0.09297,0.09129,0.09183,23120411.700000003
1772452800,2026-03-02T12:00:00+00:00,0.09184,0.09665,0.09077,0.0957,68113404.3
1772467200,2026-03-02T16:00:00+00:00,0.09568,0.09772,0.09435,0.09555,68072292.4
1772481600,2026-03-02T20:00:00+00:00,0.09553,0.09601,0.09329,0.09356,41718208.900000006
1772496000,2026-03-03T00:00:00+00:00,0.09356,0.09384,0.09207,0.09258,31881273.300000004
1772510400,2026-03-03T04:00:00+00:00,0.09256,0.09261,0.0911,0.09134,23560306.5
1772524800,2026-03-03T08:00:00+00:00,0.09133,0.09157,0.08923,0.09005,33264333.800000004
1772539200,2026-03-03T12:00:00+00:00,0.09006,0.09108,0.08866,0.09019,66724104.0
1772553600,2026-03-03T16:00:00+00:00,0.09019,0.09261,0.08748,0.0894,128551909.7
1772568000,2026-03-03T20:00:00+00:00,0.08942,0.0909,0.08851,0.08998,40228584.8
1772582400,2026-03-04T00:00:00+00:00,0.08997,0.09063,0.08861,0.08943,33881649.8
1772596800,2026-03-04T04:00:00+00:00,0.0894,0.09058,0.08873,0.09013,29614823.999999996
1772611200,2026-03-04T08:00:00+00:00,0.09016,0.09344,0.0897,0.09231,83651107.6
1772625600,2026-03-04T12:00:00+00:00,0.0923,0.09924,0.09152,0.09905,110060231.80000001
1772640000,2026-03-04T16:00:00+00:00,0.09907,0.10435,0.09747,0.10283,191423499.79999998
1772654400,2026-03-04T20:00:00+00:00,0.10284,0.10356,0.0982,0.09895,82418351.10000001
1772668800,2026-03-05T00:00:00+00:00,0.09894,0.09923,0.09594,0.09621,59376728.5
1772683200,2026-03-05T04:00:00+00:00,0.09622,0.09741,0.0952,0.0957,32938886.8
1772697600,2026-03-05T08:00:00+00:00,0.09571,0.09802,0.09534,0.09594,43377293.400000006
1772712000,2026-03-05T12:00:00+00:00,0.09594,0.09647,0.09393,0.0943,55289762.1
1772726400,2026-03-05T16:00:00+00:00,0.09428,0.09455,0.09277,0.09391,40824109.800000004
1772740800,2026-03-05T20:00:00+00:00,0.09393,0.09479,0.09346,0.09357,23938443.299999997
1772755200,2026-03-06T00:00:00+00:00,0.09358,0.09433,0.09317,0.09391,14292542.2
1772769600,2026-03-06T04:00:00+00:00,0.09391,0.09437,0.09301,0.09399,15913374.200000001
1772784000,2026-03-06T08:00:00+00:00,0.094,0.094,0.09242,0.09307,18779853.299999997
1772798400,2026-03-06T12:00:00+00:00,0.09307,0.09355,0.09,0.09032,82022383.9
1772812800,2026-03-06T16:00:00+00:00,0.09028,0.09131,0.09001,0.09086,67775075.39999999
1772827200,2026-03-06T20:00:00+00:00,0.09084,0.09163,0.09055,0.09127,20370864.9
1772841600,2026-03-07T00:00:00+00:00,0.09128,0.09211,0.09102,0.09107,21116617.5
1772856000,2026-03-07T04:00:00+00:00,0.09108,0.09125,0.09037,0.09059,12949093.100000001
1772870400,2026-03-07T08:00:00+00:00,0.09057,0.09087,0.09004,0.0906,10757978.8
1772884800,2026-03-07T12:00:00+00:00,0.0906,0.09065,0.0894,0.09,25301265.5
1772899200,2026-03-07T16:00:00+00:00,0.09,0.09063,0.08928,0.0896,19672246.4
1772913600,2026-03-07T20:00:00+00:00,0.08961,0.0902,0.08942,0.08994,12516186.200000001
1772928000,2026-03-08T00:00:00+00:00,0.08995,0.0902,0.08876,0.08934,16820598.9
1772942400,2026-03-08T04:00:00+00:00,0.08935,0.08973,0.08874,0.08933,16774683.600000001
1772956800,2026-03-08T08:00:00+00:00,0.08934,0.09134,0.08896,0.08936,22391297.2
1772971200,2026-03-08T12:00:00+00:00,0.08933,0.08948,0.0879,0.0887,38387697.9
1772985600,2026-03-08T16:00:00+00:00,0.08871,0.08969,0.08821,0.08934,22405844.8
1773000000,2026-03-08T20:00:00+00:00,0.08935,0.09012,0.08658,0.08916,47456860.1
1773014400,2026-03-09T00:00:00+00:00,0.08914,0.0917,0.089,0.09039,59007957.3
1773028800,2026-03-09T04:00:00+00:00,0.0904,0.09179,0.08932,0.08998,30641781.299999997
1773043200,2026-03-09T08:00:00+00:00,0.08998,0.09136,0.08973,0.09041,17457000.9
1773057600,2026-03-09T12:00:00+00:00,0.09039,0.09244,0.09036,0.09118,54027275.2
1773072000,2026-03-09T16:00:00+00:00,0.09119,0.09286,0.09067,0.09131,39347129.8
1773086400,2026-03-09T20:00:00+00:00,0.0913,0.09184,0.09022,0.0905,21887446.4
1773100800,2026-03-10T00:00:00+00:00,0.09049,0.09238,0.09035,0.09126,34790297.199999996
1773115200,2026-03-10T04:00:00+00:00,0.09123,0.09247,0.09117,0.09235,17622395.299999997
1773129600,2026-03-10T08:00:00+00:00,0.09238,0.09592,0.09227,0.0945,50878305.5
1773144000,2026-03-10T12:00:00+00:00,0.09451,0.09974,0.0943,0.09915,131918048.0
1773158400,2026-03-10T16:00:00+00:00,0.09916,0.10045,0.0943,0.09478,158236027.7
1773172800,2026-03-10T20:00:00+00:00,0.09477,0.09533,0.09385,0.09456,34567780.800000004
1773187200,2026-03-11T00:00:00+00:00,0.09454,0.09488,0.09244,0.09261,57637691.1
1773201600,2026-03-11T04:00:00+00:00,0.09263,0.09323,0.09147,0.09195,36807335.1
1773216000,2026-03-11T08:00:00+00:00,0.09193,0.09242,0.09152,0.09196,11613231.6
1773230400,2026-03-11T12:00:00+00:00,0.09195,0.09484,0.09123,0.09236,71710445.5
1773244800,2026-03-11T16:00:00+00:00,0.09238,0.09463,0.09226,0.09387,35547240.199999996
1773259200,2026-03-11T20:00:00+00:00,0.09383,0.09405,0.09278,0.09289,17138057.5
1773273600,2026-03-12T00:00:00+00:00,0.0929,0.09305,0.09178,0.09218,19796733.900000002
1773288000,2026-03-12T04:00:00+00:00,0.0922,0.093,0.09182,0.09291,13348018.6
1773302400,2026-03-12T08:00:00+00:00,0.0929,0.09523,0.0924,0.09471,31356170.9
1773316800,2026-03-12T12:00:00+00:00,0.09475,0.09586,0.09316,0.09411,72861790.6
1773331200,2026-03-12T16:00:00+00:00,0.09408,0.09492,0.09337,0.0944,29120073.4
1773345600,2026-03-12T20:00:00+00:00,0.09443,0.09534,0.09407,0.09475,27177839.6
1773360000,2026-03-13T00:00:00+00:00,0.09474,0.09806,0.09455,0.09675,64424563.800000004
1773374400,2026-03-13T04:00:00+00:00,0.09677,0.0969,0.0958,0.09647,16905108.6
1773388800,2026-03-13T08:00:00+00:00,0.09647,0.1004,0.09611,0.10006,60470320.3
1773403200,2026-03-13T12:00:00+00:00,0.10006,0.10199,0.09729,0.09799,153180422.3
1773417600,2026-03-13T16:00:00+00:00,0.098,0.09849,0.09542,0.09605,55711915.3
1773432000,2026-03-13T20:00:00+00:00,0.09605,0.09681,0.09547,0.09597,24387443.900000002
1773446400,2026-03-14T00:00:00+00:00,0.09596,0.09626,0.09515,0.09606,14702367.0
1773460800,2026-03-14T04:00:00+00:00,0.09606,0.09644,0.09426,0.09456,15018382.700000001
1773475200,2026-03-14T08:00:00+00:00,0.09458,0.09554,0.09401,0.09529,17087745.7
1773489600,2026-03-14T12:00:00+00:00,0.09528,0.09569,0.09444,0.09495,27308846.5
1773504000,2026-03-14T16:00:00+00:00,0.09494,0.09547,0.09439,0.09482,11427474.0
1773518400,2026-03-14T20:00:00+00:00,0.0948,0.09621,0.09462,0.09607,14866179.100000001
1773532800,2026-03-15T00:00:00+00:00,0.09608,0.09746,0.09543,0.09606,27799464.3
1773547200,2026-03-15T04:00:00+00:00,0.09607,0.09654,0.09554,0.09566,12298833.6
1773561600,2026-03-15T08:00:00+00:00,0.09566,0.09664,0.09564,0.09643,15508989.399999999
1773576000,2026-03-15T12:00:00+00:00,0.09644,0.09666,0.0947,0.09501,19683756.0
1773590400,2026-03-15T16:00:00+00:00,0.095,0.09585,0.09449,0.09523,11931709.700000001
1773604800,2026-03-15T20:00:00+00:00,0.09523,0.0981,0.09496,0.09738,43628606.0
1773619200,2026-03-16T00:00:00+00:00,0.0974,0.10141,0.09705,0.09997,80897514.8
1773633600,2026-03-16T04:00:00+00:00,0.1,0.10269,0.09981,0.102,80483870.5
1773648000,2026-03-16T08:00:00+00:00,0.10203,0.10294,0.09938,0.09994,56943657.699999996
1773662400,2026-03-16T12:00:00+00:00,0.09996,0.10352,0.09974,0.10008,98805146.5
1773676800,2026-03-16T16:00:00+00:00,0.10008,0.10296,0.0999,0.102,44541962.6
1773691200,2026-03-16T20:00:00+00:00,0.10201,0.10375,0.10121,0.10306,59159695.0
1773705600,2026-03-17T00:00:00+00:00,0.10304,0.10446,0.10068,0.10126,68475196.30000001
1773720000,2026-03-17T04:00:00+00:00,0.10128,0.10167,0.09947,0.10054,54473801.1
1773734400,2026-03-17T08:00:00+00:00,0.10055,0.10143,0.09998,0.10014,24106646.4
1773748800,2026-03-17T12:00:00+00:00,0.10013,0.10059,0.09834,0.09969,55550231.8
1773763200,2026-03-17T16:00:00+00:00,0.09967,0.10117,0.09945,0.10025,25510695.0
1773777600,2026-03-17T20:00:00+00:00,0.10028,0.10178,0.09997,0.10021,25828009.099999998
1773792000,2026-03-18T00:00:00+00:00,0.1002,0.10192,0.09971,0.10123,27367565.8
1773806400,2026-03-18T04:00:00+00:00,0.10121,0.10126,0.09924,0.0996,19787065.8
1773820800,2026-03-18T08:00:00+00:00,0.09959,0.10013,0.09664,0.09711,38998466.7
1773835200,2026-03-18T12:00:00+00:00,0.09711,0.09714,0.09396,0.0944,76219502.5
1773849600,2026-03-18T16:00:00+00:00,0.09439,0.09558,0.09331,0.09464,55622887.599999994
1773864000,2026-03-18T20:00:00+00:00,0.09465,0.09563,0.09393,0.09526,22961751.8
1773878400,2026-03-19T00:00:00+00:00,0.09524,0.0961,0.09447,0.09548,15532061.200000001
1773892800,2026-03-19T04:00:00+00:00,0.09544,0.09554,0.09322,0.09441,25676657.9
1773907200,2026-03-19T08:00:00+00:00,0.0944,0.0954,0.09369,0.09403,18890707.9
1773921600,2026-03-19T12:00:00+00:00,0.09402,0.09402,0.09216,0.09291,47845705.1
1773936000,2026-03-19T16:00:00+00:00,0.09286,0.09395,0.09171,0.09336,40272315.199999996
1773950400,2026-03-19T20:00:00+00:00,0.09333,0.09383,0.09299,0.09353,17234362.4
1773964800,2026-03-20T00:00:00+00:00,0.09353,0.09468,0.09352,0.0941,20518062.8
1773979200,2026-03-20T04:00:00+00:00,0.09409,0.0954,0.09364,0.09409,19245730.5
1773993600,2026-03-20T08:00:00+00:00,0.09408,0.09508,0.09351,0.09412,14836226.3
1774008000,2026-03-20T12:00:00+00:00,0.09413,0.09443,0.09306,0.09419,40399855.3
1774022400,2026-03-20T16:00:00+00:00,0.09423,0.09443,0.09285,0.09369,21335183.7
1774036800,2026-03-20T20:00:00+00:00,0.09368,0.09491,0.0932,0.09414,20235085.4
1774051200,2026-03-21T00:00:00+00:00,0.09416,0.09496,0.09391,0.09474,12223027.400000002
1774065600,2026-03-21T04:00:00+00:00,0.09471,0.09493,0.09427,0.09435,10167064.2
1774080000,2026-03-21T08:00:00+00:00,0.09435,0.09447,0.0938,0.09399,4018784.6
1774094400,2026-03-21T12:00:00+00:00,0.09401,0.09463,0.0935,0.09462,19138935.1
1774108800,2026-03-21T16:00:00+00:00,0.09463,0.09464,0.09387,0.09408,8821624.4
1774123200,2026-03-21T20:00:00+00:00,0.09405,0.0944,0.09053,0.09134,37671650.2
1774137600,2026-03-22T00:00:00+00:00,0.09132,0.09285,0.09,0.09234,47122632.599999994
1774152000,2026-03-22T04:00:00+00:00,0.09232,0.09286,0.09129,0.0913,27665782.799999997
1774166400,2026-03-22T08:00:00+00:00,0.09132,0.09161,0.09073,0.09109,25531592.900000002
1774180800,2026-03-22T12:00:00+00:00,0.09112,0.09196,0.09111,0.09165,14453636.3
1774195200,2026-03-22T16:00:00+00:00,0.09162,0.09177,0.09009,0.09052,17768450.2
1774209600,2026-03-22T20:00:00+00:00,0.09053,0.09078,0.08919,0.09021,53144944.5
1774224000,2026-03-23T00:00:00+00:00,0.09022,0.09145,0.08977,0.09062,24041437.4
1774238400,2026-03-23T04:00:00+00:00,0.09062,0.09121,0.08974,0.09042,22448066.1
1774252800,2026-03-23T08:00:00+00:00,0.09043,0.09532,0.08925,0.09252,68559160.2
1774267200,2026-03-23T12:00:00+00:00,0.09253,0.09575,0.09189,0.09375,56313154.6
1774281600,2026-03-23T16:00:00+00:00,0.09376,0.09575,0.09305,0.09485,39585771.7
1774296000,2026-03-23T20:00:00+00:00,0.09486,0.09547,0.0935,0.09417,40001239.5
1774310400,2026-03-24T00:00:00+00:00,0.09419,0.09436,0.09267,0.09377,28357880.099999998
1774324800,2026-03-24T04:00:00+00:00,0.09377,0.0954,0.09317,0.0952,19005695.5
1774339200,2026-03-24T08:00:00+00:00,0.09525,0.09556,0.09359,0.09419,26567342.2
1774353600,2026-03-24T12:00:00+00:00,0.09419,0.09465,0.09265,0.09333,37165475.1
1774368000,2026-03-24T16:00:00+00:00,0.09332,0.09373,0.0924,0.09308,22654179.099999998
1774382400,2026-03-24T20:00:00+00:00,0.09307,0.09538,0.09301,0.09505,47495533.5
1774396800,2026-03-25T00:00:00+00:00,0.09507,0.09544,0.09436,0.09516,22950441.4
1774411200,2026-03-25T04:00:00+00:00,0.09516,0.09766,0.09497,0.09677,38231336.8
1774425600,2026-03-25T08:00:00+00:00,0.0968,0.09745,0.09642,0.09703,24014084.5
1774440000,2026-03-25T12:00:00+00:00,0.09702,0.09793,0.09556,0.09595,53526193.7
1774454400,2026-03-25T16:00:00+00:00,0.09594,0.09706,0.09582,0.09639,33778037.7
1774468800,2026-03-25T20:00:00+00:00,0.0964,0.09678,0.0957,0.09617,22921209.5
1774483200,2026-03-26T00:00:00+00:00,0.09615,0.09626,0.09411,0.09449,19809020.3
1774497600,2026-03-26T04:00:00+00:00,0.09448,0.09457,0.09221,0.09271,29554657.8
1774512000,2026-03-26T08:00:00+00:00,0.09269,0.09274,0.09108,0.09131,27216785.4
1774526400,2026-03-26T12:00:00+00:00,0.09128,0.09215,0.09049,0.09092,37048441.4
1774540800,2026-03-26T16:00:00+00:00,0.09088,0.09151,0.09051,0.09105,47299775.6
1774555200,2026-03-26T20:00:00+00:00,0.09103,0.09268,0.0909,0.09198,39750422.6
1774569600,2026-03-27T00:00:00+00:00,0.09197,0.09265,0.0917,0.0919,11691064.900000002
1774584000,2026-03-27T04:00:00+00:00,0.0919,0.09227,0.09134,0.09214,13023332.399999999
1774598400,2026-03-27T08:00:00+00:00,0.09213,0.09237,0.08922,0.09007,37842150.1
1774612800,2026-03-27T12:00:00+00:00,0.09005,0.09087,0.08927,0.09032,45074035.099999994
1774627200,2026-03-27T16:00:00+00:00,0.09031,0.09045,0.08938,0.08999,28967067.900000002
1774641600,2026-03-27T20:00:00+00:00,0.09001,0.09025,0.08958,0.09002,16671399.2
1774656000,2026-03-28T00:00:00+00:00,0.09004,0.09061,0.08977,0.08985,11891696.299999999
1774670400,2026-03-28T04:00:00+00:00,0.08985,0.0912,0.08963,0.09113,15292887.200000001
1774684800,2026-03-28T08:00:00+00:00,0.09113,0.09211,0.09075,0.09128,17387785.599999998
1774699200,2026-03-28T12:00:00+00:00,0.09131,0.09527,0.09109,0.09398,94014895.0
1774713600,2026-03-28T16:00:00+00:00,0.09398,0.09422,0.09191,0.0922,35603900.9
1774728000,2026-03-28T20:00:00+00:00,0.09221,0.09237,0.09031,0.09093,25895605.0
1774742400,2026-03-29T00:00:00+00:00,0.09093,0.09158,0.09049,0.09134,20887095.8
1774756800,2026-03-29T04:00:00+00:00,0.09135,0.09142,0.09063,0.09109,10111393.200000001
1774771200,2026-03-29T08:00:00+00:00,0.09109,0.09128,0.09033,0.09091,7940005.0
1774785600,2026-03-29T12:00:00+00:00,0.0909,0.0909,0.08998,0.0901,16783109.0
1774800000,2026-03-29T16:00:00+00:00,0.09009,0.09074,0.08983,0.09056,9616785.700000001
1774814400,2026-03-29T20:00:00+00:00,0.09057,0.09148,0.08788,0.09035,49428105.7
1774828800,2026-03-30T00:00:00+00:00,0.09037,0.09281,0.09018,0.09243,39994306.800000004
1774843200,2026-03-30T04:00:00+00:00,0.09244,0.09358,0.09244,0.09322,20905373.5
1774857600,2026-03-30T08:00:00+00:00,0.09323,0.09379,0.09207,0.09282,34225690.4
1774872000,2026-03-30T12:00:00+00:00,0.09283,0.09326,0.09224,0.09283,25075748.599999998
1774886400,2026-03-30T16:00:00+00:00,0.09283,0.09298,0.0904,0.09087,27764678.9
1774900800,2026-03-30T20:00:00+00:00,0.09086,0.09147,0.09033,0.09077,17209543.9
1774915200,2026-03-31T00:00:00+00:00,0.09079,0.09269,0.09046,0.0916,19680096.5
1774929600,2026-03-31T04:00:00+00:00,0.09161,0.09186,0.09093,0.09111,12210221.9
1774944000,2026-03-31T08:00:00+00:00,0.09111,0.0914,0.08928,0.09028,32282059.6
1774958400,2026-03-31T12:00:00+00:00,0.09029,0.09181,0.09005,0.09031,28782554.700000003
1774972800,2026-03-31T16:00:00+00:00,0.09031,0.09255,0.09023,0.09204,35867547.1
1774987200,2026-03-31T20:00:00+00:00,0.09203,0.09272,0.09128,0.09224,29233712.1
1775001600,2026-04-01T00:00:00+00:00,0.09222,0.09271,0.09152,0.0924,16771589.9
1775016000,2026-04-01T04:00:00+00:00,0.0924,0.09448,0.09209,0.0932,26072804.9
1775030400,2026-04-01T08:00:00+00:00,0.09323,0.09338,0.09185,0.0925,14018111.9
1775044800,2026-04-01T12:00:00+00:00,0.09248,0.09326,0.09209,0.09304,33008624.8
1775059200,2026-04-01T16:00:00+00:00,0.09306,0.09432,0.09235,0.09281,44480559.3
1775073600,2026-04-01T20:00:00+00:00,0.09283,0.09331,0.09208,0.09214,24021160.099999998
1775088000,2026-04-02T00:00:00+00:00,0.09214,0.09271,0.08952,0.09013,64116387.300000004
1775102400,2026-04-02T04:00:00+00:00,0.09012,0.09035,0.08927,0.09021,12329059.4
1775116800,2026-04-02T08:00:00+00:00,0.0902,0.09054,0.08948,0.08996,11073973.0
1775131200,2026-04-02T12:00:00+00:00,0.08995,0.09121,0.08893,0.09033,33442809.1
1775145600,2026-04-02T16:00:00+00:00,0.09031,0.09082,0.08966,0.09026,20627727.900000002
1775160000,2026-04-02T20:00:00+00:00,0.09026,0.09072,0.09008,0.09039,11851824.4
1775174400,2026-04-03T00:00:00+00:00,0.0904,0.09076,0.08989,0.09061,16327319.3
1775188800,2026-04-03T04:00:00+00:00,0.09061,0.09152,0.09028,0.09118,14988748.7
1775203200,2026-04-03T08:00:00+00:00,0.09119,0.09167,0.09103,0.09146,10652307.9
1775217600,2026-04-03T12:00:00+00:00,0.09146,0.09221,0.09082,0.0915,28822898.6
1775232000,2026-04-03T16:00:00+00:00,0.0915,0.09257,0.09119,0.09178,19225343.4
1775246400,2026-04-03T20:00:00+00:00,0.09175,0.09237,0.09124,0.09152,15241503.3
1775260800,2026-04-04T00:00:00+00:00,0.09152,0.09154,0.09092,0.09123,8262748.3
1775275200,2026-04-04T04:00:00+00:00,0.09121,0.09151,0.09099,0.09136,5850946.399999999
1775289600,2026-04-04T08:00:00+00:00,0.09134,0.09134,0.09072,0.09113,8869668.1
1775304000,2026-04-04T12:00:00+00:00,0.09111,0.09191,0.09072,0.09175,10619185.9
1775318400,2026-04-04T16:00:00+00:00,0.09175,0.09312,0.09152,0.09225,19482610.0
1775332800,2026-04-04T20:00:00+00:00,0.09227,0.09239,0.09179,0.09205,14112184.7
1775347200,2026-04-05T00:00:00+00:00,0.09204,0.09214,0.0913,0.09138,6664790.1
1775361600,2026-04-05T04:00:00+00:00,0.09136,0.09136,0.0899,0.09004,19030305.3
1775376000,2026-04-05T08:00:00+00:00,0.09003,0.09063,0.09002,0.09034,8709250.700000001
1775390400,2026-04-05T12:00:00+00:00,0.09033,0.09141,0.08969,0.09064,20467422.4
1775404800,2026-04-05T16:00:00+00:00,0.09065,0.09084,0.0902,0.09051,9923006.0
1775419200,2026-04-05T20:00:00+00:00,0.09052,0.0924,0.09021,0.09234,32297720.299999997
1775433600,2026-04-06T00:00:00+00:00,0.09235,0.09357,0.09146,0.09227,56418717.8
1775448000,2026-04-06T04:00:00+00:00,0.09228,0.09284,0.0917,0.09213,13272106.2
1775462400,2026-04-06T08:00:00+00:00,0.09214,0.09347,0.09193,0.09311,19010027.1
1775476800,2026-04-06T12:00:00+00:00,0.0931,0.09313,0.09209,0.09283,19356201.0
1775491200,2026-04-06T16:00:00+00:00,0.09284,0.09292,0.09158,0.09192,23984809.099999998
1775505600,2026-04-06T20:00:00+00:00,0.09196,0.09199,0.08991,0.09051,45652020.4
1775520000,2026-04-07T00:00:00+00:00,0.0905,0.09097,0.09024,0.09048,10299067.700000001
1775534400,2026-04-07T04:00:00+00:00,0.09049,0.0908,0.09025,0.09061,8606790.6
1775548800,2026-04-07T08:00:00+00:00,0.0906,0.09148,0.0903,0.09053,15457778.5
1775563200,2026-04-07T12:00:00+00:00,0.09051,0.09088,0.09,0.09037,24653770.5
1775577600,2026-04-07T16:00:00+00:00,0.09038,0.09232,0.09034,0.09226,39344367.2
1775592000,2026-04-07T20:00:00+00:00,0.09228,0.09603,0.09206,0.0949,114067707.7
1775606400,2026-04-08T00:00:00+00:00,0.09492,0.09524,0.09375,0.09461,27095151.6
1775620800,2026-04-08T04:00:00+00:00,0.09462,0.09507,0.09436,0.09456,13329916.799999999
1775635200,2026-04-08T08:00:00+00:00,0.09457,0.09558,0.09378,0.09428,31401038.5
1775649600,2026-04-08T12:00:00+00:00,0.09429,0.09511,0.09263,0.09343,60833503.7
1775664000,2026-04-08T16:00:00+00:00,0.0934,0.09413,0.09274,0.09311,21066282.6
1775678400,2026-04-08T20:00:00+00:00,0.09309,0.09377,0.09215,0.09242,25584052.0
1775692800,2026-04-09T00:00:00+00:00,0.09241,0.09246,0.09112,0.09158,34925416.5
1775707200,2026-04-09T04:00:00+00:00,0.09155,0.09181,0.09093,0.0914,20090398.4
1775721600,2026-04-09T08:00:00+00:00,0.09139,0.09207,0.09122,0.09169,7263363.8
1775736000,2026-04-09T12:00:00+00:00,0.09169,0.09329,0.09097,0.09288,37042960.599999994
1775750400,2026-04-09T16:00:00+00:00,0.09291,0.0939,0.09206,0.09388,41998800.8
1775764800,2026-04-09T20:00:00+00:00,0.09389,0.09499,0.09234,0.09261,35208986.3
1775779200,2026-04-10T00:00:00+00:00,0.0926,0.09283,0.09195,0.09224,26397617.3
1775793600,2026-04-10T04:00:00+00:00,0.09222,0.09319,0.09215,0.09231,14474399.4
1775808000,2026-04-10T08:00:00+00:00,0.09228,0.09271,0.09198,0.09251,15593168.799999999
1775822400,2026-04-10T12:00:00+00:00,0.0925,0.09464,0.09234,0.09337,45823209.0
1775836800,2026-04-10T16:00:00+00:00,0.09338,0.09532,0.09336,0.0951,24206945.6
1775851200,2026-04-10T20:00:00+00:00,0.09507,0.09524,0.09355,0.09368,15241756.0
1775865600,2026-04-11T00:00:00+00:00,0.09372,0.09416,0.09329,0.09371,6887294.5
1775880000,2026-04-11T04:00:00+00:00,0.09368,0.09389,0.09271,0.0929,13219634.199999997
1775894400,2026-04-11T08:00:00+00:00,0.09289,0.09308,0.09267,0.09295,6518204.8
1775908800,2026-04-11T12:00:00+00:00,0.09295,0.09312,0.0923,0.0928,8436785.899999999
1775923200,2026-04-11T16:00:00+00:00,0.09279,0.09481,0.09276,0.09475,20127022.8
1775937600,2026-04-11T20:00:00+00:00,0.09476,0.09492,0.09284,0.09312,19323124.6
1775952000,2026-04-12T00:00:00+00:00,0.09311,0.09328,0.09071,0.09119,51738637.5
1775966400,2026-04-12T04:00:00+00:00,0.09121,0.09166,0.09106,0.0914,5077768.1
1775980800,2026-04-12T08:00:00+00:00,0.0914,0.09147,0.091,0.09135,4091665.9000000004
1775995200,2026-04-12T12:00:00+00:00,0.09135,0.09147,0.09034,0.09071,16927861.9
1776009600,2026-04-12T16:00:00+00:00,0.09067,0.09135,0.09057,0.09099,12149676.3
1776024000,2026-04-12T20:00:00+00:00,0.09099,0.09177,0.09049,0.09087,18235809.2
1776038400,2026-04-13T00:00:00+00:00,0.09087,0.09156,0.09079,0.09121,22726542.1
1776052800,2026-04-13T04:00:00+00:00,0.09122,0.09157,0.09082,0.09091,18681433.0
1776067200,2026-04-13T08:00:00+00:00,0.0909,0.0913,0.09072,0.09093,10875632.4
1776081600,2026-04-13T12:00:00+00:00,0.09091,0.09268,0.09085,0.09175,40941648.0
1776096000,2026-04-13T16:00:00+00:00,0.09174,0.0933,0.09139,0.09314,37452618.2
1776110400,2026-04-13T20:00:00+00:00,0.09316,0.0944,0.09248,0.09413,73878926.5
1776124800,2026-04-14T00:00:00+00:00,0.09415,0.0943,0.09307,0.09357,27463644.5
1776139200,2026-04-14T04:00:00+00:00,0.09359,0.09377,0.09273,0.09364,23098448.299999997
1776153600,2026-04-14T08:00:00+00:00,0.09364,0.09578,0.09345,0.09441,52141987.099999994
1776168000,2026-04-14T12:00:00+00:00,0.0944,0.09804,0.09376,0.09546,100293890.5
1776182400,2026-04-14T16:00:00+00:00,0.09543,0.09607,0.09243,0.09285,55114115.9
1776196800,2026-04-14T20:00:00+00:00,0.0929,0.09343,0.09247,0.09299,19760324.7
1776211200,2026-04-15T00:00:00+00:00,0.09301,0.09365,0.09299,0.09316,21050428.5
1776225600,2026-04-15T04:00:00+00:00,0.09316,0.09396,0.09269,0.09284,12926079.000000002
1776240000,2026-04-15T08:00:00+00:00,0.09285,0.09379,0.09265,0.09358,9145077.6
1776254400,2026-04-15T12:00:00+00:00,0.09358,0.0942,0.09312,0.09362,29141555.2
1776268800,2026-04-15T16:00:00+00:00,0.09361,0.09682,0.09352,0.09609,42278552.7
1776283200,2026-04-15T20:00:00+00:00,0.09611,0.09617,0.09443,0.0949,38631774.300000004
1776297600,2026-04-16T00:00:00+00:00,0.09491,0.09744,0.09453,0.09703,38679542.8
1776312000,2026-04-16T04:00:00+00:00,0.09703,0.098,0.09611,0.09651,47791360.49999999
1776326400,2026-04-16T08:00:00+00:00,0.0965,0.09662,0.09534,0.0964,42354081.0
1776340800,2026-04-16T12:00:00+00:00,0.09637,0.09779,0.0945,0.09733,100038591.5
1776355200,2026-04-16T16:00:00+00:00,0.09734,0.09988,0.09643,0.09945,69946352.4
1776369600,2026-04-16T20:00:00+00:00,0.09945,0.09981,0.09801,0.09925,45874974.5
1776384000,2026-04-17T00:00:00+00:00,0.09933,0.09966,0.09736,0.09774,48851305.9
1776398400,2026-04-17T04:00:00+00:00,0.09777,0.09854,0.09674,0.09808,29313008.9
1776412800,2026-04-17T08:00:00+00:00,0.0981,0.09952,0.09773,0.09879,56871238.2
1776427200,2026-04-17T12:00:00+00:00,0.09879,0.10161,0.09849,0.10061,183910886.9
1776441600,2026-04-17T16:00:00+00:00,0.10062,0.10224,0.09984,0.10002,75544118.9
1776456000,2026-04-17T20:00:00+00:00,0.10003,0.10068,0.09882,0.09946,28858372.5
1776470400,2026-04-18T00:00:00+00:00,0.09945,0.09981,0.09821,0.09859,25726249.7
1776484800,2026-04-18T04:00:00+00:00,0.0986,0.09911,0.09812,0.09889,9328588.9
1776499200,2026-04-18T08:00:00+00:00,0.09888,0.09891,0.09558,0.09601,39764060.6
1776513600,2026-04-18T12:00:00+00:00,0.09597,0.09645,0.0955,0.09604,22398169.9
1776528000,2026-04-18T16:00:00+00:00,0.09602,0.09621,0.09429,0.09486,48373247.9
1776542400,2026-04-18T20:00:00+00:00,0.09485,0.09541,0.09466,0.09483,11045043.5
1776556800,2026-04-19T00:00:00+00:00,0.09484,0.09513,0.09442,0.09482,11261817.2
1776571200,2026-04-19T04:00:00+00:00,0.0948,0.09524,0.09356,0.09419,24062582.299999997
1776585600,2026-04-19T08:00:00+00:00,0.09418,0.09498,0.0935,0.09458,17254070.7
1776600000,2026-04-19T12:00:00+00:00,0.09459,0.09646,0.09431,0.09566,59525639.599999994
1776614400,2026-04-19T16:00:00+00:00,0.09566,0.09574,0.09381,0.09454,41182390.400000006
1776628800,2026-04-19T20:00:00+00:00,0.09453,0.09453,0.09261,0.09307,41688633.400000006
1776643200,2026-04-20T00:00:00+00:00,0.0931,0.09438,0.09295,0.09427,11840531.899999999
1776657600,2026-04-20T04:00:00+00:00,0.09428,0.09548,0.09364,0.0946,21152999.6
1776672000,2026-04-20T08:00:00+00:00,0.09461,0.09507,0.09408,0.09455,17881066.2
1776686400,2026-04-20T12:00:00+00:00,0.09452,0.09544,0.0941,0.09499,34975155.9
1776700800,2026-04-20T16:00:00+00:00,0.09501,0.09581,0.09442,0.09557,28702432.599999998
1776715200,2026-04-20T20:00:00+00:00,0.09557,0.09614,0.09501,0.09525,15132283.3
1776729600,2026-04-21T00:00:00+00:00,0.09526,0.09591,0.09468,0.09491,15661655.4
1776744000,2026-04-21T04:00:00+00:00,0.09492,0.09586,0.09492,0.09533,14829428.100000001
1776758400,2026-04-21T08:00:00+00:00,0.09532,0.09597,0.09524,0.09549,11849656.0
1776772800,2026-04-21T12:00:00+00:00,0.09551,0.09575,0.0944,0.09478,31012341.099999998
1776787200,2026-04-21T16:00:00+00:00,0.0948,0.0952,0.09358,0.09388,32239093.2
1776801600,2026-04-21T20:00:00+00:00,0.09386,0.09528,0.09381,0.09519,20272512.199999996
1776816000,2026-04-22T00:00:00+00:00,0.09521,0.09693,0.09489,0.09629,20680653.7
1776830400,2026-04-22T04:00:00+00:00,0.09631,0.0983,0.09601,0.0976,41958988.7
1776844800,2026-04-22T08:00:00+00:00,0.09758,0.09862,0.09731,0.09804,22431358.0
1776859200,2026-04-22T12:00:00+00:00,0.09805,0.09836,0.0974,0.09793,43568329.8
1776873600,2026-04-22T16:00:00+00:00,0.09794,0.09823,0.09632,0.09674,33363099.2
1776888000,2026-04-22T20:00:00+00:00,0.09673,0.09693,0.09561,0.09573,23423061.9
1776902400,2026-04-23T00:00:00+00:00,0.09571,0.09661,0.09531,0.09564,44497971.300000004
1776916800,2026-04-23T04:00:00+00:00,0.09562,0.0965,0.09556,0.09598,10859347.8
1776931200,2026-04-23T08:00:00+00:00,0.09598,0.09632,0.09534,0.0962,13867539.5
1776945600,2026-04-23T12:00:00+00:00,0.09621,0.09804,0.0959,0.0974,32424660.0
1776960000,2026-04-23T16:00:00+00:00,0.0974,0.09748,0.09518,0.09623,33682665.1
1776974400,2026-04-23T20:00:00+00:00,0.09623,0.09772,0.09619,0.09716,21986343.9
1776988800,2026-04-24T00:00:00+00:00,0.09719,0.09807,0.09684,0.09724,23727055.8
1777003200,2026-04-24T04:00:00+00:00,0.09725,0.09817,0.09699,0.09783,29016494.9
1777017600,2026-04-24T08:00:00+00:00,0.09783,0.09855,0.09686,0.09823,38221078.400000006
1777032000,2026-04-24T12:00:00+00:00,0.09822,0.09856,0.0973,0.09816,67119102.2
1777046400,2026-04-24T16:00:00+00:00,0.09817,0.09851,0.09768,0.09841,14042493.5
1777060800,2026-04-24T20:00:00+00:00,0.09844,0.09957,0.09791,0.09846,86585360.5
1777075200,2026-04-25T00:00:00+00:00,0.09846,0.09911,0.09806,0.09885,17083829.8
1777089600,2026-04-25T04:00:00+00:00,0.09884,0.09911,0.09814,0.09844,10487511.5
1777104000,2026-04-25T08:00:00+00:00,0.09843,0.09872,0.09789,0.09795,11908813.2
1777118400,2026-04-25T12:00:00+00:00,0.09794,0.09879,0.09775,0.09821,11666368.200000001
1777132800,2026-04-25T16:00:00+00:00,0.09818,0.09833,0.09741,0.09769,15377462.7
1777147200,2026-04-25T20:00:00+00:00,0.09772,0.09826,0.09762,0.098,12932204.899999999
1777161600,2026-04-26T00:00:00+00:00,0.09802,0.09846,0.09762,0.0978,18971551.4
1777176000,2026-04-26T04:00:00+00:00,0.09779,0.09875,0.09752,0.09861,19794120.900000002
1777190400,2026-04-26T08:00:00+00:00,0.09858,0.09918,0.09832,0.09909,11156807.600000001
1777204800,2026-04-26T12:00:00+00:00,0.0991,0.09916,0.09816,0.09904,16899412.700000003
1777219200,2026-04-26T16:00:00+00:00,0.09906,0.09971,0.09852,0.09925,13767213.3
1777233600,2026-04-26T20:00:00+00:00,0.09925,0.09995,0.09871,0.09924,19066780.5
1777248000,2026-04-27T00:00:00+00:00,0.09924,0.10088,0.09892,0.10025,30572622.5
1777262400,2026-04-27T04:00:00+00:00,0.10025,0.10057,0.09763,0.09782,24919227.300000004
1777276800,2026-04-27T08:00:00+00:00,0.09781,0.09852,0.09771,0.0985,17138007.1
1777291200,2026-04-27T12:00:00+00:00,0.09851,0.09923,0.09695,0.0972,84444188.9
1777305600,2026-04-27T16:00:00+00:00,0.09721,0.09812,0.09707,0.09786,29449479.599999998
1777320000,2026-04-27T20:00:00+00:00,0.09786,0.09909,0.09786,0.09894,12598372.4
1777334400,2026-04-28T00:00:00+00:00,0.09896,0.09953,0.0986,0.09933,19915400.5
1777348800,2026-04-28T04:00:00+00:00,0.09934,0.10096,0.09896,0.09964,38163874.7
1777363200,2026-04-28T08:00:00+00:00,0.0996,0.09996,0.09851,0.09859,19364297.1
1777377600,2026-04-28T12:00:00+00:00,0.0986,0.09951,0.09806,0.09951,25597061.0
1777392000,2026-04-28T16:00:00+00:00,0.09952,0.09984,0.09918,0.09969,28472717.099999998
1777406400,2026-04-28T20:00:00+00:00,0.09971,0.10017,0.09878,0.09933,27618597.099999998
1777420800,2026-04-29T00:00:00+00:00,0.09933,0.10142,0.09922,0.10133,39219338.099999994
1777435200,2026-04-29T04:00:00+00:00,0.10134,0.10541,0.10114,0.10491,62527884.8
1777449600,2026-04-29T08:00:00+00:00,0.10494,0.112,0.10464,0.10967,135045689.3
1777464000,2026-04-29T12:00:00+00:00,0.10968,0.10968,0.10289,0.10341,195508887.3
1777478400,2026-04-29T16:00:00+00:00,0.10336,0.10434,0.10086,0.10137,177307484.5
1777492800,2026-04-29T20:00:00+00:00,0.10138,0.10417,0.10125,0.10415,67305113.5
1777507200,2026-04-30T00:00:00+00:00,0.10413,0.10839,0.10392,0.10675,163227212.09999996
1777521600,2026-04-30T04:00:00+00:00,0.10673,0.10705,0.10431,0.10698,46984986.4
1777536000,2026-04-30T08:00:00+00:00,0.10699,0.1081,0.10565,0.10635,40830500.2
1777550400,2026-04-30T12:00:00+00:00,0.10637,0.10748,0.10574,0.10702,50666735.3
1777564800,2026-04-30T16:00:00+00:00,0.10702,0.10711,0.10537,0.10615,33839334.1
1777579200,2026-04-30T20:00:00+00:00,0.10612,0.10688,0.1058,0.10645,18230394.6
1777593600,2026-05-01T00:00:00+00:00,0.10643,0.10979,0.10637,0.10907,63605326.7
1777608000,2026-05-01T04:00:00+00:00,0.10908,0.10941,0.10789,0.10822,35656510.1
1777622400,2026-05-01T08:00:00+00:00,0.1082,0.10916,0.10726,0.10883,28254280.7
1777636800,2026-05-01T12:00:00+00:00,0.10884,0.11052,0.10861,0.10945,73764572.6
1777651200,2026-05-01T16:00:00+00:00,0.10942,0.10968,0.10755,0.10908,32320525.799999997
1777665600,2026-05-01T20:00:00+00:00,0.10909,0.10969,0.10775,0.10849,28049482.800000004
1777680000,2026-05-02T00:00:00+00:00,0.10851,0.10932,0.10806,0.10814,27901559.4
1777694400,2026-05-02T04:00:00+00:00,0.10814,0.10837,0.1074,0.10781,21002203.8
1777708800,2026-05-02T08:00:00+00:00,0.1078,0.10803,0.10742,0.10771,12844113.2
1777723200,2026-05-02T12:00:00+00:00,0.10774,0.10919,0.10712,0.109,21239482.900000002
1777737600,2026-05-02T16:00:00+00:00,0.10898,0.10935,0.10825,0.10838,12637414.5
1777752000,2026-05-02T20:00:00+00:00,0.10839,0.10919,0.10801,0.10849,39774818.8
1777766400,2026-05-03T00:00:00+00:00,0.1085,0.10859,0.10711,0.10784,29609271.2
1777780800,2026-05-03T04:00:00+00:00,0.10783,0.10821,0.10751,0.1079,12384171.799999999
1777795200,2026-05-03T08:00:00+00:00,0.1079,0.10873,0.10745,0.10873,22165130.7
1777809600,2026-05-03T12:00:00+00:00,0.10873,0.10933,0.10826,0.10845,19311307.3
1777824000,2026-05-03T16:00:00+00:00,0.10847,0.10876,0.108,0.10861,8645611.3
1777838400,2026-05-03T20:00:00+00:00,0.10859,0.10963,0.10775,0.10823,32416821.1
1777852800,2026-05-04T00:00:00+00:00,0.10822,0.11373,0.10765,0.11296,120119187.6
1777867200,2026-05-04T04:00:00+00:00,0.11297,0.11359,0.11101,0.11224,42661760.099999994
1777881600,2026-05-04T08:00:00+00:00,0.11223,0.11242,0.10877,0.11047,50010443.0
1777896000,2026-05-04T12:00:00+00:00,0.11046,0.11265,0.1096,0.11024,76800091.8
1777910400,2026-05-04T16:00:00+00:00,0.11025,0.11159,0.10982,0.11039,45356980.5
1777924800,2026-05-04T20:00:00+00:00,0.11041,0.11095,0.10999,0.11008,28560213.3
1777939200,2026-05-05T00:00:00+00:00,0.11008,0.11178,0.10996,0.11139,28517028.2
1777953600,2026-05-05T04:00:00+00:00,0.11142,0.11193,0.11125,0.11144,25599728.5
1777968000,2026-05-05T08:00:00+00:00,0.11145,0.11215,0.11074,0.11196,27188439.3
1777982400,2026-05-05T12:00:00+00:00,0.11195,0.11295,0.11151,0.11239,36291317.5
1777996800,2026-05-05T16:00:00+00:00,0.1124,0.11449,0.11167,0.11354,63987417.3
1778011200,2026-05-05T20:00:00+00:00,0.11353,0.11651,0.1131,0.11482,106914704.0
1778025600,2026-05-06T00:00:00+00:00,0.11484,0.11609,0.11379,0.11592,66062017.699999996
1778040000,2026-05-06T04:00:00+00:00,0.11593,0.11641,0.11482,0.11575,81630095.4
1778054400,2026-05-06T08:00:00+00:00,0.11573,0.11709,0.11561,0.11659,55193463.4
1778068800,2026-05-06T12:00:00+00:00,0.11658,0.11678,0.11137,0.11308,93596458.5
1778083200,2026-05-06T16:00:00+00:00,0.11307,0.11361,0.11236,0.11298,31109912.799999997
1778097600,2026-05-06T20:00:00+00:00,0.11298,0.11324,0.11195,0.11244,26489071.0
1778112000,2026-05-07T00:00:00+00:00,0.11246,0.11249,0.11009,0.11031,42812023.6
1778126400,2026-05-07T04:00:00+00:00,0.11027,0.11179,0.11006,0.1117,38178242.199999996
1778140800,2026-05-07T08:00:00+00:00,0.1117,0.11186,0.11079,0.1111,36373855.3
1778155200,2026-05-07T12:00:00+00:00,0.11112,0.11161,0.10671,0.10799,76994602.0
1778169600,2026-05-07T16:00:00+00:00,0.10797,0.10858,0.1071,0.10793,56030519.9
1778184000,2026-05-07T20:00:00+00:00,0.10795,0.10842,0.10736,0.10783,25755734.7
1778227200,2026-05-08T08:00:00+00:00,0.1063,0.10773,0.10619,0.10742,13955057.2
1778241600,2026-05-08T12:00:00+00:00,0.10741,0.10818,0.10632,0.10806,33688144.9
1778256000,2026-05-08T16:00:00+00:00,0.10808,0.10907,0.10726,0.10895,31154630.8
1778270400,2026-05-08T20:00:00+00:00,0.10895,0.1097,0.10815,0.10953,64769469.1
1778284800,2026-05-09T00:00:00+00:00,0.10955,0.11123,0.10939,0.11037,20091468.199999996
1778299200,2026-05-09T04:00:00+00:00,0.11039,0.11131,0.10993,0.1102,29080033.5
1778313600,2026-05-09T08:00:00+00:00,0.1102,0.11065,0.10941,0.10957,12418629.600000001
1778328000,2026-05-09T12:00:00+00:00,0.10957,0.10975,0.10808,0.10862,25714827.5
1778342400,2026-05-09T16:00:00+00:00,0.10861,0.10998,0.10844,0.1097,13245971.899999999
1778356800,2026-05-09T20:00:00+00:00,0.10969,0.10971,0.10853,0.10872,8683275.8
1778371200,2026-05-10T00:00:00+00:00,0.1087,0.10895,0.10782,0.1085,20177317.3
1778385600,2026-05-10T04:00:00+00:00,0.10851,0.10873,0.10817,0.10851,7998766.399999999
1778400000,2026-05-10T08:00:00+00:00,0.10852,0.10916,0.10786,0.1082,13994164.200000001
1778414400,2026-05-10T12:00:00+00:00,0.10819,0.1091,0.10783,0.1091,30140164.2
1778428800,2026-05-10T16:00:00+00:00,0.10911,0.11166,0.10882,0.1111,59528705.2
1778443200,2026-05-10T20:00:00+00:00,0.1111,0.11285,0.10638,0.11243,126594628.00000001
1778457600,2026-05-11T00:00:00+00:00,0.11244,0.11273,0.10838,0.10899,84648445.7
1778472000,2026-05-11T04:00:00+00:00,0.10902,0.11011,0.10856,0.10923,27965729.799999997
1778486400,2026-05-11T08:00:00+00:00,0.10922,0.11037,0.10872,0.11031,14824374.0
1778500800,2026-05-11T12:00:00+00:00,0.11028,0.11109,0.10889,0.11088,58542961.3
1778515200,2026-05-11T16:00:00+00:00,0.1109,0.1118,0.11037,0.11156,35647431.1
1778529600,2026-05-11T20:00:00+00:00,0.11157,0.11177,0.11093,0.11122,20826224.200000003
1778544000,2026-05-12T00:00:00+00:00,0.11121,0.11157,0.10986,0.11002,29768183.099999998
1778558400,2026-05-12T04:00:00+00:00,0.11001,0.11125,0.10971,0.10985,16280863.3
1778572800,2026-05-12T08:00:00+00:00,0.10987,0.11027,0.10854,0.10942,24085950.2
1778587200,2026-05-12T12:00:00+00:00,0.10942,0.10957,0.10787,0.10865,54153567.099999994
1778601600,2026-05-12T16:00:00+00:00,0.10865,0.11024,0.10747,0.10983,29164404.400000002
1778616000,2026-05-12T20:00:00+00:00,0.10981,0.11067,0.10973,0.11012,28381009.200000003
1778630400,2026-05-13T00:00:00+00:00,0.11013,0.11174,0.10992,0.11169,26821308.300000004
1778644800,2026-05-13T04:00:00+00:00,0.11169,0.11278,0.11126,0.11228,24693841.4
1778659200,2026-05-13T08:00:00+00:00,0.11231,0.11454,0.11196,0.11265,55860471.6
1778673600,2026-05-13T12:00:00+00:00,0.11264,0.11306,0.10961,0.10989,82925758.5
1778688000,2026-05-13T16:00:00+00:00,0.10988,0.11467,0.10985,0.11292,45665017.599999994
1778702400,2026-05-13T20:00:00+00:00,0.11292,0.11396,0.11232,0.11259,30388520.1
1778716800,2026-05-14T00:00:00+00:00,0.1126,0.11537,0.11212,0.11233,59958278.8
1778731200,2026-05-14T04:00:00+00:00,0.11236,0.11537,0.11192,0.11385,33604272.0
1778745600,2026-05-14T08:00:00+00:00,0.11386,0.11397,0.11272,0.11312,15079285.8
1778760000,2026-05-14T12:00:00+00:00,0.11311,0.11662,0.11301,0.11393,83464361.9
1778774400,2026-05-14T16:00:00+00:00,0.11397,0.1186,0.11339,0.11611,109626920.8
1778788800,2026-05-14T20:00:00+00:00,0.11615,0.11684,0.11496,0.11542,37391211.2
1778803200,2026-05-15T00:00:00+00:00,0.11542,0.11745,0.1152,0.11606,47780545.9
1778817600,2026-05-15T04:00:00+00:00,0.11607,0.11608,0.11269,0.11485,57930459.8
1778832000,2026-05-15T08:00:00+00:00,0.11488,0.11563,0.11383,0.11442,38493433.0
1778846400,2026-05-15T12:00:00+00:00,0.11442,0.11446,0.11072,0.11152,79206049.2
1778860800,2026-05-15T16:00:00+00:00,0.11153,0.11341,0.11145,0.11292,38462286.1
1778875200,2026-05-15T20:00:00+00:00,0.11291,0.11374,0.1125,0.11328,16171321.600000001
1778889600,2026-05-16T00:00:00+00:00,0.11327,0.11344,0.11219,0.11256,24250197.6
1778904000,2026-05-16T04:00:00+00:00,0.11256,0.1126,0.10905,0.11005,39382041.9
1778918400,2026-05-16T08:00:00+00:00,0.11007,0.11042,0.10816,0.10893,26842220.700000003
1778932800,2026-05-16T12:00:00+00:00,0.10892,0.1099,0.10772,0.10967,28300087.1
1778947200,2026-05-16T16:00:00+00:00,0.10963,0.11009,0.10925,0.10966,17099168.8
1778961600,2026-05-16T20:00:00+00:00,0.10966,0.11016,0.10919,0.10931,10870131.600000001
1778976000,2026-05-17T00:00:00+00:00,0.10934,0.10961,0.10797,0.10916,23996447.3
1778990400,2026-05-17T04:00:00+00:00,0.10915,0.11034,0.1091,0.11017,19157569.599999998
1779004800,2026-05-17T08:00:00+00:00,0.11019,0.11188,0.10974,0.11145,19284346.8
1779019200,2026-05-17T12:00:00+00:00,0.11148,0.11274,0.11019,0.11037,28703969.299999997
1779033600,2026-05-17T16:00:00+00:00,0.11039,0.11093,0.10953,0.11068,28892843.9
1779048000,2026-05-17T20:00:00+00:00,0.11067,0.11126,0.10561,0.10893,76534427.3
1779062400,2026-05-18T00:00:00+00:00,0.10892,0.10902,0.10581,0.10652,70229608.2
1779076800,2026-05-18T04:00:00+00:00,0.10653,0.10699,0.10354,0.10426,63733070.7
1779091200,2026-05-18T08:00:00+00:00,0.10426,0.10578,0.10372,0.10501,20139900.8
1779105600,2026-05-18T12:00:00+00:00,0.10503,0.10641,0.103,0.10384,66580439.49999999
1779120000,2026-05-18T16:00:00+00:00,0.10384,0.10488,0.10246,0.10469,38251593.900000006
1779134400,2026-05-18T20:00:00+00:00,0.1047,0.10549,0.10383,0.10471,19638031.3
1779148800,2026-05-19T00:00:00+00:00,0.10471,0.10545,0.10381,0.10429,10827403.299999999
1779163200,2026-05-19T04:00:00+00:00,0.10427,0.10532,0.10405,0.1051,28581526.8
1779177600,2026-05-19T08:00:00+00:00,0.10513,0.10516,0.10352,0.10363,17905258.3
1779192000,2026-05-19T12:00:00+00:00,0.10365,0.10454,0.10275,0.10352,30159983.0
1779206400,2026-05-19T16:00:00+00:00,0.10352,0.10415,0.10305,0.1032,19412303.3
1779220800,2026-05-19T20:00:00+00:00,0.1032,0.10372,0.10256,0.10291,13011314.8
1779235200,2026-05-20T00:00:00+00:00,0.1029,0.10301,0.10182,0.10276,20425041.3
1779249600,2026-05-20T04:00:00+00:00,0.10277,0.10403,0.10208,0.10349,27067321.6
1779264000,2026-05-20T08:00:00+00:00,0.1035,0.10403,0.10337,0.10361,8736818.5
1779278400,2026-05-20T12:00:00+00:00,0.10361,0.10488,0.10295,0.10412,38737196.6
1779292800,2026-05-20T16:00:00+00:00,0.10411,0.10475,0.10354,0.10415,26420710.299999997
1779307200,2026-05-20T20:00:00+00:00,0.10413,0.10432,0.10289,0.1036,21407781.8
1779321600,2026-05-21T00:00:00+00:00,0.1036,0.10574,0.10356,0.10559,29241759.599999994
1779336000,2026-05-21T04:00:00+00:00,0.1056,0.10604,0.10471,0.10555,25748667.7
1779350400,2026-05-21T08:00:00+00:00,0.10554,0.10629,0.10374,0.1043,22111914.299999997
1779364800,2026-05-21T12:00:00+00:00,0.10431,0.10488,0.10373,0.10458,27787565.699999996
1779379200,2026-05-21T16:00:00+00:00,0.1046,0.10644,0.10413,0.10565,54244540.9
1779393600,2026-05-21T20:00:00+00:00,0.10567,0.10599,0.10505,0.10558,27049774.299999997
1779408000,2026-05-22T00:00:00+00:00,0.10558,0.10622,0.10493,0.10586,18245548.0
1779422400,2026-05-22T04:00:00+00:00,0.10587,0.10608,0.10481,0.10547,15502660.799999999
1779436800,2026-05-22T08:00:00+00:00,0.10548,0.10633,0.10534,0.1063,12426889.0
1779451200,2026-05-22T12:00:00+00:00,0.10633,0.10666,0.10512,0.10597,22736820.299999997
1779465600,2026-05-22T16:00:00+00:00,0.10595,0.10627,0.10262,0.10331,51357687.3
1779480000,2026-05-22T20:00:00+00:00,0.10334,0.10425,0.10145,0.10225,26618584.1
1779494400,2026-05-23T00:00:00+00:00,0.10224,0.10226,0.1006,0.10157,41203592.699999996
1779508800,2026-05-23T04:00:00+00:00,0.10157,0.10164,0.09722,0.0988,55959953.4
1779523200,2026-05-23T08:00:00+00:00,0.09879,0.09976,0.09869,0.09914,25675557.1
1779537600,2026-05-23T12:00:00+00:00,0.09913,0.10188,0.09881,0.10097,42768828.4
1779552000,2026-05-23T16:00:00+00:00,0.10099,0.10265,0.10066,0.10243,24660019.5
1779566400,2026-05-23T20:00:00+00:00,0.10245,0.10493,0.10218,0.103,47130601.400000006
1779580800,2026-05-24T00:00:00+00:00,0.10302,0.10326,0.10263,0.10282,17479524.200000003
1779595200,2026-05-24T04:00:00+00:00,0.1029,0.10317,0.10234,0.10277,13874565.799999999
1779609600,2026-05-24T08:00:00+00:00,0.10278,0.10382,0.10253,0.10321,19845725.9
1779624000,2026-05-24T12:00:00+00:00,0.10322,0.10322,0.10112,0.10182,23335505.5
1779638400,2026-05-24T16:00:00+00:00,0.10182,0.1024,0.10173,0.10197,12660672.4
1779652800,2026-05-24T20:00:00+00:00,0.10197,0.10241,0.1004,0.10215,30333947.0
1779667200,2026-05-25T00:00:00+00:00,0.10216,0.10272,0.10162,0.10188,15781173.399999999
1779681600,2026-05-25T04:00:00+00:00,0.10192,0.10317,0.10169,0.10268,16831091.4
1779696000,2026-05-25T08:00:00+00:00,0.10268,0.10298,0.10226,0.10279,12047798.3
1779710400,2026-05-25T12:00:00+00:00,0.10278,0.10352,0.10257,0.10289,17606230.4
1779724800,2026-05-25T16:00:00+00:00,0.10289,0.10371,0.10257,0.10268,12345692.600000001
1779739200,2026-05-25T20:00:00+00:00,0.10268,0.1028,0.10156,0.10205,15834896.6
1779753600,2026-05-26T00:00:00+00:00,0.10204,0.10212,0.10035,0.10104,20843201.1
1779768000,2026-05-26T04:00:00+00:00,0.10102,0.10201,0.10082,0.10107,8876163.3
1779782400,2026-05-26T08:00:00+00:00,0.10107,0.10249,0.1009,0.10228,11847573.299999999
1779796800,2026-05-26T12:00:00+00:00,0.10229,0.10374,0.10127,0.10192,42706752.1
1779811200,2026-05-26T16:00:00+00:00,0.10191,0.10199,0.10016,0.10095,32045430.3
1779825600,2026-05-26T20:00:00+00:00,0.10097,0.10126,0.10048,0.10092,23918619.0
1779840000,2026-05-27T00:00:00+00:00,0.10091,0.10174,0.1009,0.10103,14750810.7
1779854400,2026-05-27T04:00:00+00:00,0.10102,0.10218,0.10014,0.10201,23023813.1
1779868800,2026-05-27T08:00:00+00:00,0.10202,0.10241,0.10141,0.10153,7675877.3
1779883200,2026-05-27T12:00:00+00:00,0.10155,0.10318,0.10054,0.10239,40211173.3
1779897600,2026-05-27T16:00:00+00:00,0.1024,0.10266,0.10073,0.10199,30443084.9
1779912000,2026-05-27T20:00:00+00:00,0.102,0.10222,0.09921,0.10035,36521152.199999996
1779926400,2026-05-28T00:00:00+00:00,0.10034,0.10069,0.09784,0.09807,50923399.3
1779940800,2026-05-28T04:00:00+00:00,0.09806,0.09867,0.09696,0.09859,49633057.8
1779955200,2026-05-28T08:00:00+00:00,0.09857,0.09868,0.09762,0.09793,15028948.6
1779969600,2026-05-28T12:00:00+00:00,0.09794,0.09855,0.09635,0.09829,58890960.400000006
1779984000,2026-05-28T16:00:00+00:00,0.09828,0.10037,0.09778,0.09937,46671913.1
1779998400,2026-05-28T20:00:00+00:00,0.09938,0.10036,0.099,0.0995,31241216.5
1780012800,2026-05-29T00:00:00+00:00,0.09951,0.09997,0.09872,0.09892,18257523.099999998
1780027200,2026-05-29T04:00:00+00:00,0.09894,0.09973,0.09849,0.0995,18548491.4
1780041600,2026-05-29T08:00:00+00:00,0.0995,0.09978,0.09857,0.09898,10294000.4
1780056000,2026-05-29T12:00:00+00:00,0.09896,0.10105,0.0973,0.10029,79124522.9
1780070400,2026-05-29T16:00:00+00:00,0.10026,0.1008,0.09906,0.09995,39209166.199999996
1780084800,2026-05-29T20:00:00+00:00,0.09996,0.10037,0.09927,0.09967,22001223.2
1780099200,2026-05-30T00:00:00+00:00,0.09966,0.10168,0.09935,0.10095,30333862.699999996
1780113600,2026-05-30T04:00:00+00:00,0.10098,0.10161,0.10007,0.10114,19720339.1
1780128000,2026-05-30T08:00:00+00:00,0.10112,0.10119,0.10042,0.10072,7386101.300000001
1780142400,2026-05-30T12:00:00+00:00,0.10071,0.10143,0.10057,0.10119,12497527.9
1780156800,2026-05-30T16:00:00+00:00,0.1012,0.10154,0.10102,0.10125,10038027.6
1780171200,2026-05-30T20:00:00+00:00,0.10126,0.1014,0.10023,0.10047,16033670.399999999
1780185600,2026-05-31T00:00:00+00:00,0.10047,0.10126,0.10031,0.10116,19269395.2
1780200000,2026-05-31T04:00:00+00:00,0.10117,0.10121,0.10007,0.10046,10217137.6
1780214400,2026-05-31T08:00:00+00:00,0.10047,0.10087,0.1001,0.10065,3188577.4000000004
1780228800,2026-05-31T12:00:00+00:00,0.10067,0.10107,0.09944,0.09973,18255994.4
1780243200,2026-05-31T16:00:00+00:00,0.09971,0.09985,0.09895,0.09945,15165670.699999997
1780257600,2026-05-31T20:00:00+00:00,0.09945,0.10086,0.09943,0.10029,14736662.900000002
1780272000,2026-06-01T00:00:00+00:00,0.10029,0.10141,0.09958,0.10099,25028075.9
1780286400,2026-06-01T04:00:00+00:00,0.10097,0.10117,0.09901,0.09907,20944191.9
1780300800,2026-06-01T08:00:00+00:00,0.09909,0.10022,0.09897,0.09981,18139719.8
1780315200,2026-06-01T12:00:00+00:00,0.09982,0.1,0.09783,0.09816,60633535.6
1780329600,2026-06-01T16:00:00+00:00,0.09815,0.1005,0.09761,0.1005,30567288.799999997
1780344000,2026-06-01T20:00:00+00:00,0.10049,0.10099,0.09939,0.10098,33687126.400000006
1780358400,2026-06-02T00:00:00+00:00,0.10095,0.1011,0.0993,0.10077,26501827.700000003
1780372800,2026-06-02T04:00:00+00:00,0.1008,0.1009,0.0985,0.09908,27537666.8
1780387200,2026-06-02T08:00:00+00:00,0.09909,0.09934,0.09836,0.09864,20446880.1
1780401600,2026-06-02T12:00:00+00:00,0.09863,0.09885,0.09346,0.09472,77798968.4
1780416000,2026-06-02T16:00:00+00:00,0.0947,0.09621,0.09235,0.09393,54341311.5
1780430400,2026-06-02T20:00:00+00:00,0.09394,0.09481,0.09106,0.09262,62819961.4
1780444800,2026-06-03T00:00:00+00:00,0.09263,0.09342,0.09071,0.09144,48309662.400000006
1780459200,2026-06-03T04:00:00+00:00,0.09145,0.09441,0.09145,0.094,45436989.900000006
1780473600,2026-06-03T08:00:00+00:00,0.09401,0.0944,0.09332,0.09384,28615831.700000003
1780488000,2026-06-03T12:00:00+00:00,0.09385,0.09427,0.09261,0.09264,32403494.0
1780502400,2026-06-03T16:00:00+00:00,0.09266,0.09294,0.09145,0.09167,46646947.800000004
1780516800,2026-06-03T20:00:00+00:00,0.09165,0.09314,0.09045,0.09126,71931931.8
1780531200,2026-06-04T00:00:00+00:00,0.09125,0.09173,0.08574,0.09123,123219093.80000001
1780545600,2026-06-04T04:00:00+00:00,0.09119,0.09149,0.08866,0.08866,37669405.6
1780560000,2026-06-04T08:00:00+00:00,0.08868,0.0891,0.08658,0.08784,72493835.39999999
1780574400,2026-06-04T12:00:00+00:00,0.08783,0.09007,0.08756,0.08945,61453913.3
1780588800,2026-06-04T16:00:00+00:00,0.08944,0.08992,0.08834,0.08894,45011593.5
1780603200,2026-06-04T20:00:00+00:00,0.08895,0.08898,0.08688,0.08834,42710052.3
1780617600,2026-06-05T00:00:00+00:00,0.08832,0.08867,0.08573,0.08584,48735910.99999999
1780632000,2026-06-05T04:00:00+00:00,0.08585,0.08706,0.08197,0.0849,133631392.4
1780646400,2026-06-05T08:00:00+00:00,0.08491,0.08529,0.08324,0.08395,54284652.5
1780660800,2026-06-05T12:00:00+00:00,0.08394,0.08483,0.08086,0.0815,118437133.19999999
1780675200,2026-06-05T16:00:00+00:00,0.08149,0.0834,0.07894,0.08098,139825841.8
1780689600,2026-06-05T20:00:00+00:00,0.08098,0.08356,0.08004,0.08145,84061486.5
1780704000,2026-06-06T00:00:00+00:00,0.08145,0.083,0.0805,0.08103,23108652.4
1780718400,2026-06-06T04:00:00+00:00,0.08102,0.08174,0.07764,0.0814,65509315.9
1780732800,2026-06-06T08:00:00+00:00,0.08139,0.08251,0.07987,0.08122,31770919.5
1780747200,2026-06-06T12:00:00+00:00,0.08123,0.08259,0.08085,0.08157,49695285.3
1780761600,2026-06-06T16:00:00+00:00,0.08156,0.082,0.08042,0.08067,40934973.400000006
1780776000,2026-06-06T20:00:00+00:00,0.08066,0.08192,0.08043,0.0819,24593012.8
1780790400,2026-06-07T00:00:00+00:00,0.08191,0.0838,0.08161,0.08351,21040147.5
1780804800,2026-06-07T04:00:00+00:00,0.08352,0.08498,0.08293,0.08485,25085691.099999998
1780819200,2026-06-07T08:00:00+00:00,0.08486,0.086,0.08411,0.08454,23468941.6
1780833600,2026-06-07T12:00:00+00:00,0.08454,0.08494,0.08318,0.08461,23627352.700000003
1780848000,2026-06-07T16:00:00+00:00,0.08461,0.08525,0.08293,0.08332,18769735.299999997
1780862400,2026-06-07T20:00:00+00:00,0.08329,0.08756,0.08309,0.08625,60825465.0
1780876800,2026-06-08T00:00:00+00:00,0.08622,0.08679,0.08478,0.08589,32491003.200000003
1780891200,2026-06-08T04:00:00+00:00,0.0859,0.08593,0.08432,0.08559,17227732.2
1780905600,2026-06-08T08:00:00+00:00,0.08557,0.08674,0.08484,0.08632,24652851.6
1780920000,2026-06-08T12:00:00+00:00,0.08634,0.08743,0.08574,0.08693,45768479.900000006
1780934400,2026-06-08T16:00:00+00:00,0.08694,0.08747,0.08608,0.08678,22824710.1
1780948800,2026-06-08T20:00:00+00:00,0.08679,0.08748,0.08611,0.08631,69166626.80000001
1780963200,2026-06-09T00:00:00+00:00,0.08629,0.08645,0.08454,0.08525,28509500.6
1780977600,2026-06-09T04:00:00+00:00,0.08524,0.08668,0.08503,0.08639,17382767.7
1780992000,2026-06-09T08:00:00+00:00,0.08639,0.08639,0.08513,0.08548,16002982.7
1781006400,2026-06-09T12:00:00+00:00,0.08547,0.08609,0.08402,0.08405,51921369.7
1781020800,2026-06-09T16:00:00+00:00,0.08404,0.08541,0.08309,0.08515,44945112.400000006
1781035200,2026-06-09T20:00:00+00:00,0.08514,0.08561,0.08438,0.08475,18793896.3
1781049600,2026-06-10T00:00:00+00:00,0.08475,0.08511,0.08363,0.0839,10925777.3
1781064000,2026-06-10T04:00:00+00:00,0.0839,0.08432,0.08321,0.08415,21960667.0
1781078400,2026-06-10T08:00:00+00:00,0.08418,0.08418,0.08269,0.08317,20294007.400000002
1781092800,2026-06-10T12:00:00+00:00,0.08317,0.0854,0.08298,0.08508,35554777.3
1781107200,2026-06-10T16:00:00+00:00,0.08508,0.08516,0.08295,0.08306,24810348.200000003
1781121600,2026-06-10T20:00:00+00:00,0.08306,0.08324,0.08175,0.08288,33476973.800000004
1781136000,2026-06-11T00:00:00+00:00,0.08289,0.08519,0.08289,0.08493,22386664.5
1781150400,2026-06-11T04:00:00+00:00,0.08494,0.08531,0.08451,0.08476,8093808.2
1781164800,2026-06-11T08:00:00+00:00,0.08477,0.0855,0.08469,0.08521,13407230.7
1781179200,2026-06-11T12:00:00+00:00,0.0852,0.08535,0.08416,0.08484,33541049.1
1781193600,2026-06-11T16:00:00+00:00,0.08485,0.08698,0.08429,0.08642,34672450.300000004
1781208000,2026-06-11T20:00:00+00:00,0.08641,0.08665,0.0859,0.08598,15810094.8
1781222400,2026-06-12T00:00:00+00:00,0.08599,0.08647,0.08544,0.08647,16787366.799999997
1781236800,2026-06-12T04:00:00+00:00,0.08648,0.08732,0.085,0.08583,41209557.2
1781251200,2026-06-12T08:00:00+00:00,0.08585,0.08718,0.08585,0.08686,14186202.999999998
1781265600,2026-06-12T12:00:00+00:00,0.08683,0.09239,0.08657,0.08739,103473699.9
1781280000,2026-06-12T16:00:00+00:00,0.0874,0.08899,0.08716,0.08739,36928881.8
1781294400,2026-06-12T20:00:00+00:00,0.08739,0.0878,0.08554,0.08594,27199142.5
1781308800,2026-06-13T00:00:00+00:00,0.08593,0.08686,0.08576,0.08625,13288074.7
1781323200,2026-06-13T04:00:00+00:00,0.08624,0.08717,0.08577,0.08702,15129478.6
1781337600,2026-06-13T08:00:00+00:00,0.08701,0.08792,0.08685,0.08788,7576545.199999999
1781352000,2026-06-13T12:00:00+00:00,0.08787,0.08877,0.08767,0.0883,23895144.700000003
1781366400,2026-06-13T16:00:00+00:00,0.08831,0.08832,0.08731,0.08759,17501344.200000003
1781380800,2026-06-13T20:00:00+00:00,0.08759,0.08858,0.08748,0.08785,9413288.5
1781395200,2026-06-14T00:00:00+00:00,0.08781,0.08812,0.08754,0.08805,6269951.5
1781409600,2026-06-14T04:00:00+00:00,0.08806,0.0881,0.08698,0.08715,6422094.5
1781424000,2026-06-14T08:00:00+00:00,0.08714,0.08743,0.08672,0.08699,5230005.199999999
1781438400,2026-06-14T12:00:00+00:00,0.08699,0.08704,0.08565,0.08625,18447110.1
1781452800,2026-06-14T16:00:00+00:00,0.08625,0.08662,0.0861,0.08637,9585725.7
1781467200,2026-06-14T20:00:00+00:00,0.08637,0.08904,0.08626,0.08883,27875396.700000003
1781481600,2026-06-15T00:00:00+00:00,0.08884,0.08916,0.08821,0.08893,19747352.1
1781496000,2026-06-15T04:00:00+00:00,0.08892,0.08897,0.08833,0.08847,7461877.9
1781510400,2026-06-15T08:00:00+00:00,0.08847,0.09005,0.08809,0.08967,27740918.400000002
1781524800,2026-06-15T12:00:00+00:00,0.08966,0.09085,0.08904,0.09063,41928726.3
1781539200,2026-06-15T16:00:00+00:00,0.09063,0.09063,0.08853,0.08894,35512164.599999994
1781553600,2026-06-15T20:00:00+00:00,0.08892,0.08919,0.08774,0.08806,28443023.4
1781568000,2026-06-16T00:00:00+00:00,0.08806,0.08826,0.08674,0.08744,19706937.6
1781582400,2026-06-16T04:00:00+00:00,0.08745,0.08779,0.08669,0.08779,10468741.900000002
1781596800,2026-06-16T08:00:00+00:00,0.08778,0.08903,0.08757,0.08813,32734003.400000002
1781611200,2026-06-16T12:00:00+00:00,0.08813,0.08885,0.08615,0.08711,39315892.2
1781625600,2026-06-16T16:00:00+00:00,0.0871,0.08779,0.08631,0.08721,19606436.9
1781640000,2026-06-16T20:00:00+00:00,0.08718,0.0877,0.0869,0.08708,9420296.7
1781654400,2026-06-17T00:00:00+00:00,0.08709,0.08803,0.08691,0.08739,13308343.0
1781668800,2026-06-17T04:00:00+00:00,0.0874,0.08776,0.08651,0.08682,8906074.8
1781683200,2026-06-17T08:00:00+00:00,0.0868,0.08682,0.0854,0.08577,18194252.6
1781697600,2026-06-17T12:00:00+00:00,0.0858,0.08721,0.08543,0.08721,28334198.5
1781712000,2026-06-17T16:00:00+00:00,0.08722,0.08779,0.08494,0.08537,46174384.5
1781726400,2026-06-17T20:00:00+00:00,0.08535,0.08619,0.08459,0.08585,13659470.8
1781740800,2026-06-18T00:00:00+00:00,0.08585,0.08649,0.08513,0.08522,11773038.899999999
1781755200,2026-06-18T04:00:00+00:00,0.08522,0.08533,0.08387,0.08484,25772904.4
1781769600,2026-06-18T08:00:00+00:00,0.08485,0.08515,0.08424,0.08448,7159176.800000001
1781784000,2026-06-18T12:00:00+00:00,0.08446,0.0848,0.08173,0.0819,47466067.2
1781798400,2026-06-18T16:00:00+00:00,0.08189,0.08292,0.08183,0.08278,23604837.4
1781812800,2026-06-18T20:00:00+00:00,0.08278,0.08351,0.08278,0.08345,11239991.9
1781827200,2026-06-19T00:00:00+00:00,0.08344,0.08387,0.08251,0.08281,14411327.4
1781841600,2026-06-19T04:00:00+00:00,0.08279,0.08294,0.08192,0.08226,8000644.300000001
1781856000,2026-06-19T08:00:00+00:00,0.08223,0.08258,0.08198,0.08233,7206072.800000001
1781870400,2026-06-19T12:00:00+00:00,0.08234,0.0834,0.08181,0.08311,11523800.5
1781884800,2026-06-19T16:00:00+00:00,0.08312,0.08337,0.08266,0.08283,5726861.5
1781899200,2026-06-19T20:00:00+00:00,0.08286,0.08364,0.08264,0.08347,6811277.2
1781913600,2026-06-20T00:00:00+00:00,0.08346,0.08383,0.08294,0.08318,8748125.4
1781928000,2026-06-20T04:00:00+00:00,0.08319,0.08423,0.08312,0.084,7297954.4
1781942400,2026-06-20T08:00:00+00:00,0.08399,0.08422,0.08371,0.08379,2797773.6
1781956800,2026-06-20T12:00:00+00:00,0.0838,0.08412,0.08257,0.08365,12235880.0
1781971200,2026-06-20T16:00:00+00:00,0.08365,0.08365,0.08274,0.08325,4928258.2
1781985600,2026-06-20T20:00:00+00:00,0.08326,0.08396,0.08317,0.08361,10356851.1
1782000000,2026-06-21T00:00:00+00:00,0.08363,0.08376,0.08335,0.08359,3356397.7
1782014400,2026-06-21T04:00:00+00:00,0.08358,0.0837,0.08304,0.08342,9129667.799999999
1782028800,2026-06-21T08:00:00+00:00,0.08343,0.08346,0.0827,0.08294,5639274.300000001
1782043200,2026-06-21T12:00:00+00:00,0.08295,0.08354,0.08287,0.08334,5955163.9
1782057600,2026-06-21T16:00:00+00:00,0.08333,0.08366,0.08307,0.08352,16258014.1
1782072000,2026-06-21T20:00:00+00:00,0.08354,0.08355,0.08201,0.08213,22862314.599999998
1782086400,2026-06-22T00:00:00+00:00,0.08215,0.08414,0.08215,0.08281,11599861.100000001
1782100800,2026-06-22T04:00:00+00:00,0.08282,0.0836,0.08268,0.0834,10172926.8
1782115200,2026-06-22T08:00:00+00:00,0.08341,0.08436,0.08325,0.08419,10683899.5
1782129600,2026-06-22T12:00:00+00:00,0.08417,0.08498,0.0834,0.08354,20807783.4
1782144000,2026-06-22T16:00:00+00:00,0.08355,0.08358,0.0824,0.08267,16655796.399999999
1782158400,2026-06-22T20:00:00+00:00,0.08266,0.08293,0.0818,0.08233,8498981.9
1782172800,2026-06-23T00:00:00+00:00,0.08233,0.08262,0.0811,0.08215,13727313.799999999
1782187200,2026-06-23T04:00:00+00:00,0.08215,0.08215,0.07962,0.07983,25213749.8
1782201600,2026-06-23T08:00:00+00:00,0.07987,0.07994,0.07832,0.07946,29332144.799999997
1782216000,2026-06-23T12:00:00+00:00,0.07947,0.07973,0.07829,0.07872,22965538.5
1782230400,2026-06-23T16:00:00+00:00,0.07873,0.07926,0.07821,0.07835,20008393.6
1782244800,2026-06-23T20:00:00+00:00,0.07838,0.07903,0.0783,0.0788,8802057.0
1782259200,2026-06-24T00:00:00+00:00,0.0788,0.07968,0.07871,0.07901,12576095.899999999
1782273600,2026-06-24T04:00:00+00:00,0.07901,0.07936,0.07836,0.07875,6646981.299999999
1782288000,2026-06-24T08:00:00+00:00,0.07876,0.07951,0.07793,0.07893,8725156.600000001
1782302400,2026-06-24T12:00:00+00:00,0.07892,0.07896,0.07452,0.07466,63856109.800000004
1782316800,2026-06-24T16:00:00+00:00,0.07466,0.07556,0.07267,0.07401,61231046.2
1782331200,2026-06-24T20:00:00+00:00,0.07401,0.07637,0.07388,0.07608,38686193.8
1782345600,2026-06-25T00:00:00+00:00,0.07605,0.07632,0.0758,0.07594,7072861.6
1782360000,2026-06-25T04:00:00+00:00,0.07595,0.07738,0.07568,0.07724,9403841.4
1782374400,2026-06-25T08:00:00+00:00,0.07722,0.07726,0.07565,0.07583,7172251.7
1782388800,2026-06-25T12:00:00+00:00,0.07583,0.07633,0.07133,0.07331,110232656.0
1782403200,2026-06-25T16:00:00+00:00,0.07332,0.07519,0.07283,0.07325,38866246.900000006
1782417600,2026-06-25T20:00:00+00:00,0.07326,0.07518,0.07326,0.07479,19081622.4
1782432000,2026-06-26T00:00:00+00:00,0.07481,0.075,0.07205,0.07455,36888645.1
1782446400,2026-06-26T04:00:00+00:00,0.07457,0.07517,0.07384,0.07499,22387051.2
1782460800,2026-06-26T08:00:00+00:00,0.07501,0.07504,0.07321,0.07338,14989827.299999999
1782475200,2026-06-26T12:00:00+00:00,0.07339,0.07526,0.07273,0.0749,63943216.400000006
1782489600,2026-06-26T16:00:00+00:00,0.0749,0.07599,0.07451,0.07544,20095347.200000003
1782504000,2026-06-26T20:00:00+00:00,0.07547,0.07601,0.07508,0.07568,10214199.6
1782518400,2026-06-27T00:00:00+00:00,0.07568,0.07595,0.075,0.07555,7911097.1
1782532800,2026-06-27T04:00:00+00:00,0.07555,0.07588,0.07529,0.07571,5117454.4
1782547200,2026-06-27T08:00:00+00:00,0.07569,0.07569,0.07486,0.0752,4266311.9
1782561600,2026-06-27T12:00:00+00:00,0.0752,0.07631,0.07513,0.07611,10152805.1
1782576000,2026-06-27T16:00:00+00:00,0.07612,0.07623,0.07438,0.07464,16934129.9
1782590400,2026-06-27T20:00:00+00:00,0.07465,0.07488,0.07398,0.07437,11540850.0
1782604800,2026-06-28T00:00:00+00:00,0.07436,0.07459,0.07398,0.07419,12932901.8
1782619200,2026-06-28T04:00:00+00:00,0.07416,0.07416,0.07313,0.07367,16190177.200000001
1782633600,2026-06-28T08:00:00+00:00,0.07365,0.07417,0.0732,0.07374,5213473.1
1782648000,2026-06-28T12:00:00+00:00,0.07372,0.07393,0.07329,0.07347,4986795.2
1782662400,2026-06-28T16:00:00+00:00,0.07348,0.07352,0.07252,0.07282,10839060.1
1782676800,2026-06-28T20:00:00+00:00,0.0728,0.0736,0.07206,0.07301,19203080.9
1782691200,2026-06-29T00:00:00+00:00,0.073,0.07353,0.07184,0.07318,28435989.400000002
1782705600,2026-06-29T04:00:00+00:00,0.07318,0.07337,0.07196,0.07267,21420112.5
1782720000,2026-06-29T08:00:00+00:00,0.07267,0.0731,0.07213,0.07274,14944881.899999999
1782734400,2026-06-29T12:00:00+00:00,0.07274,0.07378,0.07187,0.07271,30278777.9
1782748800,2026-06-29T16:00:00+00:00,0.0727,0.07415,0.072,0.0738,33015782.4
1782763200,2026-06-29T20:00:00+00:00,0.07379,0.07402,0.07311,0.07335,12143915.100000001
1782777600,2026-06-30T00:00:00+00:00,0.0733,0.07347,0.07217,0.07232,19501892.8
1782792000,2026-06-30T04:00:00+00:00,0.07233,0.0725,0.07196,0.07229,12288046.7
1782806400,2026-06-30T08:00:00+00:00,0.07227,0.07253,0.07084,0.07133,20060657.799999997
1782820800,2026-06-30T12:00:00+00:00,0.07131,0.07131,0.06937,0.07059,62415266.9
1782835200,2026-06-30T16:00:00+00:00,0.0706,0.07276,0.07047,0.07219,35213301.5
1782849600,2026-06-30T20:00:00+00:00,0.07218,0.07227,0.07172,0.07196,9241270.6
1782864000,2026-07-01T00:00:00+00:00,0.07196,0.07239,0.0704,0.07222,32727127.0
1782878400,2026-07-01T04:00:00+00:00,0.07224,0.07257,0.071,0.07138,18902906.200000003
1782892800,2026-07-01T08:00:00+00:00,0.07135,0.07152,0.07072,0.07106,13558888.399999999
1782907200,2026-07-01T12:00:00+00:00,0.07109,0.0735,0.07077,0.0733,34139576.4
1782921600,2026-07-01T16:00:00+00:00,0.0733,0.07356,0.07264,0.07276,25114052.9
1782936000,2026-07-01T20:00:00+00:00,0.07277,0.0739,0.07209,0.07215,24147441.200000003
1782950400,2026-07-02T00:00:00+00:00,0.07213,0.07343,0.0716,0.07333,26081349.8
1782964800,2026-07-02T04:00:00+00:00,0.07332,0.07334,0.07222,0.07244,18900922.900000002
1782979200,2026-07-02T08:00:00+00:00,0.07243,0.07425,0.07241,0.07402,23954684.6
1782993600,2026-07-02T12:00:00+00:00,0.07401,0.07552,0.07396,0.07444,38925546.4
1783008000,2026-07-02T16:00:00+00:00,0.07446,0.07473,0.07403,0.07416,17096913.5
1783022400,2026-07-02T20:00:00+00:00,0.07416,0.07429,0.07367,0.07412,8588877.0
1783036800,2026-07-03T00:00:00+00:00,0.07413,0.07486,0.07386,0.07471,19838320.7
1783051200,2026-07-03T04:00:00+00:00,0.07471,0.07532,0.07438,0.07523,10710005.3
1783065600,2026-07-03T08:00:00+00:00,0.07523,0.07603,0.07468,0.07584,22096541.3
1783080000,2026-07-03T12:00:00+00:00,0.07586,0.07728,0.07556,0.07628,25554985.7
1783094400,2026-07-03T16:00:00+00:00,0.0763,0.0776,0.07609,0.07712,19374129.1
1783108800,2026-07-03T20:00:00+00:00,0.07711,0.0784,0.07706,0.07747,21039931.8
1783123200,2026-07-04T00:00:00+00:00,0.07747,0.07766,0.07655,0.07725,17194319.6
1783137600,2026-07-04T04:00:00+00:00,0.07725,0.07807,0.07662,0.07686,13207248.9
1783152000,2026-07-04T08:00:00+00:00,0.07687,0.07716,0.07655,0.07685,10424398.8
1783166400,2026-07-04T12:00:00+00:00,0.07685,0.07867,0.07677,0.07844,19958349.8
1783180800,2026-07-04T16:00:00+00:00,0.07845,0.0793,0.07802,0.07848,20203339.8
1783195200,2026-07-04T20:00:00+00:00,0.07848,0.07866,0.07733,0.07758,19219186.6
1783209600,2026-07-05T00:00:00+00:00,0.07757,0.07757,0.0756,0.07591,18787518.3
1783224000,2026-07-05T04:00:00+00:00,0.07588,0.07631,0.07557,0.0761,10221106.600000001
1783238400,2026-07-05T08:00:00+00:00,0.07609,0.07619,0.07526,0.07586,5549396.8
1783252800,2026-07-05T12:00:00+00:00,0.07585,0.07728,0.07564,0.07709,12027218.8
1783267200,2026-07-05T16:00:00+00:00,0.0771,0.07778,0.07684,0.07723,11386602.8
1783281600,2026-07-05T20:00:00+00:00,0.07721,0.07874,0.07685,0.0778,27326599.900000002
1783296000,2026-07-06T00:00:00+00:00,0.07781,0.07818,0.07699,0.07738,24624120.7
1783310400,2026-07-06T04:00:00+00:00,0.07737,0.07738,0.07635,0.07689,12077210.100000001
1783324800,2026-07-06T08:00:00+00:00,0.07692,0.07734,0.07649,0.07665,10113450.600000001
1783339200,2026-07-06T12:00:00+00:00,0.07664,0.07664,0.0743,0.07619,49186325.199999996
1783353600,2026-07-06T16:00:00+00:00,0.07617,0.07714,0.07592,0.07688,16390413.0
1783368000,2026-07-06T20:00:00+00:00,0.07689,0.0783,0.07652,0.07661,14029079.3
1783382400,2026-07-07T00:00:00+00:00,0.07662,0.07696,0.0749,0.07509,12902685.399999999
1783396800,2026-07-07T04:00:00+00:00,0.07507,0.07557,0.0742,0.07492,15125672.3
1783411200,2026-07-07T08:00:00+00:00,0.07491,0.07513,0.0743,0.07475,9441027.899999999
1783425600,2026-07-07T12:00:00+00:00,0.07475,0.07536,0.07367,0.07515,22124860.1
1783440000,2026-07-07T16:00:00+00:00,0.07513,0.07566,0.07407,0.07467,11439480.2
1783454400,2026-07-07T20:00:00+00:00,0.07468,0.0748,0.07356,0.07413,12977584.7
1783468800,2026-07-08T00:00:00+00:00,0.07414,0.07442,0.07228,0.07255,34422515.8
1783483200,2026-07-08T04:00:00+00:00,0.07254,0.07272,0.07168,0.07234,18166839.0
1783497600,2026-07-08T08:00:00+00:00,0.07235,0.07248,0.07096,0.07199,21261592.0
1783512000,2026-07-08T12:00:00+00:00,0.072,0.07225,0.0712,0.07178,21609268.3
1783526400,2026-07-08T16:00:00+00:00,0.07178,0.07287,0.07177,0.0726,9173228.2
1783540800,2026-07-08T20:00:00+00:00,0.07259,0.07271,0.07201,0.07237,11369413.9
1783555200,2026-07-09T00:00:00+00:00,0.07238,0.07294,0.07191,0.0722,9696415.6
1783569600,2026-07-09T04:00:00+00:00,0.07222,0.07313,0.07216,0.07274,21213528.0
1783584000,2026-07-09T08:00:00+00:00,0.07271,0.073,0.07219,0.07241,11623017.5
1783598400,2026-07-09T12:00:00+00:00,0.07241,0.07284,0.07199,0.07258,12661897.9
1783612800,2026-07-09T16:00:00+00:00,0.07259,0.07336,0.0723,0.07302,16822557.4
1783627200,2026-07-09T20:00:00+00:00,0.07302,0.07352,0.07275,0.07287,9445553.9
1783641600,2026-07-10T00:00:00+00:00,0.07285,0.07417,0.07261,0.07396,17647522.2
1783656000,2026-07-10T04:00:00+00:00,0.07397,0.07421,0.07367,0.07373,6673360.200000001
1783670400,2026-07-10T08:00:00+00:00,0.07375,0.07464,0.07372,0.07431,9201818.6
1783684800,2026-07-10T12:00:00+00:00,0.07431,0.07446,0.0733,0.074,23202015.799999997
1783699200,2026-07-10T16:00:00+00:00,0.074,0.07431,0.0736,0.07411,12870051.7
1783713600,2026-07-10T20:00:00+00:00,0.07412,0.07422,0.07391,0.07405,5738994.699999999
1783728000,2026-07-11T00:00:00+00:00,0.07407,0.07434,0.07382,0.07427,5406434.399999999
1783742400,2026-07-11T04:00:00+00:00,0.07427,0.07463,0.07414,0.07423,6251379.300000001
1783756800,2026-07-11T08:00:00+00:00,0.07424,0.07467,0.07408,0.07439,5085288.300000001
1783771200,2026-07-11T12:00:00+00:00,0.07441,0.07553,0.07432,0.0753,12955225.3
1783785600,2026-07-11T16:00:00+00:00,0.07531,0.07548,0.07487,0.07531,9723877.7
1783800000,2026-07-11T20:00:00+00:00,0.07531,0.07536,0.07314,0.07318,15105032.6
1783814400,2026-07-12T00:00:00+00:00,0.07317,0.07342,0.07224,0.07337,19626150.8
1783828800,2026-07-12T04:00:00+00:00,0.07338,0.0735,0.07252,0.07285,4452694.9
1783843200,2026-07-12T08:00:00+00:00,0.07289,0.07324,0.07268,0.07321,1808114.1
1783857600,2026-07-12T12:00:00+00:00,0.0732,0.07384,0.07312,0.07367,6572095.9
1783872000,2026-07-12T16:00:00+00:00,0.07368,0.07374,0.07329,0.07362,2971799.8000000003
1783886400,2026-07-12T20:00:00+00:00,0.07361,0.07362,0.07235,0.07268,15409012.8
1783900800,2026-07-13T00:00:00+00:00,0.07266,0.07412,0.07157,0.07197,30998059.200000003
1783915200,2026-07-13T04:00:00+00:00,0.07196,0.07247,0.07182,0.07233,6695625.2
1783929600,2026-07-13T08:00:00+00:00,0.07233,0.07263,0.07203,0.07224,5309330.2
1783944000,2026-07-13T12:00:00+00:00,0.07223,0.07253,0.07182,0.07199,10992186.4
1783958400,2026-07-13T16:00:00+00:00,0.07202,0.07212,0.07084,0.07174,15657752.3
1783972800,2026-07-13T20:00:00+00:00,0.07174,0.07194,0.07101,0.07191,9214269.3
1783987200,2026-07-14T00:00:00+00:00,0.07194,0.07235,0.07136,0.07196,11358156.9
1784001600,2026-07-14T04:00:00+00:00,0.07196,0.07236,0.07185,0.07206,11040065.8
1784016000,2026-07-14T08:00:00+00:00,0.07208,0.07228,0.07189,0.07219,3542078.9
1784030400,2026-07-14T12:00:00+00:00,0.07219,0.07511,0.07205,0.07483,40922953.6
1784044800,2026-07-14T16:00:00+00:00,0.07484,0.07533,0.07403,0.07413,23267566.6
1784059200,2026-07-14T20:00:00+00:00,0.0742,0.07462,0.07397,0.0744,13925979.700000001
1784073600,2026-07-15T00:00:00+00:00,0.07441,0.07446,0.07357,0.07399,10337683.6
1784088000,2026-07-15T04:00:00+00:00,0.07398,0.07486,0.07376,0.07389,6808384.899999999
1784102400,2026-07-15T08:00:00+00:00,0.07392,0.07445,0.07342,0.0738,22999305.3
1784116800,2026-07-15T12:00:00+00:00,0.07379,0.07518,0.07362,0.07458,30377551.9
1784131200,2026-07-15T16:00:00+00:00,0.07459,0.0747,0.07329,0.07375,25872509.6
1784145600,2026-07-15T20:00:00+00:00,0.07376,0.07419,0.07371,0.07401,13994217.9
1784160000,2026-07-16T00:00:00+00:00,0.07404,0.07444,0.07356,0.07394,9856055.600000001
1784174400,2026-07-16T04:00:00+00:00,0.07395,0.0743,0.07327,0.07346,10538658.6
1784188800,2026-07-16T08:00:00+00:00,0.07345,0.0735,0.07259,0.07318,15196692.2
1784203200,2026-07-16T12:00:00+00:00,0.07319,0.07389,0.07269,0.07356,13981818.7
1784217600,2026-07-16T16:00:00+00:00,0.07357,0.07367,0.0729,0.07311,14798241.899999999
1784232000,2026-07-16T20:00:00+00:00,0.0731,0.07327,0.07207,0.07233,14289691.0
1784246400,2026-07-17T00:00:00+00:00,0.07231,0.0728,0.07181,0.07234,11497084.4
1784260800,2026-07-17T04:00:00+00:00,0.07233,0.07239,0.07134,0.07163,12380653.8
1784275200,2026-07-17T08:00:00+00:00,0.07164,0.07205,0.07109,0.07195,6966217.3
1784289600,2026-07-17T12:00:00+00:00,0.07195,0.07222,0.07094,0.07208,24998359.299999997
1784304000,2026-07-17T16:00:00+00:00,0.07209,0.07293,0.07194,0.0726,10761011.5
1784318400,2026-07-17T20:00:00+00:00,0.07259,0.07286,0.07227,0.07252,5437676.1
1784332800,2026-07-18T00:00:00+00:00,0.07253,0.07274,0.07236,0.07265,5683628.100000001
1784347200,2026-07-18T04:00:00+00:00,0.07263,0.07265,0.07206,0.07225,6333574.2
1784361600,2026-07-18T08:00:00+00:00,0.07224,0.0724,0.07191,0.0722,6978578.7
1784376000,2026-07-18T12:00:00+00:00,0.07221,0.07246,0.07191,0.07214,6541865.300000001
1784390400,2026-07-18T16:00:00+00:00,0.07213,0.0726,0.07204,0.07236,6945331.8
1784404800,2026-07-18T20:00:00+00:00,0.07237,0.07252,0.07222,0.07251,8992919.9
1784419200,2026-07-19T00:00:00+00:00,0.07251,0.07278,0.07231,0.07239,5556152.699999999
1784433600,2026-07-19T04:00:00+00:00,0.07238,0.07259,0.07223,0.07242,2808714.8
1784448000,2026-07-19T08:00:00+00:00,0.07241,0.07273,0.07232,0.07248,4009440.3
1784462400,2026-07-19T12:00:00+00:00,0.07246,0.07274,0.07217,0.07242,6144222.4
1784476800,2026-07-19T16:00:00+00:00,0.07243,0.07248,0.07165,0.07227,11214584.700000001
1784491200,2026-07-19T20:00:00+00:00,0.07228,0.07255,0.07184,0.0723,11860900.0
1784505600,2026-07-20T00:00:00+00:00,0.07234,0.07309,0.07217,0.07266,12598387.700000001
1784520000,2026-07-20T04:00:00+00:00,0.07267,0.07271,0.07103,0.07179,14839140.6
1784534400,2026-07-20T08:00:00+00:00,0.07178,0.07289,0.07147,0.07279,11254528.1
1784548800,2026-07-20T12:00:00+00:00,0.07279,0.07343,0.07173,0.0733,30510893.5
1784563200,2026-07-20T16:00:00+00:00,0.07331,0.07353,0.07141,0.07207,64158903.2
1784577600,2026-07-20T20:00:00+00:00,0.0721,0.07232,0.07164,0.07204,10556307.9
1784592000,2026-07-21T00:00:00+00:00,0.07207,0.07279,0.07185,0.07275,9917661.4
1784606400,2026-07-21T04:00:00+00:00,0.07276,0.07329,0.07249,0.07327,10728061.100000001
1784620800,2026-07-21T08:00:00+00:00,0.07325,0.07376,0.07322,0.07361,18398968.7
1784635200,2026-07-21T12:00:00+00:00,0.07362,0.07368,0.07307,0.07342,18409622.3
1784649600,2026-07-21T16:00:00+00:00,0.07344,0.07359,0.07285,0.07348,13370413.9
1784664000,2026-07-21T20:00:00+00:00,0.0735,0.07359,0.07296,0.07335,6774636.0
1784678400,2026-07-22T00:00:00+00:00,0.07335,0.07385,0.07315,0.07317,15773255.9
1784692800,2026-07-22T04:00:00+00:00,0.07321,0.07345,0.07205,0.07216,17211315.8
1784707200,2026-07-22T08:00:00+00:00,0.07216,0.07278,0.07216,0.07257,5115871.800000001
1784721600,2026-07-22T12:00:00+00:00,0.07258,0.0733,0.07211,0.07303,12644519.6
1784736000,2026-07-22T16:00:00+00:00,0.07305,0.07349,0.07223,0.07247,11815357.8
1784750400,2026-07-22T20:00:00+00:00,0.07246,0.07308,0.07237,0.07295,14264638.299999999
1784764800,2026-07-23T00:00:00+00:00,0.07296,0.07319,0.0722,0.0723,8089498.7
1784779200,2026-07-23T04:00:00+00:00,0.07229,0.07265,0.07208,0.07217,5583217.3
1784793600,2026-07-23T08:00:00+00:00,0.07216,0.0725,0.07212,0.07232,7291303.100000001
1784808000,2026-07-23T12:00:00+00:00,0.07233,0.07238,0.06834,0.06973,84505217.7
1784822400,2026-07-23T16:00:00+00:00,0.06974,0.06978,0.0689,0.06919,29432189.2
1784836800,2026-07-23T20:00:00+00:00,0.06919,0.06973,0.06908,0.06916,10650714.4
1784851200,2026-07-24T00:00:00+00:00,0.06916,0.06946,0.0687,0.06938,13438495.9
1784865600,2026-07-24T04:00:00+00:00,0.06938,0.07011,0.06892,0.07001,31328889.1
1784880000,2026-07-24T08:00:00+00:00,0.07001,0.07004,0.06916,0.06938,7390420.300000001
1784894400,2026-07-24T12:00:00+00:00,0.06937,0.0696,0.06817,0.06914,45210437.6
1784908800,2026-07-24T16:00:00+00:00,0.06913,0.06925,0.0685,0.0692,16123457.2
1784923200,2026-07-24T20:00:00+00:00,0.06919,0.06968,0.06877,0.06953,24108713.400000002
1784937600,2026-07-25T00:00:00+00:00,0.0695,0.0697,0.06938,0.06963,9620220.6
1784952000,2026-07-25T04:00:00+00:00,0.06964,0.06975,0.06917,0.06931,4259182.1
1784966400,2026-07-25T08:00:00+00:00,0.06929,0.06954,0.06909,0.0694,2835865.5
1784980800,2026-07-25T12:00:00+00:00,0.06937,0.07142,0.06937,0.07115,28731196.400000002
1784995200,2026-07-25T16:00:00+00:00,0.07116,0.0736,0.07111,0.07273,69357936.0
1785009600,2026-07-25T20:00:00+00:00,0.07275,0.0729,0.0716,0.07169,17884646.4
1785024000,2026-07-26T00:00:00+00:00,0.07168,0.07272,0.07152,0.07266,17315050.3
1785038400,2026-07-26T04:00:00+00:00,0.07266,0.07396,0.07249,0.07318,41790620.8
1785052800,2026-07-26T08:00:00+00:00,0.07317,0.07371,0.07297,0.07316,9734870.4
1785067200,2026-07-26T12:00:00+00:00,0.07316,0.07337,0.07272,0.07303,14240881.799999999
1785081600,2026-07-26T16:00:00+00:00,0.07304,0.07335,0.07243,0.07258,11460156.6
1785096000,2026-07-26T20:00:00+00:00,0.07259,0.07346,0.07245,0.07328,16670637.8
1785110400,2026-07-27T00:00:00+00:00,0.07327,0.07329,0.07244,0.07278,16231723.0
1785124800,2026-07-27T04:00:00+00:00,0.07278,0.07346,0.07262,0.0728,17203768.799999997
1785139200,2026-07-27T08:00:00+00:00,0.07279,0.07284,0.07215,0.07255,12575931.2
1785153600,2026-07-27T12:00:00+00:00,0.07253,0.07315,0.07071,0.07128,31531876.9
1785168000,2026-07-27T16:00:00+00:00,0.07129,0.07225,0.07114,0.07196,14384457.8
1785182400,2026-07-27T20:00:00+00:00,0.07198,0.07211,0.07004,0.07031,21618645.6
1785196800,2026-07-28T00:00:00+00:00,0.07034,0.07049,0.06923,0.07017,24461027.0
1785211200,2026-07-28T04:00:00+00:00,0.07017,0.07043,0.06977,0.07003,9926281.1
1785225600,2026-07-28T08:00:00+00:00,0.07002,0.07026,0.0697,0.06993,12577987.8
1785240000,2026-07-28T12:00:00+00:00,0.06992,0.07099,0.06917,0.0707,29392735.1
1785254400,2026-07-28T16:00:00+00:00,0.07069,0.07134,0.0704,0.07065,15696429.8
1785268800,2026-07-28T20:00:00+00:00,0.07067,0.07107,0.06993,0.07078,22991805.4
1785283200,2026-07-29T00:00:00+00:00,0.0708,0.07116,0.07012,0.07014,18810736.7
1785297600,2026-07-29T04:00:00+00:00,0.07015,0.07093,0.06986,0.07091,23973666.500000004
1785312000,2026-07-29T08:00:00+00:00,0.07091,0.07097,0.07035,0.0705,8467081.3
1785326400,2026-07-29T12:00:00+00:00,0.07048,0.07067,0.06989,0.07009,19546565.799999997
1785340800,2026-07-29T16:00:00+00:00,0.07008,0.071,0.06959,0.06962,33556989.7
1785355200,2026-07-29T20:00:00+00:00,0.06962,0.07018,0.06876,0.07008,28375936.200000003
1785369600,2026-07-30T00:00:00+00:00,0.07009,0.07065,0.0698,0.07011,11972702.7
1785384000,2026-07-30T04:00:00+00:00,0.07011,0.07012,0.06954,0.0697,6328084.1
1785398400,2026-07-30T08:00:00+00:00,0.06969,0.07026,0.06969,0.07003,7985676.6
1785412800,2026-07-30T12:00:00+00:00,0.07005,0.07065,0.06981,0.07049,13657401.7
1785427200,2026-07-30T16:00:00+00:00,0.07049,0.07095,0.07037,0.07069,14048102.4
1785441600,2026-07-30T20:00:00+00:00,0.07068,0.0709,0.07034,0.07053,11699174.100000001
1785456000,2026-07-31T00:00:00+00:00,0.07053,0.07094,0.06975,0.06997,21462157.200000003
1785470400,2026-07-31T04:00:00+00:00,0.06997,0.07025,0.06953,0.06996,7267796.5
1785484800,2026-07-31T08:00:00+00:00,0.06997,0.07012,0.06905,0.06956,7231658.5
1785499200,2026-07-31T12:00:00+00:00,0.06956,0.06964,0.06838,0.06896,113405544.9
1785513600,2026-07-31T16:00:00+00:00,0.06895,0.07031,0.06891,0.06971,18286168.2
1785528000,2026-07-31T20:00:00+00:00,0.06973,0.06987,0.06939,0.06953,7274112.5
1785542400,2026-08-01T00:00:00+00:00,0.06954,0.0702,0.06954,0.07006,7095291.600000001
1785556800,2026-08-01T04:00:00+00:00,0.07007,0.07023,0.06973,0.06982,30770782.2
1785571200,2026-08-01T08:00:00+00:00,0.06983,0.06989,0.06955,0.0698,5967766.199999999
1785585600,2026-08-01T12:00:00+00:00,0.06979,0.07018,0.06965,0.07006,11171755.599999998
1785600000,2026-08-01T16:00:00+00:00,0.07008,0.07016,0.06762,0.06843,29264778.2
1785614400,2026-08-01T20:00:00+00:00,0.06841,0.06944,0.06835,0.0691,28103703.6
1785628800,2026-08-02T00:00:00+00:00,0.0691,0.07016,0.06906,0.07001,31716661.7
1785643200,2026-08-02T04:00:00+00:00,0.07001,0.07051,0.06995,0.07033,16764505.9
1785657600,2026-08-02T08:00:00+00:00,0.07033,0.07034,0.06977,0.06992,7595496.0
1785672000,2026-08-02T12:00:00+00:00,0.06993,0.07048,0.06992,0.07022,6844814.600000001
1785686400,2026-08-02T16:00:00+00:00,0.07022,0.07117,0.07008,0.07066,13893141.6
1785700800,2026-08-02T20:00:00+00:00,0.07065,0.07138,0.07041,0.07077,12943786.1
1785715200,2026-08-03T00:00:00+00:00,0.07075,0.07086,0.0696,0.0697,21099616.400000002
1785729600,2026-08-03T04:00:00+00:00,0.06969,0.06993,0.06895,0.06919,14477467.5
1785744000,2026-08-03T08:00:00+00:00,0.06919,0.0697,0.0689,0.06924,5651403.7
1785758400,2026-08-03T12:00:00+00:00,0.06925,0.07053,0.06916,0.0704,30589999.6
1785772800,2026-08-03T16:00:00+00:00,0.07041,0.07053,0.07006,0.07021,12481843.6
1785787200,2026-08-03T20:00:00+00:00,0.07023,0.0705,0.07005,0.07013,14536353.600000001
1785801600,2026-08-04T00:00:00+00:00,0.07012,0.07058,0.06984,0.07022,8930093.0
1785816000,2026-08-04T04:00:00+00:00,0.07021,0.07054,0.06994,0.07022,20514335.0
1785830400,2026-08-04T08:00:00+00:00,0.07022,0.07062,0.06997,0.07049,14726998.0
1785844800,2026-08-04T12:00:00+00:00,0.07051,0.07053,0.06972,0.0702,18415581.7
1785859200,2026-08-04T16:00:00+00:00,0.07019,0.0706,0.06997,0.07038,12000086.0
1785873600,2026-08-04T20:00:00+00:00,0.0704,0.07049,0.07,0.07,19354698.8
1785888000,2026-08-05T00:00:00+00:00,0.07,0.07037,0.06961,0.06973,20098769.700000003
1785902400,2026-08-05T04:00:00+00:00,0.06971,0.07008,0.06955,0.06982,11160161.7
1785916800,2026-08-05T08:00:00+00:00,0.06983,0.06992,0.06956,0.06978,6695039.2
1785931200,2026-08-05T12:00:00+00:00,0.06976,0.0702,0.06923,0.06963,20619392.8
1785945600,2026-08-05T16:00:00+00:00,0.06963,0.07039,0.06963,0.07019,16612497.0
1785960000,2026-08-05T20:00:00+00:00,0.0702,0.07049,0.06985,0.06999,15368496.200000001
1785974400,2026-08-06T00:00:00+00:00,0.06998,0.07012,0.06948,0.06957,14858466.1
1785988800,2026-08-06T04:00:00+00:00,0.06955,0.07008,0.06942,0.06972,4400261.300000001
1786003200,2026-08-06T08:00:00+00:00,0.06975,0.06999,0.06873,0.06909,19373390.099999998
1786017600,2026-08-06T12:00:00+00:00,0.0691,0.06921,0.06817,0.06898,16966408.4
1786032000,2026-08-06T16:00:00+00:00,0.06897,0.06934,0.06858,0.06869,17960646.299999997
1786046400,2026-08-06T20:00:00+00:00,0.06869,0.06907,0.06868,0.06902,13175634.4
1786060800,2026-08-07T00:00:00+00:00,0.06903,0.06944,0.06893,0.06897,10542279.4
1786075200,2026-08-07T04:00:00+00:00,0.069,0.06943,0.06876,0.06923,22544675.099999998
1786089600,2026-08-07T08:00:00+00:00,0.06923,0.06963,0.06922,0.06954,6481362.5
1786104000,2026-08-07T12:00:00+00:00,0.06954,0.07026,0.06953,0.06989,17023383.1
1786118400,2026-08-07T16:00:00+00:00,0.06991,0.07009,0.06936,0.06982,6309952.9
1786132800,2026-08-07T20:00:00+00:00,0.06983,0.06987,0.06957,0.06958,8880285.200000001
1786147200,2026-08-08T00:00:00+00:00,0.06957,0.07037,0.06953,0.07029,8804996.899999999
1786161600,2026-08-08T04:00:00+00:00,0.07029,0.07036,0.07002,0.0702,6142555.699999999
1786176000,2026-08-08T08:00:00+00:00,0.0702,0.07059,0.07012,0.07039,5245495.5
1786190400,2026-08-08T12:00:00+00:00,0.07038,0.07151,0.07032,0.07111,15492894.5
1786204800,2026-08-08T16:00:00+00:00,0.07111,0.07138,0.07081,0.07092,10434021.100000001
1786219200,2026-08-08T20:00:00+00:00,0.07091,0.07105,0.07021,0.07036,10029956.8
1786233600,2026-08-09T00:00:00+00:00,0.07036,0.07047,0.06979,0.06996,10741622.6
1786248000,2026-08-09T04:00:00+00:00,0.06995,0.0702,0.06982,0.0701,6474181.3
1786262400,2026-08-09T08:00:00+00:00,0.0701,0.07024,0.06989,0.0701,5595461.0
1786276800,2026-08-09T12:00:00+00:00,0.07009,0.07071,0.07007,0.07064,4794572.0
1786291200,2026-08-09T16:00:00+00:00,0.07065,0.07077,0.07032,0.07044,8792018.1
1786305600,2026-08-09T20:00:00+00:00,0.07044,0.07096,0.06917,0.06919,19752225.299999997
1786320000,2026-08-10T00:00:00+00:00,0.06919,0.07019,0.06904,0.06961,13457465.7
1786334400,2026-08-10T04:00:00+00:00,0.0696,0.07009,0.0695,0.06997,3791345.1
1786348800,2026-08-10T08:00:00+00:00,0.06997,0.07012,0.06971,0.06998,6583048.0
1786363200,2026-08-10T12:00:00+00:00,0.06998,0.07009,0.06935,0.06961,14214639.6
1786377600,2026-08-10T16:00:00+00:00,0.0696,0.06989,0.06941,0.06981,13894740.799999999
1786392000,2026-08-10T20:00:00+00:00,0.0698,0.06992,0.06946,0.06964,7978333.699999999
1786406400,2026-08-11T00:00:00+00:00,0.06964,0.0703,0.06954,0.07003,6057560.3
1786420800,2026-08-11T04:00:00+00:00,0.07002,0.07021,0.06982,0.07007,6046300.4
1786435200,2026-08-11T08:00:00+00:00,0.07008,0.07068,0.07004,0.07056,13496814.2
1786449600,2026-08-11T12:00:00+00:00,0.07056,0.07126,0.06987,0.07051,26263530.3
1786464000,2026-08-11T16:00:00+00:00,0.0705,0.07122,0.07035,0.07097,22562735.2
1786478400,2026-08-11T20:00:00+00:00,0.07098,0.07308,0.07098,0.07184,53375672.60000001
1786492800,2026-08-12T00:00:00+00:00,0.07182,0.07246,0.07178,0.07214,21921641.299999997
1786507200,2026-08-12T04:00:00+00:00,0.07213,0.07225,0.07134,0.0716,8651266.4
1786521600,2026-08-12T08:00:00+00:00,0.07161,0.07212,0.07143,0.07194,13502216.5
1786536000,2026-08-12T12:00:00+00:00,0.07195,0.07217,0.07019,0.07077,45738135.8
1786550400,2026-08-12T16:00:00+00:00,0.07078,0.07091,0.0704,0.07052,10906376.7
1786564800,2026-08-12T20:00:00+00:00,0.07051,0.07064,0.06884,0.06958,48853106.8
1786579200,2026-08-13T00:00:00+00:00,0.06958,0.07038,0.06957,0.07012,15005516.2
1786593600,2026-08-13T04:00:00+00:00,0.07013,0.07078,0.07004,0.07051,12247605.3
1786608000,2026-08-13T08:00:00+00:00,0.07052,0.07059,0.06984,0.07001,10197485.5
1786622400,2026-08-13T12:00:00+00:00,0.06999,0.0703,0.06964,0.06965,15224348.2
1786636800,2026-08-13T16:00:00+00:00,0.06965,0.07027,0.06945,0.07023,14752242.299999999
1786651200,2026-08-13T20:00:00+00:00,0.07025,0.07031,0.06995,0.07013,12582230.600000001
1786665600,2026-08-14T00:00:00+00:00,0.07012,0.07031,0.06986,0.06989,4720035.2
1786680000,2026-08-14T04:00:00+00:00,0.06989,0.07008,0.06955,0.06963,6981167.3
1786694400,2026-08-14T08:00:00+00:00,0.06963,0.06992,0.06924,0.06939,10339750.0
1786708800,2026-08-14T12:00:00+00:00,0.06939,0.0699,0.06915,0.06983,15704426.8
1786723200,2026-08-14T16:00:00+00:00,0.06983,0.07006,0.06952,0.06979,12496219.700000001
1786737600,2026-08-14T20:00:00+00:00,0.06979,0.07007,0.06962,0.07001,5793552.5
1786752000,2026-08-15T00:00:00+00:00,0.06999,0.07048,0.06993,0.07027,7617875.600000001
1786766400,2026-08-15T04:00:00+00:00,0.07027,0.07039,0.06996,0.07001,4625476.6
1786780800,2026-08-15T08:00:00+00:00,0.07,0.07006,0.06984,0.06995,3088269.9
1786795200,2026-08-15T12:00:00+00:00,0.06995,0.07007,0.06984,0.07,5486223.0
1786809600,2026-08-15T16:00:00+00:00,0.07,0.07,0.06966,0.06988,3680368.6
1786824000,2026-08-15T20:00:00+00:00,0.06987,0.07002,0.06939,0.06952,8330599.4
1786838400,2026-08-16T00:00:00+00:00,0.06951,0.06985,0.06943,0.06975,6194280.9
1786852800,2026-08-16T04:00:00+00:00,0.06976,0.06986,0.06952,0.06981,3913335.7
1786867200,2026-08-16T08:00:00+00:00,0.06982,0.06986,0.06961,0.06976,2470847.2
1786881600,2026-08-16T12:00:00+00:00,0.06975,0.07001,0.06969,0.07001,3051356.0
1786896000,2026-08-16T16:00:00+00:00,0.07001,0.07011,0.06981,0.06985,5820864.5
1786910400,2026-08-16T20:00:00+00:00,0.06985,0.06996,0.06893,0.06951,15715994.9
1786924800,2026-08-17T00:00:00+00:00,0.0695,0.07023,0.06938,0.07013,11874850.700000001
1786939200,2026-08-17T04:00:00+00:00,0.07014,0.07042,0.07006,0.07024,15618716.299999999
1786953600,2026-08-17T08:00:00+00:00,0.07026,0.07037,0.06996,0.07012,6249342.5
1786968000,2026-08-17T12:00:00+00:00,0.0701,0.07053,0.06992,0.07044,15834360.200000001
1786982400,2026-08-17T16:00:00+00:00,0.07044,0.07047,0.07019,0.07024,7351885.5
1786996800,2026-08-17T20:00:00+00:00,0.07024,0.07046,0.07005,0.07033,10718521.200000001
1787011200,2026-08-18T00:00:00+00:00,0.07035,0.07038,0.06954,0.06978,13702872.6
1787025600,2026-08-18T04:00:00+00:00,0.06977,0.07003,0.06956,0.0698,8890431.3
1787040000,2026-08-18T08:00:00+00:00,0.06979,0.06996,0.0696,0.0699,6493899.2
1787054400,2026-08-18T12:00:00+00:00,0.06989,0.07032,0.06968,0.07026,17454289.0
1787068800,2026-08-18T16:00:00+00:00,0.07027,0.0705,0.07016,0.07034,5549793.1
1787083200,2026-08-18T20:00:00+00:00,0.07032,0.07036,0.06991,0.07022,13398347.0
1787097600,2026-08-19T00:00:00+00:00,0.07022,0.07022,0.06981,0.07005,14384065.1
1787112000,2026-08-19T04:00:00+00:00,0.07005,0.07017,0.06983,0.06989,11547704.0
1787126400,2026-08-19T08:00:00+00:00,0.06988,0.07024,0.06984,0.07017,10048585.499999998
1787140800,2026-08-19T12:00:00+00:00,0.07019,0.074,0.07014,0.07246,70727236.1
1787155200,2026-08-19T16:00:00+00:00,0.07248,0.0732,0.07188,0.07306,38962306.699999996
1787169600,2026-08-19T20:00:00+00:00,0.07309,0.07635,0.07288,0.07499,94821431.39999999
1787184000,2026-08-20T00:00:00+00:00,0.07499,0.07606,0.07465,0.07472,32688423.7
1787198400,2026-08-20T04:00:00+00:00,0.07475,0.07538,0.07439,0.07528,33451498.3
1787212800,2026-08-20T08:00:00+00:00,0.07526,0.07785,0.07521,0.07711,62685631.60000001
1787227200,2026-08-20T12:00:00+00:00,0.07712,0.08064,0.07654,0.08021,107397537.2
1787241600,2026-08-20T16:00:00+00:00,0.08018,0.08354,0.07939,0.07967,144462120.4
1787256000,2026-08-20T20:00:00+00:00,0.07966,0.0807,0.07906,0.08044,34877623.8
1787270400,2026-08-21T00:00:00+00:00,0.08046,0.08302,0.08028,0.08174,69486363.9
1787284800,2026-08-21T04:00:00+00:00,0.08176,0.0845,0.08176,0.08341,67149142.0
1787299200,2026-08-21T08:00:00+00:00,0.08346,0.08576,0.08257,0.08298,79031790.8
1787313600,2026-08-21T12:00:00+00:00,0.08299,0.08477,0.08266,0.08378,62170703.800000004
1787328000,2026-08-21T16:00:00+00:00,0.08379,0.08536,0.08341,0.0849,59828069.1
1787342400,2026-08-21T20:00:00+00:00,0.08491,0.09474,0.08465,0.09154,187699931.2
1787356800,2026-08-22T00:00:00+00:00,0.09158,0.09701,0.0901,0.09567,119989203.7
1787371200,2026-08-22T04:00:00+00:00,0.09569,0.10087,0.08245,0.09303,405618953.0
1787385600,2026-08-22T08:00:00+00:00,0.09304,0.09346,0.08766,0.08983,119282670.5
1787400000,2026-08-22T12:00:00+00:00,0.08984,0.0921,0.08949,0.09029,62765159.1
1787414400,2026-08-22T16:00:00+00:00,0.09031,0.0939,0.08976,0.09353,99156359.5
1787428800,2026-08-22T20:00:00+00:00,0.09355,0.09532,0.09111,0.09187,81023954.5
1787443200,2026-08-23T00:00:00+00:00,0.09186,0.09432,0.09054,0.09111,61503002.8
1787457600,2026-08-23T04:00:00+00:00,0.09111,0.09174,0.08872,0.09021,72319959.7
1787472000,2026-08-23T08:00:00+00:00,0.09021,0.09309,0.09016,0.09277,49217185.7
1787486400,2026-08-23T12:00:00+00:00,0.09275,0.0945,0.09058,0.09244,70908184.6
1787500800,2026-08-23T16:00:00+00:00,0.09245,0.09335,0.09187,0.09234,52370776.3
1787515200,2026-08-23T20:00:00+00:00,0.09236,0.0945,0.09201,0.09341,43945862.60000001
1787529600,2026-08-24T00:00:00+00:00,0.09341,0.09362,0.09028,0.09136,55667921.9
1787544000,2026-08-24T04:00:00+00:00,0.09137,0.09313,0.09125,0.09136,42828888.800000004
1787558400,2026-08-24T08:00:00+00:00,0.09137,0.09268,0.09018,0.0922,66470375.8
1787572800,2026-08-24T12:00:00+00:00,0.0922,0.09335,0.0903,0.09124,79628936.6
1787587200,2026-08-24T16:00:00+00:00,0.09126,0.09227,0.088,0.08904,74275892.9
1787601600,2026-08-24T20:00:00+00:00,0.08906,0.09027,0.08862,0.09009,34040723.0
1787616000,2026-08-25T00:00:00+00:00,0.09008,0.09303,0.08971,0.09191,60971751.3
1787630400,2026-08-25T04:00:00+00:00,0.09191,0.09307,0.09011,0.09076,59349106.400000006
1787644800,2026-08-25T08:00:00+00:00,0.09078,0.09152,0.08979,0.09015,21756965.9
1787659200,2026-08-25T12:00:00+00:00,0.09016,0.09025,0.08699,0.08921,54005467.6
1787673600,2026-08-25T16:00:00+00:00,0.08918,0.08941,0.08787,0.08804,31808495.2
1787688000,2026-08-25T20:00:00+00:00,0.08803,0.08811,0.08489,0.08566,49390374.10000001
1787702400,2026-08-26T00:00:00+00:00,0.08568,0.08696,0.08545,0.08661,24908239.5
1787716800,2026-08-26T04:00:00+00:00,0.08662,0.08704,0.08603,0.08661,23732751.1
1787731200,2026-08-26T08:00:00+00:00,0.08663,0.08706,0.08549,0.08634,22164519.1
1787745600,2026-08-26T12:00:00+00:00,0.08636,0.08698,0.08382,0.0845,39237696.2
1787760000,2026-08-26T16:00:00+00:00,0.08448,0.08541,0.08386,0.08486,29488609.1
1787774400,2026-08-26T20:00:00+00:00,0.08485,0.08782,0.08441,0.08756,28606054.299999997
1787788800,2026-08-27T00:00:00+00:00,0.08754,0.08763,0.08626,0.08683,28422380.400000002
1787803200,2026-08-27T04:00:00+00:00,0.08684,0.08717,0.08619,0.08715,9616851.8
1787817600,2026-08-27T08:00:00+00:00,0.08714,0.09002,0.08711,0.0883,47210703.099999994
1787832000,2026-08-27T12:00:00+00:00,0.08839,0.08974,0.08723,0.08869,52871230.099999994
