ts,datetime,open,high,low,close,volume
1693238400,2023-08-28T16:00:00+00:00,1647.7,1653.9,1637.52,1645.75,12727.731891210002
1693252800,2023-08-28T20:00:00+00:00,1645.54,1656.16,1643.4,1651.94,6662.90309854
1693267200,2023-08-29T00:00:00+00:00,1651.93,1661.21,1649.9,1651.36,8448.49075857
1693281600,2023-08-29T04:00:00+00:00,1651.51,1652.59,1644.21,1646.57,5752.2548337299995
1693296000,2023-08-29T08:00:00+00:00,1646.56,1647.23,1639.04,1641.16,5002.542611080001
1693310400,2023-08-29T12:00:00+00:00,1641.01,1735.89,1639.18,1715.03,51102.385172680006
1693324800,2023-08-29T16:00:00+00:00,1715.17,1745.88,1708.75,1735.33,35936.173960680004
1693339200,2023-08-29T20:00:00+00:00,1735.33,1741.98,1721.99,1729.34,16033.736768839999
1693353600,2023-08-30T00:00:00+00:00,1729.26,1730.96,1713.16,1718.35,10461.64029409
1693368000,2023-08-30T04:00:00+00:00,1718.35,1722.13,1715.97,1717.53,4871.25573411
1693382400,2023-08-30T08:00:00+00:00,1717.56,1720.63,1711,1716.05,8323.35898809
1693396800,2023-08-30T12:00:00+00:00,1716.02,1722.13,1694.98,1703.58,22684.93484903
1693411200,2023-08-30T16:00:00+00:00,1703.56,1704.78,1695.92,1701.21,9235.17778378
1693425600,2023-08-30T20:00:00+00:00,1701.68,1708.06,1700.95,1705.47,5520.98370873
1693440000,2023-08-31T00:00:00+00:00,1705.46,1705.46,1697.08,1698.82,7141.39250519
1693454400,2023-08-31T04:00:00+00:00,1698.9,1707.03,1698.83,1706.03,3377.4832843000004
1693468800,2023-08-31T08:00:00+00:00,1706.02,1726.16,1703.62,1713.84,15497.95081672
1693483200,2023-08-31T12:00:00+00:00,1713.84,1714.31,1677.5,1689.08,25837.373979180004
1693497600,2023-08-31T16:00:00+00:00,1688.97,1689.01,1643.3,1656.7,45662.018420830005
1693512000,2023-08-31T20:00:00+00:00,1656.7,1656.82,1629.76,1645.58,19061.93973566
1693526400,2023-09-01T00:00:00+00:00,1645.58,1654.27,1644.59,1651.71,6013.65112624
1693540800,2023-09-01T04:00:00+00:00,1651.72,1652.56,1642.94,1645.69,4487.43009531
1693555200,2023-09-01T08:00:00+00:00,1645.69,1647.83,1640.76,1646.12,9802.43149574
1693569600,2023-09-01T12:00:00+00:00,1646.11,1651.58,1621.23,1634.02,28970.78354012
1693584000,2023-09-01T16:00:00+00:00,1634.03,1636.58,1601.69,1618.45,30427.899706049997
1693598400,2023-09-01T20:00:00+00:00,1618.34,1636.48,1615.34,1628.46,12899.495926309999
1693612800,2023-09-02T00:00:00+00:00,1628.46,1633.6,1627.43,1631.64,5161.72812685
1693627200,2023-09-02T04:00:00+00:00,1631.7,1635.66,1629.4,1631.2,5347.14102925
1693641600,2023-09-02T08:00:00+00:00,1631.2,1636.71,1629.71,1634.25,3853.33600047
1693656000,2023-09-02T12:00:00+00:00,1634.5,1644.64,1633,1638.69,6680.92859563
1693670400,2023-09-02T16:00:00+00:00,1638.69,1640.66,1628.28,1633.31,5861.155758229999
1693684800,2023-09-02T20:00:00+00:00,1633.3,1639.28,1632.59,1636.83,3849.14946958
1693699200,2023-09-03T00:00:00+00:00,1636.83,1637.42,1631.44,1636.02,4828.728328900001
1693713600,2023-09-03T04:00:00+00:00,1636.01,1638.79,1633.82,1635.48,2946.4649457699998
1693728000,2023-09-03T08:00:00+00:00,1635.48,1636.05,1631.24,1634.41,3284.6862673099995
1693742400,2023-09-03T12:00:00+00:00,1634.41,1640.6,1628.12,1632.77,7610.612698389999
1693756800,2023-09-03T16:00:00+00:00,1632.88,1642.65,1624.93,1638.53,8701.12697772
1693771200,2023-09-03T20:00:00+00:00,1638.63,1646.97,1633.21,1635.68,8698.33402531
1693785600,2023-09-04T00:00:00+00:00,1635.65,1644.57,1631.85,1637.39,4594.99784642
1693800000,2023-09-04T04:00:00+00:00,1637.39,1639.9,1634.33,1638.41,4166.80439598
1693814400,2023-09-04T08:00:00+00:00,1638.41,1640.1,1630.75,1631.58,6792.758740849999
1693828800,2023-09-04T12:00:00+00:00,1631.43,1634.36,1617.67,1625.82,9765.4603182
1693843200,2023-09-04T16:00:00+00:00,1625.75,1635.19,1625.05,1630.62,5579.91020232
1693857600,2023-09-04T20:00:00+00:00,1630.62,1632.13,1615.85,1629.75,12134.48030008
1693872000,2023-09-05T00:00:00+00:00,1629.75,1630.58,1608.85,1617.37,11674.43761475
1693886400,2023-09-05T04:00:00+00:00,1617.34,1626.74,1617.16,1623.84,5224.0067667700005
1693900800,2023-09-05T08:00:00+00:00,1623.84,1637.38,1620,1634.24,7501.924516690001
1693915200,2023-09-05T12:00:00+00:00,1634.32,1646.66,1624.81,1635.67,13687.63058858
1693929600,2023-09-05T16:00:00+00:00,1635.47,1642.53,1631.23,1631.52,10142.20925324
1693944000,2023-09-05T20:00:00+00:00,1631.54,1633.97,1626.17,1633.85,6362.48705858
1693958400,2023-09-06T00:00:00+00:00,1633.85,1639.29,1630.96,1632.63,4402.14359674
1693972800,2023-09-06T04:00:00+00:00,1632.45,1633.04,1626.87,1628.3,3045.43109021
1693987200,2023-09-06T08:00:00+00:00,1628.29,1635.38,1628.05,1631.96,3768.9360562800002
1694001600,2023-09-06T12:00:00+00:00,1631.95,1634.58,1618.28,1622.51,11574.84638049
1694016000,2023-09-06T16:00:00+00:00,1622.61,1669,1608.17,1630.31,34575.85618638
1694030400,2023-09-06T20:00:00+00:00,1630.16,1634.37,1626.35,1632.08,6791.900058050001
1694044800,2023-09-07T00:00:00+00:00,1632.09,1639.27,1630.62,1639.22,7588.11948973
1694059200,2023-09-07T04:00:00+00:00,1639.24,1641.59,1634.33,1634.78,4617.43414993
1694073600,2023-09-07T08:00:00+00:00,1634.77,1634.85,1625.16,1626.7,4291.05644598
1694088000,2023-09-07T12:00:00+00:00,1626.62,1633.06,1622.41,1629.42,11742.59443839
1694102400,2023-09-07T16:00:00+00:00,1629.43,1640.26,1628.61,1636.24,10842.700609489999
1694116800,2023-09-07T20:00:00+00:00,1636.23,1659.1,1635,1647.44,21820.68491702
1694131200,2023-09-08T00:00:00+00:00,1647.44,1658.29,1643.42,1645.76,10012.46517313
1694145600,2023-09-08T04:00:00+00:00,1645.75,1653.15,1642.43,1646.12,6754.60131388
1694160000,2023-09-08T08:00:00+00:00,1646.11,1646.88,1615.65,1625.18,11911.109250309999
1694174400,2023-09-08T12:00:00+00:00,1625.18,1633.93,1623.58,1628.1,10745.50418778
1694188800,2023-09-08T16:00:00+00:00,1628.12,1634.72,1624.05,1633.96,12986.474703709999
1694203200,2023-09-08T20:00:00+00:00,1633.96,1638.38,1632.48,1635.94,5895.33507642
1694217600,2023-09-09T00:00:00+00:00,1635.94,1636.49,1632.99,1634.07,2639.73990402
1694232000,2023-09-09T04:00:00+00:00,1634.06,1635.33,1631.5,1633.93,1378.07206246
1694246400,2023-09-09T08:00:00+00:00,1633.93,1635.6,1632.92,1634.7,1448.2026422600002
1694260800,2023-09-09T12:00:00+00:00,1634.7,1636.78,1629.32,1634.8,3668.7073178299997
1694275200,2023-09-09T16:00:00+00:00,1634.8,1637.14,1631.67,1633.57,2095.17824069
1694289600,2023-09-09T20:00:00+00:00,1633.58,1636.57,1633.02,1635.14,1943.6014374200001
1694304000,2023-09-10T00:00:00+00:00,1635.15,1635.66,1626.34,1630.6,3725.0521149200003
1694318400,2023-09-10T04:00:00+00:00,1630.6,1630.75,1618.18,1624.62,6012.936093810001
1694332800,2023-09-10T08:00:00+00:00,1624.62,1626.37,1619.48,1623.91,2864.70511292
1694347200,2023-09-10T12:00:00+00:00,1623.98,1627.73,1610.75,1619.01,8610.125758459999
1694361600,2023-09-10T16:00:00+00:00,1619,1619.54,1596.78,1616.51,16414.379004270002
1694376000,2023-09-10T20:00:00+00:00,1616.52,1627.61,1613.97,1616.65,9263.860828379999
1694390400,2023-09-11T00:00:00+00:00,1616.68,1618.61,1602.92,1611.52,7142.03875013
1694404800,2023-09-11T04:00:00+00:00,1611.51,1617.52,1607.55,1611.65,6864.53332136
1694419200,2023-09-11T08:00:00+00:00,1611.64,1612.16,1575.31,1586.07,21111.349335220002
1694433600,2023-09-11T12:00:00+00:00,1585.98,1597.48,1549.21,1561.74,40569.42194051
1694448000,2023-09-11T16:00:00+00:00,1561.75,1567.58,1531.36,1538.68,26981.96314363
1694462400,2023-09-11T20:00:00+00:00,1538.62,1551.7,1530.6,1551.36,19468.82700005
1694476800,2023-09-12T00:00:00+00:00,1551.33,1594.05,1549.21,1584.05,17655.42106894
1694491200,2023-09-12T04:00:00+00:00,1584.12,1592.6,1574.15,1579.7,13588.038634060002
1694505600,2023-09-12T08:00:00+00:00,1579.7,1624.99,1575.88,1609.02,17071.14430031
1694520000,2023-09-12T12:00:00+00:00,1609.1,1613.03,1594.81,1603.78,16976.90985869
1694534400,2023-09-12T16:00:00+00:00,1603.7,1621.26,1584.58,1598.19,19583.68309772
1694548800,2023-09-12T20:00:00+00:00,1598.17,1603.92,1590.62,1593.07,7246.58967906
1694563200,2023-09-13T00:00:00+00:00,1592.92,1601.04,1586.49,1589.68,9087.74383918
1694577600,2023-09-13T04:00:00+00:00,1589.67,1602.75,1581.65,1584.3,12895.633189250002
1694592000,2023-09-13T08:00:00+00:00,1584.23,1607.06,1582.94,1604.68,7833.24240336
1694606400,2023-09-13T12:00:00+00:00,1604.36,1618.56,1592.18,1608.22,22257.40026132
1694620800,2023-09-13T16:00:00+00:00,1608.22,1615.71,1595.59,1599.5,13039.95992853
1694635200,2023-09-13T20:00:00+00:00,1599.56,1610.59,1599.36,1608.06,6318.3017076
1694649600,2023-09-14T00:00:00+00:00,1608.06,1638.51,1607.48,1620.48,26009.437531699998
1694664000,2023-09-14T04:00:00+00:00,1620.48,1625.84,1612.71,1621.2,9965.758768650001
1694678400,2023-09-14T08:00:00+00:00,1621.5,1627.01,1617.3,1624.77,6357.14449441
1694692800,2023-09-14T12:00:00+00:00,1624.83,1644.33,1617.14,1634.97,24566.68738358
1694707200,2023-09-14T16:00:00+00:00,1635.02,1644.4,1626.61,1635.97,11768.21999783
1694721600,2023-09-14T20:00:00+00:00,1635.97,1638.19,1624.17,1627.18,6143.326521260001
1694736000,2023-09-15T00:00:00+00:00,1627.17,1635.94,1622.65,1634.77,6109.006992619999
1694750400,2023-09-15T04:00:00+00:00,1634.72,1636.21,1627.07,1628.1,3930.3019666
1694764800,2023-09-15T08:00:00+00:00,1628.09,1632.32,1618.18,1621.17,5183.02983442
1694779200,2023-09-15T12:00:00+00:00,1621.1,1625.63,1611.52,1619.03,9657.81475685
1694793600,2023-09-15T16:00:00+00:00,1619.09,1623.5,1617.39,1621.23,8012.877035990001
1694808000,2023-09-15T20:00:00+00:00,1621.23,1653.52,1619.14,1641.49,13694.27678326
1694822400,2023-09-16T00:00:00+00:00,1641.48,1652.54,1638.95,1641.99,7017.68491042
1694836800,2023-09-16T04:00:00+00:00,1641.99,1642.58,1635,1637.21,4277.69776775
1694851200,2023-09-16T08:00:00+00:00,1637.2,1638.82,1631.88,1636.1,3419.1971056400002
1694865600,2023-09-16T12:00:00+00:00,1636.09,1639.68,1632.04,1634.81,3996.75949181
1694880000,2023-09-16T16:00:00+00:00,1634.81,1639.84,1632.24,1634.03,3609.58033567
1694894400,2023-09-16T20:00:00+00:00,1634.03,1638.25,1633.04,1634.87,3518.80665764
1694908800,2023-09-17T00:00:00+00:00,1634.87,1634.87,1619.89,1629.74,7347.14307367
1694923200,2023-09-17T04:00:00+00:00,1629.74,1632.28,1627.88,1628.34,3369.81368714
1694937600,2023-09-17T08:00:00+00:00,1628.33,1635.66,1627.86,1629.96,2462.91273843
1694952000,2023-09-17T12:00:00+00:00,1629.97,1632.75,1628.01,1629.75,2984.5210547099996
1694966400,2023-09-17T16:00:00+00:00,1629.75,1629.91,1618.18,1626.19,4450.33429803
1694980800,2023-09-17T20:00:00+00:00,1626.23,1627.26,1612.35,1622.83,7625.90982031
1694995200,2023-09-18T00:00:00+00:00,1622.93,1636.65,1603.55,1630.61,13639.07160069
1695009600,2023-09-18T04:00:00+00:00,1630.61,1638.93,1627.25,1634.35,7795.081250929999
1695024000,2023-09-18T08:00:00+00:00,1634.35,1658.56,1630.86,1656.07,14469.074195960002
1695038400,2023-09-18T12:00:00+00:00,1655.92,1669.43,1650.69,1656,20991.30280575
1695052800,2023-09-18T16:00:00+00:00,1656,1658.75,1633.32,1641.08,19058.87739971
1695067200,2023-09-18T20:00:00+00:00,1641.17,1642.61,1635.77,1636.94,6719.3471187
1695081600,2023-09-19T00:00:00+00:00,1636.93,1640.04,1626.77,1635.04,7695.17749543
1695096000,2023-09-19T04:00:00+00:00,1635.03,1639.03,1633.31,1636.56,2843.2635173900003
1695110400,2023-09-19T08:00:00+00:00,1636.56,1661.05,1636.33,1648.2,10616.667102059999
1695124800,2023-09-19T12:00:00+00:00,1648.2,1659.48,1635,1657.18,13009.63761659
1695139200,2023-09-19T16:00:00+00:00,1657.21,1660.1,1640.23,1644.36,11120.06072992
1695153600,2023-09-19T20:00:00+00:00,1644.4,1644.85,1636.94,1643.42,8380.627722809999
1695168000,2023-09-20T00:00:00+00:00,1643.41,1649.57,1635.69,1637.83,5987.266500729999
1695182400,2023-09-20T04:00:00+00:00,1637.73,1639.5,1630.75,1634.66,6367.847808
1695196800,2023-09-20T08:00:00+00:00,1634.66,1637.95,1619.35,1629.86,9602.379469680001
1695211200,2023-09-20T12:00:00+00:00,1629.86,1634.48,1620.55,1629.47,9848.31260836
1695225600,2023-09-20T16:00:00+00:00,1629.48,1640.62,1604.91,1616.35,24524.811741240002
1695240000,2023-09-20T20:00:00+00:00,1616.39,1629.86,1615.15,1622.27,13083.02996817
1695254400,2023-09-21T00:00:00+00:00,1622.26,1625.23,1613.85,1623.47,6577.1909159
1695268800,2023-09-21T04:00:00+00:00,1623.58,1624.84,1616.57,1617.99,6068.59443383
1695283200,2023-09-21T08:00:00+00:00,1617.99,1622.39,1588.88,1595.02,18417.66189385
1695297600,2023-09-21T12:00:00+00:00,1595.01,1597.08,1567.81,1583.34,24052.26575848
1695312000,2023-09-21T16:00:00+00:00,1583.34,1592.7,1581.67,1589.61,8844.29028562
1695326400,2023-09-21T20:00:00+00:00,1589.61,1590.5,1583.12,1583.86,6320.570264739999
1695340800,2023-09-22T00:00:00+00:00,1583.86,1596.02,1576.52,1594.4,8492.74224542
1695355200,2023-09-22T04:00:00+00:00,1594.4,1597.2,1587.34,1595.68,4908.68330729
1695369600,2023-09-22T08:00:00+00:00,1595.72,1602.43,1592.83,1596.86,6647.8415193
1695384000,2023-09-22T12:00:00+00:00,1596.86,1600.55,1592.74,1593.18,9194.19664449
1695398400,2023-09-22T16:00:00+00:00,1593.14,1599.09,1586.57,1592.43,11352.97932896
1695412800,2023-09-22T20:00:00+00:00,1592.52,1594.99,1589,1593.03,8413.800887289999
1695427200,2023-09-23T00:00:00+00:00,1593.04,1598.19,1589.96,1591.19,4429.626289479999
1695441600,2023-09-23T04:00:00+00:00,1591.19,1595.53,1589.9,1594.65,1930.56304931
1695456000,2023-09-23T08:00:00+00:00,1594.65,1594.99,1591.07,1593.48,1726.1865722100001
1695470400,2023-09-23T12:00:00+00:00,1593.48,1595.27,1587.97,1590.37,2975.21634857
1695484800,2023-09-23T16:00:00+00:00,1590.37,1595.63,1588.54,1594.71,3935.9812706499997
1695499200,2023-09-23T20:00:00+00:00,1594.7,1595.74,1589.99,1593.85,2729.76794523
1695513600,2023-09-24T00:00:00+00:00,1593.84,1595.1,1590.8,1592.32,2395.5208095
1695528000,2023-09-24T04:00:00+00:00,1592.32,1593.31,1591.32,1592.09,2024.6326068399999
1695542400,2023-09-24T08:00:00+00:00,1592.09,1596.29,1592.09,1594.1,2036.12401891
1695556800,2023-09-24T12:00:00+00:00,1594.11,1596.55,1588.63,1590.89,3052.52439598
1695571200,2023-09-24T16:00:00+00:00,1590.89,1600.89,1578.46,1586.13,14598.7303984
1695585600,2023-09-24T20:00:00+00:00,1586.13,1591.34,1570.35,1580.64,8665.99599965
1695600000,2023-09-25T00:00:00+00:00,1580.59,1587.34,1563,1577.77,12655.72781829
1695614400,2023-09-25T04:00:00+00:00,1577.77,1581.45,1572.24,1580.82,5971.81135381
1695628800,2023-09-25T08:00:00+00:00,1580.82,1582.68,1565.33,1568.56,6014.98353336
1695643200,2023-09-25T12:00:00+00:00,1568.55,1589.14,1563.69,1584.01,15342.85690178
1695657600,2023-09-25T16:00:00+00:00,1584.08,1597.12,1584.08,1591.21,15037.517830040002
1695672000,2023-09-25T20:00:00+00:00,1591.48,1596.34,1584.06,1587.75,7561.03322524
1695686400,2023-09-26T00:00:00+00:00,1587.75,1594.12,1585.59,1591.49,5331.97287641
1695700800,2023-09-26T04:00:00+00:00,1591.58,1594.68,1586.61,1588.36,3790.3910956399995
1695715200,2023-09-26T08:00:00+00:00,1588.36,1598.84,1585.15,1590.93,7605.45732857
1695729600,2023-09-26T12:00:00+00:00,1590.93,1593.33,1579.47,1582.2,12215.79724674
1695744000,2023-09-26T16:00:00+00:00,1582.2,1592.34,1581.06,1588.58,10940.355450719999
1695758400,2023-09-26T20:00:00+00:00,1588.44,1594.59,1583.08,1593,9116.924063710001
1695772800,2023-09-27T00:00:00+00:00,1593,1596.93,1589,1594.64,5592.76438327
1695787200,2023-09-27T04:00:00+00:00,1594.7,1596.78,1589.86,1591.37,4572.97770706
1695801600,2023-09-27T08:00:00+00:00,1591.35,1632.94,1588.96,1628.51,22302.125516609998
1695816000,2023-09-27T12:00:00+00:00,1628.46,1630.4,1591.08,1600.46,27724.935933499997
1695830400,2023-09-27T16:00:00+00:00,1600.46,1601.95,1582.38,1596.57,14391.403992230002
1695844800,2023-09-27T20:00:00+00:00,1596.58,1598.74,1591.82,1597.65,5670.23901363
1695859200,2023-09-28T00:00:00+00:00,1597.65,1614.19,1596.93,1605.09,15121.18254736
1695873600,2023-09-28T04:00:00+00:00,1605.09,1620.44,1603.07,1617.86,10328.83201621
1695888000,2023-09-28T08:00:00+00:00,1617.79,1636.24,1613.43,1622.34,13790.594420320002
1695902400,2023-09-28T12:00:00+00:00,1622.34,1654.46,1620.2,1651.98,39815.554335110006
1695916800,2023-09-28T16:00:00+00:00,1652.07,1668.55,1645.1,1658.12,39381.07768276
1695931200,2023-09-28T20:00:00+00:00,1658.12,1661.64,1643.63,1652.94,18318.14113173
1695945600,2023-09-29T00:00:00+00:00,1652.94,1658.64,1648.33,1651.63,8822.87476784
1695960000,2023-09-29T04:00:00+00:00,1651.64,1688.16,1648.83,1686.49,23971.049913709998
1695974400,2023-09-29T08:00:00+00:00,1686.53,1687.35,1666.51,1668.67,12949.574394750001
1695988800,2023-09-29T12:00:00+00:00,1668.67,1683.87,1655.66,1671.85,25366.759106849997
1696003200,2023-09-29T16:00:00+00:00,1671.8,1673.13,1656.62,1665.09,18100.457364089998
1696017600,2023-09-29T20:00:00+00:00,1665.16,1670.62,1664.09,1667.21,7749.10430848
1696032000,2023-09-30T00:00:00+00:00,1667.2,1672.49,1665.98,1670.63,8003.79549518
1696046400,2023-09-30T04:00:00+00:00,1670.63,1675.75,1670.19,1672.08,6173.74496165
1696060800,2023-09-30T08:00:00+00:00,1672.26,1679.41,1671.72,1676.13,6417.56065561
1696075200,2023-09-30T12:00:00+00:00,1676.13,1694.25,1672.93,1683.31,14168.09739752
1696089600,2023-09-30T16:00:00+00:00,1683.28,1686.43,1674.22,1679.48,8732.15179231
1696104000,2023-09-30T20:00:00+00:00,1679.42,1683.72,1667.5,1670.84,9113.57286765
1696118400,2023-10-01T00:00:00+00:00,1670.84,1677.55,1670.07,1674.45,6637.09799746
1696132800,2023-10-01T04:00:00+00:00,1674.45,1680.8,1673.19,1678.71,3541.75070036
1696147200,2023-10-01T08:00:00+00:00,1678.71,1692.16,1677,1688.85,6419.442063710001
1696161600,2023-10-01T12:00:00+00:00,1688.85,1691.49,1679,1683.84,7975.665045309999
1696176000,2023-10-01T16:00:00+00:00,1683.85,1684.58,1671.06,1676.5,8021.56109669
1696190400,2023-10-01T20:00:00+00:00,1676.5,1755.2,1668.51,1733.4,42798.41754603
1696204800,2023-10-02T00:00:00+00:00,1733.42,1735.46,1718.01,1729.44,17648.38006803
1696219200,2023-10-02T04:00:00+00:00,1729.47,1734.21,1713.69,1730.72,20069.83753063
1696233600,2023-10-02T08:00:00+00:00,1730.63,1743.84,1725.05,1725.4,18080.44921831
1696248000,2023-10-02T12:00:00+00:00,1725.48,1734.15,1688.58,1692.67,34346.05166923
1696262400,2023-10-02T16:00:00+00:00,1692.39,1694.18,1645.86,1674.71,46412.75514306
1696276800,2023-10-02T20:00:00+00:00,1674.63,1674.65,1637.82,1662.62,21731.398595220002
1696291200,2023-10-03T00:00:00+00:00,1662.62,1668.43,1659.9,1665.75,7332.61064178
1696305600,2023-10-03T04:00:00+00:00,1665.75,1670.61,1661.99,1662.49,5113.57571922
1696320000,2023-10-03T08:00:00+00:00,1662.46,1667.56,1649.92,1656.3,12919.405876599998
1696334400,2023-10-03T12:00:00+00:00,1656.48,1663,1643.56,1647.99,21012.27288035
1696348800,2023-10-03T16:00:00+00:00,1647.98,1658.72,1646.59,1650.53,17594.944040899998
1696363200,2023-10-03T20:00:00+00:00,1650.61,1659.92,1646.01,1656.91,11321.42862542
1696377600,2023-10-04T00:00:00+00:00,1656.91,1657.91,1626.01,1641.94,25168.091478209997
1696392000,2023-10-04T04:00:00+00:00,1641.9,1645.05,1636.1,1645,4592.374798870001
1696406400,2023-10-04T08:00:00+00:00,1645,1652.81,1643.74,1646.57,5933.41664003
1696420800,2023-10-04T12:00:00+00:00,1646.7,1650.19,1627.38,1632.56,14676.763766840002
1696435200,2023-10-04T16:00:00+00:00,1632.57,1654.67,1631.66,1642.78,20636.58814173
1696449600,2023-10-04T20:00:00+00:00,1643.08,1652.66,1640.44,1646.58,9412.85620001
1696464000,2023-10-05T00:00:00+00:00,1646.58,1655.28,1642.14,1642.44,7973.42023113
1696478400,2023-10-05T04:00:00+00:00,1642.45,1646.28,1632.13,1636.29,7036.26417423
1696492800,2023-10-05T08:00:00+00:00,1636.28,1642.18,1634.78,1636.79,4461.69045924
1696507200,2023-10-05T12:00:00+00:00,1636.8,1649.66,1608,1618.51,27828.676924209998
1696521600,2023-10-05T16:00:00+00:00,1618.5,1621.7,1608.61,1616.62,30639.51655955
1696536000,2023-10-05T20:00:00+00:00,1616.55,1619.91,1610.14,1611.63,10063.40949305
1696550400,2023-10-06T00:00:00+00:00,1611.83,1625.31,1611.78,1624.47,6313.227026410001
1696564800,2023-10-06T04:00:00+00:00,1624.5,1632.74,1618.87,1631.12,4967.12658331
1696579200,2023-10-06T08:00:00+00:00,1631.14,1640.07,1629.43,1635.14,6511.1739374
1696593600,2023-10-06T12:00:00+00:00,1635.2,1650,1612.12,1643.29,24976.136412199998
1696608000,2023-10-06T16:00:00+00:00,1643.2,1655.13,1635.05,1647.11,18539.34194219
1696622400,2023-10-06T20:00:00+00:00,1647.02,1662.23,1643.63,1645.95,9837.413547279999
1696636800,2023-10-07T00:00:00+00:00,1645.9,1648.7,1641.11,1642.46,5140.36177987
1696651200,2023-10-07T04:00:00+00:00,1642.46,1644.3,1637,1637.65,2943.80328184
1696665600,2023-10-07T08:00:00+00:00,1637.64,1644.3,1636.94,1639.63,2743.9517595899997
1696680000,2023-10-07T12:00:00+00:00,1639.64,1643.98,1636.01,1639.6,4247.54596178
1696694400,2023-10-07T16:00:00+00:00,1639.61,1640.62,1631.01,1631.4,6355.31701067
1696708800,2023-10-07T20:00:00+00:00,1631.4,1637.11,1631.02,1634.65,5810.93449843
1696723200,2023-10-08T00:00:00+00:00,1634.64,1642.33,1634.25,1639.94,4717.62901841
1696737600,2023-10-08T04:00:00+00:00,1639.95,1640.81,1626.4,1629.64,5181.10274411
1696752000,2023-10-08T08:00:00+00:00,1629.64,1630.52,1617.31,1618.69,8241.23992073
1696766400,2023-10-08T12:00:00+00:00,1618.68,1637.98,1617.88,1632.25,9621.01302081
1696780800,2023-10-08T16:00:00+00:00,1632.25,1639.76,1630.04,1636.32,5562.39137428
1696795200,2023-10-08T20:00:00+00:00,1636.33,1639.24,1628.25,1633.78,4757.77215568
1696809600,2023-10-09T00:00:00+00:00,1633.77,1636.51,1624.24,1634.35,5980.676752490001
1696824000,2023-10-09T04:00:00+00:00,1634.35,1635.7,1617.71,1621.1,4105.43987784
1696838400,2023-10-09T08:00:00+00:00,1621.1,1622.39,1586.24,1590.58,24392.96936873
1696852800,2023-10-09T12:00:00+00:00,1590.58,1597.64,1583.86,1586.47,18389.15047404
1696867200,2023-10-09T16:00:00+00:00,1586.29,1586.97,1548.22,1581.82,43024.48831131
1696881600,2023-10-09T20:00:00+00:00,1581.81,1584.17,1573.97,1580.13,6506.835022119999
1696896000,2023-10-10T00:00:00+00:00,1580.13,1591.79,1576.24,1585.07,11031.12210656
1696910400,2023-10-10T04:00:00+00:00,1585.06,1594.13,1582.75,1590.09,5679.191740300001
1696924800,2023-10-10T08:00:00+00:00,1590.14,1595.15,1578.32,1579.81,8206.14369925
1696939200,2023-10-10T12:00:00+00:00,1579.81,1588.47,1563.93,1568.11,21581.08712309
1696953600,2023-10-10T16:00:00+00:00,1568.07,1573.1,1558.08,1565.92,18994.168104620003
1696968000,2023-10-10T20:00:00+00:00,1565.99,1570.49,1550.18,1567.63,13612.11684522
1696982400,2023-10-11T00:00:00+00:00,1567.63,1575.92,1545.5,1556.46,16586.37586004
1696996800,2023-10-11T04:00:00+00:00,1556.55,1561.83,1548.22,1556.77,9727.11524444
1697011200,2023-10-11T08:00:00+00:00,1556.75,1578.53,1556.28,1572.58,12153.30594789
1697025600,2023-10-11T12:00:00+00:00,1572.57,1576.54,1553.94,1559.36,17235.55913838
1697040000,2023-10-11T16:00:00+00:00,1559.45,1565.92,1548.26,1562.67,17047.42834326
1697054400,2023-10-11T20:00:00+00:00,1562.96,1569.09,1560.38,1566.46,7031.46857522
1697068800,2023-10-12T00:00:00+00:00,1566.45,1568.05,1555.85,1561.37,5515.712107599999
1697083200,2023-10-12T04:00:00+00:00,1561.36,1566.55,1557.55,1558.83,5407.6423239
1697097600,2023-10-12T08:00:00+00:00,1558.85,1560.51,1534.7,1551.48,14376.65511699
1697112000,2023-10-12T12:00:00+00:00,1551.48,1553.26,1538.43,1541.01,11622.19700182
1697126400,2023-10-12T16:00:00+00:00,1541.07,1544.49,1520.85,1530.88,24478.60626285
1697140800,2023-10-12T20:00:00+00:00,1530.92,1539.93,1529.81,1539.25,7085.18654381
1697155200,2023-10-13T00:00:00+00:00,1539.26,1546.99,1537.37,1538.45,6638.649491509999
1697169600,2023-10-13T04:00:00+00:00,1538.44,1553.45,1538.11,1548.83,6691.47405743
1697184000,2023-10-13T08:00:00+00:00,1548.95,1551.97,1542.48,1546.04,4662.38682741
1697198400,2023-10-13T12:00:00+00:00,1546.03,1553.2,1537.31,1539.2,12252.3701994
1697212800,2023-10-13T16:00:00+00:00,1539.09,1549,1538.89,1545.66,12437.456536799999
1697227200,2023-10-13T20:00:00+00:00,1545.5,1574.66,1542.77,1552.04,21253.24588124
1697241600,2023-10-14T00:00:00+00:00,1552.03,1556.33,1548.99,1553.89,4772.532325360001
1697256000,2023-10-14T04:00:00+00:00,1553.88,1555.14,1545.11,1547.96,2492.3291869900004
1697270400,2023-10-14T08:00:00+00:00,1547.97,1549.38,1544.65,1547.06,2748.35708913
1697284800,2023-10-14T12:00:00+00:00,1547.06,1557.8,1545.94,1555.91,3469.978564
1697299200,2023-10-14T16:00:00+00:00,1555.9,1558.53,1552.54,1555.15,3480.2612814900003
1697313600,2023-10-14T20:00:00+00:00,1555.14,1561.53,1553.34,1554.87,3406.09584484
1697328000,2023-10-15T00:00:00+00:00,1554.98,1557.93,1550,1554.46,2700.2001702
1697342400,2023-10-15T04:00:00+00:00,1554.46,1555.17,1552.59,1555.17,1409.24376928
1697356800,2023-10-15T08:00:00+00:00,1555.17,1560.09,1554.34,1555.71,1664.81824037
1697371200,2023-10-15T12:00:00+00:00,1555.71,1560.62,1548.3,1553.95,5583.3545966599995
1697385600,2023-10-15T16:00:00+00:00,1553.94,1565.5,1550.53,1560.34,5146.3940594900005
1697400000,2023-10-15T20:00:00+00:00,1560.52,1566.92,1552.74,1558.01,12060.719203030001
1697414400,2023-10-16T00:00:00+00:00,1558.01,1567.37,1555.2,1563.23,5683.2267208
1697428800,2023-10-16T04:00:00+00:00,1563.23,1588.83,1560.83,1579.62,22140.47315006
1697443200,2023-10-16T08:00:00+00:00,1579.62,1587.61,1575.59,1583.06,7904.263232520001
1697457600,2023-10-16T12:00:00+00:00,1583.05,1641.41,1567.01,1578.04,66194.12807459
1697472000,2023-10-16T16:00:00+00:00,1578.04,1603.12,1573.53,1590,22989.38165511
1697486400,2023-10-16T20:00:00+00:00,1590.04,1605.51,1578.81,1600.02,15984.99578678
1697500800,2023-10-17T00:00:00+00:00,1600.03,1601.44,1588.77,1589.96,7894.7752374599995
1697515200,2023-10-17T04:00:00+00:00,1589.96,1592.86,1583.41,1591.25,5914.022133109999
1697529600,2023-10-17T08:00:00+00:00,1591.19,1594.63,1583.63,1584.84,6142.6658100899995
1697544000,2023-10-17T12:00:00+00:00,1584.87,1586.6,1565.53,1576.17,15288.94640266
1697558400,2023-10-17T16:00:00+00:00,1576.13,1580.97,1552.74,1564.72,14852.34608851
1697572800,2023-10-17T20:00:00+00:00,1564.81,1566.7,1557.88,1565.24,13704.124223940002
1697587200,2023-10-18T00:00:00+00:00,1565.25,1572.72,1562.83,1568.7,6362.599164079999
1697601600,2023-10-18T04:00:00+00:00,1568.69,1582.89,1567.23,1573.06,13242.58851659
1697616000,2023-10-18T08:00:00+00:00,1573.06,1586.27,1569.79,1579.48,10297.502254309999
1697630400,2023-10-18T12:00:00+00:00,1579.5,1582.67,1569.1,1570.68,9043.64727982
1697644800,2023-10-18T16:00:00+00:00,1570.71,1575.44,1563,1563.24,8777.117575600001
1697659200,2023-10-18T20:00:00+00:00,1563.39,1566.05,1556.01,1563.67,9335.78067725
1697673600,2023-10-19T00:00:00+00:00,1563.66,1567.49,1542.55,1549.71,12850.51800525
1697688000,2023-10-19T04:00:00+00:00,1549.67,1553.86,1546,1551.93,5063.7725363
1697702400,2023-10-19T08:00:00+00:00,1551.94,1555.76,1542.36,1554.28,5801.8564468800005
1697716800,2023-10-19T12:00:00+00:00,1554.3,1565.81,1551.19,1561.55,9445.21538442
1697731200,2023-10-19T16:00:00+00:00,1561.56,1576.25,1560.46,1568.56,18668.10642444
1697745600,2023-10-19T20:00:00+00:00,1568.69,1573.84,1563.95,1567.48,7401.29731683
1697760000,2023-10-20T00:00:00+00:00,1567.5,1595.78,1562,1587.57,13948.059306340001
1697774400,2023-10-20T04:00:00+00:00,1587.69,1590.39,1579.66,1584.34,6400.54481642
1697788800,2023-10-20T08:00:00+00:00,1584.4,1632.11,1583.99,1614.54,30418.45773307
1697803200,2023-10-20T12:00:00+00:00,1614.54,1617.95,1599.1,1606.23,33784.74955529
1697817600,2023-10-20T16:00:00+00:00,1606.24,1610.62,1598.06,1607.24,13838.064007960002
1697832000,2023-10-20T20:00:00+00:00,1607.23,1611.03,1603,1604.96,11890.527398229999
1697846400,2023-10-21T00:00:00+00:00,1604.94,1607.49,1593.06,1598.21,6738.19655033
1697860800,2023-10-21T04:00:00+00:00,1598.2,1607.85,1597.91,1607.04,5394.9896534300005
1697875200,2023-10-21T08:00:00+00:00,1607.04,1610.44,1603.78,1609.31,4000.09446885
1697889600,2023-10-21T12:00:00+00:00,1609.31,1630.47,1603.2,1629.27,20921.438679339997
1697904000,2023-10-21T16:00:00+00:00,1629.26,1644.77,1620.82,1635.86,19569.93361236
1697918400,2023-10-21T20:00:00+00:00,1635.84,1636.96,1626.73,1629.38,6980.69392386
1697932800,2023-10-22T00:00:00+00:00,1629.37,1641.64,1624.22,1630.63,9586.08191152
1697947200,2023-10-22T04:00:00+00:00,1630.62,1648.58,1625.5,1631.4,13104.09939481
1697961600,2023-10-22T08:00:00+00:00,1631.39,1637.14,1625.95,1629.59,6757.33452502
1697976000,2023-10-22T12:00:00+00:00,1629.62,1638.44,1622.36,1626.6,9978.40338609
1697990400,2023-10-22T16:00:00+00:00,1626.63,1641.58,1625.19,1636.01,9155.79131586
1698004800,2023-10-22T20:00:00+00:00,1635.89,1668.28,1634.63,1664.43,16279.0563881
1698019200,2023-10-23T00:00:00+00:00,1664.43,1702.29,1657.95,1695.23,41680.10505854
1698033600,2023-10-23T04:00:00+00:00,1695.31,1706.29,1671.79,1676.56,20307.67650241
1698048000,2023-10-23T08:00:00+00:00,1676.58,1684.62,1662.68,1677.13,9078.98799328
1698062400,2023-10-23T12:00:00+00:00,1677.13,1685.19,1663.78,1677.42,22970.36017588
1698076800,2023-10-23T16:00:00+00:00,1677.31,1713.39,1672.13,1709.52,33681.9526463
1698091200,2023-10-23T20:00:00+00:00,1709.58,1799.55,1704.41,1766.27,63601.07679295001
1698105600,2023-10-24T00:00:00+00:00,1766.24,1849.99,1758,1809.22,60061.73240416
1698120000,2023-10-24T04:00:00+00:00,1808.86,1837.5,1800.27,1809.58,39575.74706393
1698134400,2023-10-24T08:00:00+00:00,1809.57,1846.06,1806.69,1846.03,20972.15162482
1698148800,2023-10-24T12:00:00+00:00,1845.92,1854.62,1762.89,1779.37,60925.04667744
1698163200,2023-10-24T16:00:00+00:00,1779.38,1799.88,1755.12,1777.29,26853.17261061
1698177600,2023-10-24T20:00:00+00:00,1777.28,1796.19,1725.79,1785.28,53472.05046046
1698192000,2023-10-25T00:00:00+00:00,1785.06,1806.52,1777.31,1788.67,17711.03153639
1698206400,2023-10-25T04:00:00+00:00,1788.73,1795.55,1761.61,1769.44,16059.533850060001
1698220800,2023-10-25T08:00:00+00:00,1769.43,1792.82,1760.2,1785.78,13896.10276782
1698235200,2023-10-25T12:00:00+00:00,1785.78,1818.29,1779.51,1806.9,38692.07262652
1698249600,2023-10-25T16:00:00+00:00,1806.9,1815.53,1779.64,1790.5,26550.266345329997
1698264000,2023-10-25T20:00:00+00:00,1790.59,1796.53,1776.41,1787.58,13541.29152318
1698278400,2023-10-26T00:00:00+00:00,1787.58,1817.61,1780.13,1816.66,16930.76020401
1698292800,2023-10-26T04:00:00+00:00,1816.65,1858.27,1791.34,1849.49,24486.74902651
1698307200,2023-10-26T08:00:00+00:00,1849.69,1865.86,1804.29,1812.36,29498.043656759997
1698321600,2023-10-26T12:00:00+00:00,1812.36,1825.44,1767.32,1777.75,39751.51971115
1698336000,2023-10-26T16:00:00+00:00,1777.82,1794.36,1762.67,1792.71,31012.13808627
1698350400,2023-10-26T20:00:00+00:00,1792.7,1811.9,1790.38,1803.57,20387.24745553
1698364800,2023-10-27T00:00:00+00:00,1803.56,1804.29,1772.91,1791.25,14121.919823690001
1698379200,2023-10-27T04:00:00+00:00,1791.48,1796.94,1776.02,1777.18,7538.61758656
1698393600,2023-10-27T08:00:00+00:00,1777.17,1791.55,1775.19,1781.73,9284.83388963
1698408000,2023-10-27T12:00:00+00:00,1781.5,1796.92,1770.33,1782.88,19102.62140821
1698422400,2023-10-27T16:00:00+00:00,1782.87,1784.88,1745.05,1774.59,32165.66735841
1698436800,2023-10-27T20:00:00+00:00,1774.58,1784.54,1774.03,1779.81,8211.38221422
1698451200,2023-10-28T00:00:00+00:00,1779.78,1793.53,1779,1790.35,6183.33561194
1698465600,2023-10-28T04:00:00+00:00,1790.44,1795.76,1785.6,1787.65,3323.24878012
1698480000,2023-10-28T08:00:00+00:00,1787.68,1803.48,1785.36,1788.03,5243.738090180001
1698494400,2023-10-28T12:00:00+00:00,1788.05,1791.95,1776.28,1790.89,5655.123265419999
1698508800,2023-10-28T16:00:00+00:00,1790.97,1791.07,1776.72,1777.44,5832.18289328
1698523200,2023-10-28T20:00:00+00:00,1777.48,1783.87,1770.8,1776.48,7847.54404567
1698537600,2023-10-29T00:00:00+00:00,1776.48,1782,1763.25,1775.5,5363.58277802
1698552000,2023-10-29T04:00:00+00:00,1775.5,1784.51,1772.82,1783.53,5254.776677060001
1698566400,2023-10-29T08:00:00+00:00,1783.52,1793.27,1783.46,1789.22,4063.5319023700004
1698580800,2023-10-29T12:00:00+00:00,1789.38,1800.99,1788.24,1792.49,9044.89276509
1698595200,2023-10-29T16:00:00+00:00,1792.76,1809,1786.88,1793.72,15832.748302440003
1698609600,2023-10-29T20:00:00+00:00,1793.64,1811.68,1791.89,1795.74,8642.02809453
1698624000,2023-10-30T00:00:00+00:00,1795.63,1799.06,1779.29,1783.27,8911.20852323
1698638400,2023-10-30T04:00:00+00:00,1783.27,1792.37,1778.24,1787.41,4314.48037
1698652800,2023-10-30T08:00:00+00:00,1787.43,1827.86,1784.59,1815.31,18196.031370790002
1698667200,2023-10-30T12:00:00+00:00,1815.35,1830.64,1805.8,1820.18,17450.33677388
1698681600,2023-10-30T16:00:00+00:00,1820.19,1820.29,1778.47,1801.73,20364.44412542
1698696000,2023-10-30T20:00:00+00:00,1801.62,1816.94,1796.56,1809.69,11207.57057682
1698710400,2023-10-31T00:00:00+00:00,1809.67,1820,1794.3,1795.71,10849.764137099999
1698724800,2023-10-31T04:00:00+00:00,1795.88,1805.24,1787.33,1791.4,7982.3722777699995
1698739200,2023-10-31T08:00:00+00:00,1791.3,1814.65,1783.43,1809.89,8015.403802270001
1698753600,2023-10-31T12:00:00+00:00,1810.22,1813.53,1781.62,1792.75,15748.880944120001
1698768000,2023-10-31T16:00:00+00:00,1792.61,1815.52,1786.9,1811.86,23987.63686379
1698782400,2023-10-31T20:00:00+00:00,1811.94,1818.45,1802.21,1815.14,13686.43970161
1698796800,2023-11-01T00:00:00+00:00,1815.14,1829.69,1808.36,1810.19,13169.52955916
1698811200,2023-11-01T04:00:00+00:00,1810.26,1810.73,1798.13,1804.78,6040.687914460001
1698825600,2023-11-01T08:00:00+00:00,1805.21,1808.63,1792.11,1799.87,9004.52036008
1698840000,2023-11-01T12:00:00+00:00,1799.81,1827.56,1783.48,1792.47,28033.742220919998
1698854400,2023-11-01T16:00:00+00:00,1792.58,1851.55,1791.99,1837.28,47399.976573759996
1698868800,2023-11-01T20:00:00+00:00,1837.06,1859,1836.95,1847.74,36209.04004306
1698883200,2023-11-02T00:00:00+00:00,1847.74,1875,1841.12,1859.79,20971.73236827
1698897600,2023-11-02T04:00:00+00:00,1859.49,1861.13,1829.18,1835.49,14591.76897259
1698912000,2023-11-02T08:00:00+00:00,1835.38,1841.25,1822.01,1836.67,17925.229852110002
1698926400,2023-11-02T12:00:00+00:00,1836.67,1843.38,1801.16,1802.86,22415.769531800004
1698940800,2023-11-02T16:00:00+00:00,1802.96,1812.62,1785.03,1812.15,22280.26756425
1698955200,2023-11-02T20:00:00+00:00,1812.44,1813.5,1792.1,1801.31,12204.7872273
1698969600,2023-11-03T00:00:00+00:00,1801.31,1803.43,1777,1798.75,13831.384124979999
1698984000,2023-11-03T04:00:00+00:00,1798.75,1802.07,1788,1799.08,7043.23242491
1698998400,2023-11-03T08:00:00+00:00,1798.98,1804.8,1780.95,1789.83,6635.10625336
1699012800,2023-11-03T12:00:00+00:00,1789.83,1814.35,1784.96,1812.84,11632.05276731
1699027200,2023-11-03T16:00:00+00:00,1813.07,1824.62,1800.16,1817.5,19580.23472636
1699041600,2023-11-03T20:00:00+00:00,1817.57,1836.16,1815.23,1833.76,20915.23103978
1699056000,2023-11-04T00:00:00+00:00,1833.64,1840.54,1825.11,1835.53,10620.90667951
1699070400,2023-11-04T04:00:00+00:00,1835.52,1840.84,1826.31,1834.52,6452.722103339999
1699084800,2023-11-04T08:00:00+00:00,1834.91,1848.09,1831.52,1838.61,4292.349683099999
1699099200,2023-11-04T12:00:00+00:00,1838.59,1841.89,1828.39,1832.79,3629.7592657200003
1699113600,2023-11-04T16:00:00+00:00,1832.78,1841.43,1831.92,1836.54,3015.52976025
1699128000,2023-11-04T20:00:00+00:00,1836.55,1870.32,1835.3,1857.23,10905.078460140001
1699142400,2023-11-05T00:00:00+00:00,1857.17,1894.74,1847.46,1889.68,12804.619512950001
1699156800,2023-11-05T04:00:00+00:00,1889.75,1895.23,1877.04,1886.25,12894.01188144
1699171200,2023-11-05T08:00:00+00:00,1886.28,1897.91,1878.95,1889.27,5547.2315141
1699185600,2023-11-05T12:00:00+00:00,1889.36,1901,1866.82,1875.67,11828.40564465
1699200000,2023-11-05T16:00:00+00:00,1875.73,1913.57,1874.2,1890.32,16327.32990878
1699214400,2023-11-05T20:00:00+00:00,1890.32,1911.69,1857.65,1893.16,23094.80107337
1699228800,2023-11-06T00:00:00+00:00,1893.13,1901.73,1882.23,1889,17130.374458979997
1699243200,2023-11-06T04:00:00+00:00,1889.27,1891.62,1870.64,1879.93,7179.693138790001
1699257600,2023-11-06T08:00:00+00:00,1879.89,1900.05,1874.86,1899.72,7365.78074647
1699272000,2023-11-06T12:00:00+00:00,1899.74,1916.13,1889.94,1902.35,28577.862330080003
1699286400,2023-11-06T16:00:00+00:00,1902.41,1904.9,1886.33,1902.53,20350.28491632
1699300800,2023-11-06T20:00:00+00:00,1902.56,1907.6,1881.82,1901.68,17021.95261042
1699315200,2023-11-07T00:00:00+00:00,1901.67,1904.69,1878.58,1891.28,19251.58681816
1699329600,2023-11-07T04:00:00+00:00,1891.22,1897.43,1886.42,1892.44,7969.05838859
1699344000,2023-11-07T08:00:00+00:00,1892.44,1895.67,1867.46,1874.36,12861.44613919
1699358400,2023-11-07T12:00:00+00:00,1874.41,1880.82,1858.19,1863.94,20197.22524279
1699372800,2023-11-07T16:00:00+00:00,1863.98,1901.29,1851.01,1895.18,34694.42669048
1699387200,2023-11-07T20:00:00+00:00,1895.29,1908.07,1873.88,1885.93,27363.5961677
1699401600,2023-11-08T00:00:00+00:00,1885.93,1893.68,1880.69,1883.26,8265.31664649
1699416000,2023-11-08T04:00:00+00:00,1883.08,1887.34,1873.55,1875.4,8381.577033990001
1699430400,2023-11-08T08:00:00+00:00,1875.38,1889.65,1873.9,1881.67,9581.00015625
1699444800,2023-11-08T12:00:00+00:00,1881.67,1893.05,1880.03,1889.28,13500.673913260001
1699459200,2023-11-08T16:00:00+00:00,1889.26,1905.3,1886.73,1899.78,16940.73366381
1699473600,2023-11-08T20:00:00+00:00,1899.78,1905,1883.54,1888.84,18157.79022196
1699488000,2023-11-09T00:00:00+00:00,1888.86,1926.36,1882.84,1920.14,31705.50573265
1699502400,2023-11-09T04:00:00+00:00,1920.2,1930.32,1910.69,1912.66,17788.61562536
1699516800,2023-11-09T08:00:00+00:00,1912.26,1920.95,1905.44,1913.98,10351.54123975
1699531200,2023-11-09T12:00:00+00:00,1914.24,2050.1,1909.06,2036.01,90853.79216165
1699545600,2023-11-09T16:00:00+00:00,2035.99,2049.15,1977.6,2019.03,77626.37417201001
1699560000,2023-11-09T20:00:00+00:00,2018.88,2131.91,2011.42,2121.3,62245.699470609994
1699574400,2023-11-10T00:00:00+00:00,2120.88,2129.21,2094.34,2121.41,26100.077397549998
1699588800,2023-11-10T04:00:00+00:00,2121.33,2136.53,2101,2102.43,18665.36085993
1699603200,2023-11-10T08:00:00+00:00,2102.14,2109.79,2082.88,2097.59,22647.81733971
1699617600,2023-11-10T12:00:00+00:00,2097.79,2099.82,2066,2090.54,38062.37761289
1699632000,2023-11-10T16:00:00+00:00,2090.54,2104.25,2086.62,2089.05,18690.44050023
1699646400,2023-11-10T20:00:00+00:00,2089.27,2100.7,2071.99,2078.57,23985.51782649
1699660800,2023-11-11T00:00:00+00:00,2078.57,2085.96,2032.14,2048.08,25435.65574788
1699675200,2023-11-11T04:00:00+00:00,2048.01,2062.14,2036.34,2056.4,8785.13432749
1699689600,2023-11-11T08:00:00+00:00,2056.77,2067.29,2047.71,2058.81,8406.79250363
1699704000,2023-11-11T12:00:00+00:00,2058.8,2089.84,2054.29,2069.29,15443.14269134
1699718400,2023-11-11T16:00:00+00:00,2069.52,2091.61,2068.08,2075.61,14828.76021277
1699732800,2023-11-11T20:00:00+00:00,2076.33,2076.67,2033.23,2053.83,11915.951422970002
1699747200,2023-11-12T00:00:00+00:00,2053.94,2055.77,2013.5,2052.34,12452.2071473
1699761600,2023-11-12T04:00:00+00:00,2052.34,2060.97,2044.24,2058.3,5888.99166869
1699776000,2023-11-12T08:00:00+00:00,2058.3,2059.22,2046.74,2048.42,2789.41868591
1699790400,2023-11-12T12:00:00+00:00,2048.37,2066.93,2036.62,2057.74,7957.83662514
1699804800,2023-11-12T16:00:00+00:00,2058.22,2060.77,2045.35,2049.44,5146.83617829
1699819200,2023-11-12T20:00:00+00:00,2049.45,2066.9,2030.65,2046.06,16676.94559172
1699833600,2023-11-13T00:00:00+00:00,2046.06,2075.44,2037.07,2041.56,25547.52032097
1699848000,2023-11-13T04:00:00+00:00,2041.56,2057.3,2029.28,2049.19,11563.39876241
1699862400,2023-11-13T08:00:00+00:00,2049.14,2062.13,2039.53,2047.93,8687.96882978
1699876800,2023-11-13T12:00:00+00:00,2047.85,2108.43,2040.2,2106.45,40307.51505894
1699891200,2023-11-13T16:00:00+00:00,2105.81,2118.65,2065.91,2100.62,30855.18311871
1699905600,2023-11-13T20:00:00+00:00,2100.69,2103.29,2044.58,2053.99,27467.61709615
1699920000,2023-11-14T00:00:00+00:00,2054.31,2059.22,2032,2056.25,20202.200937079997
1699934400,2023-11-14T04:00:00+00:00,2056.21,2065.29,2048.19,2061.34,5241.0213690499995
1699948800,2023-11-14T08:00:00+00:00,2060.89,2065.48,2026.64,2032.51,9033.75355697
1699963200,2023-11-14T12:00:00+00:00,2032.4,2056,2021.65,2038.58,32932.30719571
1699977600,2023-11-14T16:00:00+00:00,2038.64,2054,1933,1979.24,48807.31387261
1699992000,2023-11-14T20:00:00+00:00,1979.23,1994.98,1968.87,1979.61,20103.07329308
1700006400,2023-11-15T00:00:00+00:00,1979.45,1991.45,1967.19,1968.01,18285.87064665
1700020800,2023-11-15T04:00:00+00:00,1968.04,1988.01,1967.43,1983.57,11756.716365260001
1700035200,2023-11-15T08:00:00+00:00,1983.73,2015.14,1981.56,2013.69,26328.79556808
1700049600,2023-11-15T12:00:00+00:00,2013.69,2024.44,2005.68,2021.67,26131.02587321
1700064000,2023-11-15T16:00:00+00:00,2021.79,2052.97,2002.04,2052.51,40753.888202710004
1700078400,2023-11-15T20:00:00+00:00,2052.47,2063.58,2036.8,2059.38,29339.58609201
1700092800,2023-11-16T00:00:00+00:00,2059.46,2082.53,2051.65,2053.92,18293.2695766
1700107200,2023-11-16T04:00:00+00:00,2053.91,2065.88,2048.63,2054.02,10487.64721828
1700121600,2023-11-16T08:00:00+00:00,2053.99,2100,2036.73,2069.36,28394.887459049998
1700136000,2023-11-16T12:00:00+00:00,2069.68,2070.41,1981.63,1995.48,38188.83308629
1700150400,2023-11-16T16:00:00+00:00,1996.03,2014.67,1909.37,1964.86,54971.11862821
1700164800,2023-11-16T20:00:00+00:00,1964.73,1970.86,1945.48,1961.76,27708.87744888
1700179200,2023-11-17T00:00:00+00:00,1961.66,1991.25,1959.4,1984.6,17747.81892849
1700193600,2023-11-17T04:00:00+00:00,1984.4,1987.73,1966.86,1969.88,25216.92112104
1700208000,2023-11-17T08:00:00+00:00,1969.88,1982.41,1955.01,1966.09,9753.36412149
1700222400,2023-11-17T12:00:00+00:00,1966.07,1971.26,1912.45,1918.5,31203.58695456
1700236800,2023-11-17T16:00:00+00:00,1918.5,1949.33,1906.15,1939.07,28019.772747919997
1700251200,2023-11-17T20:00:00+00:00,1939.03,1968.85,1937.46,1961.57,13726.37349001
1700265600,2023-11-18T00:00:00+00:00,1961.53,1962.43,1940.63,1941.93,6531.117195649999
1700280000,2023-11-18T04:00:00+00:00,1941.98,1946.32,1917.96,1936.37,7360.94931937
1700294400,2023-11-18T08:00:00+00:00,1936.31,1945.98,1931.46,1936.01,3588.22082034
1700308800,2023-11-18T12:00:00+00:00,1936.07,1955.6,1931.56,1953.66,6291.02745751
1700323200,2023-11-18T16:00:00+00:00,1953.78,1972.38,1953,1965.25,13968.168813029999
1700337600,2023-11-18T20:00:00+00:00,1965.04,1967.99,1951.77,1963.76,7997.64580942
1700352000,2023-11-19T00:00:00+00:00,1963.75,1964.09,1944.65,1956.84,6178.08297499
1700366400,2023-11-19T04:00:00+00:00,1956.91,1967.65,1953.79,1963.07,4755.95573858
1700380800,2023-11-19T08:00:00+00:00,1963.02,1967.72,1947.33,1953.04,5557.036254549999
1700395200,2023-11-19T12:00:00+00:00,1952.96,1969.73,1946.05,1967.97,6629.73335266
1700409600,2023-11-19T16:00:00+00:00,1968.24,1986.37,1966.91,1984.47,11471.51851106
1700424000,2023-11-19T20:00:00+00:00,1985.31,2016.6,1977.01,2012.29,20479.97604128
1700438400,2023-11-20T00:00:00+00:00,2012.68,2014.3,1996.25,2000.78,10542.64477118
1700452800,2023-11-20T04:00:00+00:00,2000.84,2025.85,1994.86,2019.95,11168.080488509999
1700467200,2023-11-20T08:00:00+00:00,2020.3,2043.45,2009.36,2026,24640.52346414
1700481600,2023-11-20T12:00:00+00:00,2026.01,2050,1993.59,2043.72,27766.397647200003
1700496000,2023-11-20T16:00:00+00:00,2043.66,2067.79,2011.62,2037.8,49349.934026300005
1700510400,2023-11-20T20:00:00+00:00,2037.75,2041.03,2017.03,2022.55,23017.10379192
1700524800,2023-11-21T00:00:00+00:00,2022.56,2035.77,2008.77,2019.73,14237.834351129999
1700539200,2023-11-21T04:00:00+00:00,2019.74,2020.48,2004.02,2004.84,7763.100384290001
1700553600,2023-11-21T08:00:00+00:00,2004.85,2017.87,2002.9,2004.88,5735.438776790001
1700568000,2023-11-21T12:00:00+00:00,2004.73,2016.03,1953.07,1989.68,39408.155081900004
1700582400,2023-11-21T16:00:00+00:00,1988.78,2022.6,1961.03,1986.09,37622.93306338
1700596800,2023-11-21T20:00:00+00:00,1986.24,2006.74,1930.86,1933.45,31406.73841384
1700611200,2023-11-22T00:00:00+00:00,1933.52,1979.71,1929.26,1978.4,14063.55948583
1700625600,2023-11-22T04:00:00+00:00,1978.4,2002.47,1977.26,1994.66,11177.312848590002
1700640000,2023-11-22T08:00:00+00:00,1994.43,2030.04,1992.83,2015.5,18781.070736579997
1700654400,2023-11-22T12:00:00+00:00,2015.52,2042.04,2011.83,2033.81,29086.995938699998
1700668800,2023-11-22T16:00:00+00:00,2033.88,2082.8,2027.9,2077.53,41551.52867441
1700683200,2023-11-22T20:00:00+00:00,2077.4,2092.66,2058.26,2063.94,32099.65214559
1700697600,2023-11-23T00:00:00+00:00,2063.95,2072.14,2053.33,2059.56,18742.37610055
1700712000,2023-11-23T04:00:00+00:00,2059.56,2069.72,2056.87,2065.97,10653.838047449999
1700726400,2023-11-23T08:00:00+00:00,2066,2089.18,2042.3,2062.96,17209.058454980004
1700740800,2023-11-23T12:00:00+00:00,2062.96,2070.64,2040.23,2042.62,19964.037291250002
1700755200,2023-11-23T16:00:00+00:00,2042.62,2067.38,2040.54,2062.45,10252.21043672
1700769600,2023-11-23T20:00:00+00:00,2062.44,2077.36,2059.99,2062.78,7808.194913679999
1700784000,2023-11-24T00:00:00+00:00,2062.51,2077,2059.7,2064.19,7938.486849710001
1700798400,2023-11-24T04:00:00+00:00,2064.19,2082.77,2062.62,2080.67,6402.59758449
1700812800,2023-11-24T08:00:00+00:00,2080.81,2127.15,2075.5,2097.69,22702.50212045
1700827200,2023-11-24T12:00:00+00:00,2097.8,2134.16,2096.95,2116.68,36650.62189576001
1700841600,2023-11-24T16:00:00+00:00,2116.69,2127.15,2080.58,2088.89,29995.5896317
1700856000,2023-11-24T20:00:00+00:00,2088.89,2099.16,2065.58,2082.61,23440.80356899
1700870400,2023-11-25T00:00:00+00:00,2082.74,2091,2074.77,2088.37,7856.18240978
1700884800,2023-11-25T04:00:00+00:00,2088.36,2091.31,2082.09,2089.81,4428.3824087
1700899200,2023-11-25T08:00:00+00:00,2089.8,2091.72,2067.11,2072.44,5569.20498867
1700913600,2023-11-25T12:00:00+00:00,2072.43,2080.87,2068.7,2078.85,4750.20321562
1700928000,2023-11-25T16:00:00+00:00,2078.86,2085.33,2074.92,2083.56,5151.41932365
1700942400,2023-11-25T20:00:00+00:00,2083.56,2087.75,2081.13,2084.02,4882.425997
1700956800,2023-11-26T00:00:00+00:00,2084,2084.81,2068.5,2077.14,6098.0515623500005
1700971200,2023-11-26T04:00:00+00:00,2077.18,2093.06,2071.92,2090.11,7216.36802196
1700985600,2023-11-26T08:00:00+00:00,2090.1,2095.16,2083.11,2085.7,3799.36720668
1701000000,2023-11-26T12:00:00+00:00,2085.7,2090.81,2062.42,2065.59,12577.02599398
1701014400,2023-11-26T16:00:00+00:00,2065.52,2070.05,2037.8,2057.89,16325.79209868
1701028800,2023-11-26T20:00:00+00:00,2057.97,2082.5,2056.52,2063.09,11150.65901045
1701043200,2023-11-27T00:00:00+00:00,2063.13,2072,2039.86,2049.04,9430.044040230001
1701057600,2023-11-27T04:00:00+00:00,2049.05,2055.71,2030.69,2045.85,13685.80387311
1701072000,2023-11-27T08:00:00+00:00,2045.78,2053.09,2017.37,2024.93,22827.53149814
1701086400,2023-11-27T12:00:00+00:00,2024.93,2029.88,2001.24,2003.06,36392.12418334
1701100800,2023-11-27T16:00:00+00:00,2003.13,2024.4,1985.72,1994.6,28907.98946686
1701115200,2023-11-27T20:00:00+00:00,1994.8,2029.71,1986.92,2027.47,14524.666453630001
1701129600,2023-11-28T00:00:00+00:00,2027.46,2040.33,2020.29,2027.26,11469.56192634
1701144000,2023-11-28T04:00:00+00:00,2027.43,2029.81,1995.29,2014.48,11250.776759119999
1701158400,2023-11-28T08:00:00+00:00,2014.39,2028.89,2005.48,2028.05,5912.05219756
1701172800,2023-11-28T12:00:00+00:00,2028.08,2041.77,2019.25,2036.82,12329.55795686
1701187200,2023-11-28T16:00:00+00:00,2036.83,2076,2035.72,2060.31,42305.26997024
1701201600,2023-11-28T20:00:00+00:00,2059.94,2067.14,2044.22,2049.08,16940.69647688
1701216000,2023-11-29T00:00:00+00:00,2048.94,2059,2040.11,2054.46,9039.76468534
1701230400,2023-11-29T04:00:00+00:00,2054.5,2065.09,2048.82,2058.81,7125.50052668
1701244800,2023-11-29T08:00:00+00:00,2059,2075.84,2046.07,2053.81,10290.03002475
1701259200,2023-11-29T12:00:00+00:00,2053.8,2063.24,2020.96,2032.25,21361.232068190002
1701273600,2023-11-29T16:00:00+00:00,2032.28,2042.7,2019.64,2038.7,16022.382949220002
1701288000,2023-11-29T20:00:00+00:00,2038.86,2040.46,2019.63,2029.11,11703.307008889999
1701302400,2023-11-30T00:00:00+00:00,2029.14,2041,2022.58,2040.87,10043.159455019999
1701316800,2023-11-30T04:00:00+00:00,2040.78,2044.43,2031.92,2036.03,6915.48530292
1701331200,2023-11-30T08:00:00+00:00,2036.19,2046.94,2020.96,2045.18,6033.00145099
1701345600,2023-11-30T12:00:00+00:00,2045.29,2052.38,2024.82,2033.28,12309.491349490001
1701360000,2023-11-30T16:00:00+00:00,2033.16,2044.82,2028.31,2042.18,14812.88147385
1701374400,2023-11-30T20:00:00+00:00,2042.19,2055.74,2040.3,2053.1,25661.78223519
1701388800,2023-12-01T00:00:00+00:00,2053.08,2095,2045.99,2093.36,50006.60549885
1701403200,2023-12-01T04:00:00+00:00,2093.37,2107.53,2088.03,2093.15,25917.55727848
1701417600,2023-12-01T08:00:00+00:00,2093.33,2112.09,2087.74,2093.58,13167.935905360002
1701432000,2023-12-01T12:00:00+00:00,2093.66,2095.86,2070.55,2080.58,16738.50579631
1701446400,2023-12-01T16:00:00+00:00,2080.54,2111,2078.45,2090.94,27207.29731411
1701460800,2023-12-01T20:00:00+00:00,2090.96,2096.7,2082.86,2088.4,9698.22662617
1701475200,2023-12-02T00:00:00+00:00,2088.43,2098.06,2086.97,2094.17,6002.13352653
1701489600,2023-12-02T04:00:00+00:00,2094.01,2107.7,2090.93,2097.19,6500.986381860001
1701504000,2023-12-02T08:00:00+00:00,2097.37,2108.36,2097.24,2100.31,3348.75189596
1701518400,2023-12-02T12:00:00+00:00,2100.3,2110.71,2094.81,2105.17,6989.80975986
1701532800,2023-12-02T16:00:00+00:00,2105,2190.48,2098.48,2159.79,43712.29436252
1701547200,2023-12-02T20:00:00+00:00,2159.36,2176.78,2153.62,2165.76,16916.68418094
1701561600,2023-12-03T00:00:00+00:00,2165.85,2178.5,2156.79,2163.04,10705.060797850001
1701576000,2023-12-03T04:00:00+00:00,2163.09,2166.29,2154.02,2165.44,4255.0476821
1701590400,2023-12-03T08:00:00+00:00,2165.43,2168.98,2157.86,2160.17,4239.83970881
1701604800,2023-12-03T12:00:00+00:00,2160.17,2166.51,2150.3,2161.78,13602.08350461
1701619200,2023-12-03T16:00:00+00:00,2161.78,2169.68,2151.66,2168.69,12734.48749224
1701633600,2023-12-03T20:00:00+00:00,2168.69,2217.78,2166.47,2194.13,32655.737662420004
1701648000,2023-12-04T00:00:00+00:00,2194.12,2230,2192.41,2211.29,30073.070810880003
1701662400,2023-12-04T04:00:00+00:00,2211.28,2265.3,2210.28,2247.04,30945.641845219998
1701676800,2023-12-04T08:00:00+00:00,2247.25,2274.95,2213.86,2238.36,26707.85723342
1701691200,2023-12-04T12:00:00+00:00,2238.2,2256.31,2200.95,2211.65,26212.81987177
1701705600,2023-12-04T16:00:00+00:00,2211.34,2235.82,2209.58,2234.81,22628.762917469998
1701720000,2023-12-04T20:00:00+00:00,2234.74,2253.95,2220.31,2243.29,20144.714078689998
1701734400,2023-12-05T00:00:00+00:00,2243.25,2253.34,2222.73,2231.18,13042.01922242
1701748800,2023-12-05T04:00:00+00:00,2231.16,2238.11,2187.97,2200.31,15143.17423171
1701763200,2023-12-05T08:00:00+00:00,2200.72,2210.36,2190.73,2205.1,11071.6514541
1701777600,2023-12-05T12:00:00+00:00,2205.26,2234.74,2199.15,2228.6,20372.16013964
1701792000,2023-12-05T16:00:00+00:00,2228.52,2309.82,2220.32,2272.81,68908.17364621
1701806400,2023-12-05T20:00:00+00:00,2273.01,2298.87,2252.01,2293.97,38540.59380811
1701820800,2023-12-06T00:00:00+00:00,2293.96,2312.75,2274.61,2282.58,31387.84413135
1701835200,2023-12-06T04:00:00+00:00,2282.57,2285.35,2258.68,2265.8,15054.404591870001
1701849600,2023-12-06T08:00:00+00:00,2265.73,2287.94,2233.63,2253.14,22957.79585661
1701864000,2023-12-06T12:00:00+00:00,2252.98,2269.21,2247.81,2252.35,25559.87924286
1701878400,2023-12-06T16:00:00+00:00,2252.42,2284.49,2250.3,2263.34,20877.81909235
1701892800,2023-12-06T20:00:00+00:00,2263.34,2265.74,2219.61,2232.8,18355.91442814
1701907200,2023-12-07T00:00:00+00:00,2233.08,2250,2230.59,2249.29,9167.74930181
1701921600,2023-12-07T04:00:00+00:00,2249.23,2269.61,2247.79,2261.86,7398.82513457
1701936000,2023-12-07T08:00:00+00:00,2261.8,2269.61,2222.58,2236.46,14485.796086370001
1701950400,2023-12-07T12:00:00+00:00,2236.46,2330.42,2232.32,2321.62,34332.7642142
1701964800,2023-12-07T16:00:00+00:00,2321.69,2356.78,2316.69,2336.17,49001.063033059996
1701979200,2023-12-07T20:00:00+00:00,2335.92,2384,2335.45,2356.57,45268.519043709995
1701993600,2023-12-08T00:00:00+00:00,2356.4,2387.99,2352.92,2375.67,19603.76905707
1702008000,2023-12-08T04:00:00+00:00,2375.68,2392.35,2353.13,2353.31,15829.971784010002
1702022400,2023-12-08T08:00:00+00:00,2353.33,2373.54,2346.19,2365.8,15190.20276951
1702036800,2023-12-08T12:00:00+00:00,2366.07,2376.46,2338.25,2345.88,28125.88902607
1702051200,2023-12-08T16:00:00+00:00,2346.12,2361.61,2340.98,2353.7,20292.82637159
1702065600,2023-12-08T20:00:00+00:00,2353.64,2377.51,2346.99,2358.59,31097.160219290003
1702080000,2023-12-09T00:00:00+00:00,2359.01,2367.34,2350.38,2361.06,9444.54203654
1702094400,2023-12-09T04:00:00+00:00,2361.06,2386.73,2359.96,2383.33,10226.3677264
1702108800,2023-12-09T08:00:00+00:00,2383.46,2403.37,2349,2357.07,16805.22587293
1702123200,2023-12-09T12:00:00+00:00,2357.07,2369.64,2338.26,2363.42,15448.359897280001
1702137600,2023-12-09T16:00:00+00:00,2363.4,2366.43,2342.92,2358.54,9030.66133005
1702152000,2023-12-09T20:00:00+00:00,2358.64,2363.09,2329.35,2341.28,8672.32624289
1702166400,2023-12-10T00:00:00+00:00,2341.48,2355.39,2340.13,2351.42,6109.19104438
1702180800,2023-12-10T04:00:00+00:00,2351.6,2359,2344.71,2354.3,4184.92005314
1702195200,2023-12-10T08:00:00+00:00,2353.87,2356.64,2322.53,2337.92,8223.77626047
1702209600,2023-12-10T12:00:00+00:00,2338.08,2356.29,2337.3,2352,7341.55063943
1702224000,2023-12-10T16:00:00+00:00,2352.01,2361.6,2340.36,2355.41,6632.86284111
1702238400,2023-12-10T20:00:00+00:00,2355.51,2377.61,2343.91,2352.29,12153.31211078
1702252800,2023-12-11T00:00:00+00:00,2352.71,2354.99,2127.36,2251.93,48130.198091989994
1702267200,2023-12-11T04:00:00+00:00,2251.7,2254.47,2226.37,2236.93,21854.98242778
1702281600,2023-12-11T08:00:00+00:00,2236.94,2253.11,2229.39,2249.32,16193.46618815
1702296000,2023-12-11T12:00:00+00:00,2249.56,2252.27,2201.3,2218.14,29220.96465134
1702310400,2023-12-11T16:00:00+00:00,2218.13,2221.07,2155,2185.48,54256.17550411
1702324800,2023-12-11T20:00:00+00:00,2185.48,2226.3,2179,2224.06,23635.27848831
1702339200,2023-12-12T00:00:00+00:00,2224.15,2243.23,2219.69,2230.68,17825.95341949
1702353600,2023-12-12T04:00:00+00:00,2230.68,2238.19,2210.91,2232.4,16101.983527420001
1702368000,2023-12-12T08:00:00+00:00,2232.57,2237.96,2205.62,2207.73,15858.846271710001
1702382400,2023-12-12T12:00:00+00:00,2207.65,2233.04,2184.74,2191.83,28503.139651700003
1702396800,2023-12-12T16:00:00+00:00,2191.63,2197.22,2165.19,2177.57,27484.39228753
1702411200,2023-12-12T20:00:00+00:00,2177.38,2205.35,2164.82,2202.34,22521.37374782
1702425600,2023-12-13T00:00:00+00:00,2202.39,2205.68,2150,2165.33,23073.226564230004
1702440000,2023-12-13T04:00:00+00:00,2165.37,2178.58,2144.52,2171.38,13076.19237846
1702454400,2023-12-13T08:00:00+00:00,2171.44,2184.91,2166.9,2170.12,10917.944391470002
1702468800,2023-12-13T12:00:00+00:00,2170.01,2224.75,2167.62,2215.99,23739.0838866
1702483200,2023-12-13T16:00:00+00:00,2215.99,2255.28,2200.09,2253.13,38055.58793586
1702497600,2023-12-13T20:00:00+00:00,2253.35,2284.98,2245.05,2260.69,32654.252743020003
1702512000,2023-12-14T00:00:00+00:00,2260.69,2262.83,2246.32,2251.88,10992.61875593
1702526400,2023-12-14T04:00:00+00:00,2252.34,2284.02,2247.2,2283.14,20236.30157323
1702540800,2023-12-14T08:00:00+00:00,2282.83,2308,2271.6,2307.49,23495.952115549997
1702555200,2023-12-14T12:00:00+00:00,2307.76,2317.7,2229.9,2275.26,44615.55167442
1702569600,2023-12-14T16:00:00+00:00,2275.1,2314.76,2274.67,2293.37,27710.24504039
1702584000,2023-12-14T20:00:00+00:00,2293.13,2332.39,2283.77,2315.95,15318.3537053
1702598400,2023-12-15T00:00:00+00:00,2315.81,2318.39,2275,2280.53,14866.040927549999
1702612800,2023-12-15T04:00:00+00:00,2280.34,2295.94,2256.96,2272.31,21995.28296061
1702627200,2023-12-15T08:00:00+00:00,2272.32,2287.08,2265.85,2272.69,13329.79449942
1702641600,2023-12-15T12:00:00+00:00,2272.69,2273.71,2223.5,2230.72,27751.1030285
1702656000,2023-12-15T16:00:00+00:00,2230.74,2248.3,2227.44,2241.7,19552.76671211
1702670400,2023-12-15T20:00:00+00:00,2241.88,2252.58,2199.76,2220.31,25278.58233496
1702684800,2023-12-16T00:00:00+00:00,2220.44,2257.88,2209.68,2253.08,13361.941844609999
1702699200,2023-12-16T04:00:00+00:00,2253.08,2254.41,2236.31,2240.18,7314.88888718
1702713600,2023-12-16T08:00:00+00:00,2239.93,2251.95,2238,2251.95,4696.01700461
1702728000,2023-12-16T12:00:00+00:00,2251.81,2257.68,2238.54,2254.96,5737.73125419
1702742400,2023-12-16T16:00:00+00:00,2255.14,2262,2229,2234.02,9299.44441923
1702756800,2023-12-16T20:00:00+00:00,2234.07,2240.33,2217.93,2227.29,9188.40688112
1702771200,2023-12-17T00:00:00+00:00,2227.19,2232.07,2209.3,2214.28,8156.51458938
1702785600,2023-12-17T04:00:00+00:00,2214.27,2221.9,2198.49,2206.45,6680.681889779999
1702800000,2023-12-17T08:00:00+00:00,2206.45,2218.06,2202.65,2213.77,3208.59010167
1702814400,2023-12-17T12:00:00+00:00,2213.76,2223.76,2198.38,2219.57,6738.09800853
1702828800,2023-12-17T16:00:00+00:00,2219.79,2239.45,2202.2,2231.9,13120.524007770002
1702843200,2023-12-17T20:00:00+00:00,2231.9,2247.08,2189.89,2194.75,18418.731932169998
1702857600,2023-12-18T00:00:00+00:00,2194.45,2202.43,2160.02,2173.26,20444.2904894
1702872000,2023-12-18T04:00:00+00:00,2173.19,2182.31,2162.82,2166.78,11417.068622809998
1702886400,2023-12-18T08:00:00+00:00,2166.53,2175.77,2115.22,2140,18388.406184149997
1702900800,2023-12-18T12:00:00+00:00,2140,2171.39,2124.28,2153.4,14395.1342086
1702915200,2023-12-18T16:00:00+00:00,2153.5,2175,2147,2173.9,15011.291472280001
1702929600,2023-12-18T20:00:00+00:00,2173.89,2223.31,2166.13,2218.71,23396.04029903
1702944000,2023-12-19T00:00:00+00:00,2218.58,2251.35,2210.39,2236.1,20737.47497245
1702958400,2023-12-19T04:00:00+00:00,2236.15,2252.26,2230.56,2246.64,7917.012854770001
1702972800,2023-12-19T08:00:00+00:00,2246.73,2254.14,2233.57,2234.89,10240.4266668
1702987200,2023-12-19T12:00:00+00:00,2235.37,2240.39,2177.17,2189.89,28004.23883454
1703001600,2023-12-19T16:00:00+00:00,2189.68,2203.99,2134.43,2175.19,41958.630881720004
1703016000,2023-12-19T20:00:00+00:00,2175.18,2185.32,2163.41,2177.27,13716.23949186
1703030400,2023-12-20T00:00:00+00:00,2177.32,2190.57,2169.56,2185.19,16595.56473426
1703044800,2023-12-20T04:00:00+00:00,2185.43,2221.67,2182.64,2215.4,17580.54990847
1703059200,2023-12-20T08:00:00+00:00,2215.36,2223.73,2203.93,2210.52,13460.787005510001
1703073600,2023-12-20T12:00:00+00:00,2210.78,2264.85,2202.14,2247.03,37586.68434161
1703088000,2023-12-20T16:00:00+00:00,2247.03,2249.99,2193.77,2204.54,42238.206713670006
1703102400,2023-12-20T20:00:00+00:00,2204.52,2207.09,2156.96,2202,37364.88765001
1703116800,2023-12-21T00:00:00+00:00,2201.93,2202.41,2182.83,2200.49,21438.27173478
1703131200,2023-12-21T04:00:00+00:00,2200.45,2219.29,2192.01,2214.53,11432.53811577
1703145600,2023-12-21T08:00:00+00:00,2214.72,2256.7,2204.41,2253.43,14355.28723324
1703160000,2023-12-21T12:00:00+00:00,2253.23,2279.65,2201.05,2232.51,33450.14872839
1703174400,2023-12-21T16:00:00+00:00,2232.42,2245.59,2214.83,2224.67,32831.70999178
1703188800,2023-12-21T20:00:00+00:00,2224.62,2263.04,2216.62,2239.92,23133.530200830002
1703203200,2023-12-22T00:00:00+00:00,2239.92,2262.2,2230.66,2249.64,20161.05192784
1703217600,2023-12-22T04:00:00+00:00,2249.52,2297.88,2245.81,2273.6,26608.776744990002
1703232000,2023-12-22T08:00:00+00:00,2273.35,2332.88,2268.97,2313.12,36916.18587692
1703246400,2023-12-22T12:00:00+00:00,2313.12,2344.26,2290.44,2320.42,36778.21526492
1703260800,2023-12-22T16:00:00+00:00,2320.42,2343.43,2307.12,2311.13,33897.14978919
1703275200,2023-12-22T20:00:00+00:00,2311.43,2329.71,2304.18,2326.35,19120.285271899997
1703289600,2023-12-23T00:00:00+00:00,2326.49,2332.69,2268.38,2275.15,15179.60730488
1703304000,2023-12-23T04:00:00+00:00,2274.69,2296.75,2266.79,2285.28,13947.291179660002
1703318400,2023-12-23T08:00:00+00:00,2285.31,2295.12,2282.24,2288.37,7383.04822
1703332800,2023-12-23T12:00:00+00:00,2288.44,2299.38,2286,2286.53,10456.65263605
1703347200,2023-12-23T16:00:00+00:00,2286.53,2312.97,2283.77,2292.81,13052.780671069999
1703361600,2023-12-23T20:00:00+00:00,2292.96,2316.86,2285.92,2309.58,11671.040763199999
1703376000,2023-12-24T00:00:00+00:00,2309.51,2327.66,2295.28,2318.16,17396.702038440002
1703390400,2023-12-24T04:00:00+00:00,2318.13,2323.22,2275.9,2295.83,13362.64097613
1703404800,2023-12-24T08:00:00+00:00,2295.89,2299.3,2275.43,2290.26,6996.05339331
1703419200,2023-12-24T12:00:00+00:00,2290.33,2308.42,2286.14,2294.53,7168.23862271
1703433600,2023-12-24T16:00:00+00:00,2294.82,2298.68,2283.68,2289.66,8641.13809171
1703448000,2023-12-24T20:00:00+00:00,2289.78,2290.63,2244.79,2265.33,13191.24866098
1703462400,2023-12-25T00:00:00+00:00,2265.45,2277.71,2253.96,2276.81,4977.80061105
1703476800,2023-12-25T04:00:00+00:00,2276.91,2290.59,2275.63,2281.29,5171.205400950001
1703491200,2023-12-25T08:00:00+00:00,2281.28,2287.46,2265.45,2279.41,3993.3963108400003
1703505600,2023-12-25T12:00:00+00:00,2279.4,2304.93,2273.99,2286.77,9074.126215060001
1703520000,2023-12-25T16:00:00+00:00,2286.68,2288.92,2269.21,2273.21,9456.09310462
1703534400,2023-12-25T20:00:00+00:00,2273.24,2286.77,2256.83,2271.53,13376.392856320002
1703548800,2023-12-26T00:00:00+00:00,2271.42,2275.2,2263.73,2268.89,9708.528726749999
1703563200,2023-12-26T04:00:00+00:00,2268.9,2271.16,2219.7,2240.77,20843.907017880003
1703577600,2023-12-26T08:00:00+00:00,2240.76,2243.16,2217.9,2241.86,15591.5445698
1703592000,2023-12-26T12:00:00+00:00,2241.85,2250.36,2222.82,2228.31,17449.74610137
1703606400,2023-12-26T16:00:00+00:00,2228.21,2231.94,2148.1,2210.71,38978.974010009995
1703620800,2023-12-26T20:00:00+00:00,2210.59,2232.5,2208.02,2230.91,10202.07088268
1703635200,2023-12-27T00:00:00+00:00,2230.93,2233.39,2212.12,2217.58,8309.71977858
1703649600,2023-12-27T04:00:00+00:00,2217.44,2231.18,2216.79,2228.7,5213.88672198
1703664000,2023-12-27T08:00:00+00:00,2228.69,2291.49,2227.24,2286.25,17385.89066411
1703678400,2023-12-27T12:00:00+00:00,2286.37,2356.82,2274.99,2343.69,47004.95435154
1703692800,2023-12-27T16:00:00+00:00,2343.75,2378,2336.29,2348.17,47789.6091803
1703707200,2023-12-27T20:00:00+00:00,2348.17,2393.39,2346.29,2380.66,42126.68118771
1703721600,2023-12-28T00:00:00+00:00,2380.54,2448.25,2378.08,2415.42,52009.14698033
1703736000,2023-12-28T04:00:00+00:00,2415.65,2426.9,2366.2,2380.94,20478.608607410002
1703750400,2023-12-28T08:00:00+00:00,2381.3,2411.63,2373.09,2402.86,14478.550082900001
1703764800,2023-12-28T12:00:00+00:00,2402.79,2414,2344.89,2359.42,45724.84572435
1703779200,2023-12-28T16:00:00+00:00,2359.77,2383.14,2349,2362.84,30416.61484698
1703793600,2023-12-28T20:00:00+00:00,2362.8,2364.23,2336.7,2344.94,24780.026199260003
1703808000,2023-12-29T00:00:00+00:00,2345.08,2364.83,2312.15,2352.27,28761.723119029997
1703822400,2023-12-29T04:00:00+00:00,2352.3,2360.62,2331.76,2333.76,16696.75625548
1703836800,2023-12-29T08:00:00+00:00,2333.61,2379.62,2332.34,2374.24,10947.201635829999
1703851200,2023-12-29T12:00:00+00:00,2374.19,2386.99,2318.64,2328.65,19011.87790452
1703865600,2023-12-29T16:00:00+00:00,2328.65,2334.2,2285.27,2316.31,51777.4984156
1703880000,2023-12-29T20:00:00+00:00,2316.3,2316.85,2255.78,2299.37,28304.31820672
1703894400,2023-12-30T00:00:00+00:00,2299.17,2309.76,2287.33,2298.48,11118.707867789999
1703908800,2023-12-30T04:00:00+00:00,2298.33,2308.7,2293.6,2295.81,7379.70965956
1703923200,2023-12-30T08:00:00+00:00,2295.81,2296.87,2267.63,2287.85,11152.073165560001
1703937600,2023-12-30T12:00:00+00:00,2287.78,2316.6,2282.16,2312.73,10390.10780495
1703952000,2023-12-30T16:00:00+00:00,2312.73,2322.86,2295.73,2300.04,13563.460908519999
1703966400,2023-12-30T20:00:00+00:00,2299.86,2305.83,2277.36,2291.15,12740.04874185
1703980800,2023-12-31T00:00:00+00:00,2291.51,2304,2276.86,2283.3,14526.57051023
1703995200,2023-12-31T04:00:00+00:00,2283.29,2303.37,2278.13,2294.19,14743.91567851
1704009600,2023-12-31T08:00:00+00:00,2294.19,2315,2289.06,2307.78,12914.49677582
1704024000,2023-12-31T12:00:00+00:00,2307.8,2320.48,2289.42,2297.77,12256.00670532
1704038400,2023-12-31T16:00:00+00:00,2297.77,2308,2283.76,2293.71,20595.34694006
1704052800,2023-12-31T20:00:00+00:00,2293.52,2293.52,2259.1,2281.07,19416.923917009997
1704067200,2024-01-01T00:00:00+00:00,2281.03,2305.45,2270.43,2273.53,14885.04081958
1704081600,2024-01-01T04:00:00+00:00,2273.25,2287.86,2264.86,2284.09,8984.71135249
1704096000,2024-01-01T08:00:00+00:00,2284.14,2305.18,2279.9,2304.44,4488.36892479
1704110400,2024-01-01T12:00:00+00:00,2304.77,2318.17,2295.26,2315.4,9040.58758637
1704124800,2024-01-01T16:00:00+00:00,2315.4,2341.79,2306.45,2338.17,14896.462002760001
1704139200,2024-01-01T20:00:00+00:00,2338.04,2353.33,2323.61,2352.76,13440.66644125
1704153600,2024-01-02T00:00:00+00:00,2352.8,2399.96,2347.88,2388.39,30132.92183097
1704168000,2024-01-02T04:00:00+00:00,2388.42,2393.86,2375.62,2388,11596.60364388
1704182400,2024-01-02T08:00:00+00:00,2387.84,2433.19,2381.64,2392.89,16460.0195304
1704196800,2024-01-02T12:00:00+00:00,2392.92,2406.47,2354.31,2359.51,27564.65796792
1704211200,2024-01-02T16:00:00+00:00,2359.68,2373.97,2352.06,2369.64,29935.492909630004
1704225600,2024-01-02T20:00:00+00:00,2369.61,2381.36,2342.19,2356.16,31267.722505880003
1704240000,2024-01-03T00:00:00+00:00,2356.27,2385.65,2347.53,2369.64,21391.98952926
1704254400,2024-01-03T04:00:00+00:00,2369.63,2381.44,2357.48,2362.21,15713.36481314
1704268800,2024-01-03T08:00:00+00:00,2362.18,2385.66,2295.72,2308.88,28251.14453615
1704283200,2024-01-03T12:00:00+00:00,2308.66,2309.18,2100,2241.03,105344.71455545
1704297600,2024-01-03T16:00:00+00:00,2241.38,2246.88,2190,2207.24,44520.897534710006
1704312000,2024-01-03T20:00:00+00:00,2207.36,2229.01,2197.06,2210.49,23633.762143829998
1704326400,2024-01-04T00:00:00+00:00,2210.49,2241.2,2203.1,2232.85,19032.007742100002
1704340800,2024-01-04T04:00:00+00:00,2232.91,2246.66,2222.83,2223.43,17548.28499133
1704355200,2024-01-04T08:00:00+00:00,2223.64,2232.93,2207.14,2230.36,15092.985014280002
1704369600,2024-01-04T12:00:00+00:00,2230.51,2286.95,2224.85,2278.82,31664.5136118
1704384000,2024-01-04T16:00:00+00:00,2279.02,2297,2260.42,2276.97,37181.028992260006
1704398400,2024-01-04T20:00:00+00:00,2276.96,2297.64,2264.64,2269.47,19352.28557267
1704412800,2024-01-05T00:00:00+00:00,2269.48,2277.18,2215.83,2244.41,28287.23756215
1704427200,2024-01-05T04:00:00+00:00,2244.52,2267.14,2236.42,2254.39,10288.21087506
1704441600,2024-01-05T08:00:00+00:00,2254.47,2270.67,2235.17,2243.66,8953.8651046
1704456000,2024-01-05T12:00:00+00:00,2243.38,2255.34,2219.78,2226.33,20756.299308539998
1704470400,2024-01-05T16:00:00+00:00,2226.34,2242.29,2207.6,2235.81,17772.91271163
1704484800,2024-01-05T20:00:00+00:00,2235.64,2278.84,2235.63,2270.35,17107.61241699
1704499200,2024-01-06T00:00:00+00:00,2270.29,2271.72,2252,2255.22,7647.73502945
1704513600,2024-01-06T04:00:00+00:00,2255.06,2257.77,2217,2235,10154.37463766
1704528000,2024-01-06T08:00:00+00:00,2234.75,2241.14,2230.11,2239.94,4903.61479193
1704542400,2024-01-06T12:00:00+00:00,2240.06,2250,2229.87,2248.08,7811.73415162
1704556800,2024-01-06T16:00:00+00:00,2248.11,2256.27,2239.19,2246.07,6532.747800270001
1704571200,2024-01-06T20:00:00+00:00,2245.98,2249.23,2231.63,2241.87,6330.07444105
1704585600,2024-01-07T00:00:00+00:00,2241.81,2256.6,2236.78,2243.61,5982.04265073
1704600000,2024-01-07T04:00:00+00:00,2243.53,2252.86,2242.13,2250.45,3521.66305897
1704614400,2024-01-07T08:00:00+00:00,2250.42,2254.26,2231.77,2238.64,4991.50892989
1704628800,2024-01-07T12:00:00+00:00,2238.56,2258.57,2223.82,2232.25,7540.77226978
1704643200,2024-01-07T16:00:00+00:00,2232.34,2251.49,2222.45,2250.22,8399.30861611
1704657600,2024-01-07T20:00:00+00:00,2250.24,2252.81,2206.66,2222.69,14174.15565527
1704672000,2024-01-08T00:00:00+00:00,2222.86,2225.72,2167.68,2191.69,20289.5051951
1704686400,2024-01-08T04:00:00+00:00,2191.81,2230.97,2189.04,2224.94,9845.1054542
1704700800,2024-01-08T08:00:00+00:00,2224.75,2243.1,2205.89,2241.08,7598.53731724
1704715200,2024-01-08T12:00:00+00:00,2241.27,2284.87,2240.66,2271.12,24384.17717731
1704729600,2024-01-08T16:00:00+00:00,2271.48,2360.81,2261.3,2356.83,45114.08013727
1704744000,2024-01-08T20:00:00+00:00,2356.93,2359.93,2327.63,2332.51,16996.25559935
1704758400,2024-01-09T00:00:00+00:00,2332.52,2338.66,2291.34,2310.92,16739.759890600002
1704772800,2024-01-09T04:00:00+00:00,2310.92,2320.2,2298.55,2307.52,7448.74619628
1704787200,2024-01-09T08:00:00+00:00,2307.46,2312.48,2286.11,2299.91,6402.95846429
1704801600,2024-01-09T12:00:00+00:00,2299.98,2305.19,2228.42,2257.38,39299.59710957
1704816000,2024-01-09T16:00:00+00:00,2257.41,2278.73,2243.72,2270.8,23681.86269287
1704830400,2024-01-09T20:00:00+00:00,2270.9,2376.1,2247.78,2344.93,86702.81330434
1704844800,2024-01-10T00:00:00+00:00,2344.97,2400.97,2340.77,2362.19,34263.16107952
1704859200,2024-01-10T04:00:00+00:00,2362.18,2394.22,2358.26,2369.26,20324.196029939998
1704873600,2024-01-10T08:00:00+00:00,2369.64,2430.79,2363.38,2403.33,34150.254431
1704888000,2024-01-10T12:00:00+00:00,2403.04,2457.9,2344.25,2450.66,59630.61205934
1704902400,2024-01-10T16:00:00+00:00,2450.53,2483.05,2401.71,2479.55,59395.24101789
1704916800,2024-01-10T20:00:00+00:00,2479.4,2644.42,2414.42,2584.77,109805.42755127001
1704931200,2024-01-11T00:00:00+00:00,2584.85,2614.78,2567.08,2613.96,33278.94301409
1704945600,2024-01-11T04:00:00+00:00,2613.96,2630.7,2573.39,2589.82,21291.909351989998
1704960000,2024-01-11T08:00:00+00:00,2589.8,2666.38,2586.88,2658.57,19547.31316399
1704974400,2024-01-11T12:00:00+00:00,2658.49,2691.07,2595.39,2612.92,77104.59189314
1704988800,2024-01-11T16:00:00+00:00,2613.19,2625.27,2567.37,2622.15,58708.97943615
1705003200,2024-01-11T20:00:00+00:00,2622.3,2633.18,2588.66,2618.31,27374.73496569
1705017600,2024-01-12T00:00:00+00:00,2618.37,2624.66,2580.75,2589.79,15445.65821198
1705032000,2024-01-12T04:00:00+00:00,2589.41,2625.19,2585.52,2596.45,16125.03126627
1705046400,2024-01-12T08:00:00+00:00,2596.45,2666.96,2584.5,2647.65,23999.39834866
1705060800,2024-01-12T12:00:00+00:00,2647.79,2717.89,2634.43,2645.79,66131.00158606
1705075200,2024-01-12T16:00:00+00:00,2645.34,2687.45,2556.61,2581.11,69664.14562637001
1705089600,2024-01-12T20:00:00+00:00,2581.16,2597.53,2455,2522.03,63612.40045334
1705104000,2024-01-13T00:00:00+00:00,2522.02,2556.28,2496.41,2547.93,26349.570314470002
1705118400,2024-01-13T04:00:00+00:00,2547.93,2560.81,2538.68,2550.92,12704.035627370002
1705132800,2024-01-13T08:00:00+00:00,2550.92,2560.07,2520.59,2542.16,12134.07035073
1705147200,2024-01-13T12:00:00+00:00,2541.41,2565.74,2530.54,2563.32,18582.01386514
1705161600,2024-01-13T16:00:00+00:00,2563.32,2579.39,2549.52,2570.71,37583.28922928
1705176000,2024-01-13T20:00:00+00:00,2570.88,2589.97,2561.73,2578.12,14315.21068435
1705190400,2024-01-14T00:00:00+00:00,2578.13,2578.96,2548.79,2550.02,21866.45935158
1705204800,2024-01-14T04:00:00+00:00,2549.82,2554.96,2541.18,2549.9,15670.23410524
1705219200,2024-01-14T08:00:00+00:00,2549.89,2553.39,2533.63,2536.21,8411.960235530001
1705233600,2024-01-14T12:00:00+00:00,2536.21,2545.98,2523.31,2536.85,11547.9640964
1705248000,2024-01-14T16:00:00+00:00,2536.9,2543.39,2498.18,2499.94,20306.4392525
1705262400,2024-01-14T20:00:00+00:00,2499.8,2529.99,2467.97,2470.66,26166.44579768
1705276800,2024-01-15T00:00:00+00:00,2470.65,2512.92,2468.6,2502.74,22326.031260130003
1705291200,2024-01-15T04:00:00+00:00,2502.73,2520.22,2502.26,2511.86,8298.44120538
1705305600,2024-01-15T08:00:00+00:00,2511.89,2541.41,2505.59,2537.9,5876.40373899
1705320000,2024-01-15T12:00:00+00:00,2537.97,2547.69,2504.4,2513.01,11739.99197042
1705334400,2024-01-15T16:00:00+00:00,2513.01,2551.77,2512.56,2532.61,13499.02755428
1705348800,2024-01-15T20:00:00+00:00,2532.32,2537.46,2497.03,2509.94,11179.26587191
1705363200,2024-01-16T00:00:00+00:00,2509.85,2536,2503.03,2535.4,12045.51809722
1705377600,2024-01-16T04:00:00+00:00,2535.75,2539.64,2518.81,2525.47,7042.73109014
1705392000,2024-01-16T08:00:00+00:00,2525.6,2546.82,2519.82,2528.42,6709.636185599999
1705406400,2024-01-16T12:00:00+00:00,2528.29,2569.34,2498.25,2558.21,22666.64436619
1705420800,2024-01-16T16:00:00+00:00,2558.41,2578.23,2547.06,2573.19,20813.175801479996
1705435200,2024-01-16T20:00:00+00:00,2573.78,2614.04,2571.01,2586.83,29543.16080181
1705449600,2024-01-17T00:00:00+00:00,2586.46,2592.5,2569.93,2570.46,12423.45207331
1705464000,2024-01-17T04:00:00+00:00,2570.46,2574.85,2550.29,2551.2,6804.93883199
1705478400,2024-01-17T08:00:00+00:00,2551.12,2552.77,2534.61,2540.76,6054.45453424
1705492800,2024-01-17T12:00:00+00:00,2540.88,2572.7,2531.21,2537.32,18840.13200992
1705507200,2024-01-17T16:00:00+00:00,2537.57,2543.35,2515,2531.54,18530.362460710003
1705521600,2024-01-17T20:00:00+00:00,2531.52,2542.81,2505.19,2527.94,15465.062273439999
1705536000,2024-01-18T00:00:00+00:00,2528.02,2531.51,2506.86,2526.56,10083.24447371
1705550400,2024-01-18T04:00:00+00:00,2526.76,2536.56,2522.64,2535.7,12304.610324020001
1705564800,2024-01-18T08:00:00+00:00,2535.7,2547.67,2511.84,2519.91,14715.236676059998
1705579200,2024-01-18T12:00:00+00:00,2519.92,2532.6,2500.58,2523.11,17720.17217826
1705593600,2024-01-18T16:00:00+00:00,2523.33,2523.61,2426.2,2435.59,49683.8544099
1705608000,2024-01-18T20:00:00+00:00,2435.6,2470.15,2423.43,2468.82,24295.49974407
1705622400,2024-01-19T00:00:00+00:00,2468.82,2472.21,2440.03,2457.05,12526.59992059
1705636800,2024-01-19T04:00:00+00:00,2457.05,2471.87,2453.28,2462.06,7704.62160996
1705651200,2024-01-19T08:00:00+00:00,2462.07,2492.19,2456.85,2486.22,8121.285325139999
1705665600,2024-01-19T12:00:00+00:00,2486.31,2497.73,2457.08,2460.4,16582.44013298
1705680000,2024-01-19T16:00:00+00:00,2460.39,2501.6,2412.4,2490.77,39270.77927863
1705694400,2024-01-19T20:00:00+00:00,2490.77,2502.14,2478.47,2490.13,12741.47753098
1705708800,2024-01-20T00:00:00+00:00,2489.98,2489.98,2473.42,2479.95,6028.207168540001
1705723200,2024-01-20T04:00:00+00:00,2479.84,2485,2473.61,2477.23,3097.24134247
1705737600,2024-01-20T08:00:00+00:00,2477.17,2478.95,2461.62,2468.87,3181.40485615
1705752000,2024-01-20T12:00:00+00:00,2468.96,2474.32,2456.85,2462.29,4775.77246526
1705766400,2024-01-20T16:00:00+00:00,2462.15,2466.35,2452.02,2459.42,5110.521193680001
1705780800,2024-01-20T20:00:00+00:00,2459.42,2473.01,2457.84,2470.44,5354.7574033500005
1705795200,2024-01-21T00:00:00+00:00,2470.51,2479.38,2463.11,2473.81,4181.16001372
1705809600,2024-01-21T04:00:00+00:00,2473.8,2474.77,2465.03,2474.77,2228.65873078
1705824000,2024-01-21T08:00:00+00:00,2474.78,2480.69,2470.6,2472.18,2208.30472892
1705838400,2024-01-21T12:00:00+00:00,2472.17,2479.54,2462.43,2466.38,2697.38222904
1705852800,2024-01-21T16:00:00+00:00,2466.31,2477.01,2462.91,2473.17,3984.04925293
1705867200,2024-01-21T20:00:00+00:00,2473.13,2474.18,2451.26,2455.52,5518.45560883
1705881600,2024-01-22T00:00:00+00:00,2455.09,2464.33,2422.47,2435.4,15437.29502902
1705896000,2024-01-22T04:00:00+00:00,2435.39,2436.55,2401.49,2418.48,17659.68307828
1705910400,2024-01-22T08:00:00+00:00,2418.22,2418.22,2360.41,2378.84,23422.92775918
1705924800,2024-01-22T12:00:00+00:00,2378.83,2402.15,2351.32,2375.88,24755.402635500002
1705939200,2024-01-22T16:00:00+00:00,2376.7,2381.87,2303.04,2319.46,44535.0523022
1705953600,2024-01-22T20:00:00+00:00,2319.52,2349.66,2301,2311.34,27106.03435771
1705968000,2024-01-23T00:00:00+00:00,2311.52,2340.78,2309.9,2336.93,11077.6415046
1705982400,2024-01-23T04:00:00+00:00,2336.86,2349.07,2313.92,2321.17,6469.577085569999
1705996800,2024-01-23T08:00:00+00:00,2321.16,2324.61,2201.01,2215.86,49225.29122997
1706011200,2024-01-23T12:00:00+00:00,2215.83,2229.47,2165.01,2216.69,52826.97426472
1706025600,2024-01-23T16:00:00+00:00,2216.57,2229.46,2178.92,2183.58,31947.92857968
1706040000,2024-01-23T20:00:00+00:00,2183.43,2246.13,2181.08,2240.81,34679.33905912
1706054400,2024-01-24T00:00:00+00:00,2241.1,2254.1,2210.37,2211.88,12467.01707616
1706068800,2024-01-24T04:00:00+00:00,2212.21,2242.69,2211.39,2231.95,8029.93969196
1706083200,2024-01-24T08:00:00+00:00,2232,2262.88,2226.92,2242.72,9883.613881379999
1706097600,2024-01-24T12:00:00+00:00,2242.71,2246.63,2216.72,2233.7,13933.246116639999
1706112000,2024-01-24T16:00:00+00:00,2233.76,2243.64,2202.44,2211.97,13518.85340628
1706126400,2024-01-24T20:00:00+00:00,2211.81,2239,2195.32,2234.06,14940.303241599999
1706140800,2024-01-25T00:00:00+00:00,2234.34,2238.64,2205.6,2216.08,7558.33045625
1706155200,2024-01-25T04:00:00+00:00,2216.05,2226.57,2202.34,2226.1,8755.26754913
1706169600,2024-01-25T08:00:00+00:00,2226.17,2241.35,2216.1,2230.22,6859.1864878
1706184000,2024-01-25T12:00:00+00:00,2230.39,2232.78,2180.58,2186.91,16932.62673883
1706198400,2024-01-25T16:00:00+00:00,2186.86,2223.16,2169.47,2217.4,22140.10418354
1706212800,2024-01-25T20:00:00+00:00,2217.3,2229,2210.51,2217.3,13294.069976800001
1706227200,2024-01-26T00:00:00+00:00,2217.29,2236.38,2209.77,2222.25,8052.2042940500005
1706241600,2024-01-26T04:00:00+00:00,2222.35,2228.26,2195.02,2196.65,7743.17903756
1706256000,2024-01-26T08:00:00+00:00,2196.39,2259.01,2194.88,2252.35,13070.37693137
1706270400,2024-01-26T12:00:00+00:00,2252.62,2263.42,2233.11,2256.72,23722.609700020002
1706284800,2024-01-26T16:00:00+00:00,2256.93,2281.72,2251.15,2258.13,28144.55198659
1706299200,2024-01-26T20:00:00+00:00,2257.91,2271.44,2252,2267.34,14177.619346630001
1706313600,2024-01-27T00:00:00+00:00,2267.47,2282.54,2264.69,2273.35,6297.71609706
1706328000,2024-01-27T04:00:00+00:00,2273.56,2275.91,2252.92,2257.93,5011.17491128
1706342400,2024-01-27T08:00:00+00:00,2257.79,2270.75,2250.9,2265.27,5999.35587533
1706356800,2024-01-27T12:00:00+00:00,2265.01,2274.69,2261.42,2269.82,3747.11519895
1706371200,2024-01-27T16:00:00+00:00,2269.83,2277.43,2261.29,2272.4,5174.66844097
1706385600,2024-01-27T20:00:00+00:00,2272.37,2275.43,2261.75,2268.07,4752.4938874
1706400000,2024-01-28T00:00:00+00:00,2268.12,2288.55,2262.82,2286.84,5125.7438927700005
1706414400,2024-01-28T04:00:00+00:00,2286.59,2307.97,2281.76,2282.96,8749.48768008
1706428800,2024-01-28T08:00:00+00:00,2282.97,2301.29,2276.83,2281.2,5169.74956108
1706443200,2024-01-28T12:00:00+00:00,2280.99,2285.72,2261.82,2269.81,6617.69336077
1706457600,2024-01-28T16:00:00+00:00,2269.7,2275.68,2247,2253.32,6625.06177108
1706472000,2024-01-28T20:00:00+00:00,2253.64,2266,2239.3,2256.51,6960.732341230001
1706486400,2024-01-29T00:00:00+00:00,2256.47,2277.69,2250.19,2271.28,6370.005033380001
1706500800,2024-01-29T04:00:00+00:00,2271.26,2273.58,2257.59,2258.18,4800.50789157
1706515200,2024-01-29T08:00:00+00:00,2258.9,2276.38,2253.28,2263.73,5247.05266546
1706529600,2024-01-29T12:00:00+00:00,2263.85,2275.25,2233.15,2274.89,12896.38703129
1706544000,2024-01-29T16:00:00+00:00,2274.69,2313.55,2264.38,2293.25,20567.451881480003
1706558400,2024-01-29T20:00:00+00:00,2293.24,2322.55,2291.97,2317.42,13447.8503907
1706572800,2024-01-30T00:00:00+00:00,2317.63,2328.25,2303.64,2311.11,10345.25892681
1706587200,2024-01-30T04:00:00+00:00,2311.21,2314.33,2300.38,2308.85,5165.78987552
1706601600,2024-01-30T08:00:00+00:00,2308.83,2317.02,2301.95,2313.61,5843.52623087
1706616000,2024-01-30T12:00:00+00:00,2313.6,2346.66,2296.86,2341.36,20036.16082559
1706630400,2024-01-30T16:00:00+00:00,2341.29,2381.99,2336.11,2375.28,35978.06849504
1706644800,2024-01-30T20:00:00+00:00,2375.27,2391.91,2336.64,2342.96,19157.8206906
1706659200,2024-01-31T00:00:00+00:00,2342.96,2352.17,2326.46,2342.23,12705.378518010002
1706673600,2024-01-31T04:00:00+00:00,2342.33,2343.96,2328.52,2339.5,6187.86294785
1706688000,2024-01-31T08:00:00+00:00,2339.35,2341.89,2279.4,2298.2,13379.883327110001
1706702400,2024-01-31T12:00:00+00:00,2298.15,2331.44,2290.41,2328.84,17970.99977507
1706716800,2024-01-31T16:00:00+00:00,2328.72,2349.9,2309.17,2322.83,17371.0985484
1706731200,2024-01-31T20:00:00+00:00,2322.89,2324.13,2262.47,2281.6,17586.64085416
1706745600,2024-02-01T00:00:00+00:00,2281.55,2288.26,2239.04,2254.98,12759.42453295
1706760000,2024-02-01T04:00:00+00:00,2254.97,2275.59,2250,2269.77,4692.55532013
1706774400,2024-02-01T08:00:00+00:00,2269.77,2276.14,2262.92,2264.23,4225.08202055
1706788800,2024-02-01T12:00:00+00:00,2264.59,2307.28,2260.95,2287.56,16802.94751766
1706803200,2024-02-01T16:00:00+00:00,2287.57,2310.97,2268.14,2304.04,14798.77034413
1706817600,2024-02-01T20:00:00+00:00,2304.2,2309.06,2286.22,2303.61,9586.00166191
1706832000,2024-02-02T00:00:00+00:00,2303.66,2319.38,2297.85,2300.76,6971.18796105
1706846400,2024-02-02T04:00:00+00:00,2300.75,2318.4,2295.59,2312.21,5396.96962519
1706860800,2024-02-02T08:00:00+00:00,2312.2,2318.1,2303.37,2317.1,3403.45162978
1706875200,2024-02-02T12:00:00+00:00,2317.09,2323.4,2280.43,2312.3,19734.51903578
1706889600,2024-02-02T16:00:00+00:00,2312.14,2322.52,2285.6,2299.99,10396.412859019998
1706904000,2024-02-02T20:00:00+00:00,2299.99,2308.9,2294.2,2308.03,4635.791890009999
1706918400,2024-02-03T00:00:00+00:00,2308.06,2328.42,2305.52,2320.05,4730.07345043
1706932800,2024-02-03T04:00:00+00:00,2320,2324.1,2312.62,2313.74,2815.86745171
1706947200,2024-02-03T08:00:00+00:00,2313.72,2315.56,2299.13,2302.7,1897.05060266
1706961600,2024-02-03T12:00:00+00:00,2302.73,2308.57,2292.29,2302.99,2612.5663487399997
1706976000,2024-02-03T16:00:00+00:00,2302.88,2312.53,2295.97,2302.73,3443.7577566
1706990400,2024-02-03T20:00:00+00:00,2302.47,2304.94,2293.01,2295.97,2327.6775438500003
1707004800,2024-02-04T00:00:00+00:00,2295.97,2305.7,2290.32,2302.08,3138.2112721
1707019200,2024-02-04T04:00:00+00:00,2302.11,2302.82,2286.49,2289.97,2707.10783548
1707033600,2024-02-04T08:00:00+00:00,2290.09,2308.95,2285.87,2304.76,2284.33838892
1707048000,2024-02-04T12:00:00+00:00,2304.65,2308.96,2296.43,2300.66,1706.9568523799999
1707062400,2024-02-04T16:00:00+00:00,2300.79,2307.02,2266.14,2278.49,11075.11498572
1707076800,2024-02-04T20:00:00+00:00,2278.57,2309.45,2272.48,2288.82,8711.91398928
1707091200,2024-02-05T00:00:00+00:00,2288.82,2295.92,2268,2293.96,4971.09285346
1707105600,2024-02-05T04:00:00+00:00,2293.89,2310,2287.26,2307.9,4203.99437881
1707120000,2024-02-05T08:00:00+00:00,2307.97,2330.11,2307.9,2327.4,6769.9199294499995
1707134400,2024-02-05T12:00:00+00:00,2327.25,2336.1,2291.46,2295.74,9919.98183442
1707148800,2024-02-05T16:00:00+00:00,2295.72,2309.5,2287.72,2302.18,9311.5545301
1707163200,2024-02-05T20:00:00+00:00,2302.13,2303.43,2281.2,2298.91,9693.82197588
1707177600,2024-02-06T00:00:00+00:00,2298.93,2326.71,2295.79,2313.77,7937.79810951
1707192000,2024-02-06T04:00:00+00:00,2313.77,2324.82,2305.46,2323.72,4735.1198838499995
1707206400,2024-02-06T08:00:00+00:00,2323.67,2341.29,2314.49,2323.19,13319.716081
1707220800,2024-02-06T12:00:00+00:00,2322.86,2347.04,2309.78,2341.68,17736.607958200002
1707235200,2024-02-06T16:00:00+00:00,2341.54,2379.99,2338.85,2378.57,32562.873005049998
1707249600,2024-02-06T20:00:00+00:00,2378.6,2392.65,2371.17,2372.09,26437.46422536
1707264000,2024-02-07T00:00:00+00:00,2372.09,2390.15,2361.72,2363.33,9591.16628501
1707278400,2024-02-07T04:00:00+00:00,2363.22,2367.21,2355.22,2360.82,4890.63325667
1707292800,2024-02-07T08:00:00+00:00,2360.91,2375.65,2352.34,2360.18,5769.97614435
1707307200,2024-02-07T12:00:00+00:00,2360.18,2384.49,2359.34,2368.5,12839.5117192
1707321600,2024-02-07T16:00:00+00:00,2368.42,2424.97,2367.15,2419.33,30039.83705074
1707336000,2024-02-07T20:00:00+00:00,2419.43,2446.9,2419.22,2424.55,18179.858726699997
1707350400,2024-02-08T00:00:00+00:00,2424.71,2444.44,2423.37,2432.92,19694.6397936
1707364800,2024-02-08T04:00:00+00:00,2432.96,2434.74,2410.77,2420.48,7186.801336979999
1707379200,2024-02-08T08:00:00+00:00,2420.56,2428.58,2415.24,2424.79,8293.39848642
1707393600,2024-02-08T12:00:00+00:00,2424.81,2462.69,2414.91,2454.14,39550.8318402
1707408000,2024-02-08T16:00:00+00:00,2453.89,2455.79,2412.83,2421.63,22072.00764331
1707422400,2024-02-08T20:00:00+00:00,2421.56,2434.14,2418.7,2419.78,14857.228974630001
1707436800,2024-02-09T00:00:00+00:00,2419.78,2465.58,2418.79,2448.17,16905.20870333
1707451200,2024-02-09T04:00:00+00:00,2448.1,2463.31,2439.7,2453.16,9441.171780980001
1707465600,2024-02-09T08:00:00+00:00,2453.33,2506,2453.09,2502.77,15944.3466143
1707480000,2024-02-09T12:00:00+00:00,2502.55,2524.02,2476.55,2495.27,39370.641255270006
1707494400,2024-02-09T16:00:00+00:00,2495.28,2524.11,2478.29,2487.02,28311.517760180002
1707508800,2024-02-09T20:00:00+00:00,2487.03,2508.25,2485.85,2487.84,11288.87899695
1707523200,2024-02-10T00:00:00+00:00,2487.87,2516.15,2483.98,2514,6756.57014727
1707537600,2024-02-10T04:00:00+00:00,2513.84,2518.02,2496.11,2497.16,5421.15974812
1707552000,2024-02-10T08:00:00+00:00,2497.07,2501.04,2473.32,2485.2,4685.87788118
1707566400,2024-02-10T12:00:00+00:00,2485.2,2497.85,2482.42,2491.33,4645.18639533
1707580800,2024-02-10T16:00:00+00:00,2491.47,2498.36,2484.37,2498.33,4766.61363515
1707595200,2024-02-10T20:00:00+00:00,2498.15,2517.53,2493.15,2501.08,7502.175008769999
1707609600,2024-02-11T00:00:00+00:00,2501.08,2529.86,2494.59,2529.52,7457.250726560001
1707624000,2024-02-11T04:00:00+00:00,2529.62,2538.2,2516,2529.02,7826.47043471
1707638400,2024-02-11T08:00:00+00:00,2529.02,2540.57,2513.33,2532.87,4653.24415279
1707652800,2024-02-11T12:00:00+00:00,2532.74,2533.98,2506.25,2509.77,4705.1781740900005
1707667200,2024-02-11T16:00:00+00:00,2509.77,2520.8,2497.46,2508.71,7124.98738973
1707681600,2024-02-11T20:00:00+00:00,2508.77,2515.07,2494.42,2508.11,6212.81997267
1707696000,2024-02-12T00:00:00+00:00,2508.49,2525.14,2494.26,2500.81,7465.108584930001
1707710400,2024-02-12T04:00:00+00:00,2500.79,2504.82,2481.55,2502.05,5464.95771082
1707724800,2024-02-12T08:00:00+00:00,2502,2505.46,2472.17,2487.94,4003.16021813
1707739200,2024-02-12T12:00:00+00:00,2487.94,2563.64,2480.99,2558.7,17563.24487088
1707753600,2024-02-12T16:00:00+00:00,2558.77,2639.47,2537.87,2610.98,49959.912428259995
1707768000,2024-02-12T20:00:00+00:00,2610.98,2666.66,2610.98,2661.03,31222.9790471
1707782400,2024-02-13T00:00:00+00:00,2661.13,2687.13,2636.8,2641.13,23782.735996810003
1707796800,2024-02-13T04:00:00+00:00,2641.13,2655,2638.23,2649.38,7685.723161919999
1707811200,2024-02-13T08:00:00+00:00,2649.63,2687.13,2647.43,2682.33,12211.02730307
1707825600,2024-02-13T12:00:00+00:00,2682.33,2687.03,2590.41,2631.65,45024.72595469
1707840000,2024-02-13T16:00:00+00:00,2631.68,2640.91,2592.89,2612.29,23025.52270111
1707854400,2024-02-13T20:00:00+00:00,2612.41,2650.77,2611.55,2641.63,16859.35798103
1707868800,2024-02-14T00:00:00+00:00,2641.84,2645.11,2619.36,2637.91,11287.91804252
1707883200,2024-02-14T04:00:00+00:00,2637.91,2655.93,2621.78,2654.22,6927.22309549
1707897600,2024-02-14T08:00:00+00:00,2654.33,2761.51,2649.08,2756.55,33738.9435408
1707912000,2024-02-14T12:00:00+00:00,2756.26,2773,2732.01,2751.11,24159.25407973
1707926400,2024-02-14T16:00:00+00:00,2750.97,2766.41,2727.51,2763.11,19545.32860319
1707940800,2024-02-14T20:00:00+00:00,2763.15,2788.95,2756.8,2777.56,15145.718285070001
1707955200,2024-02-15T00:00:00+00:00,2777.37,2828.25,2774.23,2803.76,24258.566402469998
1707969600,2024-02-15T04:00:00+00:00,2803.55,2804.7,2761.9,2774.52,13893.16027702
1707984000,2024-02-15T08:00:00+00:00,2774.3,2805.08,2770.38,2795.67,8719.17176444
1707998400,2024-02-15T12:00:00+00:00,2795.39,2868.68,2777.95,2827.79,34179.72750358
1708012800,2024-02-15T16:00:00+00:00,2827.77,2842.35,2802.66,2836.77,24173.40265381
1708027200,2024-02-15T20:00:00+00:00,2836.46,2848.16,2789.21,2825.94,18455.7402099
1708041600,2024-02-16T00:00:00+00:00,2825.88,2860.28,2823.29,2848.47,14680.509923030002
1708056000,2024-02-16T04:00:00+00:00,2848.53,2854.09,2813.58,2817.41,11159.52955314
1708070400,2024-02-16T08:00:00+00:00,2817.47,2837.12,2796.12,2824.86,12797.61140975
1708084800,2024-02-16T12:00:00+00:00,2824.79,2849.06,2745.48,2776.9,33612.726195790005
1708099200,2024-02-16T16:00:00+00:00,2777.04,2808.27,2757.58,2763.78,23587.03216058
1708113600,2024-02-16T20:00:00+00:00,2763.77,2812.22,2758.56,2803.89,12742.42670634
1708128000,2024-02-17T00:00:00+00:00,2804.09,2806.8,2779.23,2794.66,7671.71097502
1708142400,2024-02-17T04:00:00+00:00,2794.74,2799.17,2780.22,2796.22,5859.11476982
1708156800,2024-02-17T08:00:00+00:00,2796.17,2796.18,2766,2781.76,6230.11243021
1708171200,2024-02-17T12:00:00+00:00,2781.73,2788.29,2719.73,2755.31,16377.08299922
1708185600,2024-02-17T16:00:00+00:00,2755.31,2777.36,2743.43,2775.36,7549.201980700001
1708200000,2024-02-17T20:00:00+00:00,2775.36,2802.08,2772.11,2786.83,6775.95858558
1708214400,2024-02-18T00:00:00+00:00,2787.12,2798.33,2765.55,2783.13,6905.9132289399995
1708228800,2024-02-18T04:00:00+00:00,2783.12,2807.91,2779.23,2801.46,11404.07211535
1708243200,2024-02-18T08:00:00+00:00,2801.2,2823.27,2797.06,2803.97,7136.021020260001
1708257600,2024-02-18T12:00:00+00:00,2803.9,2813.94,2786,2807.93,7421.96804127
1708272000,2024-02-18T16:00:00+00:00,2807.93,2844.91,2794.62,2828.17,11722.95365466
1708286400,2024-02-18T20:00:00+00:00,2828.17,2896.74,2817.46,2882.06,19901.828306310003
1708300800,2024-02-19T00:00:00+00:00,2881.91,2893.73,2857.33,2887.45,11752.410042839998
1708315200,2024-02-19T04:00:00+00:00,2887.46,2931.82,2881.58,2926.85,15179.001541
1708329600,2024-02-19T08:00:00+00:00,2926.63,2928.63,2895.35,2913.36,15070.91957472
1708344000,2024-02-19T12:00:00+00:00,2913.34,2920.19,2887.14,2908.8,16429.376175309997
1708358400,2024-02-19T16:00:00+00:00,2908.52,2954.69,2888.01,2934.03,23115.764984160003
1708372800,2024-02-19T20:00:00+00:00,2933.94,2985,2927.16,2945.43,21262.997684150003
1708387200,2024-02-20T00:00:00+00:00,2944.94,2956.32,2904.36,2907.6,16842.51092779
1708401600,2024-02-20T04:00:00+00:00,2907.64,2935.6,2903.55,2921.07,9106.76322255
1708416000,2024-02-20T08:00:00+00:00,2920.85,2940.99,2873.82,2935.27,19459.63307633
1708430400,2024-02-20T12:00:00+00:00,2935.94,3005,2900.57,2926.07,58037.49602152
1708444800,2024-02-20T16:00:00+00:00,2926.15,2987.26,2885.63,2985.92,30319.8802068
1708459200,2024-02-20T20:00:00+00:00,2985.92,3033.53,2966.14,3015.56,28683.966151279998
1708473600,2024-02-21T00:00:00+00:00,3015.53,3017.99,2988.81,3006.01,15698.082915019999
1708488000,2024-02-21T04:00:00+00:00,3006.26,3010.66,2923.35,2940.09,22611.07162669
1708502400,2024-02-21T08:00:00+00:00,2940.04,2956.44,2887.01,2899.19,31902.17997847
1708516800,2024-02-21T12:00:00+00:00,2899.44,2928.92,2868.32,2914.54,36263.84257736
1708531200,2024-02-21T16:00:00+00:00,2914.36,2938.08,2886.07,2912.83,29925.26422658
1708545600,2024-02-21T20:00:00+00:00,2912.79,2979.89,2899.8,2968.37,31910.635529440002
1708560000,2024-02-22T00:00:00+00:00,2968.37,2969.14,2906.13,2934.5,19930.716401330003
1708574400,2024-02-22T04:00:00+00:00,2934.62,2997.37,2920.03,2992.8,22778.12504302
1708588800,2024-02-22T08:00:00+00:00,2993.07,3032.02,2970,2989.69,28322.81537697
1708603200,2024-02-22T12:00:00+00:00,2989.59,3004.05,2929.59,2985.07,37071.85853923
1708617600,2024-02-22T16:00:00+00:00,2985.08,3002.51,2959.78,2987.07,23397.87961501
1708632000,2024-02-22T20:00:00+00:00,2986.74,3035.84,2966.99,2969.77,27518.28804519
1708646400,2024-02-23T00:00:00+00:00,2969.75,2991.94,2931.56,2954.14,17151.306012600002
1708660800,2024-02-23T04:00:00+00:00,2954.23,2966.68,2922.92,2933.6,15988.95017577
1708675200,2024-02-23T08:00:00+00:00,2933.43,2948.68,2912.61,2942.87,9369.037428070002
1708689600,2024-02-23T12:00:00+00:00,2943.06,2961.31,2913.14,2917.03,20553.36617485
1708704000,2024-02-23T16:00:00+00:00,2916.69,2951.26,2905.93,2945.86,17476.286023599998
1708718400,2024-02-23T20:00:00+00:00,2945.82,2953.82,2905.71,2921.79,14774.3781274
1708732800,2024-02-24T00:00:00+00:00,2921.76,2936.82,2906.2,2930.27,6639.24344611
1708747200,2024-02-24T04:00:00+00:00,2930.26,2964.7,2928.86,2962.6,7729.40996001
1708761600,2024-02-24T08:00:00+00:00,2963.08,2965.68,2947.5,2961.18,4956.4728616699995
1708776000,2024-02-24T12:00:00+00:00,2961.12,2968.76,2953.2,2955.32,5804.5774845
1708790400,2024-02-24T16:00:00+00:00,2955.66,3005.28,2955.44,2986.53,14375.14357182
1708804800,2024-02-24T20:00:00+00:00,2986.5,2995.9,2978.73,2992.66,7323.23988629
1708819200,2024-02-25T00:00:00+00:00,2992.41,3048.48,2983.45,3024.96,14707.2692157
1708833600,2024-02-25T04:00:00+00:00,3025.12,3047.95,3012.68,3030.06,9404.038933830001
1708848000,2024-02-25T08:00:00+00:00,3030.15,3041.92,3010.25,3040.75,7563.14982188
1708862400,2024-02-25T12:00:00+00:00,3040.78,3074.08,3026.93,3043.75,13097.05845611
1708876800,2024-02-25T16:00:00+00:00,3043.76,3087.61,3027.9,3081.48,15785.55716842
1708891200,2024-02-25T20:00:00+00:00,3081.11,3121.04,3080.11,3113.17,25471.13488786
1708905600,2024-02-26T00:00:00+00:00,3113.37,3135.88,3085.45,3107.4,16494.39467845
1708920000,2024-02-26T04:00:00+00:00,3107.26,3115.65,3086.01,3087.07,9546.18529161
1708934400,2024-02-26T08:00:00+00:00,3086.81,3103.42,3036.62,3056.61,20920.81325962
1708948800,2024-02-26T12:00:00+00:00,3056.61,3148.85,3037.81,3147.8,36576.58003384
1708963200,2024-02-26T16:00:00+00:00,3147.8,3186,3130.02,3181.69,45176.06028656
1708977600,2024-02-26T20:00:00+00:00,3181.7,3198.77,3167.45,3178.34,20398.023222919997
1708992000,2024-02-27T00:00:00+00:00,3178.28,3277.41,3167.8,3219.8,37938.36400869
1709006400,2024-02-27T04:00:00+00:00,3219.62,3239.77,3203.75,3218.97,18044.42329573
1709020800,2024-02-27T08:00:00+00:00,3218.81,3270.59,3217.75,3257.32,21867.213792169998
1709035200,2024-02-27T12:00:00+00:00,3257.51,3291.36,3221,3230.61,25890.878580229997
1709049600,2024-02-27T16:00:00+00:00,3231.02,3262,3204.22,3252.63,25073.143601699998
1709064000,2024-02-27T20:00:00+00:00,3252.47,3270,3236,3243.84,15522.76668601
1709078400,2024-02-28T00:00:00+00:00,3244.35,3259.76,3232.32,3251.2,9568.397536010001
1709092800,2024-02-28T04:00:00+00:00,3251.42,3308.26,3246.16,3305.18,17080.09245042
1709107200,2024-02-28T08:00:00+00:00,3305.34,3371.11,3280.68,3298.99,28000.188253390003
1709121600,2024-02-28T12:00:00+00:00,3298.99,3377.84,3288.27,3350.36,33525.520624879995
1709136000,2024-02-28T16:00:00+00:00,3350.35,3492.31,3185,3299.93,110943.07481918999
1709150400,2024-02-28T20:00:00+00:00,3300.55,3388.31,3254.71,3386.64,32204.58316848
1709164800,2024-02-29T00:00:00+00:00,3386.64,3468.57,3377.7,3408.91,29297.355727479997
1709179200,2024-02-29T04:00:00+00:00,3408.87,3494.19,3399,3469.15,23452.06586377
1709193600,2024-02-29T08:00:00+00:00,3469.49,3521.99,3442.45,3513.48,24193.80446845
1709208000,2024-02-29T12:00:00+00:00,3513.46,3518.06,3445.74,3469.77,31054.58487466
1709222400,2024-02-29T16:00:00+00:00,3470.04,3472,3350.66,3404.45,45235.251349640006
1709236800,2024-02-29T20:00:00+00:00,3404.08,3416.99,3302.1,3341.78,31641.45806785
1709251200,2024-03-01T00:00:00+00:00,3341.78,3389.71,3340.15,3368.37,16229.3850312
1709265600,2024-03-01T04:00:00+00:00,3368.72,3399.89,3366.03,3367.76,13555.17994863
1709280000,2024-03-01T08:00:00+00:00,3367.73,3438.61,3356.85,3412.77,15464.25350103
1709294400,2024-03-01T12:00:00+00:00,3412.75,3451.6,3380.42,3391.03,28808.436405719996
1709308800,2024-03-01T16:00:00+00:00,3391.03,3436.78,3381.35,3430,18970.22984151
1709323200,2024-03-01T20:00:00+00:00,3430,3454.95,3423.44,3436,15245.638614079999
1709337600,2024-03-02T00:00:00+00:00,3436.37,3462,3427.5,3446.86,13773.18243796
1709352000,2024-03-02T04:00:00+00:00,3446.86,3455.57,3403.7,3434.95,12917.40461983
1709366400,2024-03-02T08:00:00+00:00,3434.95,3440.35,3399.01,3409.15,7842.87224243
1709380800,2024-03-02T12:00:00+00:00,3408.97,3431.41,3398.14,3422.2,8093.407531679999
1709395200,2024-03-02T16:00:00+00:00,3422.21,3434.99,3413.4,3429.27,8474.28038163
1709409600,2024-03-02T20:00:00+00:00,3429.29,3434.96,3406.09,3424.04,8696.225759500001
1709424000,2024-03-03T00:00:00+00:00,3423.77,3436.72,3412.13,3433.87,9623.70320029
1709438400,2024-03-03T04:00:00+00:00,3433.68,3448.75,3363.59,3395.23,13303.123453249998
1709452800,2024-03-03T08:00:00+00:00,3395.24,3416.97,3377.64,3415.35,6814.9717196
1709467200,2024-03-03T12:00:00+00:00,3415.31,3449.83,3406.76,3424.53,10234.67930996
1709481600,2024-03-03T16:00:00+00:00,3424.6,3486,3420.25,3467.09,14489.27082074
1709496000,2024-03-03T20:00:00+00:00,3467.03,3493.78,3460.45,3489.53,10721.872130759999
1709510400,2024-03-04T00:00:00+00:00,3489.95,3530.72,3430,3474.68,25675.3451211
1709524800,2024-03-04T04:00:00+00:00,3474.69,3489.99,3458.68,3480.34,11370.23546258
1709539200,2024-03-04T08:00:00+00:00,3481.14,3546.22,3480.52,3508.43,19304.99486652
1709553600,2024-03-04T12:00:00+00:00,3508.48,3572.7,3462.16,3563.24,31336.789517189995
1709568000,2024-03-04T16:00:00+00:00,3562.96,3650,3532.65,3597.56,39417.4556632
1709582400,2024-03-04T20:00:00+00:00,3597.54,3645.53,3562.38,3633.23,25621.678742390002
1709596800,2024-03-05T00:00:00+00:00,3632.92,3702.39,3611.89,3694.51,29311.971079019997
1709611200,2024-03-05T04:00:00+00:00,3694.75,3746.6,3642.28,3676.62,34800.69237908001
1709625600,2024-03-05T08:00:00+00:00,3676.66,3744.9,3654.71,3733.8,16800.23387783
1709640000,2024-03-05T12:00:00+00:00,3733.78,3829.93,3733.09,3784.95,52014.56456225
1709654400,2024-03-05T16:00:00+00:00,3784.34,3797.26,3205,3374.59,133606.4611091
1709668800,2024-03-05T20:00:00+00:00,3376.16,3584.68,3327.68,3557.41,98876.55454117
1709683200,2024-03-06T00:00:00+00:00,3557.42,3596.64,3502,3540.23,27132.72799875
1709697600,2024-03-06T04:00:00+00:00,3540.37,3792.76,3538.28,3787.46,35616.44677052
1709712000,2024-03-06T08:00:00+00:00,3787.47,3897.2,3778.17,3880.56,39974.57015494
1709726400,2024-03-06T12:00:00+00:00,3880.42,3903.42,3724.75,3791.22,55663.362392309995
1709740800,2024-03-06T16:00:00+00:00,3791.81,3885.43,3768.83,3857.77,34189.833245379996
1709755200,2024-03-06T20:00:00+00:00,3857.96,3900.99,3796.02,3821.82,26788.62798174
1709769600,2024-03-07T00:00:00+00:00,3822.1,3855.26,3765.47,3776.85,25616.45405743
1709784000,2024-03-07T04:00:00+00:00,3776.25,3805.55,3736.5,3792.04,14913.3894447
1709798400,2024-03-07T08:00:00+00:00,3791.83,3817.71,3772.74,3789.94,12595.93602811
1709812800,2024-03-07T12:00:00+00:00,3790.68,3860.24,3767.07,3840.97,31408.64667619
1709827200,2024-03-07T16:00:00+00:00,3841.62,3890,3817.39,3875.99,26077.83494076
1709841600,2024-03-07T20:00:00+00:00,3876.09,3941.57,3845.01,3875.28,26440.88181727
1709856000,2024-03-08T00:00:00+00:00,3875.42,3945.81,3868.96,3905.05,17879.48959962
1709870400,2024-03-08T04:00:00+00:00,3905.61,3954,3884.27,3916.21,12726.88778078
1709884800,2024-03-08T08:00:00+00:00,3916.22,3961.11,3915.82,3955.59,16527.22934953
1709899200,2024-03-08T12:00:00+00:00,3955.25,4000,3894.66,3905.09,50750.33021979
1709913600,2024-03-08T16:00:00+00:00,3905.1,3984.7,3826.37,3937.2,44625.10336224001
1709928000,2024-03-08T20:00:00+00:00,3937.67,3962.81,3882.23,3892.6,23196.318381110003
1709942400,2024-03-09T00:00:00+00:00,3892.62,3940.64,3886.51,3933.7,10564.322489959999
1709956800,2024-03-09T04:00:00+00:00,3933.7,3951.37,3919.82,3933.8,10210.9285171
1709971200,2024-03-09T08:00:00+00:00,3933.8,3944,3897.22,3921.02,8370.156970189999
1709985600,2024-03-09T12:00:00+00:00,3921.15,3936.35,3910.01,3926.61,9566.74848913
1710000000,2024-03-09T16:00:00+00:00,3926.31,3930.68,3880,3890.95,13493.73312655
1710014400,2024-03-09T20:00:00+00:00,3890.95,3921.52,3890.94,3913.55,9974.674726039999
1710028800,2024-03-10T00:00:00+00:00,3913.84,3950,3900.22,3942.27,15166.200285189998
1710043200,2024-03-10T04:00:00+00:00,3942.59,3958.98,3936.35,3951.67,8503.83915173
1710057600,2024-03-10T08:00:00+00:00,3951.67,3972.17,3930.19,3940.87,9243.86923633
1710072000,2024-03-10T12:00:00+00:00,3940.87,3955.48,3871.07,3892.2,16189.999008270002
1710086400,2024-03-10T16:00:00+00:00,3892.21,3933.11,3890.77,3904.79,12284.90299773
1710100800,2024-03-10T20:00:00+00:00,3904.78,3911.38,3800.01,3881.96,23183.39939953
1710115200,2024-03-11T00:00:00+00:00,3882.48,3891.55,3730.72,3868.36,32299.49388247
1710129600,2024-03-11T04:00:00+00:00,3868.08,4011.97,3836.35,4001.68,33712.292564690004
1710144000,2024-03-11T08:00:00+00:00,4002.51,4054.81,3986.17,4036.33,31440.16308973
1710158400,2024-03-11T12:00:00+00:00,4036.34,4068.27,4017.96,4020.85,36207.059455020004
1710172800,2024-03-11T16:00:00+00:00,4021.2,4091.67,4002.67,4033.86,38239.987590079996
1710187200,2024-03-11T20:00:00+00:00,4034.08,4083.8,4030.02,4066.21,17142.07374397
1710201600,2024-03-12T00:00:00+00:00,4066.95,4093.88,4022.59,4029.34,24159.73732801
1710216000,2024-03-12T04:00:00+00:00,4029.35,4052.48,4000.73,4028.09,11125.00754479
1710230400,2024-03-12T08:00:00+00:00,4028.05,4065.21,3968.66,4022.1,17756.30852576
1710244800,2024-03-12T12:00:00+00:00,4022.21,4053.48,3950.63,3988.39,32610.02092951
1710259200,2024-03-12T16:00:00+00:00,3988.51,3993.03,3828.83,3983.11,62967.96408062001
1710273600,2024-03-12T20:00:00+00:00,3982.89,3983.49,3928.63,3980.34,26020.77984124
1710288000,2024-03-13T00:00:00+00:00,3980.31,4047.53,3972.9,4045.57,18722.7682821
1710302400,2024-03-13T04:00:00+00:00,4045.58,4080.13,4031,4040.77,13234.28473539
1710316800,2024-03-13T08:00:00+00:00,4041.15,4085.57,4040,4051.21,15109.208992040001
1710331200,2024-03-13T12:00:00+00:00,4051.22,4055.72,3934.52,3967.42,37669.50289679
1710345600,2024-03-13T16:00:00+00:00,3967.61,4015.93,3955.78,4006.72,28099.70129205
1710360000,2024-03-13T20:00:00+00:00,4006.66,4025.11,3971.2,4007.7,21051.36153127
1710374400,2024-03-14T00:00:00+00:00,4007.79,4013.25,3957.5,3995.08,20879.67145865
1710388800,2024-03-14T04:00:00+00:00,3994.97,4007.79,3943.77,3964.85,18247.550216499996
1710403200,2024-03-14T08:00:00+00:00,3964.87,3999.81,3945.5,3956.74,17557.9880323
1710417600,2024-03-14T12:00:00+00:00,3956.96,3970.07,3817.45,3844.53,46109.58686424
1710432000,2024-03-14T16:00:00+00:00,3844.68,3893.32,3714.53,3781.27,57828.41919027
1710446400,2024-03-14T20:00:00+00:00,3781.59,3891.61,3776.5,3880.45,29989.129822900002
1710460800,2024-03-15T00:00:00+00:00,3880.45,3932.39,3620,3720.28,60716.12016284
1710475200,2024-03-15T04:00:00+00:00,3720.25,3778.08,3654.55,3751.06,36230.83572288
1710489600,2024-03-15T08:00:00+00:00,3751.06,3759.33,3566.38,3684.92,50612.47532005
1710504000,2024-03-15T12:00:00+00:00,3684.99,3738.76,3666,3688.41,30744.68342237
1710518400,2024-03-15T16:00:00+00:00,3688.16,3805,3659.08,3690.72,40944.00642426
1710532800,2024-03-15T20:00:00+00:00,3690.52,3749.11,3606.98,3742.95,32876.67815505
1710547200,2024-03-16T00:00:00+00:00,3743.29,3781.4,3721.41,3734.79,17795.51057373
1710561600,2024-03-16T04:00:00+00:00,3734.8,3743.43,3689.58,3738.69,9532.16436876
1710576000,2024-03-16T08:00:00+00:00,3739.32,3739.96,3663.55,3691.83,11999.945495
1710590400,2024-03-16T12:00:00+00:00,3691.66,3711.67,3637.2,3678.25,14287.71960343
1710604800,2024-03-16T16:00:00+00:00,3678.33,3679.56,3567,3597.97,27320.292842659997
1710619200,2024-03-16T20:00:00+00:00,3597.99,3631.4,3466.55,3520.1,35757.04889064
1710633600,2024-03-17T00:00:00+00:00,3520.24,3579.7,3501.01,3569.8,18762.62866265
1710648000,2024-03-17T04:00:00+00:00,3569.8,3570.65,3410.78,3469.56,22771.35630525
1710662400,2024-03-17T08:00:00+00:00,3469.35,3601.64,3457.56,3574.64,19011.41146835
1710676800,2024-03-17T12:00:00+00:00,3574.63,3643.26,3525.03,3624.44,20268.3423812
1710691200,2024-03-17T16:00:00+00:00,3624.44,3654.13,3600,3649.25,15912.813082140001
1710705600,2024-03-17T20:00:00+00:00,3648.88,3676.76,3623.33,3641.02,12856.99034269
1710720000,2024-03-18T00:00:00+00:00,3641.51,3642.56,3555.29,3597.99,15305.73226201
1710734400,2024-03-18T04:00:00+00:00,3597.81,3640.8,3573.29,3623.91,9640.74962296
1710748800,2024-03-18T08:00:00+00:00,3624.37,3624.63,3547.67,3595.64,14379.975681169999
1710763200,2024-03-18T12:00:00+00:00,3595.64,3611.28,3484.37,3523.6,29651.17246167
1710777600,2024-03-18T16:00:00+00:00,3523.29,3562.48,3454.3,3478.69,34031.29739837
1710792000,2024-03-18T20:00:00+00:00,3479.22,3546.95,3479.11,3520.66,16838.12488006
1710806400,2024-03-19T00:00:00+00:00,3520.52,3547.97,3362.68,3418.79,37451.59191217
1710820800,2024-03-19T04:00:00+00:00,3418.09,3426.99,3303.87,3357.63,30201.2448325
1710835200,2024-03-19T08:00:00+00:00,3357.75,3358.25,3200.55,3274.54,45389.396136309995
1710849600,2024-03-19T12:00:00+00:00,3274.27,3320.43,3218.8,3299.2,56976.71543076
1710864000,2024-03-19T16:00:00+00:00,3299.2,3359.91,3279.72,3332.93,41562.185285980006
1710878400,2024-03-19T20:00:00+00:00,3332.92,3338.54,3147.81,3156.97,46404.93828568
1710892800,2024-03-20T00:00:00+00:00,3156.94,3262.25,3151.64,3159.02,39880.07148993001
1710907200,2024-03-20T04:00:00+00:00,3159.35,3224.28,3057.5,3216.85,48794.24906397
1710921600,2024-03-20T08:00:00+00:00,3216.68,3294.51,3204.73,3291.59,27701.3153226
1710936000,2024-03-20T12:00:00+00:00,3290.76,3398,3274.37,3292.1,64799.77273965
1710950400,2024-03-20T16:00:00+00:00,3291.98,3406.09,3140.7,3379.54,94941.17027888
1710964800,2024-03-20T20:00:00+00:00,3379.17,3536.72,3371.45,3516.68,48651.45493425999
1710979200,2024-03-21T00:00:00+00:00,3517.02,3559.57,3493.39,3510.88,25617.43975358
1710993600,2024-03-21T04:00:00+00:00,3510.91,3536.44,3447.7,3516.87,18347.49846776
1711008000,2024-03-21T08:00:00+00:00,3516.87,3586.59,3516.85,3531.07,21035.485209700004
1711022400,2024-03-21T12:00:00+00:00,3530.92,3573.49,3476.47,3497.12,36639.76725548
1711036800,2024-03-21T16:00:00+00:00,3497.08,3544.63,3410.45,3440.97,27190.81228902
1711051200,2024-03-21T20:00:00+00:00,3440.65,3520.91,3411.8,3491.78,19805.00154989
1711065600,2024-03-22T00:00:00+00:00,3491.78,3526.36,3452.99,3521.06,18848.88446702
1711080000,2024-03-22T04:00:00+00:00,3521.05,3542.56,3500.06,3510.43,17957.66005439
1711094400,2024-03-22T08:00:00+00:00,3510.43,3523.32,3397.27,3404.89,18395.00139474
1711108800,2024-03-22T12:00:00+00:00,3404.47,3425.22,3280.64,3349.14,45993.730593219996
1711123200,2024-03-22T16:00:00+00:00,3349.14,3360.45,3288.11,3342.71,32835.81353467
1711137600,2024-03-22T20:00:00+00:00,3342.68,3346.23,3250.33,3337.41,29457.01931416
1711152000,2024-03-23T00:00:00+00:00,3337.38,3363.07,3271.47,3304.14,19511.52571955
1711166400,2024-03-23T04:00:00+00:00,3304.41,3384.28,3299.52,3365.73,14018.6137704
1711180800,2024-03-23T08:00:00+00:00,3365.83,3380.67,3329.24,3365.05,15736.959642929998
1711195200,2024-03-23T12:00:00+00:00,3365.04,3423.4,3344.84,3405.66,19632.10354345
1711209600,2024-03-23T16:00:00+00:00,3405.66,3436.39,3385.09,3386.62,15770.741591579997
1711224000,2024-03-23T20:00:00+00:00,3386.61,3401.48,3328.61,3330.05,10289.77679985
1711238400,2024-03-24T00:00:00+00:00,3330.28,3368.64,3308.26,3309.35,8419.05610147
1711252800,2024-03-24T04:00:00+00:00,3309.57,3343.29,3300,3342.74,6048.7565037
1711267200,2024-03-24T08:00:00+00:00,3342.57,3392.3,3335.61,3387.97,7103.44410992
1711281600,2024-03-24T12:00:00+00:00,3387.75,3414.25,3376.84,3396.77,8780.28685302
1711296000,2024-03-24T16:00:00+00:00,3397.05,3408.69,3334.02,3382.4,15303.45443468
1711310400,2024-03-24T20:00:00+00:00,3381.9,3471.22,3374.72,3454.67,14951.08763878
1711324800,2024-03-25T00:00:00+00:00,3454.88,3460.97,3418.61,3454.99,9364.35835453
1711339200,2024-03-25T04:00:00+00:00,3454.99,3506.64,3442.19,3446.62,10561.8703056
1711353600,2024-03-25T08:00:00+00:00,3445.52,3473.36,3433,3437.2,10403.40186632
1711368000,2024-03-25T12:00:00+00:00,3436.79,3589.45,3429.78,3582.72,32126.51307994
1711382400,2024-03-25T16:00:00+00:00,3582.72,3661.7,3566.08,3640.64,40259.296151409995
1711396800,2024-03-25T20:00:00+00:00,3640.79,3649.34,3567.04,3591.02,16696.13140988
1711411200,2024-03-26T00:00:00+00:00,3590.61,3643.53,3581.42,3624.63,16194.36935995
1711425600,2024-03-26T04:00:00+00:00,3624.41,3681.9,3620.34,3636.41,14025.04091143
1711440000,2024-03-26T08:00:00+00:00,3636.61,3671.99,3629,3631.84,12953.898494140001
1711454400,2024-03-26T12:00:00+00:00,3631.77,3654.19,3545.94,3593.82,25760.9334515
1711468800,2024-03-26T16:00:00+00:00,3593.26,3604.03,3544,3559.77,15076.83995275
1711483200,2024-03-26T20:00:00+00:00,3559.5,3613.88,3556.32,3587.67,13988.036775949999
1711497600,2024-03-27T00:00:00+00:00,3587.5,3627.56,3576.69,3603.2,10953.11208104
1711512000,2024-03-27T04:00:00+00:00,3603.25,3616.32,3560.47,3565.67,8134.469354950001
1711526400,2024-03-27T08:00:00+00:00,3566.57,3590.95,3532.53,3585.02,11382.149436849999
1711540800,2024-03-27T12:00:00+00:00,3584.87,3665.95,3496.6,3512.62,50456.38501634
1711555200,2024-03-27T16:00:00+00:00,3512.58,3530.28,3458,3487.9,20798.17570064
1711569600,2024-03-27T20:00:00+00:00,3487.86,3520.99,3485.97,3499.56,11563.54898145
1711584000,2024-03-28T00:00:00+00:00,3499.62,3529.93,3462.44,3494.13,13262.354560920001
1711598400,2024-03-28T04:00:00+00:00,3494.04,3578.56,3492.85,3572.97,10036.30803434
1711612800,2024-03-28T08:00:00+00:00,3572.98,3593.3,3563.82,3577.6,7034.64762957
1711627200,2024-03-28T12:00:00+00:00,3577.61,3612.3,3549.77,3579.46,20200.963058940004
1711641600,2024-03-28T16:00:00+00:00,3579.54,3581.8,3540.01,3564.53,20553.35829157
1711656000,2024-03-28T20:00:00+00:00,3564.54,3579.98,3543.21,3561.1,11419.00434496
1711670400,2024-03-29T00:00:00+00:00,3561.12,3584.9,3550.43,3562.73,8625.3114323
1711684800,2024-03-29T04:00:00+00:00,3562.79,3580.51,3514.04,3520.15,6108.11654049
1711699200,2024-03-29T08:00:00+00:00,3520.18,3563.34,3517.63,3550.28,8484.01212742
1711713600,2024-03-29T12:00:00+00:00,3550.23,3558.57,3482.85,3489.3,11965.9712837
1711728000,2024-03-29T16:00:00+00:00,3489.14,3502.98,3473.42,3501.8,13059.57609019
1711742400,2024-03-29T20:00:00+00:00,3502.01,3525.69,3477.18,3511.08,11899.85204345
1711756800,2024-03-30T00:00:00+00:00,3511.21,3521.97,3488.08,3491.35,13967.337722870001
1711771200,2024-03-30T04:00:00+00:00,3491.35,3532.41,3488.84,3494.51,8395.7803252
1711785600,2024-03-30T08:00:00+00:00,3494.13,3566.1,3493.42,3561.84,6271.59250578
1711800000,2024-03-30T12:00:00+00:00,3562.23,3568.13,3532.97,3539.08,5888.00290476
1711814400,2024-03-30T16:00:00+00:00,3539.07,3550.41,3488.92,3510.82,7759.885936410001
1711828800,2024-03-30T20:00:00+00:00,3510.81,3520.5,3497,3507.51,7003.47003538
1711843200,2024-03-31T00:00:00+00:00,3507.31,3544.37,3505.76,3537.38,7660.891565909999
1711857600,2024-03-31T04:00:00+00:00,3537.36,3631.72,3532.14,3625.44,12636.78625662
1711872000,2024-03-31T08:00:00+00:00,3625.88,3633.18,3600.02,3609.1,4777.126771220001
1711886400,2024-03-31T12:00:00+00:00,3609.42,3639,3606.09,3617.99,7836.23911021
1711900800,2024-03-31T16:00:00+00:00,3617.99,3654.87,3613.57,3637.95,11750.83657018
1711915200,2024-03-31T20:00:00+00:00,3637.95,3650.85,3617.85,3645.48,9163.25174977
1711929600,2024-04-01T00:00:00+00:00,3645.55,3646.38,3600.94,3610.99,11659.625593310002
1711944000,2024-04-01T04:00:00+00:00,3610.7,3614.12,3503,3547.29,18316.749886010002
1711958400,2024-04-01T08:00:00+00:00,3547.98,3561.28,3521.77,3539.11,8925.621976569999
1711972800,2024-04-01T12:00:00+00:00,3538.85,3570.61,3435.66,3443.76,22886.16708881
1711987200,2024-04-01T16:00:00+00:00,3444.05,3491.25,3413.86,3487.82,24897.545479939996
1712001600,2024-04-01T20:00:00+00:00,3487.82,3516.39,3472.53,3505.85,10368.119135030001
1712016000,2024-04-02T00:00:00+00:00,3505.95,3507.69,3321.87,3368.98,31473.96243498
1712030400,2024-04-02T04:00:00+00:00,3368.98,3391.87,3340.02,3364.88,13879.76474916
1712044800,2024-04-02T08:00:00+00:00,3364.9,3372.91,3276.12,3308.36,26216.42728384
1712059200,2024-04-02T12:00:00+00:00,3308.21,3324.06,3232.78,3240.1,31806.6800459
1712073600,2024-04-02T16:00:00+00:00,3241.52,3286.9,3211.41,3279.28,28235.27199138
1712088000,2024-04-02T20:00:00+00:00,3278.83,3306.51,3244.13,3279.64,17202.859242979997
1712102400,2024-04-03T00:00:00+00:00,3279.71,3324.97,3202.8,3316.78,23169.18595789
1712116800,2024-04-03T04:00:00+00:00,3316.52,3326.98,3282.27,3307.86,10137.950918760002
1712131200,2024-04-03T08:00:00+00:00,3307.69,3358.24,3291.73,3319.51,17559.262408950002
1712145600,2024-04-03T12:00:00+00:00,3319.76,3365.51,3293.87,3329.84,19039.62531325
1712160000,2024-04-03T16:00:00+00:00,3329.98,3369.43,3282.96,3316.24,17729.71941464
1712174400,2024-04-03T20:00:00+00:00,3316.24,3326.71,3289.66,3312.43,11687.344653209999
1712188800,2024-04-04T00:00:00+00:00,3312.42,3335.7,3263.74,3275.47,15596.916531
1712203200,2024-04-04T04:00:00+00:00,3275.58,3333,3251.91,3322.33,12101.61058683
1712217600,2024-04-04T08:00:00+00:00,3322.54,3355.76,3318.56,3340.03,8127.15397275
1712232000,2024-04-04T12:00:00+00:00,3340.16,3397.67,3338.3,3365.61,20892.89344112
1712246400,2024-04-04T16:00:00+00:00,3365.75,3444.95,3361.25,3367.76,29002.341498970003
1712260800,2024-04-04T20:00:00+00:00,3367.8,3372.1,3280.4,3329.39,22591.29547165
1712275200,2024-04-05T00:00:00+00:00,3329.41,3337.21,3253.92,3309.16,14686.286864939997
1712289600,2024-04-05T04:00:00+00:00,3309.29,3319.93,3243.87,3287.59,8761.53555492
1712304000,2024-04-05T08:00:00+00:00,3287.44,3313.1,3237.26,3244.35,10436.38218446
1712318400,2024-04-05T12:00:00+00:00,3244.36,3332.18,3210.99,3328.71,24754.47592599
1712332800,2024-04-05T16:00:00+00:00,3328.34,3348.33,3306.21,3320.07,16401.74418037
1712347200,2024-04-05T20:00:00+00:00,3320.11,3346.48,3308.66,3319.26,7424.083984949999
1712361600,2024-04-06T00:00:00+00:00,3319.1,3347.55,3308.7,3332.36,7833.92814567
1712376000,2024-04-06T04:00:00+00:00,3332.26,3353.83,3322.5,3331.58,4293.8547547
1712390400,2024-04-06T08:00:00+00:00,3330.88,3353.18,3326.43,3331.96,3383.08950851
1712404800,2024-04-06T12:00:00+00:00,3331.17,3361.82,3315.21,3336.21,6038.37407901
1712419200,2024-04-06T16:00:00+00:00,3336.29,3358.67,3331.86,3350,7134.78310803
1712433600,2024-04-06T20:00:00+00:00,3349.87,3398.8,3343.63,3352.66,7105.933377650001
1712448000,2024-04-07T00:00:00+00:00,3352.87,3413.6,3345.36,3389.17,7269.80502539
1712462400,2024-04-07T04:00:00+00:00,3389.75,3407.8,3376.3,3386.98,3744.0900154500005
1712476800,2024-04-07T08:00:00+00:00,3386.73,3396.81,3377.86,3391.16,3302.51446342
1712491200,2024-04-07T12:00:00+00:00,3391.16,3420.79,3385.17,3390.57,8108.914152339999
1712505600,2024-04-07T16:00:00+00:00,3391.12,3412.97,3369.06,3381.95,8526.468218499998
1712520000,2024-04-07T20:00:00+00:00,3380.81,3459.52,3378.4,3453.67,9690.792718519999
1712534400,2024-04-08T00:00:00+00:00,3453.69,3457.02,3406.93,3423.3,7442.308247050001
1712548800,2024-04-08T04:00:00+00:00,3423.3,3477.62,3411.75,3473.65,5195.70289941
1712563200,2024-04-08T08:00:00+00:00,3474.22,3640.06,3468.89,3631.23,23373.25328631
1712577600,2024-04-08T12:00:00+00:00,3631.23,3671.07,3607.86,3629.04,36692.29223893
1712592000,2024-04-08T16:00:00+00:00,3629.51,3713.55,3626.64,3702.47,29240.11571363
1712606400,2024-04-08T20:00:00+00:00,3703.02,3729.16,3680.9,3694.56,15636.651588820001
1712620800,2024-04-09T00:00:00+00:00,3694.26,3726.79,3665.86,3692.56,16888.1367407
1712635200,2024-04-09T04:00:00+00:00,3692.4,3702.05,3632.34,3643.56,13599.5212484
1712649600,2024-04-09T08:00:00+00:00,3643.56,3648.02,3581.43,3632.79,14639.3954042
1712664000,2024-04-09T12:00:00+00:00,3632.82,3643.24,3478.53,3528.89,30831.60368861
1712678400,2024-04-09T16:00:00+00:00,3528.79,3532.13,3450.6,3515.04,18293.15730527
1712692800,2024-04-09T20:00:00+00:00,3515.08,3524.6,3484.26,3504.58,10043.85102207
1712707200,2024-04-10T00:00:00+00:00,3504.24,3536.17,3465.4,3512.47,12031.15563951
1712721600,2024-04-10T04:00:00+00:00,3511.78,3553.71,3504.95,3535.67,4742.58871801
1712736000,2024-04-10T08:00:00+00:00,3535.69,3541.1,3493.25,3521.21,11536.20102388
1712750400,2024-04-10T12:00:00+00:00,3521.03,3528.72,3411.59,3478.81,26558.04771507
1712764800,2024-04-10T16:00:00+00:00,3478.82,3547.26,3468.86,3521.64,13606.054444459998
1712779200,2024-04-10T20:00:00+00:00,3522.04,3562.51,3494.92,3546,14998.72031739
1712793600,2024-04-11T00:00:00+00:00,3546.07,3577.16,3524.56,3576.63,12322.58699191
1712808000,2024-04-11T04:00:00+00:00,3576.79,3605.35,3553.19,3583.38,6794.58678259
1712822400,2024-04-11T08:00:00+00:00,3583.64,3617.97,3514.76,3522.21,8744.2244757
1712836800,2024-04-11T12:00:00+00:00,3522.42,3575.2,3485.51,3507.55,18462.89569092
1712851200,2024-04-11T16:00:00+00:00,3507.56,3521.08,3473.6,3518.16,18174.25887978
1712865600,2024-04-11T20:00:00+00:00,3517.67,3532.8,3491.07,3503.06,9344.51547912
1712880000,2024-04-12T00:00:00+00:00,3503.06,3538,3501.49,3534.66,8420.98918098
1712894400,2024-04-12T04:00:00+00:00,3534.57,3553.03,3507.43,3516.47,6980.23328864
1712908800,2024-04-12T08:00:00+00:00,3516.56,3540.71,3507.87,3530.88,5984.623495010001
1712923200,2024-04-12T12:00:00+00:00,3530.89,3531.42,3436.16,3438.62,19266.49764247
1712937600,2024-04-12T16:00:00+00:00,3438.67,3453.07,3100,3206.8,94115.82485227002
1712952000,2024-04-12T20:00:00+00:00,3206.96,3256.81,3200.76,3239.31,24206.250102629998
1712966400,2024-04-13T00:00:00+00:00,3238.98,3239.11,3143.77,3231.62,23468.731983669997
1712980800,2024-04-13T04:00:00+00:00,3231.05,3273.38,3224.24,3258.59,12280.47643817
1712995200,2024-04-13T08:00:00+00:00,3258.47,3302.32,3248.54,3269.06,9766.587910859998
1713009600,2024-04-13T12:00:00+00:00,3268.87,3297.6,3253.22,3273.2,10589.85920955
1713024000,2024-04-13T16:00:00+00:00,3273.22,3280.83,3004.12,3088.59,50466.870028130004
1713038400,2024-04-13T20:00:00+00:00,3087.46,3096.11,2850,3011.39,134687.82052007
1713052800,2024-04-14T00:00:00+00:00,3012.01,3024.71,2911.23,2972.18,35856.89968399
1713067200,2024-04-14T04:00:00+00:00,2972.18,3104.78,2966.02,3085.93,23477.041544369997
1713081600,2024-04-14T08:00:00+00:00,3085.68,3101.04,3010.32,3028.96,19962.892504689997
1713096000,2024-04-14T12:00:00+00:00,3028.49,3074.67,3004.65,3056.74,23638.494833660003
1713110400,2024-04-14T16:00:00+00:00,3057.17,3101.97,2981.76,3074.7,32968.7468444
1713124800,2024-04-14T20:00:00+00:00,3074.47,3175.72,3048.84,3158.06,24838.85752482
1713139200,2024-04-15T00:00:00+00:00,3158.2,3159.32,3103.8,3149.21,17715.4891245
1713153600,2024-04-15T04:00:00+00:00,3149.29,3257.72,3125.07,3245.49,20276.340926229997
1713168000,2024-04-15T08:00:00+00:00,3245.27,3281.21,3230.01,3232.84,14152.95751421
1713182400,2024-04-15T12:00:00+00:00,3233.02,3247.94,3103.14,3165.6,28172.41158239
1713196800,2024-04-15T16:00:00+00:00,3165.6,3181.55,3025,3101.3,33206.90667619
1713211200,2024-04-15T20:00:00+00:00,3101.31,3129.49,3060,3103.13,15497.770270469999
1713225600,2024-04-16T00:00:00+00:00,3103.4,3121.92,3053.23,3074.34,17360.22659112
1713240000,2024-04-16T04:00:00+00:00,3074.22,3128.28,2990,3108.41,18455.33963886
1713254400,2024-04-16T08:00:00+00:00,3108.4,3112.72,3004.7,3093.58,17715.686268639998
1713268800,2024-04-16T12:00:00+00:00,3093.84,3096.44,3010.02,3010.35,26302.9859725
1713283200,2024-04-16T16:00:00+00:00,3010.74,3085.57,2996.8,3058.55,22774.362111420003
1713297600,2024-04-16T20:00:00+00:00,3057.6,3119.06,3035.04,3085.25,14802.40436912
1713312000,2024-04-17T00:00:00+00:00,3085.41,3108.51,3069.43,3095.71,10569.5858809
1713326400,2024-04-17T04:00:00+00:00,3095.79,3124.03,3065.75,3077.35,8168.82368065
1713340800,2024-04-17T08:00:00+00:00,3077.73,3088.84,3039.48,3042.1,10231.65126427
1713355200,2024-04-17T12:00:00+00:00,3042.52,3064.58,2926,2946.04,38017.946968389995
1713369600,2024-04-17T16:00:00+00:00,2946.04,3043.06,2914.01,3000.55,37016.89206249
1713384000,2024-04-17T20:00:00+00:00,3000.95,3014.31,2963.94,2984.98,18580.87575678
1713398400,2024-04-18T00:00:00+00:00,2984.9,3034.98,2952.53,3024.9,16800.73035677
1713412800,2024-04-18T04:00:00+00:00,3024.89,3034.19,2956.93,2975.23,12382.26682356
1713427200,2024-04-18T08:00:00+00:00,2975.45,3065.7,2954.71,3047.12,11670.65518076
1713441600,2024-04-18T12:00:00+00:00,3047.08,3100.8,2987.25,3071.03,27554.548033109997
1713456000,2024-04-18T16:00:00+00:00,3071,3086.33,3020.03,3066.05,15435.538449979998
1713470400,2024-04-18T20:00:00+00:00,3066.39,3082.11,3057.28,3065.82,7669.683062760001
1713484800,2024-04-19T00:00:00+00:00,3065.8,3071.43,2865.71,2979.74,34117.59732348
1713499200,2024-04-19T04:00:00+00:00,2979.78,3128.99,2978.21,3085.4,23109.53669213
1713513600,2024-04-19T08:00:00+00:00,3085.5,3125.86,3078.37,3104.69,17282.650056979997
1713528000,2024-04-19T12:00:00+00:00,3104.6,3123.21,3055.74,3082.07,23392.210782919996
1713542400,2024-04-19T16:00:00+00:00,3081.9,3108,3046.31,3104.59,16358.034395929999
1713556800,2024-04-19T20:00:00+00:00,3104.54,3107.07,3022.17,3057.93,12205.03323043
1713571200,2024-04-20T00:00:00+00:00,3057.9,3072.5,3019.11,3057.29,9869.69014295
1713585600,2024-04-20T04:00:00+00:00,3057.38,3072.22,3050.62,3061.79,4004.00606758
1713600000,2024-04-20T08:00:00+00:00,3062.42,3062.62,3031.45,3048.54,3976.38728343
1713614400,2024-04-20T12:00:00+00:00,3048.61,3115.32,3041.25,3111.14,5593.28119926
1713628800,2024-04-20T16:00:00+00:00,3111.25,3167.04,3089.25,3149.1,12884.4511994
1713643200,2024-04-20T20:00:00+00:00,3149.1,3172.3,3142,3157.01,6375.680692909999
1713657600,2024-04-21T00:00:00+00:00,3156.62,3198.46,3128.02,3168.17,7683.450634999999
1713672000,2024-04-21T04:00:00+00:00,3168.2,3192.63,3155.43,3180.94,4063.62709446
1713686400,2024-04-21T08:00:00+00:00,3180.72,3188.37,3154.21,3169.51,4086.67667308
1713700800,2024-04-21T12:00:00+00:00,3169.36,3177.89,3138.98,3159.9,4891.20270016
1713715200,2024-04-21T16:00:00+00:00,3159.85,3163.12,3117.46,3136.86,7033.995216050001
1713729600,2024-04-21T20:00:00+00:00,3136.77,3169.66,3130.36,3148.1,6352.89607747
1713744000,2024-04-22T00:00:00+00:00,3148.06,3210.65,3129.68,3190.59,12718.91299375
1713758400,2024-04-22T04:00:00+00:00,3190.87,3237.41,3184.97,3205.41,8529.35566668
1713772800,2024-04-22T08:00:00+00:00,3205.23,3225.5,3190.06,3196.1,6086.8378632799995
1713787200,2024-04-22T12:00:00+00:00,3196.26,3213.08,3169,3185.03,13231.15141941
1713801600,2024-04-22T16:00:00+00:00,3185,3218.42,3170.58,3188.89,20399.103299989998
1713816000,2024-04-22T20:00:00+00:00,3188.89,3225.28,3184.45,3201.46,9565.16460114
1713830400,2024-04-23T00:00:00+00:00,3201.67,3225.04,3183.57,3185.51,7503.90506981
1713844800,2024-04-23T04:00:00+00:00,3185.45,3195.23,3153.41,3161.78,6889.36741812
1713859200,2024-04-23T08:00:00+00:00,3161.83,3186.73,3153.99,3180.69,4498.173343009999
1713873600,2024-04-23T12:00:00+00:00,3180.68,3266.4,3173.87,3226.88,27460.164161179997
1713888000,2024-04-23T16:00:00+00:00,3227.49,3247.49,3213.5,3218.31,14095.47514476
1713902400,2024-04-23T20:00:00+00:00,3219.1,3223,3186.14,3219.49,9493.32851032
1713916800,2024-04-24T00:00:00+00:00,3219.42,3249.27,3210.37,3238.13,7366.90690428
1713931200,2024-04-24T04:00:00+00:00,3238.1,3275,3236.83,3250.4,6206.800246299999
1713945600,2024-04-24T08:00:00+00:00,3250.41,3286.7,3241.99,3281.94,9288.78914163
1713960000,2024-04-24T12:00:00+00:00,3281.84,3293.4,3165.39,3173.69,28106.654791499997
1713974400,2024-04-24T16:00:00+00:00,3173.58,3191.51,3102.62,3131.36,27732.43893495
1713988800,2024-04-24T20:00:00+00:00,3131.29,3149.31,3110.15,3138.91,10082.73653356
1714003200,2024-04-25T00:00:00+00:00,3139.27,3171.28,3126.17,3146.72,10208.45922213
1714017600,2024-04-25T04:00:00+00:00,3146.72,3166.85,3125.96,3135.33,7995.2221788199995
1714032000,2024-04-25T08:00:00+00:00,3135.59,3152.68,3071.79,3110.84,22308.9972007
1714046400,2024-04-25T12:00:00+00:00,3110.72,3166.55,3081.14,3158.57,23891.63696553
1714060800,2024-04-25T16:00:00+00:00,3158.05,3173.8,3144.42,3164.78,16944.02673829
1714075200,2024-04-25T20:00:00+00:00,3164.74,3191.94,3152.29,3155.36,14002.05737972
1714089600,2024-04-26T00:00:00+00:00,3155.27,3164.37,3124.02,3141.52,10821.47903916
1714104000,2024-04-26T04:00:00+00:00,3141.51,3153.79,3127.88,3135.57,11188.945049639999
1714118400,2024-04-26T08:00:00+00:00,3135.57,3158.18,3121.56,3128.17,9698.68170443
1714132800,2024-04-26T12:00:00+00:00,3128.02,3166.66,3101.01,3116.28,20716.27470069
1714147200,2024-04-26T16:00:00+00:00,3116.59,3154.01,3103.39,3132.22,10042.05037762
1714161600,2024-04-26T20:00:00+00:00,3132.76,3152.42,3119.45,3130,6863.505505110001
1714176000,2024-04-27T00:00:00+00:00,3130.04,3137.81,3067.27,3120.84,13842.13822094
1714190400,2024-04-27T04:00:00+00:00,3120.53,3131.54,3107.04,3118.77,4702.6549274
1714204800,2024-04-27T08:00:00+00:00,3118.77,3126.11,3105.84,3122.44,6229.093054669999
1714219200,2024-04-27T12:00:00+00:00,3122.54,3163.83,3119.48,3142.64,8639.342634749999
1714233600,2024-04-27T16:00:00+00:00,3142.67,3281.92,3140.1,3234.82,22741.47653092
1714248000,2024-04-27T20:00:00+00:00,3235.39,3262.05,3220.93,3253.04,9476.49663127
1714262400,2024-04-28T00:00:00+00:00,3253.04,3327.93,3239.72,3306.7,15986.13645587
1714276800,2024-04-28T04:00:00+00:00,3306.67,3336.42,3297.46,3315.8,7242.686283790001
1714291200,2024-04-28T08:00:00+00:00,3315.52,3323.06,3273.11,3284.74,9799.007947810001
1714305600,2024-04-28T12:00:00+00:00,3284.46,3326.73,3282.41,3319.26,11114.27968979
1714320000,2024-04-28T16:00:00+00:00,3319.26,3356.31,3307.05,3315.73,12699.28427041
1714334400,2024-04-28T20:00:00+00:00,3315.84,3320.1,3251.25,3262.6,9874.71267422
1714348800,2024-04-29T00:00:00+00:00,3262.99,3287.15,3168.28,3177.06,17108.81324803
1714363200,2024-04-29T04:00:00+00:00,3177.55,3207.46,3150.13,3187.66,13095.5134796
1714377600,2024-04-29T08:00:00+00:00,3187.69,3194.76,3147.32,3158.93,10763.36236474
1714392000,2024-04-29T12:00:00+00:00,3158.64,3185.97,3114.56,3182,20060.79737181
1714406400,2024-04-29T16:00:00+00:00,3181.98,3189.26,3154.78,3184.22,14220.3840572
1714420800,2024-04-29T20:00:00+00:00,3184.26,3233.75,3162.54,3215.53,10455.34493671
1714435200,2024-04-30T00:00:00+00:00,3215.89,3249.66,3148.11,3179.35,17358.49405572
1714449600,2024-04-30T04:00:00+00:00,3179.4,3184.42,3151.92,3156.6,7110.17905173
1714464000,2024-04-30T08:00:00+00:00,3156.6,3161.15,3003.24,3006.2,24737.462231079997
1714478400,2024-04-30T12:00:00+00:00,3006.08,3035.39,2965.48,2991.58,23897.9645595
1714492800,2024-04-30T16:00:00+00:00,2991.6,2995.85,2916.34,2923.79,30836.11610311
1714507200,2024-04-30T20:00:00+00:00,2923.98,3027.05,2923.17,3011.4,18436.26290789
1714521600,2024-05-01T00:00:00+00:00,3011.24,3020.26,2956.44,3000.23,15804.428393709999
1714536000,2024-05-01T04:00:00+00:00,3000.6,3010.14,2856.24,2866.48,21939.57421603
1714550400,2024-05-01T08:00:00+00:00,2866.39,2902.78,2814.12,2902.38,22817.0207067
1714564800,2024-05-01T12:00:00+00:00,2902.26,2929.99,2862.32,2883.03,30409.01349575
1714579200,2024-05-01T16:00:00+00:00,2882.8,3012.9,2865.42,2922.53,41845.01158091
1714593600,2024-05-01T20:00:00+00:00,2922.92,2980.76,2910.5,2968.12,15960.690878110001
1714608000,2024-05-02T00:00:00+00:00,2968.18,2978.02,2890.28,2925.72,12289.145698360002
1714622400,2024-05-02T04:00:00+00:00,2926.11,2935.42,2895.35,2919.53,8471.121250479999
1714636800,2024-05-02T08:00:00+00:00,2919.52,3001.2,2914.96,2994.46,15397.82794957
1714651200,2024-05-02T12:00:00+00:00,2994.44,3012.12,2952.38,2990.43,17131.52613039
1714665600,2024-05-02T16:00:00+00:00,2990.78,3006.44,2972.4,3000.21,11368.167479289998
1714680000,2024-05-02T20:00:00+00:00,2999.83,3016.07,2969.41,2986.32,9595.6578515
1714694400,2024-05-03T00:00:00+00:00,2986.12,3036.35,2977.99,3010.63,15810.10707387
1714708800,2024-05-03T04:00:00+00:00,3010.17,3017.27,2958.55,2968.9,7066.259501100001
1714723200,2024-05-03T08:00:00+00:00,2969.01,3033.06,2959,2979.4,11165.22651679
1714737600,2024-05-03T12:00:00+00:00,2979.35,3086.62,2969.6,3076.42,26120.89283467
1714752000,2024-05-03T16:00:00+00:00,3077.04,3089.25,3063.2,3073.56,10873.54735357
1714766400,2024-05-03T20:00:00+00:00,3073.56,3128.04,3069.67,3103.27,11292.595791589998
1714780800,2024-05-04T00:00:00+00:00,3104.11,3131.2,3093.87,3112.89,6461.34043169
1714795200,2024-05-04T04:00:00+00:00,3112.74,3124.19,3096.16,3097.2,3979.1330107500003
1714809600,2024-05-04T08:00:00+00:00,3096.7,3167.85,3096.7,3131.17,7912.95149877
1714824000,2024-05-04T12:00:00+00:00,3131.3,3160,3116.41,3127.49,7172.16894966
1714838400,2024-05-04T16:00:00+00:00,3127.75,3139.97,3114.9,3137.59,6805.41347542
1714852800,2024-05-04T20:00:00+00:00,3137.48,3147.43,3105.26,3117.41,5114.20319461
1714867200,2024-05-05T00:00:00+00:00,3117.52,3126.89,3073.7,3087.17,8100.875756050001
1714881600,2024-05-05T04:00:00+00:00,3087.47,3116.26,3081.23,3106.34,5529.813078540001
1714896000,2024-05-05T08:00:00+00:00,3106.23,3171.64,3104.23,3138.65,6434.04690457
1714910400,2024-05-05T12:00:00+00:00,3138.65,3168.01,3127.63,3160.84,6672.335322389999
1714924800,2024-05-05T16:00:00+00:00,3160.97,3166.62,3131.37,3142.63,6516.136172920001
1714939200,2024-05-05T20:00:00+00:00,3142.63,3146.8,3123.5,3136.95,5273.22054388
1714953600,2024-05-06T00:00:00+00:00,3136.77,3165.86,3124.31,3134.73,8264.88533555
1714968000,2024-05-06T04:00:00+00:00,3134.73,3192.43,3128.03,3180.98,9920.74177964
1714982400,2024-05-06T08:00:00+00:00,3180.84,3221.41,3130.93,3149.64,13302.42219521
1714996800,2024-05-06T12:00:00+00:00,3149.81,3155.22,3056.99,3089.59,25882.23635831
1715011200,2024-05-06T16:00:00+00:00,3089.73,3096.37,3045.59,3068.85,15543.078300879999
1715025600,2024-05-06T20:00:00+00:00,3068.85,3088.62,3060.88,3062.69,6683.29552698
1715040000,2024-05-07T00:00:00+00:00,3062.69,3096.75,3022,3049.32,9623.01420772
1715054400,2024-05-07T04:00:00+00:00,3049.32,3082.6,3044.34,3077.76,6740.240970109999
1715068800,2024-05-07T08:00:00+00:00,3077.52,3129.9,3059.84,3064.12,12578.715691899999
1715083200,2024-05-07T12:00:00+00:00,3063.84,3105.37,3045.45,3071.43,14259.605392180001
1715097600,2024-05-07T16:00:00+00:00,3071.11,3079.5,3026.82,3049.85,8329.39282134
1715112000,2024-05-07T20:00:00+00:00,3049.71,3061.25,3000,3005.78,10577.835383770001
1715126400,2024-05-08T00:00:00+00:00,3006.09,3038.17,2994.09,3032.11,6399.42048766
1715140800,2024-05-08T04:00:00+00:00,3032.12,3036.39,2989.26,2995.23,5532.00654394
1715155200,2024-05-08T08:00:00+00:00,2995.24,3011.52,2977.67,2990.01,6601.728724299999
1715169600,2024-05-08T12:00:00+00:00,2990.1,3031.28,2984.55,3006.05,9307.22130636
1715184000,2024-05-08T16:00:00+00:00,3006.24,3023,2986.03,2999.12,9775.50712758
1715198400,2024-05-08T20:00:00+00:00,2998.77,3003.35,2937.09,2972.82,14937.67091897
1715212800,2024-05-09T00:00:00+00:00,2972.81,3003.19,2970.85,2996.4,5957.483703579999
1715227200,2024-05-09T04:00:00+00:00,2996.23,3012.82,2974.56,2982.15,4947.06923999
1715241600,2024-05-09T08:00:00+00:00,2982.32,2990.71,2949.52,2976.15,6831.09812353
1715256000,2024-05-09T12:00:00+00:00,2975.9,3017.38,2954.27,3004.57,17937.746360999998
1715270400,2024-05-09T16:00:00+00:00,3004.56,3024.81,2988.73,3021.21,12379.25029368
1715284800,2024-05-09T20:00:00+00:00,3021.02,3058.43,3014.82,3035.92,8557.654257959999
1715299200,2024-05-10T00:00:00+00:00,3035.92,3042.91,3017.61,3028.74,6608.66936502
1715313600,2024-05-10T04:00:00+00:00,3028.84,3053.53,3021.01,3041.79,6263.34063302
1715328000,2024-05-10T08:00:00+00:00,3041.87,3045.27,3021.9,3037.5,3894.9555734100004
1715342400,2024-05-10T12:00:00+00:00,3037.55,3043.85,2906.86,2918.04,33708.37950202
1715356800,2024-05-10T16:00:00+00:00,2917.53,2934.36,2878.38,2900.03,21249.83522943
1715371200,2024-05-10T20:00:00+00:00,2900.31,2915.47,2886.07,2909.43,7290.96707098
1715385600,2024-05-11T00:00:00+00:00,2909.38,2935.79,2904.52,2910.49,5763.52771992
1715400000,2024-05-11T04:00:00+00:00,2910.38,2927.16,2905.42,2921.25,2473.98071647
1715414400,2024-05-11T08:00:00+00:00,2921.68,2924.55,2885.8,2902.33,4004.45460034
1715428800,2024-05-11T12:00:00+00:00,2902.29,2943.64,2894.94,2924.67,5910.54742178
1715443200,2024-05-11T16:00:00+00:00,2924.76,2939.51,2916.5,2929.37,4392.4434507099995
1715457600,2024-05-11T20:00:00+00:00,2929.37,2929.85,2905.76,2911.75,4296.200777690001
1715472000,2024-05-12T00:00:00+00:00,2911.77,2924.35,2908,2919.76,2529.4841972
1715486400,2024-05-12T04:00:00+00:00,2919.8,2931.53,2900.59,2907.65,3173.5801460499997
1715500800,2024-05-12T08:00:00+00:00,2907.35,2942.39,2901.48,2927.1,4143.54999969
1715515200,2024-05-12T12:00:00+00:00,2926.98,2943.14,2923.51,2936.9,4018.9106928599995
1715529600,2024-05-12T16:00:00+00:00,2936.91,2954.16,2920.14,2928.72,5321.29249919
1715544000,2024-05-12T20:00:00+00:00,2928.55,2934.83,2912.48,2927.75,4664.71600502
1715558400,2024-05-13T00:00:00+00:00,2927.72,2941.69,2864.35,2889.41,13478.07865387
1715572800,2024-05-13T04:00:00+00:00,2889.15,2956.16,2869.56,2952.46,14083.036162699998
1715587200,2024-05-13T08:00:00+00:00,2952.36,2994.74,2946.73,2964.89,13020.996533759999
1715601600,2024-05-13T12:00:00+00:00,2965.07,2984.92,2948.65,2960.64,12934.75597738
1715616000,2024-05-13T16:00:00+00:00,2960.65,2977.31,2927.41,2956.15,23391.47399559
1715630400,2024-05-13T20:00:00+00:00,2956.01,2959.93,2937.6,2950.21,5041.2056631099995
1715644800,2024-05-14T00:00:00+00:00,2950.09,2988,2935.73,2939.33,21461.58457526
1715659200,2024-05-14T04:00:00+00:00,2939.26,2947.98,2880.64,2918.43,11271.292227810001
1715673600,2024-05-14T08:00:00+00:00,2918.4,2918.41,2896.21,2906.03,4256.12020622
1715688000,2024-05-14T12:00:00+00:00,2905.96,2922.5,2868.27,2897.45,22273.99348922
1715702400,2024-05-14T16:00:00+00:00,2897.31,2899.06,2858.76,2891.58,11689.25567371
1715716800,2024-05-14T20:00:00+00:00,2892.06,2901.6,2876.7,2880.4,13891.247650329999
1715731200,2024-05-15T00:00:00+00:00,2880.39,2901.68,2862.36,2901.43,9123.81653531
1715745600,2024-05-15T04:00:00+00:00,2901.28,2920.99,2896.35,2915.41,7107.39523019
1715760000,2024-05-15T08:00:00+00:00,2915.37,2933.2,2886.67,2898.75,8365.47087833
1715774400,2024-05-15T12:00:00+00:00,2898.91,2993.64,2893.04,2976.79,44284.41129552999
1715788800,2024-05-15T16:00:00+00:00,2976.77,3028.03,2970.32,3026.43,17679.45631352
1715803200,2024-05-15T20:00:00+00:00,3026.32,3041.53,3010.39,3033.2,15865.204919979999
1715817600,2024-05-16T00:00:00+00:00,3033.23,3041.71,2997.12,3013.95,23288.81689574
1715832000,2024-05-16T04:00:00+00:00,3013.95,3021.64,3004.47,3016.58,6010.67625023
1715846400,2024-05-16T08:00:00+00:00,3016.49,3027.82,2991.25,3007.41,8752.35719621
1715860800,2024-05-16T12:00:00+00:00,3007.34,3009.59,2931.4,2957.33,20658.24994586
1715875200,2024-05-16T16:00:00+00:00,2957.24,2961.24,2925.25,2944.3,14570.493563400001
1715889600,2024-05-16T20:00:00+00:00,2944.3,2946.69,2923.73,2945.11,6566.59630612
1715904000,2024-05-17T00:00:00+00:00,2944.86,2957.04,2932.68,2950.62,6139.49839747
1715918400,2024-05-17T04:00:00+00:00,2950.65,3033.03,2940.45,3025.27,10333.34213766
1715932800,2024-05-17T08:00:00+00:00,3025.2,3059.31,3018.12,3030.9,14169.14893312
1715947200,2024-05-17T12:00:00+00:00,3030.73,3119.64,3020.51,3113.8,25848.262788340002
1715961600,2024-05-17T16:00:00+00:00,3113.39,3122.08,3068.8,3086.18,17279.20885874
1715976000,2024-05-17T20:00:00+00:00,3086.2,3096.71,3081.25,3093.39,6608.60102682
1715990400,2024-05-18T00:00:00+00:00,3093.2,3126.8,3085.07,3115.07,8160.78746761
1716004800,2024-05-18T04:00:00+00:00,3115,3120.38,3092.04,3103.22,5534.8995843
1716019200,2024-05-18T08:00:00+00:00,3102.98,3148,3101.25,3135.31,7222.83569147
1716033600,2024-05-18T12:00:00+00:00,3135.5,3136.55,3097.25,3111.69,7413.0528789400005
1716048000,2024-05-18T16:00:00+00:00,3111.69,3121.77,3106.21,3120.24,3263.89933134
1716062400,2024-05-18T20:00:00+00:00,3120.32,3127.74,3107.18,3123.99,4292.118454089999
1716076800,2024-05-19T00:00:00+00:00,3123.76,3137.64,3113.4,3129.92,5870.119362240001
1716091200,2024-05-19T04:00:00+00:00,3129.92,3131.1,3103.96,3116.47,3323.62917978
1716105600,2024-05-19T08:00:00+00:00,3116.47,3124.97,3082.8,3103.3,5921.94273044
1716120000,2024-05-19T12:00:00+00:00,3103.46,3103.72,3063.96,3077.5,7211.7856553599995
1716134400,2024-05-19T16:00:00+00:00,3077.77,3083.58,3058.2,3065.25,7545.00608553
1716148800,2024-05-19T20:00:00+00:00,3065.22,3082.55,3053.74,3070.9,6407.24675147
1716163200,2024-05-20T00:00:00+00:00,3070.83,3100.3,3048.58,3087.05,10114.21283841
1716177600,2024-05-20T04:00:00+00:00,3086.98,3139.84,3065.85,3092.26,12847.800972590001
1716192000,2024-05-20T08:00:00+00:00,3092.05,3114.3,3087,3094.25,8224.39543135
1716206400,2024-05-20T12:00:00+00:00,3094.8,3121.18,3076.87,3119.2,14728.924452849998
1716220800,2024-05-20T16:00:00+00:00,3119.19,3458.79,3111.26,3440.54,99315.07021750999
1716235200,2024-05-20T20:00:00+00:00,3440.38,3695,3420.81,3661.52,135650.80170883998
1716249600,2024-05-21T00:00:00+00:00,3661.51,3720.54,3640.26,3695.15,45958.55346371
1716264000,2024-05-21T04:00:00+00:00,3695.15,3700.1,3625.58,3659.96,21951.412601250002
1716278400,2024-05-21T08:00:00+00:00,3659.92,3821,3646.58,3777.21,37721.90427249
1716292800,2024-05-21T12:00:00+00:00,3777.09,3834.18,3746,3775.68,62885.366706730005
1716307200,2024-05-21T16:00:00+00:00,3775.24,3841.24,3680,3710.98,50939.19921234
1716321600,2024-05-21T20:00:00+00:00,3710.87,3821.22,3707.82,3789.37,33735.044171240006
1716336000,2024-05-22T00:00:00+00:00,3789.41,3813.25,3772.8,3792.54,16661.6184044
1716350400,2024-05-22T04:00:00+00:00,3792.53,3794.65,3721.13,3746.35,14447.63463482
1716364800,2024-05-22T08:00:00+00:00,3746.66,3779.24,3688.52,3690.1,15294.66537309
1716379200,2024-05-22T12:00:00+00:00,3689.7,3773.42,3653.11,3761.3,50383.75158201001
1716393600,2024-05-22T16:00:00+00:00,3761.3,3796.49,3700.31,3737.81,33741.78400754
1716408000,2024-05-22T20:00:00+00:00,3737.71,3780,3723.81,3735.99,22464.00428199
1716422400,2024-05-23T00:00:00+00:00,3736.02,3786.86,3734.65,3779.28,15430.53124074
1716436800,2024-05-23T04:00:00+00:00,3779.45,3832.66,3757.45,3812.09,14880.500024050001
1716451200,2024-05-23T08:00:00+00:00,3811.78,3923.58,3789.76,3916.87,27280.407992940003
1716465600,2024-05-23T12:00:00+00:00,3916.81,3947,3729.59,3810.51,74665.61295504
1716480000,2024-05-23T16:00:00+00:00,3810.51,3825,3700.67,3787.72,44891.015091199995
1716494400,2024-05-23T20:00:00+00:00,3788.26,3901.86,3521.24,3780.83,132813.18583946
1716508800,2024-05-24T00:00:00+00:00,3780.42,3827.99,3741.45,3801.87,17822.76220673
1716523200,2024-05-24T04:00:00+00:00,3802.01,3814.42,3650.39,3678,23817.93123259
1716537600,2024-05-24T08:00:00+00:00,3678.06,3716.64,3627.53,3711.05,13918.836376649999
1716552000,2024-05-24T12:00:00+00:00,3710.71,3730.01,3668.31,3691.99,21808.45858592
1716566400,2024-05-24T16:00:00+00:00,3692.06,3755.72,3653.87,3744.23,26745.1113367
1716580800,2024-05-24T20:00:00+00:00,3744.23,3755.43,3722.44,3726.89,8071.7380625099995
1716595200,2024-05-25T00:00:00+00:00,3726.87,3746.46,3707.41,3743.52,5366.151550029999
1716609600,2024-05-25T04:00:00+00:00,3743.6,3777.78,3742.64,3744.97,5122.657753699999
1716624000,2024-05-25T08:00:00+00:00,3745.01,3776.2,3735.96,3739.12,4918.040433579999
1716638400,2024-05-25T12:00:00+00:00,3738.9,3758.12,3721.2,3743.89,6859.55224854
1716652800,2024-05-25T16:00:00+00:00,3743.88,3765.38,3736.11,3756.9,6092.0327694200005
1716667200,2024-05-25T20:00:00+00:00,3756.98,3760.05,3730.12,3749.06,4943.54402638
1716681600,2024-05-26T00:00:00+00:00,3749.23,3771.74,3731.03,3770.81,5848.93734696
1716696000,2024-05-26T04:00:00+00:00,3770.7,3793.51,3740.18,3784.49,5179.89836866
1716710400,2024-05-26T08:00:00+00:00,3784.34,3821.21,3775.7,3811.6,9427.78634442
1716724800,2024-05-26T12:00:00+00:00,3811.55,3874,3791.04,3831.51,16929.277424519998
1716739200,2024-05-26T16:00:00+00:00,3831.49,3882.82,3830,3876.63,12150.608092639999
1716753600,2024-05-26T20:00:00+00:00,3876.6,3877.37,3816.16,3823.83,8347.15054434
1716768000,2024-05-27T00:00:00+00:00,3823.55,3938,3821.01,3917.66,16207.27884376
1716782400,2024-05-27T04:00:00+00:00,3917.86,3933.68,3887.67,3911.74,8525.63051205
1716796800,2024-05-27T08:00:00+00:00,3911.6,3950,3881.88,3898.09,7569.01497741
1716811200,2024-05-27T12:00:00+00:00,3898.09,3973.9,3889.09,3959.96,15181.124545580002
1716825600,2024-05-27T16:00:00+00:00,3959.85,3971.23,3850.7,3869.73,14454.36703292
1716840000,2024-05-27T20:00:00+00:00,3869.75,3901.78,3856.78,3890.72,9214.03028334
1716854400,2024-05-28T00:00:00+00:00,3890.72,3906.99,3824.54,3846.95,14517.071560620001
1716868800,2024-05-28T04:00:00+00:00,3846.87,3861.33,3816.49,3844.38,7653.039259359999
1716883200,2024-05-28T08:00:00+00:00,3844.63,3926.6,3835.9,3900.24,17142.34512065
1716897600,2024-05-28T12:00:00+00:00,3900.24,3908.01,3827.37,3856.15,27450.23816469
1716912000,2024-05-28T16:00:00+00:00,3856.6,3864.43,3769.47,3837.01,21397.26324943
1716926400,2024-05-28T20:00:00+00:00,3837.16,3868.56,3818.55,3839.98,12453.08985426
1716940800,2024-05-29T00:00:00+00:00,3840.18,3859.32,3831.1,3847.11,12685.15567081
1716955200,2024-05-29T04:00:00+00:00,3847.1,3884.24,3816.65,3817.6,12633.53324189
1716969600,2024-05-29T08:00:00+00:00,3817.58,3824.92,3778.5,3805.01,12484.05764969
1716984000,2024-05-29T12:00:00+00:00,3805,3836.3,3748.29,3756.88,32745.447255219995
1716998400,2024-05-29T16:00:00+00:00,3756.59,3775.75,3741.32,3745.28,20768.93741446
1717012800,2024-05-29T20:00:00+00:00,3745.99,3788.73,3740.75,3762.11,17529.198175370002
1717027200,2024-05-30T00:00:00+00:00,3762.07,3793.52,3745.34,3787.12,13113.72923708
1717041600,2024-05-30T04:00:00+00:00,3787.2,3797.83,3713.04,3717.96,11256.68625848
1717056000,2024-05-30T08:00:00+00:00,3717.76,3754.86,3700.4,3734.03,11387.73075438
1717070400,2024-05-30T12:00:00+00:00,3734.19,3796.88,3730.52,3775.39,19592.12473163
1717084800,2024-05-30T16:00:00+00:00,3775.4,3824.07,3751.63,3761.52,25591.551070510002
1717099200,2024-05-30T20:00:00+00:00,3761.49,3761.49,3719.28,3746.74,15801.04000582
1717113600,2024-05-31T00:00:00+00:00,3746.64,3768.74,3740,3759,6697.00796282
1717128000,2024-05-31T04:00:00+00:00,3759.75,3765.82,3724,3728.77,6234.59584446
1717142400,2024-05-31T08:00:00+00:00,3728.62,3811.07,3726,3800.41,10819.1143636
1717156800,2024-05-31T12:00:00+00:00,3800.5,3846,3740.01,3741.46,28928.131329919997
1717171200,2024-05-31T16:00:00+00:00,3741.46,3789,3720.52,3780.09,23675.175430350002
1717185600,2024-05-31T20:00:00+00:00,3780.05,3796.21,3738.13,3758.44,7389.8816711
1717200000,2024-06-01T00:00:00+00:00,3758.44,3779,3748.31,3775.67,5435.579144050001
1717214400,2024-06-01T04:00:00+00:00,3775.71,3790.87,3766.71,3769.72,3801.34990417
1717228800,2024-06-01T08:00:00+00:00,3769.76,3805.39,3769.47,3784.97,3676.0161863799995
1717243200,2024-06-01T12:00:00+00:00,3785.16,3810,3783.53,3795.84,6709.64998344
1717257600,2024-06-01T16:00:00+00:00,3795.83,3806.36,3787.52,3800.5,5732.664938489999
1717272000,2024-06-01T20:00:00+00:00,3800.5,3829.99,3795.48,3812.48,8384.6373477
1717286400,2024-06-02T00:00:00+00:00,3812.49,3835,3794.44,3803.5,9055.28024596
1717300800,2024-06-02T04:00:00+00:00,3803.67,3820.61,3789.49,3790.85,6455.05636219
1717315200,2024-06-02T08:00:00+00:00,3790.77,3806.94,3768.35,3801.57,8045.22355273
1717329600,2024-06-02T12:00:00+00:00,3802.12,3807.66,3774.28,3795.98,7646.317752659999
1717344000,2024-06-02T16:00:00+00:00,3796.44,3800.67,3750.59,3779.38,6876.720780940001
1717358400,2024-06-02T20:00:00+00:00,3779.3,3794.8,3764.5,3778.88,6646.61056818
1717372800,2024-06-03T00:00:00+00:00,3778.88,3819,3758.07,3797.8,8079.97625537
1717387200,2024-06-03T04:00:00+00:00,3797.82,3839.89,3793.34,3815.71,6920.37757039
1717401600,2024-06-03T08:00:00+00:00,3816.37,3837.65,3802.79,3807.59,6842.64295736
1717416000,2024-06-03T12:00:00+00:00,3808,3850.06,3758.95,3795.97,23009.927641149996
1717430400,2024-06-03T16:00:00+00:00,3795.97,3798.16,3757.32,3771.92,12726.748914360001
1717444800,2024-06-03T20:00:00+00:00,3772.3,3783.53,3758.86,3766.09,8839.91909968
1717459200,2024-06-04T00:00:00+00:00,3766.12,3783.85,3730.56,3772.59,9946.020834809999
1717473600,2024-06-04T04:00:00+00:00,3772.58,3777.83,3751.27,3773.49,4465.46338447
1717488000,2024-06-04T08:00:00+00:00,3773.92,3782.13,3740.26,3763.48,5532.425352859999
1717502400,2024-06-04T12:00:00+00:00,3763.52,3817.6,3751.51,3810.26,12756.38546819
1717516800,2024-06-04T16:00:00+00:00,3810.19,3832.56,3776.65,3800.34,18021.46404964
1717531200,2024-06-04T20:00:00+00:00,3800.57,3823.3,3793.07,3810.29,7049.2773671800005
1717545600,2024-06-05T00:00:00+00:00,3810.24,3840.15,3800,3810.14,11356.38265882
1717560000,2024-06-05T04:00:00+00:00,3810.15,3820.64,3777.25,3809.08,11519.72438407
1717574400,2024-06-05T08:00:00+00:00,3808.84,3811.34,3788.32,3803.66,4392.84329939
1717588800,2024-06-05T12:00:00+00:00,3803.51,3824.54,3780.79,3813.74,12557.92296094
1717603200,2024-06-05T16:00:00+00:00,3813.67,3878.77,3796.43,3877.17,18626.35815594
1717617600,2024-06-05T20:00:00+00:00,3877.1,3888.9,3842.55,3866.57,9490.56136045
1717632000,2024-06-06T00:00:00+00:00,3866.42,3879.15,3853.51,3862.19,7076.989588889999
1717646400,2024-06-06T04:00:00+00:00,3862.19,3866.49,3840.21,3851.8,6937.09583845
1717660800,2024-06-06T08:00:00+00:00,3851.74,3856.66,3842.35,3849.2,4424.30525272
1717675200,2024-06-06T12:00:00+00:00,3849.2,3867,3820,3843.89,10799.74276721
1717689600,2024-06-06T16:00:00+00:00,3843.88,3854.48,3786.02,3789.99,12792.671432480001
1717704000,2024-06-06T20:00:00+00:00,3789.81,3814.47,3758.19,3812.09,11725.806892949999
1717718400,2024-06-07T00:00:00+00:00,3812.04,3812.55,3791.28,3805.87,6455.619955509999
1717732800,2024-06-07T04:00:00+00:00,3805.83,3825.16,3805.19,3814.62,4438.747835640001
1717747200,2024-06-07T08:00:00+00:00,3814.62,3838,3798.56,3833.55,5760.254564159999
1717761600,2024-06-07T12:00:00+00:00,3833.52,3839.71,3768.99,3797.72,29536.309154059996
1717776000,2024-06-07T16:00:00+00:00,3797.77,3805.1,3575.23,3685.67,48213.258741369995
1717790400,2024-06-07T20:00:00+00:00,3685.61,3697.23,3668.87,3676.35,15965.924644069999
1717804800,2024-06-08T00:00:00+00:00,3676.31,3690.9,3671.66,3688.12,5212.07917156
1717819200,2024-06-08T04:00:00+00:00,3688.14,3707.99,3675.32,3707.2,3498.2811509900002
1717833600,2024-06-08T08:00:00+00:00,3707.1,3707.75,3677,3681.71,3766.5195292
1717848000,2024-06-08T12:00:00+00:00,3681.71,3697.12,3658,3686.84,7884.84983979
1717862400,2024-06-08T16:00:00+00:00,3686.71,3694.31,3671.62,3682,4236.37920224
1717876800,2024-06-08T20:00:00+00:00,3681.99,3684.33,3670.01,3680.84,4153.2186506299995
1717891200,2024-06-09T00:00:00+00:00,3680.89,3684.74,3666.2,3673.84,3733.25838671
1717905600,2024-06-09T04:00:00+00:00,3673.84,3690.98,3668.85,3685.56,2895.5790214500003
1717920000,2024-06-09T08:00:00+00:00,3685.5,3693.8,3682.25,3693.35,1255.46225802
1717934400,2024-06-09T12:00:00+00:00,3693.16,3711.89,3680.81,3690.27,3946.16368729
1717948800,2024-06-09T16:00:00+00:00,3690.41,3709.39,3689.02,3701.1,3602.5304657799998
1717963200,2024-06-09T20:00:00+00:00,3701.1,3721.16,3694,3706.27,4223.416237830001
1717977600,2024-06-10T00:00:00+00:00,3706.4,3706.95,3678.88,3683.62,4042.6820700400003
1717992000,2024-06-10T04:00:00+00:00,3683.61,3691.55,3643.02,3647.12,4128.48662541
1718006400,2024-06-10T08:00:00+00:00,3647,3679.97,3646.02,3674.05,5140.266411830001
1718020800,2024-06-10T12:00:00+00:00,3674.04,3712.6,3661.98,3701.43,10653.5751772
1718035200,2024-06-10T16:00:00+00:00,3701.43,3704.38,3661.96,3667.67,10301.66440745
1718049600,2024-06-10T20:00:00+00:00,3667.61,3676.16,3650,3665.86,9458.18700635
1718064000,2024-06-11T00:00:00+00:00,3665.86,3671.47,3567.78,3594.25,26001.626600559997
1718078400,2024-06-11T04:00:00+00:00,3593.95,3593.95,3500,3532.1,26877.67678229
1718092800,2024-06-11T08:00:00+00:00,3532.1,3546.99,3501.4,3525.9,15930.471514429999
1718107200,2024-06-11T12:00:00+00:00,3525.9,3543.74,3430,3446.77,31361.17789475
1718121600,2024-06-11T16:00:00+00:00,3446.1,3501.89,3381,3496.66,26976.00935907
1718136000,2024-06-11T20:00:00+00:00,3496.72,3509.99,3482.93,3497.31,10428.20148407
1718150400,2024-06-12T00:00:00+00:00,3497.27,3512.99,3461.52,3509.07,11338.57971667
1718164800,2024-06-12T04:00:00+00:00,3509.07,3531.59,3506.15,3525.92,5950.070851210001
1718179200,2024-06-12T08:00:00+00:00,3525.9,3562.79,3516.14,3531.63,6104.59127098
1718193600,2024-06-12T12:00:00+00:00,3531.16,3657.05,3530.83,3618.58,31786.13222832
1718208000,2024-06-12T16:00:00+00:00,3619.11,3625.29,3514,3529.55,30795.73361546
1718222400,2024-06-12T20:00:00+00:00,3530,3573.35,3521.89,3559.14,12508.735186200001
1718236800,2024-06-13T00:00:00+00:00,3559.14,3560.6,3475.59,3501.43,21145.2913721
1718251200,2024-06-13T04:00:00+00:00,3501.43,3516.37,3483,3507.29,12182.42906946
1718265600,2024-06-13T08:00:00+00:00,3507.28,3511.68,3472.1,3496.49,7712.54435492
1718280000,2024-06-13T12:00:00+00:00,3496.85,3532.93,3431.81,3440.75,35810.71591988
1718294400,2024-06-13T16:00:00+00:00,3440.31,3490.46,3425.87,3479.98,24170.568905649998
1718308800,2024-06-13T20:00:00+00:00,3480.07,3490.24,3459.95,3467.65,7824.625987949999
1718323200,2024-06-14T00:00:00+00:00,3467.9,3507.92,3456.2,3489.23,11741.98988495
1718337600,2024-06-14T04:00:00+00:00,3489.15,3529.83,3488.73,3513.53,11050.48053472
1718352000,2024-06-14T08:00:00+00:00,3513.75,3527.97,3502.28,3513.24,4553.78816898
1718366400,2024-06-14T12:00:00+00:00,3513.59,3523.35,3459.48,3460.59,12214.586471530001
1718380800,2024-06-14T16:00:00+00:00,3460.64,3465.72,3360.62,3404.42,39012.62294321
1718395200,2024-06-14T20:00:00+00:00,3404.07,3526.68,3402.13,3479.53,24043.65325619
1718409600,2024-06-15T00:00:00+00:00,3479.53,3502.23,3470.96,3501.8,8612.61325522
1718424000,2024-06-15T04:00:00+00:00,3502.18,3555.1,3494.75,3526.91,12990.16254533
1718438400,2024-06-15T08:00:00+00:00,3526.91,3540,3516.72,3536.34,4841.77158809
1718452800,2024-06-15T12:00:00+00:00,3536.35,3591.87,3535.18,3563.86,13921.327637909999
1718467200,2024-06-15T16:00:00+00:00,3563.94,3573.43,3549.32,3556.56,10229.7406042
1718481600,2024-06-15T20:00:00+00:00,3556.65,3574.11,3534.37,3566.69,6104.8911083
1718496000,2024-06-16T00:00:00+00:00,3566.82,3571.6,3545.89,3552.51,3828.6318043300003
1718510400,2024-06-16T04:00:00+00:00,3552.5,3572.01,3538.74,3558.78,2359.8528877199997
1718524800,2024-06-16T08:00:00+00:00,3559.12,3567.99,3544.63,3552.76,2913.1617650300004
1718539200,2024-06-16T12:00:00+00:00,3552.75,3609.07,3550.31,3589.52,10231.396267150001
1718553600,2024-06-16T16:00:00+00:00,3589.52,3606.55,3584.81,3595.91,6910.9472147
1718568000,2024-06-16T20:00:00+00:00,3595.7,3651.51,3586.22,3622.1,17903.60677371
1718582400,2024-06-17T00:00:00+00:00,3622.53,3640,3573.77,3579.83,16984.550687029998
1718596800,2024-06-17T04:00:00+00:00,3579.89,3593.3,3536.6,3550.66,10300.97166397
1718611200,2024-06-17T08:00:00+00:00,3550.66,3558.7,3488.88,3524.43,13021.23213516
1718625600,2024-06-17T12:00:00+00:00,3524.42,3543.65,3482.59,3494.98,21173.26693962
1718640000,2024-06-17T16:00:00+00:00,3495.2,3575.64,3463.38,3551.26,36749.24554901999
1718654400,2024-06-17T20:00:00+00:00,3551.23,3553.79,3499.23,3509.55,13552.619252319999
1718668800,2024-06-18T00:00:00+00:00,3509.81,3515.87,3351,3440.92,39122.370128459996
1718683200,2024-06-18T04:00:00+00:00,3440.92,3461.98,3428.27,3443.41,9287.26989282
1718697600,2024-06-18T08:00:00+00:00,3443.41,3451.52,3391.21,3413.46,11956.52505235
1718712000,2024-06-18T12:00:00+00:00,3413.46,3438.89,3369.06,3422.44,28915.66464766
1718726400,2024-06-18T16:00:00+00:00,3422.43,3434.42,3385.21,3420.68,21033.948892369997
1718740800,2024-06-18T20:00:00+00:00,3420.66,3487.41,3410.69,3482.06,18728.929641720002
1718755200,2024-06-19T00:00:00+00:00,3482.07,3573.2,3464.44,3565.43,32774.76059342
1718769600,2024-06-19T04:00:00+00:00,3565.44,3585.27,3531.66,3543.01,16475.131643200002
1718784000,2024-06-19T08:00:00+00:00,3543.08,3562.49,3516.9,3535.45,16163.396422490001
1718798400,2024-06-19T12:00:00+00:00,3535.52,3549.25,3510.78,3527.45,11113.1326384
1718812800,2024-06-19T16:00:00+00:00,3527.45,3585.77,3521.77,3544.67,16598.48331213
1718827200,2024-06-19T20:00:00+00:00,3544.82,3575.31,3530.71,3559.14,10568.99135438
1718841600,2024-06-20T00:00:00+00:00,3559.24,3592.42,3532.15,3552.3,11636.56148511
1718856000,2024-06-20T04:00:00+00:00,3552.23,3614.5,3543.29,3606.29,19050.85198952
1718870400,2024-06-20T08:00:00+00:00,3606.29,3624.28,3570.63,3597.73,12934.562204150001
1718884800,2024-06-20T12:00:00+00:00,3597.73,3610.48,3488.97,3503.94,35522.60252299
1718899200,2024-06-20T16:00:00+00:00,3504.04,3539.04,3483.5,3534.35,22845.61620584
1718913600,2024-06-20T20:00:00+00:00,3533.82,3536.28,3508.6,3510.73,6393.47127785
1718928000,2024-06-21T00:00:00+00:00,3510.73,3533.1,3490.09,3499.36,11300.243753409999
1718942400,2024-06-21T04:00:00+00:00,3499.57,3519.48,3465.65,3473.12,8808.8039219
1718956800,2024-06-21T08:00:00+00:00,3473.43,3528.5,3444.7,3500.72,23445.08272011
1718971200,2024-06-21T12:00:00+00:00,3500.57,3517.75,3452.33,3490.25,23042.506737969998
1718985600,2024-06-21T16:00:00+00:00,3490.44,3536.51,3468,3535.06,24545.38109726
1719000000,2024-06-21T20:00:00+00:00,3534.67,3545.99,3498.36,3517.19,12179.354535010001
1719014400,2024-06-22T00:00:00+00:00,3517.18,3520.03,3492.71,3505.29,5057.35961337
1719028800,2024-06-22T04:00:00+00:00,3505.39,3507.79,3487.4,3492.25,5279.8003782
1719043200,2024-06-22T08:00:00+00:00,3492.25,3496.96,3473.78,3491.51,4293.34837018
1719057600,2024-06-22T12:00:00+00:00,3491.5,3509.56,3479.11,3503.63,5808.8592389000005
1719072000,2024-06-22T16:00:00+00:00,3503.99,3507,3484.33,3489.87,5127.1624107299995
1719086400,2024-06-22T20:00:00+00:00,3489.76,3506.52,3484.07,3494.09,4510.69257009
1719100800,2024-06-23T00:00:00+00:00,3494.09,3517.46,3493.05,3517.27,3990.16314407
1719115200,2024-06-23T04:00:00+00:00,3517.26,3519.79,3504.5,3510.29,3210.41644663
1719129600,2024-06-23T08:00:00+00:00,3510.19,3511.25,3486.19,3496.41,3072.2769301499998
1719144000,2024-06-23T12:00:00+00:00,3496.41,3502.28,3468.87,3472.27,8903.89242992
1719158400,2024-06-23T16:00:00+00:00,3472.03,3480.13,3459.31,3477.81,4361.131325539999
1719172800,2024-06-23T20:00:00+00:00,3477.94,3478.16,3405.07,3418.42,20405.107823360002
1719187200,2024-06-24T00:00:00+00:00,3418.42,3432.5,3385.5,3400.36,16134.05928698
1719201600,2024-06-24T04:00:00+00:00,3400.53,3411.43,3351.34,3367.58,14606.88299937
1719216000,2024-06-24T08:00:00+00:00,3367.58,3392.4,3233.75,3319.25,35049.488211870004
1719230400,2024-06-24T12:00:00+00:00,3318.84,3335.59,3260.5,3278.59,25729.91632141
1719244800,2024-06-24T16:00:00+00:00,3278.59,3312.96,3240.1,3291.55,42068.25239681
1719259200,2024-06-24T20:00:00+00:00,3291.57,3361.06,3256.32,3350.59,37937.539733150006
1719273600,2024-06-25T00:00:00+00:00,3350.6,3384.65,3334.79,3370.36,15293.29798074
1719288000,2024-06-25T04:00:00+00:00,3370.34,3393.68,3355.16,3359.14,9796.37970736
1719302400,2024-06-25T08:00:00+00:00,3359.15,3392.35,3343.69,3373.58,14676.39222391
1719316800,2024-06-25T12:00:00+00:00,3373.48,3424.96,3355.86,3417.86,27461.286750979998
1719331200,2024-06-25T16:00:00+00:00,3417.84,3430.6,3380.26,3415.56,28703.177130080003
1719345600,2024-06-25T20:00:00+00:00,3415.56,3418.76,3387.88,3393.6,9817.29032422
1719360000,2024-06-26T00:00:00+00:00,3393.59,3425.44,3384.24,3394.35,7523.3552358
1719374400,2024-06-26T04:00:00+00:00,3394.36,3404.96,3375.75,3400.75,5107.9192829700005
1719388800,2024-06-26T08:00:00+00:00,3400.74,3402.07,3365.48,3380.34,6659.726555089999
1719403200,2024-06-26T12:00:00+00:00,3380.34,3395.17,3345.02,3360.76,14492.589676470001
1719417600,2024-06-26T16:00:00+00:00,3360.77,3407.89,3323,3405.64,36064.69550131
1719432000,2024-06-26T20:00:00+00:00,3405.7,3415.19,3365.15,3369.31,13043.22229612
1719446400,2024-06-27T00:00:00+00:00,3369.76,3391.21,3359.23,3381.44,8017.1875529
1719460800,2024-06-27T04:00:00+00:00,3381.44,3386.19,3362.75,3371.63,6055.631589909999
1719475200,2024-06-27T08:00:00+00:00,3371.63,3409.01,3365.3,3399.64,10166.55113745
1719489600,2024-06-27T12:00:00+00:00,3399.64,3474.12,3399.3,3448.57,26652.89585476
1719504000,2024-06-27T16:00:00+00:00,3448.81,3463.93,3435.27,3445.28,18138.581647760002
1719518400,2024-06-27T20:00:00+00:00,3445.07,3450.94,3436.27,3445.58,7953.64601941
1719532800,2024-06-28T00:00:00+00:00,3445.57,3484.72,3431.38,3457.02,19522.406992549997
1719547200,2024-06-28T04:00:00+00:00,3457.01,3457.83,3422.86,3427.53,7409.492611990001
1719561600,2024-06-28T08:00:00+00:00,3427.51,3456.93,3416.68,3448.08,7606.1336838199995
1719576000,2024-06-28T12:00:00+00:00,3448.25,3470.18,3396.9,3407.22,34336.96325213
1719590400,2024-06-28T16:00:00+00:00,3407.33,3411.07,3360.01,3371.6,25674.6502079
1719604800,2024-06-28T20:00:00+00:00,3372.37,3387.76,3362.11,3373.62,7953.00449758
1719619200,2024-06-29T00:00:00+00:00,3373.75,3393.32,3372.84,3380.32,5732.305336150001
1719633600,2024-06-29T04:00:00+00:00,3380.21,3403.09,3375.96,3394.23,3445.7028264499995
1719648000,2024-06-29T08:00:00+00:00,3394.27,3400.99,3381.68,3394.42,3984.6562545300003
1719662400,2024-06-29T12:00:00+00:00,3394.43,3398,3377.62,3389.56,3296.45445388
1719676800,2024-06-29T16:00:00+00:00,3389.57,3391.21,3371.15,3381.39,2998.38781027
1719691200,2024-06-29T20:00:00+00:00,3381.39,3384.23,3366.21,3373.26,4727.8714777000005
1719705600,2024-06-30T00:00:00+00:00,3373.34,3384.34,3347.21,3366,5729.02071755
1719720000,2024-06-30T04:00:00+00:00,3366,3393.98,3353.08,3388.22,5856.386339799999
1719734400,2024-06-30T08:00:00+00:00,3388.32,3393.4,3378.97,3383.02,2810.8549746500003
1719748800,2024-06-30T12:00:00+00:00,3383.05,3398.4,3373.25,3393.86,3670.08874857
1719763200,2024-06-30T16:00:00+00:00,3393.87,3428.2,3385.65,3423,6813.28865918
1719777600,2024-06-30T20:00:00+00:00,3422.74,3453.93,3403.6,3432.37,8740.16070912
1719792000,2024-07-01T00:00:00+00:00,3432.37,3518.85,3426.48,3494.18,14697.99224097
1719806400,2024-07-01T04:00:00+00:00,3494.17,3495.62,3480.6,3486.82,5462.4341916
1719820800,2024-07-01T08:00:00+00:00,3486.77,3491.37,3453.29,3455.51,5555.57684058
1719835200,2024-07-01T12:00:00+00:00,3455.49,3476.92,3448.68,3469.43,12999.292767719999
1719849600,2024-07-01T16:00:00+00:00,3469.41,3494.79,3442.24,3467.26,14980.827403539999
1719864000,2024-07-01T20:00:00+00:00,3467.19,3472.37,3420.5,3438.59,7940.116876069999
1719878400,2024-07-02T00:00:00+00:00,3438.59,3460.29,3430.27,3453.01,3817.3985250899996
1719892800,2024-07-02T04:00:00+00:00,3453.01,3460.56,3400,3434.2,11781.518671470001
1719907200,2024-07-02T08:00:00+00:00,3434.19,3449.96,3427.38,3447.79,3871.8296800099997
1719921600,2024-07-02T12:00:00+00:00,3447.79,3457.66,3396.76,3411.59,13413.22559693
1719936000,2024-07-02T16:00:00+00:00,3411.59,3429.5,3404.3,3409.97,6381.00946836
1719950400,2024-07-02T20:00:00+00:00,3410.25,3423.46,3407.55,3416.17,4229.08599185
1719964800,2024-07-03T00:00:00+00:00,3416.17,3427.04,3326.56,3355.55,14547.714005310001
1719979200,2024-07-03T04:00:00+00:00,3355.37,3368.34,3347.23,3347.23,5551.439304539999
1719993600,2024-07-03T08:00:00+00:00,3347.15,3352.36,3278.02,3302.37,16444.541791149997
1720008000,2024-07-03T12:00:00+00:00,3302.48,3321.93,3270.01,3298.74,18842.02075873
1720022400,2024-07-03T16:00:00+00:00,3298.99,3317.83,3251.05,3262.85,18912.35656395
1720036800,2024-07-03T20:00:00+00:00,3262.77,3303.01,3248,3291.73,13010.16808378
1720051200,2024-07-04T00:00:00+00:00,3291.88,3309.58,3158,3241.13,29277.707855740002
1720065600,2024-07-04T04:00:00+00:00,3241.11,3244.43,3167.73,3179.86,11775.90148621
1720080000,2024-07-04T08:00:00+00:00,3179.6,3194.21,3123.75,3157.28,19423.67164044
1720094400,2024-07-04T12:00:00+00:00,3157.27,3158.32,3086.08,3136.23,33169.06574989
1720108800,2024-07-04T16:00:00+00:00,3136.54,3150.34,3110.89,3132.08,17761.92783755
1720123200,2024-07-04T20:00:00+00:00,3132.22,3168.11,3050,3058.89,17356.15332629
1720137600,2024-07-05T00:00:00+00:00,3059.08,3108.7,2877,2920.04,59660.385605229996
1720152000,2024-07-05T04:00:00+00:00,2919.85,2927.89,2809.41,2881.07,60826.045468649994
1720166400,2024-07-05T08:00:00+00:00,2881.05,2956.54,2821.29,2946.92,38978.52490736
1720180800,2024-07-05T12:00:00+00:00,2946.73,3006.07,2922.62,2990.72,48311.90680497
1720195200,2024-07-05T16:00:00+00:00,2991.2,3001.83,2958.78,2987.9,26890.81196244
1720209600,2024-07-05T20:00:00+00:00,2987.67,2993.75,2963.63,2981.74,11687.31283452
1720224000,2024-07-06T00:00:00+00:00,2981.74,3026.69,2955.67,2980.24,11889.15884384
1720238400,2024-07-06T04:00:00+00:00,2980.25,3016.61,2961.78,3004.56,7777.747445450001
1720252800,2024-07-06T08:00:00+00:00,3004.56,3015.18,2985.78,3006.33,4623.01416791
1720267200,2024-07-06T12:00:00+00:00,3006.25,3030.92,2989.97,3020.15,7813.059667379999
1720281600,2024-07-06T16:00:00+00:00,3020.33,3066.88,3016.65,3058.65,12957.23567732
1720296000,2024-07-06T20:00:00+00:00,3058.65,3082.05,3056.62,3067.39,8093.303225770001
1720310400,2024-07-07T00:00:00+00:00,3067.38,3073.49,3040.14,3050.96,5261.47331646
1720324800,2024-07-07T04:00:00+00:00,3050.99,3051.22,2993.58,3004.52,4840.8724930299995
1720339200,2024-07-07T08:00:00+00:00,3004.39,3032.36,3003.87,3014.78,3004.4841657
1720353600,2024-07-07T12:00:00+00:00,3014.66,3023.61,2953.64,2970.43,9848.44202667
1720368000,2024-07-07T16:00:00+00:00,2970.45,3009.17,2963.31,2985.19,6391.2406814900005
1720382400,2024-07-07T20:00:00+00:00,2985.16,3000.57,2921.13,2930.78,13666.07070229
1720396800,2024-07-08T00:00:00+00:00,2930.78,2951.63,2822.64,2879.54,31677.27986014
1720411200,2024-07-08T04:00:00+00:00,2879.54,2933.3,2875.14,2927.29,11222.906761960001
1720425600,2024-07-08T08:00:00+00:00,2927.13,3095.94,2922.75,3053.19,28320.65888232
1720440000,2024-07-08T12:00:00+00:00,3053.09,3064.1,2891.59,2968.75,39868.52942099
1720454400,2024-07-08T16:00:00+00:00,2968.76,3010.11,2944.55,3004.3,16404.77839339
1720468800,2024-07-08T20:00:00+00:00,3004.4,3047.98,2984.44,3018.48,14721.92649545
1720483200,2024-07-09T00:00:00+00:00,3018.47,3075.71,3003.55,3063.98,12408.37236119
1720497600,2024-07-09T04:00:00+00:00,3064.14,3090.2,3054.51,3061.68,9152.39224256
1720512000,2024-07-09T08:00:00+00:00,3061.78,3113.5,3054.9,3082.96,8570.189481540001
1720526400,2024-07-09T12:00:00+00:00,3082.84,3108.2,3036.36,3067.83,12349.601845449999
1720540800,2024-07-09T16:00:00+00:00,3067.69,3088.81,3046.8,3067.97,8509.46403802
1720555200,2024-07-09T20:00:00+00:00,3068.02,3079.42,3046.4,3066.51,8925.91944895
1720569600,2024-07-10T00:00:00+00:00,3066.35,3083,3023.8,3080.67,8615.59699856
1720584000,2024-07-10T04:00:00+00:00,3080.42,3130.37,3080.42,3098.03,13193.717333019998
1720598400,2024-07-10T08:00:00+00:00,3098.22,3109.25,3078.6,3102.34,7377.479540650001
1720612800,2024-07-10T12:00:00+00:00,3102.67,3129.18,3076.87,3121.9,16093.84171797
1720627200,2024-07-10T16:00:00+00:00,3122.1,3150.72,3090.38,3105.79,13925.530829660001
1720641600,2024-07-10T20:00:00+00:00,3106.4,3111.95,3079.86,3100.3,8401.92237789
1720656000,2024-07-11T00:00:00+00:00,3100.35,3129.92,3055,3076.77,9379.81331569
1720670400,2024-07-11T04:00:00+00:00,3076.77,3124.59,3073.63,3117.93,4296.53505853
1720684800,2024-07-11T08:00:00+00:00,3118.42,3157.23,3113.2,3147.31,10210.15866246
1720699200,2024-07-11T12:00:00+00:00,3147.31,3220.48,3104.94,3118.64,34126.46331875
1720713600,2024-07-11T16:00:00+00:00,3118.85,3148.14,3099.42,3106.91,12583.03148927
1720728000,2024-07-11T20:00:00+00:00,3106.74,3121.43,3085.61,3099.29,7201.902725959999
1720742400,2024-07-12T00:00:00+00:00,3099.35,3118.27,3055.27,3085.64,6584.74013766
1720756800,2024-07-12T04:00:00+00:00,3085.66,3098.84,3058.13,3072.72,4153.33807126
1720771200,2024-07-12T08:00:00+00:00,3072.22,3086.19,3045.8,3070.96,6891.950994329999
1720785600,2024-07-12T12:00:00+00:00,3070.86,3140.76,3058,3132.19,11958.67818905
1720800000,2024-07-12T16:00:00+00:00,3132.2,3158.3,3113.04,3116.29,13323.11843993
1720814400,2024-07-12T20:00:00+00:00,3116.22,3136.16,3090.42,3135.05,6326.68477693
1720828800,2024-07-13T00:00:00+00:00,3134.84,3140.98,3121,3121.94,2557.42507629
1720843200,2024-07-13T04:00:00+00:00,3121.93,3143.43,3114.15,3141.13,3099.50362428
1720857600,2024-07-13T08:00:00+00:00,3141.12,3171.19,3129.73,3157.57,4725.34668718
1720872000,2024-07-13T12:00:00+00:00,3157.8,3165.89,3141.39,3155.94,4859.04225554
1720886400,2024-07-13T16:00:00+00:00,3155.83,3166.32,3147.38,3164.06,3031.5828138300003
1720900800,2024-07-13T20:00:00+00:00,3164.03,3203.05,3145,3176.71,7773.12752462
1720915200,2024-07-14T00:00:00+00:00,3176.61,3195,3164.66,3173.79,5183.4341753
1720929600,2024-07-14T04:00:00+00:00,3173.74,3207.87,3172.16,3196.93,5983.51691083
1720944000,2024-07-14T08:00:00+00:00,3196.83,3226.73,3196.83,3203.79,4798.43825723
1720958400,2024-07-14T12:00:00+00:00,3204.2,3211.4,3174.87,3191.11,6959.8154017199995
1720972800,2024-07-14T16:00:00+00:00,3191.23,3198.75,3183.94,3191.82,3764.79050035
1720987200,2024-07-14T20:00:00+00:00,3191.81,3270.12,3191.1,3246.38,12176.26634025
1721001600,2024-07-15T00:00:00+00:00,3246.38,3344.78,3233.86,3331.34,21791.22870239
1721016000,2024-07-15T04:00:00+00:00,3331.18,3371.1,3322.86,3358.16,12745.783966350002
1721030400,2024-07-15T08:00:00+00:00,3358.15,3375,3329.08,3341.08,9809.6595069
1721044800,2024-07-15T12:00:00+00:00,3341.07,3395,3334.63,3369.16,14869.017878539998
1721059200,2024-07-15T16:00:00+00:00,3369.16,3433.35,3360.07,3409.82,29589.012157189998
1721073600,2024-07-15T20:00:00+00:00,3409.81,3496.03,3407.12,3485.87,21265.04694226
1721088000,2024-07-16T00:00:00+00:00,3485.35,3499.99,3456.25,3471.61,9410.16706656
1721102400,2024-07-16T04:00:00+00:00,3471.5,3480.34,3374.07,3379.28,17593.6988201
1721116800,2024-07-16T08:00:00+00:00,3379.93,3426.84,3348,3421.28,9353.97182257
1721131200,2024-07-16T12:00:00+00:00,3421.32,3486.06,3376.67,3477.31,20578.95449625
1721145600,2024-07-16T16:00:00+00:00,3477.24,3496.3,3442.6,3476.52,20597.7235345
1721160000,2024-07-16T20:00:00+00:00,3476.07,3476.99,3414.82,3446.67,12898.97427459
1721174400,2024-07-17T00:00:00+00:00,3446.67,3518.38,3443.86,3481.83,12796.50836838
1721188800,2024-07-17T04:00:00+00:00,3481.84,3516.58,3473.52,3487.75,8819.93145236
1721203200,2024-07-17T08:00:00+00:00,3487.74,3502.09,3443.3,3450.17,9293.703228620001
1721217600,2024-07-17T12:00:00+00:00,3450.35,3476.45,3433.82,3438.45,11635.65237642
1721232000,2024-07-17T16:00:00+00:00,3438.45,3440.5,3376.92,3417.17,17383.16700357
1721246400,2024-07-17T20:00:00+00:00,3417.71,3428.56,3385.26,3387.45,9329.0415116
1721260800,2024-07-18T00:00:00+00:00,3387.1,3440,3382.9,3430.77,8611.57920366
1721275200,2024-07-18T04:00:00+00:00,3430.77,3454.37,3408.5,3433.51,6312.22809015
1721289600,2024-07-18T08:00:00+00:00,3433.52,3461.43,3431.8,3459.63,6802.2365485
1721304000,2024-07-18T12:00:00+00:00,3459.63,3490,3384.4,3389.75,20870.34763135
1721318400,2024-07-18T16:00:00+00:00,3389.24,3424.49,3367.65,3405.03,11962.13649783
1721332800,2024-07-18T20:00:00+00:00,3405.03,3437.29,3396.72,3425.58,7630.26315375
1721347200,2024-07-19T00:00:00+00:00,3425.58,3432.35,3383.85,3429.08,7474.38065893
1721361600,2024-07-19T04:00:00+00:00,3429.2,3449.68,3378.96,3391.3,13691.41718956
1721376000,2024-07-19T08:00:00+00:00,3391.42,3410.08,3375.99,3403.66,10116.30921621
1721390400,2024-07-19T12:00:00+00:00,3403.53,3475.38,3396.02,3465.26,14867.43861048
1721404800,2024-07-19T16:00:00+00:00,3465.25,3541.85,3464.82,3524.46,24746.71717048
1721419200,2024-07-19T20:00:00+00:00,3524.4,3528.24,3494.3,3505.75,11884.088123759999
1721433600,2024-07-20T00:00:00+00:00,3505.83,3510.47,3482.03,3497.14,5699.771815249999
1721448000,2024-07-20T04:00:00+00:00,3497.11,3510.61,3489.3,3489.99,3887.9260645900004
1721462400,2024-07-20T08:00:00+00:00,3489.85,3497.64,3482.26,3487.19,2941.87802277
1721476800,2024-07-20T12:00:00+00:00,3487.19,3509.22,3482.83,3505.26,3385.8502581600005
1721491200,2024-07-20T16:00:00+00:00,3505.26,3540.79,3491.9,3516.4,8535.58535288
1721505600,2024-07-20T20:00:00+00:00,3516.4,3528.47,3502.35,3519.06,4916.46545055
1721520000,2024-07-21T00:00:00+00:00,3518.99,3530.01,3505.57,3511.66,3080.72400324
1721534400,2024-07-21T04:00:00+00:00,3511.66,3515.12,3478,3486.53,3181.2419789900005
1721548800,2024-07-21T08:00:00+00:00,3486.53,3508.66,3485.17,3499.98,2256.58024722
1721563200,2024-07-21T12:00:00+00:00,3500.01,3518.72,3483.73,3501.3,2958.46095517
1721577600,2024-07-21T16:00:00+00:00,3501.31,3526.73,3413.01,3491.84,16255.59213973
1721592000,2024-07-21T20:00:00+00:00,3491.85,3547.57,3483.86,3536.2,13462.779692439999
1721606400,2024-07-22T00:00:00+00:00,3536.21,3563.02,3515.46,3517.76,11065.75523538
1721620800,2024-07-22T04:00:00+00:00,3517.44,3524.33,3459.79,3479.54,8027.92950812
1721635200,2024-07-22T08:00:00+00:00,3479.53,3504.1,3469,3500.54,3395.83471785
1721649600,2024-07-22T12:00:00+00:00,3500.53,3507.64,3435.68,3457.37,11093.95461806
1721664000,2024-07-22T16:00:00+00:00,3457.77,3500,3445.13,3499.39,9552.47175583
1721678400,2024-07-22T20:00:00+00:00,3499.98,3501,3423.94,3441.1,12386.428815090001
1721692800,2024-07-23T00:00:00+00:00,3441.09,3490.99,3436.83,3475.65,9348.33870851
1721707200,2024-07-23T04:00:00+00:00,3475.55,3485.42,3425.89,3455.29,9396.54522652
1721721600,2024-07-23T08:00:00+00:00,3455.14,3541.2,3452.39,3516.45,14939.36899685
1721736000,2024-07-23T12:00:00+00:00,3516.2,3519.65,3422.22,3455.41,29848.6576804
1721750400,2024-07-23T16:00:00+00:00,3455.42,3499.75,3390,3458.99,54179.94819531
1721764800,2024-07-23T20:00:00+00:00,3458.7,3500.41,3456.55,3482.9,16914.296946479997
1721779200,2024-07-24T00:00:00+00:00,3482.89,3488.05,3427.7,3448.67,9700.27846014
1721793600,2024-07-24T04:00:00+00:00,3448.68,3452.43,3430.03,3447.7,5070.43265017
1721808000,2024-07-24T08:00:00+00:00,3447.71,3473.13,3443.23,3459.98,3808.93579728
1721822400,2024-07-24T12:00:00+00:00,3459.97,3471.51,3410,3414.92,20602.427643259998
1721836800,2024-07-24T16:00:00+00:00,3415.26,3432.74,3357.15,3361.76,45742.926323449996
1721851200,2024-07-24T20:00:00+00:00,3361.75,3376.66,3299.16,3334.99,23736.70890574
1721865600,2024-07-25T00:00:00+00:00,3335,3342.07,3153,3167.49,50983.35813104
1721880000,2024-07-25T04:00:00+00:00,3167.49,3193.65,3130.65,3170.67,18943.83313826
1721894400,2024-07-25T08:00:00+00:00,3170.67,3186.74,3152.01,3169.86,12047.91219076
1721908800,2024-07-25T12:00:00+00:00,3170.91,3183.19,3105,3141.29,46087.44166939
1721923200,2024-07-25T16:00:00+00:00,3141.29,3172.13,3099.51,3123.31,39354.36614128
1721937600,2024-07-25T20:00:00+00:00,3123.07,3197.66,3086.13,3174.3,34119.53453433
1721952000,2024-07-26T00:00:00+00:00,3174.3,3263.25,3169.59,3236.27,17831.03647553
1721966400,2024-07-26T04:00:00+00:00,3236.57,3275.58,3232.84,3250.76,9690.99036161
1721980800,2024-07-26T08:00:00+00:00,3250.61,3263.33,3234.26,3246.58,8739.38135846
1721995200,2024-07-26T12:00:00+00:00,3246.64,3270.7,3221.11,3254.79,20850.21471369
1722009600,2024-07-26T16:00:00+00:00,3254.79,3286.26,3242.48,3273.88,23870.696083640003
1722024000,2024-07-26T20:00:00+00:00,3274.29,3286.65,3251.12,3274.95,7806.68161797
1722038400,2024-07-27T00:00:00+00:00,3274.84,3275.81,3242.86,3245.62,6700.179054440001
1722052800,2024-07-27T04:00:00+00:00,3245.5,3278.02,3244.14,3272.72,2818.43915851
1722067200,2024-07-27T08:00:00+00:00,3272.42,3283.53,3262.66,3279.18,3615.80185427
1722081600,2024-07-27T12:00:00+00:00,3279.18,3327.6,3270.42,3281.55,11540.2314463
1722096000,2024-07-27T16:00:00+00:00,3281.49,3292.1,3229.3,3261.93,11537.106500500002
1722110400,2024-07-27T20:00:00+00:00,3262.15,3294.51,3190.57,3249.25,19660.577448080003
1722124800,2024-07-28T00:00:00+00:00,3249.24,3256.46,3225.96,3238.05,4975.16707581
1722139200,2024-07-28T04:00:00+00:00,3237.95,3244.41,3198.23,3227.95,5472.15208314
1722153600,2024-07-28T08:00:00+00:00,3227.94,3266.01,3215.83,3256.57,4470.15322146
1722168000,2024-07-28T12:00:00+00:00,3256.72,3279.68,3254.51,3268.59,5474.78491031
1722182400,2024-07-28T16:00:00+00:00,3268.72,3283.98,3261.65,3271.43,3720.33676717
1722196800,2024-07-28T20:00:00+00:00,3271.43,3274.17,3250.49,3269.98,6384.89555527
1722211200,2024-07-29T00:00:00+00:00,3270.15,3356.74,3267.02,3348.64,17541.60461897
1722225600,2024-07-29T04:00:00+00:00,3349,3389,3339.61,3366.59,14966.050657869999
1722240000,2024-07-29T08:00:00+00:00,3367,3396.61,3361.82,3375.04,8825.42110252
1722254400,2024-07-29T12:00:00+00:00,3374.94,3387.46,3288.92,3307.35,23321.5903243
1722268800,2024-07-29T16:00:00+00:00,3307.37,3322.98,3256.68,3309.8,33028.547520399996
1722283200,2024-07-29T20:00:00+00:00,3309.8,3353.43,3308.02,3317.55,13866.405753260002
1722297600,2024-07-30T00:00:00+00:00,3317.42,3337.64,3280.86,3320.51,11867.307843739998
1722312000,2024-07-30T04:00:00+00:00,3320.29,3352.34,3297.74,3340.25,6167.075340169999
1722326400,2024-07-30T08:00:00+00:00,3339.97,3355.15,3326.66,3334.42,6230.47397974
1722340800,2024-07-30T12:00:00+00:00,3334.42,3365.68,3290.34,3319.79,20634.98460947
1722355200,2024-07-30T16:00:00+00:00,3319.8,3326.51,3258.8,3271.56,30518.91260327
1722369600,2024-07-30T20:00:00+00:00,3271.58,3284.53,3232.55,3278.27,10989.64071828
1722384000,2024-07-31T00:00:00+00:00,3278.42,3304.6,3261.52,3293.6,7683.18372292
1722398400,2024-07-31T04:00:00+00:00,3293.12,3331.48,3261.93,3315.76,8352.01741174
1722412800,2024-07-31T08:00:00+00:00,3315.84,3325.58,3304.97,3320.93,5662.50885901
1722427200,2024-07-31T12:00:00+00:00,3320.84,3348,3296.58,3301.07,16759.774312229998
1722441600,2024-07-31T16:00:00+00:00,3301.37,3325.5,3241.61,3264.75,31007.107103050002
1722456000,2024-07-31T20:00:00+00:00,3264.47,3270.95,3213,3231.81,18259.40056073
1722470400,2024-08-01T00:00:00+00:00,3231.81,3242.14,3169.52,3176.38,19927.88934267
1722484800,2024-08-01T04:00:00+00:00,3175.97,3187.82,3134.05,3165.04,13468.74061913
1722499200,2024-08-01T08:00:00+00:00,3165.09,3192.4,3163.87,3186.61,9448.33492654
1722513600,2024-08-01T12:00:00+00:00,3186.61,3205.44,3100.29,3114.45,25066.15612313
1722528000,2024-08-01T16:00:00+00:00,3114.62,3133.25,3077.17,3128.3,30962.61864776
1722542400,2024-08-01T20:00:00+00:00,3127.99,3216.06,3118.64,3200.54,16318.815283900001
1722556800,2024-08-02T00:00:00+00:00,3200.53,3215.75,3133.69,3165.11,11261.300038100002
1722571200,2024-08-02T04:00:00+00:00,3165.24,3172.83,3124.42,3144.86,7610.5900485
1722585600,2024-08-02T08:00:00+00:00,3144.46,3164.5,3131.4,3150.86,6514.80156938
1722600000,2024-08-02T12:00:00+00:00,3150.85,3180.09,2983.19,3036.34,54948.75028044
1722614400,2024-08-02T16:00:00+00:00,3036.35,3048.53,2991.15,3007.9,22349.065876059998
1722628800,2024-08-02T20:00:00+00:00,3008.18,3037.98,2964.01,2985.84,21337.7010277
1722643200,2024-08-03T00:00:00+00:00,2985.88,2999.99,2909.35,2979.57,16787.80577144
1722657600,2024-08-03T04:00:00+00:00,2979.47,2993.67,2957.52,2981.32,5964.561617109999
1722672000,2024-08-03T08:00:00+00:00,2980.95,3003.15,2971.4,2994.92,4776.93079159
1722686400,2024-08-03T12:00:00+00:00,2995.14,3016.19,2936.57,2940.89,8881.28414551
1722700800,2024-08-03T16:00:00+00:00,2940.94,2953.23,2875.44,2891.59,22337.05727548
1722715200,2024-08-03T20:00:00+00:00,2892.13,2921.16,2857.35,2901.72,19131.26278942
1722729600,2024-08-04T00:00:00+00:00,2901.98,2933.13,2875.56,2914,6624.805148740001
1722744000,2024-08-04T04:00:00+00:00,2914.11,2920.58,2886.57,2891.59,3566.6554690599996
1722758400,2024-08-04T08:00:00+00:00,2891.55,2923.95,2874.55,2913.04,4666.20060165
1722772800,2024-08-04T12:00:00+00:00,2912.9,2924.6,2817.42,2824.97,17752.72214749
1722787200,2024-08-04T16:00:00+00:00,2824.82,2836.2,2626.17,2756.78,61362.231626040004
1722801600,2024-08-04T20:00:00+00:00,2756.65,2771.18,2680.25,2688.31,16966.695011109998
1722816000,2024-08-05T00:00:00+00:00,2688.38,2696.41,2116.02,2314.82,230012.14054638
1722830400,2024-08-05T04:00:00+00:00,2314.3,2386.25,2158.01,2358.08,134824.15248507
1722844800,2024-08-05T08:00:00+00:00,2358.21,2362.14,2224.53,2290.98,83623.98618555
1722859200,2024-08-05T12:00:00+00:00,2290.91,2463.93,2183.69,2453.8,171476.72946633
1722873600,2024-08-05T16:00:00+00:00,2452.65,2519.56,2364.87,2403.09,95374.16774432
1722888000,2024-08-05T20:00:00+00:00,2404.96,2475.45,2402.09,2420.37,34844.86757599
1722902400,2024-08-06T00:00:00+00:00,2420.79,2548.57,2416.67,2493.19,41803.296159640005
1722916800,2024-08-06T04:00:00+00:00,2493.19,2538.07,2479.24,2525.73,23908.20924007
1722931200,2024-08-06T08:00:00+00:00,2525.28,2526.98,2441.7,2459.59,21737.5930242
1722945600,2024-08-06T12:00:00+00:00,2459.4,2556.62,2415.69,2528.29,62256.47297592
1722960000,2024-08-06T16:00:00+00:00,2528.45,2550.97,2482.44,2494.04,54587.017573979996
1722974400,2024-08-06T20:00:00+00:00,2494.15,2514.96,2447.23,2462.52,36680.62983052
1722988800,2024-08-07T00:00:00+00:00,2462.26,2531.17,2426.75,2507.72,35000.61064447
1723003200,2024-08-07T04:00:00+00:00,2508.11,2535.66,2486.64,2512.51,25523.343553459996
1723017600,2024-08-07T08:00:00+00:00,2512.39,2552.77,2472.65,2474.38,24130.173763580002
1723032000,2024-08-07T12:00:00+00:00,2474.52,2488.4,2365.62,2413.55,49053.767252720005
1723046400,2024-08-07T16:00:00+00:00,2413.32,2416.47,2326.75,2350.42,47144.741449409994
1723060800,2024-08-07T20:00:00+00:00,2350.98,2370.03,2308.94,2343.66,31884.63314692
1723075200,2024-08-08T00:00:00+00:00,2342.82,2465.86,2321.07,2430.16,33583.645431259996
1723089600,2024-08-08T04:00:00+00:00,2430.52,2445.95,2412.21,2414.55,14322.29891837
1723104000,2024-08-08T08:00:00+00:00,2415,2461.04,2408.82,2448.3,19142.506732640002
1723118400,2024-08-08T12:00:00+00:00,2448.3,2526.72,2412.75,2508.81,49641.270455989994
1723132800,2024-08-08T16:00:00+00:00,2508.81,2607.8,2505.2,2575.03,54603.602107219995
1723147200,2024-08-08T20:00:00+00:00,2574.99,2725.35,2568.67,2683.59,52389.0975822
1723161600,2024-08-09T00:00:00+00:00,2683.33,2701.76,2647.32,2694.8,24589.60293867
1723176000,2024-08-09T04:00:00+00:00,2694.67,2708.87,2649.56,2671.16,16854.48179859
1723190400,2024-08-09T08:00:00+00:00,2671.07,2681.67,2619.17,2635.3,14465.23700884
1723204800,2024-08-09T12:00:00+00:00,2635.49,2664.31,2557.07,2558.82,34634.20491651
1723219200,2024-08-09T16:00:00+00:00,2558.82,2610.4,2553.08,2590.48,15942.49823474
1723233600,2024-08-09T20:00:00+00:00,2591.29,2614.31,2564.09,2599.94,13313.41288768
1723248000,2024-08-10T00:00:00+00:00,2600.1,2645.74,2577.61,2603.35,9783.66581637
1723262400,2024-08-10T04:00:00+00:00,2603.38,2638.42,2589.03,2635.16,3840.23298135
1723276800,2024-08-10T08:00:00+00:00,2635.61,2643.64,2623.17,2637.57,5258.943658009999
1723291200,2024-08-10T12:00:00+00:00,2637.57,2638.68,2597.47,2600.11,4247.43469478
1723305600,2024-08-10T16:00:00+00:00,2599.93,2624.73,2590.34,2603.04,6232.68758878
1723320000,2024-08-10T20:00:00+00:00,2603.01,2618.67,2596.41,2610.69,3570.2801494299997
1723334400,2024-08-11T00:00:00+00:00,2610.38,2668.05,2606.7,2647.1,6439.006865200001
1723348800,2024-08-11T04:00:00+00:00,2647.02,2683.13,2634.71,2678.23,4152.096789820001
1723363200,2024-08-11T08:00:00+00:00,2678.46,2720,2645.61,2654.12,8629.677851440001
1723377600,2024-08-11T12:00:00+00:00,2653.76,2657.12,2595.23,2614.64,7903.10958643
1723392000,2024-08-11T16:00:00+00:00,2614.64,2646.73,2597.42,2600.03,8858.342396659998
1723406400,2024-08-11T20:00:00+00:00,2599.78,2604,2539.86,2555.58,18311.15585212
1723420800,2024-08-12T00:00:00+00:00,2555.09,2578.1,2509.58,2541.1,18504.6348989
1723435200,2024-08-12T04:00:00+00:00,2540.92,2583.26,2517.27,2567.74,7347.71246862
1723449600,2024-08-12T08:00:00+00:00,2567.99,2683.88,2559.3,2674.92,12471.36592431
1723464000,2024-08-12T12:00:00+00:00,2674.47,2725,2591.67,2689.94,42738.25639697
1723478400,2024-08-12T16:00:00+00:00,2689.93,2699.45,2628.5,2660.72,15850.74659494
1723492800,2024-08-12T20:00:00+00:00,2660.83,2750,2658.54,2723,20475.11544028
1723507200,2024-08-13T00:00:00+00:00,2723.23,2739,2650.72,2657.58,17245.95879089
1723521600,2024-08-13T04:00:00+00:00,2657.25,2664.96,2635.71,2649.33,7534.1225346
1723536000,2024-08-13T08:00:00+00:00,2649.3,2659.33,2611.59,2645.53,7095.0558222
1723550400,2024-08-13T12:00:00+00:00,2645.12,2677,2632.24,2652.72,14748.52539438
1723564800,2024-08-13T16:00:00+00:00,2652.71,2731.98,2650.45,2712.74,30191.84620288
1723579200,2024-08-13T20:00:00+00:00,2712.62,2735.51,2693.87,2703.49,11030.711344590001
1723593600,2024-08-14T00:00:00+00:00,2703.49,2726.75,2686.45,2710.48,13181.882702809999
1723608000,2024-08-14T04:00:00+00:00,2710.23,2751.26,2708.81,2729.09,9957.20691172
1723622400,2024-08-14T08:00:00+00:00,2728.6,2765.46,2715.89,2752.92,22817.86468113
1723636800,2024-08-14T12:00:00+00:00,2753.05,2782.61,2633.76,2675.23,46014.70262015
1723651200,2024-08-14T16:00:00+00:00,2675.23,2675.62,2641.78,2669.26,25856.41352723
1723665600,2024-08-14T20:00:00+00:00,2669.15,2680.6,2641.46,2661.67,9993.62353785
1723680000,2024-08-15T00:00:00+00:00,2661.98,2674.47,2634.36,2652.77,11102.51984998
1723694400,2024-08-15T04:00:00+00:00,2652.69,2656.47,2589.39,2614.77,12524.88857129
1723708800,2024-08-15T08:00:00+00:00,2614.86,2643.82,2605.46,2637.94,5400.19465311
1723723200,2024-08-15T12:00:00+00:00,2637.68,2675.79,2633.01,2669.11,22765.32551797
1723737600,2024-08-15T16:00:00+00:00,2668.71,2675.28,2522.23,2549.96,38672.32422711
1723752000,2024-08-15T20:00:00+00:00,2549.72,2590.41,2516.07,2570.5,21696.18957195
1723766400,2024-08-16T00:00:00+00:00,2570.22,2609.37,2551.77,2580.63,8013.580339329999
1723780800,2024-08-16T04:00:00+00:00,2580.55,2629.17,2578.19,2617.8,5513.497352140001
1723795200,2024-08-16T08:00:00+00:00,2617.79,2627.28,2606.72,2613.29,5409.04711693
1723809600,2024-08-16T12:00:00+00:00,2612.74,2620.22,2551.29,2569.55,25722.84999124
1723824000,2024-08-16T16:00:00+00:00,2569.29,2631.06,2564.37,2621.34,20220.38465227
1723838400,2024-08-16T20:00:00+00:00,2621.54,2627.47,2587.22,2593.75,8155.28757135
1723852800,2024-08-17T00:00:00+00:00,2593.75,2609.1,2588.17,2596.51,3036.43748655
1723867200,2024-08-17T04:00:00+00:00,2596.68,2604.39,2591.73,2601.01,1544.57689519
1723881600,2024-08-17T08:00:00+00:00,2600.96,2607.92,2593.5,2599.7,2157.9420350500004
1723896000,2024-08-17T12:00:00+00:00,2599.63,2619.21,2597.06,2607.21,2745.4603816999997
1723910400,2024-08-17T16:00:00+00:00,2607.21,2627.67,2607.09,2615.38,2718.29348586
1723924800,2024-08-17T20:00:00+00:00,2615.38,2618.57,2600.14,2614.64,3825.78962311
1723939200,2024-08-18T00:00:00+00:00,2614.64,2638.42,2605,2607.16,6505.9386232199995
1723953600,2024-08-18T04:00:00+00:00,2606.89,2611.45,2594.34,2607.84,2190.64832436
1723968000,2024-08-18T08:00:00+00:00,2607.77,2665.81,2605.83,2649.98,11025.3609452
1723982400,2024-08-18T12:00:00+00:00,2650.05,2687.92,2642.85,2672.73,11697.63928445
1723996800,2024-08-18T16:00:00+00:00,2672.73,2679.07,2643.83,2668.65,4988.132843
1724011200,2024-08-18T20:00:00+00:00,2668.34,2671.13,2610.05,2612.68,7310.844998409999
1724025600,2024-08-19T00:00:00+00:00,2612.33,2647.74,2603.66,2644.94,6670.28279279
1724040000,2024-08-19T04:00:00+00:00,2644.85,2648.71,2612.01,2615.27,5495.85409705
1724054400,2024-08-19T08:00:00+00:00,2615.03,2623,2569.25,2588.24,10619.74471365
1724068800,2024-08-19T12:00:00+00:00,2588.23,2605.42,2563.98,2584.74,12470.10992461
1724083200,2024-08-19T16:00:00+00:00,2584.87,2629.66,2574.21,2606.43,11236.04096958
1724097600,2024-08-19T20:00:00+00:00,2607.13,2642.12,2604.28,2637.15,7973.547732109999
1724112000,2024-08-20T00:00:00+00:00,2637.63,2678.09,2622.71,2663.58,11234.5897447
1724126400,2024-08-20T04:00:00+00:00,2663.77,2697.11,2658.16,2676.34,9353.06787035
1724140800,2024-08-20T08:00:00+00:00,2676.06,2677.02,2641.21,2643.75,5254.15163611
1724155200,2024-08-20T12:00:00+00:00,2643.78,2657.54,2555.26,2575.11,30861.01794217
1724169600,2024-08-20T16:00:00+00:00,2575.12,2607.61,2565.28,2602.08,18896.508183949998
1724184000,2024-08-20T20:00:00+00:00,2602.09,2610,2564.71,2573.04,7515.73267033
1724198400,2024-08-21T00:00:00+00:00,2572.69,2598.28,2557.88,2591.8,6481.67480529
1724212800,2024-08-21T04:00:00+00:00,2591.8,2607.28,2588.67,2601.04,4934.80810429
1724227200,2024-08-21T08:00:00+00:00,2600.92,2608.11,2567.29,2577.93,3978.64262324
1724241600,2024-08-21T12:00:00+00:00,2577.91,2620,2536.49,2602.1,23331.633129010002
1724256000,2024-08-21T16:00:00+00:00,2602.18,2651.72,2592.37,2647.59,17704.61874598
1724270400,2024-08-21T20:00:00+00:00,2647.26,2664.7,2620.25,2631.14,12281.638028770001
1724284800,2024-08-22T00:00:00+00:00,2631.18,2640.86,2584.59,2617.11,8176.48620424
1724299200,2024-08-22T04:00:00+00:00,2617.13,2642.53,2614.08,2637.03,2959.29926372
1724313600,2024-08-22T08:00:00+00:00,2636.93,2644.94,2620.38,2642.43,4327.4664172
1724328000,2024-08-22T12:00:00+00:00,2642.16,2645.42,2590.68,2599.89,11641.50297084
1724342400,2024-08-22T16:00:00+00:00,2599.82,2619.52,2597.77,2605.99,12385.898348800001
1724356800,2024-08-22T20:00:00+00:00,2606.64,2627.22,2606.47,2623.3,6458.68985413
1724371200,2024-08-23T00:00:00+00:00,2623.26,2652.93,2621.38,2636.34,7190.39583666
1724385600,2024-08-23T04:00:00+00:00,2636.3,2690.76,2634.59,2669.08,9223.824454169999
1724400000,2024-08-23T08:00:00+00:00,2669.41,2681.12,2651.94,2653.05,5455.67084616
1724414400,2024-08-23T12:00:00+00:00,2653.16,2699.99,2633.19,2671.63,23368.920023789997
1724428800,2024-08-23T16:00:00+00:00,2671.35,2751.68,2663.47,2748.14,31131.33658334
1724443200,2024-08-23T20:00:00+00:00,2747.82,2800.89,2746.63,2764.73,21321.88444732
1724457600,2024-08-24T00:00:00+00:00,2764.89,2771.99,2743.69,2748.95,9023.12414852
1724472000,2024-08-24T04:00:00+00:00,2748.69,2767.05,2741.28,2759.87,4520.54903033
1724486400,2024-08-24T08:00:00+00:00,2759.87,2786.11,2756.61,2757.73,6076.22960119
1724500800,2024-08-24T12:00:00+00:00,2757.57,2765.83,2752.7,2762.45,5965.30992521
1724515200,2024-08-24T16:00:00+00:00,2762.45,2820.86,2761.31,2793.8,17679.22019295
1724529600,2024-08-24T20:00:00+00:00,2793.89,2808.55,2732.75,2769,9688.199540470001
1724544000,2024-08-25T00:00:00+00:00,2768.95,2783.83,2750.58,2765.55,6168.7995838199995
1724558400,2024-08-25T04:00:00+00:00,2765.55,2771.78,2734.52,2745.12,4039.5333384600003
1724572800,2024-08-25T08:00:00+00:00,2744.58,2762.62,2738.91,2751.76,3451.2014961000004
1724587200,2024-08-25T12:00:00+00:00,2751.9,2774.31,2747,2765.35,3861.95010534
1724601600,2024-08-25T16:00:00+00:00,2765.35,2774.91,2761.16,2767.13,3019.08645495
1724616000,2024-08-25T20:00:00+00:00,2767.49,2793.09,2741,2747.57,8300.95210325
1724630400,2024-08-26T00:00:00+00:00,2747.06,2763.51,2721.52,2745.27,7873.88573368
1724644800,2024-08-26T04:00:00+00:00,2745.23,2753.37,2729.54,2734.23,4598.93487637
1724659200,2024-08-26T08:00:00+00:00,2734.24,2749.75,2712.77,2738.28,5729.41732833
1724673600,2024-08-26T12:00:00+00:00,2738.07,2743.37,2701.89,2722.79,15710.35893994
1724688000,2024-08-26T16:00:00+00:00,2722.8,2733.27,2676.13,2681.43,18381.80748516
1724702400,2024-08-26T20:00:00+00:00,2681.59,2693.99,2667.25,2680.77,8219.98303068
1724716800,2024-08-27T00:00:00+00:00,2680.75,2694.18,2667.29,2685.71,5132.37225005
1724731200,2024-08-27T04:00:00+00:00,2685.71,2700.29,2674.39,2688.45,4940.51925836
1724745600,2024-08-27T08:00:00+00:00,2688.45,2692.63,2618.97,2626.51,11960.05771537
1724760000,2024-08-27T12:00:00+00:00,2626.47,2629.02,2558.33,2578.77,30267.27743948
1724774400,2024-08-27T16:00:00+00:00,2578.48,2591.94,2563.21,2583.94,12828.02717486
1724788800,2024-08-27T20:00:00+00:00,2583.89,2588.3,2393.38,2458.22,45141.246838089995
1724803200,2024-08-28T00:00:00+00:00,2457.84,2480.99,2418.63,2478.69,19436.803830840003
1724817600,2024-08-28T04:00:00+00:00,2478.59,2486.61,2433.54,2437.3,9928.38418956
1724832000,2024-08-28T08:00:00+00:00,2437.3,2550.39,2429.68,2523.48,15452.07487933
1724846400,2024-08-28T12:00:00+00:00,2523.16,2540.03,2468.48,2496.27,19314.88271064
1724860800,2024-08-28T16:00:00+00:00,2496.17,2546.47,2456.28,2505.35,31904.19900765
1724875200,2024-08-28T20:00:00+00:00,2505.07,2555.23,2504.94,2528.51,19926.41092576
1724889600,2024-08-29T00:00:00+00:00,2528.76,2538.23,2512.49,2523.93,7307.640873599999
1724904000,2024-08-29T04:00:00+00:00,2524.26,2559.99,2518.84,2547.84,4807.14903737
1724918400,2024-08-29T08:00:00+00:00,2547.9,2574.66,2537.98,2555.69,5208.564026960001
1724932800,2024-08-29T12:00:00+00:00,2555.49,2597,2552.57,2576.92,21148.72279186
1724947200,2024-08-29T16:00:00+00:00,2576.83,2586.75,2509.68,2528.96,27972.96641901
1724961600,2024-08-29T20:00:00+00:00,2528.65,2544.44,2503.09,2527.71,12191.380974509999
1724976000,2024-08-30T00:00:00+00:00,2527.76,2535.2,2504.75,2516.7,7669.7328809400005
1724990400,2024-08-30T04:00:00+00:00,2516.64,2532.98,2503.38,2517.12,9930.15333083
1725004800,2024-08-30T08:00:00+00:00,2517.09,2528.73,2507.28,2512.65,4220.3626588
1725019200,2024-08-30T12:00:00+00:00,2512.67,2551.26,2433.71,2448.28,28788.87996296
1725033600,2024-08-30T16:00:00+00:00,2448.28,2540.64,2430.25,2506.27,29809.81366042
1725048000,2024-08-30T20:00:00+00:00,2506.27,2530.34,2505.27,2525.74,5238.78894279
1725062400,2024-08-31T00:00:00+00:00,2525.7,2533.92,2518.88,2523.08,2782.85248851
1725076800,2024-08-31T04:00:00+00:00,2523.16,2529.79,2518,2520.83,1465.30913428
1725091200,2024-08-31T08:00:00+00:00,2520.83,2529.48,2511.24,2525.06,1348.5733547600003
1725105600,2024-08-31T12:00:00+00:00,2525.29,2527.72,2513.84,2518.81,1961.45130761
1725120000,2024-08-31T16:00:00+00:00,2518.81,2519.69,2492.03,2499.47,3618.2362517499996
1725134400,2024-08-31T20:00:00+00:00,2499.45,2527.72,2493.33,2512.62,3221.79473397
1725148800,2024-09-01T00:00:00+00:00,2512.49,2516.27,2476.17,2488.76,4312.84934224
1725163200,2024-09-01T04:00:00+00:00,2488.43,2490.86,2458.83,2486.33,4429.85586682
1725177600,2024-09-01T08:00:00+00:00,2486.43,2492.67,2459.48,2477.55,3086.80578256
1725192000,2024-09-01T12:00:00+00:00,2477.16,2488.39,2438,2480.63,7473.90247336
1725206400,2024-09-01T16:00:00+00:00,2480.63,2514.39,2456.94,2501.23,6961.842199160001
1725220800,2024-09-01T20:00:00+00:00,2501.49,2515.58,2399.2,2425.9,14332.22091253
1725235200,2024-09-02T00:00:00+00:00,2425.78,2454.83,2423.56,2450.42,6764.202416059999
1725249600,2024-09-02T04:00:00+00:00,2449.85,2465.99,2432.99,2440.96,6556.76233158
1725264000,2024-09-02T08:00:00+00:00,2440.98,2537.5,2438.28,2515.4,15288.795091029999
1725278400,2024-09-02T12:00:00+00:00,2515.39,2527.58,2492.12,2513.13,10905.380925049998
1725292800,2024-09-02T16:00:00+00:00,2513.5,2530.71,2505.86,2524.3,4572.07837199
1725307200,2024-09-02T20:00:00+00:00,2524.3,2564.02,2522.04,2537.81,8431.934253300002
1725321600,2024-09-03T00:00:00+00:00,2537.99,2553.75,2514.64,2516.17,5600.85490604
1725336000,2024-09-03T04:00:00+00:00,2515.88,2525.57,2512.15,2519.68,2570.56987553
1725350400,2024-09-03T08:00:00+00:00,2519.87,2520.75,2493.73,2508.89,3581.95481531
1725364800,2024-09-03T12:00:00+00:00,2508.9,2519,2434.87,2443.63,18287.21774531
1725379200,2024-09-03T16:00:00+00:00,2443.01,2468.72,2434.48,2446.52,13981.74187474
1725393600,2024-09-03T20:00:00+00:00,2446.52,2470.24,2410.52,2424.18,15258.96573109
1725408000,2024-09-04T00:00:00+00:00,2424.16,2448.64,2307.12,2372.6,36967.93125186
1725422400,2024-09-04T04:00:00+00:00,2372.42,2413.48,2362.13,2400.82,15396.06322927
1725436800,2024-09-04T08:00:00+00:00,2400.96,2410.21,2386.93,2398.19,8381.57870005
1725451200,2024-09-04T12:00:00+00:00,2398.38,2458.71,2392.71,2455.34,28857.65815243
1725465600,2024-09-04T16:00:00+00:00,2455.34,2490.21,2438.86,2451.54,16244.155157030002
1725480000,2024-09-04T20:00:00+00:00,2452.13,2469.36,2443.14,2450.46,6380.69192186
1725494400,2024-09-05T00:00:00+00:00,2450.26,2465.98,2404,2405.66,9884.95526645
1725508800,2024-09-05T04:00:00+00:00,2405.66,2418.55,2376.3,2412.49,8614.21544891
1725523200,2024-09-05T08:00:00+00:00,2412.26,2415.99,2382.75,2389.23,5494.53070022
1725537600,2024-09-05T12:00:00+00:00,2389.43,2414.02,2355.13,2371.17,25486.293509659998
1725552000,2024-09-05T16:00:00+00:00,2371.45,2395.2,2347.19,2362.99,15044.61445029
1725566400,2024-09-05T20:00:00+00:00,2362.89,2377.56,2349.48,2367.8,9255.37511218
1725580800,2024-09-06T00:00:00+00:00,2367.5,2407.58,2356.5,2392.03,7898.263407220001
1725595200,2024-09-06T04:00:00+00:00,2391.95,2396.99,2320.92,2343.15,9494.93571492
1725609600,2024-09-06T08:00:00+00:00,2343.44,2380.57,2337.77,2372.77,8524.65121868
1725624000,2024-09-06T12:00:00+00:00,2372.48,2409.19,2262.64,2288.31,45947.689576079996
1725638400,2024-09-06T16:00:00+00:00,2288.5,2291.56,2205.32,2220.15,50474.76715833
1725652800,2024-09-06T20:00:00+00:00,2220.86,2227.7,2150,2224.46,36345.911290770004
1725667200,2024-09-07T00:00:00+00:00,2224.55,2242.18,2221.01,2237.57,8548.753102319999
1725681600,2024-09-07T04:00:00+00:00,2237.59,2293.37,2236.65,2287.72,11013.96642607
1725696000,2024-09-07T08:00:00+00:00,2287.67,2298.87,2275.04,2283.13,5907.82674314
1725710400,2024-09-07T12:00:00+00:00,2283.13,2311.27,2281.56,2300.45,7566.605113900001
1725724800,2024-09-07T16:00:00+00:00,2300.45,2304.66,2263.16,2290.17,8936.56154124
1725739200,2024-09-07T20:00:00+00:00,2290,2291.23,2257.91,2272.88,6631.53991626
1725753600,2024-09-08T00:00:00+00:00,2273.03,2288.4,2262.75,2285.7,5307.84143602
1725768000,2024-09-08T04:00:00+00:00,2285.32,2304,2283.58,2294.47,4483.13154316
1725782400,2024-09-08T08:00:00+00:00,2294.39,2310.56,2287.11,2296.23,4285.84911395
1725796800,2024-09-08T12:00:00+00:00,2296.38,2298.96,2240.82,2245.68,10946.563889600002
1725811200,2024-09-08T16:00:00+00:00,2245.66,2283.17,2243.3,2272.19,9411.14131276
1725825600,2024-09-08T20:00:00+00:00,2272.18,2334.03,2267.63,2297.47,14483.03995645
1725840000,2024-09-09T00:00:00+00:00,2297.35,2320.82,2288.77,2304.4,11908.22819965
1725854400,2024-09-09T04:00:00+00:00,2304.39,2317.34,2282.93,2314.21,6760.610291159999
1725868800,2024-09-09T08:00:00+00:00,2313.82,2338.71,2310.48,2315.16,8646.997612500001
1725883200,2024-09-09T12:00:00+00:00,2315.16,2325.37,2273,2292.56,15778.74737524
1725897600,2024-09-09T16:00:00+00:00,2292.68,2353.64,2290.99,2350.83,32170.93962242
1725912000,2024-09-09T20:00:00+00:00,2350.86,2381.46,2337.13,2360.1,16699.92491694
1725926400,2024-09-10T00:00:00+00:00,2359.71,2360.59,2335.07,2341.08,7895.228281600001
1725940800,2024-09-10T04:00:00+00:00,2341.09,2366.59,2328.86,2363.79,5907.73820735
1725955200,2024-09-10T08:00:00+00:00,2363.28,2372.2,2339.49,2350.99,7378.60944615
1725969600,2024-09-10T12:00:00+00:00,2351.03,2364.29,2320.91,2325.02,13894.981897419999
1725984000,2024-09-10T16:00:00+00:00,2324.62,2391.74,2323.99,2380.87,15988.84858004
1725998400,2024-09-10T20:00:00+00:00,2380.69,2399.99,2371.18,2388.26,12239.62723303
1726012800,2024-09-11T00:00:00+00:00,2388.71,2389.58,2338.75,2348.34,16815.115148279998
1726027200,2024-09-11T04:00:00+00:00,2347.93,2347.93,2318.24,2341.19,10844.51740028
1726041600,2024-09-11T08:00:00+00:00,2340.98,2341.61,2306.67,2327.56,5543.83699773
1726056000,2024-09-11T12:00:00+00:00,2327.57,2354.91,2276.66,2325.74,26245.380183420002
1726070400,2024-09-11T16:00:00+00:00,2325.44,2368.98,2324.3,2341.74,17649.54804123
1726084800,2024-09-11T20:00:00+00:00,2341.1,2352.08,2333.1,2340.54,6011.71282892
1726099200,2024-09-12T00:00:00+00:00,2340.24,2392.13,2339.77,2368.3,14721.13474693
1726113600,2024-09-12T04:00:00+00:00,2368.36,2379.79,2352.93,2359.93,9492.682504690001
1726128000,2024-09-12T08:00:00+00:00,2359.62,2366.37,2342.96,2348.42,6999.236860460001
1726142400,2024-09-12T12:00:00+00:00,2348.44,2367.1,2314.76,2322.7,15622.90774373
1726156800,2024-09-12T16:00:00+00:00,2322.24,2361.55,2321.74,2360.91,12269.93173895
1726171200,2024-09-12T20:00:00+00:00,2360.99,2373.45,2341.13,2361.63,8448.20572841
1726185600,2024-09-13T00:00:00+00:00,2361.75,2364.83,2350.01,2356.45,6346.69409003
1726200000,2024-09-13T04:00:00+00:00,2356.37,2359.49,2336.57,2348.94,4441.66617023
1726214400,2024-09-13T08:00:00+00:00,2349.03,2376.48,2341.54,2354.26,5535.69501383
1726228800,2024-09-13T12:00:00+00:00,2354.36,2413,2342.08,2408.43,22178.838913940002
1726243200,2024-09-13T16:00:00+00:00,2408.35,2429.53,2396.29,2422.98,27235.08799328
1726257600,2024-09-13T20:00:00+00:00,2422.18,2466.49,2413.51,2440.96,19245.25927075
1726272000,2024-09-14T00:00:00+00:00,2440.99,2442.56,2423.82,2434.01,6093.88838338
1726286400,2024-09-14T04:00:00+00:00,2434.01,2434.88,2414.95,2421.26,3277.45138343
1726300800,2024-09-14T08:00:00+00:00,2421.25,2422.88,2409.59,2417.91,3888.6883964299996
1726315200,2024-09-14T12:00:00+00:00,2418.27,2424.8,2412.81,2419.33,4379.64959232
1726329600,2024-09-14T16:00:00+00:00,2419.31,2422.07,2378.8,2409.37,7862.16690202
1726344000,2024-09-14T20:00:00+00:00,2409.37,2422.98,2407.46,2418.19,3834.1537061199997
1726358400,2024-09-15T00:00:00+00:00,2418.3,2430.91,2417.14,2421.07,4134.12276363
1726372800,2024-09-15T04:00:00+00:00,2421,2425.05,2414.74,2423.21,2754.31113086
1726387200,2024-09-15T08:00:00+00:00,2423.44,2423.86,2402.4,2407.47,2049.63471494
1726401600,2024-09-15T12:00:00+00:00,2407.46,2419.17,2396.72,2409.48,3883.9222013500003
1726416000,2024-09-15T16:00:00+00:00,2409.43,2409.72,2363,2372.63,11488.272438990001
1726430400,2024-09-15T20:00:00+00:00,2372.56,2372.73,2285,2316.37,24685.03350833
1726444800,2024-09-16T00:00:00+00:00,2316.01,2322.36,2251.99,2278.22,21507.01344949
1726459200,2024-09-16T04:00:00+00:00,2278.26,2312.6,2276.12,2310.63,8697.4655752
1726473600,2024-09-16T08:00:00+00:00,2310.08,2335.18,2287.5,2307.66,8567.103338879999
1726488000,2024-09-16T12:00:00+00:00,2307.45,2312.36,2268.59,2287.13,15169.661923849999
1726502400,2024-09-16T16:00:00+00:00,2287.13,2310.76,2268.6,2274.99,20202.654608570003
1726516800,2024-09-16T20:00:00+00:00,2274.91,2301.26,2267.43,2295.21,8936.92295701
1726531200,2024-09-17T00:00:00+00:00,2295.35,2298.57,2263.05,2283.88,9585.58175183
1726545600,2024-09-17T04:00:00+00:00,2284,2310.84,2281.98,2309.21,4510.58090053
1726560000,2024-09-17T08:00:00+00:00,2309.19,2323.79,2302.34,2308.19,7511.40093501
1726574400,2024-09-17T12:00:00+00:00,2308.26,2394,2302.36,2384.21,37904.30600384
1726588800,2024-09-17T16:00:00+00:00,2384.21,2390.53,2328.04,2353.29,18791.367017290002
1726603200,2024-09-17T20:00:00+00:00,2353.06,2362.09,2329.05,2342.1,8703.04665386
1726617600,2024-09-18T00:00:00+00:00,2342.09,2342.55,2309.1,2334.88,6769.068687589999
1726632000,2024-09-18T04:00:00+00:00,2334.85,2336.3,2312.19,2330.29,4954.63795458
1726646400,2024-09-18T08:00:00+00:00,2330.3,2330.3,2277.05,2299.72,12438.399794940002
1726660800,2024-09-18T12:00:00+00:00,2300.57,2318.18,2286.9,2296.13,12993.26747607
1726675200,2024-09-18T16:00:00+00:00,2295.78,2364.56,2287.7,2314.96,45337.01905046
1726689600,2024-09-18T20:00:00+00:00,2315.05,2376.26,2289.63,2374.59,13224.823397
1726704000,2024-09-19T00:00:00+00:00,2374.78,2413.59,2372.73,2404.49,20155.137603099996
1726718400,2024-09-19T04:00:00+00:00,2404.5,2443.11,2400.09,2438.52,10606.42930881
1726732800,2024-09-19T08:00:00+00:00,2438.27,2442.86,2423.76,2435.66,8397.204325050001
1726747200,2024-09-19T12:00:00+00:00,2435.66,2453.43,2421.22,2440.32,24347.1381015
1726761600,2024-09-19T16:00:00+00:00,2440.17,2495.27,2433.62,2461.37,32227.205060049997
1726776000,2024-09-19T20:00:00+00:00,2461.13,2479.99,2453.45,2465.84,15032.35354998
1726790400,2024-09-20T00:00:00+00:00,2465.79,2522.3,2437.49,2521.05,16257.433837999999
1726804800,2024-09-20T04:00:00+00:00,2520.56,2573.26,2516.79,2561.76,15999.903080510001
1726819200,2024-09-20T08:00:00+00:00,2561.63,2565.55,2538.44,2545.01,9586.11617859
1726833600,2024-09-20T12:00:00+00:00,2544.99,2569.54,2516.11,2560.12,24620.74250819
1726848000,2024-09-20T16:00:00+00:00,2560.05,2569.24,2524.85,2541.65,19922.92176313
1726862400,2024-09-20T20:00:00+00:00,2541.62,2562.99,2538.09,2562.02,8711.698844030001
1726876800,2024-09-21T00:00:00+00:00,2562.1,2588.64,2533.97,2544.12,17434.381060900003
1726891200,2024-09-21T04:00:00+00:00,2544.17,2559.48,2528.75,2556.08,4899.753206920001
1726905600,2024-09-21T08:00:00+00:00,2555.96,2557.73,2545,2556.92,1711.8519584
1726920000,2024-09-21T12:00:00+00:00,2556.6,2576.75,2550.89,2560.36,5311.34228507
1726934400,2024-09-21T16:00:00+00:00,2560.43,2578.99,2556.73,2572.33,3774.4691213800006
1726948800,2024-09-21T20:00:00+00:00,2572.18,2623.26,2560.47,2613.16,12849.95481086
1726963200,2024-09-22T00:00:00+00:00,2612.77,2632.92,2588.62,2595.03,8546.98529171
1726977600,2024-09-22T04:00:00+00:00,2595.03,2605.04,2576.54,2588.37,3032.1512699
1726992000,2024-09-22T08:00:00+00:00,2588.44,2596.23,2569.84,2580.84,3654.64596908
1727006400,2024-09-22T12:00:00+00:00,2580.85,2588.28,2554.25,2570.42,6821.32726626
1727020800,2024-09-22T16:00:00+00:00,2570.4,2591.61,2552.07,2578.01,9045.80833602
1727035200,2024-09-22T20:00:00+00:00,2578.49,2594.71,2525,2580.92,9633.06131801
1727049600,2024-09-23T00:00:00+00:00,2580.93,2686.97,2539.64,2676.3,21308.26187956
1727064000,2024-09-23T04:00:00+00:00,2676.7,2680.75,2636.3,2646.2,7698.895497330001
1727078400,2024-09-23T08:00:00+00:00,2646.19,2662.79,2633.73,2645.87,8013.64018003
1727092800,2024-09-23T12:00:00+00:00,2645.87,2685.4,2630.86,2675.32,24586.05866564
1727107200,2024-09-23T16:00:00+00:00,2675.31,2704.62,2657.82,2673.22,30187.046475
1727121600,2024-09-23T20:00:00+00:00,2673.41,2682.59,2638.4,2646.72,11945.63249869
1727136000,2024-09-24T00:00:00+00:00,2646.93,2651.38,2609.04,2626.94,17566.97878797
1727150400,2024-09-24T04:00:00+00:00,2626.98,2649.02,2617.84,2646.8,5333.6706447100005
1727164800,2024-09-24T08:00:00+00:00,2646.85,2667.53,2634.29,2636.84,7918.994373629999
1727179200,2024-09-24T12:00:00+00:00,2636.93,2646.31,2591.67,2612.32,25984.11630246
1727193600,2024-09-24T16:00:00+00:00,2612.3,2656.47,2610.95,2650.26,19545.37578215
1727208000,2024-09-24T20:00:00+00:00,2650.18,2671.85,2640.23,2653.31,25050.427717520004
1727222400,2024-09-25T00:00:00+00:00,2653.53,2673.77,2633.11,2646.46,10929.99852592
1727236800,2024-09-25T04:00:00+00:00,2646.59,2646.84,2610.51,2621.51,8250.61575822
1727251200,2024-09-25T08:00:00+00:00,2621.29,2630.28,2613.69,2626.97,5513.118876240001
1727265600,2024-09-25T12:00:00+00:00,2627.33,2629.6,2595.41,2600.9,13204.719738840002
1727280000,2024-09-25T16:00:00+00:00,2600.95,2609.45,2564.02,2570.3,18717.05491444
1727294400,2024-09-25T20:00:00+00:00,2570.33,2584.58,2553.93,2579.25,18625.753061310003
1727308800,2024-09-26T00:00:00+00:00,2579.84,2606.29,2558.84,2601.98,9881.16045893
1727323200,2024-09-26T04:00:00+00:00,2601.85,2635.6,2591.08,2629.46,4993.728168170001
1727337600,2024-09-26T08:00:00+00:00,2629.64,2639.66,2611.96,2628.69,6461.5315488100005
1727352000,2024-09-26T12:00:00+00:00,2628.69,2666.11,2608.2,2652.41,22700.08831426
1727366400,2024-09-26T16:00:00+00:00,2652.62,2667.81,2626.45,2649.88,22167.06867364
1727380800,2024-09-26T20:00:00+00:00,2650.05,2655.84,2618.05,2632.53,10494.47855303
1727395200,2024-09-27T00:00:00+00:00,2632.63,2645.27,2615.45,2638.8,8951.81483672
1727409600,2024-09-27T04:00:00+00:00,2638.71,2669,2636.96,2657.52,12380.56409606
1727424000,2024-09-27T08:00:00+00:00,2657.45,2678.11,2641.94,2652.43,7795.25094727
1727438400,2024-09-27T12:00:00+00:00,2652.42,2700.83,2642.29,2684.19,36269.68722145
1727452800,2024-09-27T16:00:00+00:00,2684.44,2729.39,2679.28,2701.86,26777.76777832
1727467200,2024-09-27T20:00:00+00:00,2701.23,2708.95,2690.25,2695.37,8073.7663921700005
1727481600,2024-09-28T00:00:00+00:00,2695.37,2705.26,2688.4,2691,5377.82193688
1727496000,2024-09-28T04:00:00+00:00,2691,2700.75,2675,2678.4,4183.65699591
1727510400,2024-09-28T08:00:00+00:00,2678.55,2679.03,2650.16,2675.4,2818.18005768
1727524800,2024-09-28T12:00:00+00:00,2675.4,2676.44,2652.57,2670.43,4338.12973815
1727539200,2024-09-28T16:00:00+00:00,2670.43,2684.68,2662.38,2678.69,3685.0782106199995
1727553600,2024-09-28T20:00:00+00:00,2678.63,2681.19,2655.99,2675.79,3983.20123322
1727568000,2024-09-29T00:00:00+00:00,2675.88,2683.77,2663.87,2675.21,2170.78271547
1727582400,2024-09-29T04:00:00+00:00,2675.06,2675.2,2635.06,2640.85,4973.86021668
1727596800,2024-09-29T08:00:00+00:00,2640.79,2655.15,2634.38,2652.73,3686.67173021
1727611200,2024-09-29T12:00:00+00:00,2652.73,2669.56,2641.28,2666.54,4914.0133121
1727625600,2024-09-29T16:00:00+00:00,2666.54,2672.16,2651,2666.81,4585.99475728
1727640000,2024-09-29T20:00:00+00:00,2666.93,2673.61,2648.14,2657.89,6770.229106729999
1727654400,2024-09-30T00:00:00+00:00,2657.9,2663.97,2601.03,2629.99,13820.891561789998
1727668800,2024-09-30T04:00:00+00:00,2629.98,2644.01,2622.88,2637.84,3919.9746830100003
1727683200,2024-09-30T08:00:00+00:00,2637.86,2643.07,2591.83,2628.87,13999.74528354
1727697600,2024-09-30T12:00:00+00:00,2629,2638.57,2593.12,2596.05,14296.7369753
1727712000,2024-09-30T16:00:00+00:00,2595.56,2609.72,2573.89,2594.43,16260.253724269998
1727726400,2024-09-30T20:00:00+00:00,2594.32,2616.04,2574.88,2601.27,10995.14487873
1727740800,2024-10-01T00:00:00+00:00,2601.33,2631.48,2590.06,2628,26806.599517119997
1727755200,2024-10-01T04:00:00+00:00,2627.99,2657.98,2625.75,2645.12,10347.25450777
1727769600,2024-10-01T08:00:00+00:00,2644.93,2646.51,2628.57,2628.71,4337.32110543
1727784000,2024-10-01T12:00:00+00:00,2628.7,2633.34,2480.14,2523.73,47547.23951662
1727798400,2024-10-01T16:00:00+00:00,2523.62,2530.45,2426.93,2487.51,41023.86662029
1727812800,2024-10-01T20:00:00+00:00,2487.53,2491.44,2413.11,2447.55,25829.40955573
1727827200,2024-10-02T00:00:00+00:00,2447.54,2498.47,2441.24,2489.18,10841.95744127
1727841600,2024-10-02T04:00:00+00:00,2489.16,2492.2,2466.86,2480.72,7385.978204159999
1727856000,2024-10-02T08:00:00+00:00,2481.06,2486.62,2441.12,2454.39,6680.59706537
1727870400,2024-10-02T12:00:00+00:00,2454.76,2463.66,2418.18,2460.59,22072.24978188
1727884800,2024-10-02T16:00:00+00:00,2460.37,2478.56,2367.26,2371.19,29032.462654349998
1727899200,2024-10-02T20:00:00+00:00,2371.34,2392.44,2351.92,2363.76,15841.43889542
1727913600,2024-10-03T00:00:00+00:00,2363.51,2399.5,2352.19,2399.11,10475.31101648
1727928000,2024-10-03T04:00:00+00:00,2398.86,2403.08,2359.44,2364.43,6974.3742396
1727942400,2024-10-03T08:00:00+00:00,2364.35,2369.53,2318.87,2351.64,12715.81321268
1727956800,2024-10-03T12:00:00+00:00,2351.61,2365.67,2309.17,2339.99,23602.686813399996
1727971200,2024-10-03T16:00:00+00:00,2339.75,2354.2,2311.54,2353.3,14679.827606699999
1727985600,2024-10-03T20:00:00+00:00,2352.83,2357.93,2332.41,2349.97,6607.027450879999
1728000000,2024-10-04T00:00:00+00:00,2349.73,2379.47,2338.96,2366.64,9449.27805771
1728014400,2024-10-04T04:00:00+00:00,2366.64,2387.29,2365.45,2380.92,7612.45645468
1728028800,2024-10-04T08:00:00+00:00,2380.91,2393.25,2373.16,2385.63,3707.08703258
1728043200,2024-10-04T12:00:00+00:00,2385.71,2417.74,2352,2416.22,20936.88054991
1728057600,2024-10-04T16:00:00+00:00,2416.33,2440.96,2409.32,2428.62,16370.37403353
1728072000,2024-10-04T20:00:00+00:00,2429.39,2431.48,2412.21,2414.43,5351.090068709999
1728086400,2024-10-05T00:00:00+00:00,2414.43,2428.22,2390.04,2399.41,4268.59178967
1728100800,2024-10-05T04:00:00+00:00,2399.4,2426.6,2396.62,2414.83,2231.01409008
1728115200,2024-10-05T08:00:00+00:00,2414.83,2428.11,2414.77,2417.41,1603.94500746
1728129600,2024-10-05T12:00:00+00:00,2417.05,2424.07,2404.28,2415.09,3053.71013773
1728144000,2024-10-05T16:00:00+00:00,2414.92,2416,2392.68,2396.49,3698.65936438
1728158400,2024-10-05T20:00:00+00:00,2396.49,2419.56,2389.68,2414.51,2589.85060842
1728172800,2024-10-06T00:00:00+00:00,2414.89,2422.65,2406,2413.69,1751.6185383900001
1728187200,2024-10-06T04:00:00+00:00,2413.69,2421.19,2410.11,2417.54,1191.30749515
1728201600,2024-10-06T08:00:00+00:00,2417.51,2430.24,2415.63,2426.49,1070.38394974
1728216000,2024-10-06T12:00:00+00:00,2426.49,2457.57,2424.73,2446.34,3349.07466581
1728230400,2024-10-06T16:00:00+00:00,2446.5,2452.9,2435.45,2441.28,5780.69544168
1728244800,2024-10-06T20:00:00+00:00,2441.29,2444.61,2415.27,2439.84,4225.05994811
1728259200,2024-10-07T00:00:00+00:00,2439.36,2512.75,2435.37,2494.83,16256.622874700002
1728273600,2024-10-07T04:00:00+00:00,2494.76,2498.3,2477.03,2480.48,4218.78804302
1728288000,2024-10-07T08:00:00+00:00,2480.25,2488.73,2437.42,2474.78,9686.64226216
1728302400,2024-10-07T12:00:00+00:00,2475.02,2520.39,2461.36,2474.18,15392.546503709998
1728316800,2024-10-07T16:00:00+00:00,2473.82,2480.69,2419.72,2444.88,18252.44944743
1728331200,2024-10-07T20:00:00+00:00,2445.12,2457.04,2402.32,2421.68,10063.51763643
1728345600,2024-10-08T00:00:00+00:00,2421.68,2447.43,2421.68,2437.47,7430.66005349
1728360000,2024-10-08T04:00:00+00:00,2437.47,2445,2409.73,2427.85,5509.44907099
1728374400,2024-10-08T08:00:00+00:00,2427.28,2440.32,2416.97,2438.55,3566.08568529
1728388800,2024-10-08T12:00:00+00:00,2438.52,2452.36,2399.24,2418.59,18637.31700575
1728403200,2024-10-08T16:00:00+00:00,2418.52,2455,2410.03,2438.04,18806.95551563
1728417600,2024-10-08T20:00:00+00:00,2438.82,2464.51,2432.65,2439.48,6585.596919760001
1728432000,2024-10-09T00:00:00+00:00,2439.47,2472.09,2426,2445.45,6643.3134024500005
1728446400,2024-10-09T04:00:00+00:00,2445.17,2451.5,2430.27,2434.57,5087.58620527
1728460800,2024-10-09T08:00:00+00:00,2434.47,2440.68,2426.09,2439.82,4620.492915
1728475200,2024-10-09T12:00:00+00:00,2439.76,2470.06,2421.2,2459.22,17422.62157516
1728489600,2024-10-09T16:00:00+00:00,2459.22,2460.72,2405,2415.49,17514.910647869998
1728504000,2024-10-09T20:00:00+00:00,2415.52,2415.64,2349.63,2368.66,18034.14605639
1728518400,2024-10-10T00:00:00+00:00,2368.35,2398.61,2364.35,2392.75,9534.2202159
1728532800,2024-10-10T04:00:00+00:00,2392.76,2409.08,2388.69,2393.26,6674.4131419899995
1728547200,2024-10-10T08:00:00+00:00,2393.28,2405.38,2366.02,2403.72,8211.4662905
1728561600,2024-10-10T12:00:00+00:00,2403.41,2406.11,2366.99,2402.04,15880.947480310002
1728576000,2024-10-10T16:00:00+00:00,2402.03,2418.41,2327.83,2364.87,35989.34654401
1728590400,2024-10-10T20:00:00+00:00,2364.62,2384.89,2355.76,2384.32,10856.001821220001
1728604800,2024-10-11T00:00:00+00:00,2384.42,2414.86,2379.84,2409.15,12257.9635226
1728619200,2024-10-11T04:00:00+00:00,2409.23,2416.39,2401.15,2405.63,7144.00266173
1728633600,2024-10-11T08:00:00+00:00,2405.54,2424.01,2400.25,2416.15,6438.59242531
1728648000,2024-10-11T12:00:00+00:00,2416.33,2452.77,2412.92,2443.3,23484.1322435
1728662400,2024-10-11T16:00:00+00:00,2443.52,2471.1,2433.04,2459.7,20973.787985559997
1728676800,2024-10-11T20:00:00+00:00,2459.38,2462.26,2433.2,2438.77,9331.12369144
1728691200,2024-10-12T00:00:00+00:00,2439.15,2450.67,2433.43,2438.2,4080.4927108600004
1728705600,2024-10-12T04:00:00+00:00,2438.06,2450.76,2438.05,2445.81,3374.9634137800003
1728720000,2024-10-12T08:00:00+00:00,2445.81,2466.54,2441.84,2451.81,2897.835083
1728734400,2024-10-12T12:00:00+00:00,2451.75,2483.36,2447.64,2472.34,6753.69695424
1728748800,2024-10-12T16:00:00+00:00,2472.64,2486.13,2465.87,2471.77,5842.55523193
1728763200,2024-10-12T20:00:00+00:00,2471.77,2489.67,2468.07,2475.79,3882.28866323
1728777600,2024-10-13T00:00:00+00:00,2475.79,2484.44,2452.7,2457.55,4737.075322459999
1728792000,2024-10-13T04:00:00+00:00,2457.46,2468.62,2456.25,2464.6,2723.89419265
1728806400,2024-10-13T08:00:00+00:00,2464.46,2471.16,2457.12,2457.64,2430.72733361
1728820800,2024-10-13T12:00:00+00:00,2457.64,2469.83,2435.88,2439.7,5422.62991332
1728835200,2024-10-13T16:00:00+00:00,2439.73,2461.46,2437.04,2457.18,5570.192470849999
1728849600,2024-10-13T20:00:00+00:00,2457.47,2482.91,2451.78,2467.67,7231.16350201
1728864000,2024-10-14T00:00:00+00:00,2467.95,2524.24,2442.42,2519.31,10586.10886759
1728878400,2024-10-14T04:00:00+00:00,2519.45,2546.46,2509.97,2533.95,23438.760480520003
1728892800,2024-10-14T08:00:00+00:00,2533.94,2545.66,2517.82,2536.28,12455.61744517
1728907200,2024-10-14T12:00:00+00:00,2536.28,2642.24,2532.77,2634.32,49064.55407436001
1728921600,2024-10-14T16:00:00+00:00,2634.31,2639.44,2614.12,2619.94,23517.445192170002
1728936000,2024-10-14T20:00:00+00:00,2619.62,2653.03,2615.4,2628.74,15800.7089853
1728950400,2024-10-15T00:00:00+00:00,2628.75,2636.46,2607.36,2610.68,9734.820867679999
1728964800,2024-10-15T04:00:00+00:00,2610.8,2622.04,2588.57,2614.44,7423.19585478
1728979200,2024-10-15T08:00:00+00:00,2614.31,2621,2578.93,2585.12,8473.535381149999
1728993600,2024-10-15T12:00:00+00:00,2585.24,2687.63,2536.47,2572.49,73293.28952899
1729008000,2024-10-15T16:00:00+00:00,2572.57,2618.26,2570.35,2591.75,33682.32649492
1729022400,2024-10-15T20:00:00+00:00,2591.36,2608.52,2562.91,2606.63,14665.48193452
1729036800,2024-10-16T00:00:00+00:00,2606.73,2630,2588.05,2616.52,9480.63755621
1729051200,2024-10-16T04:00:00+00:00,2616.22,2624.35,2598.53,2606.38,12408.12821435
1729065600,2024-10-16T08:00:00+00:00,2606.55,2641.88,2604.62,2629.48,16602.59634047
1729080000,2024-10-16T12:00:00+00:00,2629.52,2646.91,2594.9,2607.14,32807.27383321
1729094400,2024-10-16T16:00:00+00:00,2607.09,2628.21,2591.16,2614.65,19398.571310389998
1729108800,2024-10-16T20:00:00+00:00,2614.55,2627.8,2608.29,2610.54,7245.918943940001
1729123200,2024-10-17T00:00:00+00:00,2610.56,2644.23,2609.28,2640.12,11385.022080570001
1729137600,2024-10-17T04:00:00+00:00,2640.12,2647.43,2617.94,2627.44,7210.2499107799995
1729152000,2024-10-17T08:00:00+00:00,2627.49,2629.58,2595,2596.88,7763.194158310001
1729166400,2024-10-17T12:00:00+00:00,2596.86,2632.76,2582.4,2630,19761.35245382
1729180800,2024-10-17T16:00:00+00:00,2630,2630.52,2574.29,2594.37,13618.2960024
1729195200,2024-10-17T20:00:00+00:00,2594.36,2613.8,2593.45,2604.91,7930.149198710001
1729209600,2024-10-18T00:00:00+00:00,2604.9,2650,2594.79,2609.02,15728.18607616
1729224000,2024-10-18T04:00:00+00:00,2608.97,2644.72,2607.97,2643.49,7472.4058851400005
1729238400,2024-10-18T08:00:00+00:00,2642.86,2649.23,2619.69,2621.03,5364.3943972199995
1729252800,2024-10-18T12:00:00+00:00,2621.02,2663.39,2611.17,2653.08,20198.898172319998
1729267200,2024-10-18T16:00:00+00:00,2652.58,2676.07,2629.17,2651.34,25355.3800723
1729281600,2024-10-18T20:00:00+00:00,2651.09,2652.2,2633.02,2641.98,8525.09565186
1729296000,2024-10-19T00:00:00+00:00,2642,2662.99,2634.45,2645.79,4480.86580047
1729310400,2024-10-19T04:00:00+00:00,2645.91,2650.59,2637.57,2640.88,2586.82734389
1729324800,2024-10-19T08:00:00+00:00,2640.88,2648.46,2630.83,2630.98,2357.30923953
1729339200,2024-10-19T12:00:00+00:00,2631.21,2653.92,2630.82,2645.56,3079.3406525
1729353600,2024-10-19T16:00:00+00:00,2645.56,2646.38,2636.77,2641.23,2493.71804462
1729368000,2024-10-19T20:00:00+00:00,2641.23,2654.86,2640.53,2647.97,2750.89952386
1729382400,2024-10-20T00:00:00+00:00,2647.97,2653.15,2635.16,2639.39,3524.53297654
1729396800,2024-10-20T04:00:00+00:00,2639.55,2651.52,2637.98,2645.79,1867.74437932
1729411200,2024-10-20T08:00:00+00:00,2645.79,2651.4,2642.79,2649.06,1357.4153528200002
1729425600,2024-10-20T12:00:00+00:00,2649.12,2719.48,2641.51,2705.49,10750.405087699999
1729440000,2024-10-20T16:00:00+00:00,2705.25,2708.59,2685.5,2699.06,6618.299844720001
1729454400,2024-10-20T20:00:00+00:00,2699.14,2758.08,2696.11,2746.22,17996.5423799
1729468800,2024-10-21T00:00:00+00:00,2745.91,2768.22,2724.1,2732.9,11991.086001829999
1729483200,2024-10-21T04:00:00+00:00,2732.78,2743.41,2720.29,2720.68,6920.82247381
1729497600,2024-10-21T08:00:00+00:00,2720.84,2727.64,2699.69,2703.21,7457.2000044999995
1729512000,2024-10-21T12:00:00+00:00,2702.99,2709.85,2657.51,2678.3,19460.22927158
1729526400,2024-10-21T16:00:00+00:00,2678.1,2683.23,2653.94,2678.68,12070.24503527
1729540800,2024-10-21T20:00:00+00:00,2678.69,2682.62,2663.86,2665.35,9146.59330136
1729555200,2024-10-22T00:00:00+00:00,2665.25,2670.37,2611.97,2643.2,14008.92361184
1729569600,2024-10-22T04:00:00+00:00,2642.75,2657.46,2633.57,2644.51,5617.41101257
1729584000,2024-10-22T08:00:00+00:00,2644.77,2647.45,2611.27,2630.82,10635.90757915
1729598400,2024-10-22T12:00:00+00:00,2630.82,2643.03,2603.37,2622.51,18298.32601485
1729612800,2024-10-22T16:00:00+00:00,2622.44,2632.22,2604.75,2625.61,12445.52221817
1729627200,2024-10-22T20:00:00+00:00,2625.61,2642.65,2616.46,2620.84,9703.64244934
1729641600,2024-10-23T00:00:00+00:00,2620.84,2626.29,2599.16,2614.26,10101.68356317
1729656000,2024-10-23T04:00:00+00:00,2614.28,2622.68,2600.21,2600.29,4598.86067208
1729670400,2024-10-23T08:00:00+00:00,2600.28,2606.88,2561.67,2578.59,9060.22705767
1729684800,2024-10-23T12:00:00+00:00,2578.87,2584.95,2527.43,2537.79,13225.8265114
1729699200,2024-10-23T16:00:00+00:00,2537.79,2540.49,2448.36,2509.14,27958.260271360003
1729713600,2024-10-23T20:00:00+00:00,2509.15,2525.77,2498.53,2521.94,13423.58974181
1729728000,2024-10-24T00:00:00+00:00,2521.91,2557.47,2506.6,2541.56,13396.64929326
1729742400,2024-10-24T04:00:00+00:00,2541.75,2559.24,2537.25,2541.42,7518.54307546
1729756800,2024-10-24T08:00:00+00:00,2541.33,2548.2,2506.17,2526.37,7521.09087362
1729771200,2024-10-24T12:00:00+00:00,2526.37,2543.06,2510.68,2523.41,18178.77319298
1729785600,2024-10-24T16:00:00+00:00,2523.35,2539.92,2504.7,2538.01,15238.23482962
1729800000,2024-10-24T20:00:00+00:00,2538.04,2558,2524.98,2533.99,11597.18457912
1729814400,2024-10-25T00:00:00+00:00,2534,2536.78,2507.9,2520.13,7636.93182271
1729828800,2024-10-25T04:00:00+00:00,2519.79,2520.83,2460.3,2482.51,17240.45944219
1729843200,2024-10-25T08:00:00+00:00,2482.33,2545.05,2476.12,2543.11,11188.01067028
1729857600,2024-10-25T12:00:00+00:00,2543.21,2564.84,2506.39,2523.43,27370.28272359
1729872000,2024-10-25T16:00:00+00:00,2523.21,2535.75,2450.09,2471.59,42931.41795123
1729886400,2024-10-25T20:00:00+00:00,2471.32,2492.01,2379.35,2436.01,31477.27573249
1729900800,2024-10-26T00:00:00+00:00,2435.81,2453.51,2425.54,2448.29,10792.664003639999
1729915200,2024-10-26T04:00:00+00:00,2448.55,2476.29,2447.58,2462.49,6485.6350080699995
1729929600,2024-10-26T08:00:00+00:00,2462.5,2475.66,2460.11,2469.7,4762.90546327
1729944000,2024-10-26T12:00:00+00:00,2469.56,2475.61,2438.69,2453,5808.1510905000005
1729958400,2024-10-26T16:00:00+00:00,2454.47,2484.64,2438.66,2483.24,4301.5059023
1729972800,2024-10-26T20:00:00+00:00,2483.26,2503.73,2478.51,2479.49,8404.44397052
1729987200,2024-10-27T00:00:00+00:00,2479.49,2481.52,2466.24,2481.17,4527.54437738
1730001600,2024-10-27T04:00:00+00:00,2481.1,2483.6,2474.26,2477.76,2301.4687402600002
1730016000,2024-10-27T08:00:00+00:00,2477.74,2481.12,2460.47,2466.42,3225.98264869
1730030400,2024-10-27T12:00:00+00:00,2466.29,2502.18,2465.93,2498.85,6663.70080805
1730044800,2024-10-27T16:00:00+00:00,2498.74,2507.33,2482.78,2491.26,6310.05830484
1730059200,2024-10-27T20:00:00+00:00,2491.3,2524.39,2487.57,2504.69,7600.53606688
1730073600,2024-10-28T00:00:00+00:00,2504.72,2509.18,2468.81,2474.84,7503.353793870001
1730088000,2024-10-28T04:00:00+00:00,2474.72,2523.18,2470.3,2508.16,7264.86937466
1730102400,2024-10-28T08:00:00+00:00,2508.16,2541.29,2502.04,2523.98,7348.07612998
1730116800,2024-10-28T12:00:00+00:00,2523.98,2533.66,2495.89,2498.71,25523.450262110004
1730131200,2024-10-28T16:00:00+00:00,2498.6,2523.11,2486.35,2505.39,26662.202744249997
1730145600,2024-10-28T20:00:00+00:00,2505.49,2588,2503.9,2565.66,20386.96172128
1730160000,2024-10-29T00:00:00+00:00,2565.66,2631.04,2559.3,2605.12,20119.82389244
1730174400,2024-10-29T04:00:00+00:00,2605.13,2624.29,2605.13,2611.45,16075.60513801
1730188800,2024-10-29T08:00:00+00:00,2611.41,2637.54,2610.55,2629.88,9357.67727052
1730203200,2024-10-29T12:00:00+00:00,2629.74,2650,2609.57,2647.83,25755.88811673
1730217600,2024-10-29T16:00:00+00:00,2647.81,2681.78,2622.22,2623.9,29654.24415847
1730232000,2024-10-29T20:00:00+00:00,2624.34,2647.39,2605.95,2637.85,14531.172375009999
1730246400,2024-10-30T00:00:00+00:00,2638.11,2650.49,2598.87,2640.81,13005.088936330001
1730260800,2024-10-30T04:00:00+00:00,2640.81,2683.31,2635.36,2667.79,10445.29643699
1730275200,2024-10-30T08:00:00+00:00,2667.79,2695.34,2656.19,2658.01,11607.85304887
1730289600,2024-10-30T12:00:00+00:00,2657.98,2721.09,2651.48,2682.33,40033.55893219
1730304000,2024-10-30T16:00:00+00:00,2682.33,2695.13,2652.22,2655.32,26537.25133
1730318400,2024-10-30T20:00:00+00:00,2654.43,2684.68,2635.14,2658.16,22037.876555169998
1730332800,2024-10-31T00:00:00+00:00,2658.15,2668.12,2636.98,2655.69,11715.94677563
1730347200,2024-10-31T04:00:00+00:00,2656.07,2657.21,2630.78,2646.18,6670.28525091
1730361600,2024-10-31T08:00:00+00:00,2645.94,2647.56,2624.6,2638.28,7398.786056499999
1730376000,2024-10-31T12:00:00+00:00,2638.18,2640.9,2540.44,2561.38,30860.665789169998
1730390400,2024-10-31T16:00:00+00:00,2561.01,2562.21,2504.54,2510.65,21169.03696193
1730404800,2024-10-31T20:00:00+00:00,2510.38,2524.8,2500,2514.84,15996.27854382
1730419200,2024-11-01T00:00:00+00:00,2514.74,2529.09,2464.83,2500.07,13214.46273358
1730433600,2024-11-01T04:00:00+00:00,2500.06,2513.29,2483.35,2501.37,5604.34205128
1730448000,2024-11-01T08:00:00+00:00,2501.18,2523.62,2492.16,2513.15,8383.98852999
1730462400,2024-11-01T12:00:00+00:00,2513.15,2585.26,2480.56,2499.35,26985.305553129998
1730476800,2024-11-01T16:00:00+00:00,2499.08,2537.26,2493.71,2512.43,20039.48698944
1730491200,2024-11-01T20:00:00+00:00,2512.4,2525.67,2484.58,2510.27,7314.3661952
1730505600,2024-11-02T00:00:00+00:00,2510.27,2522.48,2500.75,2505.88,4483.95151861
1730520000,2024-11-02T04:00:00+00:00,2505.94,2512.61,2498.52,2506.23,2416.4005307400002
1730534400,2024-11-02T08:00:00+00:00,2506.22,2509.32,2490.35,2501.07,2694.38903514
1730548800,2024-11-02T12:00:00+00:00,2500.92,2503.62,2469.7,2488,7817.8268289200005
1730563200,2024-11-02T16:00:00+00:00,2487.92,2496.65,2478.73,2492.42,4167.124748859999
1730577600,2024-11-02T20:00:00+00:00,2492.41,2497.21,2484.25,2493.44,3464.0075561099998
1730592000,2024-11-03T00:00:00+00:00,2493.5,2496.01,2420.38,2448.68,13895.16783027
1730606400,2024-11-03T04:00:00+00:00,2448.65,2462.51,2440.25,2448.71,5328.77377709
1730620800,2024-11-03T08:00:00+00:00,2448.65,2461.62,2442.48,2453.4,6334.452635860001
1730635200,2024-11-03T12:00:00+00:00,2453.38,2459.33,2412.21,2441.54,9941.19372402
1730649600,2024-11-03T16:00:00+00:00,2441.53,2458.22,2409.53,2451.73,11985.81493503
1730664000,2024-11-03T20:00:00+00:00,2451.84,2474.1,2446.07,2456.57,9312.78983233
1730678400,2024-11-04T00:00:00+00:00,2456.15,2489.44,2434.02,2472.03,6278.03304479
1730692800,2024-11-04T04:00:00+00:00,2472.01,2480.36,2455.14,2457.44,3669.5173258699997
1730707200,2024-11-04T08:00:00+00:00,2457.08,2476.24,2445.52,2468.03,4310.65231339
1730721600,2024-11-04T12:00:00+00:00,2468.19,2483.81,2430.25,2441.52,10990.00242543
1730736000,2024-11-04T16:00:00+00:00,2440.95,2445.16,2404.01,2428.26,16875.85233066
1730750400,2024-11-04T20:00:00+00:00,2428.27,2429.81,2355.43,2397,21554.76614171
1730764800,2024-11-05T00:00:00+00:00,2396.62,2419.37,2379.3,2418.68,12626.44355159
1730779200,2024-11-05T04:00:00+00:00,2418.58,2443.81,2415.51,2441.68,7195.05807143
1730793600,2024-11-05T08:00:00+00:00,2441.68,2446.35,2428.79,2439.34,5507.47715221
1730808000,2024-11-05T12:00:00+00:00,2439.53,2479.58,2426.86,2440.68,23172.233929050002
1730822400,2024-11-05T16:00:00+00:00,2440.39,2474.31,2400.7,2408.19,24734.20181401
1730836800,2024-11-05T20:00:00+00:00,2408.36,2439.84,2401.76,2422.24,15404.204253380003
1730851200,2024-11-06T00:00:00+00:00,2422.24,2635,2420.14,2579.18,60425.42639145
1730865600,2024-11-06T04:00:00+00:00,2579.09,2643.66,2561.42,2595.18,52236.21458808
1730880000,2024-11-06T08:00:00+00:00,2595.19,2638.76,2571.79,2629.96,19706.71280401
1730894400,2024-11-06T12:00:00+00:00,2629.95,2668.32,2609.08,2635.61,38204.28727056
1730908800,2024-11-06T16:00:00+00:00,2635.61,2691.59,2607.57,2690.96,39104.14920852
1730923200,2024-11-06T20:00:00+00:00,2691.01,2746.83,2672.14,2724.27,38580.44481445
1730937600,2024-11-07T00:00:00+00:00,2724.27,2881.5,2701.52,2854.26,50606.20028481
1730952000,2024-11-07T04:00:00+00:00,2854.26,2857.08,2781.4,2821.83,29202.44019526
1730966400,2024-11-07T08:00:00+00:00,2821.6,2832.02,2791.48,2793.77,15217.119927759999
1730980800,2024-11-07T12:00:00+00:00,2793.77,2851.11,2778.01,2850.03,40412.26135467
1730995200,2024-11-07T16:00:00+00:00,2850.12,2896.96,2826.77,2888.57,54694.72596687
1731009600,2024-11-07T20:00:00+00:00,2888.57,2920.62,2866.33,2897.65,45121.41970353
1731024000,2024-11-08T00:00:00+00:00,2897.65,2957.56,2888.99,2905.03,31936.476440159997
1731038400,2024-11-08T04:00:00+00:00,2905.07,2926.71,2894.89,2917.41,21413.172159579997
1731052800,2024-11-08T08:00:00+00:00,2917.45,2934.19,2897.42,2917.59,13124.75149151
1731067200,2024-11-08T12:00:00+00:00,2917.59,2959.98,2904.4,2940.22,37778.29120464
1731081600,2024-11-08T16:00:00+00:00,2940.22,2986.13,2892.6,2954.68,49672.80108408
1731096000,2024-11-08T20:00:00+00:00,2954.68,2978.02,2918.28,2964.09,28168.36420111
1731110400,2024-11-09T00:00:00+00:00,2964.09,2997.53,2956.8,2967.91,13819.38873848
1731124800,2024-11-09T04:00:00+00:00,2967.88,3061.6,2957.06,3032.4,24804.208145200002
1731139200,2024-11-09T08:00:00+00:00,3032.38,3058.2,3023.26,3053.42,14004.647758259998
1731153600,2024-11-09T12:00:00+00:00,3053.42,3056.68,3030.07,3042.54,13048.9830223
1731168000,2024-11-09T16:00:00+00:00,3042.12,3096.47,2992.73,3072.01,23908.79977282
1731182400,2024-11-09T20:00:00+00:00,3071.99,3158.83,3067.15,3127.97,24424.434326130002
1731196800,2024-11-10T00:00:00+00:00,3127.96,3164.28,3106.12,3137.33,22825.17721913
1731211200,2024-11-10T04:00:00+00:00,3136.95,3219.54,3132.15,3186.58,28971.164161620003
1731225600,2024-11-10T08:00:00+00:00,3186.72,3231.88,3170,3222.09,17234.701208680002
1731240000,2024-11-10T12:00:00+00:00,3221.94,3238.12,3170.19,3211.98,21238.94777964
1731254400,2024-11-10T16:00:00+00:00,3212.09,3251.25,3144.64,3166.28,36997.09619269
1731268800,2024-11-10T20:00:00+00:00,3166.27,3227.11,3069.19,3186.07,41810.456544349996
1731283200,2024-11-11T00:00:00+00:00,3186.03,3224.9,3173.91,3197.76,28740.07726342
1731297600,2024-11-11T04:00:00+00:00,3197.76,3199.59,3108.1,3142.75,20078.774579030003
1731312000,2024-11-11T08:00:00+00:00,3142.82,3213.94,3134.68,3200.49,16890.77775385
1731326400,2024-11-11T12:00:00+00:00,3200.49,3262.15,3141.06,3242.28,52754.24460569001
1731340800,2024-11-11T16:00:00+00:00,3241.51,3351.07,3237.76,3306.91,77726.31360748
1731355200,2024-11-11T20:00:00+00:00,3306.89,3391.61,3284.94,3375.78,68172.25414139
1731369600,2024-11-12T00:00:00+00:00,3375.79,3379.12,3253.22,3340.41,41842.936312330006
1731384000,2024-11-12T04:00:00+00:00,3340.35,3396,3320.64,3372.71,26790.31479467
1731398400,2024-11-12T08:00:00+00:00,3372.75,3446.98,3211,3285.64,58181.938449450005
1731412800,2024-11-12T12:00:00+00:00,3285.64,3299.93,3210.57,3264.64,61545.25837076
1731427200,2024-11-12T16:00:00+00:00,3264.34,3310.03,3212.19,3277.53,45545.18240481001
1731441600,2024-11-12T20:00:00+00:00,3278.16,3310.31,3242.82,3247.21,43598.67707853
1731456000,2024-11-13T00:00:00+00:00,3247.54,3290,3207.34,3212.67,26591.37367833
1731470400,2024-11-13T04:00:00+00:00,3212.36,3234.73,3120.8,3165.05,33170.95446662
1731484800,2024-11-13T08:00:00+00:00,3165.17,3195.52,3145.57,3172.11,13460.76207671
1731499200,2024-11-13T12:00:00+00:00,3172.11,3333.99,3156.98,3317.12,52209.98428741
1731513600,2024-11-13T16:00:00+00:00,3317.64,3339,3157.67,3162.7,65723.40181329
1731528000,2024-11-13T20:00:00+00:00,3162.69,3202.09,3121.57,3191.45,36305.844962049996
1731542400,2024-11-14T00:00:00+00:00,3191.34,3231.07,3167,3219.35,20484.2729877
1731556800,2024-11-14T04:00:00+00:00,3219.69,3242.75,3175.52,3219.79,13445.991934099999
1731571200,2024-11-14T08:00:00+00:00,3219.79,3232.96,3157.45,3186.99,13058.635557250002
1731585600,2024-11-14T12:00:00+00:00,3187.14,3201.31,3060.27,3078.21,45673.915990120004
1731600000,2024-11-14T16:00:00+00:00,3078.49,3181.6,3071.54,3146.42,27305.29499023
1731614400,2024-11-14T20:00:00+00:00,3146.56,3146.56,3028.32,3059.04,28329.56477011
1731628800,2024-11-15T00:00:00+00:00,3058.89,3093.11,3035,3083.66,16392.795833610002
1731643200,2024-11-15T04:00:00+00:00,3083.66,3083.81,3015.01,3040.39,10863.76031252
1731657600,2024-11-15T08:00:00+00:00,3040.47,3114.58,3023.09,3104.33,14234.83910054
1731672000,2024-11-15T12:00:00+00:00,3104.33,3131.68,3012.94,3022.96,33962.84261653
1731686400,2024-11-15T16:00:00+00:00,3022.95,3059.95,3014.56,3040.12,40967.39688877
1731700800,2024-11-15T20:00:00+00:00,3040.29,3121.65,3038.4,3090.76,32147.61438663
1731715200,2024-11-16T00:00:00+00:00,3090.76,3158.49,3072.9,3156.43,15500.197340350001
1731729600,2024-11-16T04:00:00+00:00,3156.15,3166.26,3102.7,3107.85,9386.4686036
1731744000,2024-11-16T08:00:00+00:00,3107.86,3196.5,3104.38,3195.62,8808.731614100001
1731758400,2024-11-16T12:00:00+00:00,3195.73,3220,3121.56,3141.84,23315.76356831
1731772800,2024-11-16T16:00:00+00:00,3141.71,3186.57,3128.43,3170.56,11562.625972900001
1731787200,2024-11-16T20:00:00+00:00,3170.36,3176.72,3123.81,3134.25,8344.39449758
1731801600,2024-11-17T00:00:00+00:00,3134.48,3155,3036.64,3081.79,15946.39635532
1731816000,2024-11-17T04:00:00+00:00,3082.05,3147.15,3071.65,3136.24,15536.17638094
1731830400,2024-11-17T08:00:00+00:00,3136.81,3161.96,3100.76,3105.36,8951.062104330002
1731844800,2024-11-17T12:00:00+00:00,3105.02,3126.85,3067.31,3086.39,10855.23123004
1731859200,2024-11-17T16:00:00+00:00,3086.23,3115.97,3071.68,3097.53,10485.51720789
1731873600,2024-11-17T20:00:00+00:00,3097.56,3106.89,3043.05,3076.79,14543.940424119999
1731888000,2024-11-18T00:00:00+00:00,3076.79,3124.99,3069.46,3111.7,13921.60317064
1731902400,2024-11-18T04:00:00+00:00,3111.77,3149.82,3096.04,3130.73,11019.557089159998
1731916800,2024-11-18T08:00:00+00:00,3130.73,3140.02,3050.83,3056.47,12981.41150263
1731931200,2024-11-18T12:00:00+00:00,3056.47,3158.47,3051.3,3144.64,31762.323891059998
1731945600,2024-11-18T16:00:00+00:00,3144.65,3200,3091.82,3129.08,44215.08166995
1731960000,2024-11-18T20:00:00+00:00,3128.95,3226.8,3125,3209.21,25340.79474657
1731974400,2024-11-19T00:00:00+00:00,3209.42,3222.83,3145,3150.59,18243.096078689996
1731988800,2024-11-19T04:00:00+00:00,3150.52,3161.62,3110.56,3119.77,12468.92838314
1732003200,2024-11-19T08:00:00+00:00,3120.02,3131.78,3093.35,3128.42,14035.4338051
1732017600,2024-11-19T12:00:00+00:00,3128.42,3151.75,3077.22,3106.97,25985.40454831
1732032000,2024-11-19T16:00:00+00:00,3107.15,3148.37,3102.4,3125.94,31129.9126031
1732046400,2024-11-19T20:00:00+00:00,3125.91,3134.85,3070,3111.7,22078.83060773
1732060800,2024-11-20T00:00:00+00:00,3111.63,3129.23,3075,3099.52,16766.60887996
1732075200,2024-11-20T04:00:00+00:00,3099.31,3118.5,3090.81,3112.31,8751.63970498
1732089600,2024-11-20T08:00:00+00:00,3111.9,3137.88,3086.99,3103.04,13135.557994589999
1732104000,2024-11-20T12:00:00+00:00,3103.04,3161.97,3083.97,3133.17,29584.685783409997
1732118400,2024-11-20T16:00:00+00:00,3133.17,3137.95,3031.38,3061.04,39706.98472033
1732132800,2024-11-20T20:00:00+00:00,3061.04,3095.69,3046.65,3072.24,20875.17035525
1732147200,2024-11-21T00:00:00+00:00,3072.33,3104.17,3034.15,3085.04,22013.138092369998
1732161600,2024-11-21T04:00:00+00:00,3085.04,3145.75,3083.47,3138.24,31763.02211589
1732176000,2024-11-21T08:00:00+00:00,3138.22,3155.78,3120,3148.58,16196.075430159999
1732190400,2024-11-21T12:00:00+00:00,3148.58,3373,3146.53,3279.03,105995.49017323999
1732204800,2024-11-21T16:00:00+00:00,3278.61,3390.35,3278.61,3349.72,55539.382880640005
1732219200,2024-11-21T20:00:00+00:00,3350,3383.14,3337.23,3359.9,31667.495566679998
1732233600,2024-11-22T00:00:00+00:00,3360.11,3383.74,3308.27,3369.43,25994.56663875
1732248000,2024-11-22T04:00:00+00:00,3369.75,3429.69,3358.35,3366.62,26179.80529714
1732262400,2024-11-22T08:00:00+00:00,3367.1,3387.13,3314,3347.49,16360.521907459999
1732276800,2024-11-22T12:00:00+00:00,3347.53,3360.8,3260.78,3317.52,39981.49029949
1732291200,2024-11-22T16:00:00+00:00,3317.52,3325.53,3268,3285.83,32658.359223960004
1732305600,2024-11-22T20:00:00+00:00,3285.52,3334.2,3276.53,3331.77,27326.28473737
1732320000,2024-11-23T00:00:00+00:00,3332.16,3369.38,3316.55,3349.35,24377.96375517
1732334400,2024-11-23T04:00:00+00:00,3349.36,3365.5,3330.15,3345.6,15121.41966341
1732348800,2024-11-23T08:00:00+00:00,3345.63,3406.42,3340,3358.32,17245.90765572
1732363200,2024-11-23T12:00:00+00:00,3358.32,3500,3353.02,3467.35,40583.04218307
1732377600,2024-11-23T16:00:00+00:00,3467.34,3477.59,3386.62,3411.87,28825.97960288
1732392000,2024-11-23T20:00:00+00:00,3411.5,3431.97,3381.77,3397.51,18190.47788335
1732406400,2024-11-24T00:00:00+00:00,3397.51,3453.9,3392.16,3431.07,13318.9828953
1732420800,2024-11-24T04:00:00+00:00,3431.19,3436.38,3402.03,3426.43,10500.529820400001
1732435200,2024-11-24T08:00:00+00:00,3426.22,3432.07,3344.18,3348.99,11636.1337476
1732449600,2024-11-24T12:00:00+00:00,3348.84,3361.6,3286.25,3296,22230.839920420003
1732464000,2024-11-24T16:00:00+00:00,3296,3335.7,3289,3328.24,14703.68104359
1732478400,2024-11-24T20:00:00+00:00,3328.25,3375.52,3323,3365.16,11531.671920069999
1732492800,2024-11-25T00:00:00+00:00,3365.17,3373.47,3304.11,3365.83,11815.80853321
1732507200,2024-11-25T04:00:00+00:00,3366.15,3423.48,3364.35,3403.54,10323.84901392
1732521600,2024-11-25T08:00:00+00:00,3403.19,3529.27,3400.22,3474.87,30025.043122299998
1732536000,2024-11-25T12:00:00+00:00,3474.87,3538.27,3348.26,3518.69,68265.75929837
1732550400,2024-11-25T16:00:00+00:00,3518.68,3546.99,3424.61,3464.02,58267.422433910004
1732564800,2024-11-25T20:00:00+00:00,3464.03,3506.75,3362.9,3414.72,59174.24988597
1732579200,2024-11-26T00:00:00+00:00,3414.64,3462.89,3395.68,3435.64,23529.751290109998
1732593600,2024-11-26T04:00:00+00:00,3435.59,3444.29,3383.02,3395.24,14590.25910922
1732608000,2024-11-26T08:00:00+00:00,3394.82,3398.09,3278.61,3323.16,35718.98393144
1732622400,2024-11-26T12:00:00+00:00,3323.07,3362.63,3288.76,3297.05,35263.28832342
1732636800,2024-11-26T16:00:00+00:00,3297.14,3340,3252.6,3301.02,29981.24736389
1732651200,2024-11-26T20:00:00+00:00,3300.48,3343.52,3286.95,3323.67,24050.38509965
1732665600,2024-11-27T00:00:00+00:00,3323.67,3370.7,3300.76,3359.72,14894.68563129
1732680000,2024-11-27T04:00:00+00:00,3359.59,3444.28,3357.66,3423.55,18515.07951256
1732694400,2024-11-27T08:00:00+00:00,3423.11,3484.92,3402.05,3460.84,13602.272139730001
1732708800,2024-11-27T12:00:00+00:00,3460.83,3575,3441.93,3556.1,57301.13396842001
1732723200,2024-11-27T16:00:00+00:00,3555.86,3617.12,3537.3,3595.36,61760.220744770006
1732737600,2024-11-27T20:00:00+00:00,3595.23,3688.54,3593.34,3657.63,49250.49471472
1732752000,2024-11-28T00:00:00+00:00,3657.2,3665.28,3568.97,3602.67,26183.13080546
1732766400,2024-11-28T04:00:00+00:00,3602.34,3621.67,3569.85,3594.71,12685.255678279998
1732780800,2024-11-28T08:00:00+00:00,3595.19,3639.7,3576.24,3621.54,14321.74129943
1732795200,2024-11-28T12:00:00+00:00,3621.03,3643.31,3537.54,3542.39,23889.154692969998
1732809600,2024-11-28T16:00:00+00:00,3542.39,3585.44,3530.02,3575.52,17204.99341457
1732824000,2024-11-28T20:00:00+00:00,3575.52,3598.94,3550.19,3579.11,12240.65579958
1732838400,2024-11-29T00:00:00+00:00,3579.48,3603,3551.14,3584.46,15400.78814734
1732852800,2024-11-29T04:00:00+00:00,3584.46,3596.17,3536.44,3545.53,10380.35721631
1732867200,2024-11-29T08:00:00+00:00,3545.77,3601.21,3545.49,3596.07,11738.419534969998
1732881600,2024-11-29T12:00:00+00:00,3596.19,3650,3575.46,3619.44,57723.49248699
1732896000,2024-11-29T16:00:00+00:00,3619.45,3625.78,3562.18,3586,27173.09095511
1732910400,2024-11-29T20:00:00+00:00,3586.09,3606.75,3578.89,3593.67,15150.49817636
1732924800,2024-11-30T00:00:00+00:00,3593.38,3661.6,3569.63,3657.72,18283.10004303
1732939200,2024-11-30T04:00:00+00:00,3657.78,3727.91,3636.12,3703.82,19234.733375689997
1732953600,2024-11-30T08:00:00+00:00,3704.03,3719.82,3633.17,3655.29,10428.57590675
1732968000,2024-11-30T12:00:00+00:00,3655.27,3686.93,3653.07,3676.06,10507.019561469999
1732982400,2024-11-30T16:00:00+00:00,3675.77,3698.47,3658.64,3690.97,10596.589429029998
1732996800,2024-11-30T20:00:00+00:00,3690.97,3740.63,3687.85,3706.35,24177.74566374
1733011200,2024-12-01T00:00:00+00:00,3706.35,3732.37,3661.12,3707.88,17844.89407087
1733025600,2024-12-01T04:00:00+00:00,3707.89,3719.59,3683.73,3703.97,7460.43715663
1733040000,2024-12-01T08:00:00+00:00,3703.97,3719.76,3677.5,3694.35,7222.145519989999
1733054400,2024-12-01T12:00:00+00:00,3694.36,3748.29,3681.22,3731.51,12727.664690770001
1733068800,2024-12-01T16:00:00+00:00,3731.49,3748.15,3695,3709.67,18739.92847968
1733083200,2024-12-01T20:00:00+00:00,3709.46,3736.92,3681,3710.24,17388.84552614
1733097600,2024-12-02T00:00:00+00:00,3710.08,3762.72,3676.98,3687.67,26151.52240236
1733112000,2024-12-02T04:00:00+00:00,3687,3711.45,3575,3668.59,27813.33609877
1733126400,2024-12-02T08:00:00+00:00,3668.58,3674.7,3569.63,3588.94,23764.346125229997
1733140800,2024-12-02T12:00:00+00:00,3589.34,3685,3583.19,3674.86,31519.89010567
1733155200,2024-12-02T16:00:00+00:00,3674.89,3684.2,3556.03,3611.58,40565.448817259996
1733169600,2024-12-02T20:00:00+00:00,3611.61,3646.1,3599.5,3644.52,25785.55094755
1733184000,2024-12-03T00:00:00+00:00,3644.51,3658.81,3608.56,3640.12,20795.35427882
1733198400,2024-12-03T04:00:00+00:00,3640.03,3671.71,3600.03,3617,19547.73116424
1733212800,2024-12-03T08:00:00+00:00,3617,3635.1,3586.19,3614.22,11198.56801891
1733227200,2024-12-03T12:00:00+00:00,3614.23,3618.4,3502.29,3573.23,49800.704091349995
1733241600,2024-12-03T16:00:00+00:00,3573.23,3596.61,3537.91,3578.23,42476.70780674
1733256000,2024-12-03T20:00:00+00:00,3578.22,3636.21,3575.96,3617.59,27783.21845244
1733270400,2024-12-04T00:00:00+00:00,3617.82,3710,3616.92,3664.59,35685.90467247
1733284800,2024-12-04T04:00:00+00:00,3664.25,3724.69,3662.45,3718.12,15399.8624261
1733299200,2024-12-04T08:00:00+00:00,3718.12,3754,3699.17,3730.77,15834.914553909999
1733313600,2024-12-04T12:00:00+00:00,3730.77,3858.31,3691.8,3826.39,72101.40164659
1733328000,2024-12-04T16:00:00+00:00,3826.24,3850,3736.87,3847.81,63196.45365062
1733342400,2024-12-04T20:00:00+00:00,3847.79,3899.21,3829.38,3843.33,69642.75557486
1733356800,2024-12-05T00:00:00+00:00,3843.84,3909.27,3772.16,3835.76,70883.79466313
1733371200,2024-12-05T04:00:00+00:00,3836.1,3884.65,3822.71,3853.2,31957.11962064
1733385600,2024-12-05T08:00:00+00:00,3853.55,3947.24,3852.25,3933.8,26835.126773099997
1733400000,2024-12-05T12:00:00+00:00,3934.12,3960,3864.66,3891.34,49513.92360976
1733414400,2024-12-05T16:00:00+00:00,3891.79,3928.82,3820.27,3831.59,41008.951356100006
1733428800,2024-12-05T20:00:00+00:00,3831.66,3865.79,3681,3788.93,59785.2918465
1733443200,2024-12-06T00:00:00+00:00,3789.07,3915.9,3781.2,3909.38,27915.05538297
1733457600,2024-12-06T04:00:00+00:00,3909.11,3931.78,3875.02,3896.33,15951.372682690002
1733472000,2024-12-06T08:00:00+00:00,3896.38,3912.56,3848.32,3869.75,11277.28629454
1733486400,2024-12-06T12:00:00+00:00,3869.75,4046,3836.04,3997.73,68721.31919698001
1733500800,2024-12-06T16:00:00+00:00,3997.49,4082.11,3985.27,4074.99,72138.71828936
1733515200,2024-12-06T20:00:00+00:00,4075,4096,3996.55,4004.83,42311.08330587
1733529600,2024-12-07T00:00:00+00:00,4005.37,4030.27,3976.15,3992.7,14997.528978610002
1733544000,2024-12-07T04:00:00+00:00,3992.86,4009.03,3973.19,3991.28,8476.81395434
1733558400,2024-12-07T08:00:00+00:00,3991.39,4012.51,3978.35,4002.29,9940.18559153
1733572800,2024-12-07T12:00:00+00:00,4002.3,4012.51,3980,4008.54,11436.6895999
1733587200,2024-12-07T16:00:00+00:00,4008.54,4024.94,3990,4015.97,13645.25559383
1733601600,2024-12-07T20:00:00+00:00,4015.97,4027.53,3996.01,4000.01,9955.442660010001
1733616000,2024-12-08T00:00:00+00:00,4000.02,4012.99,3989.36,3991.97,8579.258710200002
1733630400,2024-12-08T04:00:00+00:00,3991.96,3998.66,3961.57,3982.82,6845.733112649999
1733644800,2024-12-08T08:00:00+00:00,3982.82,3983.7,3926.45,3973.91,6458.65420037
1733659200,2024-12-08T12:00:00+00:00,3973.92,4006.48,3959.18,3993.64,8849.542745409999
1733673600,2024-12-08T16:00:00+00:00,3993.65,4002.7,3965.87,3991.28,7674.95495552
1733688000,2024-12-08T20:00:00+00:00,3991.28,4018.5,3975,4006.75,14688.39694607
1733702400,2024-12-09T00:00:00+00:00,4007.38,4008.8,3907.57,3931.59,16741.40574532
1733716800,2024-12-09T04:00:00+00:00,3931.59,3950.66,3882.23,3919.47,12964.66406554
1733731200,2024-12-09T08:00:00+00:00,3919.37,3920.66,3839.45,3850.01,21310.96663182
1733745600,2024-12-09T12:00:00+00:00,3849.64,3945.62,3803.23,3821.68,34356.872245
1733760000,2024-12-09T16:00:00+00:00,3822.22,3865.27,3783.39,3792.34,36181.48358709
1733774400,2024-12-09T20:00:00+00:00,3793.17,3802.48,3501,3713.57,127492.84381079001
1733788800,2024-12-10T00:00:00+00:00,3713.56,3782,3612.67,3684,34908.3275877
1733803200,2024-12-10T04:00:00+00:00,3683.84,3743.82,3639.46,3735.2,15889.56699124
1733817600,2024-12-10T08:00:00+00:00,3734.87,3774.55,3714.93,3751.33,9672.99983198
1733832000,2024-12-10T12:00:00+00:00,3751.33,3756.29,3557.15,3568.61,57024.38834422
1733846400,2024-12-10T16:00:00+00:00,3569.09,3636.5,3516,3629.67,67305.60468039
1733860800,2024-12-10T20:00:00+00:00,3629.67,3675.02,3613.92,3630.34,39796.83614981
1733875200,2024-12-11T00:00:00+00:00,3630.37,3670.89,3564.36,3666.23,19636.93218366
1733889600,2024-12-11T04:00:00+00:00,3666.61,3683.34,3648.5,3654.1,9641.65929761
1733904000,2024-12-11T08:00:00+00:00,3654,3730.21,3652.66,3718.69,9586.78765663
1733918400,2024-12-11T12:00:00+00:00,3718.69,3824.89,3711.11,3789.83,39392.65102223
1733932800,2024-12-11T16:00:00+00:00,3790.22,3817.47,3756.11,3808.26,35779.505464689995
1733947200,2024-12-11T20:00:00+00:00,3808.26,3851.87,3807.46,3835.08,45664.80968177
1733961600,2024-12-12T00:00:00+00:00,3835.08,3950,3799.19,3937.34,31440.87025383
1733976000,2024-12-12T04:00:00+00:00,3937.33,3947.78,3895.22,3906.38,19241.033038240002
1733990400,2024-12-12T08:00:00+00:00,3906.73,3938.65,3892.64,3914.81,11313.81501034
1734004800,2024-12-12T12:00:00+00:00,3914.24,3989.22,3914,3960.12,44717.71150572
1734019200,2024-12-12T16:00:00+00:00,3960.01,3988,3854.27,3871.2,27976.759919199998
1734033600,2024-12-12T20:00:00+00:00,3871.36,3902.9,3836.99,3882.68,20524.00700476
1734048000,2024-12-13T00:00:00+00:00,3882.62,3941.76,3854,3933.57,15447.87464816
1734062400,2024-12-13T04:00:00+00:00,3933.56,3936.81,3871.55,3886.75,10719.45395324
1734076800,2024-12-13T08:00:00+00:00,3886.74,3924.02,3871.81,3901.72,9993.02605432
1734091200,2024-12-13T12:00:00+00:00,3901.73,3969.32,3878.65,3886.73,36918.90529103
1734105600,2024-12-13T16:00:00+00:00,3885.93,3947.02,3879.5,3918.26,31477.661912310003
1734120000,2024-12-13T20:00:00+00:00,3918.26,3937.25,3892.67,3907.87,17579.30363148
1734134400,2024-12-14T00:00:00+00:00,3907.7,3945.29,3896.06,3911,10166.46555734
1734148800,2024-12-14T04:00:00+00:00,3910.99,3935.62,3906.32,3921.03,4744.07453019
1734163200,2024-12-14T08:00:00+00:00,3921.03,3931.26,3886.08,3894.02,4645.249815040001
1734177600,2024-12-14T12:00:00+00:00,3894.34,3898.84,3846.82,3888.4,8421.4853999
1734192000,2024-12-14T16:00:00+00:00,3888.41,3898.1,3827.27,3858.81,11391.61973799
1734206400,2024-12-14T20:00:00+00:00,3858.8,3875.77,3824.44,3869.25,8340.3067417
1734220800,2024-12-15T00:00:00+00:00,3869.5,3894.33,3855.54,3873.24,5736.3879378500005
1734235200,2024-12-15T04:00:00+00:00,3873.23,3909.51,3831.09,3844.5,6239.88444901
1734249600,2024-12-15T08:00:00+00:00,3844.4,3877.64,3836.63,3876.53,3801.38468838
1734264000,2024-12-15T12:00:00+00:00,3876.53,3908.63,3867.35,3893.2,6387.431458290001
1734278400,2024-12-15T16:00:00+00:00,3893.1,3918,3883.58,3902.56,11818.8674582
1734292800,2024-12-15T20:00:00+00:00,3902.56,3973.71,3843.9,3957.7,22575.995115409998
1734307200,2024-12-16T00:00:00+00:00,3957.7,4022.37,3926.93,3940.9,38546.8043079
1734321600,2024-12-16T04:00:00+00:00,3940.89,3981.88,3934.27,3972.37,11235.6269663
1734336000,2024-12-16T08:00:00+00:00,3972.39,3974.24,3901.07,3908.26,10769.36766214
1734350400,2024-12-16T12:00:00+00:00,3908.43,3959.19,3881.93,3940.94,30048.29876174
1734364800,2024-12-16T16:00:00+00:00,3940.91,4109,3938.71,4058.02,66304.01632058
1734379200,2024-12-16T20:00:00+00:00,4058.11,4073.73,3981,3987.6,32624.069662219998
1734393600,2024-12-17T00:00:00+00:00,3987.59,4041.76,3945.01,4034.86,18178.0623137
1734408000,2024-12-17T04:00:00+00:00,4035.01,4035.43,3983.29,3994.76,10006.73907288
1734422400,2024-12-17T08:00:00+00:00,3994.76,4030.78,3988.93,3996.5,10850.67286066
1734436800,2024-12-17T12:00:00+00:00,3996.61,4026.21,3916.75,3939.17,34278.48127979
1734451200,2024-12-17T16:00:00+00:00,3939.09,3986.48,3916.59,3944.01,25529.258592830003
1734465600,2024-12-17T20:00:00+00:00,3944.27,3951.68,3848.76,3893.54,26405.39721188
1734480000,2024-12-18T00:00:00+00:00,3893.44,3903.87,3835,3849.79,17367.536311540003
1734494400,2024-12-18T04:00:00+00:00,3848.8,3861.5,3803.22,3846.71,14168.716909350002
1734508800,2024-12-18T08:00:00+00:00,3846.72,3886.45,3840.05,3882.17,7991.29544665
1734523200,2024-12-18T12:00:00+00:00,3881.78,3890.06,3823.37,3866.55,14999.27616518
1734537600,2024-12-18T16:00:00+00:00,3866.55,3907.71,3766.48,3768.07,36734.26205385
1734552000,2024-12-18T20:00:00+00:00,3767.37,3783.25,3615.79,3624.84,95831.98593753
1734566400,2024-12-19T00:00:00+00:00,3624.92,3670.2,3539.84,3665.4,46825.5358623
1734580800,2024-12-19T04:00:00+00:00,3665.41,3695.19,3650.86,3691.46,10041.91328088
1734595200,2024-12-19T08:00:00+00:00,3691.39,3718.3,3662.32,3703.69,11599.757151759999
1734609600,2024-12-19T12:00:00+00:00,3703.6,3708.74,3569.98,3611.25,37877.27066369
1734624000,2024-12-19T16:00:00+00:00,3610.47,3634.29,3372.27,3435.33,130026.15711891
1734638400,2024-12-19T20:00:00+00:00,3435.29,3461.76,3322.19,3414.35,68301.59967550999
1734652800,2024-12-20T00:00:00+00:00,3414.35,3461.11,3366.24,3410.86,34642.38277396
1734667200,2024-12-20T04:00:00+00:00,3410.85,3427.9,3325.54,3387.45,33105.72055017
1734681600,2024-12-20T08:00:00+00:00,3387.45,3387.45,3098.99,3100,91019.6280993
1734696000,2024-12-20T12:00:00+00:00,3100.18,3395,3095.65,3372.01,79910.59209473
1734710400,2024-12-20T16:00:00+00:00,3372.7,3497.29,3364.21,3478.82,53272.446983639995
1734724800,2024-12-20T20:00:00+00:00,3478.82,3487.53,3392.17,3470.47,27027.76079811
1734739200,2024-12-21T00:00:00+00:00,3470.47,3488.4,3445.56,3465.55,10511.91939363
1734753600,2024-12-21T04:00:00+00:00,3465.77,3553.49,3459.03,3521.48,13571.871180860002
1734768000,2024-12-21T08:00:00+00:00,3521.26,3525.61,3422.41,3441,14210.20119314
1734782400,2024-12-21T12:00:00+00:00,3441,3442.82,3345.23,3389.14,19751.21466801
1734796800,2024-12-21T16:00:00+00:00,3389.11,3400,3325,3358.29,17799.82370996
1734811200,2024-12-21T20:00:00+00:00,3358.18,3386.73,3291.31,3337.09,19277.30994797
1734825600,2024-12-22T00:00:00+00:00,3337.05,3372.63,3316.89,3353.64,9993.24424389
1734840000,2024-12-22T04:00:00+00:00,3353.84,3359.6,3292.82,3329.79,8733.981329440001
1734854400,2024-12-22T08:00:00+00:00,3329.79,3400.23,3328.27,3378.58,7100.7401196499995
1734868800,2024-12-22T12:00:00+00:00,3378.58,3394.86,3272.45,3299.72,13934.23373991
1734883200,2024-12-22T16:00:00+00:00,3299.71,3335.76,3234.96,3244.35,14602.11722407
1734897600,2024-12-22T20:00:00+00:00,3244.37,3307.55,3217.84,3278.6,18178.55196786
1734912000,2024-12-23T00:00:00+00:00,3278.69,3353.25,3213.85,3347.33,31390.40638775
1734926400,2024-12-23T04:00:00+00:00,3347.33,3359.77,3257.75,3301.36,16217.995087850002
1734940800,2024-12-23T08:00:00+00:00,3301.58,3352.06,3290.08,3335.17,11841.12618886
1734955200,2024-12-23T12:00:00+00:00,3335.17,3357.98,3265,3273.11,32770.78527591
1734969600,2024-12-23T16:00:00+00:00,3273.09,3379.68,3260,3333.59,36471.966562409994
1734984000,2024-12-23T20:00:00+00:00,3333.34,3462.14,3324.61,3418.12,48017.37174394
1734998400,2024-12-24T00:00:00+00:00,3418.12,3422.24,3353.08,3392.24,22127.215891300002
1735012800,2024-12-24T04:00:00+00:00,3392.19,3430.74,3380.59,3396.1,11960.73862458
1735027200,2024-12-24T08:00:00+00:00,3396.1,3411.62,3380.96,3409.21,5401.61535286
1735041600,2024-12-24T12:00:00+00:00,3409.17,3507.78,3390.01,3490.54,27723.98577947
1735056000,2024-12-24T16:00:00+00:00,3490.63,3537.52,3463.5,3463.78,25219.23795217
1735070400,2024-12-24T20:00:00+00:00,3463.82,3502.9,3430.58,3491.13,10905.19820715
1735084800,2024-12-25T00:00:00+00:00,3491.13,3493.45,3455.26,3475.77,7146.741204919999
1735099200,2024-12-25T04:00:00+00:00,3475.77,3506.52,3466.97,3486.58,4214.63021301
1735113600,2024-12-25T08:00:00+00:00,3486.61,3543.83,3463.02,3468.65,8821.199271669999
1735128000,2024-12-25T12:00:00+00:00,3468.91,3498,3455.35,3470.01,7533.12065876
1735142400,2024-12-25T16:00:00+00:00,3470.12,3484.98,3437.42,3477.4,7583.40768137
1735156800,2024-12-25T20:00:00+00:00,3477.93,3497.29,3447.49,3493.95,6028.35796399
1735171200,2024-12-26T00:00:00+00:00,3494.36,3512.49,3447.05,3452.93,6999.826863689999
1735185600,2024-12-26T04:00:00+00:00,3452.92,3452.93,3414,3419.2,7713.8951327899995
1735200000,2024-12-26T08:00:00+00:00,3419.19,3422.82,3343.21,3369.61,16417.04005171
1735214400,2024-12-26T12:00:00+00:00,3369.6,3370.93,3325,3340.5,15548.227924170002
1735228800,2024-12-26T16:00:00+00:00,3340.69,3362.26,3310.86,3337,21960.386256409998
1735243200,2024-12-26T20:00:00+00:00,3336.95,3346.79,3301.06,3330.86,35153.81944327
1735257600,2024-12-27T00:00:00+00:00,3331.17,3383.63,3312.68,3375.09,10668.765989919999
1735272000,2024-12-27T04:00:00+00:00,3374.92,3394.53,3312.95,3320.87,19431.86298616
1735286400,2024-12-27T08:00:00+00:00,3320.96,3437.87,3320.57,3415.31,15025.2870364
1735300800,2024-12-27T12:00:00+00:00,3415.19,3419.32,3302.63,3321.66,41917.47919831
1735315200,2024-12-27T16:00:00+00:00,3321.54,3362.07,3301.27,3350.09,18553.50262566
1735329600,2024-12-27T20:00:00+00:00,3350.14,3350.69,3305.25,3328.6,16274.00486177
1735344000,2024-12-28T00:00:00+00:00,3328.34,3347.38,3317.12,3340.18,7127.96378306
1735358400,2024-12-28T04:00:00+00:00,3340.29,3355.33,3327.04,3329.74,3756.16361211
1735372800,2024-12-28T08:00:00+00:00,3329.75,3357.69,3327.34,3354.02,3143.58848753
1735387200,2024-12-28T12:00:00+00:00,3353.76,3390.32,3345.5,3362.33,5985.863557729999
1735401600,2024-12-28T16:00:00+00:00,3362.32,3406.96,3359.75,3394.51,7168.870148870001
1735416000,2024-12-28T20:00:00+00:00,3394.52,3421.11,3383.91,3397.87,7973.529830650001
1735430400,2024-12-29T00:00:00+00:00,3397.86,3400.61,3370.01,3377.23,4151.23625999
1735444800,2024-12-29T04:00:00+00:00,3377.22,3402.39,3374.22,3401.54,3249.28529087
1735459200,2024-12-29T08:00:00+00:00,3401.5,3408.32,3384.01,3393.02,2037.6343049599998
1735473600,2024-12-29T12:00:00+00:00,3393.05,3405.66,3349.39,3368.01,5158.0123072100005
1735488000,2024-12-29T16:00:00+00:00,3368.01,3370.6,3338.72,3355.68,6925.33221213
1735502400,2024-12-29T20:00:00+00:00,3355.68,3361.46,3320,3350.23,8739.31853015
1735516800,2024-12-30T00:00:00+00:00,3350.24,3430,3341.76,3395.75,12387.26579853
1735531200,2024-12-30T04:00:00+00:00,3395.74,3425.7,3380.56,3420.55,9056.19663924
1735545600,2024-12-30T08:00:00+00:00,3420.55,3428,3388.67,3417.37,7261.32577569
1735560000,2024-12-30T12:00:00+00:00,3417.36,3424.6,3293.1,3317.52,23884.36443697
1735574400,2024-12-30T16:00:00+00:00,3317.48,3403.48,3310.47,3398.46,26242.845356899998
1735588800,2024-12-30T20:00:00+00:00,3397.8,3415.5,3303.85,3355.66,19905.16491284
1735603200,2024-12-31T00:00:00+00:00,3355.44,3359.03,3310,3334.82,10344.14763783
1735617600,2024-12-31T04:00:00+00:00,3334.81,3358.59,3323.61,3348.56,6495.323839629999
1735632000,2024-12-31T08:00:00+00:00,3348.56,3403.42,3347.78,3388.98,8163.484749290001
1735646400,2024-12-31T12:00:00+00:00,3388.98,3447,3387.45,3408,19348.23662655
1735660800,2024-12-31T16:00:00+00:00,3408.49,3411.1,3325,3350.14,23691.34977662
1735675200,2024-12-31T20:00:00+00:00,3350.23,3359.5,3321.4,3330.32,26181.222350559998
1735689600,2025-01-01T00:00:00+00:00,3330.52,3360.92,3329.1,3347.42,9061.21880079
1735704000,2025-01-01T04:00:00+00:00,3347.61,3349,3329.46,3339.54,8355.87558246
1735718400,2025-01-01T08:00:00+00:00,3339.64,3341.63,3308.2,3333.53,10571.592644
1735732800,2025-01-01T12:00:00+00:00,3333.52,3352,3320.25,3345.52,28955.54855235
1735747200,2025-01-01T16:00:00+00:00,3345.42,3356.64,3314,3349.17,39733.63526219
1735761600,2025-01-01T20:00:00+00:00,3349.17,3366.83,3343.24,3353.32,16958.10695251
1735776000,2025-01-02T00:00:00+00:00,3353.32,3399.4,3347.19,3382.16,9459.04885956
1735790400,2025-01-02T04:00:00+00:00,3382.16,3421,3380.67,3415.3,12700.39805619
1735804800,2025-01-02T08:00:00+00:00,3415.3,3484.46,3409.24,3467.32,14082.105115490001
1735819200,2025-01-02T12:00:00+00:00,3467.44,3506.11,3437.25,3460.02,22391.93465379
1735833600,2025-01-02T16:00:00+00:00,3460.17,3486.83,3426.55,3460,15729.930865960001
1735848000,2025-01-02T20:00:00+00:00,3460,3472.68,3417.93,3452.39,11844.090987259999
1735862400,2025-01-03T00:00:00+00:00,3452.39,3473,3439.54,3466.89,7534.4119268800005
1735876800,2025-01-03T04:00:00+00:00,3467.19,3467.93,3429.08,3429.93,6423.52348357
1735891200,2025-01-03T08:00:00+00:00,3430.26,3465.27,3420.62,3462.92,4119.2692541
1735905600,2025-01-03T12:00:00+00:00,3462.83,3573.12,3458.53,3562.38,29406.75973243
1735920000,2025-01-03T16:00:00+00:00,3562.74,3629.9,3562.45,3621.59,35881.86127453
1735934400,2025-01-03T20:00:00+00:00,3621.58,3622.75,3593.7,3607.68,18963.49685555
1735948800,2025-01-04T00:00:00+00:00,3607.68,3619.32,3581.29,3596.9,7058.51547239
1735963200,2025-01-04T04:00:00+00:00,3596.91,3608.37,3582.54,3592.58,5063.48384209
1735977600,2025-01-04T08:00:00+00:00,3592.52,3604.51,3571.29,3600.76,7836.7223062699995
1735992000,2025-01-04T12:00:00+00:00,3600.77,3661.95,3592.48,3607.58,14174.87473015
1736006400,2025-01-04T16:00:00+00:00,3607.59,3643.96,3601.09,3630.57,7883.5034453
1736020800,2025-01-04T20:00:00+00:00,3630.72,3670.34,3630.68,3656.4,7507.76749576
1736035200,2025-01-05T00:00:00+00:00,3656.4,3674.92,3628.6,3636.6,4856.99152393
1736049600,2025-01-05T04:00:00+00:00,3637,3648.92,3628,3630.86,2929.5305546299996
1736064000,2025-01-05T08:00:00+00:00,3630.84,3632.29,3601.74,3612.43,3571.41485173
1736078400,2025-01-05T12:00:00+00:00,3611.94,3637.61,3593.46,3628.67,9229.31288396
1736092800,2025-01-05T16:00:00+00:00,3628.75,3647.51,3612.34,3636.87,8202.35615567
1736107200,2025-01-05T20:00:00+00:00,3636.86,3656.03,3628.37,3635.46,8048.11698705
1736121600,2025-01-06T00:00:00+00:00,3635.48,3683.07,3609.58,3663.22,10862.7040881
1736136000,2025-01-06T04:00:00+00:00,3663.22,3697.75,3641.98,3649.42,11643.53670555
1736150400,2025-01-06T08:00:00+00:00,3649.41,3659.15,3631.62,3653.01,9170.925288999999
1736164800,2025-01-06T12:00:00+00:00,3653.02,3714.69,3620.76,3714.69,33522.08610412
1736179200,2025-01-06T16:00:00+00:00,3714.69,3746,3656.25,3688.27,24575.103496609998
1736193600,2025-01-06T20:00:00+00:00,3688.27,3705.71,3665.65,3688.74,16332.270895489999
1736208000,2025-01-07T00:00:00+00:00,3688.73,3702.24,3665,3683.15,10015.33809007
1736222400,2025-01-07T04:00:00+00:00,3683.08,3687.08,3658.94,3667.67,5814.638290780001
1736236800,2025-01-07T08:00:00+00:00,3667.67,3679.5,3625.5,3639.05,7749.508015539999
1736251200,2025-01-07T12:00:00+00:00,3639.05,3645.46,3411.83,3460.66,64030.346953889995
1736265600,2025-01-07T16:00:00+00:00,3460.73,3490.93,3373.89,3384.19,38152.323742730005
1736280000,2025-01-07T20:00:00+00:00,3384.1,3412.36,3356,3380.29,23580.18794638
1736294400,2025-01-08T00:00:00+00:00,3380.32,3414.59,3342.22,3360.02,15924.2307149
1736308800,2025-01-08T04:00:00+00:00,3359.69,3372.73,3306.31,3353.44,15202.912643079999
1736323200,2025-01-08T08:00:00+00:00,3353.1,3375.6,3322.25,3348.56,8391.279020909999
1736337600,2025-01-08T12:00:00+00:00,3348.62,3386,3331.56,3345.82,23649.592225369997
1736352000,2025-01-08T16:00:00+00:00,3346.12,3346.88,3206.95,3279.86,51259.191902709994
1736366400,2025-01-08T20:00:00+00:00,3279.7,3334.29,3265,3326.29,15643.09668803
1736380800,2025-01-09T00:00:00+00:00,3326.51,3356.78,3305.64,3323.27,13374.89709408
1736395200,2025-01-09T04:00:00+00:00,3323.02,3341.74,3280.94,3287.56,8024.61558576
1736409600,2025-01-09T08:00:00+00:00,3287.57,3325.92,3265.37,3299.24,10060.00337615
1736424000,2025-01-09T12:00:00+00:00,3299.25,3335.34,3208.45,3319.52,25876.424303159998
1736438400,2025-01-09T16:00:00+00:00,3319.3,3326.99,3190,3195.17,30914.11128056
1736452800,2025-01-09T20:00:00+00:00,3195.12,3239.01,3157,3218.81,40017.29484696
1736467200,2025-01-10T00:00:00+00:00,3219.2,3260.54,3213.41,3253.85,10757.861245
1736481600,2025-01-10T04:00:00+00:00,3253.96,3313.2,3242.27,3296.06,8500.03591763
1736496000,2025-01-10T08:00:00+00:00,3295.37,3321.82,3287.96,3311.48,8152.100145779999
1736510400,2025-01-10T12:00:00+00:00,3311.47,3316.5,3194.4,3244.64,46816.15818153
1736524800,2025-01-10T16:00:00+00:00,3244.65,3321.91,3231.48,3295.85,28250.50201899
1736539200,2025-01-10T20:00:00+00:00,3295.85,3295.85,3256.4,3266.53,13059.732744629999
1736553600,2025-01-11T00:00:00+00:00,3266.37,3269.7,3231.06,3236.41,5858.7006913800005
1736568000,2025-01-11T04:00:00+00:00,3236.67,3251.3,3224,3234.64,5848.9631831
1736582400,2025-01-11T08:00:00+00:00,3234.55,3278.98,3217.61,3272.12,3797.07834061
1736596800,2025-01-11T12:00:00+00:00,3272.14,3281.07,3256.91,3269.98,5258.74765749
1736611200,2025-01-11T16:00:00+00:00,3269.98,3281.74,3257.19,3276.42,4679.34784537
1736625600,2025-01-11T20:00:00+00:00,3276.44,3318.91,3273.65,3282.01,6066.41128909
1736640000,2025-01-12T00:00:00+00:00,3282,3289.46,3272.61,3284.38,3099.52883734
1736654400,2025-01-12T04:00:00+00:00,3284.53,3288.06,3261.54,3265.07,3431.2263755199997
1736668800,2025-01-12T08:00:00+00:00,3265.18,3269.68,3223.07,3251.24,7754.04273623
1736683200,2025-01-12T12:00:00+00:00,3251.31,3292.68,3246.32,3283.61,8818.86655672
1736697600,2025-01-12T16:00:00+00:00,3283.44,3298.2,3267.11,3278.63,5813.22522235
1736712000,2025-01-12T20:00:00+00:00,3278.62,3287.63,3232.76,3266.02,10998.0123146
1736726400,2025-01-13T00:00:00+00:00,3266.09,3336.26,3233.25,3241.28,18490.75711691
1736740800,2025-01-13T04:00:00+00:00,3241.28,3259.01,3179.16,3199.47,14334.8542988
1736755200,2025-01-13T08:00:00+00:00,3199.41,3203.72,3052.19,3053.29,24572.90199282
1736769600,2025-01-13T12:00:00+00:00,3053.29,3088.2,2913.75,3048.07,56721.75932312
1736784000,2025-01-13T16:00:00+00:00,3048.15,3059.09,2984.67,3023.38,35239.14082542
1736798400,2025-01-13T20:00:00+00:00,3023.11,3143.25,3009.4,3136.08,25986.653593879997
1736812800,2025-01-14T00:00:00+00:00,3136.65,3174.34,3124.2,3157.64,12309.47101184
1736827200,2025-01-14T04:00:00+00:00,3157.72,3188.59,3156.5,3169.87,6911.710926180001
1736841600,2025-01-14T08:00:00+00:00,3169.9,3256.46,3167.89,3216.45,14669.99239108
1736856000,2025-01-14T12:00:00+00:00,3216.2,3233.21,3177.47,3198.19,25807.936066659997
1736870400,2025-01-14T16:00:00+00:00,3198.28,3234.62,3170.4,3212.86,26445.14619278
1736884800,2025-01-14T20:00:00+00:00,3212.61,3239.43,3193.08,3223.97,13625.885202840002
1736899200,2025-01-15T00:00:00+00:00,3224.35,3244,3204,3239.84,18041.67447197
1736913600,2025-01-15T04:00:00+00:00,3239.7,3250.72,3213.91,3231.46,10939.574610599999
1736928000,2025-01-15T08:00:00+00:00,3231.46,3247.2,3185.25,3198.29,7712.74709558
1736942400,2025-01-15T12:00:00+00:00,3198.07,3354.14,3185.3,3334.59,46184.088615810004
1736956800,2025-01-15T16:00:00+00:00,3334.6,3443.59,3324.78,3435.26,36568.42226761
1736971200,2025-01-15T20:00:00+00:00,3435.26,3475.14,3418.63,3451.58,29201.0147947
1736985600,2025-01-16T00:00:00+00:00,3451.57,3460.6,3338.74,3362.58,21499.42993432
1737000000,2025-01-16T04:00:00+00:00,3362.58,3390.57,3360.81,3383.56,6411.14748347
1737014400,2025-01-16T08:00:00+00:00,3383.35,3384.98,3299.54,3350.49,15024.5424527
1737028800,2025-01-16T12:00:00+00:00,3350.39,3364.65,3262.69,3331.83,33303.74827084
1737043200,2025-01-16T16:00:00+00:00,3331.79,3364.8,3309.4,3344.03,38846.29512712
1737057600,2025-01-16T20:00:00+00:00,3344.03,3352.59,3268.3,3307.73,21037.454706660003
1737072000,2025-01-17T00:00:00+00:00,3307.83,3399.94,3307.09,3359.92,24065.609983979997
1737086400,2025-01-17T04:00:00+00:00,3359.93,3388.43,3347.01,3372.87,9097.68955439
1737100800,2025-01-17T08:00:00+00:00,3372.56,3438.5,3372.04,3423.01,13921.602959139998
1737115200,2025-01-17T12:00:00+00:00,3422.72,3451.73,3394.01,3422.7,27445.21294094
1737129600,2025-01-17T16:00:00+00:00,3422.7,3449.24,3408.6,3435.06,37445.489581840004
1737144000,2025-01-17T20:00:00+00:00,3435.07,3527,3428.3,3475.47,38477.975177969995
1737158400,2025-01-18T00:00:00+00:00,3475.54,3496.48,3367.27,3383.41,17785.07930591
1737172800,2025-01-18T04:00:00+00:00,3383.4,3394.83,3279,3285.77,35307.84126314
1737187200,2025-01-18T08:00:00+00:00,3285.92,3322.59,3224.29,3310.01,27888.813818029997
1737201600,2025-01-18T12:00:00+00:00,3310.22,3344.51,3272.96,3304.68,25125.46786079
1737216000,2025-01-18T16:00:00+00:00,3305.15,3313.99,3247,3287.14,30080.596331880002
1737230400,2025-01-18T20:00:00+00:00,3287.19,3317.64,3255.01,3304.07,15750.23977091
1737244800,2025-01-19T00:00:00+00:00,3304.09,3374.37,3295.01,3331.55,22460.677093309998
1737259200,2025-01-19T04:00:00+00:00,3331.86,3333.94,3255.87,3270.5,23840.80215451
1737273600,2025-01-19T08:00:00+00:00,3270.44,3272.63,3125.45,3145.05,35191.03032728
1737288000,2025-01-19T12:00:00+00:00,3145.07,3420.67,3139.2,3378.61,71593.23983318999
1737302400,2025-01-19T16:00:00+00:00,3378.6,3445,3372.54,3414.86,39582.835272489996
1737316800,2025-01-19T20:00:00+00:00,3414.85,3427.72,3156.05,3210.03,105631.04130275
1737331200,2025-01-20T00:00:00+00:00,3211.85,3277.03,3139.61,3268.72,64976.24388888999
1737345600,2025-01-20T04:00:00+00:00,3268.64,3448,3246.41,3377.09,48318.45623908
1737360000,2025-01-20T08:00:00+00:00,3377.09,3408.4,3329.69,3371.56,26137.019272570004
1737374400,2025-01-20T12:00:00+00:00,3371.51,3375.15,3253.98,3332.1,41432.00122228
1737388800,2025-01-20T16:00:00+00:00,3332.05,3385.34,3200.69,3339.22,80721.31035587
1737403200,2025-01-20T20:00:00+00:00,3339.56,3340.62,3252.16,3280.4,29387.5668407
1737417600,2025-01-21T00:00:00+00:00,3280.43,3286.22,3200.98,3258.89,25946.91183391
1737432000,2025-01-21T04:00:00+00:00,3258.89,3262.14,3209.43,3250.24,13205.576369740002
1737446400,2025-01-21T08:00:00+00:00,3250.39,3310.52,3230.23,3301.91,12813.82883145
1737460800,2025-01-21T12:00:00+00:00,3301.94,3333,3261.89,3292.59,33739.92744678
1737475200,2025-01-21T16:00:00+00:00,3292.58,3368,3288.01,3332.31,46032.22194521
1737489600,2025-01-21T20:00:00+00:00,3332.32,3348.32,3301.6,3327.57,19955.500549620003
1737504000,2025-01-22T00:00:00+00:00,3327.56,3366.1,3321.01,3331.34,14677.94095267
1737518400,2025-01-22T04:00:00+00:00,3331.15,3339.65,3286.65,3287.93,9591.886724709999
1737532800,2025-01-22T08:00:00+00:00,3287.93,3329.86,3273.68,3326.11,8172.4664671400005
1737547200,2025-01-22T12:00:00+00:00,3326.12,3332.13,3267.73,3278.43,18814.38914551
1737561600,2025-01-22T16:00:00+00:00,3278.51,3291.31,3238.54,3261.31,21720.94800526
1737576000,2025-01-22T20:00:00+00:00,3261.31,3276.39,3220.01,3241.35,19958.87200055
1737590400,2025-01-23T00:00:00+00:00,3241.35,3259.76,3201.38,3224.78,12228.21600644
1737604800,2025-01-23T04:00:00+00:00,3224.8,3231.98,3181.94,3231.98,11393.539966589999
1737619200,2025-01-23T08:00:00+00:00,3231.96,3231.96,3186.98,3211.88,8469.51814613
1737633600,2025-01-23T12:00:00+00:00,3211.91,3290,3187.81,3259.69,29454.761703259996
1737648000,2025-01-23T16:00:00+00:00,3259.67,3299,3196.05,3206.2,29106.620823600002
1737662400,2025-01-23T20:00:00+00:00,3205.92,3349.15,3196.62,3338.67,52417.41873992
1737676800,2025-01-24T00:00:00+00:00,3339.26,3350,3275.41,3302.02,20850.99402568
1737691200,2025-01-24T04:00:00+00:00,3302.02,3421,3291.52,3381.19,31937.46620019
1737705600,2025-01-24T08:00:00+00:00,3381.16,3416.67,3375.22,3399.84,14076.439783450001
1737720000,2025-01-24T12:00:00+00:00,3399.83,3428.25,3356.47,3384.28,27787.71089491
1737734400,2025-01-24T16:00:00+00:00,3384.32,3411.07,3365.55,3369.72,33204.829988850004
1737748800,2025-01-24T20:00:00+00:00,3370.08,3379.99,3304.14,3309.72,28874.59495009
1737763200,2025-01-25T00:00:00+00:00,3309.83,3324.15,3269.06,3319.17,12906.047814660002
1737777600,2025-01-25T04:00:00+00:00,3319.02,3319.56,3282.63,3291.1,6925.0859460599995
1737792000,2025-01-25T08:00:00+00:00,3290.75,3311.28,3271.53,3306.78,4917.3213497
1737806400,2025-01-25T12:00:00+00:00,3306.76,3345,3294.12,3334.99,9979.30084672
1737820800,2025-01-25T16:00:00+00:00,3334.96,3349.57,3329,3339.75,12013.87888798
1737835200,2025-01-25T20:00:00+00:00,3339.76,3350.27,3314.23,3318.37,8201.04708425
1737849600,2025-01-26T00:00:00+00:00,3318.38,3349,3313.26,3338.31,8342.76326417
1737864000,2025-01-26T04:00:00+00:00,3338.35,3361.16,3329.86,3338.06,7417.6196986800005
1737878400,2025-01-26T08:00:00+00:00,3338.06,3342.72,3293.02,3311.87,5779.47579062
1737892800,2025-01-26T12:00:00+00:00,3311.87,3320.55,3290.6,3314.97,11473.98004478
1737907200,2025-01-26T16:00:00+00:00,3314.98,3344,3307.74,3338.48,11557.1465477
1737921600,2025-01-26T20:00:00+00:00,3338.43,3341.88,3227.68,3231.48,28431.89837643
1737936000,2025-01-27T00:00:00+00:00,3231.31,3253.54,3158.66,3182.49,37411.14047202
1737950400,2025-01-27T04:00:00+00:00,3182.22,3182.46,3019.09,3069.74,33428.05455641
1737964800,2025-01-27T08:00:00+00:00,3069.45,3088.91,3033,3057.54,20511.992032770002
1737979200,2025-01-27T12:00:00+00:00,3057.59,3152.64,3052.35,3133.11,31804.92265846
1737993600,2025-01-27T16:00:00+00:00,3133.37,3133.84,3001,3073.44,45768.87269652
1738008000,2025-01-27T20:00:00+00:00,3074.11,3238,3071.44,3181.93,41127.50602713
1738022400,2025-01-28T00:00:00+00:00,3182.06,3217.84,3150.68,3202.8,17563.386379
1738036800,2025-01-28T04:00:00+00:00,3202.62,3223.56,3189.15,3196.12,13756.69035855
1738051200,2025-01-28T08:00:00+00:00,3196.12,3207.91,3177,3186.5,7247.954048109999
1738065600,2025-01-28T12:00:00+00:00,3186.49,3214.13,3156.37,3181.46,21261.91194013
1738080000,2025-01-28T16:00:00+00:00,3181.37,3183.25,3120.53,3146.78,26994.88459473
1738094400,2025-01-28T20:00:00+00:00,3146.72,3154.71,3037.75,3076.06,28020.356088139997
1738108800,2025-01-29T00:00:00+00:00,3076.05,3131.87,3075.1,3129.46,17035.524823189997
1738123200,2025-01-29T04:00:00+00:00,3129.76,3159.09,3115.68,3155.93,11041.92898173
1738137600,2025-01-29T08:00:00+00:00,3155.69,3163.02,3118.59,3133.78,12394.67795209
1738152000,2025-01-29T12:00:00+00:00,3133.75,3139.09,3078.98,3100.24,21900.08042064
1738166400,2025-01-29T16:00:00+00:00,3100.08,3151.74,3053.94,3126.31,42165.90636344
1738180800,2025-01-29T20:00:00+00:00,3125.91,3181.99,3090.24,3114.03,41717.897514180004
1738195200,2025-01-30T00:00:00+00:00,3114.03,3202.99,3090.89,3201.24,19167.922283270003
1738209600,2025-01-30T04:00:00+00:00,3201.01,3215.05,3177.84,3190.55,12011.91975784
1738224000,2025-01-30T08:00:00+00:00,3190.84,3229.67,3181.52,3222.37,11018.06779241
1738238400,2025-01-30T12:00:00+00:00,3222.36,3281.32,3208.82,3255.69,29047.391314070002
1738252800,2025-01-30T16:00:00+00:00,3255.98,3283.5,3249.06,3271.78,22355.65583682
1738267200,2025-01-30T20:00:00+00:00,3271.78,3273.86,3228.95,3247.48,21793.84768338
1738281600,2025-01-31T00:00:00+00:00,3247.32,3280,3220.53,3230.44,13015.59599716
1738296000,2025-01-31T04:00:00+00:00,3230.42,3277.09,3213.36,3241.44,11479.509092960001
1738310400,2025-01-31T08:00:00+00:00,3241.46,3338.63,3233.6,3335.06,17048.3535213
1738324800,2025-01-31T12:00:00+00:00,3335.25,3429.15,3325.25,3428.42,51651.207969539995
1738339200,2025-01-31T16:00:00+00:00,3428.15,3438.96,3294.95,3337.11,51853.962708039995
1738353600,2025-01-31T20:00:00+00:00,3337.24,3337.3,3277.26,3299.99,29978.61881492
1738368000,2025-02-01T00:00:00+00:00,3300,3330.9,3282.45,3291.27,13900.571560280001
1738382400,2025-02-01T04:00:00+00:00,3291.28,3306.16,3272.44,3279.36,7312.89996079
1738396800,2025-02-01T08:00:00+00:00,3279.58,3285.74,3223.84,3250.98,10146.31504212
1738411200,2025-02-01T12:00:00+00:00,3250.98,3272.17,3228.36,3250.94,8876.34230712
1738425600,2025-02-01T16:00:00+00:00,3250.91,3267.05,3178.33,3196.33,12817.713164429999
1738440000,2025-02-01T20:00:00+00:00,3196.24,3196.25,3101.28,3116.78,25194.25631928
1738454400,2025-02-02T00:00:00+00:00,3116.44,3162.35,3068.74,3077.3,17669.35257755
1738468800,2025-02-02T04:00:00+00:00,3076.88,3138.23,3073.25,3100.28,12743.5542978
1738483200,2025-02-02T08:00:00+00:00,3100.23,3122.98,3051.21,3063.28,8638.059801529998
1738497600,2025-02-02T12:00:00+00:00,3063.55,3100.94,3048.5,3080.12,13239.0751906
1738512000,2025-02-02T16:00:00+00:00,3080.38,3081.15,2892.12,2957.85,66835.03718325001
1738526400,2025-02-02T20:00:00+00:00,2957.87,2986.44,2750,2869.25,66377.00622147
1738540800,2025-02-03T00:00:00+00:00,2869.69,2872.17,2150,2529.09,209326.92486134998
1738555200,2025-02-03T04:00:00+00:00,2529.2,2635.26,2449.18,2624.46,72488.04015878
1738569600,2025-02-03T08:00:00+00:00,2624.46,2624.57,2528.35,2582.88,70607.71682803
1738584000,2025-02-03T12:00:00+00:00,2582.89,2734.33,2531.07,2707.05,170895.98150708998
1738598400,2025-02-03T16:00:00+00:00,2706.63,2775,2671.2,2769.42,105180.81108886999
1738612800,2025-02-03T20:00:00+00:00,2769.37,2924.6,2698.07,2883.62,112339.75868572999
1738627200,2025-02-04T00:00:00+00:00,2883.1,2891.9,2794.56,2813.49,38986.853237669995
1738641600,2025-02-04T04:00:00+00:00,2813.46,2839.91,2665.47,2705.46,54958.40266219
1738656000,2025-02-04T08:00:00+00:00,2705.6,2791.68,2679.15,2760.21,29165.718008350002
1738670400,2025-02-04T12:00:00+00:00,2760.5,2848.56,2733.99,2778.91,62784.46585334999
1738684800,2025-02-04T16:00:00+00:00,2779.36,2871.92,2767.02,2771.92,85026.73836002001
1738699200,2025-02-04T20:00:00+00:00,2772.04,2795.36,2633.67,2732.07,93831.37160625
1738713600,2025-02-05T00:00:00+00:00,2732.07,2770.77,2699.6,2721.61,34514.28297944
1738728000,2025-02-05T04:00:00+00:00,2721.46,2788.96,2709.41,2760.45,26800.8179145
1738742400,2025-02-05T08:00:00+00:00,2760.44,2819.35,2747.74,2801.03,19661.72967103
1738756800,2025-02-05T12:00:00+00:00,2801.22,2827.94,2758.74,2773.82,29949.90873183
1738771200,2025-02-05T16:00:00+00:00,2773.95,2787.23,2715.62,2776.18,50701.10112307
1738785600,2025-02-05T20:00:00+00:00,2776.17,2803,2739.24,2788.3,30918.508222340002
1738800000,2025-02-06T00:00:00+00:00,2788.56,2820,2756.01,2807.25,21311.46793364
1738814400,2025-02-06T04:00:00+00:00,2806.9,2856.94,2806.32,2832.88,14632.60871077
1738828800,2025-02-06T08:00:00+00:00,2832.82,2858.92,2794.5,2805.2,15627.288135710001
1738843200,2025-02-06T12:00:00+00:00,2805.21,2808.97,2684.16,2706.33,37098.86812148
1738857600,2025-02-06T16:00:00+00:00,2706.32,2727,2674.53,2689.85,48841.40390050999
1738872000,2025-02-06T20:00:00+00:00,2689.89,2726.05,2656.53,2687.1,31919.26109133
1738886400,2025-02-07T00:00:00+00:00,2687.18,2741.01,2679.65,2716.15,20546.117169049998
1738900800,2025-02-07T04:00:00+00:00,2716.13,2731.42,2668.16,2713.34,13083.55722015
1738915200,2025-02-07T08:00:00+00:00,2713.49,2765.83,2705.78,2763.74,11702.15341106
1738929600,2025-02-07T12:00:00+00:00,2763.62,2799.59,2711.29,2723.07,48429.70653265
1738944000,2025-02-07T16:00:00+00:00,2723.54,2728.87,2656.85,2659.62,38026.60987286
1738958400,2025-02-07T20:00:00+00:00,2659.56,2662.25,2563,2622.95,50950.3607892
1738972800,2025-02-08T00:00:00+00:00,2623.02,2668.11,2616.41,2642.13,14380.553766039999
1738987200,2025-02-08T04:00:00+00:00,2642.07,2649.62,2593.95,2629.17,26680.10489642
1739001600,2025-02-08T08:00:00+00:00,2629.48,2631.86,2600.41,2613.08,25085.32532783
1739016000,2025-02-08T12:00:00+00:00,2612.85,2635.9,2588.13,2604.14,40605.99829061
1739030400,2025-02-08T16:00:00+00:00,2604.37,2649.96,2589,2637.82,14656.84410121
1739044800,2025-02-08T20:00:00+00:00,2637.84,2646.16,2623.84,2632.62,7222.74800238
1739059200,2025-02-09T00:00:00+00:00,2633.12,2698.72,2627.02,2679.12,18424.36405569
1739073600,2025-02-09T04:00:00+00:00,2678.89,2679.41,2650.26,2663.29,5841.758119980001
1739088000,2025-02-09T08:00:00+00:00,2663.26,2673.76,2652.03,2655.43,4108.36090145
1739102400,2025-02-09T12:00:00+00:00,2655.77,2662.34,2611.9,2653.94,12332.9827889
1739116800,2025-02-09T16:00:00+00:00,2653.95,2666.77,2617.49,2624.38,9325.64391173
1739131200,2025-02-09T20:00:00+00:00,2624.33,2649.51,2522.16,2627.87,41367.27629313
1739145600,2025-02-10T00:00:00+00:00,2627.82,2659.07,2560.35,2626.17,27706.6330917
1739160000,2025-02-10T04:00:00+00:00,2626.12,2660.21,2618.67,2637.33,8668.625667889999
1739174400,2025-02-10T08:00:00+00:00,2636.98,2662.61,2634.81,2653.93,9691.53845666
1739188800,2025-02-10T12:00:00+00:00,2653.92,2684.97,2631.68,2659.21,20067.65823362
1739203200,2025-02-10T16:00:00+00:00,2659.11,2694.49,2650.41,2672.96,29021.422841569998
1739217600,2025-02-10T20:00:00+00:00,2672.97,2687.66,2652.25,2661.87,14842.155310209999
1739232000,2025-02-11T00:00:00+00:00,2661.84,2725.74,2661.18,2679.67,19124.772559409997
1739246400,2025-02-11T04:00:00+00:00,2679.77,2725,2676.85,2712.94,20126.315768500004
1739260800,2025-02-11T08:00:00+00:00,2712.46,2721.94,2692.22,2709.06,9804.52975233
1739275200,2025-02-11T12:00:00+00:00,2709.06,2710.64,2626.79,2662.67,22532.18035968
1739289600,2025-02-11T16:00:00+00:00,2662.46,2671.15,2582.26,2589.35,27355.36341926
1739304000,2025-02-11T20:00:00+00:00,2589.28,2631.44,2560.49,2602.03,30856.61292108
1739318400,2025-02-12T00:00:00+00:00,2602.08,2624.58,2569.85,2586.74,16419.47623769
1739332800,2025-02-12T04:00:00+00:00,2586.48,2623.69,2576.95,2618.31,10809.06754261
1739347200,2025-02-12T08:00:00+00:00,2618.31,2639.29,2610.62,2626.97,9281.3972768
1739361600,2025-02-12T12:00:00+00:00,2626.97,2664.74,2548,2606.62,44484.27507153
1739376000,2025-02-12T16:00:00+00:00,2607.15,2683.68,2583.19,2678.3,29237.75849926
1739390400,2025-02-12T20:00:00+00:00,2678.31,2796.89,2669.12,2738.58,52642.01499428
1739404800,2025-02-13T00:00:00+00:00,2738.84,2758.18,2715.09,2744.51,23653.76677148
1739419200,2025-02-13T04:00:00+00:00,2744.68,2745.89,2671.94,2681.57,14148.351250609998
1739433600,2025-02-13T08:00:00+00:00,2681.51,2688.53,2650.3,2656.17,14243.218791480002
1739448000,2025-02-13T12:00:00+00:00,2656.16,2677.92,2616.16,2648.7,34424.28706648
1739462400,2025-02-13T16:00:00+00:00,2648.28,2661.94,2613.25,2641.07,24165.04820102
1739476800,2025-02-13T20:00:00+00:00,2641.04,2680.45,2640.35,2676.09,17087.31128447
1739491200,2025-02-14T00:00:00+00:00,2676.29,2722.25,2664.64,2715.73,14221.86757821
1739505600,2025-02-14T04:00:00+00:00,2715.78,2716.84,2689.69,2699.58,8589.244680880001
1739520000,2025-02-14T08:00:00+00:00,2699.58,2717.66,2682.27,2684.77,13024.70259389
1739534400,2025-02-14T12:00:00+00:00,2684.79,2747.82,2677.67,2735.01,28923.95330422
1739548800,2025-02-14T16:00:00+00:00,2734.79,2793.44,2710.19,2739.2,43978.782078200005
1739563200,2025-02-14T20:00:00+00:00,2739.22,2752.17,2706.46,2726.32,20188.95111271
1739577600,2025-02-15T00:00:00+00:00,2726.36,2739.55,2705.48,2725.13,7559.690956650001
1739592000,2025-02-15T04:00:00+00:00,2725.13,2733.71,2694,2697.85,5276.26497887
1739606400,2025-02-15T08:00:00+00:00,2697.84,2715.18,2696.27,2708.63,3899.56032847
1739620800,2025-02-15T12:00:00+00:00,2708.63,2714.67,2664.22,2691.39,10408.62299382
1739635200,2025-02-15T16:00:00+00:00,2691.3,2708.36,2679.56,2692.17,7238.3033229
1739649600,2025-02-15T20:00:00+00:00,2692.17,2705.88,2679.34,2693.58,5701.7615012
1739664000,2025-02-16T00:00:00+00:00,2693.58,2706.28,2688,2699.05,6132.107379749999
1739678400,2025-02-16T04:00:00+00:00,2699.04,2726.58,2690.74,2695.76,8454.43707341
1739692800,2025-02-16T08:00:00+00:00,2695.78,2713.06,2689.72,2711.02,3372.37812467
1739707200,2025-02-16T12:00:00+00:00,2711.02,2712.87,2676.7,2694.44,6552.33840529
1739721600,2025-02-16T16:00:00+00:00,2694.44,2703.62,2659.95,2683.71,10298.49116659
1739736000,2025-02-16T20:00:00+00:00,2683.7,2689.65,2652.55,2661.51,17516.858681370002
1739750400,2025-02-17T00:00:00+00:00,2661.51,2683.94,2658.09,2671.92,11808.8700567
1739764800,2025-02-17T04:00:00+00:00,2672.07,2695.09,2638.43,2681.91,16353.841491500001
1739779200,2025-02-17T08:00:00+00:00,2681.68,2775.27,2676.31,2755.2,17662.28875287
1739793600,2025-02-17T12:00:00+00:00,2755.2,2849.53,2746.12,2755.76,39711.69707955
1739808000,2025-02-17T16:00:00+00:00,2755.37,2765.5,2686.84,2718.26,38625.578181519995
1739822400,2025-02-17T20:00:00+00:00,2718.07,2778.13,2716.62,2744.1,13257.5882927
1739836800,2025-02-18T00:00:00+00:00,2744.11,2756.5,2707.11,2712.03,12217.96231543
1739851200,2025-02-18T04:00:00+00:00,2712.03,2717.67,2652.1,2671.85,20140.78013475
1739865600,2025-02-18T08:00:00+00:00,2671.99,2705.78,2653.05,2678.78,14395.992761180001
1739880000,2025-02-18T12:00:00+00:00,2678.71,2731.84,2658.6,2673.31,26362.730807969998
1739894400,2025-02-18T16:00:00+00:00,2672.83,2683.83,2604.48,2628.56,39861.08219732
1739908800,2025-02-18T20:00:00+00:00,2628.79,2671.37,2616.83,2670.59,20463.65367575
1739923200,2025-02-19T00:00:00+00:00,2670.57,2698.42,2654.68,2692.65,11198.35943631
1739937600,2025-02-19T04:00:00+00:00,2692.64,2716.42,2663.7,2707.73,10731.1064218
1739952000,2025-02-19T08:00:00+00:00,2707.72,2736.29,2703.95,2726.57,10929.186951890002
1739966400,2025-02-19T12:00:00+00:00,2726.57,2731.07,2677.36,2696.41,24786.81662805
1739980800,2025-02-19T16:00:00+00:00,2696.56,2724.15,2694.38,2711.74,22785.45099433
1739995200,2025-02-19T20:00:00+00:00,2711.58,2734.21,2705.98,2715.27,20553.812082160002
1740009600,2025-02-20T00:00:00+00:00,2715.3,2751.18,2710,2741.71,11346.27826011
1740024000,2025-02-20T04:00:00+00:00,2741.71,2758.19,2722.44,2730.28,9466.99295617
1740038400,2025-02-20T08:00:00+00:00,2730.27,2747.3,2724.9,2740.75,5786.00761923
1740052800,2025-02-20T12:00:00+00:00,2740.77,2771.9,2708.24,2713.12,25249.041646910002
1740067200,2025-02-20T16:00:00+00:00,2712.89,2768.63,2707.15,2748.71,22503.41811875
1740081600,2025-02-20T20:00:00+00:00,2748.64,2762.56,2722.59,2738.65,14187.07669582
1740096000,2025-02-21T00:00:00+00:00,2738.64,2750.17,2726.48,2744.82,10293.82089014
1740110400,2025-02-21T04:00:00+00:00,2744.83,2770.44,2744.83,2756.73,6383.8373649000005
1740124800,2025-02-21T08:00:00+00:00,2756.71,2832.98,2748.36,2789,21519.386537749997
1740139200,2025-02-21T12:00:00+00:00,2788.93,2846.53,2675.8,2723.72,74211.04908583
1740153600,2025-02-21T16:00:00+00:00,2723.2,2770.38,2623.92,2639.41,106032.81258510001
1740168000,2025-02-21T20:00:00+00:00,2639.43,2662.52,2614.08,2661.69,80265.71231610999
1740182400,2025-02-22T00:00:00+00:00,2661.68,2688.78,2652.08,2675.15,22481.45287027
1740196800,2025-02-22T04:00:00+00:00,2675,2696.64,2672.31,2684.24,6952.90075576
1740211200,2025-02-22T08:00:00+00:00,2684.03,2752.19,2676.25,2732.66,13610.00730876
1740225600,2025-02-22T12:00:00+00:00,2732.66,2784.99,2721.87,2775.64,13679.75197367
1740240000,2025-02-22T16:00:00+00:00,2775.37,2797.81,2756.41,2769.75,18525.43866997
1740254400,2025-02-22T20:00:00+00:00,2769.85,2778,2759.12,2763.5,7853.49430967
1740268800,2025-02-23T00:00:00+00:00,2763.53,2776.31,2745.5,2753.19,10702.2772674
1740283200,2025-02-23T04:00:00+00:00,2753.19,2830.31,2746.73,2826.12,15657.66498484
1740297600,2025-02-23T08:00:00+00:00,2825.88,2831.96,2783.62,2797.69,10860.23586975
1740312000,2025-02-23T12:00:00+00:00,2797.68,2827.1,2773.97,2783.24,19401.519954
1740326400,2025-02-23T16:00:00+00:00,2783.07,2824.18,2780.63,2808.22,21295.1105981
1740340800,2025-02-23T20:00:00+00:00,2808.21,2855.23,2785.47,2819.63,17689.38099698
1740355200,2025-02-24T00:00:00+00:00,2819.77,2839.81,2712.08,2717.69,22528.87478757
1740369600,2025-02-24T04:00:00+00:00,2717.69,2736.41,2693.03,2722.39,17910.524926669998
1740384000,2025-02-24T08:00:00+00:00,2722.39,2723.09,2664.17,2690.04,17494.52909914
1740398400,2025-02-24T12:00:00+00:00,2690.09,2696.3,2635.89,2658.48,36744.7373925
1740412800,2025-02-24T16:00:00+00:00,2658.48,2682.41,2622.56,2641.29,32908.24798067
1740427200,2025-02-24T20:00:00+00:00,2641.34,2663.23,2471.74,2513.35,71447.86206081
1740441600,2025-02-25T00:00:00+00:00,2513.33,2530.52,2458.66,2494.83,44109.635050569996
1740456000,2025-02-25T04:00:00+00:00,2494.83,2512.34,2319.86,2368.05,63076.12965224
1740470400,2025-02-25T08:00:00+00:00,2367.87,2438.19,2355.78,2432.4,60506.96390101
1740484800,2025-02-25T12:00:00+00:00,2432.79,2447.92,2359.58,2406.98,54374.49389313
1740499200,2025-02-25T16:00:00+00:00,2407.35,2473,2379.64,2468.96,93479.97490391001
1740513600,2025-02-25T20:00:00+00:00,2468.97,2530.99,2454.37,2492.37,52286.35936647999
1740528000,2025-02-26T00:00:00+00:00,2492.54,2504.18,2468.81,2487.84,13232.567773820001
1740542400,2025-02-26T04:00:00+00:00,2487.83,2504.08,2472.44,2481.72,10336.932969950001
1740556800,2025-02-26T08:00:00+00:00,2481.84,2493.78,2455.32,2462.91,20709.61481477
1740571200,2025-02-26T12:00:00+00:00,2463,2465.33,2367.23,2425.75,39671.29279239
1740585600,2025-02-26T16:00:00+00:00,2425.87,2431.72,2264.48,2293.59,80356.69806663999
1740600000,2025-02-26T20:00:00+00:00,2293.59,2379.8,2251.01,2332.93,60940.66762832
1740614400,2025-02-27T00:00:00+00:00,2332.98,2368.27,2312.37,2328.93,17483.0175216
1740628800,2025-02-27T04:00:00+00:00,2329.07,2371,2300.28,2354.07,15749.96012406
1740643200,2025-02-27T08:00:00+00:00,2354.07,2379.47,2341.31,2351.74,12175.445497340002
1740657600,2025-02-27T12:00:00+00:00,2351.7,2360.37,2288.69,2321.6,38300.944988560004
1740672000,2025-02-27T16:00:00+00:00,2321.75,2335.58,2275.13,2289.34,32159.619915820003
1740686400,2025-02-27T20:00:00+00:00,2289.21,2309.29,2227.04,2305.21,45610.664307420004
1740700800,2025-02-28T00:00:00+00:00,2305.41,2312.05,2122.01,2145.04,85940.98258653001
1740715200,2025-02-28T04:00:00+00:00,2145.09,2153.8,2076.57,2103.53,66829.46795158
1740729600,2025-02-28T08:00:00+00:00,2103.5,2150,2073.34,2124.48,32986.35096235
1740744000,2025-02-28T12:00:00+00:00,2124.14,2228.35,2103.89,2222.63,74822.40384656
1740758400,2025-02-28T16:00:00+00:00,2222.32,2253.5,2192.66,2229.19,53538.13469491
1740772800,2025-02-28T20:00:00+00:00,2229.19,2238.58,2197.23,2236.36,35783.7971826
1740787200,2025-03-01T00:00:00+00:00,2236.74,2274.77,2212.05,2262.3,14279.841191529998
1740801600,2025-03-01T04:00:00+00:00,2261.74,2280.48,2223.3,2228.11,14675.846649119998
1740816000,2025-03-01T08:00:00+00:00,2228.11,2239.06,2170.54,2183.46,11528.39160014
1740830400,2025-03-01T12:00:00+00:00,2183.42,2186.67,2142.04,2172.48,16387.8866127
1740844800,2025-03-01T16:00:00+00:00,2172.64,2233.1,2168.4,2222.03,17010.19827732
1740859200,2025-03-01T20:00:00+00:00,2222.01,2235.1,2190.25,2216.51,13160.84590529
1740873600,2025-03-02T00:00:00+00:00,2216.82,2229.7,2200.07,2219.11,9705.722814010001
1740888000,2025-03-02T04:00:00+00:00,2219.12,2234.47,2216.97,2220.32,5423.09434667
1740902400,2025-03-02T08:00:00+00:00,2220.31,2259.9,2207.01,2237.77,9909.4066549
1740916800,2025-03-02T12:00:00+00:00,2237.77,2291.4,2172.59,2228.81,39704.1896998
1740931200,2025-03-02T16:00:00+00:00,2229.38,2518.49,2212.77,2486.13,204831.29771907
1740945600,2025-03-02T20:00:00+00:00,2485.8,2551.49,2480.13,2518.39,46424.870773329996
1740960000,2025-03-03T00:00:00+00:00,2518.4,2523.84,2418.53,2440,34573.523471930006
1740974400,2025-03-03T04:00:00+00:00,2440.47,2456.85,2352.59,2386.45,25768.365988229998
1740988800,2025-03-03T08:00:00+00:00,2386.13,2387.3,2321.64,2355.6,22888.09249504
1741003200,2025-03-03T12:00:00+00:00,2355.8,2388.07,2266.27,2286.43,72358.69778002001
1741017600,2025-03-03T16:00:00+00:00,2286.17,2296.1,2096.33,2108.84,106073.42195520998
1741032000,2025-03-03T20:00:00+00:00,2108.53,2171.76,2094.27,2147.53,60665.20686187
1741046400,2025-03-04T00:00:00+00:00,2147.64,2165.61,2002.22,2073.68,90365.32491129999
1741060800,2025-03-04T04:00:00+00:00,2074.05,2120.71,2067.22,2079.28,28859.855532460002
1741075200,2025-03-04T08:00:00+00:00,2079.13,2116.97,2069.43,2100.34,17557.560503380002
1741089600,2025-03-04T12:00:00+00:00,2100.53,2157.16,2024.12,2072.81,112226.78639168001
1741104000,2025-03-04T16:00:00+00:00,2072.75,2174.7,1991.21,2172.41,114873.56658661
1741118400,2025-03-04T20:00:00+00:00,2172.4,2222.15,2126.06,2170.92,68549.00575207
1741132800,2025-03-05T00:00:00+00:00,2171,2192.31,2154.64,2160.18,23091.212585679998
1741147200,2025-03-05T04:00:00+00:00,2160.18,2212.52,2157.05,2206.5,10910.12241184
1741161600,2025-03-05T08:00:00+00:00,2206.39,2273.29,2203.97,2217.66,26950.498974259997
1741176000,2025-03-05T12:00:00+00:00,2217.92,2232.78,2166.45,2186.69,46925.6040396
1741190400,2025-03-05T16:00:00+00:00,2186.35,2222.67,2161.06,2218.11,39774.21172185
1741204800,2025-03-05T20:00:00+00:00,2218.07,2253,2213.76,2241.53,17702.86737665
1741219200,2025-03-06T00:00:00+00:00,2241.63,2296.33,2234.19,2289.97,21077.16544047
1741233600,2025-03-06T04:00:00+00:00,2289.66,2320,2275.61,2285.92,12034.665952520001
1741248000,2025-03-06T08:00:00+00:00,2285.92,2305.59,2276.72,2297.73,11663.070878620001
1741262400,2025-03-06T12:00:00+00:00,2297.72,2298.85,2208.17,2257.29,43580.80132239
1741276800,2025-03-06T16:00:00+00:00,2257.47,2265.55,2176,2198.27,42150.360376929995
1741291200,2025-03-06T20:00:00+00:00,2198.04,2229.93,2192.4,2202.42,24565.02984878
1741305600,2025-03-07T00:00:00+00:00,2202.03,2227.51,2102.21,2147.78,63865.85988258001
1741320000,2025-03-07T04:00:00+00:00,2147.89,2193.23,2144.35,2192.01,13604.170910750001
1741334400,2025-03-07T08:00:00+00:00,2192.17,2210.91,2176.98,2197.53,10700.0982427
1741348800,2025-03-07T12:00:00+00:00,2197.52,2258.02,2165.96,2209.77,64355.69814204
1741363200,2025-03-07T16:00:00+00:00,2209.43,2215.38,2139.79,2178.04,63165.11462225
1741377600,2025-03-07T20:00:00+00:00,2177.79,2187.24,2112.99,2140.81,47008.33877734999
1741392000,2025-03-08T00:00:00+00:00,2140.81,2155,2104.67,2137.14,11893.138754259999
1741406400,2025-03-08T04:00:00+00:00,2137.2,2151.98,2130.64,2137.49,5426.12404546
1741420800,2025-03-08T08:00:00+00:00,2137.4,2142.89,2126.1,2141.07,6254.56247154
1741435200,2025-03-08T12:00:00+00:00,2141.17,2198,2137.33,2180.65,12381.022982429999
1741449600,2025-03-08T16:00:00+00:00,2180.89,2234.05,2160.54,2224.32,15290.381756210001
1741464000,2025-03-08T20:00:00+00:00,2224.32,2225.87,2193.12,2203.03,6303.06985971
1741478400,2025-03-09T00:00:00+00:00,2203.03,2211.66,2175.65,2184.99,5093.10416002
1741492800,2025-03-09T04:00:00+00:00,2185.36,2196.32,2171.4,2184.44,3130.60107062
1741507200,2025-03-09T08:00:00+00:00,2184.45,2186.98,2128.27,2146.09,5796.967549
1741521600,2025-03-09T12:00:00+00:00,2145.91,2146.28,2085,2096.72,21551.08876053
1741536000,2025-03-09T16:00:00+00:00,2096.64,2109.12,1996.22,2039.98,58346.90987361
1741550400,2025-03-09T20:00:00+00:00,2040.16,2056.61,1988.3,2020.02,33598.87034312
1741564800,2025-03-10T00:00:00+00:00,2020.02,2070.38,1994.7,2057.7,21121.05318397
1741579200,2025-03-10T04:00:00+00:00,2057.55,2079.2,2054.27,2075.11,8372.72584287
1741593600,2025-03-10T08:00:00+00:00,2075.2,2152.48,2047.66,2128.18,35738.37780814
1741608000,2025-03-10T12:00:00+00:00,2128.26,2135.68,1996.03,2016.87,70642.21756666999
1741622400,2025-03-10T16:00:00+00:00,2016.81,2024.52,1809.49,1867.83,156870.27052888
1741636800,2025-03-10T20:00:00+00:00,1867.37,1903.15,1841.92,1864.12,69422.66360422
1741651200,2025-03-11T00:00:00+00:00,1864.52,1889.93,1754.13,1849.2,89288.0293006
1741665600,2025-03-11T04:00:00+00:00,1849.23,1912.91,1844.89,1903.51,29029.875223229996
1741680000,2025-03-11T08:00:00+00:00,1903.49,1929.37,1899.13,1913.83,23467.6619942
1741694400,2025-03-11T12:00:00+00:00,1913.71,1960.78,1840,1913.56,116487.73522519998
1741708800,2025-03-11T16:00:00+00:00,1913.58,1962.83,1885.89,1950.82,63336.1140031
1741723200,2025-03-11T20:00:00+00:00,1950.89,1954.92,1916.67,1923.08,18425.38552681
1741737600,2025-03-12T00:00:00+00:00,1923.02,1932.18,1866.67,1868.12,25176.86614268
1741752000,2025-03-12T04:00:00+00:00,1868.31,1915.75,1851.91,1910.58,22697.92771577
1741766400,2025-03-12T08:00:00+00:00,1910.58,1956.15,1870.69,1916.53,63859.33055929
1741780800,2025-03-12T12:00:00+00:00,1916.43,1946.94,1829.49,1869.44,72606.84661121
1741795200,2025-03-12T16:00:00+00:00,1869.24,1894.31,1862.3,1878.19,26591.37176468
1741809600,2025-03-12T20:00:00+00:00,1877.55,1915.22,1873.04,1907.93,16245.80214556
1741824000,2025-03-13T00:00:00+00:00,1907.88,1916.7,1881.54,1886.55,13276.57184733
1741838400,2025-03-13T04:00:00+00:00,1886.41,1891.18,1857.86,1872.02,12188.04244356
1741852800,2025-03-13T08:00:00+00:00,1871.79,1905.12,1854,1899.7,25867.84802482
1741867200,2025-03-13T12:00:00+00:00,1899.71,1922.09,1862.6,1875.14,43701.29789562
1741881600,2025-03-13T16:00:00+00:00,1875.15,1877.89,1820.86,1850.99,43150.03666257
1741896000,2025-03-13T20:00:00+00:00,1850.84,1883.04,1838.58,1863.81,18579.3107793
1741910400,2025-03-14T00:00:00+00:00,1863.8,1894.18,1860.46,1889.01,10658.47002691
1741924800,2025-03-14T04:00:00+00:00,1889,1905.09,1887.34,1892.83,6027.36606834
1741939200,2025-03-14T08:00:00+00:00,1892.78,1908.74,1889.22,1902.1,8335.165639249999
1741953600,2025-03-14T12:00:00+00:00,1902.1,1942.68,1874.95,1922.23,32024.987483589997
1741968000,2025-03-14T16:00:00+00:00,1922.07,1946,1914.02,1934.35,25278.14552406
1741982400,2025-03-14T20:00:00+00:00,1934.43,1935.4,1908.28,1911.65,13236.170597330001
1741996800,2025-03-15T00:00:00+00:00,1911.55,1923.19,1903.69,1920.5,7187.2931543899995
1742011200,2025-03-15T04:00:00+00:00,1920.5,1935.16,1914.88,1917.77,4362.37271178
1742025600,2025-03-15T08:00:00+00:00,1917.82,1932.33,1912.31,1929.18,3823.78876606
1742040000,2025-03-15T12:00:00+00:00,1929.23,1939.25,1923.15,1937.75,4792.817166700001
1742054400,2025-03-15T16:00:00+00:00,1937.88,1948.56,1928.73,1937.24,8931.51110109
1742068800,2025-03-15T20:00:00+00:00,1937.23,1957.51,1936.24,1937.61,8526.50105567
1742083200,2025-03-16T00:00:00+00:00,1937.4,1940.96,1916.54,1927.74,5953.28934512
1742097600,2025-03-16T04:00:00+00:00,1927.74,1934.16,1921.65,1925.97,2418.4898352
1742112000,2025-03-16T08:00:00+00:00,1926.09,1927.09,1867,1873.93,9180.23077454
1742126400,2025-03-16T12:00:00+00:00,1873.98,1898.16,1873.12,1895.07,7602.46236565
1742140800,2025-03-16T16:00:00+00:00,1895.3,1923.52,1860.49,1882.52,16571.60043487
1742155200,2025-03-16T20:00:00+00:00,1882.69,1898.55,1870.01,1886.8,8932.39675487
1742169600,2025-03-17T00:00:00+00:00,1886.79,1915.23,1886.09,1908.67,6791.32720227
1742184000,2025-03-17T04:00:00+00:00,1908.65,1912.92,1879.8,1900.34,4912.98711876
1742198400,2025-03-17T08:00:00+00:00,1900.61,1918.32,1892.7,1910.36,5709.6960035
1742212800,2025-03-17T12:00:00+00:00,1910.48,1940,1887.32,1919.23,24946.604259500004
1742227200,2025-03-17T16:00:00+00:00,1919.12,1952.24,1907.38,1942.01,22881.79820569
1742241600,2025-03-17T20:00:00+00:00,1941.99,1949.1,1922.06,1926.28,15025.81347773
1742256000,2025-03-18T00:00:00+00:00,1926.2,1930,1897.07,1900.91,18064.6768943
1742270400,2025-03-18T04:00:00+00:00,1900.9,1910.84,1893.44,1904.7,9356.694096809999
1742284800,2025-03-18T08:00:00+00:00,1904.69,1912.74,1885.35,1892.22,11467.24510054
1742299200,2025-03-18T12:00:00+00:00,1892.21,1902.87,1871.64,1880.43,24499.33426785
1742313600,2025-03-18T16:00:00+00:00,1880.67,1907.86,1872.33,1904.09,22090.84421408
1742328000,2025-03-18T20:00:00+00:00,1903.87,1935.7,1898.01,1931.25,12583.144666059998
1742342400,2025-03-19T00:00:00+00:00,1931.24,1949,1927.63,1938.23,14241.344306910001
1742356800,2025-03-19T04:00:00+00:00,1938.15,1943.2,1930.26,1932.08,7828.576823490001
1742371200,2025-03-19T08:00:00+00:00,1932.24,2033.66,1931.58,2027.96,40369.91655702
1742385600,2025-03-19T12:00:00+00:00,2027.95,2057.14,1994.95,2049.22,52840.582292579995
1742400000,2025-03-19T16:00:00+00:00,2049.23,2062.43,1997,2032.08,63075.932360750005
1742414400,2025-03-19T20:00:00+00:00,2031.71,2070.6,2028.81,2057.06,17831.89310499
1742428800,2025-03-20T00:00:00+00:00,2056.93,2068.58,2020.59,2023.09,17497.75653933
1742443200,2025-03-20T04:00:00+00:00,2023.03,2025.88,2005.15,2007.84,6982.11711784
1742457600,2025-03-20T08:00:00+00:00,2007.73,2021.51,1971.38,1988.43,17618.31186929
1742472000,2025-03-20T12:00:00+00:00,1988.45,2010.22,1965.06,1971.55,32286.216199099996
1742486400,2025-03-20T16:00:00+00:00,1971.23,1979.84,1951.12,1973.84,32283.241634089998
1742500800,2025-03-20T20:00:00+00:00,1973.56,1983.99,1970.1,1982.67,10667.970315060002
1742515200,2025-03-21T00:00:00+00:00,1982.45,1995.27,1971.89,1977.45,9313.157836049999
1742529600,2025-03-21T04:00:00+00:00,1977.45,1989.25,1965.54,1975.63,7345.9732024899995
1742544000,2025-03-21T08:00:00+00:00,1975.81,1981.34,1956,1966.09,9203.43692493
1742558400,2025-03-21T12:00:00+00:00,1966.04,1973.07,1936,1949.92,28951.39989064
1742572800,2025-03-21T16:00:00+00:00,1949.74,1977.31,1944.69,1973.09,19667.20623384
1742587200,2025-03-21T20:00:00+00:00,1973.09,1982.75,1961.73,1964.98,7991.751542519999
1742601600,2025-03-22T00:00:00+00:00,1965.04,1986.79,1963.76,1985.45,4944.05756893
1742616000,2025-03-22T04:00:00+00:00,1985.46,1992.74,1982.54,1983.56,2664.7858869999995
1742630400,2025-03-22T08:00:00+00:00,1983.57,2005.99,1981.3,1990.03,6550.73376924
1742644800,2025-03-22T12:00:00+00:00,1989.8,1997.36,1980.92,1986.01,3758.85301392
1742659200,2025-03-22T16:00:00+00:00,1986.01,1999.84,1982.02,1995.58,6019.11918636
1742673600,2025-03-22T20:00:00+00:00,1995.57,2004.11,1975,1980.35,16396.95688437
1742688000,2025-03-23T00:00:00+00:00,1980.43,2008.82,1976.6,2008.28,5837.61864589
1742702400,2025-03-23T04:00:00+00:00,2008.29,2019.1,1992,2008.1,7401.34184543
1742716800,2025-03-23T08:00:00+00:00,2008.11,2020.54,2002.61,2007.82,6007.56696472
1742731200,2025-03-23T12:00:00+00:00,2007.81,2020.3,2002.2,2006.99,8312.86230664
1742745600,2025-03-23T16:00:00+00:00,2006.98,2008.12,1987.5,1996.31,9339.95903368
1742760000,2025-03-23T20:00:00+00:00,1996.2,2006.94,1980.47,2005.97,11851.87602829
1742774400,2025-03-24T00:00:00+00:00,2006.14,2021.34,1977.42,2014.51,19810.61126356
1742788800,2025-03-24T04:00:00+00:00,2014.48,2079.88,2014.48,2069.09,27639.72900794
1742803200,2025-03-24T08:00:00+00:00,2069.32,2104.21,2069,2093,18900.10082621
1742817600,2025-03-24T12:00:00+00:00,2092.91,2102.67,2073.59,2089.81,32932.2961502
1742832000,2025-03-24T16:00:00+00:00,2089.75,2101.62,2067.8,2088.93,31610.87400055
1742846400,2025-03-24T20:00:00+00:00,2089.11,2096,2068.62,2081.62,9642.1232041
1742860800,2025-03-25T00:00:00+00:00,2081.61,2098.11,2041.77,2043.65,13615.63424041
1742875200,2025-03-25T04:00:00+00:00,2043.35,2067.61,2037.39,2055.74,8705.871023599999
1742889600,2025-03-25T08:00:00+00:00,2055.74,2075.43,2053.48,2068.59,6536.42172029
1742904000,2025-03-25T12:00:00+00:00,2068.71,2081.58,2052.13,2067.71,19622.04946737
1742918400,2025-03-25T16:00:00+00:00,2067.89,2084.45,2056.66,2075.81,15428.51014414
1742932800,2025-03-25T20:00:00+00:00,2075.72,2084.1,2054.17,2066.78,14521.13152235
1742947200,2025-03-26T00:00:00+00:00,2066.75,2079.35,2042.98,2049.36,11803.27422454
1742961600,2025-03-26T04:00:00+00:00,2049.45,2071.9,2048.01,2069.75,10638.66884857
1742976000,2025-03-26T08:00:00+00:00,2069.69,2076.83,2058,2069.22,9957.78275472
1742990400,2025-03-26T12:00:00+00:00,2069.21,2071.15,2006.69,2012.88,33842.66743399
1743004800,2025-03-26T16:00:00+00:00,2012.11,2022.57,1981.4,2000.04,35064.07232907
1743019200,2025-03-26T20:00:00+00:00,1999.64,2017.41,1992.09,2009.72,20814.71061785
1743033600,2025-03-27T00:00:00+00:00,2009.65,2037.61,2006.1,2031.75,12244.20314983
1743048000,2025-03-27T04:00:00+00:00,2031.8,2033.43,2021.5,2026.76,4079.44829849
1743062400,2025-03-27T08:00:00+00:00,2026.61,2036.76,2012.41,2016.4,8757.19319148
1743076800,2025-03-27T12:00:00+00:00,2016.4,2026.55,1986.83,2005.28,25789.540499140003
1743091200,2025-03-27T16:00:00+00:00,2005,2015.1,1993.59,2003.92,22994.121289130002
1743105600,2025-03-27T20:00:00+00:00,2003.98,2020,1999.02,2003.32,11812.03395419
1743120000,2025-03-28T00:00:00+00:00,2003.18,2015.78,1991.23,1999.46,12573.55568693
1743134400,2025-03-28T04:00:00+00:00,1999.46,2004,1903.5,1909.25,54728.98590556999
1743148800,2025-03-28T08:00:00+00:00,1909.34,1923.54,1861,1899.81,34047.876518510006
1743163200,2025-03-28T12:00:00+00:00,1899.8,1903.84,1868.95,1870.69,87622.51936574001
1743177600,2025-03-28T16:00:00+00:00,1870.68,1886,1860.86,1873,28938.200166059996
1743192000,2025-03-28T20:00:00+00:00,1872.82,1901.31,1871.91,1896.23,13884.94649506
1743206400,2025-03-29T00:00:00+00:00,1896.21,1912.8,1885.52,1899.28,12355.66623224
1743220800,2025-03-29T04:00:00+00:00,1899.19,1904.35,1874.69,1879.54,8833.07126891
1743235200,2025-03-29T08:00:00+00:00,1879.43,1886.46,1832.68,1843.7,18525.84456787
1743249600,2025-03-29T12:00:00+00:00,1843.73,1862.75,1833.15,1839.59,14460.96386199
1743264000,2025-03-29T16:00:00+00:00,1839.47,1847.42,1797.51,1827,36660.92977732
1743278400,2025-03-29T20:00:00+00:00,1826.88,1829.76,1810.88,1827.39,12578.33654285
1743292800,2025-03-30T00:00:00+00:00,1827.43,1844.26,1812.11,1834.11,12883.11800784
1743307200,2025-03-30T04:00:00+00:00,1833.99,1846.27,1831.84,1837.15,6683.90362855
1743321600,2025-03-30T08:00:00+00:00,1837.03,1848.27,1826.43,1832.97,8082.68031469
1743336000,2025-03-30T12:00:00+00:00,1832.97,1839.68,1791.6,1813.21,18888.001087059998
1743350400,2025-03-30T16:00:00+00:00,1813.4,1832.96,1785.01,1813.89,26948.09611681
1743364800,2025-03-30T20:00:00+00:00,1813.71,1821.25,1767.1,1807.31,27011.90475347
1743379200,2025-03-31T00:00:00+00:00,1807.51,1823,1776.43,1798.48,27153.20799828
1743393600,2025-03-31T04:00:00+00:00,1798.44,1813.72,1789,1798.54,13327.27484038
1743408000,2025-03-31T08:00:00+00:00,1798.55,1819.42,1777.6,1813.18,24779.63161237
1743422400,2025-03-31T12:00:00+00:00,1813.11,1854.2,1795.08,1842.22,36082.41464951
1743436800,2025-03-31T16:00:00+00:00,1842.16,1847.69,1817.17,1827.44,22281.41922058
1743451200,2025-03-31T20:00:00+00:00,1827.55,1834.65,1816.1,1822.03,16187.15488996
1743465600,2025-04-01T00:00:00+00:00,1822.05,1842.65,1817.71,1834.59,14256.518335789999
1743480000,2025-04-01T04:00:00+00:00,1834.59,1866.51,1831.57,1853.9,12018.660204619999
1743494400,2025-04-01T08:00:00+00:00,1853.91,1892.3,1853.37,1862.19,18371.48701318
1743508800,2025-04-01T12:00:00+00:00,1862.18,1928.2,1841.88,1918.9,53395.039328119994
1743523200,2025-04-01T16:00:00+00:00,1918.59,1924.42,1900.82,1910.59,30553.684421680002
1743537600,2025-04-01T20:00:00+00:00,1910.13,1923.1,1897.08,1905.13,17317.21970779
1743552000,2025-04-02T00:00:00+00:00,1905.13,1909.37,1872.48,1876.31,18273.31348949
1743566400,2025-04-02T04:00:00+00:00,1876.31,1883.11,1851.21,1865.05,18800.000755709996
1743580800,2025-04-02T08:00:00+00:00,1865.04,1887.79,1862.5,1868.61,15966.8031973
1743595200,2025-04-02T12:00:00+00:00,1868.61,1919.15,1853.92,1901.36,60638.30656222
1743609600,2025-04-02T16:00:00+00:00,1901.29,1916.32,1882.33,1911.81,31857.357065999997
1743624000,2025-04-02T20:00:00+00:00,1911.74,1956.55,1781.21,1794.7,111785.57185412
1743638400,2025-04-03T00:00:00+00:00,1794.77,1834.76,1788.11,1824.45,24189.715147220002
1743652800,2025-04-03T04:00:00+00:00,1824.47,1845.09,1806.94,1815.06,18096.84565705
1743667200,2025-04-03T08:00:00+00:00,1815.17,1824.23,1787.03,1794.87,17969.46236155
1743681600,2025-04-03T12:00:00+00:00,1794.86,1800.01,1750,1781.86,70939.93670198001
1743696000,2025-04-03T16:00:00+00:00,1781.77,1798.06,1766.68,1786.25,36559.12228976
1743710400,2025-04-03T20:00:00+00:00,1786.05,1820.99,1778.67,1816.36,18526.008527949998
1743724800,2025-04-04T00:00:00+00:00,1816.33,1822.52,1769.65,1792.27,23018.04834244
1743739200,2025-04-04T04:00:00+00:00,1792.39,1821.46,1782.89,1817.48,11485.32322369
1743753600,2025-04-04T08:00:00+00:00,1817.56,1835.49,1758.5,1783.76,39089.50775047
1743768000,2025-04-04T12:00:00+00:00,1783.6,1820.15,1768.86,1794.52,81762.80399269
1743782400,2025-04-04T16:00:00+00:00,1794.79,1828.39,1781.8,1809.39,49527.27379952
1743796800,2025-04-04T20:00:00+00:00,1809.54,1826.91,1806.65,1816.39,10694.68702659
1743811200,2025-04-05T00:00:00+00:00,1816.34,1826.71,1808.67,1809.43,6086.7041268600005
1743825600,2025-04-05T04:00:00+00:00,1809.34,1815.21,1803.57,1812.46,3032.3158732
1743840000,2025-04-05T08:00:00+00:00,1812.62,1821.61,1806.12,1806.68,3185.99757526
1743854400,2025-04-05T12:00:00+00:00,1806.68,1807.91,1777.32,1781.4,9048.05298743
1743868800,2025-04-05T16:00:00+00:00,1781.36,1794.87,1779,1781.37,9483.82672017
1743883200,2025-04-05T20:00:00+00:00,1781.37,1809.4,1764.1,1805.09,9404.42089544
1743897600,2025-04-06T00:00:00+00:00,1805.16,1816.28,1801.22,1808.89,5894.06123878
1743912000,2025-04-06T04:00:00+00:00,1809.01,1812.73,1791.19,1797.03,4105.62073758
1743926400,2025-04-06T08:00:00+00:00,1797.02,1797.37,1782.27,1788.4,4065.7145330200005
1743940800,2025-04-06T12:00:00+00:00,1788.35,1791.35,1735.92,1759.48,23137.91426853
1743955200,2025-04-06T16:00:00+00:00,1759.54,1759.77,1601,1625.35,96276.56913566
1743969600,2025-04-06T20:00:00+00:00,1625.27,1630.25,1535.06,1579.77,136170.47898033
1743984000,2025-04-07T00:00:00+00:00,1579.8,1613.56,1520.05,1542.9,73860.71296774001
1743998400,2025-04-07T04:00:00+00:00,1542.9,1560,1411,1458.97,124214.0045314
1744012800,2025-04-07T08:00:00+00:00,1458.69,1519.8,1453.87,1482.42,95467.76014786
1744027200,2025-04-07T12:00:00+00:00,1482.31,1638.82,1477.41,1555.44,255045.62915690002
1744041600,2025-04-07T16:00:00+00:00,1555.63,1572.06,1525.39,1544.33,116264.52655873
1744056000,2025-04-07T20:00:00+00:00,1544.63,1584.95,1543.98,1552.64,33960.06811812
1744070400,2025-04-08T00:00:00+00:00,1552.37,1618.25,1540.48,1584.12,38473.992173219995
1744084800,2025-04-08T04:00:00+00:00,1583.98,1601.87,1561.22,1570.28,21243.7601297
1744099200,2025-04-08T08:00:00+00:00,1570.16,1589.65,1553.87,1588.01,16412.73286603
1744113600,2025-04-08T12:00:00+00:00,1588.17,1593.2,1517.35,1531.19,72100.55803141001
1744128000,2025-04-08T16:00:00+00:00,1531.04,1532.44,1453.58,1464.97,78592.23601523
1744142400,2025-04-08T20:00:00+00:00,1464.7,1484.98,1444.37,1471.94,34266.18981423
1744156800,2025-04-09T00:00:00+00:00,1472.11,1481.09,1383.26,1417.44,76797.10341983
1744171200,2025-04-09T04:00:00+00:00,1417.45,1491.21,1413.59,1482.77,38996.02615808
1744185600,2025-04-09T08:00:00+00:00,1482.81,1495.77,1444.28,1454.65,34436.39615448
1744200000,2025-04-09T12:00:00+00:00,1454.5,1500,1439.64,1484.19,63209.09110682
1744214400,2025-04-09T16:00:00+00:00,1484.18,1671.6,1480.62,1639.85,147527.17411566
1744228800,2025-04-09T20:00:00+00:00,1639.39,1688.99,1639,1669.27,37853.48699485
1744243200,2025-04-10T00:00:00+00:00,1669.15,1669.52,1601.27,1616.48,27810.068046030003
1744257600,2025-04-10T04:00:00+00:00,1616.42,1625.37,1583.17,1595.38,18369.40130545
1744272000,2025-04-10T08:00:00+00:00,1595.2,1606.42,1580.49,1593.91,13084.75341651
1744286400,2025-04-10T12:00:00+00:00,1593.66,1625.93,1482.86,1495.06,72072.72902436
1744300800,2025-04-10T16:00:00+00:00,1494.8,1531.46,1471.63,1513.31,77409.27173688001
1744315200,2025-04-10T20:00:00+00:00,1513.19,1532.73,1512.4,1521.51,19473.3900894
1744329600,2025-04-11T00:00:00+00:00,1521.08,1549.5,1504,1543.74,25510.44372967
1744344000,2025-04-11T04:00:00+00:00,1543.7,1561.85,1540,1552.26,14648.811075779999
1744358400,2025-04-11T08:00:00+00:00,1552.26,1584.13,1537.38,1558.03,26703.681321969998
1744372800,2025-04-11T12:00:00+00:00,1558.15,1581.41,1540.14,1564.5,34546.18772597
1744387200,2025-04-11T16:00:00+00:00,1564.82,1590.84,1554.61,1564.99,26835.237729220004
1744401600,2025-04-11T20:00:00+00:00,1564.91,1586.23,1557.78,1566.13,15209.06517784
1744416000,2025-04-12T00:00:00+00:00,1565.95,1569.11,1544.36,1553.71,10319.96899642
1744430400,2025-04-12T04:00:00+00:00,1553.71,1584.84,1549.93,1581.51,8882.90344873
1744444800,2025-04-12T08:00:00+00:00,1581.53,1605.9,1580.41,1593.61,8917.74895289
1744459200,2025-04-12T12:00:00+00:00,1593.61,1668.88,1590.16,1655.53,32657.275884120005
1744473600,2025-04-12T16:00:00+00:00,1655.45,1661.73,1627.93,1642.28,15678.369872849999
1744488000,2025-04-12T20:00:00+00:00,1642.29,1659.38,1641,1643.85,10555.9023667
1744502400,2025-04-13T00:00:00+00:00,1643.82,1649.37,1606.29,1623.96,10173.75736262
1744516800,2025-04-13T04:00:00+00:00,1623.96,1624.18,1597.17,1613.23,7809.2207227300005
1744531200,2025-04-13T08:00:00+00:00,1613.07,1627.6,1592.41,1603.88,8396.22033989
1744545600,2025-04-13T12:00:00+00:00,1603.92,1608.74,1565.45,1586.07,19067.65490417
1744560000,2025-04-13T16:00:00+00:00,1585.91,1648.5,1562,1589.7,41936.11502024
1744574400,2025-04-13T20:00:00+00:00,1589.97,1616.58,1572.04,1597.04,24506.265610360002
1744588800,2025-04-14T00:00:00+00:00,1597.04,1660.02,1595.06,1629.08,24913.304381609996
1744603200,2025-04-14T04:00:00+00:00,1629.08,1642.09,1612.4,1635.14,11655.72332692
1744617600,2025-04-14T08:00:00+00:00,1635.28,1691,1628.9,1674.96,20211.86997917
1744632000,2025-04-14T12:00:00+00:00,1674.96,1689.61,1619.31,1627.68,33015.54273696
1744646400,2025-04-14T16:00:00+00:00,1627.75,1651.34,1614.45,1636.57,28012.77813144
1744660800,2025-04-14T20:00:00+00:00,1636.91,1637.95,1606.46,1624.03,12835.071520970001
1744675200,2025-04-15T00:00:00+00:00,1623.61,1643.46,1614.55,1637.86,11863.425236230001
1744689600,2025-04-15T04:00:00+00:00,1637.83,1648.18,1631.94,1645.04,7509.0616339
1744704000,2025-04-15T08:00:00+00:00,1644.87,1651.81,1622.51,1632,9056.819165699999
1744718400,2025-04-15T12:00:00+00:00,1631.99,1660.98,1601.46,1620.95,30897.52553664
1744732800,2025-04-15T16:00:00+00:00,1620.97,1628.07,1596.98,1606.84,19517.40144656
1744747200,2025-04-15T20:00:00+00:00,1607.1,1614.93,1583.15,1588.64,33701.220751379995
1744761600,2025-04-16T00:00:00+00:00,1588.48,1604.57,1576.19,1590.88,12181.98439173
1744776000,2025-04-16T04:00:00+00:00,1590.91,1593.42,1551.49,1564.18,15722.57233854
1744790400,2025-04-16T08:00:00+00:00,1563.93,1586.26,1556.5,1584.03,8207.60938599
1744804800,2025-04-16T12:00:00+00:00,1583.5,1613.22,1565.63,1590.51,21291.77870543
1744819200,2025-04-16T16:00:00+00:00,1590.57,1612.37,1538.02,1588.71,50740.12374569
1744833600,2025-04-16T20:00:00+00:00,1588.59,1598.29,1569.93,1577.27,11094.81101302
1744848000,2025-04-17T00:00:00+00:00,1577.3,1595.25,1574.75,1584.79,6997.0531973100005
1744862400,2025-04-17T04:00:00+00:00,1584.93,1610.61,1580.94,1601.94,8847.19331246
1744876800,2025-04-17T08:00:00+00:00,1601.8,1604.49,1588.31,1593.2,6866.85789852
1744891200,2025-04-17T12:00:00+00:00,1593.08,1603.02,1562.35,1583.2,19675.45568778
1744905600,2025-04-17T16:00:00+00:00,1582.9,1616.85,1577.22,1581.59,38159.120056219996
1744920000,2025-04-17T20:00:00+00:00,1581.65,1592.2,1578.87,1583.83,11707.92873854
1744934400,2025-04-18T00:00:00+00:00,1583.86,1589.76,1577.14,1584.09,6634.45934605
1744948800,2025-04-18T04:00:00+00:00,1584.39,1585.36,1573.7,1584.34,3883.9320531
1744963200,2025-04-18T08:00:00+00:00,1584.2,1592.6,1582.22,1590.68,3256.2946903899997
1744977600,2025-04-18T12:00:00+00:00,1590.43,1597.1,1579.2,1583.26,8307.15620145
1744992000,2025-04-18T16:00:00+00:00,1583.29,1594.99,1581.7,1593.35,6822.31415422
1745006400,2025-04-18T20:00:00+00:00,1593.12,1600.74,1587.04,1588.57,8453.39420197
1745020800,2025-04-19T00:00:00+00:00,1588.61,1599.95,1585.02,1597.41,9115.83024535
1745035200,2025-04-19T04:00:00+00:00,1597.55,1612.8,1595.12,1600.65,11085.6185276
1745049600,2025-04-19T08:00:00+00:00,1600.65,1606.17,1593.93,1596.54,4792.27789207
1745064000,2025-04-19T12:00:00+00:00,1596.99,1612.2,1594.71,1607.08,6648.69121284
1745078400,2025-04-19T16:00:00+00:00,1607.03,1630.98,1598.32,1614.79,10892.936929959998
1745092800,2025-04-19T20:00:00+00:00,1614.77,1622.24,1611,1612.87,6379.11612468
1745107200,2025-04-20T00:00:00+00:00,1612.97,1619.14,1607.81,1611.47,9976.96531273
1745121600,2025-04-20T04:00:00+00:00,1611.47,1617.31,1586.45,1597.27,13501.22814964
1745136000,2025-04-20T08:00:00+00:00,1597.26,1597.3,1565.64,1572.49,13283.306439299999
1745150400,2025-04-20T12:00:00+00:00,1572.25,1584.03,1570.78,1573.56,9885.2395198
1745164800,2025-04-20T16:00:00+00:00,1573.48,1587.89,1571.5,1586.18,8386.061120670001
1745179200,2025-04-20T20:00:00+00:00,1586.09,1600.3,1574.5,1587.32,9747.69126686
1745193600,2025-04-21T00:00:00+00:00,1587.42,1645.47,1585.91,1634.71,29244.766988689997
1745208000,2025-04-21T04:00:00+00:00,1634.78,1658.55,1631.69,1645.83,17525.89207912
1745222400,2025-04-21T08:00:00+00:00,1645.75,1654.94,1618.01,1626.41,9642.07916398
1745236800,2025-04-21T12:00:00+00:00,1626.4,1641.76,1608.56,1623.72,26855.05071055
1745251200,2025-04-21T16:00:00+00:00,1623.91,1626.69,1563.06,1574.03,45633.09677588
1745265600,2025-04-21T20:00:00+00:00,1573.87,1581,1571.14,1579.55,14599.486557369999
1745280000,2025-04-22T00:00:00+00:00,1579.54,1593.79,1538.75,1579.43,26121.635286570003
1745294400,2025-04-22T04:00:00+00:00,1579.22,1624.09,1574.06,1619.27,14582.44828171
1745308800,2025-04-22T08:00:00+00:00,1619.36,1638.37,1613.17,1631.19,23278.37037906
1745323200,2025-04-22T12:00:00+00:00,1631.05,1728.09,1627.03,1704.47,128188.17780023
1745337600,2025-04-22T16:00:00+00:00,1704.46,1712.42,1685,1699.98,74869.56338410999
1745352000,2025-04-22T20:00:00+00:00,1700.05,1778.92,1693.37,1757,65340.72545779
1745366400,2025-04-23T00:00:00+00:00,1757.09,1807.62,1746.09,1796.18,42585.35724651
1745380800,2025-04-23T04:00:00+00:00,1796.18,1818.88,1773.78,1792.21,63495.601081140005
1745395200,2025-04-23T08:00:00+00:00,1792.2,1812.76,1779.56,1797.77,19220.51054759
1745409600,2025-04-23T12:00:00+00:00,1797.76,1835.74,1760.69,1794.86,76657.4672426
1745424000,2025-04-23T16:00:00+00:00,1794.79,1811.99,1774.49,1786.88,47207.71748732
1745438400,2025-04-23T20:00:00+00:00,1787.11,1807.78,1785.99,1795.92,18716.0029971
1745452800,2025-04-24T00:00:00+00:00,1795.81,1803.33,1766.59,1768.69,19889.80086723
1745467200,2025-04-24T04:00:00+00:00,1768.47,1776.92,1751.84,1756.79,18157.13833223
1745481600,2025-04-24T08:00:00+00:00,1756.77,1761.08,1723.01,1755.24,25339.393929930004
1745496000,2025-04-24T12:00:00+00:00,1755.23,1778.3,1743.11,1765.4,39604.8735408
1745510400,2025-04-24T16:00:00+00:00,1765.36,1778.48,1746.54,1764.09,40257.31786592
1745524800,2025-04-24T20:00:00+00:00,1764.01,1775.5,1749.83,1770.41,18106.19035899
1745539200,2025-04-25T00:00:00+00:00,1770.42,1790.97,1740,1761.37,23946.628604460002
1745553600,2025-04-25T04:00:00+00:00,1761.37,1782.75,1758.67,1777.87,11105.736281029998
1745568000,2025-04-25T08:00:00+00:00,1777.85,1794.04,1765.11,1790.99,17535.793614349997
1745582400,2025-04-25T12:00:00+00:00,1790.93,1828.9,1758.15,1807.6,74107.68333870001
1745596800,2025-04-25T16:00:00+00:00,1807.62,1812.39,1783.62,1804.79,40090.76778894
1745611200,2025-04-25T20:00:00+00:00,1804.16,1811.24,1784.95,1785.95,24601.97145908
1745625600,2025-04-26T00:00:00+00:00,1785.8,1816.85,1785.8,1798.28,14620.77551668
1745640000,2025-04-26T04:00:00+00:00,1798.29,1811.39,1789.56,1801.15,6664.19075433
1745654400,2025-04-26T08:00:00+00:00,1801.18,1841.66,1779.84,1786.52,22052.32094071
1745668800,2025-04-26T12:00:00+00:00,1786.54,1805.44,1780.89,1800.87,13320.37618962
1745683200,2025-04-26T16:00:00+00:00,1800.88,1815,1796.59,1813.73,8113.368683999999
1745697600,2025-04-26T20:00:00+00:00,1813.72,1831.88,1806.2,1821.6,10522.63895145
1745712000,2025-04-27T00:00:00+00:00,1821.77,1857.85,1802.06,1810.19,22025.3353457
1745726400,2025-04-27T04:00:00+00:00,1810.37,1812.58,1790.01,1804.23,8460.32360311
1745740800,2025-04-27T08:00:00+00:00,1804.28,1815.81,1802.02,1806.82,4275.9062153800005
1745755200,2025-04-27T12:00:00+00:00,1806.81,1808.71,1782.9,1794.51,11148.174909119998
1745769600,2025-04-27T16:00:00+00:00,1794.5,1809.02,1787.99,1808.52,9486.51588802
1745784000,2025-04-27T20:00:00+00:00,1808.51,1808.76,1785,1791.88,12697.60004219
1745798400,2025-04-28T00:00:00+00:00,1791.89,1794.53,1753.01,1784.87,30922.61086884
1745812800,2025-04-28T04:00:00+00:00,1784.87,1813.06,1784.69,1805.66,18940.8130437
1745827200,2025-04-28T08:00:00+00:00,1805.65,1829,1789.76,1817.1,22953.15696506
1745841600,2025-04-28T12:00:00+00:00,1817.1,1818.11,1753.5,1763.89,46392.37623385
1745856000,2025-04-28T16:00:00+00:00,1763.89,1804.87,1744.9,1797.82,61590.88736262
1745870400,2025-04-28T20:00:00+00:00,1797.81,1807.05,1781.52,1800.26,27334.60347741
1745884800,2025-04-29T00:00:00+00:00,1800.31,1812.31,1788.45,1802.56,24391.9155137
1745899200,2025-04-29T04:00:00+00:00,1802.57,1825.72,1788.75,1822.34,24464.40758017
1745913600,2025-04-29T08:00:00+00:00,1822.4,1843.28,1817.6,1830.49,19791.549395780003
1745928000,2025-04-29T12:00:00+00:00,1830.27,1834.12,1803.49,1815.54,35458.11975211
1745942400,2025-04-29T16:00:00+00:00,1815.54,1833.09,1807.88,1823.14,22075.475394089997
1745956800,2025-04-29T20:00:00+00:00,1822.53,1827.05,1780.6,1798.21,17944.33935495
1745971200,2025-04-30T00:00:00+00:00,1798.2,1815.65,1789.52,1809.4,14627.077099089998
1745985600,2025-04-30T04:00:00+00:00,1809.41,1813.85,1791.37,1796.82,10792.24124523
1746000000,2025-04-30T08:00:00+00:00,1796.89,1817.43,1793.13,1816.11,9789.4084587
1746014400,2025-04-30T12:00:00+00:00,1816.09,1817.12,1732.44,1764.82,49217.997631289996
1746028800,2025-04-30T16:00:00+00:00,1764.81,1793.06,1756,1787.04,25065.84049037
1746043200,2025-04-30T20:00:00+00:00,1786.7,1809.65,1784.37,1793.79,22874.665160790002
1746057600,2025-05-01T00:00:00+00:00,1793.92,1819.69,1792.67,1808.37,19340.99459127
1746072000,2025-05-01T04:00:00+00:00,1808.37,1818.28,1802.6,1810.79,8072.940133499999
1746086400,2025-05-01T08:00:00+00:00,1810.8,1859.46,1809.03,1846.09,24784.366437360004
1746100800,2025-05-01T12:00:00+00:00,1846.09,1874.48,1825.68,1854.11,50248.37840621
1746115200,2025-05-01T16:00:00+00:00,1853.82,1871.26,1840,1843.74,26292.706271259995
1746129600,2025-05-01T20:00:00+00:00,1843.81,1852.19,1833.94,1838.82,10755.11811289
1746144000,2025-05-02T00:00:00+00:00,1838.78,1852.14,1835.56,1847.87,14214.43108803
1746158400,2025-05-02T04:00:00+00:00,1848.16,1851.98,1816.68,1816.84,10413.58336244
1746172800,2025-05-02T08:00:00+00:00,1816.78,1836.19,1813.43,1834.07,10382.1705827
1746187200,2025-05-02T12:00:00+00:00,1834.04,1855.35,1823.71,1841.73,21684.47573874
1746201600,2025-05-02T16:00:00+00:00,1841.69,1871.95,1832.57,1840.36,28123.111064869998
1746216000,2025-05-02T20:00:00+00:00,1840.37,1849.31,1833.71,1842.98,8461.494253179999
1746230400,2025-05-03T00:00:00+00:00,1842.98,1843.89,1827.1,1835.62,8186.57760315
1746244800,2025-05-03T04:00:00+00:00,1835.57,1840,1825.26,1827.29,3804.86911881
1746259200,2025-05-03T08:00:00+00:00,1827.23,1830.96,1818.1,1824.58,3939.2680063999996
1746273600,2025-05-03T12:00:00+00:00,1824.67,1840.21,1824.39,1835.01,6541.2724304799995
1746288000,2025-05-03T16:00:00+00:00,1835.1,1839.59,1810.38,1838.68,10900.37854412
1746302400,2025-05-03T20:00:00+00:00,1838.7,1849.27,1829.37,1834.03,11638.04450686
1746316800,2025-05-04T00:00:00+00:00,1834.11,1849.64,1826.79,1832.47,7302.463128810001
1746331200,2025-05-04T04:00:00+00:00,1832.42,1850.21,1829.98,1841.25,5367.0409925799995
1746345600,2025-05-04T08:00:00+00:00,1841.25,1841.64,1822.09,1827.84,4344.34444111
1746360000,2025-05-04T12:00:00+00:00,1827.75,1833.96,1818.46,1830.84,6059.727086479999
1746374400,2025-05-04T16:00:00+00:00,1830.76,1833.49,1822.37,1828.89,6368.711690960001
1746388800,2025-05-04T20:00:00+00:00,1828.88,1842.64,1803.01,1809,10986.44186357
1746403200,2025-05-05T00:00:00+00:00,1808.82,1818.78,1781.7,1794.56,17495.05089236
1746417600,2025-05-05T04:00:00+00:00,1794.57,1829.85,1792.73,1826.89,7444.03326236
1746432000,2025-05-05T08:00:00+00:00,1826.89,1831.57,1798.48,1804.8,10144.80955
1746446400,2025-05-05T12:00:00+00:00,1804.74,1815.75,1794.39,1801.07,15218.408732970001
1746460800,2025-05-05T16:00:00+00:00,1801.02,1828.66,1800.6,1816.39,21024.1099655
1746475200,2025-05-05T20:00:00+00:00,1816.39,1833.51,1798.54,1820.15,13870.183437779999
1746489600,2025-05-06T00:00:00+00:00,1820.2,1820.64,1792.36,1806.26,12417.50231082
1746504000,2025-05-06T04:00:00+00:00,1806.28,1808.9,1797.84,1805.55,3567.9660525
1746518400,2025-05-06T08:00:00+00:00,1805.56,1805.9,1757.23,1769.62,12273.406552460001
1746532800,2025-05-06T12:00:00+00:00,1769.71,1779.81,1751.45,1769.88,19643.562280060003
1746547200,2025-05-06T16:00:00+00:00,1769.87,1799,1762.03,1784.35,19753.85662942
1746561600,2025-05-06T20:00:00+00:00,1784.96,1819.5,1765.64,1817.06,23765.18957453
1746576000,2025-05-07T00:00:00+00:00,1817.06,1850.94,1814.58,1826.25,33650.64138858
1746590400,2025-05-07T04:00:00+00:00,1826.25,1838.7,1824.19,1838.24,9260.705914780001
1746604800,2025-05-07T08:00:00+00:00,1838.24,1847.36,1830.89,1836.49,13776.5676486
1746619200,2025-05-07T12:00:00+00:00,1836.48,1837.4,1814.87,1817.79,21759.01275728
1746633600,2025-05-07T16:00:00+00:00,1817.75,1818.41,1787.01,1795.75,36614.99070896
1746648000,2025-05-07T20:00:00+00:00,1795.93,1826.03,1788.95,1811.35,23650.213156179998
1746662400,2025-05-08T00:00:00+00:00,1811.36,1906.38,1808.61,1900.85,38743.39918558
1746676800,2025-05-08T04:00:00+00:00,1901.04,1943.43,1892.28,1928.6,34931.08738299
1746691200,2025-05-08T08:00:00+00:00,1928.64,1968.54,1925.54,1957.81,23664.75190888
1746705600,2025-05-08T12:00:00+00:00,1957.87,2076,1954.71,2051.97,81571.30401372
1746720000,2025-05-08T16:00:00+00:00,2052.11,2140.07,2036.92,2118.29,65330.56608824
1746734400,2025-05-08T20:00:00+00:00,2118.37,2225.52,2112,2207.09,85316.67658901
1746748800,2025-05-09T00:00:00+00:00,2206.84,2244.88,2184.39,2204.75,40535.351501640005
1746763200,2025-05-09T04:00:00+00:00,2204.77,2392.63,2202.28,2364.61,67899.96542376
1746777600,2025-05-09T08:00:00+00:00,2364.43,2490.66,2291.37,2350.98,115921.49068538
1746792000,2025-05-09T12:00:00+00:00,2350.9,2388.84,2270.92,2300.98,72547.6311762
1746806400,2025-05-09T16:00:00+00:00,2301.73,2355.31,2275,2332.63,55466.80480354
1746820800,2025-05-09T20:00:00+00:00,2332.98,2353.22,2322.95,2345.29,15573.085667880001
1746835200,2025-05-10T00:00:00+00:00,2345.42,2380.47,2317.73,2340.28,16796.95062013
1746849600,2025-05-10T04:00:00+00:00,2340.21,2418.65,2326.88,2401.07,17132.89247775
1746864000,2025-05-10T08:00:00+00:00,2401.37,2436.28,2362.63,2384.97,34468.51027462
1746878400,2025-05-10T12:00:00+00:00,2385.09,2449.52,2385.04,2434.04,31070.44141318
1746892800,2025-05-10T16:00:00+00:00,2434.11,2513.12,2429.32,2499.62,47767.52534712
1746907200,2025-05-10T20:00:00+00:00,2499.63,2600.6,2469.68,2583.8,42937.957545590005
1746921600,2025-05-11T00:00:00+00:00,2583.09,2609,2504.32,2537.63,41729.76457326
1746936000,2025-05-11T04:00:00+00:00,2537.53,2562.45,2454.19,2473.46,24660.640282070002
1746950400,2025-05-11T08:00:00+00:00,2473.38,2535.87,2473.21,2531.3,12963.32040935
1746964800,2025-05-11T12:00:00+00:00,2531.07,2532.51,2436.47,2462.75,23108.495512070003
1746979200,2025-05-11T16:00:00+00:00,2463.02,2526.09,2440.55,2509.01,23163.04640038
1746993600,2025-05-11T20:00:00+00:00,2509.01,2529.71,2484.12,2514.79,18022.952148829998
1747008000,2025-05-12T00:00:00+00:00,2514.79,2549.35,2490.89,2520.16,24096.610893589997
1747022400,2025-05-12T04:00:00+00:00,2520.26,2625,2486.84,2554.92,64878.67715909
1747036800,2025-05-12T08:00:00+00:00,2554.92,2586.1,2521.36,2530.69,28646.19675565
1747051200,2025-05-12T12:00:00+00:00,2530.44,2576.83,2476.01,2486.94,55568.09766046001
1747065600,2025-05-12T16:00:00+00:00,2486.94,2512.9,2407.41,2461.09,51001.67403242
1747080000,2025-05-12T20:00:00+00:00,2460.62,2500,2452.24,2495.83,21913.249989149997
1747094400,2025-05-13T00:00:00+00:00,2495.61,2496.25,2415.65,2425.29,21184.82249977
1747108800,2025-05-13T04:00:00+00:00,2425.16,2480.26,2420.01,2460.82,14136.48278432
1747123200,2025-05-13T08:00:00+00:00,2460.83,2525.64,2451.1,2513.94,16847.954296980002
1747137600,2025-05-13T12:00:00+00:00,2513.89,2575,2492.2,2565.97,50995.407778869994
1747152000,2025-05-13T16:00:00+00:00,2566.5,2739.05,2560.08,2692.32,70746.78969345
1747166400,2025-05-13T20:00:00+00:00,2691.6,2708.04,2655.42,2679.88,35784.61092167
1747180800,2025-05-14T00:00:00+00:00,2679.82,2725,2622.61,2646.34,39447.326926860005
1747195200,2025-05-14T04:00:00+00:00,2646.62,2687.7,2636.08,2640.66,17650.92342072
1747209600,2025-05-14T08:00:00+00:00,2640.66,2646.19,2577.84,2625.14,29245.83468395
1747224000,2025-05-14T12:00:00+00:00,2625.13,2635.7,2559.3,2598.12,44129.91694002
1747238400,2025-05-14T16:00:00+00:00,2597.76,2617.86,2547.75,2604.83,30404.60561969
1747252800,2025-05-14T20:00:00+00:00,2605.14,2614.91,2584.22,2610.31,15774.738810899998
1747267200,2025-05-15T00:00:00+00:00,2610.47,2647.1,2567.69,2575.76,21121.24549017
1747281600,2025-05-15T04:00:00+00:00,2575.36,2596.8,2515.89,2531.28,16601.677104349998
1747296000,2025-05-15T08:00:00+00:00,2531.28,2567.21,2517.78,2555.26,18076.08910479
1747310400,2025-05-15T12:00:00+00:00,2555.42,2579.92,2475,2564.49,41496.07015731
1747324800,2025-05-15T16:00:00+00:00,2564.28,2604.78,2511.2,2531.03,43263.58766504
1747339200,2025-05-15T20:00:00+00:00,2531.61,2564.78,2511.9,2548.84,21557.89808423
1747353600,2025-05-16T00:00:00+00:00,2549.16,2585.72,2534.59,2581.87,19020.979177729998
1747368000,2025-05-16T04:00:00+00:00,2581.96,2620.25,2564.61,2601.99,12496.96986016
1747382400,2025-05-16T08:00:00+00:00,2602.02,2648.88,2558.46,2621.56,20903.14601655
1747396800,2025-05-16T12:00:00+00:00,2621.67,2623.99,2574.45,2595.87,39058.017553369995
1747411200,2025-05-16T16:00:00+00:00,2595.86,2602.97,2570.5,2592.84,15739.960932630001
1747425600,2025-05-16T20:00:00+00:00,2593.11,2593.89,2530.31,2538.02,15246.38287306
1747440000,2025-05-17T00:00:00+00:00,2537.9,2539.48,2453.36,2497.78,32328.83378561
1747454400,2025-05-17T04:00:00+00:00,2497.51,2514.34,2476,2493.09,7864.40326888
1747468800,2025-05-17T08:00:00+00:00,2493.35,2496.69,2467.27,2482.37,8073.90452
1747483200,2025-05-17T12:00:00+00:00,2482.14,2487.44,2446.89,2475.2,9874.653781539999
1747497600,2025-05-17T16:00:00+00:00,2475.08,2489.49,2449,2470.96,9505.07958225
1747512000,2025-05-17T20:00:00+00:00,2470.88,2496.59,2454.26,2476.11,10568.58630246
1747526400,2025-05-18T00:00:00+00:00,2476.11,2488.46,2469.17,2478.01,6343.08288376
1747540800,2025-05-18T04:00:00+00:00,2478.13,2515.59,2478,2510.34,5335.854596
1747555200,2025-05-18T08:00:00+00:00,2510.31,2529.23,2499.23,2502.34,5430.10951037
1747569600,2025-05-18T12:00:00+00:00,2502.35,2588.25,2488.2,2579.62,15745.943961050001
1747584000,2025-05-18T16:00:00+00:00,2579.87,2585.32,2404.22,2409.22,40109.133856889996
1747598400,2025-05-18T20:00:00+00:00,2409.16,2511.67,2323,2498.24,62004.960932179994
1747612800,2025-05-19T00:00:00+00:00,2498.63,2513.53,2379.91,2385.23,48185.13252202
1747627200,2025-05-19T04:00:00+00:00,2385.89,2414.11,2349.73,2404.31,51664.8420831
1747641600,2025-05-19T08:00:00+00:00,2404.33,2422.95,2390.18,2418,14109.606909549999
1747656000,2025-05-19T12:00:00+00:00,2418,2474.91,2385.46,2467.87,33148.69250131
1747670400,2025-05-19T16:00:00+00:00,2467.79,2547.73,2451.29,2519.75,44755.687596760006
1747684800,2025-05-19T20:00:00+00:00,2519.74,2535.19,2493.38,2528.71,25004.79886472
1747699200,2025-05-20T00:00:00+00:00,2529.28,2588.58,2511.21,2553.6,28778.2835619
1747713600,2025-05-20T04:00:00+00:00,2553.6,2579.87,2522.36,2533.45,14007.542060440002
1747728000,2025-05-20T08:00:00+00:00,2533.06,2540.86,2493.09,2515.16,10017.255202880002
1747742400,2025-05-20T12:00:00+00:00,2515.25,2515.94,2465.27,2483.36,25277.49247323
1747756800,2025-05-20T16:00:00+00:00,2483.36,2512.54,2444.4,2502.14,26930.650797330003
1747771200,2025-05-20T20:00:00+00:00,2502.61,2541.46,2486.33,2525.05,24635.165096979996
1747785600,2025-05-21T00:00:00+00:00,2525.05,2555.72,2510.34,2545.96,15866.103429760002
1747800000,2025-05-21T04:00:00+00:00,2545.96,2617.15,2535.6,2553.05,42331.99445033001
1747814400,2025-05-21T08:00:00+00:00,2552.82,2563.37,2516.4,2537.96,15699.913854370001
1747828800,2025-05-21T12:00:00+00:00,2537.95,2584.09,2523.25,2568.47,34758.50771597
1747843200,2025-05-21T16:00:00+00:00,2568.38,2616.37,2452.79,2514.05,84958.4310093
1747857600,2025-05-21T20:00:00+00:00,2513.98,2599.21,2487.18,2551.73,25173.79461327
1747872000,2025-05-22T00:00:00+00:00,2552.12,2648.42,2545.4,2630.09,35139.90520207
1747886400,2025-05-22T04:00:00+00:00,2629.83,2648,2602.83,2635.31,22196.40053982
1747900800,2025-05-22T08:00:00+00:00,2635.3,2692.99,2627.26,2651.27,26820.09381131
1747915200,2025-05-22T12:00:00+00:00,2651.27,2681.33,2623.33,2665.03,51151.31114006
1747929600,2025-05-22T16:00:00+00:00,2665.06,2678.66,2627.2,2635.87,41283.735493600005
1747944000,2025-05-22T20:00:00+00:00,2635.87,2667.45,2628.7,2665.39,19716.32075825
1747958400,2025-05-23T00:00:00+00:00,2665.59,2734.04,2645.61,2722.15,34182.026693089996
1747972800,2025-05-23T04:00:00+00:00,2722.15,2726.33,2650.8,2654.85,26352.150918239997
1747987200,2025-05-23T08:00:00+00:00,2655.17,2688.26,2550.61,2566.41,32050.493394339996
1748001600,2025-05-23T12:00:00+00:00,2566.96,2593.01,2500,2569.04,56284.509134080006
1748016000,2025-05-23T16:00:00+00:00,2569.29,2587.62,2547.09,2560.99,31987.6759221
1748030400,2025-05-23T20:00:00+00:00,2561.09,2563.32,2503.76,2527.02,20994.6529987
1748044800,2025-05-24T00:00:00+00:00,2526.83,2557.17,2515.72,2550.62,10318.416064959998
1748059200,2025-05-24T04:00:00+00:00,2550.62,2563.98,2536.11,2547.66,5209.5692587700005
1748073600,2025-05-24T08:00:00+00:00,2547.66,2577.57,2545.89,2564.04,6509.21704163
1748088000,2025-05-24T12:00:00+00:00,2564.09,2566.01,2544.48,2556.37,7223.87721006
1748102400,2025-05-24T16:00:00+00:00,2556.48,2568.48,2544.44,2554.95,4878.304521829999
1748116800,2025-05-24T20:00:00+00:00,2555.2,2557.6,2518.42,2530.99,6491.48817262
1748131200,2025-05-25T00:00:00+00:00,2531.34,2540.59,2477,2514.08,17748.671913649996
1748145600,2025-05-25T04:00:00+00:00,2514,2519.82,2488.14,2494.85,5420.058044400001
1748160000,2025-05-25T08:00:00+00:00,2494.85,2502.76,2463.37,2498.48,7276.85552325
1748174400,2025-05-25T12:00:00+00:00,2498.49,2525.77,2479.94,2512.25,9397.32435426
1748188800,2025-05-25T16:00:00+00:00,2512.71,2536.55,2496.99,2527.07,6195.65569605
1748203200,2025-05-25T20:00:00+00:00,2527.62,2555.3,2509.24,2552.32,12215.90317713
1748217600,2025-05-26T00:00:00+00:00,2552.44,2578.38,2537.85,2561.49,10844.673723009999
1748232000,2025-05-26T04:00:00+00:00,2561.5,2600.8,2558.69,2582.14,11097.143631480001
1748246400,2025-05-26T08:00:00+00:00,2582.19,2584.12,2555.85,2569.19,6962.446610309999
1748260800,2025-05-26T12:00:00+00:00,2569.17,2575.43,2538.48,2567.18,13485.92628558
1748275200,2025-05-26T16:00:00+00:00,2567.39,2574.66,2526.98,2542,7385.87781208
1748289600,2025-05-26T20:00:00+00:00,2541.9,2585.59,2537.09,2564.32,7201.95547669
1748304000,2025-05-27T00:00:00+00:00,2564.71,2574.43,2510.54,2549.91,13277.006621330002
1748318400,2025-05-27T04:00:00+00:00,2550.23,2619.48,2549.77,2608.25,22754.43003293
1748332800,2025-05-27T08:00:00+00:00,2608.2,2655.13,2607.95,2653.07,24024.351821710003
1748347200,2025-05-27T12:00:00+00:00,2653.06,2684.66,2634.12,2669.31,39934.9110889
1748361600,2025-05-27T16:00:00+00:00,2669.5,2713.78,2659.17,2689.26,52040.786877770006
1748376000,2025-05-27T20:00:00+00:00,2689.37,2695.64,2653.29,2662.04,14040.855851699998
1748390400,2025-05-28T00:00:00+00:00,2662.18,2662.75,2618.86,2646.41,15757.00726023
1748404800,2025-05-28T04:00:00+00:00,2646.6,2653.79,2624.29,2637.62,7794.118910779999
1748419200,2025-05-28T08:00:00+00:00,2637.62,2660.63,2609.9,2658.5,12093.90993685
1748433600,2025-05-28T12:00:00+00:00,2658.5,2690.33,2614.21,2628.17,26489.26221253
1748448000,2025-05-28T16:00:00+00:00,2628.24,2665.46,2616.84,2618.3,29578.31596607
1748462400,2025-05-28T20:00:00+00:00,2618.18,2687.21,2611.94,2682.16,23847.14844915
1748476800,2025-05-29T00:00:00+00:00,2682.44,2789.5,2671.43,2763.63,45590.41714941
1748491200,2025-05-29T04:00:00+00:00,2763.62,2767.96,2703.63,2732.41,23180.14783192
1748505600,2025-05-29T08:00:00+00:00,2732.43,2745.87,2708.81,2717.01,25228.148927
1748520000,2025-05-29T12:00:00+00:00,2716.93,2719.88,2622.07,2643.84,42832.18656796
1748534400,2025-05-29T16:00:00+00:00,2644.15,2673.85,2629.15,2651.07,32718.598079379997
1748548800,2025-05-29T20:00:00+00:00,2650.71,2669.32,2618.88,2631.68,21579.32068665
1748563200,2025-05-30T00:00:00+00:00,2631.41,2645.44,2558.57,2631.97,28420.07097909
1748577600,2025-05-30T04:00:00+00:00,2631.96,2649.91,2608,2619.7,15642.59838187
1748592000,2025-05-30T08:00:00+00:00,2619.71,2628.99,2589.48,2622.63,11768.99367645
1748606400,2025-05-30T12:00:00+00:00,2622.75,2627.19,2572.76,2599.03,25866.22301193
1748620800,2025-05-30T16:00:00+00:00,2599.04,2605.34,2534.05,2574.7,33912.01599943
1748635200,2025-05-30T20:00:00+00:00,2574.26,2590.15,2507.8,2531.94,14263.43833851
1748649600,2025-05-31T00:00:00+00:00,2531.92,2541.78,2476.84,2514.64,16526.21797552
1748664000,2025-05-31T04:00:00+00:00,2514.63,2527.96,2505.24,2522.45,5272.99035271
1748678400,2025-05-31T08:00:00+00:00,2522.23,2539.16,2509.43,2520.64,4922.313650319999
1748692800,2025-05-31T12:00:00+00:00,2520.6,2551.67,2516.54,2537.59,11097.89423813
1748707200,2025-05-31T16:00:00+00:00,2537.47,2549.26,2524.81,2538.8,6585.49633988
1748721600,2025-05-31T20:00:00+00:00,2538.79,2551.59,2525.73,2529.31,6965.22316779
1748736000,2025-06-01T00:00:00+00:00,2529.31,2531.51,2494.01,2514.61,9481.21706296
1748750400,2025-06-01T04:00:00+00:00,2514.55,2528.52,2507.26,2510.28,3540.41767017
1748764800,2025-06-01T08:00:00+00:00,2510.09,2512.01,2478.77,2498.91,6089.16383488
1748779200,2025-06-01T12:00:00+00:00,2498.89,2526.6,2470.5,2524.67,10060.2112399
1748793600,2025-06-01T16:00:00+00:00,2524.31,2550,2494.93,2527.73,13979.73788945
1748808000,2025-06-01T20:00:00+00:00,2527.64,2548.95,2520.76,2540.38,10002.3194268
1748822400,2025-06-02T00:00:00+00:00,2540.4,2543.62,2486.31,2497.6,13105.01437525
1748836800,2025-06-02T04:00:00+00:00,2497.41,2514.66,2484.29,2508.23,6742.85927486
1748851200,2025-06-02T08:00:00+00:00,2508.24,2517.26,2476.13,2482.19,11967.79058484
1748865600,2025-06-02T12:00:00+00:00,2481.81,2557.76,2478.54,2545.68,33363.32086585
1748880000,2025-06-02T16:00:00+00:00,2545.69,2567.1,2526.37,2534.1,30140.90298258
1748894400,2025-06-02T20:00:00+00:00,2533.92,2616.87,2533.3,2609.29,32034.085271819997
1748908800,2025-06-03T00:00:00+00:00,2609.29,2652.45,2589.8,2605.08,32868.20005816
1748923200,2025-06-03T04:00:00+00:00,2605.01,2622.95,2591.39,2611.89,28978.128701050002
1748937600,2025-06-03T08:00:00+00:00,2611.92,2622.41,2596.59,2603.44,14169.68295315
1748952000,2025-06-03T12:00:00+00:00,2603.51,2657.74,2599.48,2625.51,42873.40826424
1748966400,2025-06-03T16:00:00+00:00,2625.52,2630.82,2604.65,2626.74,37851.82807897
1748980800,2025-06-03T20:00:00+00:00,2626.97,2627.74,2575.75,2595.03,19051.078820209998
1748995200,2025-06-04T00:00:00+00:00,2595.03,2642.56,2584.05,2629.61,11771.00595887
1749009600,2025-06-04T04:00:00+00:00,2629.61,2646.8,2621.2,2629.05,10338.93263914
1749024000,2025-06-04T08:00:00+00:00,2629.1,2652,2625.71,2626.38,13201.61427556
1749038400,2025-06-04T12:00:00+00:00,2626.37,2681,2594.99,2669.22,34203.84320349
1749052800,2025-06-04T16:00:00+00:00,2669.39,2671.13,2623.33,2624.93,20242.93736796
1749067200,2025-06-04T20:00:00+00:00,2624.98,2626.33,2600.45,2609.07,15857.51147325
1749081600,2025-06-05T00:00:00+00:00,2609.19,2634.31,2603,2626.25,11331.64567387
1749096000,2025-06-05T04:00:00+00:00,2626.17,2635.62,2599.3,2605.26,18029.24304803
1749110400,2025-06-05T08:00:00+00:00,2605.22,2615.2,2581.52,2609.25,24516.08106308
1749124800,2025-06-05T12:00:00+00:00,2609.25,2642.53,2563.05,2590.59,34579.78403238
1749139200,2025-06-05T16:00:00+00:00,2590.32,2592.81,2506.43,2529.28,37182.12912332
1749153600,2025-06-05T20:00:00+00:00,2529.27,2535.84,2392.16,2415.34,80059.53571761999
1749168000,2025-06-06T00:00:00+00:00,2415.31,2458.18,2384,2456.95,27849.167528899998
1749182400,2025-06-06T04:00:00+00:00,2456.89,2469.94,2447.7,2456.6,13510.058843829998
1749196800,2025-06-06T08:00:00+00:00,2456.59,2495.16,2454.69,2477.66,14975.348549770002
1749211200,2025-06-06T12:00:00+00:00,2477.89,2533.09,2468.35,2511.39,36967.34827645
1749225600,2025-06-06T16:00:00+00:00,2511.33,2520.39,2485.34,2485.8,21746.571176909998
1749240000,2025-06-06T20:00:00+00:00,2485.9,2508.57,2474.41,2478.24,12113.84208072
1749254400,2025-06-07T00:00:00+00:00,2478.38,2495.81,2457.88,2491.09,8763.55696599
1749268800,2025-06-07T04:00:00+00:00,2490.95,2503.5,2481.83,2493.32,4719.86778229
1749283200,2025-06-07T08:00:00+00:00,2493.32,2503.55,2483.83,2497.09,2837.15112985
1749297600,2025-06-07T12:00:00+00:00,2497.09,2525.05,2494.09,2521.16,6640.49388583
1749312000,2025-06-07T16:00:00+00:00,2521.25,2527.43,2508.22,2518.39,6288.22239044
1749326400,2025-06-07T20:00:00+00:00,2518.35,2545,2518.35,2526.14,6601.66634509
1749340800,2025-06-08T00:00:00+00:00,2525.94,2527.29,2509.52,2513.04,3477.6194640199997
1749355200,2025-06-08T04:00:00+00:00,2512.93,2521.42,2509.27,2515.68,3652.40153346
1749369600,2025-06-08T08:00:00+00:00,2515.7,2522.09,2492.84,2514.53,6871.049884499999
1749384000,2025-06-08T12:00:00+00:00,2514.53,2528.56,2501.2,2515.83,4320.94039284
1749398400,2025-06-08T16:00:00+00:00,2515.66,2541.79,2513.59,2533.92,6226.1149815399995
1749412800,2025-06-08T20:00:00+00:00,2533.92,2549.57,2501.27,2510.78,9082.703877599999
1749427200,2025-06-09T00:00:00+00:00,2510.77,2513.23,2483.55,2498.3,8774.3987944
1749441600,2025-06-09T04:00:00+00:00,2498.18,2498.51,2479.09,2493.14,4663.00080645
1749456000,2025-06-09T08:00:00+00:00,2493.25,2548.69,2485.64,2543.37,14452.3943296
1749470400,2025-06-09T12:00:00+00:00,2543.38,2549.99,2511.53,2535.55,15658.6412844
1749484800,2025-06-09T16:00:00+00:00,2535.54,2591.75,2535.42,2582.28,29592.63552479
1749499200,2025-06-09T20:00:00+00:00,2582.45,2695.2,2577.51,2681.29,43883.82500806
1749513600,2025-06-10T00:00:00+00:00,2681.25,2729.28,2676.04,2689.7,47427.84296127
1749528000,2025-06-10T04:00:00+00:00,2689.83,2701.51,2657.11,2678.24,30533.36375923
1749542400,2025-06-10T08:00:00+00:00,2678.37,2798.99,2671.2,2774.77,32127.593113559997
1749556800,2025-06-10T12:00:00+00:00,2774.31,2780.33,2690.92,2733.56,48267.92041276
1749571200,2025-06-10T16:00:00+00:00,2733.8,2807.99,2729.3,2775.25,68499.12874385
1749585600,2025-06-10T20:00:00+00:00,2774.49,2827.18,2735.86,2816.5,41701.82145245
1749600000,2025-06-11T00:00:00+00:00,2816.69,2834.88,2772.28,2791.46,19738.16177717
1749614400,2025-06-11T04:00:00+00:00,2791.45,2804.29,2780.65,2792.23,11447.85417006
1749628800,2025-06-11T08:00:00+00:00,2792.19,2794.16,2754.35,2772.47,8595.42895354
1749643200,2025-06-11T12:00:00+00:00,2772.47,2880,2764.18,2865.75,58787.684749269996
1749657600,2025-06-11T16:00:00+00:00,2865.5,2876.67,2801.79,2814.43,47890.36471528
1749672000,2025-06-11T20:00:00+00:00,2814.22,2832.59,2743,2772.39,32897.23057641
1749686400,2025-06-12T00:00:00+00:00,2772.39,2785.93,2746.88,2765.59,16579.19482317
1749700800,2025-06-12T04:00:00+00:00,2765.58,2776.82,2733.86,2741.13,10470.14905055
1749715200,2025-06-12T08:00:00+00:00,2740.93,2762.62,2721.37,2730.38,10854.430191809999
1749729600,2025-06-12T12:00:00+00:00,2730.36,2774.09,2712.24,2720.45,27652.90043755
1749744000,2025-06-12T16:00:00+00:00,2720.39,2771.95,2692.38,2695.44,40799.36999924
1749758400,2025-06-12T20:00:00+00:00,2695.09,2704.05,2615,2643.8,45716.45538247
1749772800,2025-06-13T00:00:00+00:00,2643.81,2646.79,2439.17,2516.44,124630.38409653
1749787200,2025-06-13T04:00:00+00:00,2516.44,2543.5,2493.88,2527.99,30173.99724471
1749801600,2025-06-13T08:00:00+00:00,2527.95,2547.05,2507.6,2546.63,23325.713525799998
1749816000,2025-06-13T12:00:00+00:00,2546.59,2564.82,2504.67,2553.2,46942.80919251
1749830400,2025-06-13T16:00:00+00:00,2553.06,2587.08,2511,2529.26,36713.13294618
1749844800,2025-06-13T20:00:00+00:00,2528.6,2584.92,2525.2,2580.21,22090.82764419
1749859200,2025-06-14T00:00:00+00:00,2580.25,2580.86,2548.41,2550.08,13895.45309921
1749873600,2025-06-14T04:00:00+00:00,2550,2557.98,2528.1,2538.66,9024.6638852
1749888000,2025-06-14T08:00:00+00:00,2538.62,2541.16,2518.88,2539.7,7717.336861379999
1749902400,2025-06-14T12:00:00+00:00,2539.7,2547.77,2506.17,2520.71,14553.37539519
1749916800,2025-06-14T16:00:00+00:00,2520.44,2526.99,2490,2509.03,13189.064722809999
1749931200,2025-06-14T20:00:00+00:00,2509.04,2540.99,2498.06,2531.97,9245.13719207
1749945600,2025-06-15T00:00:00+00:00,2531.98,2542.13,2526.15,2531.41,5811.90296411
1749960000,2025-06-15T04:00:00+00:00,2531.38,2553.81,2524,2529.52,6352.45555077
1749974400,2025-06-15T08:00:00+00:00,2529.66,2531.21,2509.3,2517.07,4503.81273028
1749988800,2025-06-15T12:00:00+00:00,2516.94,2555.57,2516.59,2542.52,8352.85033048
1750003200,2025-06-15T16:00:00+00:00,2542.6,2559.94,2531.45,2537.44,7400.8573612
1750017600,2025-06-15T20:00:00+00:00,2537.44,2550.12,2492.42,2548.03,16215.0768109
1750032000,2025-06-16T00:00:00+00:00,2547.95,2579.5,2515.23,2568.91,16349.783130650001
1750046400,2025-06-16T04:00:00+00:00,2568.95,2640,2567.18,2629.22,25349.79195166
1750060800,2025-06-16T08:00:00+00:00,2629.28,2634.52,2592.57,2617.78,12505.17816616
1750075200,2025-06-16T12:00:00+00:00,2617.2,2658.71,2605,2633.35,42486.539954199994
1750089600,2025-06-16T16:00:00+00:00,2633.47,2672.24,2628.66,2661.79,23838.90300152
1750104000,2025-06-16T20:00:00+00:00,2661.64,2681.97,2536.3,2545.27,56938.11777461
1750118400,2025-06-17T00:00:00+00:00,2545.41,2619.44,2524.22,2608.23,36026.7550476
1750132800,2025-06-17T04:00:00+00:00,2608.23,2611.19,2570.73,2583.05,11689.93690292
1750147200,2025-06-17T08:00:00+00:00,2582.67,2586.27,2542.18,2552.75,10225.831223739999
1750161600,2025-06-17T12:00:00+00:00,2552.68,2569.38,2482.14,2499.2,39636.02513958
1750176000,2025-06-17T16:00:00+00:00,2499.49,2544.23,2454,2529.01,47186.068178019996
1750190400,2025-06-17T20:00:00+00:00,2529.14,2535.03,2492.37,2510.7,18844.38364324
1750204800,2025-06-18T00:00:00+00:00,2510.64,2536.92,2506.43,2528.37,12904.42577007
1750219200,2025-06-18T04:00:00+00:00,2528.52,2547.01,2518.29,2533.93,7827.10374459
1750233600,2025-06-18T08:00:00+00:00,2533.93,2548.52,2489.38,2514.34,8728.89882051
1750248000,2025-06-18T12:00:00+00:00,2514.35,2539.52,2466.38,2509.88,27534.462718439998
1750262400,2025-06-18T16:00:00+00:00,2509.81,2519.67,2467.44,2492.94,19720.23153044
1750276800,2025-06-18T20:00:00+00:00,2492.93,2538.9,2483.41,2525.54,15569.890137319999
1750291200,2025-06-19T00:00:00+00:00,2525.49,2548.35,2507,2526,8987.64101123
1750305600,2025-06-19T04:00:00+00:00,2526,2531.75,2515,2519.17,4268.75016032
1750320000,2025-06-19T08:00:00+00:00,2519.41,2544.92,2519.14,2532.61,10175.56844816
1750334400,2025-06-19T12:00:00+00:00,2532.47,2537.63,2490.65,2493.72,10194.27916275
1750348800,2025-06-19T16:00:00+00:00,2493.53,2523,2485.37,2505.29,8796.09250787
1750363200,2025-06-19T20:00:00+00:00,2505.39,2532.86,2502.92,2521.52,9065.31918415
1750377600,2025-06-20T00:00:00+00:00,2521.79,2532.62,2511.12,2517.66,8741.30170944
1750392000,2025-06-20T04:00:00+00:00,2517.73,2552.38,2503.94,2549.99,12492.64148852
1750406400,2025-06-20T08:00:00+00:00,2550.18,2569.2,2541.63,2550.29,9140.93664261
1750420800,2025-06-20T12:00:00+00:00,2550.05,2560,2488,2494.53,23556.0795792
1750435200,2025-06-20T16:00:00+00:00,2494.41,2496.6,2367.58,2415.05,67170.42249665
1750449600,2025-06-20T20:00:00+00:00,2414.83,2438.58,2382.53,2407.2,19830.899254310003
1750464000,2025-06-21T00:00:00+00:00,2407.2,2433.81,2396.39,2426.13,10053.179783219999
1750478400,2025-06-21T04:00:00+00:00,2426.15,2429.09,2419.37,2427.55,3771.33414926
1750492800,2025-06-21T08:00:00+00:00,2427.34,2449.05,2424.04,2443.16,6916.56843303
1750507200,2025-06-21T12:00:00+00:00,2443.17,2445.73,2412.69,2424.09,6966.221972200001
1750521600,2025-06-21T16:00:00+00:00,2424.02,2428.6,2382.61,2385.14,17034.50685274
1750536000,2025-06-21T20:00:00+00:00,2385.15,2409.27,2217.06,2297.28,62866.943067349996
1750550400,2025-06-22T00:00:00+00:00,2297.26,2315.15,2247.04,2265.49,37619.48506129
1750564800,2025-06-22T04:00:00+00:00,2265.37,2298.91,2262.58,2271.2,9070.4849212
1750579200,2025-06-22T08:00:00+00:00,2271.48,2281.8,2237.82,2274.17,32640.89423869
1750593600,2025-06-22T12:00:00+00:00,2274.19,2288.7,2156.45,2175.44,65065.92760112
1750608000,2025-06-22T16:00:00+00:00,2175.26,2220.19,2171.03,2184.72,25672.44740839
1750622400,2025-06-22T20:00:00+00:00,2184.72,2238.19,2113,2228.46,54868.59440519
1750636800,2025-06-23T00:00:00+00:00,2228.46,2261.11,2222.78,2235.54,21019.518858080002
1750651200,2025-06-23T04:00:00+00:00,2235.73,2276.97,2228.68,2259.86,15332.138725599998
1750665600,2025-06-23T08:00:00+00:00,2259.72,2275.71,2239.7,2254.36,15376.802598700002
1750680000,2025-06-23T12:00:00+00:00,2254.21,2314.59,2233.69,2249.57,42337.12249505
1750694400,2025-06-23T16:00:00+00:00,2249.59,2327.39,2189.11,2314.5,60844.1612304
1750708800,2025-06-23T20:00:00+00:00,2314.5,2440,2305.21,2413,64255.00778209
1750723200,2025-06-24T00:00:00+00:00,2412.81,2419.81,2391.44,2400.61,28047.319117699997
1750737600,2025-06-24T04:00:00+00:00,2400.35,2436.38,2392.74,2394.76,15684.310081620002
1750752000,2025-06-24T08:00:00+00:00,2394.85,2450.92,2377.79,2411.19,25485.91709174
1750766400,2025-06-24T12:00:00+00:00,2410.92,2456.07,2404.55,2439.58,32265.483234990003
1750780800,2025-06-24T16:00:00+00:00,2439.51,2483.38,2418.07,2435.97,40494.26746349
1750795200,2025-06-24T20:00:00+00:00,2435.88,2451.78,2431.63,2449.87,14719.48742812
1750809600,2025-06-25T00:00:00+00:00,2449.74,2470.19,2437.92,2445.76,11387.46631426
1750824000,2025-06-25T04:00:00+00:00,2445.75,2452.46,2425.58,2446.02,10180.40936742
1750838400,2025-06-25T08:00:00+00:00,2446.06,2449.48,2409,2430.48,16519.6375444
1750852800,2025-06-25T12:00:00+00:00,2430.4,2447.69,2391.15,2407.13,38526.757977409994
1750867200,2025-06-25T16:00:00+00:00,2407.12,2440.79,2402.49,2434.28,30663.32325928
1750881600,2025-06-25T20:00:00+00:00,2433.88,2455.78,2409.43,2420.09,16174.0638167
1750896000,2025-06-26T00:00:00+00:00,2420.09,2521.67,2418.5,2490.47,27178.38226688
1750910400,2025-06-26T04:00:00+00:00,2490.62,2502,2468.38,2491.35,12078.89658479
1750924800,2025-06-26T08:00:00+00:00,2491.22,2501.97,2440.62,2451.48,15765.23222677
1750939200,2025-06-26T12:00:00+00:00,2451.49,2460.87,2409.19,2434.51,29276.669480959998
1750953600,2025-06-26T16:00:00+00:00,2434.51,2443.8,2418.93,2436.56,13490.258462740001
1750968000,2025-06-26T20:00:00+00:00,2436.45,2458.79,2395,2417.4,16832.448735769998
1750982400,2025-06-27T00:00:00+00:00,2417.21,2450.08,2381.26,2448.02,14370.463470530001
1750996800,2025-06-27T04:00:00+00:00,2448.03,2460.58,2436.01,2443.46,12936.273293360002
1751011200,2025-06-27T08:00:00+00:00,2443.57,2464.69,2436.73,2448.05,9375.257420740001
1751025600,2025-06-27T12:00:00+00:00,2448.05,2457.68,2414.69,2439.86,20818.25518945
1751040000,2025-06-27T16:00:00+00:00,2439.9,2451.3,2389.17,2414.17,28277.711898470003
1751054400,2025-06-27T20:00:00+00:00,2413.76,2430.87,2412.39,2424.2,10678.12724577
1751068800,2025-06-28T00:00:00+00:00,2424.24,2425.16,2407.03,2421.92,5403.30358727
1751083200,2025-06-28T04:00:00+00:00,2421.97,2435.89,2418.69,2432.83,3601.7168873600003
1751097600,2025-06-28T08:00:00+00:00,2433.08,2433.67,2421.05,2428.49,2991.5194635000003
1751112000,2025-06-28T12:00:00+00:00,2428.5,2443.86,2420.55,2437.31,6630.63890223
1751126400,2025-06-28T16:00:00+00:00,2437.39,2448.97,2432.4,2433.98,6407.60694614
1751140800,2025-06-28T20:00:00+00:00,2434.19,2443.42,2428.27,2437.08,4462.145947399999
1751155200,2025-06-29T00:00:00+00:00,2437.08,2443.74,2425.6,2428.91,2809.48921372
1751169600,2025-06-29T04:00:00+00:00,2428.91,2441.67,2427.67,2441.67,1565.67196565
1751184000,2025-06-29T08:00:00+00:00,2441.7,2464.99,2439.19,2463.15,6504.10215961
1751198400,2025-06-29T12:00:00+00:00,2463.17,2464.46,2433.14,2437.84,6368.717002480001
1751212800,2025-06-29T16:00:00+00:00,2437.79,2443.79,2430.05,2438.72,4421.21203783
1751227200,2025-06-29T20:00:00+00:00,2438.72,2526.27,2413.36,2500.69,25421.500998179996
1751241600,2025-06-30T00:00:00+00:00,2500.7,2524.85,2496.01,2500.39,15918.68979601
1751256000,2025-06-30T04:00:00+00:00,2500.34,2506.67,2457.11,2481.06,11164.07441326
1751270400,2025-06-30T08:00:00+00:00,2481.06,2486.92,2447.12,2459,11474.92280328
1751284800,2025-06-30T12:00:00+00:00,2459.01,2489.19,2433.97,2475.33,28315.4822696
1751299200,2025-06-30T16:00:00+00:00,2475.36,2519.73,2462.23,2516.47,26986.39089221
1751313600,2025-06-30T20:00:00+00:00,2516.37,2522.8,2483.08,2486.15,21305.119207009997
1751328000,2025-07-01T00:00:00+00:00,2486.16,2501.45,2478.32,2486,6611.22397249
1751342400,2025-07-01T04:00:00+00:00,2486.15,2486.82,2445.5,2466.14,9398.222733030001
1751356800,2025-07-01T08:00:00+00:00,2465.95,2466.19,2443.11,2450.01,8581.27654341
1751371200,2025-07-01T12:00:00+00:00,2450.14,2457.35,2407.7,2424.34,24184.668724529998
1751385600,2025-07-01T16:00:00+00:00,2424.33,2434.76,2400.5,2403.09,15194.7218957
1751400000,2025-07-01T20:00:00+00:00,2403.33,2419.05,2386.96,2405.32,14879.93355906
1751414400,2025-07-02T00:00:00+00:00,2405.41,2432.82,2372.62,2431.26,11479.63106829
1751428800,2025-07-02T04:00:00+00:00,2431.25,2455,2426.35,2447.97,10306.470484970001
1751443200,2025-07-02T08:00:00+00:00,2447.96,2461.65,2442.37,2446.19,11811.37312465
1751457600,2025-07-02T12:00:00+00:00,2446.13,2503.9,2430.96,2500.15,27749.23784578
1751472000,2025-07-02T16:00:00+00:00,2500.2,2609.6,2496.38,2606.69,72359.77609005
1751486400,2025-07-02T20:00:00+00:00,2606.2,2619.98,2569.13,2571.13,34095.44928352
1751500800,2025-07-03T00:00:00+00:00,2571.13,2588.14,2557.21,2562.25,15394.79619027
1751515200,2025-07-03T04:00:00+00:00,2562.25,2606.68,2560.57,2601.31,17825.07517114
1751529600,2025-07-03T08:00:00+00:00,2601.31,2618.03,2581.8,2598.24,18479.107351349998
1751544000,2025-07-03T12:00:00+00:00,2598.25,2637.96,2566.18,2571.45,40032.07114709
1751558400,2025-07-03T16:00:00+00:00,2571.35,2593.79,2566.43,2587.2,15857.70393445
1751572800,2025-07-03T20:00:00+00:00,2587.2,2604.5,2585.74,2592.13,7470.39500297
1751587200,2025-07-04T00:00:00+00:00,2592.14,2603.7,2572.2,2578.8,9455.55075277
1751601600,2025-07-04T04:00:00+00:00,2578.83,2585.57,2530.01,2535.85,12318.143582199998
1751616000,2025-07-04T08:00:00+00:00,2535.92,2559.57,2528.13,2550.1,10272.08177694
1751630400,2025-07-04T12:00:00+00:00,2550.04,2557.01,2497.74,2501.45,25026.749723869998
1751644800,2025-07-04T16:00:00+00:00,2501.45,2504.71,2475,2483.13,13829.06314334
1751659200,2025-07-04T20:00:00+00:00,2483.1,2522.3,2481.78,2508.8,6975.57781576
1751673600,2025-07-05T00:00:00+00:00,2508.79,2525.89,2498.95,2519.47,3368.0319396100003
1751688000,2025-07-05T04:00:00+00:00,2519.47,2530.42,2513.31,2522.5,2976.8031222500003
1751702400,2025-07-05T08:00:00+00:00,2522.49,2526.83,2509.72,2518.88,1790.6792208299998
1751716800,2025-07-05T12:00:00+00:00,2518.88,2522.81,2505.11,2508.57,4455.663918939999
1751731200,2025-07-05T16:00:00+00:00,2508.72,2514.01,2488.4,2506.29,5767.98317382
1751745600,2025-07-05T20:00:00+00:00,2506.1,2523.03,2498.86,2517.01,3923.57147835
1751760000,2025-07-06T00:00:00+00:00,2517.02,2521.6,2510.09,2515.6,2505.6284893399998
1751774400,2025-07-06T04:00:00+00:00,2515.6,2527.44,2509.41,2518.71,2504.56747814
1751788800,2025-07-06T08:00:00+00:00,2518.71,2519.25,2504.27,2516.93,2167.86141601
1751803200,2025-07-06T12:00:00+00:00,2516.71,2570.33,2512.6,2558.89,11105.09105713
1751817600,2025-07-06T16:00:00+00:00,2559.04,2561.53,2524.36,2541.71,7052.62129272
1751832000,2025-07-06T20:00:00+00:00,2541.7,2605.38,2540.76,2570.84,15697.30338332
1751846400,2025-07-07T00:00:00+00:00,2570.81,2591.15,2550.93,2577.5,11379.693696920001
1751860800,2025-07-07T04:00:00+00:00,2577.65,2581.03,2559.38,2578.92,4925.39669225
1751875200,2025-07-07T08:00:00+00:00,2578.59,2588.61,2552.71,2562.95,8119.66820512
1751889600,2025-07-07T12:00:00+00:00,2563.15,2570.67,2527.38,2533.79,18384.57910344
1751904000,2025-07-07T16:00:00+00:00,2533.99,2557.55,2512.76,2544.3,25447.476471449998
1751918400,2025-07-07T20:00:00+00:00,2543.9,2546.85,2523.65,2542.38,11367.75745891
1751932800,2025-07-08T00:00:00+00:00,2542.39,2554.6,2523.58,2538.26,8267.17044692
1751947200,2025-07-08T04:00:00+00:00,2538.25,2563.69,2532.26,2553.86,5048.29288462
1751961600,2025-07-08T08:00:00+00:00,2553.85,2585.9,2543.46,2575.52,7640.349692649999
1751976000,2025-07-08T12:00:00+00:00,2575.57,2601.39,2558.48,2565.24,19017.64394979
1751990400,2025-07-08T16:00:00+00:00,2565.24,2628.95,2559.86,2610.95,47098.43217601
1752004800,2025-07-08T20:00:00+00:00,2610.99,2618.96,2597.37,2616.52,13216.35069644
1752019200,2025-07-09T00:00:00+00:00,2616.35,2627.61,2590.47,2592.18,11787.58391788
1752033600,2025-07-09T04:00:00+00:00,2592.17,2647.32,2591.22,2625.43,13300.89298262
1752048000,2025-07-09T08:00:00+00:00,2625.43,2631.26,2604.36,2626.94,10888.049427229998
1752062400,2025-07-09T12:00:00+00:00,2626.98,2675.54,2624.3,2657.4,47022.47014134
1752076800,2025-07-09T16:00:00+00:00,2657.41,2797.83,2652.64,2765.82,57386.35471534
1752091200,2025-07-09T20:00:00+00:00,2765.82,2784.58,2731.15,2769.83,46117.25951037
1752105600,2025-07-10T00:00:00+00:00,2769.83,2799.5,2756.22,2777.23,28289.06296509
1752120000,2025-07-10T04:00:00+00:00,2777.23,2824.62,2766.97,2792.01,21443.53964311
1752134400,2025-07-10T08:00:00+00:00,2792.23,2798.04,2772.58,2779.87,12053.322415539998
1752148800,2025-07-10T12:00:00+00:00,2779.89,2797.64,2760,2770.69,31097.19176224
1752163200,2025-07-10T16:00:00+00:00,2770.69,2842.5,2769.98,2818.29,73116.49911453
1752177600,2025-07-10T20:00:00+00:00,2818.27,3000,2815.18,2951.22,70544.07446733999
1752192000,2025-07-11T00:00:00+00:00,2951.87,2975.73,2913.58,2970.67,25956.24002061
1752206400,2025-07-11T04:00:00+00:00,2970.66,3030.39,2946.2,2970.44,35198.60639366
1752220800,2025-07-11T08:00:00+00:00,2970.56,3040.8,2965.21,2985,29027.834819800002
1752235200,2025-07-11T12:00:00+00:00,2985.07,3011.12,2940,2951.52,49667.84990182999
1752249600,2025-07-11T16:00:00+00:00,2952.1,3012.73,2936.66,3009.76,58337.58341516
1752264000,2025-07-11T20:00:00+00:00,3009.84,3011.99,2925,2959.12,32097.73490784
1752278400,2025-07-12T00:00:00+00:00,2959.22,2973.33,2933.63,2967.3,12692.612149919998
1752292800,2025-07-12T04:00:00+00:00,2967.58,2979.52,2942.98,2964.47,9941.08627616
1752307200,2025-07-12T08:00:00+00:00,2964.55,2981.01,2959,2964.94,7722.59855635
1752321600,2025-07-12T12:00:00+00:00,2964.94,2969.19,2905.29,2917.04,18881.68024156
1752336000,2025-07-12T16:00:00+00:00,2917.05,2947.04,2911.61,2942.21,7786.27097062
1752350400,2025-07-12T20:00:00+00:00,2942.21,2950,2916.1,2944.37,6654.31635332
1752364800,2025-07-13T00:00:00+00:00,2944.48,2961.76,2937,2956.22,7706.411962499999
1752379200,2025-07-13T04:00:00+00:00,2956.26,2968.85,2950.76,2964.92,5586.21470959
1752393600,2025-07-13T08:00:00+00:00,2964.64,2970.51,2945.46,2966.47,4288.86245945
1752408000,2025-07-13T12:00:00+00:00,2966.39,3022,2961.02,2993.89,19760.08338982
1752422400,2025-07-13T16:00:00+00:00,2993.93,3011.78,2963.64,2990.56,11798.3726974
1752436800,2025-07-13T20:00:00+00:00,2990.56,3000,2940.12,2973.38,21087.306265649997
1752451200,2025-07-14T00:00:00+00:00,2973.48,3053.94,2964.2,3038.61,28520.58730698
1752465600,2025-07-14T04:00:00+00:00,3038.66,3066.48,3018.16,3045.69,31229.708799350003
1752480000,2025-07-14T08:00:00+00:00,3045.94,3083.52,3024.04,3052.17,30455.57079651
1752494400,2025-07-14T12:00:00+00:00,3052.1,3069.42,2994.43,3012.9,44761.030982
1752508800,2025-07-14T16:00:00+00:00,3012.91,3030.91,2983.49,3001.4,42747.1829979
1752523200,2025-07-14T20:00:00+00:00,3001.57,3021.17,2981.81,3014.53,14737.89177148
1752537600,2025-07-15T00:00:00+00:00,3014.41,3023.95,2933,2952.29,24203.04279273
1752552000,2025-07-15T04:00:00+00:00,2952.18,2995,2934.9,2977.02,13427.84045218
1752566400,2025-07-15T08:00:00+00:00,2977.15,2988.92,2958.2,2980.66,8294.07403528
1752580800,2025-07-15T12:00:00+00:00,2981.1,3067.07,2966.45,3039.37,40626.00721494
1752595200,2025-07-15T16:00:00+00:00,3039.37,3098.5,3032.86,3041.58,62665.18840721
1752609600,2025-07-15T20:00:00+00:00,3041.52,3144.81,3029.86,3138.01,30260.57906593
1752624000,2025-07-16T00:00:00+00:00,3138.79,3153.16,3103.62,3116.08,22214.43379162
1752638400,2025-07-16T04:00:00+00:00,3116.09,3175.7,3101.25,3162.82,20388.18322808
1752652800,2025-07-16T08:00:00+00:00,3162.58,3174,3144.18,3151.22,10048.9977393
1752667200,2025-07-16T12:00:00+00:00,3151.22,3267.51,3148.02,3246.18,81176.05088858999
1752681600,2025-07-16T16:00:00+00:00,3246.09,3386.83,3236.69,3385.07,101590.96010981
1752696000,2025-07-16T20:00:00+00:00,3385.82,3425.89,3345.03,3373.12,56915.898314640006
1752710400,2025-07-17T00:00:00+00:00,3373.2,3399.8,3311.01,3331.82,34495.87561905
1752724800,2025-07-17T04:00:00+00:00,3331.66,3470.93,3320.78,3449.79,32291.9695516
1752739200,2025-07-17T08:00:00+00:00,3449.79,3483.25,3427.2,3434.96,31338.79845554
1752753600,2025-07-17T12:00:00+00:00,3434.86,3441.31,3363.57,3422.33,54455.81146515
1752768000,2025-07-17T16:00:00+00:00,3421.87,3458.65,3367.24,3414.74,59680.59975780999
1752782400,2025-07-17T20:00:00+00:00,3415.12,3526.73,3374.18,3479.77,62330.6944087
1752796800,2025-07-18T00:00:00+00:00,3479.78,3630,3461.68,3599.4,79258.39899918
1752811200,2025-07-18T04:00:00+00:00,3599.53,3677.4,3578.65,3607.63,54691.98200509
1752825600,2025-07-18T08:00:00+00:00,3607.61,3633.17,3584.69,3612.33,29900.97955913
1752840000,2025-07-18T12:00:00+00:00,3612.4,3676.35,3531,3565.27,57790.89519612
1752854400,2025-07-18T16:00:00+00:00,3565.9,3627.73,3539.61,3554.53,73959.37301714
1752868800,2025-07-18T20:00:00+00:00,3554.92,3579.24,3480,3549.67,42223.206379020005
1752883200,2025-07-19T00:00:00+00:00,3549.66,3602.22,3508.66,3595.93,23532.35049483
1752897600,2025-07-19T04:00:00+00:00,3595.93,3610.85,3569.5,3573.9,5892.00569759
1752912000,2025-07-19T08:00:00+00:00,3573.9,3580.79,3540.46,3554.91,7746.587847
1752926400,2025-07-19T12:00:00+00:00,3554.9,3574.5,3528.8,3554.1,11722.54550919
1752940800,2025-07-19T16:00:00+00:00,3554.08,3584.07,3532.18,3580.13,18609.52302302
1752955200,2025-07-19T20:00:00+00:00,3580.13,3600.67,3540.24,3594.3,15813.73892353
1752969600,2025-07-20T00:00:00+00:00,3594.31,3695,3581.22,3659.94,27073.78489484
1752984000,2025-07-20T04:00:00+00:00,3660.11,3691.52,3635.61,3670.67,18724.79823153
1752998400,2025-07-20T08:00:00+00:00,3670.81,3768.02,3670.81,3757.68,21318.18144922
1753012800,2025-07-20T12:00:00+00:00,3757.64,3793,3723.97,3787.92,22382.17990654
1753027200,2025-07-20T16:00:00+00:00,3788.02,3825.36,3733,3751.99,29850.46958566
1753041600,2025-07-20T20:00:00+00:00,3752,3774.83,3683.6,3758.6,27437.71571843
1753056000,2025-07-21T00:00:00+00:00,3758.66,3769,3703.76,3759.54,22589.13422608
1753070400,2025-07-21T04:00:00+00:00,3759.52,3814.25,3749.48,3789.13,20349.59607924
1753084800,2025-07-21T08:00:00+00:00,3789.44,3838.99,3757.36,3810.95,17754.40021716
1753099200,2025-07-21T12:00:00+00:00,3809.82,3860.8,3775.95,3812.7,65506.045298740006
1753113600,2025-07-21T16:00:00+00:00,3812.7,3820.49,3721.77,3738.78,73450.27129827
1753128000,2025-07-21T20:00:00+00:00,3737.92,3783.18,3720.2,3763.75,22056.4105206
1753142400,2025-07-22T00:00:00+00:00,3763.75,3801.63,3697.15,3734,49185.506833830004
1753156800,2025-07-22T04:00:00+00:00,3733.81,3736.59,3652.6,3678.95,28970.724850690003
1753171200,2025-07-22T08:00:00+00:00,3678.46,3722.62,3617.47,3707.65,30456.7022401
1753185600,2025-07-22T12:00:00+00:00,3707.76,3732.64,3627.22,3719.84,43106.08817269
1753200000,2025-07-22T16:00:00+00:00,3720,3754.72,3656.8,3671.76,46827.42415389
1753214400,2025-07-22T20:00:00+00:00,3671.49,3755.33,3662.66,3748.62,26475.31317015
1753228800,2025-07-23T00:00:00+00:00,3748.62,3766.79,3714.12,3730.81,21837.96543767
1753243200,2025-07-23T04:00:00+00:00,3730.76,3739.83,3666.17,3675.47,14763.74968286
1753257600,2025-07-23T08:00:00+00:00,3675.61,3700.53,3641.72,3673.75,17351.54904583
1753272000,2025-07-23T12:00:00+00:00,3673.94,3683.64,3580.77,3648.11,70783.45579451001
1753286400,2025-07-23T16:00:00+00:00,3648.11,3648.11,3554,3590.9,52474.24977821
1753300800,2025-07-23T20:00:00+00:00,3590.09,3637,3528.43,3630.34,34335.27296514
1753315200,2025-07-24T00:00:00+00:00,3630.41,3668,3614.41,3643.21,21877.79916127
1753329600,2025-07-24T04:00:00+00:00,3643.21,3659.64,3507.78,3593.62,23335.27964464
1753344000,2025-07-24T08:00:00+00:00,3593.38,3664.07,3582.3,3657.18,28816.82564228
1753358400,2025-07-24T12:00:00+00:00,3656.96,3775,3615.22,3733.99,52249.12244069
1753372800,2025-07-24T16:00:00+00:00,3733.99,3757.34,3668.8,3735.69,68786.56680357001
1753387200,2025-07-24T20:00:00+00:00,3735.69,3746.87,3695.47,3708.6,29355.275132510003
1753401600,2025-07-25T00:00:00+00:00,3708.88,3710.24,3574.39,3596.48,46143.071455260004
1753416000,2025-07-25T04:00:00+00:00,3596.48,3668.24,3580.31,3633.18,30039.741289340003
1753430400,2025-07-25T08:00:00+00:00,3632.32,3747.76,3629.81,3721.84,28108.53876203
1753444800,2025-07-25T12:00:00+00:00,3721.84,3735.31,3602.18,3635.28,49307.843279869994
1753459200,2025-07-25T16:00:00+00:00,3635.22,3662.46,3617.76,3642.91,40213.97420185
1753473600,2025-07-25T20:00:00+00:00,3642.57,3731,3640.71,3725.84,23229.75409953
1753488000,2025-07-26T00:00:00+00:00,3725.84,3767.99,3699.02,3740.1,15997.41761505
1753502400,2025-07-26T04:00:00+00:00,3740.07,3758.48,3732.88,3743.46,6445.508831890001
1753516800,2025-07-26T08:00:00+00:00,3743.46,3784.28,3733.39,3740.88,12483.819095660001
1753531200,2025-07-26T12:00:00+00:00,3740.87,3756.27,3717.48,3737.29,14206.458562849999
1753545600,2025-07-26T16:00:00+00:00,3737.29,3758.52,3711.28,3752.11,12731.91031001
1753560000,2025-07-26T20:00:00+00:00,3751.92,3795,3735.23,3743.06,10437.85917154
1753574400,2025-07-27T00:00:00+00:00,3743.05,3789.35,3731.71,3776.11,10362.5034632
1753588800,2025-07-27T04:00:00+00:00,3776.11,3812.06,3763.87,3769.72,12240.949220909999
1753603200,2025-07-27T08:00:00+00:00,3769.85,3841.24,3753,3816.14,10993.81994509
1753617600,2025-07-27T12:00:00+00:00,3816.13,3837.9,3793.52,3820.08,10965.8370508
1753632000,2025-07-27T16:00:00+00:00,3819.99,3869.7,3809.49,3829.98,16177.9551003
1753646400,2025-07-27T20:00:00+00:00,3829.97,3880.23,3817.52,3873.92,17227.48598849
1753660800,2025-07-28T00:00:00+00:00,3873.92,3907,3843.37,3880.82,26303.93798434
1753675200,2025-07-28T04:00:00+00:00,3880.42,3941.86,3868.92,3894.19,45662.695827790005
1753689600,2025-07-28T08:00:00+00:00,3894.19,3902.6,3859.23,3879.37,13933.137552709999
1753704000,2025-07-28T12:00:00+00:00,3879.38,3891.77,3772.22,3808.66,38073.69126462
1753718400,2025-07-28T16:00:00+00:00,3808.76,3824.92,3753.15,3797.84,50755.02402487
1753732800,2025-07-28T20:00:00+00:00,3798.2,3804.71,3765.88,3799.46,24299.11681519
1753747200,2025-07-29T00:00:00+00:00,3799.44,3822.17,3731.02,3791.83,19905.06750243
1753761600,2025-07-29T04:00:00+00:00,3791.8,3880,3775.55,3877.17,12968.00844161
1753776000,2025-07-29T08:00:00+00:00,3877.1,3886.01,3811.53,3825.36,9766.62673028
1753790400,2025-07-29T12:00:00+00:00,3825.48,3875.02,3746.46,3761.05,32964.38999768
1753804800,2025-07-29T16:00:00+00:00,3761.02,3798.08,3715.14,3765.15,47012.9752725
1753819200,2025-07-29T20:00:00+00:00,3765,3801.4,3741.03,3793.4,15696.61541484
1753833600,2025-07-30T00:00:00+00:00,3793.5,3828.77,3753.57,3816.73,10859.03659534
1753848000,2025-07-30T04:00:00+00:00,3816.86,3833.68,3786.53,3810.98,6905.70007142
1753862400,2025-07-30T08:00:00+00:00,3810.97,3825.92,3744.37,3757.6,16945.20926831
1753876800,2025-07-30T12:00:00+00:00,3757.95,3833.1,3748.83,3797.72,25173.30213315
1753891200,2025-07-30T16:00:00+00:00,3797.72,3822.23,3676.67,3760.45,42153.196231049995
1753905600,2025-07-30T20:00:00+00:00,3760.4,3811.22,3741.86,3810.44,17389.342790900002
1753920000,2025-07-31T00:00:00+00:00,3810.45,3868.66,3801.18,3863.59,16703.86557375
1753934400,2025-07-31T04:00:00+00:00,3863.56,3878.32,3852.97,3863.62,8122.00410017
1753948800,2025-07-31T08:00:00+00:00,3863.62,3874.09,3825.17,3837.53,8138.376639959999
1753963200,2025-07-31T12:00:00+00:00,3837.54,3844.61,3761.65,3788.17,19474.18535588
1753977600,2025-07-31T16:00:00+00:00,3788,3818.69,3733.9,3736.36,23067.72670398
1753992000,2025-07-31T20:00:00+00:00,3737.02,3757.37,3680.01,3698.07,25984.31227117
1754006400,2025-08-01T00:00:00+00:00,3697.85,3724.7,3616.42,3704.51,35561.799686440005
1754020800,2025-08-01T04:00:00+00:00,3704.5,3704.5,3623.3,3649.45,17175.47561983
1754035200,2025-08-01T08:00:00+00:00,3649.45,3649.45,3582.52,3641.85,16013.08672006
1754049600,2025-08-01T12:00:00+00:00,3641.59,3675.14,3563.53,3615,39336.29187059
1754064000,2025-08-01T16:00:00+00:00,3614.88,3633.26,3510.45,3515.48,62360.34704409
1754078400,2025-08-01T20:00:00+00:00,3515.62,3551.59,3429.44,3486.39,43966.30163772
1754092800,2025-08-02T00:00:00+00:00,3486.29,3531.44,3475.7,3527.44,22928.74421327
1754107200,2025-08-02T04:00:00+00:00,3527.44,3536.77,3455,3518.17,13489.16796002
1754121600,2025-08-02T08:00:00+00:00,3518.62,3523.42,3473.28,3508.02,16834.71854387
1754136000,2025-08-02T12:00:00+00:00,3507.6,3517.06,3450.5,3458.29,15020.906593750002
1754150400,2025-08-02T16:00:00+00:00,3458.3,3480,3370.67,3381.73,34669.65536235
1754164800,2025-08-02T20:00:00+00:00,3382.05,3440.37,3368.03,3392.8,23052.713598950002
1754179200,2025-08-03T00:00:00+00:00,3392.81,3451.77,3354.56,3443,13246.97305106
1754193600,2025-08-03T04:00:00+00:00,3443.29,3459.22,3433.38,3455.89,5048.2468487999995
1754208000,2025-08-03T08:00:00+00:00,3455.77,3516.36,3453.13,3485.45,6725.5129520499995
1754222400,2025-08-03T12:00:00+00:00,3485.15,3504.68,3454.64,3476.7,9160.13255614
1754236800,2025-08-03T16:00:00+00:00,3476.4,3515.33,3467.88,3497.57,9576.62559864
1754251200,2025-08-03T20:00:00+00:00,3497.28,3521.96,3483.47,3497.31,12394.614269770002
1754265600,2025-08-04T00:00:00+00:00,3497.31,3576.21,3491.5,3556.76,17644.89589243
1754280000,2025-08-04T04:00:00+00:00,3556.77,3565.87,3517.92,3552.17,7793.76278384
1754294400,2025-08-04T08:00:00+00:00,3552.38,3574.2,3542.48,3555.66,8164.13766339
1754308800,2025-08-04T12:00:00+00:00,3555.66,3666.62,3550.99,3649.37,34848.55988927
1754323200,2025-08-04T16:00:00+00:00,3649.36,3719.32,3649.17,3670.4,38759.822971320005
1754337600,2025-08-04T20:00:00+00:00,3670.18,3737.27,3660.65,3720.87,21045.394399869998
1754352000,2025-08-05T00:00:00+00:00,3720.86,3721.53,3646.4,3651.67,12316.75103641
1754366400,2025-08-05T04:00:00+00:00,3651.69,3679.7,3600.22,3612.72,9282.51737096
1754380800,2025-08-05T08:00:00+00:00,3612.71,3694,3606.19,3673.61,14893.04873884
1754395200,2025-08-05T12:00:00+00:00,3673.77,3680.43,3555.06,3569.44,28912.30702477
1754409600,2025-08-05T16:00:00+00:00,3569.23,3611.9,3558.03,3569.95,31675.17279371
1754424000,2025-08-05T20:00:00+00:00,3570.1,3625.54,3546.05,3611.57,17010.023856480002
1754438400,2025-08-06T00:00:00+00:00,3611.79,3613.92,3563.44,3583.48,13036.25533389
1754452800,2025-08-06T04:00:00+00:00,3583.45,3661.54,3569.23,3639.45,15344.48101354
1754467200,2025-08-06T08:00:00+00:00,3639.45,3644.47,3607.6,3619.08,9309.73503934
1754481600,2025-08-06T12:00:00+00:00,3619.07,3670.58,3573.72,3664.95,30061.80598815
1754496000,2025-08-06T16:00:00+00:00,3664.86,3699.81,3638.81,3684.8,36660.1759952
1754510400,2025-08-06T20:00:00+00:00,3684.55,3687.47,3655.09,3683.8,19339.50447793
1754524800,2025-08-07T00:00:00+00:00,3683.78,3718,3647.87,3657.64,11414.12764422
1754539200,2025-08-07T04:00:00+00:00,3657.64,3722.32,3655.5,3703.59,13986.782055810001
1754553600,2025-08-07T08:00:00+00:00,3703.59,3843.25,3703.07,3827.56,31043.749267929998
1754568000,2025-08-07T12:00:00+00:00,3827.57,3867.85,3804.9,3838.76,53562.35187981
1754582400,2025-08-07T16:00:00+00:00,3838.75,3878.82,3781.72,3869.91,59964.00768589001
1754596800,2025-08-07T20:00:00+00:00,3869.76,3928.65,3852.18,3911.28,45908.4351089
1754611200,2025-08-08T00:00:00+00:00,3910.92,3968.88,3880.19,3939.39,34972.69623277
1754625600,2025-08-08T04:00:00+00:00,3939.39,3939.58,3892.14,3916.39,16152.282266870001
1754640000,2025-08-08T08:00:00+00:00,3916.39,3927.9,3885.11,3918.26,11902.582203900001
1754654400,2025-08-08T12:00:00+00:00,3918.36,4013.67,3892.29,3955.18,87936.80838354
1754668800,2025-08-08T16:00:00+00:00,3955.14,4066.35,3950.67,4062.35,98330.79273412
1754683200,2025-08-08T20:00:00+00:00,4061.93,4071.21,4006.26,4011,34629.45649948
1754697600,2025-08-09T00:00:00+00:00,4010.72,4052.52,4007.14,4051.36,17097.65262171
1754712000,2025-08-09T04:00:00+00:00,4051.45,4206.9,4045.69,4170.96,55037.64956844
1754726400,2025-08-09T08:00:00+00:00,4170.95,4247.05,4167.13,4190.87,29432.29560605
1754740800,2025-08-09T12:00:00+00:00,4190.56,4225.99,4152.44,4209.94,27959.15623982
1754755200,2025-08-09T16:00:00+00:00,4209.81,4271.88,4195,4259.46,29835.13925323
1754769600,2025-08-09T20:00:00+00:00,4259.45,4326.34,4244.11,4262.46,41710.39508864
1754784000,2025-08-10T00:00:00+00:00,4262.45,4333.13,4205.88,4243.46,33808.17945261
1754798400,2025-08-10T04:00:00+00:00,4243.31,4265.43,4175.04,4184.92,32626.406146589998
1754812800,2025-08-10T08:00:00+00:00,4184.91,4232.92,4161.16,4180.38,10976.82742043
1754827200,2025-08-10T12:00:00+00:00,4180.39,4238.11,4161.16,4218.43,19056.68264039
1754841600,2025-08-10T16:00:00+00:00,4218.39,4259.6,4214.52,4250.12,14387.65178602
1754856000,2025-08-10T20:00:00+00:00,4250,4255.92,4187.3,4251.91,24828.938963070003
1754870400,2025-08-11T00:00:00+00:00,4251.89,4350.06,4239.36,4309.99,63199.758357319995
1754884800,2025-08-11T04:00:00+00:00,4310,4349.85,4267.9,4274.28,20840.31273697
1754899200,2025-08-11T08:00:00+00:00,4274.02,4285.5,4170.01,4184.64,22929.88452308
1754913600,2025-08-11T12:00:00+00:00,4184.42,4332.13,4165.86,4329.68,58609.16444495
1754928000,2025-08-11T16:00:00+00:00,4329.77,4365.97,4234.27,4255.72,68937.54727606001
1754942400,2025-08-11T20:00:00+00:00,4255.72,4257.57,4190,4224.48,22421.66804791
1754956800,2025-08-12T00:00:00+00:00,4224.45,4311.96,4219.92,4286.16,19432.58871413
1754971200,2025-08-12T04:00:00+00:00,4286.16,4321.81,4267.72,4316.15,22224.86730946
1754985600,2025-08-12T08:00:00+00:00,4316.48,4332.76,4257.29,4290.65,12413.93862985
1755000000,2025-08-12T12:00:00+00:00,4290.64,4480.68,4277.31,4472.91,80983.24887978999
1755014400,2025-08-12T16:00:00+00:00,4472.91,4521.09,4441.65,4518.34,108639.24462700001
1755028800,2025-08-12T20:00:00+00:00,4518.6,4638,4505,4589.88,100756.38818195002
1755043200,2025-08-13T00:00:00+00:00,4589.71,4655.93,4562.87,4646.69,40548.95299036
1755057600,2025-08-13T04:00:00+00:00,4646.7,4682.4,4608.71,4626.1,39630.76604991
1755072000,2025-08-13T08:00:00+00:00,4625.95,4715.23,4608.86,4690.01,31613.55224981
1755086400,2025-08-13T12:00:00+00:00,4690.02,4739.68,4616.57,4665.48,80035.35383097999
1755100800,2025-08-13T16:00:00+00:00,4665.28,4753.54,4661.75,4740.92,85448.18024933
1755115200,2025-08-13T20:00:00+00:00,4741.03,4786.36,4700,4751.46,47657.564078150004
1755129600,2025-08-14T00:00:00+00:00,4751.54,4782.72,4710.97,4776.55,31452.568028650003
1755144000,2025-08-14T04:00:00+00:00,4776.32,4792,4719,4749.82,27623.041163219998
1755158400,2025-08-14T08:00:00+00:00,4749.99,4769,4677,4720.33,26804.383546279998
1755172800,2025-08-14T12:00:00+00:00,4720.33,4739.31,4446.15,4621.01,113946.67803923
1755187200,2025-08-14T16:00:00+00:00,4620.71,4626.43,4482.65,4540.23,86535.81049316
1755201600,2025-08-14T20:00:00+00:00,4540.23,4576.26,4457.4,4550.59,58001.277831160005
1755216000,2025-08-15T00:00:00+00:00,4550.83,4654.88,4540.97,4638.89,34565.12695079
1755230400,2025-08-15T04:00:00+00:00,4638.53,4666.84,4608.97,4643.86,15773.67398511
1755244800,2025-08-15T08:00:00+00:00,4643.67,4669.94,4614.53,4637.51,13203.52541047
1755259200,2025-08-15T12:00:00+00:00,4637.51,4671.6,4395.63,4432.51,74242.33014135
1755273600,2025-08-15T16:00:00+00:00,4432.67,4463.05,4371.51,4384.71,59370.86491212
1755288000,2025-08-15T20:00:00+00:00,4385.06,4495.02,4370,4442.56,44533.30430262
1755302400,2025-08-16T00:00:00+00:00,4442.55,4495.15,4428.58,4435.9,22317.06997739
1755316800,2025-08-16T04:00:00+00:00,4435.91,4468.05,4412.49,4455.72,9098.46758043
1755331200,2025-08-16T08:00:00+00:00,4455.78,4462.51,4376.02,4391.2,15677.883857440002
1755345600,2025-08-16T12:00:00+00:00,4391.32,4430.98,4378.1,4403.81,13412.186554160002
1755360000,2025-08-16T16:00:00+00:00,4403.63,4444.1,4394.06,4421.4,11013.845377720001
1755374400,2025-08-16T20:00:00+00:00,4421.39,4441.23,4405.08,4425.13,9850.65904838
1755388800,2025-08-17T00:00:00+00:00,4425.49,4461.86,4397.65,4455.85,21207.47481534
1755403200,2025-08-17T04:00:00+00:00,4455.86,4494.87,4447.9,4470.8,15766.85169296
1755417600,2025-08-17T08:00:00+00:00,4470.64,4577.71,4462.13,4554.46,14299.530484679999
1755432000,2025-08-17T12:00:00+00:00,4554.13,4567.89,4520.89,4564.18,12834.13332714
1755446400,2025-08-17T16:00:00+00:00,4564.11,4568.46,4430.24,4462.63,23349.467042949997
1755460800,2025-08-17T20:00:00+00:00,4462.34,4537.18,4460.06,4475.47,16729.1872632
1755475200,2025-08-18T00:00:00+00:00,4475.47,4484.57,4282.29,4324.01,46799.936274930005
1755489600,2025-08-18T04:00:00+00:00,4324,4351.16,4232.29,4259.8,31866.691400599997
1755504000,2025-08-18T08:00:00+00:00,4259.61,4322.24,4227.01,4276.3,27217.515851969998
1755518400,2025-08-18T12:00:00+00:00,4276.34,4373.01,4272.61,4347.74,52666.69884955
1755532800,2025-08-18T16:00:00+00:00,4347.53,4385.95,4302.15,4355.49,38593.58693031
1755547200,2025-08-18T20:00:00+00:00,4356.05,4389.51,4306.89,4315.37,27024.56793678
1755561600,2025-08-19T00:00:00+00:00,4315.95,4356.88,4214.41,4220.38,31516.4749036
1755576000,2025-08-19T04:00:00+00:00,4220.08,4252.98,4195.34,4235.55,22402.999440009997
1755590400,2025-08-19T08:00:00+00:00,4235.15,4318.3,4219.83,4310.49,15291.7175184
1755604800,2025-08-19T12:00:00+00:00,4310.4,4341.49,4167.76,4191.52,89993.5527359
1755619200,2025-08-19T16:00:00+00:00,4191.07,4205.97,4112,4142.17,66723.25810056001
1755633600,2025-08-19T20:00:00+00:00,4140.79,4164.83,4066.2,4075.89,41056.36824107
1755648000,2025-08-20T00:00:00+00:00,4075.13,4158.56,4062.24,4141.13,32553.697049979997
1755662400,2025-08-20T04:00:00+00:00,4141.13,4212.17,4139.72,4185.43,22756.54254986
1755676800,2025-08-20T08:00:00+00:00,4185.41,4242.69,4150,4194.95,17341.6192583
1755691200,2025-08-20T12:00:00+00:00,4194.84,4309,4106.82,4255.46,56854.49496317
1755705600,2025-08-20T16:00:00+00:00,4255.46,4364.19,4254.7,4347.59,50123.88864743999
1755720000,2025-08-20T20:00:00+00:00,4347.27,4378.23,4319.51,4336.41,24763.290024029997
1755734400,2025-08-21T00:00:00+00:00,4336.42,4340.41,4278.08,4295.03,22869.245513809998
1755748800,2025-08-21T04:00:00+00:00,4295.05,4321.04,4270.31,4311.36,19130.20226251
1755763200,2025-08-21T08:00:00+00:00,4311.37,4315.08,4256.18,4278.21,14953.94751892
1755777600,2025-08-21T12:00:00+00:00,4278.45,4327.52,4225.91,4242.27,34259.53391059
1755792000,2025-08-21T16:00:00+00:00,4242.31,4274.5,4207.2,4222.86,29367.914164920003
1755806400,2025-08-21T20:00:00+00:00,4222.71,4260.33,4203.81,4224.43,14896.321652759998
1755820800,2025-08-22T00:00:00+00:00,4224.17,4314.6,4221.36,4277.38,15471.95675862
1755835200,2025-08-22T04:00:00+00:00,4277.78,4344.5,4271.18,4326.97,14239.533795680001
1755849600,2025-08-22T08:00:00+00:00,4326.97,4352.85,4272.39,4273.5,15398.669316950001
1755864000,2025-08-22T12:00:00+00:00,4273.89,4669.48,4204.86,4616,138543.41803465
1755878400,2025-08-22T16:00:00+00:00,4616.2,4858,4615.72,4833.65,150394.11935493
1755892800,2025-08-22T20:00:00+00:00,4832.31,4886.1,4794.82,4831.24,48273.94563786
1755907200,2025-08-23T00:00:00+00:00,4830.18,4830.91,4660.55,4692.48,36204.25601178
1755921600,2025-08-23T04:00:00+00:00,4692.47,4762.33,4691.48,4711.35,14287.26117568
1755936000,2025-08-23T08:00:00+00:00,4711.36,4745.36,4688.84,4703.51,11984.47746687
1755950400,2025-08-23T12:00:00+00:00,4703.54,4767.35,4690.57,4749,15573.33562596
1755964800,2025-08-23T16:00:00+00:00,4749.18,4760.16,4726.14,4756.81,9431.51509934
1755979200,2025-08-23T20:00:00+00:00,4756.81,4796.4,4735.54,4776.73,9919.010566289999
1755993600,2025-08-24T00:00:00+00:00,4776.73,4816.27,4751.35,4786.91,13735.12118608
1756008000,2025-08-24T04:00:00+00:00,4787.1,4797.99,4755.65,4757.49,7507.49404069
1756022400,2025-08-24T08:00:00+00:00,4757.62,4785.24,4718.93,4747.05,7468.81778978
1756036800,2025-08-24T12:00:00+00:00,4746.95,4828.18,4737.81,4797.69,21939.54278625
1756051200,2025-08-24T16:00:00+00:00,4797.69,4955.9,4744.16,4812.56,65578.24996324
1756065600,2025-08-24T20:00:00+00:00,4812.51,4823.65,4710,4779.87,42103.929165530004
1756080000,2025-08-25T00:00:00+00:00,4779.52,4797.7,4669,4726.74,30515.4172761
1756094400,2025-08-25T04:00:00+00:00,4726.57,4738.93,4580.59,4590.2,26769.490263709995
1756108800,2025-08-25T08:00:00+00:00,4590.21,4614.88,4519.01,4599.57,29828.580883689996
1756123200,2025-08-25T12:00:00+00:00,4599,4684.55,4583.87,4612.08,51606.67158091
1756137600,2025-08-25T16:00:00+00:00,4612.08,4645.78,4414.49,4419.92,56731.19266894
1756152000,2025-08-25T20:00:00+00:00,4418.89,4445.29,4335.66,4377.02,61975.35790243
1756166400,2025-08-26T00:00:00+00:00,4377.02,4452.46,4311.68,4403.19,45019.330069530006
1756180800,2025-08-26T04:00:00+00:00,4403.61,4454.62,4393.7,4429.24,18606.99130271
1756195200,2025-08-26T08:00:00+00:00,4428.96,4466.5,4404.31,4427.48,13699.68293862
1756209600,2025-08-26T12:00:00+00:00,4427.48,4579.9,4406.25,4519.96,68825.07762406999
1756224000,2025-08-26T16:00:00+00:00,4519.97,4599.99,4499.41,4598.2,66857.67835516
1756238400,2025-08-26T20:00:00+00:00,4598.2,4634.71,4563.01,4601.64,28815.13393094
1756252800,2025-08-27T00:00:00+00:00,4601.63,4626.59,4540.25,4603.25,17663.00098551
1756267200,2025-08-27T04:00:00+00:00,4603.08,4645.86,4560.1,4580.76,14432.667393799999
1756281600,2025-08-27T08:00:00+00:00,4580.35,4620.1,4555.11,4608.57,11406.00763822
1756296000,2025-08-27T12:00:00+00:00,4608.56,4664.43,4576.97,4658.91,62096.79161984
1756310400,2025-08-27T16:00:00+00:00,4658.74,4659.56,4533.1,4565.93,39300.841457949995
1756324800,2025-08-27T20:00:00+00:00,4565.67,4613.11,4481.39,4506.95,37904.8108719
1756339200,2025-08-28T00:00:00+00:00,4506.95,4549.41,4458.43,4541.93,19051.48856709
1756353600,2025-08-28T04:00:00+00:00,4541.92,4600,4534.86,4596.55,15314.11518125
1756368000,2025-08-28T08:00:00+00:00,4596.76,4635,4580.46,4595.24,12861.83555752
1756382400,2025-08-28T12:00:00+00:00,4595.24,4616.4,4484.67,4504.26,36056.25116011
1756396800,2025-08-28T16:00:00+00:00,4504.57,4531.53,4434.93,4438.41,33374.10182496
1756411200,2025-08-28T20:00:00+00:00,4438.4,4515.66,4428,4511.3,22510.74906119
1756425600,2025-08-29T00:00:00+00:00,4511.3,4516.95,4434.12,4489.85,16259.250551989999
1756440000,2025-08-29T04:00:00+00:00,4490,4497.99,4368.84,4381.76,19571.59636744
1756454400,2025-08-29T08:00:00+00:00,4381.65,4398.52,4318.16,4347.04,21634.19974931
1756468800,2025-08-29T12:00:00+00:00,4346.81,4453.37,4268,4317.04,65622.28403116
1756483200,2025-08-29T16:00:00+00:00,4316.9,4368.05,4295.81,4341.52,41960.868520200005
1756497600,2025-08-29T20:00:00+00:00,4341.48,4380.69,4305.1,4360.2,22364.3768859
1756512000,2025-08-30T00:00:00+00:00,4360.21,4383,4257.17,4352.8,24282.945907690002
1756526400,2025-08-30T04:00:00+00:00,4352.62,4415.29,4347.55,4402.97,10504.366286249999
1756540800,2025-08-30T08:00:00+00:00,4402.5,4408.02,4376.22,4392.27,5277.66589162
1756555200,2025-08-30T12:00:00+00:00,4392.25,4393.84,4331.47,4376.29,10497.440677800001
1756569600,2025-08-30T16:00:00+00:00,4376.02,4376.02,4335.38,4355,7997.96727157
1756584000,2025-08-30T20:00:00+00:00,4354.78,4380,4334.57,4374.58,8094.910729950001
1756598400,2025-08-31T00:00:00+00:00,4374.48,4488.98,4373.06,4487.95,20721.19975667
1756612800,2025-08-31T04:00:00+00:00,4488.01,4491.84,4433.34,4450.95,7842.333396669999
1756627200,2025-08-31T08:00:00+00:00,4450.74,4483.17,4440.4,4477.08,11397.78364204
1756641600,2025-08-31T12:00:00+00:00,4477.08,4498.95,4451,4484.97,14553.55354657
1756656000,2025-08-31T16:00:00+00:00,4484.84,4490.87,4454.06,4455.99,11952.90666166
1756670400,2025-08-31T20:00:00+00:00,4455.99,4477.26,4378.62,4391.91,16995.791299980003
1756684800,2025-09-01T00:00:00+00:00,4391.9,4432.75,4360.23,4404.34,19489.62229836
1756699200,2025-09-01T04:00:00+00:00,4404.37,4463.68,4359.37,4463.44,12814.74691343
1756713600,2025-09-01T08:00:00+00:00,4462.96,4490,4382.47,4393.26,14897.03008905
1756728000,2025-09-01T12:00:00+00:00,4393.25,4427.62,4347.19,4362.34,16636.33291316
1756742400,2025-09-01T16:00:00+00:00,4362.04,4372.01,4310.09,4367.67,19366.941231599998
1756756800,2025-09-01T20:00:00+00:00,4367.89,4367.91,4209.01,4314.76,36258.721088030004
1756771200,2025-09-02T00:00:00+00:00,4314.87,4395,4290.89,4366.99,21338.723592230002
1756785600,2025-09-02T04:00:00+00:00,4367,4417.24,4359.43,4377.64,11148.05855578
1756800000,2025-09-02T08:00:00+00:00,4377.82,4408.41,4340.76,4348.23,10451.75537273
1756814400,2025-09-02T12:00:00+00:00,4347.87,4397.62,4271.3,4295.72,47676.077431620004
1756828800,2025-09-02T16:00:00+00:00,4295.24,4331.58,4256.27,4272.49,36261.96748991
1756843200,2025-09-02T20:00:00+00:00,4273.16,4337.89,4265.01,4326.57,18001.263584869997
1756857600,2025-09-03T00:00:00+00:00,4326.52,4355.32,4283.09,4334.77,19818.80567706
1756872000,2025-09-03T04:00:00+00:00,4335.1,4343.35,4288.7,4310.35,10573.52370401
1756886400,2025-09-03T08:00:00+00:00,4310.24,4388.1,4302.79,4372.39,13437.90329129
1756900800,2025-09-03T12:00:00+00:00,4372.4,4488,4341.7,4480.67,49346.81124989
1756915200,2025-09-03T16:00:00+00:00,4480.67,4495.45,4455.82,4476.01,29828.51086989
1756929600,2025-09-03T20:00:00+00:00,4476.43,4485,4439.69,4452.4,20071.51130437
1756944000,2025-09-04T00:00:00+00:00,4452.39,4484.7,4391.28,4399.81,33557.3767401
1756958400,2025-09-04T04:00:00+00:00,4399.94,4417.54,4356.62,4372.34,27062.715289990003
1756972800,2025-09-04T08:00:00+00:00,4372.34,4436,4366.22,4407.58,12482.37945248
1756987200,2025-09-04T12:00:00+00:00,4407.93,4429.66,4294.26,4305.61,41473.07289748
1757001600,2025-09-04T16:00:00+00:00,4305.6,4324.08,4265.3,4276.5,38177.80859683
1757016000,2025-09-04T20:00:00+00:00,4276.33,4352.73,4272.39,4298.37,25006.67482223
1757030400,2025-09-05T00:00:00+00:00,4298.09,4335.76,4290.36,4328.76,15774.76110222
1757044800,2025-09-05T04:00:00+00:00,4328.89,4428.99,4316.2,4417.07,18107.85663826
1757059200,2025-09-05T08:00:00+00:00,4417.12,4426.79,4373.56,4417.75,23211.51802233
1757073600,2025-09-05T12:00:00+00:00,4417.75,4490,4253,4282.75,108854.34258210001
1757088000,2025-09-05T16:00:00+00:00,4282.42,4332.89,4271.41,4331.52,30156.77972161
1757102400,2025-09-05T20:00:00+00:00,4331.49,4343.57,4287.48,4307.65,13441.61314243
1757116800,2025-09-06T00:00:00+00:00,4307.65,4328.69,4302.55,4320.69,5087.89126662
1757131200,2025-09-06T04:00:00+00:00,4320.68,4320.68,4290.41,4312.55,3707.3762804200005
1757145600,2025-09-06T08:00:00+00:00,4312.54,4315.58,4286.3,4300.16,4251.297995700001
1757160000,2025-09-06T12:00:00+00:00,4300.15,4309.89,4262.53,4270.4,7339.027524300001
1757174400,2025-09-06T16:00:00+00:00,4270.41,4305.61,4237.13,4255.7,14672.021240310001
1757188800,2025-09-06T20:00:00+00:00,4255.96,4288.32,4253.72,4274.15,6817.6402395000005
1757203200,2025-09-07T00:00:00+00:00,4274.24,4304.72,4271.58,4297.41,6002.6233953
1757217600,2025-09-07T04:00:00+00:00,4297.41,4307.35,4278.38,4295.13,3209.09062432
1757232000,2025-09-07T08:00:00+00:00,4295.06,4315.22,4291.62,4310.71,3843.70982182
1757246400,2025-09-07T12:00:00+00:00,4310.65,4310.92,4289.36,4299.12,5764.3600241799995
1757260800,2025-09-07T16:00:00+00:00,4299.12,4301.83,4270.13,4293.66,5488.79733201
1757275200,2025-09-07T20:00:00+00:00,4293.3,4336.44,4280.43,4305.56,13045.92310183
1757289600,2025-09-08T00:00:00+00:00,4305.01,4330.6,4278.78,4311.19,9299.33065744
1757304000,2025-09-08T04:00:00+00:00,4311.41,4314.18,4287.06,4292,6469.161674450001
1757318400,2025-09-08T08:00:00+00:00,4292,4337.28,4287.73,4310.9,14067.3986534
1757332800,2025-09-08T12:00:00+00:00,4311.13,4384.24,4305.25,4371.49,38205.10696054
1757347200,2025-09-08T16:00:00+00:00,4371.48,4373.06,4280,4292.82,49218.76469161
1757361600,2025-09-08T20:00:00+00:00,4293.06,4331.81,4281.3,4305.84,18710.243888459998
1757376000,2025-09-09T00:00:00+00:00,4305.85,4315.38,4276.33,4306.85,10806.65678349
1757390400,2025-09-09T04:00:00+00:00,4306.85,4382.03,4302.21,4361.72,18853.5420956
1757404800,2025-09-09T08:00:00+00:00,4361.67,4366.88,4341.51,4347.1,11070.85223714
1757419200,2025-09-09T12:00:00+00:00,4347.36,4367.7,4276.7,4284.98,35074.88577277
1757433600,2025-09-09T16:00:00+00:00,4285.05,4299.13,4277.59,4293.85,24712.253270089997
1757448000,2025-09-09T20:00:00+00:00,4293.87,4319.57,4280.43,4309.93,10036.48460654
1757462400,2025-09-10T00:00:00+00:00,4309.94,4326.29,4283.77,4320.03,9266.848731839998
1757476800,2025-09-10T04:00:00+00:00,4320.2,4333,4294.81,4329.25,8180.28975946
1757491200,2025-09-10T08:00:00+00:00,4329.17,4334.63,4308.72,4331.63,10358.91432657
1757505600,2025-09-10T12:00:00+00:00,4331.64,4454.5,4329.71,4405.5,55315.24221104
1757520000,2025-09-10T16:00:00+00:00,4405.82,4410.19,4300.71,4323.4,36101.63779378
1757534400,2025-09-10T20:00:00+00:00,4323.09,4358.05,4320.99,4350,14609.344227930002
1757548800,2025-09-11T00:00:00+00:00,4350.38,4409.75,4339.12,4405.27,13507.230606590001
1757563200,2025-09-11T04:00:00+00:00,4405.07,4452.36,4396.37,4441.22,18407.65433117
1757577600,2025-09-11T08:00:00+00:00,4441.21,4444.06,4407.12,4431.4,14923.571008390001
1757592000,2025-09-11T12:00:00+00:00,4431.42,4480.92,4356.14,4413.89,44778.48319969
1757606400,2025-09-11T16:00:00+00:00,4413.89,4443.8,4408,4424.8,18212.666761909997
1757620800,2025-09-11T20:00:00+00:00,4425.21,4471.16,4410.7,4460.51,18910.385043450002
1757635200,2025-09-12T00:00:00+00:00,4460.52,4540.66,4452.17,4506.96,18917.27772238
1757649600,2025-09-12T04:00:00+00:00,4506.95,4564.35,4501.65,4526.97,12786.70314714
1757664000,2025-09-12T08:00:00+00:00,4526.97,4537.75,4505.66,4521.81,8915.92896623
1757678400,2025-09-12T12:00:00+00:00,4521.82,4573.34,4504.09,4543.78,36034.98665065
1757692800,2025-09-12T16:00:00+00:00,4543.79,4668.9,4534.48,4665.51,59597.14714023999
1757707200,2025-09-12T20:00:00+00:00,4665.51,4744.75,4634.83,4714.66,58833.20835673
1757721600,2025-09-13T00:00:00+00:00,4714.66,4768.6,4694.05,4758.44,17096.44264029
1757736000,2025-09-13T04:00:00+00:00,4758.43,4758.59,4703.58,4714.06,11550.490569180001
1757750400,2025-09-13T08:00:00+00:00,4714.06,4742,4711,4722.32,6751.890001219999
1757764800,2025-09-13T12:00:00+00:00,4722.32,4732.8,4641.34,4656.9,16622.01096096
1757779200,2025-09-13T16:00:00+00:00,4656.49,4671.3,4607,4640.53,15615.86270815
1757793600,2025-09-13T20:00:00+00:00,4640.6,4675.33,4638.9,4669,7289.10792178
1757808000,2025-09-14T00:00:00+00:00,4669,4694.53,4653.35,4665.78,7708.377681049999
1757822400,2025-09-14T04:00:00+00:00,4665.73,4684.97,4636.66,4653.36,4944.763036050001
1757836800,2025-09-14T08:00:00+00:00,4653.36,4676.51,4629.2,4637.22,3757.02590651
1757851200,2025-09-14T12:00:00+00:00,4637.22,4647.51,4579.44,4584.36,15132.8240246
1757865600,2025-09-14T16:00:00+00:00,4584.33,4631.69,4581.2,4618.02,7020.80401293
1757880000,2025-09-14T20:00:00+00:00,4617.59,4640.12,4600,4605.93,8227.68156643
1757894400,2025-09-15T00:00:00+00:00,4605.93,4645.2,4582.12,4637.69,9041.19729677
1757908800,2025-09-15T04:00:00+00:00,4637.5,4672,4589,4599.33,13382.53326505
1757923200,2025-09-15T08:00:00+00:00,4599.03,4599.5,4500,4531.89,23699.51017987
1757937600,2025-09-15T12:00:00+00:00,4531.88,4543.55,4464.68,4500.83,33281.26122975
1757952000,2025-09-15T16:00:00+00:00,4500.72,4514.61,4475.59,4494.31,23113.737928329996
1757966400,2025-09-15T20:00:00+00:00,4494.4,4530.9,4488.27,4524.56,15202.1032496
1757980800,2025-09-16T00:00:00+00:00,4524.68,4538.85,4505.4,4521.9,11178.23645711
1757995200,2025-09-16T04:00:00+00:00,4521.69,4537.06,4489.31,4513.71,8711.27094222
1758009600,2025-09-16T08:00:00+00:00,4513.69,4533.12,4493.88,4502.05,9161.22176478
1758024000,2025-09-16T12:00:00+00:00,4502.05,4513.7,4425,4469,48715.134452319995
1758038400,2025-09-16T16:00:00+00:00,4469,4512.19,4447.59,4492.17,32413.57939365
1758052800,2025-09-16T20:00:00+00:00,4492.49,4527.11,4484.43,4502.7,9641.89554271
1758067200,2025-09-17T00:00:00+00:00,4502.7,4555.5,4494.32,4498.9,10684.80764244
1758081600,2025-09-17T04:00:00+00:00,4498.94,4557.11,4465.74,4545.45,13068.28365213
1758096000,2025-09-17T08:00:00+00:00,4545.88,4547.53,4480,4493.4,11912.772295029998
1758110400,2025-09-17T12:00:00+00:00,4493.41,4514.1,4467.68,4490.77,23271.89271523
1758124800,2025-09-17T16:00:00+00:00,4490.77,4535.35,4416.02,4519.9,64410.20449654
1758139200,2025-09-17T20:00:00+00:00,4519.33,4619.18,4488.3,4592.17,41036.83226974
1758153600,2025-09-18T00:00:00+00:00,4592.17,4646.81,4581.6,4615.2,28540.63541047
1758168000,2025-09-18T04:00:00+00:00,4615.6,4621.86,4555.02,4576.46,10364.72767931
1758182400,2025-09-18T08:00:00+00:00,4576.45,4609.08,4569.04,4577.57,9707.724688350001
1758196800,2025-09-18T12:00:00+00:00,4577.37,4628,4560.92,4601.51,29906.52214881
1758211200,2025-09-18T16:00:00+00:00,4601.51,4639.43,4582.26,4590.77,32090.61668598
1758225600,2025-09-18T20:00:00+00:00,4590.71,4608,4572.32,4589.4,15077.995728009999
1758240000,2025-09-19T00:00:00+00:00,4589.4,4622.25,4545.01,4551.33,17222.24357149
1758254400,2025-09-19T04:00:00+00:00,4551.32,4561.33,4519.27,4540.64,11480.49239036
1758268800,2025-09-19T08:00:00+00:00,4540.64,4550.94,4509.33,4515.39,4706.70411642
1758283200,2025-09-19T12:00:00+00:00,4515.48,4546.3,4446.5,4476.79,26116.077061149997
1758297600,2025-09-19T16:00:00+00:00,4476.8,4492.43,4437.45,4442.33,27979.33845918
1758312000,2025-09-19T20:00:00+00:00,4442.45,4480.93,4440.1,4471,9783.204938390001
1758326400,2025-09-20T00:00:00+00:00,4470.99,4478.15,4456.79,4468.16,5132.948842739999
1758340800,2025-09-20T04:00:00+00:00,4467.99,4486.62,4464.79,4485.62,2869.6920760900002
1758355200,2025-09-20T08:00:00+00:00,4485.55,4485.55,4458.59,4472.39,2339.88305588
1758369600,2025-09-20T12:00:00+00:00,4472.39,4509.42,4465.3,4500.8,11370.474813159999
1758384000,2025-09-20T16:00:00+00:00,4500.72,4513.01,4472.8,4482.78,11252.82786291
1758398400,2025-09-20T20:00:00+00:00,4482.78,4503.72,4479.92,4482.69,6115.44778782
1758412800,2025-09-21T00:00:00+00:00,4482.43,4492.96,4460.41,4480.68,4507.71901805
1758427200,2025-09-21T04:00:00+00:00,4480.68,4494.89,4468.93,4480.78,3386.03202293
1758441600,2025-09-21T08:00:00+00:00,4480.77,4482.73,4446.58,4462.82,3868.7324242799996
1758456000,2025-09-21T12:00:00+00:00,4462.83,4488.8,4462.73,4484.99,4973.53012467
1758470400,2025-09-21T16:00:00+00:00,4484.88,4501.1,4466.37,4496.69,11671.88680434
1758484800,2025-09-21T20:00:00+00:00,4496.68,4497.57,4445.26,4447.03,8887.667310280001
1758499200,2025-09-22T00:00:00+00:00,4447.34,4458,4265.27,4308.26,40072.15551693
1758513600,2025-09-22T04:00:00+00:00,4308.26,4313,4058.85,4195.71,48302.97338814
1758528000,2025-09-22T08:00:00+00:00,4196.2,4210.87,4139.17,4184.8,19424.68451662
1758542400,2025-09-22T12:00:00+00:00,4185,4223.21,4161.1,4170.66,33849.47733201
1758556800,2025-09-22T16:00:00+00:00,4170.78,4186.85,4125,4138.1,44437.32400193
1758571200,2025-09-22T20:00:00+00:00,4137.89,4211.97,4136.61,4202.42,25047.230210389997
1758585600,2025-09-23T00:00:00+00:00,4202.3,4215.22,4117.78,4191.39,17616.902159470003
1758600000,2025-09-23T04:00:00+00:00,4191.39,4218.18,4157.5,4207.72,9983.58258803
1758614400,2025-09-23T08:00:00+00:00,4207.72,4233,4180.68,4194.98,8738.824326830001
1758628800,2025-09-23T12:00:00+00:00,4194.88,4214.09,4162.87,4183.43,16904.29724402
1758643200,2025-09-23T16:00:00+00:00,4183.08,4209.65,4136.79,4154.61,25581.82068926
1758657600,2025-09-23T20:00:00+00:00,4154.6,4191.99,4138.59,4165.19,21402.874780469996
1758672000,2025-09-24T00:00:00+00:00,4165.18,4195.92,4130.45,4148.86,18976.754017170002
1758686400,2025-09-24T04:00:00+00:00,4148.84,4185,4076,4176.46,21245.642922990002
1758700800,2025-09-24T08:00:00+00:00,4176.46,4198.25,4165.34,4183,5684.984560790001
1758715200,2025-09-24T12:00:00+00:00,4182.99,4208.22,4149,4167.68,16176.817687669998
1758729600,2025-09-24T16:00:00+00:00,4167.83,4196.1,4155.91,4163.4,12664.596364039999
1758744000,2025-09-24T20:00:00+00:00,4163.27,4174.29,4133.31,4153.9,8598.01698527
1758758400,2025-09-25T00:00:00+00:00,4153.9,4162.65,4022,4063.48,41215.822459
1758772800,2025-09-25T04:00:00+00:00,4063.34,4072.67,3965.43,4009.57,35891.36610154
1758787200,2025-09-25T08:00:00+00:00,4009.57,4054.27,3991.47,4003.15,21048.80932223
1758801600,2025-09-25T12:00:00+00:00,4003.14,4024.93,3926,4005.05,50947.66754831
1758816000,2025-09-25T16:00:00+00:00,4005.05,4008.96,3825,3913.2,107067.75575252999
1758830400,2025-09-25T20:00:00+00:00,3913.3,3938.52,3851.77,3875.7,26516.56525316
1758844800,2025-09-26T00:00:00+00:00,3875.74,3973.21,3869.14,3967.74,21494.755034879996
1758859200,2025-09-26T04:00:00+00:00,3967.74,3978.73,3909.74,3941.5,16151.82849031
1758873600,2025-09-26T08:00:00+00:00,3941.56,3947.78,3874.82,3908.1,13633.56336604
1758888000,2025-09-26T12:00:00+00:00,3907.98,3989,3877.54,3947.92,38032.463224880004
1758902400,2025-09-26T16:00:00+00:00,3947.91,4071.17,3944.45,4027.4,51808.41725318
1758916800,2025-09-26T20:00:00+00:00,4027.43,4042.64,4007.26,4034.27,14545.87953818
1758931200,2025-09-27T00:00:00+00:00,4034.2,4034.85,4008.03,4021.19,7317.455202630001
1758945600,2025-09-27T04:00:00+00:00,4021.18,4030.03,4007.92,4009.67,4273.71657109
1758960000,2025-09-27T08:00:00+00:00,4009.67,4020.03,3974.5,4003.97,5986.3412534399995
1758974400,2025-09-27T12:00:00+00:00,4003.97,4040.95,3996,4020.47,8860.68992827
1758988800,2025-09-27T16:00:00+00:00,4020.63,4022,3983.26,4004.31,7907.65424867
1759003200,2025-09-27T20:00:00+00:00,4004.31,4035.01,4002.27,4020.35,7383.15812007
1759017600,2025-09-28T00:00:00+00:00,4020.34,4034.5,3995.86,4004.52,11682.75070434
1759032000,2025-09-28T04:00:00+00:00,4004.51,4021.65,3998.19,4015.75,4780.37623054
1759046400,2025-09-28T08:00:00+00:00,4015.75,4017.79,3986.33,3994.15,4421.90574056
1759060800,2025-09-28T12:00:00+00:00,3994.21,4030,3967.22,4022.89,10513.86520283
1759075200,2025-09-28T16:00:00+00:00,4022.94,4056.21,4022.94,4040.51,10308.56707583
1759089600,2025-09-28T20:00:00+00:00,4040.5,4145.96,4036.58,4143.25,19641.67888904
1759104000,2025-09-29T00:00:00+00:00,4143.36,4147.62,4105,4123.64,12445.794976379999
1759118400,2025-09-29T04:00:00+00:00,4123.42,4124.9,4089.29,4109.79,8186.616815040001
1759132800,2025-09-29T08:00:00+00:00,4109.75,4141.17,4095.17,4105.06,10213.94736348
1759147200,2025-09-29T12:00:00+00:00,4104.77,4208.88,4084,4167.16,42124.56915304
1759161600,2025-09-29T16:00:00+00:00,4167.27,4196.76,4130.16,4190.9,21525.58231691
1759176000,2025-09-29T20:00:00+00:00,4191.11,4239.99,4184.75,4217.25,17091.052856000002
1759190400,2025-09-30T00:00:00+00:00,4217.16,4248.99,4189.57,4201.09,16798.661471710002
1759204800,2025-09-30T04:00:00+00:00,4201.08,4209.69,4171.96,4184.6,8499.77172463
1759219200,2025-09-30T08:00:00+00:00,4184.42,4185.48,4135.78,4167.08,18624.15196536
1759233600,2025-09-30T12:00:00+00:00,4166.9,4178.44,4095.62,4121.4,22768.13419403
1759248000,2025-09-30T16:00:00+00:00,4121.32,4171.5,4093,4160.59,29528.46611298
1759262400,2025-09-30T20:00:00+00:00,4161.18,4202.46,4116.67,4145.99,16175.272221349998
1759276800,2025-10-01T00:00:00+00:00,4145.98,4175.73,4125,4129.32,12873.883649520001
1759291200,2025-10-01T04:00:00+00:00,4129.75,4157.88,4123.35,4147.04,11136.9532421
1759305600,2025-10-01T08:00:00+00:00,4146.96,4329.09,4143.7,4300.21,34406.6307273
1759320000,2025-10-01T12:00:00+00:00,4299.89,4347.25,4281,4330.3,42546.94089207
1759334400,2025-10-01T16:00:00+00:00,4330.32,4343.46,4290.8,4337.07,27868.829840169998
1759348800,2025-10-01T20:00:00+00:00,4336.52,4358.96,4291.27,4350.52,22549.01262699
1759363200,2025-10-02T00:00:00+00:00,4350.52,4401.72,4335.01,4379.3,21148.87853033
1759377600,2025-10-02T04:00:00+00:00,4379.12,4426.11,4362.04,4379.03,16066.900089320001
1759392000,2025-10-02T08:00:00+00:00,4378.81,4399.29,4371.81,4381.99,11823.356580709999
1759406400,2025-10-02T12:00:00+00:00,4381.99,4446,4340,4440.1,35799.12549207
1759420800,2025-10-02T16:00:00+00:00,4440.07,4521.03,4429.66,4499,42018.584538040006
1759435200,2025-10-02T20:00:00+00:00,4499.21,4501.1,4460.74,4487.49,26532.86521097
1759449600,2025-10-03T00:00:00+00:00,4487.3,4563.48,4465.24,4504.55,23801.92504938
1759464000,2025-10-03T04:00:00+00:00,4504.55,4514.42,4456.83,4465.95,21863.91991386
1759478400,2025-10-03T08:00:00+00:00,4465.95,4499.55,4430.08,4481.99,12637.44008431
1759492800,2025-10-03T12:00:00+00:00,4482,4546.71,4440,4539.09,36296.57621133
1759507200,2025-10-03T16:00:00+00:00,4539.25,4596.19,4453.1,4523.2,85336.32053344001
1759521600,2025-10-03T20:00:00+00:00,4523.2,4547.5,4496.61,4515.89,14185.28216004
1759536000,2025-10-04T00:00:00+00:00,4515.89,4520.8,4467.38,4490.44,11461.65154192
1759550400,2025-10-04T04:00:00+00:00,4490.17,4521.34,4482.62,4501.31,8640.10124684
1759564800,2025-10-04T08:00:00+00:00,4501.59,4506.8,4483.02,4486.41,4786.48773913
1759579200,2025-10-04T12:00:00+00:00,4486.6,4514.1,4444.09,4457.71,11065.66064548
1759593600,2025-10-04T16:00:00+00:00,4457.86,4479.65,4442.6,4470.23,9941.00457715
1759608000,2025-10-04T20:00:00+00:00,4470.22,4497.18,4470.22,4490.01,5489.26993672
1759622400,2025-10-05T00:00:00+00:00,4489.86,4576.06,4469.69,4533.09,17328.3562876
1759636800,2025-10-05T04:00:00+00:00,4533.1,4615,4530.88,4607.18,17817.36958647
1759651200,2025-10-05T08:00:00+00:00,4606.72,4619.31,4524,4551.76,17401.5710126
1759665600,2025-10-05T12:00:00+00:00,4551.86,4551.86,4526.9,4533.61,8235.29825785
1759680000,2025-10-05T16:00:00+00:00,4533.58,4542.55,4484,4488.17,12312.44433188
1759694400,2025-10-05T20:00:00+00:00,4488.16,4524.71,4475.94,4515.4,12550.848067
1759708800,2025-10-06T00:00:00+00:00,4515.4,4553.99,4489.11,4538.53,16562.764505569998
1759723200,2025-10-06T04:00:00+00:00,4538.43,4580.47,4510.77,4534.11,9670.86409956
1759737600,2025-10-06T08:00:00+00:00,4534.52,4595.43,4534.52,4573.67,11771.894160790001
1759752000,2025-10-06T12:00:00+00:00,4573.59,4696.82,4571.68,4675.49,57090.07935689
1759766400,2025-10-06T16:00:00+00:00,4675.21,4735.9,4662.5,4725.9,62495.10122141
1759780800,2025-10-06T20:00:00+00:00,4725.89,4739.46,4673.41,4686.32,22551.37258555
1759795200,2025-10-07T00:00:00+00:00,4686.33,4702.5,4665.06,4692.27,12232.671942059998
1759809600,2025-10-07T04:00:00+00:00,4692.49,4734,4667.49,4681.51,14339.72583149
1759824000,2025-10-07T08:00:00+00:00,4681.51,4716.52,4641.73,4712.19,14448.80451737
1759838400,2025-10-07T12:00:00+00:00,4712.1,4759.16,4482.99,4514.57,70296.38531417001
1759852800,2025-10-07T16:00:00+00:00,4514.46,4525.93,4449.86,4481.13,62266.987505029996
1759867200,2025-10-07T20:00:00+00:00,4481.31,4519.99,4432.47,4449.8,25194.957011860002
1759881600,2025-10-08T00:00:00+00:00,4449.81,4501.6,4434.76,4445.82,18645.18570674
1759896000,2025-10-08T04:00:00+00:00,4446.02,4468.07,4411.13,4464.54,11806.387980259999
1759910400,2025-10-08T08:00:00+00:00,4464.54,4509.67,4459.79,4489.38,12209.61725861
1759924800,2025-10-08T12:00:00+00:00,4489.4,4524.62,4437.96,4448.29,31934.820089880002
1759939200,2025-10-08T16:00:00+00:00,4448.5,4559.89,4439.6,4515.71,48154.86164945
1759953600,2025-10-08T20:00:00+00:00,4515.94,4543.69,4500.8,4527.3,11125.87978894
1759968000,2025-10-09T00:00:00+00:00,4526.93,4532.97,4402.48,4451.75,18726.83760468
1759982400,2025-10-09T04:00:00+00:00,4451.74,4462.06,4412.3,4427.79,12105.15350317
1759996800,2025-10-09T08:00:00+00:00,4427.79,4428.68,4321.27,4375.02,32709.83926925
1760011200,2025-10-09T12:00:00+00:00,4374.85,4415.16,4293.08,4316.23,31088.066665259998
1760025600,2025-10-09T16:00:00+00:00,4316.79,4347.4,4266.83,4340.51,32881.62157946
1760040000,2025-10-09T20:00:00+00:00,4340.59,4386.39,4331.04,4370.9,13565.109195440002
1760054400,2025-10-10T00:00:00+00:00,4370.72,4397.03,4342.36,4349.53,11431.28237407
1760068800,2025-10-10T04:00:00+00:00,4349.43,4379.01,4316.47,4325.2,14579.63814895
1760083200,2025-10-10T08:00:00+00:00,4325.35,4353.21,4315.15,4345.19,8720.554285189999
1760097600,2025-10-10T12:00:00+00:00,4345.35,4392.79,4075,4104.75,83231.91021374
1760112000,2025-10-10T16:00:00+00:00,4104.74,4140,3953,3998.1,72994.68231949
1760126400,2025-10-10T20:00:00+00:00,3998.17,4025.87,3510,3836.15,195751.43205543
1760140800,2025-10-11T00:00:00+00:00,3836.89,3887.34,3732.06,3796.84,44443.81502273001
1760155200,2025-10-11T04:00:00+00:00,3796.68,3837.77,3739,3763.58,27476.071523619998
1760169600,2025-10-11T08:00:00+00:00,3763.78,3861.6,3753.67,3843.88,17344.37163614
1760184000,2025-10-11T12:00:00+00:00,3843.87,3858.27,3788.84,3829.26,17835.279144289998
1760198400,2025-10-11T16:00:00+00:00,3829.26,3851.86,3736,3764.39,19899.00856696
1760212800,2025-10-11T20:00:00+00:00,3764.02,3770.68,3648.28,3750.6,28468.939839629995
1760227200,2025-10-12T00:00:00+00:00,3750.8,3823.53,3698.71,3785.33,21400.860714759998
1760241600,2025-10-12T04:00:00+00:00,3785.34,3848.3,3778.93,3831.92,11120.677345830001
1760256000,2025-10-12T08:00:00+00:00,3831.67,3869.97,3808.51,3822.02,10089.615339420001
1760270400,2025-10-12T12:00:00+00:00,3822.02,4080.88,3795.43,4037.11,43428.94440532
1760284800,2025-10-12T16:00:00+00:00,4037.14,4180,4037.14,4138.94,35776.09955983
1760299200,2025-10-12T20:00:00+00:00,4138.94,4200.28,4084.46,4156.21,29917.256526330006
1760313600,2025-10-13T00:00:00+00:00,4156.38,4223.55,4128.5,4143.47,18215.78970424
1760328000,2025-10-13T04:00:00+00:00,4143.48,4201.29,4119.27,4181.5,13562.04956649
1760342400,2025-10-13T08:00:00+00:00,4181.13,4198,4045.49,4083.75,17436.69452293
1760356800,2025-10-13T12:00:00+00:00,4083.75,4184.54,4060,4139.46,39126.89895735
1760371200,2025-10-13T16:00:00+00:00,4139.11,4276.14,4132.5,4256.29,48155.31071329
1760385600,2025-10-13T20:00:00+00:00,4256.69,4295.57,4238.36,4244.69,16842.57438344
1760400000,2025-10-14T00:00:00+00:00,4244.69,4267.41,4100,4156.48,26285.7661143
1760414400,2025-10-14T04:00:00+00:00,4156.48,4163.48,3967.49,3983.33,39451.45851148
1760428800,2025-10-14T08:00:00+00:00,3983.3,4018.3,3892.16,3974.97,33689.66706436
1760443200,2025-10-14T12:00:00+00:00,3974.69,4091.4,3898.9,4088.48,49817.679604510005
1760457600,2025-10-14T16:00:00+00:00,4088.79,4164.7,4050.61,4104.8,71863.40079891
1760472000,2025-10-14T20:00:00+00:00,4105.45,4146.85,4075,4126.39,22428.346636360002
1760486400,2025-10-15T00:00:00+00:00,4126.26,4147.52,4062.58,4083.57,18863.20688025
1760500800,2025-10-15T04:00:00+00:00,4083.99,4131.93,4074.09,4124.39,14389.85852507
1760515200,2025-10-15T08:00:00+00:00,4124.19,4218.58,4089.22,4103.03,19592.004493599998
1760529600,2025-10-15T12:00:00+00:00,4103.02,4110.38,3960.6,3983.61,37512.89094882
1760544000,2025-10-15T16:00:00+00:00,3983.6,4015.6,3930.94,3985.28,43426.840790179995
1760558400,2025-10-15T20:00:00+00:00,3984.23,3997.68,3930.31,3987.53,23941.9045602
1760572800,2025-10-16T00:00:00+00:00,3987.28,4038.56,3977.53,4016.69,13876.72390176
1760587200,2025-10-16T04:00:00+00:00,4016.69,4050.31,3981.49,4005.2,12491.868702699998
1760601600,2025-10-16T08:00:00+00:00,4005.2,4080.74,3941.86,4064.16,16558.66791131
1760616000,2025-10-16T12:00:00+00:00,4063.77,4090,3890.81,3908.45,42541.09199276
1760630400,2025-10-16T16:00:00+00:00,3908.37,3969.31,3852.33,3867.79,53810.864916980005
1760644800,2025-10-16T20:00:00+00:00,3868.48,3898.6,3826.72,3894.91,22103.38358559
1760659200,2025-10-17T00:00:00+00:00,3895,3952.8,3888.82,3933.89,12041.302623799998
1760673600,2025-10-17T04:00:00+00:00,3933.86,3937.5,3752.65,3756.09,34249.86989494
1760688000,2025-10-17T08:00:00+00:00,3756.56,3817.33,3673.64,3778.41,41837.270207459995
1760702400,2025-10-17T12:00:00+00:00,3778.34,3812.09,3713.35,3798.39,53425.59873394
1760716800,2025-10-17T16:00:00+00:00,3798.37,3851.23,3779.43,3829.01,41934.021923299995
1760731200,2025-10-17T20:00:00+00:00,3829.32,3884.79,3817.92,3832.99,19391.80449761
1760745600,2025-10-18T00:00:00+00:00,3832.86,3883.55,3820.14,3871.85,8373.88664022
1760760000,2025-10-18T04:00:00+00:00,3871.56,3930.25,3842.48,3893.9,9239.31014412
1760774400,2025-10-18T08:00:00+00:00,3894.17,3906.76,3863.91,3883.67,6311.8379958000005
1760788800,2025-10-18T12:00:00+00:00,3883.67,3896.07,3850.54,3879.19,7250.867985180001
1760803200,2025-10-18T16:00:00+00:00,3879.19,3900.1,3855,3894.84,8328.564832619999
1760817600,2025-10-18T20:00:00+00:00,3894.66,3910,3870.69,3890.4,6063.16997928
1760832000,2025-10-19T00:00:00+00:00,3890.4,3907.41,3856.45,3906.9,7426.93277677
1760846400,2025-10-19T04:00:00+00:00,3907.05,3922.98,3875.08,3889.36,5216.32561387
1760860800,2025-10-19T08:00:00+00:00,3889.21,3956.74,3829.23,3925.02,20915.172426790003
1760875200,2025-10-19T12:00:00+00:00,3925.02,4003.41,3908.91,3980.5,16846.3440587
1760889600,2025-10-19T16:00:00+00:00,3980.49,4029.05,3960.02,3987.4,17265.11651937
1760904000,2025-10-19T20:00:00+00:00,3987.4,4032.4,3971.06,3983.89,22319.22780994
1760918400,2025-10-20T00:00:00+00:00,3984.11,4039.7,3908.36,4028.86,24411.36200734
1760932800,2025-10-20T04:00:00+00:00,4028.91,4086,4024.24,4057.02,11886.87464332
1760947200,2025-10-20T08:00:00+00:00,4057.02,4071.91,4012,4036.25,6641.89316883
1760961600,2025-10-20T12:00:00+00:00,4036.58,4051.1,4002.83,4005.4,18823.21209284
1760976000,2025-10-20T16:00:00+00:00,4005.31,4005.7,3922.65,3981.94,29527.08503193
1760990400,2025-10-20T20:00:00+00:00,3982.09,4004.37,3971.32,3980.42,9677.27925806
1761004800,2025-10-21T00:00:00+00:00,3980.43,3988.13,3918.39,3923.98,12440.83395524
1761019200,2025-10-21T04:00:00+00:00,3923.97,3923.97,3838.88,3893.68,18615.53577673
1761033600,2025-10-21T08:00:00+00:00,3893.74,3898.52,3852.88,3890.76,9301.057909539999
1761048000,2025-10-21T12:00:00+00:00,3890.91,4086.83,3853.1,4083.83,44560.900699980004
1761062400,2025-10-21T16:00:00+00:00,4083.84,4113.15,3967.41,3998.15,53636.98833355
1761076800,2025-10-21T20:00:00+00:00,3998.28,4003.6,3859.64,3874.57,29342.77908271
1761091200,2025-10-22T00:00:00+00:00,3874.8,3891.6,3821.53,3861.26,16453.266241
1761105600,2025-10-22T04:00:00+00:00,3861.39,3887.02,3840,3870.56,10860.89272453
1761120000,2025-10-22T08:00:00+00:00,3870.56,3871.8,3772.58,3830.57,16269.569640919999
1761134400,2025-10-22T12:00:00+00:00,3830.41,3878.72,3780.2,3842.08,38464.39753749
1761148800,2025-10-22T16:00:00+00:00,3842.01,3861.49,3784,3804.4,37652.26911629
1761163200,2025-10-22T20:00:00+00:00,3804.94,3817.2,3711.49,3806.12,24857.05367003
1761177600,2025-10-23T00:00:00+00:00,3806.25,3836.26,3796.77,3827.84,10672.83573369
1761192000,2025-10-23T04:00:00+00:00,3827.83,3898.19,3823.26,3882.31,10252.918144280002
1761206400,2025-10-23T08:00:00+00:00,3882.42,3906.4,3860.68,3864.42,12041.67561629
1761220800,2025-10-23T12:00:00+00:00,3864.41,3888.45,3808.86,3878.23,30546.77956914
1761235200,2025-10-23T16:00:00+00:00,3878.23,3936.1,3846.16,3861.01,36804.412538059994
1761249600,2025-10-23T20:00:00+00:00,3861.01,3862.85,3820.25,3858.41,12360.2783433
1761264000,2025-10-24T00:00:00+00:00,3858.41,3898.23,3847.36,3892.37,14272.994474870002
1761278400,2025-10-24T04:00:00+00:00,3892.37,3989.7,3886.93,3950.5,17622.07788741
1761292800,2025-10-24T08:00:00+00:00,3950.41,3970.06,3926.51,3947.6,12185.81514355
1761307200,2025-10-24T12:00:00+00:00,3947.39,4024.31,3870.01,3889.99,47551.51014941
1761321600,2025-10-24T16:00:00+00:00,3889.73,3940.58,3866.67,3927.29,21222.41819175
1761336000,2025-10-24T20:00:00+00:00,3927.31,3946.45,3923.8,3936.1,9394.08673665
1761350400,2025-10-25T00:00:00+00:00,3936.1,3939.59,3911.88,3921.89,7092.50504252
1761364800,2025-10-25T04:00:00+00:00,3921.88,3963.94,3921,3929.71,5916.352322389999
1761379200,2025-10-25T08:00:00+00:00,3929.69,3957.36,3928,3940.84,4811.0808022
1761393600,2025-10-25T12:00:00+00:00,3940.8,3957.65,3930.51,3931,2530.2431452800006
1761422400,2025-10-25T20:00:00+00:00,3939.28,3965.44,3936.21,3954.52,4929.959845060001
1761436800,2025-10-26T00:00:00+00:00,3954.5,3962.07,3919.34,3932.49,6564.20900246
1761451200,2025-10-26T04:00:00+00:00,3932.18,3956.92,3929.6,3952.12,2762.87425616
1761465600,2025-10-26T08:00:00+00:00,3952.11,4054.69,3951.2,4045.17,10298.87224238
1761480000,2025-10-26T12:00:00+00:00,4045.35,4099.68,4040.96,4074.83,15423.959256050002
1761494400,2025-10-26T16:00:00+00:00,4074.74,4080.32,4046.09,4068.15,10359.79866769
1761508800,2025-10-26T20:00:00+00:00,4067.59,4178.82,4054,4158.81,20062.66460019
1761523200,2025-10-27T00:00:00+00:00,4159.05,4225.68,4149.19,4205.06,23798.00622754
1761537600,2025-10-27T04:00:00+00:00,4205.2,4254.23,4194.43,4201.56,12388.7072878
1761552000,2025-10-27T08:00:00+00:00,4201.55,4201.93,4132.49,4162.16,14095.402411479998
1761566400,2025-10-27T12:00:00+00:00,4161.94,4189.14,4124.01,4173.21,23489.830546690002
1761580800,2025-10-27T16:00:00+00:00,4173.2,4234.5,4173.1,4195.59,33244.25742853
1761595200,2025-10-27T20:00:00+00:00,4195.15,4196.61,4094.72,4120.1,24403.23101904
1761609600,2025-10-28T00:00:00+00:00,4120,4141.94,4070.01,4094.15,15210.02992667
1761624000,2025-10-28T04:00:00+00:00,4093.99,4127,4066.15,4117.01,9044.903304579999
1761638400,2025-10-28T08:00:00+00:00,4117.01,4135.72,4104.2,4111.93,7034.42401383
1761652800,2025-10-28T12:00:00+00:00,4112.08,4177.54,4071.94,4097.06,25603.24082604
1761667200,2025-10-28T16:00:00+00:00,4097.01,4152.24,4025.5,4041.23,24370.763084849998
1761681600,2025-10-28T20:00:00+00:00,4040.19,4043.11,3931.8,3980.25,31734.23032032
1761696000,2025-10-29T00:00:00+00:00,3980.2,4010.56,3964.75,3998.55,10792.2580681
1761710400,2025-10-29T04:00:00+00:00,3998.52,4038.7,3996.41,4025.53,8461.21402469
1761724800,2025-10-29T08:00:00+00:00,4025.53,4027.33,3985.09,4011.79,8061.26737183
1761739200,2025-10-29T12:00:00+00:00,4011.79,4031.22,3941.7,3951.51,23951.47248779
1761753600,2025-10-29T16:00:00+00:00,3951.51,4018.1,3838,3905.44,49627.178138920004
1761768000,2025-10-29T20:00:00+00:00,3906.2,3964.79,3874.53,3904.2,17407.15332373
1761782400,2025-10-30T00:00:00+00:00,3904.17,3949.34,3863.22,3935.12,14163.929800760001
1761796800,2025-10-30T04:00:00+00:00,3934.92,3945.37,3839.83,3939.99,22876.63511355
1761811200,2025-10-30T08:00:00+00:00,3939.99,3940.19,3877.31,3881.05,6954.61138115
1761825600,2025-10-30T12:00:00+00:00,3881.07,3885.1,3757.28,3773.99,38072.10358522
1761840000,2025-10-30T16:00:00+00:00,3773.51,3802.7,3676.04,3686.11,36073.59066673
1761854400,2025-10-30T20:00:00+00:00,3685.2,3806.44,3677.52,3804.02,21413.027982360003
1761868800,2025-10-31T00:00:00+00:00,3804.24,3860.12,3795.51,3828.52,15438.578218999999
1761883200,2025-10-31T04:00:00+00:00,3828.52,3873.87,3819.4,3830,11651.293309960001
1761897600,2025-10-31T08:00:00+00:00,3829.74,3880.5,3816.56,3872,15308.42573617
1761912000,2025-10-31T12:00:00+00:00,3871.9,3886.64,3828.76,3859.66,30844.66498328
1761926400,2025-10-31T16:00:00+00:00,3859.93,3903.62,3802.01,3883.21,41755.19587443
1761940800,2025-10-31T20:00:00+00:00,3883.07,3890.82,3839.06,3845.79,8548.13906432
1761955200,2025-11-01T00:00:00+00:00,3846.44,3862.1,3829.2,3859.35,4634.86054126
1761969600,2025-11-01T04:00:00+00:00,3859.49,3867.07,3850.65,3858.79,3048.8200247900004
1761984000,2025-11-01T08:00:00+00:00,3858.79,3880.61,3858.16,3875.81,3461.63948855
1761998400,2025-11-01T12:00:00+00:00,3875.8,3900,3856.25,3893.26,5861.496598629999
1762012800,2025-11-01T16:00:00+00:00,3893.25,3908.94,3861.36,3878.61,6048.39605144
1762027200,2025-11-01T20:00:00+00:00,3878.3,3890.63,3862.2,3872.16,3612.2443380100003
1762041600,2025-11-02T00:00:00+00:00,3872.07,3885.85,3860.33,3879.58,6394.13202732
1762056000,2025-11-02T04:00:00+00:00,3879.51,3916.5,3874.47,3905.32,4984.624685699999
1762070400,2025-11-02T08:00:00+00:00,3905.31,3909.57,3851.01,3889.68,6554.927850980001
1762084800,2025-11-02T12:00:00+00:00,3889.33,3893.97,3838.27,3852.41,4779.25621656
1762099200,2025-11-02T16:00:00+00:00,3852.46,3866.91,3839.96,3855.62,4226.6922994199995
1762113600,2025-11-02T20:00:00+00:00,3855.59,3915.46,3843.45,3905.97,5024.32081789
1762128000,2025-11-03T00:00:00+00:00,3906.01,3914.06,3728.3,3736.3,18221.510262620002
1762142400,2025-11-03T04:00:00+00:00,3735.97,3766.25,3683.21,3713.8,20052.14109633
1762156800,2025-11-03T08:00:00+00:00,3713.79,3740.04,3661,3711.26,16066.283541359999
1762171200,2025-11-03T12:00:00+00:00,3711.26,3747.6,3580,3588.26,39948.23635873
1762185600,2025-11-03T16:00:00+00:00,3588.27,3681.72,3563.38,3630.3,38913.36104659
1762200000,2025-11-03T20:00:00+00:00,3630.34,3635.76,3552.4,3602.88,33860.723399899995
1762214400,2025-11-04T00:00:00+00:00,3602.88,3653.6,3566.02,3640.67,20676.80754277
1762228800,2025-11-04T04:00:00+00:00,3640.67,3646.81,3472.6,3492.87,32390.20503442
1762243200,2025-11-04T08:00:00+00:00,3492.81,3533.06,3457.21,3528.03,21257.50692515
1762257600,2025-11-04T12:00:00+00:00,3528.03,3586.38,3470.92,3506.41,38951.984414449995
1762272000,2025-11-04T16:00:00+00:00,3506.12,3519.14,3222.93,3228.44,105863.82254835
1762286400,2025-11-04T20:00:00+00:00,3228.5,3304.26,3055,3286.21,94875.07357542001
1762300800,2025-11-05T00:00:00+00:00,3286.41,3348.66,3165.58,3334.49,48998.82830735
1762315200,2025-11-05T04:00:00+00:00,3334.3,3353.28,3303.84,3330.74,18273.90796638
1762329600,2025-11-05T08:00:00+00:00,3331.01,3331.01,3272.29,3323.84,22776.340640809998
1762344000,2025-11-05T12:00:00+00:00,3324.11,3399.5,3313.52,3397.66,41640.48798729
1762358400,2025-11-05T16:00:00+00:00,3397.91,3479.62,3369.21,3454.89,45512.158260029995
1762372800,2025-11-05T20:00:00+00:00,3454.89,3481.76,3413.94,3423.89,28394.97686514
1762387200,2025-11-06T00:00:00+00:00,3423.9,3450.29,3374.31,3432.41,22677.5035149
1762401600,2025-11-06T04:00:00+00:00,3432.55,3455.93,3364.23,3379.8,17899.51869809
1762416000,2025-11-06T08:00:00+00:00,3379.6,3414.75,3366.5,3398.89,14283.39847181
1762430400,2025-11-06T12:00:00+00:00,3398.89,3404.07,3277,3298.7,56899.24691048
1762444800,2025-11-06T16:00:00+00:00,3298.9,3363,3243.6,3324.23,49404.94271108
1762459200,2025-11-06T20:00:00+00:00,3324.23,3335.29,3285.43,3313.46,26897.6580045
1762473600,2025-11-07T00:00:00+00:00,3313.47,3364.3,3274.6,3343,23157.16722323
1762488000,2025-11-07T04:00:00+00:00,3343,3368.5,3317.51,3356.21,12801.44857789
1762502400,2025-11-07T08:00:00+00:00,3356.21,3358.8,3223.36,3258.37,16192.819910010001
1762516800,2025-11-07T12:00:00+00:00,3257.93,3316.07,3191.02,3295.04,48707.26594042999
1762531200,2025-11-07T16:00:00+00:00,3294.63,3448.85,3270.39,3441.95,49779.04679706
1762545600,2025-11-07T20:00:00+00:00,3441.9,3472.1,3428.14,3433.71,24651.0484775
1762560000,2025-11-08T00:00:00+00:00,3433.92,3465.42,3404.66,3451.9,11474.05472408
1762574400,2025-11-08T04:00:00+00:00,3452.3,3487.39,3415,3446.4,11198.01185144
1762588800,2025-11-08T08:00:00+00:00,3446.4,3469.07,3404.05,3411.4,9077.76545517
1762603200,2025-11-08T12:00:00+00:00,3411.43,3416.49,3369.38,3375.86,18908.48881621
1762617600,2025-11-08T16:00:00+00:00,3376.37,3406.54,3354.41,3388.12,17028.01020019
1762632000,2025-11-08T20:00:00+00:00,3388.13,3414.13,3379.43,3400.46,7871.64634239
1762646400,2025-11-09T00:00:00+00:00,3400.47,3402.99,3356.85,3374.89,13306.58349885
1762660800,2025-11-09T04:00:00+00:00,3374.97,3425.78,3368.7,3422.3,6495.78048992
1762675200,2025-11-09T08:00:00+00:00,3422.22,3435.12,3381.13,3427.88,7179.85686897
1762689600,2025-11-09T12:00:00+00:00,3427.7,3562.49,3424,3514.74,30413.50290353
1762704000,2025-11-09T16:00:00+00:00,3514.91,3580.05,3500.84,3579.47,17325.37881822
1762718400,2025-11-09T20:00:00+00:00,3579.69,3622.45,3561.22,3582.92,23185.650181229998
1762732800,2025-11-10T00:00:00+00:00,3582.92,3658.38,3553.89,3627.05,25594.917031420002
1762747200,2025-11-10T04:00:00+00:00,3627.05,3631.4,3588.31,3608.26,9907.79442957
1762761600,2025-11-10T08:00:00+00:00,3608.27,3631.91,3585.12,3609.34,13050.11465159
1762776000,2025-11-10T12:00:00+00:00,3609.08,3622.28,3507.1,3518.31,35143.04284368
1762790400,2025-11-10T16:00:00+00:00,3518.62,3575.6,3505.14,3557.7,24581.19246367
1762804800,2025-11-10T20:00:00+00:00,3557.88,3583.79,3528.32,3566.49,16348.7372882
1762819200,2025-11-11T00:00:00+00:00,3566.41,3647.38,3551.32,3604.7,23568.21664016
1762833600,2025-11-11T04:00:00+00:00,3604.48,3609.3,3529.77,3543.48,11914.39371103
1762848000,2025-11-11T08:00:00+00:00,3543.48,3586.35,3542.16,3573.51,7731.75531816
1762862400,2025-11-11T12:00:00+00:00,3573.67,3593.56,3466.64,3480.63,26499.18006762
1762876800,2025-11-11T16:00:00+00:00,3480.63,3500.1,3445.31,3455.22,27852.316963229998
1762891200,2025-11-11T20:00:00+00:00,3455.85,3461.1,3403.41,3416.54,25346.23813025
1762905600,2025-11-12T00:00:00+00:00,3416.54,3454.94,3408.45,3437.91,15061.66015692
1762920000,2025-11-12T04:00:00+00:00,3437.91,3457.34,3424,3427.56,5570.332258349999
1762934400,2025-11-12T08:00:00+00:00,3427.56,3570,3427.56,3549.5,12324.80728798
1762948800,2025-11-12T12:00:00+00:00,3549.01,3587.94,3413.42,3427.24,33242.84910886
1762963200,2025-11-12T16:00:00+00:00,3427.3,3454.66,3371.59,3407.51,40946.72973752
1762977600,2025-11-12T20:00:00+00:00,3407.25,3439.02,3391.16,3414.06,22974.51229627
1762992000,2025-11-13T00:00:00+00:00,3414.06,3472.58,3377.12,3452.6,23062.41778366
1763006400,2025-11-13T04:00:00+00:00,3452.35,3564.4,3432.62,3537.19,24693.44267164
1763020800,2025-11-13T08:00:00+00:00,3537.39,3549.39,3476.69,3500.39,12162.70110807
1763035200,2025-11-13T12:00:00+00:00,3500.48,3510.67,3365.32,3385.54,30296.61018627
1763049600,2025-11-13T16:00:00+00:00,3385.53,3397.4,3172.71,3195.9,65259.12345757
1763064000,2025-11-13T20:00:00+00:00,3195.76,3270.66,3150,3229.65,51894.58283289
1763078400,2025-11-14T00:00:00+00:00,3229.68,3249.75,3184.43,3226.45,32432.317580969997
1763092800,2025-11-14T04:00:00+00:00,3226.76,3238.97,3105.28,3213.61,28562.71882269
1763107200,2025-11-14T08:00:00+00:00,3213.76,3216.84,3115.24,3143.66,15720.891984720001
1763121600,2025-11-14T12:00:00+00:00,3143.17,3231.37,3067.74,3194.34,53094.02601252
1763136000,2025-11-14T16:00:00+00:00,3194.32,3255,3152.66,3205.8,36489.001991260004
1763150400,2025-11-14T20:00:00+00:00,3205.8,3211.63,3085.07,3109.49,27051.02914518
1763164800,2025-11-15T00:00:00+00:00,3109.89,3191.5,3108.21,3177.34,15582.690133049997
1763179200,2025-11-15T04:00:00+00:00,3177.12,3190.25,3157.09,3174.54,6842.62679252
1763193600,2025-11-15T08:00:00+00:00,3174.55,3176.42,3132.92,3149.99,5687.01797014
1763208000,2025-11-15T12:00:00+00:00,3150.2,3195.34,3144.45,3184.3,8755.01471686
1763222400,2025-11-15T16:00:00+00:00,3184.3,3228.54,3161.57,3196.35,14631.495549669999
1763236800,2025-11-15T20:00:00+00:00,3196.35,3198.45,3150.72,3166.3,8966.624623489999
1763251200,2025-11-16T00:00:00+00:00,3166.3,3207.86,3130.1,3200.73,11117.66045198
1763265600,2025-11-16T04:00:00+00:00,3200.42,3218.44,3184.36,3217.31,6584.58223998
1763280000,2025-11-16T08:00:00+00:00,3217.38,3246.44,3158.47,3166.68,9034.09550258
1763294400,2025-11-16T12:00:00+00:00,3166.67,3180.55,3096.7,3103,14219.66399375
1763308800,2025-11-16T16:00:00+00:00,3103.38,3125.95,3022.05,3089.02,43675.69568458
1763323200,2025-11-16T20:00:00+00:00,3089.01,3115.35,3001.13,3092.25,28734.77842037
1763337600,2025-11-17T00:00:00+00:00,3092.24,3178.28,3066.7,3174.45,28234.88982084
1763352000,2025-11-17T04:00:00+00:00,3174.51,3206.14,3164.1,3196.23,11816.57307004
1763366400,2025-11-17T08:00:00+00:00,3196.45,3221.13,3177.08,3202.39,9477.143187829999
1763380800,2025-11-17T12:00:00+00:00,3202.05,3208.5,3092.68,3117.8,38622.66529801
1763395200,2025-11-17T16:00:00+00:00,3117.89,3139.73,2969,2977.99,68452.59684602001
1763409600,2025-11-17T20:00:00+00:00,2978.24,3029.39,2955.01,3027.89,38498.204108499995
1763424000,2025-11-18T00:00:00+00:00,3027.89,3045.84,2943.75,3020.29,35102.83028345
1763438400,2025-11-18T04:00:00+00:00,3020.26,3030.48,2954.71,3020.59,24198.91260794
1763452800,2025-11-18T08:00:00+00:00,3020.75,3070.28,3020.75,3053.86,16581.252929489998
1763467200,2025-11-18T12:00:00+00:00,3054.06,3120.66,3016.45,3103.9,39556.152432
1763481600,2025-11-18T16:00:00+00:00,3103.89,3168.98,3096.61,3143.88,54773.69539658
1763496000,2025-11-18T20:00:00+00:00,3143.87,3148.94,3094.7,3121.74,30403.926441019998
1763510400,2025-11-19T00:00:00+00:00,3121.5,3124.1,3067.07,3070.4,23173.64579815
1763524800,2025-11-19T04:00:00+00:00,3070.37,3085.8,2989.51,3083.54,24045.478210659996
1763539200,2025-11-19T08:00:00+00:00,3083.34,3110.09,3052.43,3080.65,20172.35861224
1763553600,2025-11-19T12:00:00+00:00,3080.65,3105.52,2963.04,2970.33,49702.63248258
1763568000,2025-11-19T16:00:00+00:00,2970.32,2984.4,2868.5,2877.9,81771.08118714999
1763582400,2025-11-19T20:00:00+00:00,2877.92,3025.31,2870.07,3023.1,46631.926906470006
1763596800,2025-11-20T00:00:00+00:00,3023.11,3055.63,3001.98,3036.11,21342.96996212
1763611200,2025-11-20T04:00:00+00:00,3036.32,3061.05,3004.92,3036.67,15758.60088512
1763625600,2025-11-20T08:00:00+00:00,3036.49,3041.68,2991.11,3020.57,11105.619767049999
1763640000,2025-11-20T12:00:00+00:00,3020.57,3047.11,2947.44,2951.38,35339.17756608
1763654400,2025-11-20T16:00:00+00:00,2951.46,2957.75,2786.9,2843.84,97568.49187559001
1763668800,2025-11-20T20:00:00+00:00,2843.84,2903.21,2815.33,2830.59,34793.94872488
1763683200,2025-11-21T00:00:00+00:00,2830.31,2882.31,2770.53,2805.57,39200.90410114
1763697600,2025-11-21T04:00:00+00:00,2805.56,2828.94,2650,2716.01,39869.70066899
1763712000,2025-11-21T08:00:00+00:00,2716,2750.64,2659.1,2684.65,40079.79099767
1763726400,2025-11-21T12:00:00+00:00,2684.66,2779.2,2620,2702.97,69165.68129475
1763740800,2025-11-21T16:00:00+00:00,2702.41,2804.53,2672.33,2749.48,72441.42851797999
1763755200,2025-11-21T20:00:00+00:00,2749.49,2774.15,2705.88,2763.99,28701.46607894
1763769600,2025-11-22T00:00:00+00:00,2763.99,2783,2737.49,2750.8,15661.939515220001
1763784000,2025-11-22T04:00:00+00:00,2750.68,2769.51,2723.82,2754.48,13373.63966244
1763798400,2025-11-22T08:00:00+00:00,2754.48,2754.7,2702.71,2733.34,17264.733992679998
1763812800,2025-11-22T12:00:00+00:00,2733.35,2752.49,2709.76,2737.02,12359.21319288
1763827200,2025-11-22T16:00:00+00:00,2737.22,2758.42,2733.46,2749.21,14565.9434769
1763841600,2025-11-22T20:00:00+00:00,2749.2,2797.86,2730.48,2768.5,19912.56454965
1763856000,2025-11-23T00:00:00+00:00,2768.4,2832.34,2766.72,2823.52,20546.524501900003
1763870400,2025-11-23T04:00:00+00:00,2823.51,2851.18,2775.01,2792.41,19113.04257887
1763884800,2025-11-23T08:00:00+00:00,2792.31,2821.84,2792.2,2814.37,8632.7472137
1763899200,2025-11-23T12:00:00+00:00,2814.37,2857.19,2807.84,2835.42,19178.321410560002
1763913600,2025-11-23T16:00:00+00:00,2835.41,2845.92,2785.78,2821.56,18689.33493857
1763928000,2025-11-23T20:00:00+00:00,2821.56,2844.19,2793.63,2801.14,16962.48909174
1763942400,2025-11-24T00:00:00+00:00,2801.14,2865.79,2762,2855.28,25869.17856981
1763956800,2025-11-24T04:00:00+00:00,2855.28,2884.12,2801.77,2828.6,16695.05531826
1763971200,2025-11-24T08:00:00+00:00,2828.69,2841.2,2786.3,2801.86,10971.88611945
1763985600,2025-11-24T12:00:00+00:00,2801.86,2859.05,2783.24,2844.96,35831.107653800005
1764000000,2025-11-24T16:00:00+00:00,2844.95,2979.83,2840.71,2958.51,67258.11648105
1764014400,2025-11-24T20:00:00+00:00,2958.47,2985.82,2947.08,2952.59,27288.903450569996
1764028800,2025-11-25T00:00:00+00:00,2952.58,2952.58,2903.13,2911.09,16892.219116059998
1764043200,2025-11-25T04:00:00+00:00,2911.09,2942.11,2900,2902.24,12154.212080780002
1764057600,2025-11-25T08:00:00+00:00,2902.22,2908.22,2864.27,2890.37,13211.162371349998
1764072000,2025-11-25T12:00:00+00:00,2890.35,2933.74,2854.98,2894.4,28173.81422648
1764086400,2025-11-25T16:00:00+00:00,2894.37,2957.48,2870.53,2921.61,37201.09927909
1764100800,2025-11-25T20:00:00+00:00,2921.24,2979,2905.99,2958.17,21520.64400076
1764115200,2025-11-26T00:00:00+00:00,2958.17,2982.2,2919.6,2925.56,13157.13195404
1764129600,2025-11-26T04:00:00+00:00,2925.56,2953.47,2919.21,2943.72,12036.18697997
1764144000,2025-11-26T08:00:00+00:00,2943.71,2948.1,2901.07,2913.82,9577.09523591
1764158400,2025-11-26T12:00:00+00:00,2913.81,2947.01,2887.88,2926.43,20332.557031340002
1764172800,2025-11-26T16:00:00+00:00,2926.43,3044.78,2925.02,3032.05,30850.59533404
1764187200,2025-11-26T20:00:00+00:00,3032.06,3036.54,3007.4,3026.43,19355.54223212
1764201600,2025-11-27T00:00:00+00:00,3026.34,3071.58,3005.6,3033.39,23109.914740000004
1764216000,2025-11-27T04:00:00+00:00,3033.07,3053.35,3016.74,3034.27,7560.489451660001
1764230400,2025-11-27T08:00:00+00:00,3033.72,3044.78,3017,3028.01,8271.83300715
1764244800,2025-11-27T12:00:00+00:00,3028.01,3030.02,2983.79,3010.42,15444.822804459998
1764259200,2025-11-27T16:00:00+00:00,3010.39,3039.12,3004.34,3031.81,10654.180729520001
1764273600,2025-11-27T20:00:00+00:00,3031.8,3045,3003.15,3014.86,8408.68831994
1764288000,2025-11-28T00:00:00+00:00,3014.9,3023.86,2993.63,3007.98,7578.30794579
1764302400,2025-11-28T04:00:00+00:00,3007.98,3028.73,3000.11,3001.24,7046.528201970001
1764316800,2025-11-28T08:00:00+00:00,3001.18,3075,3000.78,3033.58,9023.16402732
1764331200,2025-11-28T12:00:00+00:00,3033.57,3099,3026,3074.61,49754.165409320005
1764345600,2025-11-28T16:00:00+00:00,3074.7,3075.4,3011.38,3050.5,41093.15410896
1764360000,2025-11-28T20:00:00+00:00,3050.32,3060.93,3021.36,3031.86,13600.093778870001
1764374400,2025-11-29T00:00:00+00:00,3031.86,3053.53,3017.2,3023.33,7585.662602130001
1764388800,2025-11-29T04:00:00+00:00,3023.34,3045.54,2995,3005.68,18297.05247075
1764403200,2025-11-29T08:00:00+00:00,3005.68,3012.6,2988,3001.05,9150.87753773
1764417600,2025-11-29T12:00:00+00:00,3001.05,3015.3,2987.77,3008.49,6359.746636649999
1764432000,2025-11-29T16:00:00+00:00,3008.49,3012.7,2963,2989.76,12711.024544340002
1764446400,2025-11-29T20:00:00+00:00,2989.59,3000.37,2983.05,2990.31,5893.516994879999
1764460800,2025-11-30T00:00:00+00:00,2990.3,3013.08,2976.98,3002.48,5596.673484880001
1764475200,2025-11-30T04:00:00+00:00,3002.69,3009.68,2986.39,3005.78,3888.2173434799997
1764489600,2025-11-30T08:00:00+00:00,3005.77,3019.35,2999.24,3003.53,3777.30026025
1764504000,2025-11-30T12:00:00+00:00,3003.53,3053.78,3000.12,3029.33,9559.470551890001
1764518400,2025-11-30T16:00:00+00:00,3029.26,3050.9,3028.9,3035.12,7755.42225313
1764532800,2025-11-30T20:00:00+00:00,3035.12,3041.47,2989.97,2991.9,12395.716645280001
1764547200,2025-12-01T00:00:00+00:00,2991.68,3000.07,2812.99,2825.86,38176.06509786
1764561600,2025-12-01T04:00:00+00:00,2825.86,2844.04,2806.29,2839.88,13204.99023704
1764576000,2025-12-01T08:00:00+00:00,2839.85,2853.28,2828.64,2837.41,12218.04394528
1764590400,2025-12-01T12:00:00+00:00,2837.41,2839.77,2716.82,2745.3,46696.59786188
1764604800,2025-12-01T16:00:00+00:00,2745.31,2758.15,2719.34,2740.58,35727.51248402
1764619200,2025-12-01T20:00:00+00:00,2740.57,2819.4,2739.61,2798.3,27463.37616015
1764633600,2025-12-02T00:00:00+00:00,2798.25,2824.66,2783.18,2804.55,9979.40458638
1764648000,2025-12-02T04:00:00+00:00,2804.11,2816.09,2797.24,2806.01,6023.60688234
1764662400,2025-12-02T08:00:00+00:00,2806.01,2834.49,2781.87,2826.14,10198.73065957
1764676800,2025-12-02T12:00:00+00:00,2826.14,3025.42,2816.59,3007,37310.23056854
1764691200,2025-12-02T16:00:00+00:00,3006.91,3034.84,2987.26,3016.37,35211.95806308
1764705600,2025-12-02T20:00:00+00:00,3016.37,3021.93,2973.32,2996.7,29338.101500949997
1764720000,2025-12-03T00:00:00+00:00,2996.6,3048.48,2986.28,3031.06,14398.629374979999
1764734400,2025-12-03T04:00:00+00:00,3031.05,3087.14,3029.88,3058.44,18525.86910152
1764748800,2025-12-03T08:00:00+00:00,3058.45,3080.04,3045.14,3074.09,14012.94072258
1764763200,2025-12-03T12:00:00+00:00,3073.9,3146.8,3030.45,3087.2,45484.85569247999
1764777600,2025-12-03T16:00:00+00:00,3087.09,3143.71,3064.8,3129.59,33536.99067429
1764792000,2025-12-03T20:00:00+00:00,3129.6,3214.99,3117.44,3189.79,40860.937186409996
1764806400,2025-12-04T00:00:00+00:00,3189.8,3241.57,3174.03,3210.58,20551.56596967
1764820800,2025-12-04T04:00:00+00:00,3210.59,3220.19,3172,3190.2,17487.64597428
1764835200,2025-12-04T08:00:00+00:00,3190.19,3209.57,3175.94,3186.88,15323.000978260001
1764849600,2025-12-04T12:00:00+00:00,3186.87,3225,3140.35,3209.11,30501.98789096
1764864000,2025-12-04T16:00:00+00:00,3209.13,3226.7,3067.09,3119.99,42706.699940880004
1764878400,2025-12-04T20:00:00+00:00,3119.85,3153.45,3106.32,3134.13,19512.83293743
1764892800,2025-12-05T00:00:00+00:00,3134.09,3194.24,3133.5,3171.64,12437.45249303
1764907200,2025-12-05T04:00:00+00:00,3171.31,3184,3152.02,3175.09,8497.59201788
1764921600,2025-12-05T08:00:00+00:00,3174.81,3174.81,3109.1,3132.45,15216.671413240001
1764936000,2025-12-05T12:00:00+00:00,3132.45,3159.16,3084.21,3106.66,32884.19044
1764950400,2025-12-05T16:00:00+00:00,3106.85,3108.91,2985.36,3039.3,50304.4083813
1764964800,2025-12-05T20:00:00+00:00,3039.13,3050.98,3004.01,3022.61,19915.82128049
1764979200,2025-12-06T00:00:00+00:00,3022.51,3046.45,3012.66,3040.84,8510.51666515
1764993600,2025-12-06T04:00:00+00:00,3040.84,3043.35,3025,3027,5012.59079048
1765008000,2025-12-06T08:00:00+00:00,3027.03,3043.03,3013.2,3039.54,4221.88715897
1765022400,2025-12-06T12:00:00+00:00,3039.54,3068.83,3027.4,3042.25,5345.81348331
1765036800,2025-12-06T16:00:00+00:00,3042.25,3067.34,3025.54,3031.41,7540.3630634599995
1765051200,2025-12-06T20:00:00+00:00,3031.41,3054.93,3028,3039.13,6255.76616678
1765065600,2025-12-07T00:00:00+00:00,3039.12,3058.21,3033.31,3054.81,6171.75907347
1765080000,2025-12-07T04:00:00+00:00,3054.8,3058.63,3031.66,3037.3,3948.6820987399997
1765094400,2025-12-07T08:00:00+00:00,3037.29,3044.18,3024.97,3036.21,3562.3473076200003
1765108800,2025-12-07T12:00:00+00:00,3036.2,3053.9,2910.08,3026.89,19608.27522996
1765123200,2025-12-07T16:00:00+00:00,3027.3,3150.2,2999.85,3138.3,22737.85542187
1765137600,2025-12-07T20:00:00+00:00,3138.42,3147.3,3013.2,3061,17711.86629699
1765152000,2025-12-08T00:00:00+00:00,3060.71,3135.14,3040.27,3111.41,18270.365465609997
1765166400,2025-12-08T04:00:00+00:00,3111.41,3141.09,3109.06,3134.46,12174.186926909999
1765180800,2025-12-08T08:00:00+00:00,3134.39,3180,3125.66,3142.53,12443.04213854
1765195200,2025-12-08T12:00:00+00:00,3142.53,3178.56,3088.85,3101.98,32868.038902069995
1765209600,2025-12-08T16:00:00+00:00,3101.81,3134.59,3078.23,3119.18,26888.737048080002
1765224000,2025-12-08T20:00:00+00:00,3119.3,3155,3112.97,3124.93,16286.181988579998
1765238400,2025-12-09T00:00:00+00:00,3124.93,3144,3090.92,3129.7,11942.57274535
1765252800,2025-12-09T04:00:00+00:00,3129.87,3131.41,3095.59,3123.2,8810.25663307
1765267200,2025-12-09T08:00:00+00:00,3123.12,3130.62,3093.07,3118.49,4517.91569353
1765281600,2025-12-09T12:00:00+00:00,3118.59,3256,3098.24,3246.4,31046.390147960003
1765296000,2025-12-09T16:00:00+00:00,3245.93,3398,3245.61,3358,58363.62285986
1765310400,2025-12-09T20:00:00+00:00,3357.99,3361.41,3283.97,3318.54,20710.274309819997
1765324800,2025-12-10T00:00:00+00:00,3318.24,3328.59,3288.78,3310.08,11505.39689229
1765339200,2025-12-10T04:00:00+00:00,3310.08,3335.51,3307.19,3327.72,5450.02790456
1765353600,2025-12-10T08:00:00+00:00,3327.72,3376.73,3296.52,3318.9,17033.58940162
1765368000,2025-12-10T12:00:00+00:00,3318.69,3339.57,3303.39,3328.52,15328.911825789999
1765382400,2025-12-10T16:00:00+00:00,3328.49,3435.61,3320.76,3390.93,42347.94460863
1765396800,2025-12-10T20:00:00+00:00,3391.12,3477.44,3319.45,3325.02,32982.73224840999
1765411200,2025-12-11T00:00:00+00:00,3325.26,3328.54,3168.23,3192.9,30141.227168259997
1765425600,2025-12-11T04:00:00+00:00,3192.5,3216.7,3181.99,3202.13,10377.757495360001
1765440000,2025-12-11T08:00:00+00:00,3201.75,3214.03,3179.21,3193.68,8447.98984287
1765454400,2025-12-11T12:00:00+00:00,3193.69,3210.93,3145.53,3179.7,28134.97136399
1765468800,2025-12-11T16:00:00+00:00,3179.72,3235.8,3154.54,3195.15,40728.16844385
1765483200,2025-12-11T20:00:00+00:00,3195.15,3274.62,3193.51,3237.4,26943.56147852
1765497600,2025-12-12T00:00:00+00:00,3237.7,3266.95,3186.04,3246.45,21569.248414280002
1765512000,2025-12-12T04:00:00+00:00,3246.3,3265.65,3233.41,3247.07,5248.93817965
1765526400,2025-12-12T08:00:00+00:00,3247.07,3256.58,3226.16,3243.31,5703.04649506
1765540800,2025-12-12T12:00:00+00:00,3243.3,3252.03,3058.1,3071.2,33388.337081239995
1765555200,2025-12-12T16:00:00+00:00,3071.18,3100.78,3045.3,3073.21,36761.85123945
1765569600,2025-12-12T20:00:00+00:00,3073.21,3097.35,3066.94,3084.91,18184.947522669998
1765584000,2025-12-13T00:00:00+00:00,3084.91,3095.29,3079.05,3090.34,5945.532155729999
1765598400,2025-12-13T04:00:00+00:00,3090.34,3096,3084.4,3095.32,4092.10534052
1765612800,2025-12-13T08:00:00+00:00,3095.33,3135.78,3093.08,3119.99,3646.7077080400004
1765627200,2025-12-13T12:00:00+00:00,3119.68,3127.8,3095.36,3110.46,7709.653043849999
1765641600,2025-12-13T16:00:00+00:00,3110.4,3117.26,3095.86,3109.6,7280.632828850001
1765656000,2025-12-13T20:00:00+00:00,3109.6,3120.52,3081.13,3115,5210.5194849
1765670400,2025-12-14T00:00:00+00:00,3115,3130.35,3104.15,3119.4,5539.917327539999
1765684800,2025-12-14T04:00:00+00:00,3119.4,3122.7,3105,3115.52,4684.91978287
1765699200,2025-12-14T08:00:00+00:00,3115.52,3120.45,3050.73,3085.5,9054.22170632
1765713600,2025-12-14T12:00:00+00:00,3085.57,3108.74,3070.78,3085.15,8308.11481307
1765728000,2025-12-14T16:00:00+00:00,3085.14,3108.2,3074.69,3093.79,9609.08374317
1765742400,2025-12-14T20:00:00+00:00,3093.8,3097.8,3025.14,3063.3,15631.926860290001
1765756800,2025-12-15T00:00:00+00:00,3063.44,3152.39,3050.55,3108.65,21712.309319609998
1765771200,2025-12-15T04:00:00+00:00,3108.65,3145.28,3098.33,3128.68,14546.71794726
1765785600,2025-12-15T08:00:00+00:00,3128.68,3178,3125.55,3157.33,16335.694582180002
1765800000,2025-12-15T12:00:00+00:00,3157.33,3159.53,2985.12,3010.22,54803.19855971
1765814400,2025-12-15T16:00:00+00:00,3010.3,3017.11,2893.38,2939.01,55140.54204672
1765828800,2025-12-15T20:00:00+00:00,2939.09,2969,2915.2,2964.4,26041.63793696
1765843200,2025-12-16T00:00:00+00:00,2964.51,2977.65,2921,2936.23,14365.684363369997
1765857600,2025-12-16T04:00:00+00:00,2936.21,2951.02,2878.01,2923.51,16373.2141726
1765872000,2025-12-16T08:00:00+00:00,2923.5,2963.48,2919.7,2957.54,9069.18690626
1765886400,2025-12-16T12:00:00+00:00,2957.53,2981.8,2885.78,2962.94,28216.54694819
1765900800,2025-12-16T16:00:00+00:00,2962.65,2967.5,2911.28,2944.96,27980.63886657
1765915200,2025-12-16T20:00:00+00:00,2944.95,2965.65,2936.69,2961.96,12880.48515222
1765929600,2025-12-17T00:00:00+00:00,2961.99,2973.73,2936.24,2947.11,7716.84224114
1765944000,2025-12-17T04:00:00+00:00,2947.29,2953.56,2913.69,2947.09,8758.58626439
1765958400,2025-12-17T08:00:00+00:00,2947.08,2947.08,2906.7,2927.75,7507.75157652
1765972800,2025-12-17T12:00:00+00:00,2927.67,3028.99,2885.8,2903.21,45674.693827099996
1765987200,2025-12-17T16:00:00+00:00,2902.48,2924.79,2790.01,2818.76,58531.73010641999
1766001600,2025-12-17T20:00:00+00:00,2818.77,2836.88,2802.86,2832.25,25706.774091029998
1766016000,2025-12-18T00:00:00+00:00,2832.25,2846.48,2820.21,2830.66,10558.04164364
1766030400,2025-12-18T04:00:00+00:00,2830.66,2840.6,2821.85,2834.86,7545.022068
1766044800,2025-12-18T08:00:00+00:00,2834.86,2862.93,2830.09,2857.5,6225.47954927
1766059200,2025-12-18T12:00:00+00:00,2857.8,2995.99,2852.7,2963.46,51269.75383981001
1766073600,2025-12-18T16:00:00+00:00,2963.42,2965.95,2773.42,2780.4,49557.14088053
1766088000,2025-12-18T20:00:00+00:00,2780.4,2836.7,2777.18,2826.57,25158.685719359997
1766102400,2025-12-19T00:00:00+00:00,2826.57,2932.98,2806.9,2906.8,23466.322395460003
1766116800,2025-12-19T04:00:00+00:00,2906.1,2982.2,2904.95,2949.88,16266.37988913
1766131200,2025-12-19T08:00:00+00:00,2949.5,2969.78,2936.24,2962.97,7252.982940399999
1766145600,2025-12-19T12:00:00+00:00,2963.67,3017.41,2941.59,2963.4,31158.84002594
1766160000,2025-12-19T16:00:00+00:00,2963.14,3005.88,2934.84,2983.33,30415.29975742
1766174400,2025-12-19T20:00:00+00:00,2983.52,3001.25,2968.71,2978.03,12249.64215474
1766188800,2025-12-20T00:00:00+00:00,2977.95,2992.98,2969.1,2987.96,6348.23740244
1766203200,2025-12-20T04:00:00+00:00,2987.96,2989.7,2973.24,2980.12,3384.43246452
1766217600,2025-12-20T08:00:00+00:00,2980.13,2989.14,2973.39,2985.76,2849.8992674700003
1766232000,2025-12-20T12:00:00+00:00,2985.69,2992.34,2964.43,2976,5344.9014493899995
1766246400,2025-12-20T16:00:00+00:00,2976,2980,2972.42,2977,2126.4569613900003
1766260800,2025-12-20T20:00:00+00:00,2976.92,2984.98,2971,2976.6,2483.44123136
1766275200,2025-12-21T00:00:00+00:00,2976.7,2980,2959.75,2971.91,3389.5185834599997
1766289600,2025-12-21T04:00:00+00:00,2971.91,2981.82,2970.75,2978.51,2289.37802184
1766304000,2025-12-21T08:00:00+00:00,2980.17,3012.25,2976.39,2996.01,7487.25091364
1766318400,2025-12-21T12:00:00+00:00,2995.99,3005.21,2943,2973.31,11317.11842246
1766332800,2025-12-21T16:00:00+00:00,2973.55,2997.03,2966.58,2990.84,6832.225486949999
1766347200,2025-12-21T20:00:00+00:00,2990.84,3011.61,2970.13,3001.42,7344.00714579
1766361600,2025-12-22T00:00:00+00:00,3001.37,3060,2970.9,3020.59,15676.18435207
1766376000,2025-12-22T04:00:00+00:00,3020.59,3042,3019.05,3028.54,5517.34014009
1766390400,2025-12-22T08:00:00+00:00,3028.41,3056.93,3023.85,3048.1,8710.821602279999
1766404800,2025-12-22T12:00:00+00:00,3048.1,3075.84,3020.56,3051.78,25334.782134539997
1766419200,2025-12-22T16:00:00+00:00,3051.69,3059.18,2972.02,2978.51,26605.85636274
1766433600,2025-12-22T20:00:00+00:00,2978.51,3014.83,2962.08,3007.69,15700.592654049999
1766448000,2025-12-23T00:00:00+00:00,3007.62,3033.98,2970.4,2989.84,14258.10530027
1766462400,2025-12-23T04:00:00+00:00,2989.8,2997.7,2943.03,2962.71,9487.66814747
1766476800,2025-12-23T08:00:00+00:00,2962.5,2973.81,2950.35,2972.05,5881.07983341
1766491200,2025-12-23T12:00:00+00:00,2972.15,2973.67,2900,2927.1,18524.69080753
1766505600,2025-12-23T16:00:00+00:00,2927.1,2965.81,2907.19,2942.04,23159.96872594
1766520000,2025-12-23T20:00:00+00:00,2942.13,2986.81,2939.11,2962.85,16072.01418612
1766534400,2025-12-24T00:00:00+00:00,2962.71,2976.3,2916.47,2943.84,10101.81269536
1766548800,2025-12-24T04:00:00+00:00,2943.96,2957,2915.39,2930.42,9002.56680403
1766563200,2025-12-24T08:00:00+00:00,2930.42,2937.77,2912,2923.35,10467.04032414
1766577600,2025-12-24T12:00:00+00:00,2923.52,2938,2886.35,2923.49,15405.84746546
1766592000,2025-12-24T16:00:00+00:00,2923.5,2952.59,2918.98,2943.62,20992.01630636
1766606400,2025-12-24T20:00:00+00:00,2943.62,2961.08,2939.24,2945.07,7372.79223861
1766620800,2025-12-25T00:00:00+00:00,2944.96,2955.02,2933.76,2945.44,3275.16715307
1766635200,2025-12-25T04:00:00+00:00,2945.43,2946.83,2936.19,2940.22,2820.38857258
1766649600,2025-12-25T08:00:00+00:00,2940.23,2945.54,2909.97,2923.19,5048.69481145
1766664000,2025-12-25T12:00:00+00:00,2922.94,2969.34,2918.3,2958.89,6269.043091150001
1766678400,2025-12-25T16:00:00+00:00,2959.06,2965.48,2941.23,2954.39,5141.90678379
1766692800,2025-12-25T20:00:00+00:00,2954.47,2954.94,2889.03,2902.34,8870.82688524
1766707200,2025-12-26T00:00:00+00:00,2902.34,2991.8,2892.35,2962.3,14873.96915705
1766721600,2025-12-26T04:00:00+00:00,2962.29,2991.07,2950,2954.36,8303.312577730001
1766736000,2025-12-26T08:00:00+00:00,2954.36,2974.3,2952.4,2963.32,3344.66914459
1766750400,2025-12-26T12:00:00+00:00,2963.12,2984.41,2892.56,2921.28,17976.04498598
1766764800,2025-12-26T16:00:00+00:00,2921.28,2932.49,2900.66,2923.08,13754.890216209998
1766779200,2025-12-26T20:00:00+00:00,2923.09,2936.59,2918.71,2925.43,7358.368444109999
1766793600,2025-12-27T00:00:00+00:00,2925.58,2933.04,2920,2931.36,3101.1643721600003
1766808000,2025-12-27T04:00:00+00:00,2931.36,2935.72,2926.02,2931.06,1800.03833252
1766822400,2025-12-27T08:00:00+00:00,2931.05,2938.95,2916.19,2929.21,2963.67570996
1766836800,2025-12-27T12:00:00+00:00,2929.2,2931.99,2923.57,2925.09,2033.42966122
1766851200,2025-12-27T16:00:00+00:00,2925.1,2929.21,2915.39,2928.87,2927.76239518
1766865600,2025-12-27T20:00:00+00:00,2928.8,2958.84,2926.21,2946.6,4274.42251681
1766880000,2025-12-28T00:00:00+00:00,2946.34,2949.6,2939.13,2941.18,3141.05117051
1766894400,2025-12-28T04:00:00+00:00,2941.18,2945.25,2927.87,2936.6,2450.0202406099997
1766908800,2025-12-28T08:00:00+00:00,2936.6,2945.08,2929.04,2941.68,2276.5006388300003
1766923200,2025-12-28T12:00:00+00:00,2941.68,2958.89,2935.39,2947.21,3455.45756977
1766937600,2025-12-28T16:00:00+00:00,2947.21,2952.33,2923.24,2931.1,4799.91190807
1766952000,2025-12-28T20:00:00+00:00,2931.1,2952.89,2926.42,2948.92,4785.64439428
1766966400,2025-12-29T00:00:00+00:00,2948.91,3044.69,2942.02,3040.45,18899.19707531
1766980800,2025-12-29T04:00:00+00:00,3040.45,3054.7,3007.32,3016.13,11094.10404113
1766995200,2025-12-29T08:00:00+00:00,3016.13,3022.75,2953.57,2956.02,10096.18338551
1767009600,2025-12-29T12:00:00+00:00,2955.69,2962.68,2907.07,2932.03,19821.95238898
1767024000,2025-12-29T16:00:00+00:00,2932.02,2943.13,2910.62,2928.98,17581.81104557
1767038400,2025-12-29T20:00:00+00:00,2928.98,2941.39,2921.95,2934.19,11060.895273409998
1767052800,2025-12-30T00:00:00+00:00,2934.18,2952.09,2915.01,2948.06,8998.830212609999
1767067200,2025-12-30T04:00:00+00:00,2948.11,2955.1,2933.29,2947.23,7925.81131847
1767081600,2025-12-30T08:00:00+00:00,2947.23,2999.41,2946.61,2974.74,14164.960389759999
1767096000,2025-12-30T12:00:00+00:00,2974.74,3005.9,2954.21,2987.45,30015.06392144
1767110400,2025-12-30T16:00:00+00:00,2987.44,2991.62,2942.24,2969.08,35042.185876460004
1767124800,2025-12-30T20:00:00+00:00,2969.09,2973.27,2951.43,2970.42,16939.711375029998
1767139200,2025-12-31T00:00:00+00:00,2970.42,2981.55,2958.31,2966.99,7387.9836095400005
1767153600,2025-12-31T04:00:00+00:00,2966.97,2975.85,2964.57,2973.16,5921.588334439999
1767168000,2025-12-31T08:00:00+00:00,2973.16,2999.61,2958.07,2998.28,9360.84420727
1767182400,2025-12-31T12:00:00+00:00,2998.28,3024.29,2963.44,2981.68,21857.91924507
1767196800,2025-12-31T16:00:00+00:00,2981.68,2992.9,2960,2966.63,23979.99015095
1767211200,2025-12-31T20:00:00+00:00,2966.54,2979.57,2958.5,2966.84,16398.3437886
1767225600,2026-01-01T00:00:00+00:00,2966.68,2984.37,2966.2,2974.8,7681.11146175
1767240000,2026-01-01T04:00:00+00:00,2974.91,2979,2967.51,2973.12,5462.00700968
1767254400,2026-01-01T08:00:00+00:00,2973.12,2988.49,2972.58,2984.99,2163.86715414
1767268800,2026-01-01T12:00:00+00:00,2984.99,2991.5,2973.89,2986.11,2736.2380873
1767283200,2026-01-01T16:00:00+00:00,2986.04,3000.99,2976.59,2991.3,6056.30933514
1767297600,2026-01-01T20:00:00+00:00,2991.3,3006.97,2983.05,3000.41,7174.67043669
1767312000,2026-01-02T00:00:00+00:00,3000.41,3030.58,2988.41,3018.89,10146.806597409999
1767326400,2026-01-02T04:00:00+00:00,3018.89,3034.32,3005.1,3014.44,10696.99560606
1767340800,2026-01-02T08:00:00+00:00,3014.31,3065.47,3012.13,3044.36,9486.72425176
1767355200,2026-01-02T12:00:00+00:00,3044.37,3104.99,3017.84,3084.58,65133.00661675
1767369600,2026-01-02T16:00:00+00:00,3084.58,3148.99,3080,3122.46,48914.21407157
1767384000,2026-01-02T20:00:00+00:00,3122.8,3144.42,3109.7,3125.24,12193.11411695
1767398400,2026-01-03T00:00:00+00:00,3124.62,3135.93,3116.82,3124.36,8651.68429479
1767412800,2026-01-03T04:00:00+00:00,3124.35,3126.45,3075.2,3088.81,9116.15398364
1767427200,2026-01-03T08:00:00+00:00,3088.81,3109.17,3083.29,3097.01,3549.79360402
1767441600,2026-01-03T12:00:00+00:00,3097.01,3113.58,3091.46,3099.87,6421.62081788
1767456000,2026-01-03T16:00:00+00:00,3099.5,3117.01,3096.92,3111.49,4335.3563653599995
1767470400,2026-01-03T20:00:00+00:00,3111.49,3129.47,3105.58,3125.43,7019.0957988499995
1767484800,2026-01-04T00:00:00+00:00,3125.53,3166.32,3125,3146.34,12683.09699317
1767499200,2026-01-04T04:00:00+00:00,3146.26,3161.59,3131.36,3140.13,6497.579749379999
1767513600,2026-01-04T08:00:00+00:00,3140.12,3147.05,3124,3138.22,4633.0477231
1767528000,2026-01-04T12:00:00+00:00,3138.21,3145.79,3117.91,3133.91,4940.79794098
1767542400,2026-01-04T16:00:00+00:00,3133.91,3143.07,3117.71,3131.53,8006.952107780001
1767556800,2026-01-04T20:00:00+00:00,3131.53,3154.71,3129.43,3143.14,8772.262036260001
1767571200,2026-01-05T00:00:00+00:00,3143.15,3219.21,3142.2,3184.38,21667.95987563
1767585600,2026-01-05T04:00:00+00:00,3184.28,3186.68,3134.57,3155.88,8918.28196247
1767600000,2026-01-05T08:00:00+00:00,3155.61,3182.4,3151.47,3179.11,10611.49668107
1767614400,2026-01-05T12:00:00+00:00,3179.02,3204.56,3132.79,3195.16,22163.84494571
1767628800,2026-01-05T16:00:00+00:00,3195.15,3228.75,3158.4,3222.8,30592.09099593
1767643200,2026-01-05T20:00:00+00:00,3222.81,3264.66,3218.78,3225.19,22248.75051341
1767657600,2026-01-06T00:00:00+00:00,3225.19,3247.31,3203.14,3224.49,14595.556067160001
1767672000,2026-01-06T04:00:00+00:00,3225.01,3252.68,3210.02,3218.11,14732.58777658
1767686400,2026-01-06T08:00:00+00:00,3218.11,3242.78,3213.38,3237.14,8940.26570655
1767700800,2026-01-06T12:00:00+00:00,3237.02,3307.72,3228.75,3271.55,36709.18737399
1767715200,2026-01-06T16:00:00+00:00,3271.4,3278.84,3181.62,3221.61,27114.09822993
1767729600,2026-01-06T20:00:00+00:00,3221.56,3300,3221.3,3295.59,18429.80448133
1767744000,2026-01-07T00:00:00+00:00,3295.58,3295.83,3237.41,3264.62,13470.6814179
1767758400,2026-01-07T04:00:00+00:00,3264.62,3269.94,3244.5,3252.39,5431.2952314700005
1767772800,2026-01-07T08:00:00+00:00,3252.6,3261.18,3193.14,3218.21,13053.6201626
1767787200,2026-01-07T12:00:00+00:00,3218.47,3226.14,3141.82,3162.07,36562.881512149994
1767801600,2026-01-07T16:00:00+00:00,3161.91,3177.21,3121.68,3142.31,40182.42002429
1767816000,2026-01-07T20:00:00+00:00,3142.31,3178.09,3124.89,3165.64,11486.750481500001
1767830400,2026-01-08T00:00:00+00:00,3165.67,3182,3129.84,3139.12,11152.32136833
1767844800,2026-01-08T04:00:00+00:00,3139.12,3157.72,3086.6,3123.7,11044.962090770001
1767859200,2026-01-08T08:00:00+00:00,3123.6,3132.91,3093.01,3119,32098.86967257
1767873600,2026-01-08T12:00:00+00:00,3119,3119.16,3050.2,3101.13,33651.89083925
1767888000,2026-01-08T16:00:00+00:00,3100.58,3137.08,3086.87,3108.39,23631.86557997
1767902400,2026-01-08T20:00:00+00:00,3108.38,3126.4,3085,3104.3,12204.99599347
1767916800,2026-01-09T00:00:00+00:00,3104.29,3145.01,3078,3116.21,18342.7436804
1767931200,2026-01-09T04:00:00+00:00,3116.21,3121.71,3104.78,3107.08,12708.75259937
1767945600,2026-01-09T08:00:00+00:00,3107.19,3111.5,3063.33,3086.69,10472.086908849999
1767960000,2026-01-09T12:00:00+00:00,3086.7,3141.2,3053.69,3108.82,28665.843101899998
1767974400,2026-01-09T16:00:00+00:00,3108.67,3142.18,3064.32,3076.19,23495.98092057
1767988800,2026-01-09T20:00:00+00:00,3076.18,3089.24,3061.38,3084.31,11744.285179589999
1768003200,2026-01-10T00:00:00+00:00,3084.3,3089.89,3075.52,3082.24,6194.1812968
1768017600,2026-01-10T04:00:00+00:00,3082.24,3089.35,3074,3088.65,2579.9840529000003
1768032000,2026-01-10T08:00:00+00:00,3088.65,3101.47,3083.1,3093.12,2509.27444578
1768046400,2026-01-10T12:00:00+00:00,3093.12,3100.44,3085.59,3091.71,3192.82421871
1768060800,2026-01-10T16:00:00+00:00,3091.7,3095.09,3086.34,3088.16,2877.00633311
1768075200,2026-01-10T20:00:00+00:00,3088.16,3089.43,3074.41,3082.39,4317.41859585
1768089600,2026-01-11T00:00:00+00:00,3082.4,3094.47,3080.29,3093.01,2625.98989233
1768104000,2026-01-11T04:00:00+00:00,3093.01,3098.34,3086.02,3091.11,2496.1548561600002
1768118400,2026-01-11T08:00:00+00:00,3091.11,3105.44,3088.69,3101.28,3236.8503026500002
1768132800,2026-01-11T12:00:00+00:00,3101.26,3126.58,3100.6,3113.92,6886.25389285
1768147200,2026-01-11T16:00:00+00:00,3113.92,3142.41,3111.2,3119.79,9528.88884811
1768161600,2026-01-11T20:00:00+00:00,3119.8,3122.28,3086.34,3118.65,13382.90526159
1768176000,2026-01-12T00:00:00+00:00,3118.82,3167.27,3092.88,3147.97,17261.3103752
1768190400,2026-01-12T04:00:00+00:00,3147.97,3162.96,3128.79,3130.8,8679.818775650001
1768204800,2026-01-12T08:00:00+00:00,3130.8,3143.71,3097.13,3111.31,9286.96966171
1768219200,2026-01-12T12:00:00+00:00,3111.31,3130.49,3062.02,3127.2,19342.86207317
1768233600,2026-01-12T16:00:00+00:00,3126.87,3144.82,3082.98,3118.99,18443.86829187
1768248000,2026-01-12T20:00:00+00:00,3118.98,3125.51,3081.8,3091.94,15323.17518936
1768262400,2026-01-13T00:00:00+00:00,3091.94,3115.22,3087.93,3112.53,8349.08664755
1768276800,2026-01-13T04:00:00+00:00,3112.54,3142.8,3108.6,3118.52,7061.75523323
1768291200,2026-01-13T08:00:00+00:00,3118.5,3145.19,3118.4,3130.67,5363.11199121
1768305600,2026-01-13T12:00:00+00:00,3130.68,3186.55,3126.43,3182.76,27905.76869213
1768320000,2026-01-13T16:00:00+00:00,3182.62,3217.46,3170.3,3215.63,38681.19506624
1768334400,2026-01-13T20:00:00+00:00,3215.64,3375,3187.6,3323.38,43391.71494906
1768348800,2026-01-14T00:00:00+00:00,3323.37,3355,3313.31,3349.93,23447.99915847
1768363200,2026-01-14T04:00:00+00:00,3349.93,3362.53,3320.75,3334.4,13079.724615610001
1768377600,2026-01-14T08:00:00+00:00,3334.4,3341.69,3281.01,3284.27,11735.16419987
1768392000,2026-01-14T12:00:00+00:00,3284.27,3362.38,3278.45,3345.73,35243.33255294
1768406400,2026-01-14T16:00:00+00:00,3345.73,3405.03,3314,3367.53,56082.30141149
1768420800,2026-01-14T20:00:00+00:00,3367.59,3392.81,3346.72,3354.82,29296.916272989998
1768435200,2026-01-15T00:00:00+00:00,3354.82,3355.8,3276.38,3284.92,18557.83202218
1768449600,2026-01-15T04:00:00+00:00,3284.92,3334.94,3283.3,3329.8,9706.25470292
1768464000,2026-01-15T08:00:00+00:00,3329.79,3377.54,3319.6,3348.9,9396.66296679
1768478400,2026-01-15T12:00:00+00:00,3348.9,3384.32,3284.01,3330.61,28208.538168170002
1768492800,2026-01-15T16:00:00+00:00,3330.13,3337.14,3270.58,3294.82,42948.279382470006
1768507200,2026-01-15T20:00:00+00:00,3294.81,3322.33,3275.41,3317.98,28823.11031124
1768521600,2026-01-16T00:00:00+00:00,3317.98,3326.59,3291.03,3294.09,9909.079284840001
1768536000,2026-01-16T04:00:00+00:00,3294.28,3316.3,3276.31,3308.93,10656.01054638
1768550400,2026-01-16T08:00:00+00:00,3308.94,3319.39,3292.03,3301.3,10059.652174449999
1768564800,2026-01-16T12:00:00+00:00,3301.3,3317.9,3250.83,3262.92,18778.538991560003
1768579200,2026-01-16T16:00:00+00:00,3262.61,3288.3,3257.89,3274.49,25702.47035635
1768593600,2026-01-16T20:00:00+00:00,3274.49,3298.7,3262.29,3294.88,11924.33174016
1768608000,2026-01-17T00:00:00+00:00,3294.87,3296.3,3282.3,3288.01,4022.3827486399996
1768622400,2026-01-17T04:00:00+00:00,3288.01,3292.74,3284.21,3290.29,1932.0986986799999
1768636800,2026-01-17T08:00:00+00:00,3290.28,3304.22,3287.87,3301.79,1828.6382520900002
1768651200,2026-01-17T12:00:00+00:00,3301.65,3329.02,3298.36,3328.43,3717.7996568400004
1768665600,2026-01-17T16:00:00+00:00,3328.64,3328.99,3311.26,3315.18,4837.301101519999
1768680000,2026-01-17T20:00:00+00:00,3315.18,3318.9,3296.11,3309.33,4001.1662625400004
1768694400,2026-01-18T00:00:00+00:00,3309,3317.38,3293.92,3314.66,4368.702743960001
1768708800,2026-01-18T04:00:00+00:00,3314.61,3316.94,3304.63,3306.13,2401.80675319
1768723200,2026-01-18T08:00:00+00:00,3306.26,3324.9,3302.41,3321.03,2141.0991854100002
1768737600,2026-01-18T12:00:00+00:00,3321.04,3346.71,3313.5,3332.3,5429.57182259
1768752000,2026-01-18T16:00:00+00:00,3332.48,3367.65,3328.64,3345.87,6963.415751619999
1768766400,2026-01-18T20:00:00+00:00,3345.95,3355.1,3276.92,3282.55,13130.72070093
1768780800,2026-01-19T00:00:00+00:00,3282.5,3282.71,3177,3211.02,27867.9780122
1768795200,2026-01-19T04:00:00+00:00,3210.78,3216.14,3186.01,3205.65,11205.49657571
1768809600,2026-01-19T08:00:00+00:00,3205.66,3229.59,3195.82,3221.75,10101.86319339
1768824000,2026-01-19T12:00:00+00:00,3221.96,3233.74,3201.24,3214.47,9773.09746462
1768838400,2026-01-19T16:00:00+00:00,3214.4,3226.59,3206.33,3218.32,9515.787895669999
1768852800,2026-01-19T20:00:00+00:00,3218.33,3224,3162.86,3187.51,14624.07039104
1768867200,2026-01-20T00:00:00+00:00,3187.17,3198.16,3173.22,3186.13,11348.55906325
1768881600,2026-01-20T04:00:00+00:00,3186.13,3186.8,3105.89,3119.95,18504.65358872
1768896000,2026-01-20T08:00:00+00:00,3119.66,3120.53,3081.19,3106.56,9058.1165791
1768910400,2026-01-20T12:00:00+00:00,3106.65,3111.95,2992.48,3029.7,31892.710473590003
1768924800,2026-01-20T16:00:00+00:00,3029.26,3039.4,2976.11,2991.99,38422.06510856
1768939200,2026-01-20T20:00:00+00:00,2991.99,3002.85,2912.52,2936.5,19445.026137660003
1768953600,2026-01-21T00:00:00+00:00,2936.5,2981.04,2918.22,2977.85,15436.324499519998
1768968000,2026-01-21T04:00:00+00:00,2977.85,2998.95,2963.03,2967.45,10195.55477764
1768982400,2026-01-21T08:00:00+00:00,2967.3,2971.78,2935.92,2940.49,9453.744334719999
1768996800,2026-01-21T12:00:00+00:00,2940.46,3024,2900.01,3000.2,33307.111903900004
1769011200,2026-01-21T16:00:00+00:00,3000.19,3066.65,2863.4,3053.05,61818.59220737
1769025600,2026-01-21T20:00:00+00:00,3053.17,3055.51,2969.35,2979.6,37953.90445165
1769040000,2026-01-22T00:00:00+00:00,2979.59,3035.84,2978.11,3010.7,12583.080999599999
1769054400,2026-01-22T04:00:00+00:00,3010.54,3024.83,2997.19,2997.9,8131.72891235
1769068800,2026-01-22T08:00:00+00:00,2997.89,3013.59,2975.02,2983.31,19457.8999115
1769083200,2026-01-22T12:00:00+00:00,2983.5,3007.7,2902.91,2939.3,24047.390185559998
1769097600,2026-01-22T16:00:00+00:00,2939.31,2969.58,2921.21,2951.3,38110.94180626
1769112000,2026-01-22T20:00:00+00:00,2951.3,2955.96,2927.3,2949.36,15865.383006330001
1769126400,2026-01-23T00:00:00+00:00,2949.36,2968.79,2942.71,2961.22,11549.97327402
1769140800,2026-01-23T04:00:00+00:00,2961.22,2981.11,2931.32,2944.5,12097.01029493
1769155200,2026-01-23T08:00:00+00:00,2944.35,2947.22,2910.01,2936.88,14828.23754735
1769169600,2026-01-23T12:00:00+00:00,2936.87,2961.42,2888.01,2949.1,22227.5252061
1769184000,2026-01-23T16:00:00+00:00,2949.09,3015,2934.81,2956.13,32504.45947995
1769198400,2026-01-23T20:00:00+00:00,2956.13,2960.29,2927.01,2952.77,10779.161934119998
1769212800,2026-01-24T00:00:00+00:00,2952.76,2966.14,2945,2958.4,7953.16670326
1769227200,2026-01-24T04:00:00+00:00,2958.4,2962.9,2949.89,2952.88,4220.69827423
1769241600,2026-01-24T08:00:00+00:00,2952.62,2960.49,2950.53,2956.6,3444.23335293
1769256000,2026-01-24T12:00:00+00:00,2956.6,2964.2,2939.8,2952.73,4267.8987667
1769270400,2026-01-24T16:00:00+00:00,2952.72,2964.25,2947.19,2949.36,5343.20569601
1769284800,2026-01-24T20:00:00+00:00,2949.36,2960.03,2944.91,2948.86,4712.89013882
1769299200,2026-01-25T00:00:00+00:00,2948.85,2956.13,2933.01,2938.42,5573.096724360001
1769313600,2026-01-25T04:00:00+00:00,2938.42,2945.13,2929.99,2935.33,4347.7160564099995
1769328000,2026-01-25T08:00:00+00:00,2935.32,2943.66,2916.41,2932.79,4409.8002016
1769342400,2026-01-25T12:00:00+00:00,2932.79,2940.97,2917.68,2922.86,5790.99508447
1769356800,2026-01-25T16:00:00+00:00,2922.86,2923.68,2793.41,2810.13,56309.58346928
1769371200,2026-01-25T20:00:00+00:00,2810.23,2823.02,2783.26,2814.28,24490.09179412
1769385600,2026-01-26T00:00:00+00:00,2814.19,2895.44,2809.43,2846.92,25711.72795416
1769400000,2026-01-26T04:00:00+00:00,2846.96,2907.13,2845.98,2900,14137.39962199
1769414400,2026-01-26T08:00:00+00:00,2900,2930.5,2877.9,2889.5,12202.62135476
1769428800,2026-01-26T12:00:00+00:00,2889.5,2948.49,2872.46,2896.21,28784.671276740002
1769443200,2026-01-26T16:00:00+00:00,2896.17,2933.19,2883.32,2920.17,31652.03321922
1769457600,2026-01-26T20:00:00+00:00,2920.15,2942.18,2892.47,2926.85,22540.76240123
1769472000,2026-01-27T00:00:00+00:00,2926.89,2945.28,2908.5,2937.96,16765.64764014
1769486400,2026-01-27T04:00:00+00:00,2937.47,2952.99,2920.68,2925.35,9651.417182860001
1769500800,2026-01-27T08:00:00+00:00,2925.3,2929.18,2895.61,2912.9,7452.61371119
1769515200,2026-01-27T12:00:00+00:00,2912.87,2939.17,2901.91,2933.77,17826.10336254
1769529600,2026-01-27T16:00:00+00:00,2933.77,2995.29,2913.82,2976.59,32560.258151349997
1769544000,2026-01-27T20:00:00+00:00,2976.53,3031.39,2974.62,3021.91,30125.105109609998
1769558400,2026-01-28T00:00:00+00:00,3021.9,3025.49,2992.39,3000.78,11418.98128188
1769572800,2026-01-28T04:00:00+00:00,3000.79,3014.35,2984.65,3000.72,9654.99225355
1769587200,2026-01-28T08:00:00+00:00,3000.72,3041.41,2982,3035.74,18309.788901429998
1769601600,2026-01-28T12:00:00+00:00,3035.73,3041.67,2979.21,3003.89,21975.696664839998
1769616000,2026-01-28T16:00:00+00:00,3003.9,3028.13,2985.16,3013.04,26722.63205424
1769630400,2026-01-28T20:00:00+00:00,3012.58,3034.78,2991.83,3006.17,20089.07129603
1769644800,2026-01-29T00:00:00+00:00,3006.17,3009.5,2940.01,2948.07,21266.91305743
1769659200,2026-01-29T04:00:00+00:00,2948.07,2960.72,2932.91,2957.13,13523.416732509999
1769673600,2026-01-29T08:00:00+00:00,2957.1,2964.79,2918.76,2924.66,11822.698413479999
1769688000,2026-01-29T12:00:00+00:00,2924.55,2934.9,2791.8,2819,43277.13497362
1769702400,2026-01-29T16:00:00+00:00,2819.19,2856.39,2750.36,2792.28,65811.31387751999
1769716800,2026-01-29T20:00:00+00:00,2792.28,2823.16,2783.71,2817.79,21438.67816678
1769731200,2026-01-30T00:00:00+00:00,2817.78,2824.54,2681.63,2736.9,34017.73742544
1769745600,2026-01-30T04:00:00+00:00,2736.85,2770.38,2692.97,2735.39,19387.795390569998
1769760000,2026-01-30T08:00:00+00:00,2735.59,2764.16,2705.5,2755.43,12383.229252340001
1769774400,2026-01-30T12:00:00+00:00,2755.14,2761.94,2690,2725.5,43523.01194481
1769788800,2026-01-30T16:00:00+00:00,2725.35,2760.02,2632.39,2738.26,59812.67005339001
1769803200,2026-01-30T20:00:00+00:00,2738.4,2739.1,2660,2702.69,37220.58737286
1769817600,2026-01-31T00:00:00+00:00,2702.68,2710.09,2679.64,2691.22,20894.15079294
1769832000,2026-01-31T04:00:00+00:00,2691.22,2700,2663.38,2675.25,20383.51328507
1769846400,2026-01-31T08:00:00+00:00,2675.26,2678.61,2604.76,2635.8,29633.032887539997
1769860800,2026-01-31T12:00:00+00:00,2635.84,2640.05,2507.23,2530.11,40186.25884354
1769875200,2026-01-31T16:00:00+00:00,2530.14,2547.03,2238.74,2379.73,86542.14149746
1769889600,2026-01-31T20:00:00+00:00,2380.16,2470.92,2351.27,2449.36,38397.38113563
1769904000,2026-02-01T00:00:00+00:00,2449.44,2473.86,2427.58,2442.87,18476.92886268
1769918400,2026-02-01T04:00:00+00:00,2442.91,2451.82,2390.72,2408.6,17019.778374629997
1769932800,2026-02-01T08:00:00+00:00,2408.6,2436.75,2373.75,2410.1,16205.64830741
1769947200,2026-02-01T12:00:00+00:00,2410.1,2411.14,2284.27,2314.24,29569.97624425
1769961600,2026-02-01T16:00:00+00:00,2314.4,2376.32,2283.1,2318.45,42018.85793549
1769976000,2026-02-01T20:00:00+00:00,2318.44,2347.19,2218.57,2268.18,45548.743815220005
1769990400,2026-02-02T00:00:00+00:00,2268.24,2322.41,2163.7,2236.95,60676.84588641999
1770004800,2026-02-02T04:00:00+00:00,2236.9,2265.69,2156.25,2226.17,48459.05480072
1770019200,2026-02-02T08:00:00+00:00,2226.06,2316.23,2226.05,2280.37,31664.58851255
1770033600,2026-02-02T12:00:00+00:00,2280.53,2395.59,2279.89,2371.5,74227.5708867
1770048000,2026-02-02T16:00:00+00:00,2371.34,2386.38,2325.33,2329.51,52807.58750909
1770062400,2026-02-02T20:00:00+00:00,2329.44,2353.55,2311.14,2345.11,28911.60967045
1770076800,2026-02-03T00:00:00+00:00,2344.8,2357.76,2282.32,2341.31,26416.37271354
1770091200,2026-02-03T04:00:00+00:00,2341.42,2352.68,2296.03,2320.78,20126.72404584
1770105600,2026-02-03T08:00:00+00:00,2320.89,2331.08,2261.17,2274.37,34293.56234788
1770120000,2026-02-03T12:00:00+00:00,2274.31,2315.74,2250.1,2301.35,54014.13218761
1770134400,2026-02-03T16:00:00+00:00,2301.35,2302.23,2108.24,2202.89,108030.93067048
1770148800,2026-02-03T20:00:00+00:00,2202.81,2341.95,2185.33,2230.48,87389.18673157
1770163200,2026-02-04T00:00:00+00:00,2230.48,2292.56,2220.64,2280.39,25693.30948291
1770177600,2026-02-04T04:00:00+00:00,2280.41,2290.04,2253.03,2280.54,21428.92398392
1770192000,2026-02-04T08:00:00+00:00,2280.55,2282.76,2223.53,2251.7,15270.60543135
1770206400,2026-02-04T12:00:00+00:00,2251.81,2260.23,2133.6,2148.74,71972.26289212
1770220800,2026-02-04T16:00:00+00:00,2148.6,2189.36,2072.57,2183.63,134871.46359034
1770235200,2026-02-04T20:00:00+00:00,2183.63,2188,2083.17,2143.57,51683.86987656
1770249600,2026-02-05T00:00:00+00:00,2143.2,2169.01,2094.4,2106.19,35162.386342879996
1770264000,2026-02-05T04:00:00+00:00,2106.15,2121.23,2064.48,2087.02,39475.17618144
1770278400,2026-02-05T08:00:00+00:00,2087.03,2145.77,2058,2075.98,27600.833718230002
1770292800,2026-02-05T12:00:00+00:00,2076.21,2102.82,1910,1958.08,120625.62693522
1770307200,2026-02-05T16:00:00+00:00,1958.09,2014.4,1909.05,1924.21,101039.34082733002
1770321600,2026-02-05T20:00:00+00:00,1924.39,1939,1814.19,1823.2,140099.68219718998
1770336000,2026-02-06T00:00:00+00:00,1823.11,1945.2,1742.79,1889.3,113123.67010588999
1770350400,2026-02-06T04:00:00+00:00,1889.3,1972.86,1883.13,1896.99,45866.51902512
1770364800,2026-02-06T08:00:00+00:00,1896.7,1937.76,1863.92,1930.27,39596.81079234
1770379200,2026-02-06T12:00:00+00:00,1930.12,2001.75,1912.4,1980.1,101406.27045581001
1770393600,2026-02-06T16:00:00+00:00,1979.82,2089.89,1971.16,2064.24,96186.32484038
1770408000,2026-02-06T20:00:00+00:00,2064.12,2092.83,2040.26,2061.95,55185.53734009
1770422400,2026-02-07T00:00:00+00:00,2061.95,2084.5,2031.2,2079.41,25863.47676688
1770436800,2026-02-07T04:00:00+00:00,2079.4,2117.73,1993.46,2026.06,38137.463410619996
1770451200,2026-02-07T08:00:00+00:00,2025.97,2031.11,1998.6,2017.09,17192.48096078
1770465600,2026-02-07T12:00:00+00:00,2017.22,2073.75,2008.31,2050.78,28369.794547390004
1770480000,2026-02-07T16:00:00+00:00,2050.78,2119.74,2000,2090.3,66415.49256494
1770494400,2026-02-07T20:00:00+00:00,2090.06,2111.4,2071.6,2086.17,16566.75027175
1770508800,2026-02-08T00:00:00+00:00,2086.19,2105.95,2074.99,2077.44,9615.76241688
1770523200,2026-02-08T04:00:00+00:00,2077.41,2087.62,2064.96,2083.06,8478.98545683
1770537600,2026-02-08T08:00:00+00:00,2082.88,2136.78,2076.73,2130.9,27654.39501174
1770552000,2026-02-08T12:00:00+00:00,2130.79,2143.49,2096.3,2107.33,22780.87239906
1770566400,2026-02-08T16:00:00+00:00,2107.39,2128.11,2071.46,2125.39,25547.10014637
1770580800,2026-02-08T20:00:00+00:00,2125.44,2150,2070.42,2088.42,27175.86558875
1770595200,2026-02-09T00:00:00+00:00,2088.36,2101.43,2053.86,2098.43,29168.57345246
1770609600,2026-02-09T04:00:00+00:00,2098.34,2100.29,2062.83,2063.8,15128.602388989999
1770624000,2026-02-09T08:00:00+00:00,2064.03,2068.68,2011.27,2026.43,25726.58974918
1770638400,2026-02-09T12:00:00+00:00,2026.44,2072.5,2006.88,2060.82,58542.44820875
1770652800,2026-02-09T16:00:00+00:00,2060.3,2143,2046.18,2130.4,62154.96520903
1770667200,2026-02-09T20:00:00+00:00,2130.4,2146.76,2087.27,2103.83,37406.69662288
1770681600,2026-02-10T00:00:00+00:00,2103.83,2123.22,2051.03,2063.47,23763.21129344
1770696000,2026-02-10T04:00:00+00:00,2063.47,2073.54,1996,2005.74,31925.704509150004
1770710400,2026-02-10T08:00:00+00:00,2005.92,2028.38,1994.12,2001.15,22861.59651371
1770724800,2026-02-10T12:00:00+00:00,2001.21,2038.56,1988,2021.83,58603.30731840999
1770739200,2026-02-10T16:00:00+00:00,2021.59,2046.03,1994.66,2016.8,47362.30071533
1770753600,2026-02-10T20:00:00+00:00,2016.8,2021.8,1995.4,2021.71,29450.300084960003
1770768000,2026-02-11T00:00:00+00:00,2021.7,2031.41,1996.28,2007.97,17743.34513747
1770782400,2026-02-11T04:00:00+00:00,2007.97,2009.99,1937.84,1949.4,31183.686917900002
1770796800,2026-02-11T08:00:00+00:00,1949.69,1955.4,1930.78,1952.39,19879.08261085
1770811200,2026-02-11T12:00:00+00:00,1952.49,2014.82,1901.31,1928.75,82439.49344399999
1770825600,2026-02-11T16:00:00+00:00,1928.75,1958.54,1907.73,1951.07,50166.96366117
1770840000,2026-02-11T20:00:00+00:00,1950.84,1986.9,1930.68,1939.45,25790.070666359996
1770854400,2026-02-12T00:00:00+00:00,1939.9,1976.62,1939.9,1967.38,17606.76518947
1770868800,2026-02-12T04:00:00+00:00,1967.39,1981.64,1951.74,1966.82,13657.38473081
1770883200,2026-02-12T08:00:00+00:00,1966.83,2000.29,1955.94,1987.81,15614.51436633
1770897600,2026-02-12T12:00:00+00:00,1987.8,1995.76,1943.96,1947.39,35654.35846927
1770912000,2026-02-12T16:00:00+00:00,1947.4,1949.31,1895.56,1923.83,63908.83841296
1770926400,2026-02-12T20:00:00+00:00,1924,1950.8,1907.48,1946.11,25789.26389572
1770940800,2026-02-13T00:00:00+00:00,1946.11,1956.8,1925.89,1951.83,18013.74109603
1770955200,2026-02-13T04:00:00+00:00,1951.82,1954.09,1923.2,1934.21,12615.83973261
1770969600,2026-02-13T08:00:00+00:00,1934.21,1968,1932.2,1958.69,19183.258834710003
1770984000,2026-02-13T12:00:00+00:00,1958.56,2050,1950.85,2033.87,73082.69343483
1770998400,2026-02-13T16:00:00+00:00,2033.92,2072.06,2030.1,2056.63,70110.30905253
1771012800,2026-02-13T20:00:00+00:00,2056.62,2058.56,2037.91,2047.48,23792.463673979997
1771027200,2026-02-14T00:00:00+00:00,2047.58,2056.65,2041.04,2053.53,8752.907551190001
1771041600,2026-02-14T04:00:00+00:00,2053.54,2059.59,2047.33,2056.02,6403.18918952
1771056000,2026-02-14T08:00:00+00:00,2056.02,2106.41,2056.01,2098.31,13722.44196357
1771070400,2026-02-14T12:00:00+00:00,2098.11,2098.8,2063.5,2086.79,18499.74867349
1771084800,2026-02-14T16:00:00+00:00,2086.79,2090,2067.07,2087.7,14731.199209679999
1771099200,2026-02-14T20:00:00+00:00,2087.57,2097.77,2077.79,2085.4,8483.41128133
1771113600,2026-02-15T00:00:00+00:00,2085.47,2088.57,2033.37,2058.43,20287.20631138
1771128000,2026-02-15T04:00:00+00:00,2058.43,2101.78,2058.43,2090.35,14845.055564
1771142400,2026-02-15T08:00:00+00:00,2090.37,2095.96,2053.74,2061,8605.913149299999
1771156800,2026-02-15T12:00:00+00:00,2061,2066.99,1992.61,2010.39,26333.72584532
1771171200,2026-02-15T16:00:00+00:00,2010.22,2010.47,1927.48,1941.13,33768.50791794
1771185600,2026-02-15T20:00:00+00:00,1941.18,1973.17,1932.97,1965.36,19971.78292185
1771200000,2026-02-16T00:00:00+00:00,1965.48,1980.22,1947.88,1957.83,12836.12288525
1771214400,2026-02-16T04:00:00+00:00,1957.91,1977.35,1951.96,1970,13064.508112479998
1771228800,2026-02-16T08:00:00+00:00,1970,1992.48,1956.61,1975.23,13552.320886489999
1771243200,2026-02-16T12:00:00+00:00,1975.26,2022.48,1936.44,1955.46,29206.40765693
1771257600,2026-02-16T16:00:00+00:00,1955.6,1987.59,1955.08,1973.05,14722.254885409999
1771272000,2026-02-16T20:00:00+00:00,1973.21,2003.03,1970.28,1997.28,14585.672106180002
1771286400,2026-02-17T00:00:00+00:00,1997.28,2007.26,1978.33,1984.55,13153.46287471
1771300800,2026-02-17T04:00:00+00:00,1984.6,1997.35,1963.74,1985.02,12591.77224745
1771315200,2026-02-17T08:00:00+00:00,1985.2,1989.89,1960.05,1967.23,14307.082560859999
1771329600,2026-02-17T12:00:00+00:00,1967.39,2002.02,1940.16,1967.82,53017.76834477
1771344000,2026-02-17T16:00:00+00:00,1968.04,2015.5,1952.72,1997.17,53526.252820680005
1771358400,2026-02-17T20:00:00+00:00,1997.21,2003.42,1986.6,1990.83,18109.18082048
1771372800,2026-02-18T00:00:00+00:00,1990.84,1999.67,1967.4,1996.08,15059.29628311
1771387200,2026-02-18T04:00:00+00:00,1995.97,2022.41,1992.51,2017.31,12997.17692436
1771401600,2026-02-18T08:00:00+00:00,2017.31,2038.2,1974.35,1980.04,22144.56562628
1771416000,2026-02-18T12:00:00+00:00,1980.39,2010,1952.31,1984.41,46876.72474341
1771430400,2026-02-18T16:00:00+00:00,1984.41,1986.99,1922.59,1939.71,45281.70224104
1771444800,2026-02-18T20:00:00+00:00,1939.8,1955.72,1934.2,1955.01,34095.24026395
1771459200,2026-02-19T00:00:00+00:00,1955.04,1973.54,1949.7,1971.55,11565.18949121
1771473600,2026-02-19T04:00:00+00:00,1971.51,1986.59,1963.41,1980.89,12444.662312920002
1771488000,2026-02-19T08:00:00+00:00,1980.88,1981.69,1947.4,1948.26,17937.54857752
1771502400,2026-02-19T12:00:00+00:00,1948.25,1955.27,1911,1925.88,36983.513054869996
1771516800,2026-02-19T16:00:00+00:00,1925.5,1946.89,1905.12,1940.7,35627.75684104
1771531200,2026-02-19T20:00:00+00:00,1940.63,1952.11,1934,1948.16,20156.10965706
1771545600,2026-02-20T00:00:00+00:00,1948.19,1963.48,1946.34,1954.2,8980.21866347
1771560000,2026-02-20T04:00:00+00:00,1954.15,1968.18,1930,1960.17,14759.560062710003
1771574400,2026-02-20T08:00:00+00:00,1960.18,1973.44,1939.66,1943.28,12287.72351138
1771588800,2026-02-20T12:00:00+00:00,1943.28,1980.27,1922.31,1963.84,39276.781134389996
1771603200,2026-02-20T16:00:00+00:00,1963.82,1981.39,1938,1962.92,60619.34964858
1771617600,2026-02-20T20:00:00+00:00,1962.9,1974.7,1961.05,1968.13,15184.056670230002
1771632000,2026-02-21T00:00:00+00:00,1968.14,1970.04,1955.04,1958.61,6189.59422051
1771646400,2026-02-21T04:00:00+00:00,1958.59,1965.48,1955.53,1962.27,3675.23726221
1771660800,2026-02-21T08:00:00+00:00,1962.28,1988,1961.54,1976.51,7738.8279621
1771675200,2026-02-21T12:00:00+00:00,1976.51,1994.95,1968.97,1987.51,9027.55643489
1771689600,2026-02-21T16:00:00+00:00,1987.59,1995,1975.71,1988.04,9137.38293492
1771704000,2026-02-21T20:00:00+00:00,1988.04,1989.96,1969.16,1973,11277.61426221
1771718400,2026-02-22T00:00:00+00:00,1972.93,1982.3,1966.69,1974.15,8374.58957579
1771732800,2026-02-22T04:00:00+00:00,1974.14,1978.81,1969.32,1975.52,5077.24567526
1771747200,2026-02-22T08:00:00+00:00,1975.51,1982.78,1969.89,1980.39,4214.73703878
1771761600,2026-02-22T12:00:00+00:00,1980.39,1981.19,1942.87,1953.36,15699.63162747
1771776000,2026-02-22T16:00:00+00:00,1953.36,1955.21,1934.04,1943.13,8786.78837347
1771790400,2026-02-22T20:00:00+00:00,1943.15,1960.5,1939.19,1956.84,12485.71679413
1771804800,2026-02-23T00:00:00+00:00,1956.96,1958.13,1844.19,1862.52,45274.159262919995
1771819200,2026-02-23T04:00:00+00:00,1862.64,1888.32,1853.09,1885.05,15010.21992092
1771833600,2026-02-23T08:00:00+00:00,1885.04,1928.03,1876.79,1915.15,18071.31352296
1771848000,2026-02-23T12:00:00+00:00,1915.14,1935.53,1891.84,1894.81,48494.92286277
1771862400,2026-02-23T16:00:00+00:00,1894.87,1899.6,1836.96,1856.79,65233.11707172
1771876800,2026-02-23T20:00:00+00:00,1856.79,1869.28,1845.92,1855.52,27960.321953789997
1771891200,2026-02-24T00:00:00+00:00,1855.53,1868.92,1812.24,1831.2,26710.75363111
1771905600,2026-02-24T04:00:00+00:00,1831.27,1840.32,1812.51,1824.72,17994.752747450002
1771920000,2026-02-24T08:00:00+00:00,1824.8,1835.74,1814.5,1826.32,18986.34828757
1771934400,2026-02-24T12:00:00+00:00,1826.32,1850.53,1800.09,1847.56,56457.97056468
1771948800,2026-02-24T16:00:00+00:00,1847.56,1865.59,1837.48,1852.55,56284.55703555
1771963200,2026-02-24T20:00:00+00:00,1852.4,1863.98,1845.09,1851.94,22175.9449805
1771977600,2026-02-25T00:00:00+00:00,1852,1944.65,1845.98,1905.8,37201.267316419995
1771992000,2026-02-25T04:00:00+00:00,1905.8,1914.21,1877.94,1893.12,17754.31464111
1772006400,2026-02-25T08:00:00+00:00,1893.14,1928.34,1889.75,1926.31,18781.36875124
1772020800,2026-02-25T12:00:00+00:00,1926.3,2028.29,1922.21,2013.83,96682.44596568
1772035200,2026-02-25T16:00:00+00:00,2013.91,2086.12,2013.61,2071.52,75745.74289524001
1772049600,2026-02-25T20:00:00+00:00,2071.69,2148.44,2030.43,2057.71,57028.00335752
1772064000,2026-02-26T00:00:00+00:00,2057.7,2076.67,2039.37,2054.64,26180.39060117
1772078400,2026-02-26T04:00:00+00:00,2054.63,2082.96,2051.92,2053.61,18575.6983871
1772092800,2026-02-26T08:00:00+00:00,2053.62,2083.57,2043.45,2057.37,20005.03947421
1772107200,2026-02-26T12:00:00+00:00,2057.29,2077.92,2011.38,2033.6,62991.87844884
1772121600,2026-02-26T16:00:00+00:00,2033.6,2038.28,1975.11,2030,61004.9097185
1772136000,2026-02-26T20:00:00+00:00,2029.92,2042.3,2018.05,2027.9,16858.661511629998
1772150400,2026-02-27T00:00:00+00:00,2027.59,2049.75,2001,2045.28,23412.9081333
1772164800,2026-02-27T04:00:00+00:00,2045.28,2063.99,2022,2032.29,20226.80666442
1772179200,2026-02-27T08:00:00+00:00,2032.21,2045.61,1953.27,1962.54,34994.96612971
1772193600,2026-02-27T12:00:00+00:00,1962.45,1997.38,1939.45,1948.56,80340.99963713999
1772208000,2026-02-27T16:00:00+00:00,1948.43,1948.94,1907.51,1920.76,59435.864523100005
1772222400,2026-02-27T20:00:00+00:00,1920.76,1934.34,1887.04,1929.61,19461.03745658
1772236800,2026-02-28T00:00:00+00:00,1929.61,1936.79,1920.17,1924.19,8515.74793709
1772251200,2026-02-28T04:00:00+00:00,1924.18,1931.21,1835.46,1866.71,31224.800945080002
1772265600,2026-02-28T08:00:00+00:00,1866.52,1881.26,1844.99,1863.51,18848.21017789
1772280000,2026-02-28T12:00:00+00:00,1863.51,1915.91,1862.83,1898.93,25882.393709179996
1772294400,2026-02-28T16:00:00+00:00,1898.82,1955.08,1887.34,1947.22,21555.408975180002
1772308800,2026-02-28T20:00:00+00:00,1947.25,1984.9,1938.87,1964.71,23802.2444725
1772323200,2026-03-01T00:00:00+00:00,1964.7,2054.56,1943.84,2022.81,27978.301900699997
1772337600,2026-03-01T04:00:00+00:00,2022.86,2030,1988.83,2007.3,14194.997370840001
1772352000,2026-03-01T08:00:00+00:00,2007.3,2010.05,1972.2,1983.31,13142.6550636
1772366400,2026-03-01T12:00:00+00:00,1983.31,2027.89,1968.9,1993.34,23571.82307367
1772380800,2026-03-01T16:00:00+00:00,1993.5,2009.3,1948.41,1954.01,29810.410027769998
1772395200,2026-03-01T20:00:00+00:00,1954,1990,1907.99,1939.68,34148.3093202
1772409600,2026-03-02T00:00:00+00:00,1939.67,1989.05,1937.1,1971.9,23247.77474334
1772424000,2026-03-02T04:00:00+00:00,1971.98,1983.14,1925.44,1941.39,20489.73433631
1772438400,2026-03-02T08:00:00+00:00,1941.39,1967.16,1920,1947.8,27728.923371970002
1772452800,2026-03-02T12:00:00+00:00,1947.77,2066.56,1920.5,2047.62,102653.37876995001
1772467200,2026-03-02T16:00:00+00:00,2047.51,2089.49,2018.49,2043.62,69116.54943917
1772481600,2026-03-02T20:00:00+00:00,2043.61,2058.57,2024.53,2027.49,35745.12169596
1772496000,2026-03-03T00:00:00+00:00,2027.59,2041.93,1997.6,2008.55,18609.697254410003
1772510400,2026-03-03T04:00:00+00:00,2008.56,2019.53,1987.62,1996.21,17386.34404234
1772524800,2026-03-03T08:00:00+00:00,1995.85,2000.23,1938.98,1961.04,22382.71625078
1772539200,2026-03-03T12:00:00+00:00,1961.04,1989.51,1927.75,1969.29,71267.97522235
1772553600,2026-03-03T16:00:00+00:00,1969.04,2014.06,1952.11,1986.21,69329.81765092
1772568000,2026-03-03T20:00:00+00:00,1986.25,2001.82,1958.96,1982.87,28263.11945837
1772582400,2026-03-04T00:00:00+00:00,1982.96,1998.97,1942.58,1960.99,26060.947914820004
1772596800,2026-03-04T04:00:00+00:00,1960.98,2010.53,1950.34,2006.56,19371.03497829
1772611200,2026-03-04T08:00:00+00:00,2006.56,2093.64,2000.42,2054.89,46808.25465762
1772625600,2026-03-04T12:00:00+00:00,2054.99,2158.88,2036.47,2150.81,75217.52126297
1772640000,2026-03-04T16:00:00+00:00,2151,2200,2129.21,2179.02,99714.17264352
1772654400,2026-03-04T20:00:00+00:00,2179.05,2181.36,2116.4,2127.61,30066.23914541
1772668800,2026-03-05T00:00:00+00:00,2127.6,2142.71,2108,2120.65,20686.98562445
1772683200,2026-03-05T04:00:00+00:00,2120.45,2144.6,2096.21,2105.29,17245.659379099998
1772697600,2026-03-05T08:00:00+00:00,2105.29,2164.34,2094.11,2138.39,24679.103097580002
1772712000,2026-03-05T12:00:00+00:00,2138.4,2143.44,2067.04,2087.4,65080.65700414
1772726400,2026-03-05T16:00:00+00:00,2087.1,2093.9,2054.4,2073.97,57946.814957090006
1772740800,2026-03-05T20:00:00+00:00,2074.09,2099.69,2068.8,2072.99,21768.20719963
1772755200,2026-03-06T00:00:00+00:00,2073.19,2093.4,2062.2,2084.1,22890.851230109998
1772769600,2026-03-06T04:00:00+00:00,2084.2,2087.56,2059.21,2082.92,23762.6924395
1772784000,2026-03-06T08:00:00+00:00,2082.9,2082.92,2045.8,2050.84,20296.49140338
1772798400,2026-03-06T12:00:00+00:00,2050.92,2062.07,1965.62,1977.81,87784.75243714999
1772812800,2026-03-06T16:00:00+00:00,1977.8,1992.76,1955.49,1983.44,57660.36717516
1772827200,2026-03-06T20:00:00+00:00,1983.47,1990.48,1968.42,1978.49,27880.00650105
1772841600,2026-03-07T00:00:00+00:00,1978.49,1996.51,1972.49,1980.32,10543.09399832
1772856000,2026-03-07T04:00:00+00:00,1980.25,1984.39,1964,1983.06,9362.56822261
1772870400,2026-03-07T08:00:00+00:00,1983.13,1994.84,1975.22,1988.84,8037.17966354
1772884800,2026-03-07T12:00:00+00:00,1988.83,1991.04,1970.47,1981.21,9635.701675889999
1772899200,2026-03-07T16:00:00+00:00,1981.21,1983.72,1948.09,1955.12,10231.555406610001
1772913600,2026-03-07T20:00:00+00:00,1955.04,1973.97,1954.9,1969.61,7179.513866249999
1772928000,2026-03-08T00:00:00+00:00,1969.61,1977.24,1935.72,1947.37,11622.18454547
1772942400,2026-03-08T04:00:00+00:00,1947.36,1960.21,1930,1955.26,11427.00720649
1772956800,2026-03-08T08:00:00+00:00,1955.2,1979.99,1944.72,1951.36,14561.01501042
1772971200,2026-03-08T12:00:00+00:00,1951.45,1954.54,1925,1943.16,22950.13420452
1772985600,2026-03-08T16:00:00+00:00,1943.24,2008.09,1927.87,1964.72,42264.939442760005
1773000000,2026-03-08T20:00:00+00:00,1964.71,1971.8,1911.64,1936.93,40544.54338104
1773014400,2026-03-09T00:00:00+00:00,1936.97,2005.62,1929.61,1977.37,32296.35931092
1773028800,2026-03-09T04:00:00+00:00,1977.38,2013.75,1963.14,1983.43,25701.44394809
1773043200,2026-03-09T08:00:00+00:00,1983.52,2021.98,1978.45,1991.8,20268.724505929997
1773057600,2026-03-09T12:00:00+00:00,1991.8,2033.38,1991.8,2022.9,51295.1980585
1773072000,2026-03-09T16:00:00+00:00,2022.91,2054.09,2005.44,2034.17,51876.58329091
1773086400,2026-03-09T20:00:00+00:00,2034.13,2038.12,1989.24,1993.19,32614.63734275
1773100800,2026-03-10T00:00:00+00:00,1993.18,2054.13,1991.09,2026.79,22746.60916034
1773115200,2026-03-10T04:00:00+00:00,2026.99,2059.67,2026.38,2051.35,15729.861695160002
1773129600,2026-03-10T08:00:00+00:00,2051.42,2074.68,2051.42,2062,19060.01989904
1773144000,2026-03-10T12:00:00+00:00,2062,2086.72,2008.11,2080.09,51825.121024269996
1773158400,2026-03-10T16:00:00+00:00,2080.09,2088.83,2026.81,2036.99,50260.49893324001
1773172800,2026-03-10T20:00:00+00:00,2036.95,2048.92,2019.42,2036.8,15981.466006929999
1773187200,2026-03-11T00:00:00+00:00,2037,2042.1,2018.03,2021.05,14668.5507092
1773201600,2026-03-11T04:00:00+00:00,2021.08,2041.57,2007,2012.6,16305.402703830001
1773216000,2026-03-11T08:00:00+00:00,2012.7,2034.62,2009.52,2017.24,18367.62685674
1773230400,2026-03-11T12:00:00+00:00,2017.53,2083.26,2012.47,2050.4,62894.06071591999
1773244800,2026-03-11T16:00:00+00:00,2050.48,2086.49,2046.6,2076.76,39425.49234278
1773259200,2026-03-11T20:00:00+00:00,2076.84,2081.44,2048.9,2052.25,14961.91506473
1773273600,2026-03-12T00:00:00+00:00,2052.42,2058.47,2018.15,2023.61,14910.01288052
1773288000,2026-03-12T04:00:00+00:00,2023.61,2042.67,2019.45,2041.04,10922.05074007
1773302400,2026-03-12T08:00:00+00:00,2041.05,2077.98,2038.52,2063.05,22422.72408469
1773316800,2026-03-12T12:00:00+00:00,2063.22,2096.09,2037.66,2072.79,57353.0334371
1773331200,2026-03-12T16:00:00+00:00,2072.74,2078.49,2045.1,2070.09,30224.01365924
1773345600,2026-03-12T20:00:00+00:00,2070.05,2093.67,2055.69,2074,18783.036003319998
1773360000,2026-03-13T00:00:00+00:00,2073.78,2148.92,2070.09,2118.88,31798.69833657
1773374400,2026-03-13T04:00:00+00:00,2118.88,2120.33,2089.2,2099.51,16759.943745689998
1773388800,2026-03-13T08:00:00+00:00,2099.42,2133.99,2091.44,2121.48,31994.23129651
1773403200,2026-03-13T12:00:00+00:00,2121.31,2211.62,2120.8,2128.1,82358.25136789
1773417600,2026-03-13T16:00:00+00:00,2128.11,2144.17,2090.51,2102.7,44708.57524133
1773432000,2026-03-13T20:00:00+00:00,2102.8,2117.08,2078.54,2092.81,16717.69525911
1773446400,2026-03-14T00:00:00+00:00,2092.81,2103.39,2081.8,2101.6,10993.98017288
1773460800,2026-03-14T04:00:00+00:00,2101.6,2106.06,2068.87,2077.64,10032.14846526
1773475200,2026-03-14T08:00:00+00:00,2077.52,2081.21,2061.91,2074.14,6946.768998310001
1773489600,2026-03-14T12:00:00+00:00,2074.13,2080.99,2069.96,2074.81,7944.71939656
1773504000,2026-03-14T16:00:00+00:00,2074.8,2079.94,2069.21,2078.07,6335.37713538
1773518400,2026-03-14T20:00:00+00:00,2078.07,2099.98,2076.7,2096.7,8123.2095759799995
1773532800,2026-03-15T00:00:00+00:00,2096.7,2108.32,2083.87,2096.68,9518.48069103
1773547200,2026-03-15T04:00:00+00:00,2096.68,2116.19,2096.56,2106.49,9067.59895605
1773561600,2026-03-15T08:00:00+00:00,2106.49,2123.88,2106.49,2120.21,6242.65485655
1773576000,2026-03-15T12:00:00+00:00,2120.21,2120.6,2086.91,2094.39,9585.41568806
1773590400,2026-03-15T16:00:00+00:00,2094.39,2122.77,2089.17,2113.9,17501.63514833
1773604800,2026-03-15T20:00:00+00:00,2113.9,2203.09,2110.36,2178.67,41095.69425318
1773619200,2026-03-16T00:00:00+00:00,2178.6,2254,2165,2235.92,43218.75685997
1773633600,2026-03-16T04:00:00+00:00,2236.1,2288.4,2236.1,2248.92,36013.36742268
1773648000,2026-03-16T08:00:00+00:00,2248.93,2280.3,2233.85,2270.41,22439.33191657
1773662400,2026-03-16T12:00:00+00:00,2270.41,2308.57,2254.97,2274.1,60390.77059591
1773676800,2026-03-16T16:00:00+00:00,2274,2348.83,2270,2331.35,45148.17058082
1773691200,2026-03-16T20:00:00+00:00,2330.92,2386.23,2323.07,2352.94,27787.44745809
1773705600,2026-03-17T00:00:00+00:00,2352.94,2376.79,2308.51,2320.48,25568.01310069
1773720000,2026-03-17T04:00:00+00:00,2320.51,2338.19,2296.2,2328,18748.09985749
1773734400,2026-03-17T08:00:00+00:00,2328.03,2335.92,2304.81,2327.41,18565.803030950003
1773748800,2026-03-17T12:00:00+00:00,2327.4,2358.89,2304.27,2316.49,49845.62913539
1773763200,2026-03-17T16:00:00+00:00,2316.38,2344.09,2312.79,2320.91,43132.01947856
1773777600,2026-03-17T20:00:00+00:00,2320.61,2345.75,2317.2,2318.03,15797.4672402
1773792000,2026-03-18T00:00:00+00:00,2318.15,2351.09,2307.92,2341.7,15425.875672310001
1773806400,2026-03-18T04:00:00+00:00,2341.74,2343.14,2312.24,2318.25,7526.18899287
1773820800,2026-03-18T08:00:00+00:00,2318.25,2334.5,2263.05,2269.8,16891.293797389997
1773835200,2026-03-18T12:00:00+00:00,2269.79,2271.19,2170.47,2187.56,59262.54776318
1773849600,2026-03-18T16:00:00+00:00,2187.55,2220.57,2166.67,2185.91,59907.78866567
1773864000,2026-03-18T20:00:00+00:00,2185.9,2207.23,2153,2203.47,27275.068791409998
1773878400,2026-03-19T00:00:00+00:00,2203.46,2233.69,2187.11,2212.3,16835.386326840002
1773892800,2026-03-19T04:00:00+00:00,2212.3,2213.34,2143.22,2166.7,13485.1066034
1773907200,2026-03-19T08:00:00+00:00,2166.71,2192.4,2157.85,2166.74,19742.8494851
1773921600,2026-03-19T12:00:00+00:00,2166.76,2167.36,2098.94,2118.73,55869.4636433
1773936000,2026-03-19T16:00:00+00:00,2118.73,2157.54,2103.97,2140.86,39695.24357838
1773950400,2026-03-19T20:00:00+00:00,2140.86,2155.8,2131.01,2137.98,13479.922452359999
1773964800,2026-03-20T00:00:00+00:00,2137.65,2160.89,2132.53,2151.44,11393.96452807
1773979200,2026-03-20T04:00:00+00:00,2151.2,2159.43,2121.49,2150.33,18106.629365399996
1773993600,2026-03-20T08:00:00+00:00,2150.32,2176.62,2131.02,2141.51,21500.046607400003
1774008000,2026-03-20T12:00:00+00:00,2141.62,2152.6,2116.55,2133.49,44153.26531973
1774022400,2026-03-20T16:00:00+00:00,2133.45,2144.79,2115.85,2132.24,34066.88639802
1774036800,2026-03-20T20:00:00+00:00,2132.59,2167.39,2123.51,2145.89,15815.54602908
1774051200,2026-03-21T00:00:00+00:00,2145.89,2159.52,2143.81,2152.9,7153.79519221
1774065600,2026-03-21T04:00:00+00:00,2152.88,2160.95,2150,2155.44,3587.9456594000003
1774080000,2026-03-21T08:00:00+00:00,2155.43,2159.2,2149.36,2156.97,2144.30962363
1774094400,2026-03-21T12:00:00+00:00,2156.97,2167.71,2146.18,2155.05,5524.4358914800005
1774108800,2026-03-21T16:00:00+00:00,2155.06,2155.44,2141.76,2152.1,3383.65329388
1774123200,2026-03-21T20:00:00+00:00,2152.09,2156.87,2070.71,2084.64,11756.02583972
1774137600,2026-03-22T00:00:00+00:00,2084.61,2126.45,2050,2113.65,21569.73680638
1774152000,2026-03-22T04:00:00+00:00,2113.56,2122.91,2092.71,2093.22,7472.741495
1774166400,2026-03-22T08:00:00+00:00,2093.38,2095.37,2066.5,2069.59,8286.541300840001
1774180800,2026-03-22T12:00:00+00:00,2069.66,2092.5,2067.94,2083.09,8667.2599322
1774195200,2026-03-22T16:00:00+00:00,2083.1,2084.58,2053.95,2062.88,12346.91815614
1774209600,2026-03-22T20:00:00+00:00,2062.87,2074.19,2025.65,2053.49,19021.45636271
1774224000,2026-03-23T00:00:00+00:00,2053.36,2071.9,2034.63,2051.9,21888.35963038
1774238400,2026-03-23T04:00:00+00:00,2051.91,2071.53,2022.32,2044.17,16300.78962843
1774252800,2026-03-23T08:00:00+00:00,2044.25,2198.32,2027.52,2134.19,52729.29130497
1774267200,2026-03-23T12:00:00+00:00,2134.07,2192.58,2107.48,2127.76,69702.52912912
1774281600,2026-03-23T16:00:00+00:00,2127.66,2178.19,2117.11,2153.78,51494.34461673
1774296000,2026-03-23T20:00:00+00:00,2153.8,2166.23,2140.01,2151.71,14541.42360021
1774310400,2026-03-24T00:00:00+00:00,2151.7,2155.9,2125,2141.09,16255.34284206
1774324800,2026-03-24T04:00:00+00:00,2141.2,2170.49,2127.86,2165.14,11877.41823729
1774339200,2026-03-24T08:00:00+00:00,2165.49,2175.42,2146.55,2165.55,14442.77914837
1774353600,2026-03-24T12:00:00+00:00,2165.54,2169.83,2118.97,2133.89,40926.187515720005
1774368000,2026-03-24T16:00:00+00:00,2133.89,2139.82,2101.61,2115.39,38321.74472591
1774382400,2026-03-24T20:00:00+00:00,2115.36,2163.18,2114.04,2155.56,26468.25029413
1774396800,2026-03-25T00:00:00+00:00,2155.55,2167.92,2145.64,2157.6,16916.40412695
1774411200,2026-03-25T04:00:00+00:00,2157.58,2178.81,2155.64,2164.19,14170.597667
1774425600,2026-03-25T08:00:00+00:00,2164.19,2199.81,2164.02,2186.24,24668.424918539997
1774440000,2026-03-25T12:00:00+00:00,2186.24,2198.32,2145.8,2161.91,45208.96398105
1774454400,2026-03-25T16:00:00+00:00,2161.9,2185.18,2155.01,2172,34004.77924576
1774468800,2026-03-25T20:00:00+00:00,2172.28,2183.13,2158.71,2167.98,22385.11629921
1774483200,2026-03-26T00:00:00+00:00,2167.98,2171.39,2142.9,2152.14,14133.75100611
1774497600,2026-03-26T04:00:00+00:00,2152.13,2153.33,2110.68,2122.4,16428.68082193
1774512000,2026-03-26T08:00:00+00:00,2122.4,2125.81,2062.21,2067.4,30393.89247563
1774526400,2026-03-26T12:00:00+00:00,2067.48,2092.52,2051,2068.61,49869.87429799
1774540800,2026-03-26T16:00:00+00:00,2068.59,2069.52,2032.63,2047.36,43193.94898432
1774555200,2026-03-26T20:00:00+00:00,2047.18,2078.21,2044.65,2058.74,25257.37665636
1774569600,2026-03-27T00:00:00+00:00,2058.74,2076.09,2055.32,2060.11,13794.3797208
1774584000,2026-03-27T04:00:00+00:00,2060.12,2071.45,2042.06,2064.28,18138.368178290002
1774598400,2026-03-27T08:00:00+00:00,2064.3,2068,1980.57,1990.49,33276.84942808
1774612800,2026-03-27T12:00:00+00:00,1990.53,2009.08,1970.04,1989.33,55259.23640548
1774627200,2026-03-27T16:00:00+00:00,1989.34,1996.61,1971.06,1989.38,45162.46554312
1774641600,2026-03-27T20:00:00+00:00,1989.7,1994.65,1978.95,1991.55,11506.18662898
1774656000,2026-03-28T00:00:00+00:00,1991.55,1993.94,1981.05,1987.74,5234.3100623400005
1774670400,2026-03-28T04:00:00+00:00,1987.75,2006.95,1985.72,2005.61,4448.07581012
1774684800,2026-03-28T08:00:00+00:00,2005.61,2007.01,1991.14,1996.27,2658.9929982599997
1774699200,2026-03-28T12:00:00+00:00,1996.26,2044.47,1990.51,2025.43,11836.01360578
1774713600,2026-03-28T16:00:00+00:00,2025.43,2028.85,2014.99,2019.12,5928.5085617899995
1774728000,2026-03-28T20:00:00+00:00,2019.12,2024.89,1987.7,1992.98,12793.174790770001
1774742400,2026-03-29T00:00:00+00:00,1992.98,2017.77,1990.02,2009.45,8216.50086097
1774756800,2026-03-29T04:00:00+00:00,2009.46,2011.12,1995.76,2004.25,5063.1751638900005
1774771200,2026-03-29T08:00:00+00:00,2004.26,2006.81,1989.41,2002.4,4579.0194101100005
1774785600,2026-03-29T12:00:00+00:00,2002.4,2003.69,1981.9,1991.1,7610.361799429999
1774800000,2026-03-29T16:00:00+00:00,1991.12,2002.16,1985.9,1994.24,6535.77812396
1774814400,2026-03-29T20:00:00+00:00,1994.25,2007.75,1937.59,1982.96,19360.07041566
1774828800,2026-03-30T00:00:00+00:00,1983.04,2042.39,1978.46,2034.39,33707.78197772
1774843200,2026-03-30T04:00:00+00:00,2034.4,2065.16,2033.99,2057.83,17267.34508884
1774857600,2026-03-30T08:00:00+00:00,2057.7,2078.52,2046.34,2069.85,26108.063183680002
1774872000,2026-03-30T12:00:00+00:00,2069.89,2083.73,2042.64,2073.56,43449.14687651
1774886400,2026-03-30T16:00:00+00:00,2073.39,2074.12,2010.96,2021.74,44738.362216420006
1774900800,2026-03-30T20:00:00+00:00,2021.71,2047.3,2012.11,2024.6,29762.648770379998
1774915200,2026-03-31T00:00:00+00:00,2024.58,2090.25,2014.12,2065.2,29195.347193600002
1774929600,2026-03-31T04:00:00+00:00,2065.3,2070.31,2040.66,2054.04,9518.22230562
1774944000,2026-03-31T08:00:00+00:00,2054.03,2057.28,2010.09,2039.3,20135.86129342
1774958400,2026-03-31T12:00:00+00:00,2039.3,2090.89,2033.35,2053.2,59623.33201806
1774972800,2026-03-31T16:00:00+00:00,2052.8,2121.66,2052.6,2094.7,73542.87626784999
1774987200,2026-03-31T20:00:00+00:00,2094.53,2108.3,2085.92,2103.61,19424.61509901
1775001600,2026-04-01T00:00:00+00:00,2103.41,2115.86,2080.26,2100.92,19875.07278014
1775016000,2026-04-01T04:00:00+00:00,2100.92,2157.24,2097.89,2130.02,21033.50754482
1775030400,2026-04-01T08:00:00+00:00,2129.86,2142.45,2124.2,2134.75,15554.640711030002
1775044800,2026-04-01T12:00:00+00:00,2134.6,2148.55,2107.1,2134.81,40674.676450629995
1775059200,2026-04-01T16:00:00+00:00,2134.71,2167.56,2122.3,2140.29,46276.36943487
1775073600,2026-04-01T20:00:00+00:00,2140.47,2165,2130.15,2140.21,18475.17100584
1775088000,2026-04-02T00:00:00+00:00,2140.1,2159.16,2046.34,2055.9,32897.225595929995
1775102400,2026-04-02T04:00:00+00:00,2055.9,2057.89,2038.01,2055.48,11917.35182166
1775116800,2026-04-02T08:00:00+00:00,2055.48,2055.48,2022.14,2032.06,29966.4548625
1775131200,2026-04-02T12:00:00+00:00,2032.3,2071.94,2015.85,2059.17,63270.023679779995
1775145600,2026-04-02T16:00:00+00:00,2059.11,2075.93,2043.1,2065.45,39892.64886029
1775160000,2026-04-02T20:00:00+00:00,2065.52,2074.2,2053.6,2056.78,13480.77198908
1775174400,2026-04-03T00:00:00+00:00,2056.78,2062.2,2040.65,2053.89,13943.403537690001
1775188800,2026-04-03T04:00:00+00:00,2053.81,2075,2047.36,2065.14,10061.9345496
1775203200,2026-04-03T08:00:00+00:00,2065.14,2072.03,2053.12,2062.71,7281.09336832
1775217600,2026-04-03T12:00:00+00:00,2062.72,2081.74,2041.4,2050.96,14373.883330289998
1775232000,2026-04-03T16:00:00+00:00,2050.95,2056.5,2043.39,2052.53,7845.38593952
1775246400,2026-04-03T20:00:00+00:00,2052.46,2060.45,2048.87,2053.52,6776.41791555
1775260800,2026-04-04T00:00:00+00:00,2053.5,2053.73,2047.36,2049.7,4588.121913159999
1775275200,2026-04-04T04:00:00+00:00,2049.72,2057.65,2047.82,2053.52,3079.28587679
1775289600,2026-04-04T08:00:00+00:00,2053.52,2055.09,2047.28,2051.68,2542.28237971
1775304000,2026-04-04T12:00:00+00:00,2051.68,2061.45,2043.9,2055.86,5198.44204545
1775318400,2026-04-04T16:00:00+00:00,2055.83,2083.32,2052.72,2064.41,10659.029125680001
1775332800,2026-04-04T20:00:00+00:00,2064.4,2071.86,2059.4,2065.17,5807.65219481
1775347200,2026-04-05T00:00:00+00:00,2065.14,2065.33,2053.86,2056.36,2987.16256724
1775361600,2026-04-05T04:00:00+00:00,2056.26,2057.79,2027.26,2036.7,5308.43758678
1775376000,2026-04-05T08:00:00+00:00,2036.61,2052.05,2035.36,2041.29,2939.6455803500003
1775390400,2026-04-05T12:00:00+00:00,2041.29,2069,2020.97,2053.47,10438.266608740001
1775404800,2026-04-05T16:00:00+00:00,2053.48,2070,2047.9,2062.04,9099.70649884
1775419200,2026-04-05T20:00:00+00:00,2062.05,2122.79,2049.41,2109.24,22563.862815499997
1775433600,2026-04-06T00:00:00+00:00,2109.33,2146.25,2109.33,2128.75,19432.37916233
1775448000,2026-04-06T04:00:00+00:00,2128.75,2140.87,2118.45,2134.88,7474.55983403
1775462400,2026-04-06T08:00:00+00:00,2134.89,2174.86,2133.36,2151.73,31328.3287674
1775476800,2026-04-06T12:00:00+00:00,2151.72,2170.29,2137.43,2165.31,57827.64847003
1775491200,2026-04-06T16:00:00+00:00,2165.31,2169.59,2122.98,2144.12,42835.26986392
1775505600,2026-04-06T20:00:00+00:00,2144.29,2155.73,2087.83,2107.39,27415.20469667
1775520000,2026-04-07T00:00:00+00:00,2107.25,2120.09,2093.21,2108.2,21868.69208807
1775534400,2026-04-07T04:00:00+00:00,2108.1,2120.03,2096.47,2103.39,13068.63764554
1775548800,2026-04-07T08:00:00+00:00,2103.39,2134.69,2081.33,2088.86,40146.61972586
1775563200,2026-04-07T12:00:00+00:00,2089.04,2092.99,2059.82,2079.93,58738.24691416
1775577600,2026-04-07T16:00:00+00:00,2079.92,2116.57,2076.88,2112.96,41300.33156182
1775592000,2026-04-07T20:00:00+00:00,2113.28,2272.86,2110.6,2239.68,69750.97053167
1775606400,2026-04-08T00:00:00+00:00,2239.61,2250.4,2227.68,2234.45,29179.05169488
1775620800,2026-04-08T04:00:00+00:00,2234.47,2260.78,2234.47,2254.24,15036.586483250001
1775635200,2026-04-08T08:00:00+00:00,2254.21,2263.46,2237.52,2247.71,28968.865852019997
1775649600,2026-04-08T12:00:00+00:00,2247.85,2271.6,2185.97,2215.67,59677.39111948
1775664000,2026-04-08T16:00:00+00:00,2215.56,2239.99,2197.07,2211.6,50315.48621481
1775678400,2026-04-08T20:00:00+00:00,2211.44,2223.58,2179.99,2190.24,18782.85408951
1775692800,2026-04-09T00:00:00+00:00,2190.23,2194.13,2162.1,2182.95,11761.34163601
1775707200,2026-04-09T04:00:00+00:00,2182.94,2189.38,2175.99,2181.47,7855.15582441
1775721600,2026-04-09T08:00:00+00:00,2181.45,2197.04,2176.77,2180.11,16914.36339106
1775736000,2026-04-09T12:00:00+00:00,2180.32,2225.99,2156.8,2218.31,61788.28563926001
1775750400,2026-04-09T16:00:00+00:00,2218.3,2229.99,2192.64,2218.18,55101.86828743
1775764800,2026-04-09T20:00:00+00:00,2218.23,2245.9,2183.2,2190.15,21525.74874341
1775779200,2026-04-10T00:00:00+00:00,2190.3,2204.6,2177.13,2186.5,12517.05494157
1775793600,2026-04-10T04:00:00+00:00,2186.49,2203.59,2175.99,2179.18,10484.23992859
1775808000,2026-04-10T08:00:00+00:00,2179.2,2224.71,2176.55,2216.35,22954.682335060003
1775822400,2026-04-10T12:00:00+00:00,2216.35,2301.64,2208.2,2224.33,84064.57681215
1775836800,2026-04-10T16:00:00+00:00,2224.4,2295.07,2221.5,2254.28,51713.742927729996
1775851200,2026-04-10T20:00:00+00:00,2254.31,2258.6,2236.1,2246.29,14379.623775650001
1775865600,2026-04-11T00:00:00+00:00,2246.28,2253.5,2235.71,2238.42,9414.23452407
1775880000,2026-04-11T04:00:00+00:00,2238.42,2244.06,2230.01,2233.8,6483.1346022299995
1775894400,2026-04-11T08:00:00+00:00,2233.9,2250.49,2233.1,2247.42,7659.74355311
1775908800,2026-04-11T12:00:00+00:00,2247.44,2257.28,2234.7,2250.44,7236.11082668
1775923200,2026-04-11T16:00:00+00:00,2250.49,2330.56,2247.44,2316.99,26232.83233042
1775937600,2026-04-11T20:00:00+00:00,2316.99,2318,2277.6,2285.79,14653.76034772
1775952000,2026-04-12T00:00:00+00:00,2285.79,2289.58,2206.99,2214.6,25530.33386732
1775966400,2026-04-12T04:00:00+00:00,2214.6,2221.71,2208.49,2218.92,7140.51122896
1775980800,2026-04-12T08:00:00+00:00,2218.92,2220,2195.22,2205.7,7122.1032958
1775995200,2026-04-12T12:00:00+00:00,2205.66,2209.15,2175.89,2187.63,17002.89260638
1776009600,2026-04-12T16:00:00+00:00,2187.62,2208.17,2183.05,2199.43,13473.804794169999
1776024000,2026-04-12T20:00:00+00:00,2199.43,2218.82,2184,2191.8,22898.078692889998
1776038400,2026-04-13T00:00:00+00:00,2191.77,2209.4,2186.58,2194.3,8666.38536107
1776052800,2026-04-13T04:00:00+00:00,2194.29,2202,2182.4,2186.83,8353.79984237
1776067200,2026-04-13T08:00:00+00:00,2186.82,2195.4,2179.11,2187.67,18636.3004239
1776081600,2026-04-13T12:00:00+00:00,2187.77,2237.84,2174.31,2209.68,72959.07028315001
1776096000,2026-04-13T16:00:00+00:00,2209.68,2269.46,2200.14,2263.28,68409.69947742
1776110400,2026-04-13T20:00:00+00:00,2263.2,2395,2248.44,2370.28,46949.86025605
1776124800,2026-04-14T00:00:00+00:00,2370.27,2379.18,2354.12,2366.4,22291.00832281
1776139200,2026-04-14T04:00:00+00:00,2366.5,2390.96,2355.61,2379.09,11539.53088094
1776153600,2026-04-14T08:00:00+00:00,2379.06,2397,2368.41,2374.96,25545.78314421
1776168000,2026-04-14T12:00:00+00:00,2375.05,2417.4,2333.57,2365.5,77180.30286586
1776182400,2026-04-14T16:00:00+00:00,2365.4,2372.66,2304.1,2314.49,40415.2748036
1776196800,2026-04-14T20:00:00+00:00,2314.45,2333.25,2309.64,2323.58,16272.985198129998
1776211200,2026-04-15T00:00:00+00:00,2323.5,2344.15,2318.32,2329.92,13498.023332140001
1776225600,2026-04-15T04:00:00+00:00,2329.7,2339.29,2308.66,2317.23,13972.673919230001
1776240000,2026-04-15T08:00:00+00:00,2317.32,2342,2312.37,2338.22,15317.17385811
1776254400,2026-04-15T12:00:00+00:00,2338.21,2350.59,2317.61,2332.63,30364.159866330003
1776268800,2026-04-15T16:00:00+00:00,2332.63,2387.08,2329.68,2376.32,44912.290448019994
1776283200,2026-04-15T20:00:00+00:00,2376.15,2381.4,2348.94,2360.6,16272.901660440002
1776297600,2026-04-16T00:00:00+00:00,2360.64,2370.34,2345.51,2358.36,11725.22924375
1776312000,2026-04-16T04:00:00+00:00,2358.28,2364.66,2335.32,2341.81,12663.25158325
1776326400,2026-04-16T08:00:00+00:00,2341.8,2349.33,2328.39,2336.29,18792.75287182
1776340800,2026-04-16T12:00:00+00:00,2336.23,2352.46,2285.32,2339.71,56784.585634530005
1776355200,2026-04-16T16:00:00+00:00,2339.71,2362.96,2309.72,2360.5,43160.59316309
1776369600,2026-04-16T20:00:00+00:00,2360.59,2365.49,2336.88,2348.61,13197.63299179
1776384000,2026-04-17T00:00:00+00:00,2348.61,2351.67,2324.13,2325.77,12724.63795798
1776398400,2026-04-17T04:00:00+00:00,2325.87,2342.99,2317.02,2334.1,11728.56170442
1776412800,2026-04-17T08:00:00+00:00,2334.19,2378.64,2333.21,2355.84,17904.21453593
1776427200,2026-04-17T12:00:00+00:00,2355.9,2459.99,2350,2443.31,95230.41919437001
1776441600,2026-04-17T16:00:00+00:00,2443.41,2466.5,2416.24,2429.38,44005.53061324
1776456000,2026-04-17T20:00:00+00:00,2429.39,2443.05,2416.4,2419.81,16808.286833269998
1776470400,2026-04-18T00:00:00+00:00,2419.8,2428.51,2400.93,2406.26,10336.64636499
1776484800,2026-04-18T04:00:00+00:00,2406.4,2414.75,2400.68,2404.54,5188.05310018
1776499200,2026-04-18T08:00:00+00:00,2404.38,2405.75,2344.53,2353.71,16120.32404842
1776513600,2026-04-18T12:00:00+00:00,2353.82,2370.4,2346.21,2364.39,9959.48836403
1776528000,2026-04-18T16:00:00+00:00,2364.39,2376.2,2339.8,2349.51,11925.22759936
1776542400,2026-04-18T20:00:00+00:00,2349.5,2361.2,2345.37,2351.36,5241.11516251
1776556800,2026-04-19T00:00:00+00:00,2351.38,2356.7,2332.63,2340.8,6147.21671044
1776571200,2026-04-19T04:00:00+00:00,2340.81,2347.3,2299.25,2316.91,8461.61805424
1776585600,2026-04-19T08:00:00+00:00,2316.9,2331.84,2307.01,2330.2,5159.01341291
1776600000,2026-04-19T12:00:00+00:00,2330.28,2351.45,2316.19,2331.78,23761.80442915
1776614400,2026-04-19T16:00:00+00:00,2331.76,2332.52,2288,2300.18,16330.25421694
1776628800,2026-04-19T20:00:00+00:00,2300.51,2300.79,2252.06,2263.89,20054.909385649997
1776643200,2026-04-20T00:00:00+00:00,2263.9,2295.18,2260.51,2287.23,20644.14759178
1776657600,2026-04-20T04:00:00+00:00,2287.12,2333.45,2263.72,2298.93,16448.3601733
1776672000,2026-04-20T08:00:00+00:00,2298.94,2321.3,2290.24,2308.5,14905.555658
1776686400,2026-04-20T12:00:00+00:00,2308.55,2327.59,2278.94,2314.67,50435.53276086
1776700800,2026-04-20T16:00:00+00:00,2314.67,2345.36,2298.71,2332.55,38007.350271849995
1776715200,2026-04-20T20:00:00+00:00,2332.7,2347.8,2308.63,2314.79,16642.70070422
1776729600,2026-04-21T00:00:00+00:00,2314.64,2327.5,2300.67,2312.01,11070.86711798
1776744000,2026-04-21T04:00:00+00:00,2312,2327.68,2304.91,2319.44,10229.26807576
1776758400,2026-04-21T08:00:00+00:00,2319.42,2339.58,2314.4,2320.61,13766.550260689999
1776772800,2026-04-21T12:00:00+00:00,2320.8,2329.02,2290.2,2311.2,40610.123247740004
1776787200,2026-04-21T16:00:00+00:00,2311.2,2332.61,2284.66,2298.89,52280.99240086001
1776801600,2026-04-21T20:00:00+00:00,2299.04,2330.5,2296.25,2328,17148.294915349998
1776816000,2026-04-22T00:00:00+00:00,2328,2380.88,2313.5,2364.16,25180.50201546
1776830400,2026-04-22T04:00:00+00:00,2364.22,2413.01,2358.91,2390.42,33848.844052270004
1776844800,2026-04-22T08:00:00+00:00,2390.5,2402.16,2383.53,2399.59,19520.896948499998
1776859200,2026-04-22T12:00:00+00:00,2399.6,2425,2390.73,2404.35,59683.08257148
1776873600,2026-04-22T16:00:00+00:00,2404.4,2415.41,2382.47,2398.46,42009.85657647
1776888000,2026-04-22T20:00:00+00:00,2398.1,2407.4,2374.4,2375.21,20856.34290626
1776902400,2026-04-23T00:00:00+00:00,2375.3,2383.04,2331.95,2341.36,32753.862819610003
1776916800,2026-04-23T04:00:00+00:00,2341.23,2359.75,2337.32,2345.3,14362.445092270002
1776931200,2026-04-23T08:00:00+00:00,2345.3,2345.85,2306.64,2329.72,25883.18480422
1776945600,2026-04-23T12:00:00+00:00,2329.71,2345,2315.52,2334.39,40789.130713679995
1776960000,2026-04-23T16:00:00+00:00,2334.36,2336.88,2285.26,2314.06,43492.16477717
1776974400,2026-04-23T20:00:00+00:00,2313.85,2339.6,2313.53,2331.08,14930.08786537
1776988800,2026-04-24T00:00:00+00:00,2331.2,2338.55,2299.87,2309.23,14889.34940673
1777003200,2026-04-24T04:00:00+00:00,2309.22,2318.15,2300.77,2312.77,9839.86805285
1777017600,2026-04-24T08:00:00+00:00,2312.72,2334.29,2304.28,2329.26,32244.20311617
1777032000,2026-04-24T12:00:00+00:00,2329.26,2334.03,2301.54,2325,54397.851093720004
1777046400,2026-04-24T16:00:00+00:00,2325,2326.52,2308.6,2321.91,24239.25738014
1777060800,2026-04-24T20:00:00+00:00,2321.89,2328.96,2307.33,2315.81,13100.47669509
1777075200,2026-04-25T00:00:00+00:00,2315.8,2321.8,2311.93,2319.53,4606.61267642
1777089600,2026-04-25T04:00:00+00:00,2319.53,2320.11,2313.83,2316.99,3083.63547066
1777104000,2026-04-25T08:00:00+00:00,2316.98,2323.79,2311.89,2314.41,2828.6017498
1777118400,2026-04-25T12:00:00+00:00,2314.61,2319.49,2303.7,2308.79,7394.6304242
1777132800,2026-04-25T16:00:00+00:00,2308.78,2314.35,2301.18,2310.34,6667.1714358
1777147200,2026-04-25T20:00:00+00:00,2310.46,2321.27,2309.21,2319.97,5958.704171559999
1777161600,2026-04-26T00:00:00+00:00,2319.93,2320.38,2307.01,2310.22,3690.00363063
1777176000,2026-04-26T04:00:00+00:00,2310.29,2338,2309.25,2332.18,10923.43004889
1777190400,2026-04-26T08:00:00+00:00,2332.19,2338.71,2329.47,2337.04,4789.0252893
1777204800,2026-04-26T12:00:00+00:00,2337.03,2353.04,2325.28,2349,8930.046253139999
1777219200,2026-04-26T16:00:00+00:00,2349.05,2405,2341.2,2368.53,33340.22113887
1777233600,2026-04-26T20:00:00+00:00,2368.53,2381.16,2348.91,2370.47,14962.6820559
1777248000,2026-04-27T00:00:00+00:00,2370.47,2405.01,2359.92,2395.27,21999.9838041
1777262400,2026-04-27T04:00:00+00:00,2395.26,2396.7,2312.6,2316.06,35587.44566113
1777276800,2026-04-27T08:00:00+00:00,2316.06,2325.36,2308.81,2320.44,14187.858666990001
1777291200,2026-04-27T12:00:00+00:00,2320.45,2330.08,2263.8,2274.51,50320.632226760004
1777305600,2026-04-27T16:00:00+00:00,2274.51,2293,2269.76,2289.55,29466.01390082
1777320000,2026-04-27T20:00:00+00:00,2289.55,2308.13,2284.34,2303.44,14695.8029362
1777334400,2026-04-28T00:00:00+00:00,2303.59,2310.97,2280.23,2290.66,12466.117893339999
1777348800,2026-04-28T04:00:00+00:00,2290.54,2297.5,2270.31,2287.79,15089.601804
1777363200,2026-04-28T08:00:00+00:00,2287.78,2292.01,2269.76,2274.95,10040.13457564
1777377600,2026-04-28T12:00:00+00:00,2274.98,2286.43,2256.82,2279.66,26776.60335206
1777392000,2026-04-28T16:00:00+00:00,2279.74,2305.36,2273.71,2301.06,24720.27920803
1777406400,2026-04-28T20:00:00+00:00,2301.07,2305.6,2283.6,2289.29,10983.12389643
1777420800,2026-04-29T00:00:00+00:00,2289.28,2316.44,2278.63,2311.47,18462.174194450003
1777435200,2026-04-29T04:00:00+00:00,2311.47,2342.73,2309.05,2323.37,21944.31645972
1777449600,2026-04-29T08:00:00+00:00,2323.6,2347.49,2320.72,2331.25,26949.71601374
1777464000,2026-04-29T12:00:00+00:00,2331.25,2332.1,2262.3,2271.85,50584.12811028
1777478400,2026-04-29T16:00:00+00:00,2271.77,2284.92,2218.65,2232.79,75897.29602566
1777492800,2026-04-29T20:00:00+00:00,2232.75,2264.01,2229.15,2251.85,17380.445514619998
1777507200,2026-04-30T00:00:00+00:00,2251.98,2278.5,2234.86,2252.36,24409.40266615
1777521600,2026-04-30T04:00:00+00:00,2252.36,2261.46,2230.15,2259.98,13777.82559855
1777536000,2026-04-30T08:00:00+00:00,2259.98,2273.21,2251.21,2257.42,14509.86447395
1777550400,2026-04-30T12:00:00+00:00,2257.46,2275.3,2245.83,2265.07,30018.71471911
1777564800,2026-04-30T16:00:00+00:00,2265.07,2266.71,2249.65,2261.07,21756.80464389
1777579200,2026-04-30T20:00:00+00:00,2261.08,2266.88,2251.37,2256.8,9127.87521857
1777593600,2026-05-01T00:00:00+00:00,2256.8,2294.81,2256.34,2282,12654.92089187
1777608000,2026-05-01T04:00:00+00:00,2282,2286.2,2271.55,2279.2,10539.26901888
1777622400,2026-05-01T08:00:00+00:00,2279.17,2293.22,2276.51,2286.33,19342.512858629998
1777636800,2026-05-01T12:00:00+00:00,2286.34,2326.59,2283.92,2307.6,48843.95419862
1777651200,2026-05-01T16:00:00+00:00,2307.6,2315,2297.03,2304.72,25589.22182775
1777665600,2026-05-01T20:00:00+00:00,2304.71,2305.8,2278.86,2295.54,19863.88084122
1777680000,2026-05-02T00:00:00+00:00,2295.54,2308.29,2292.7,2303.94,4904.01714498
1777694400,2026-05-02T04:00:00+00:00,2303.94,2306,2296.49,2300.61,2691.35048346
1777708800,2026-05-02T08:00:00+00:00,2300.84,2307.38,2298.61,2301.82,1995.59782683
1777723200,2026-05-02T12:00:00+00:00,2301.82,2312.03,2300.81,2308.97,3807.40766295
1777737600,2026-05-02T16:00:00+00:00,2308.97,2313.55,2303.8,2310.9,3050.07328923
1777752000,2026-05-02T20:00:00+00:00,2310.9,2342.22,2309.46,2316.89,9509.50059149
1777766400,2026-05-03T00:00:00+00:00,2316.88,2317.78,2298.73,2301.9,5432.92981492
1777780800,2026-05-03T04:00:00+00:00,2301.8,2313.69,2297.59,2309.26,3293.2855849699995
1777795200,2026-05-03T08:00:00+00:00,2309.24,2327.84,2307.2,2319.6,4307.13802378
1777809600,2026-05-03T12:00:00+00:00,2319.7,2333.09,2319.7,2327.84,4700.99076587
1777824000,2026-05-03T16:00:00+00:00,2327.84,2337.88,2321.49,2335.7,6066.0791353800005
1777838400,2026-05-03T20:00:00+00:00,2335.64,2356.38,2314,2322.5,15457.61868987
1777852800,2026-05-04T00:00:00+00:00,2322.48,2391.34,2308.36,2385.01,36322.988077379996
1777867200,2026-05-04T04:00:00+00:00,2384.97,2399.68,2353.6,2362.23,15316.59118395
1777881600,2026-05-04T08:00:00+00:00,2362.23,2370.9,2313.39,2337.37,38068.468465950005
1777896000,2026-05-04T12:00:00+00:00,2337.37,2382.48,2325.39,2349.85,53713.3592658
1777910400,2026-05-04T16:00:00+00:00,2349.96,2380.32,2335.8,2355.3,48949.850301290004
1777924800,2026-05-04T20:00:00+00:00,2355.3,2366.4,2344.28,2346.95,9142.805362989999
1777939200,2026-05-05T00:00:00+00:00,2346.96,2389.53,2344.76,2382.49,12973.18712621
1777953600,2026-05-05T04:00:00+00:00,2382.44,2390.72,2366.87,2380.61,12031.57631103
1777968000,2026-05-05T08:00:00+00:00,2380.59,2384.55,2365.93,2380.07,11580.90697752
1777982400,2026-05-05T12:00:00+00:00,2380.07,2400.16,2368.65,2382.05,31508.261881169998
1777996800,2026-05-05T16:00:00+00:00,2382.05,2384.29,2358.42,2371.36,22665.71913045
1778011200,2026-05-05T20:00:00+00:00,2371.7,2388.5,2354.23,2360.5,14498.01823044
1778025600,2026-05-06T00:00:00+00:00,2360.5,2380.72,2353,2376.47,15217.79950338
1778040000,2026-05-06T04:00:00+00:00,2376.6,2379.44,2354.04,2371.46,12213.59208057
1778054400,2026-05-06T08:00:00+00:00,2371.45,2424,2369.05,2410.78,43368.58332529
1778068800,2026-05-06T12:00:00+00:00,2410.68,2413.81,2345.57,2358.6,50227.108035380006
1778083200,2026-05-06T16:00:00+00:00,2358.61,2366.8,2337.12,2347.79,25625.50967392
1778097600,2026-05-06T20:00:00+00:00,2347.82,2357.14,2338.09,2350.66,9163.60964348
1778112000,2026-05-07T00:00:00+00:00,2350.65,2352.47,2313.21,2321.93,14757.029643920001
1778126400,2026-05-07T04:00:00+00:00,2321.93,2347.13,2317.1,2344.71,8318.07935741
1778140800,2026-05-07T08:00:00+00:00,2344.71,2346.99,2316.82,2329.89,14337.282964689999
1778155200,2026-05-07T12:00:00+00:00,2329.65,2337.05,2285,2294.55,33876.47258931
1778169600,2026-05-07T16:00:00+00:00,2294.29,2304.47,2279.69,2295.95,26093.199356030003
1778184000,2026-05-07T20:00:00+00:00,2296.19,2303.09,2280.03,2290.81,15186.260020970001
1778227200,2026-05-08T08:00:00+00:00,2280.8,2297.22,2279.15,2295.4,4303.02828633
1778241600,2026-05-08T12:00:00+00:00,2295.39,2301.38,2269.55,2293.25,8678.68919757
1778256000,2026-05-08T16:00:00+00:00,2292.95,2321.44,2285.8,2315.68,16539.12879757
1778270400,2026-05-08T20:00:00+00:00,2315.7,2318.96,2302.93,2307.24,5262.04603537
1778284800,2026-05-09T00:00:00+00:00,2307.24,2321.07,2304.27,2315.53,4055.79063086
1778299200,2026-05-09T04:00:00+00:00,2315.54,2325.8,2311.01,2313.7,3504.6719658599995
1778313600,2026-05-09T08:00:00+00:00,2313.88,2319.96,2309.15,2314.33,3527.36077905
1778328000,2026-05-09T12:00:00+00:00,2314.32,2318.14,2299.57,2317.29,5235.51143346
1778342400,2026-05-09T16:00:00+00:00,2317.35,2337.83,2314.77,2331.96,8440.368532640001
1778356800,2026-05-09T20:00:00+00:00,2332.07,2333.39,2324.16,2326.16,3885.6623538500003
1778371200,2026-05-10T00:00:00+00:00,2326.15,2332.67,2318.17,2327.41,4227.22920329
1778385600,2026-05-10T04:00:00+00:00,2327.41,2331.73,2325.73,2327.13,2578.0535173400003
1778400000,2026-05-10T08:00:00+00:00,2327.12,2333.35,2318.52,2322.47,3105.9678446999997
1778414400,2026-05-10T12:00:00+00:00,2322.37,2351.21,2320.44,2347.39,8589.044556460001
1778428800,2026-05-10T16:00:00+00:00,2347.68,2368.45,2340.25,2365.79,18841.50297769
1778443200,2026-05-10T20:00:00+00:00,2365.79,2382.48,2311.85,2371.12,24713.64556996
1778457600,2026-05-11T00:00:00+00:00,2370.96,2375.28,2319.72,2329.86,19547.83965659
1778472000,2026-05-11T04:00:00+00:00,2329.86,2341.79,2326,2330.04,9142.22070157
1778486400,2026-05-11T08:00:00+00:00,2329.81,2339.27,2325.69,2335.29,7907.757957899999
1778500800,2026-05-11T12:00:00+00:00,2335.3,2339.24,2302.75,2333.04,28784.71606657
1778515200,2026-05-11T16:00:00+00:00,2333.03,2344.5,2322.82,2339.86,18752.20331323
1778529600,2026-05-11T20:00:00+00:00,2339.99,2345.3,2334.44,2339.39,9295.869687299999
1778544000,2026-05-12T00:00:00+00:00,2339.48,2340.45,2295.15,2308.89,10874.7370408
1778558400,2026-05-12T04:00:00+00:00,2308.57,2313.63,2290.45,2294.11,7708.0766943
1778572800,2026-05-12T08:00:00+00:00,2294.07,2295.13,2277.8,2286.09,19806.9799583
1778587200,2026-05-12T12:00:00+00:00,2286.11,2294.78,2255.8,2261,44463.607114030005
1778601600,2026-05-12T16:00:00+00:00,2261.04,2287.53,2255.29,2284.98,18440.086840310003
1778616000,2026-05-12T20:00:00+00:00,2285.03,2291.12,2272.97,2274.43,10370.612277979999
1778630400,2026-05-13T00:00:00+00:00,2274.32,2303.44,2272.62,2301.44,9457.029552470001
1778644800,2026-05-13T04:00:00+00:00,2301.45,2308.79,2295.19,2300.61,4768.59652515
1778659200,2026-05-13T08:00:00+00:00,2300.67,2323.1,2298.04,2300.88,11736.31530281
1778673600,2026-05-13T12:00:00+00:00,2300.94,2307.15,2232.72,2235.11,34871.89035606
1778688000,2026-05-13T16:00:00+00:00,2235.3,2267.88,2234.1,2255.25,21969.35752868
1778702400,2026-05-13T20:00:00+00:00,2255.25,2263.6,2249.8,2257.85,10144.77774614
1778716800,2026-05-14T00:00:00+00:00,2257.82,2268.5,2237.11,2240.93,8640.147908989999
1778731200,2026-05-14T04:00:00+00:00,2241.15,2274.41,2238.32,2264.57,7935.250919780001
1778745600,2026-05-14T08:00:00+00:00,2264.57,2270.25,2250.65,2252.71,10649.34144446
1778760000,2026-05-14T12:00:00+00:00,2252.7,2299.52,2245.34,2299.09,32322.10610637
1778774400,2026-05-14T16:00:00+00:00,2300.53,2319.78,2294,2297.77,57724.10779604001
1778788800,2026-05-14T20:00:00+00:00,2297.78,2302.19,2280.18,2283.08,12729.94724348
1778803200,2026-05-15T00:00:00+00:00,2283.09,2299.87,2259.61,2272.66,16239.22259033
1778817600,2026-05-15T04:00:00+00:00,2272.66,2273.23,2236.4,2264.53,14139.355446950001
1778832000,2026-05-15T08:00:00+00:00,2264.4,2264.92,2249.26,2256.65,12922.75371754
1778846400,2026-05-15T12:00:00+00:00,2256.69,2260.43,2203,2221.46,54716.02676913
1778860800,2026-05-15T16:00:00+00:00,2221.47,2232.28,2217.56,2221.79,24665.152923870002
1778875200,2026-05-15T20:00:00+00:00,2221.4,2224.82,2212.08,2223,12153.779633400001
1778889600,2026-05-16T00:00:00+00:00,2223,2230.45,2221.91,2226.65,5960.26654168
1778904000,2026-05-16T04:00:00+00:00,2226.64,2227.38,2180.01,2193.67,13909.180407169999
1778918400,2026-05-16T08:00:00+00:00,2193.66,2196.38,2161.8,2175.06,8933.98442042
1778932800,2026-05-16T12:00:00+00:00,2175.07,2187.2,2171.14,2178.9,7384.0833993900005
1778947200,2026-05-16T16:00:00+00:00,2178.88,2184.11,2169.5,2178.78,7729.60611042
1778961600,2026-05-16T20:00:00+00:00,2178.96,2182.84,2178.24,2179.96,2762.49481271
1778976000,2026-05-17T00:00:00+00:00,2179.95,2184.79,2166.83,2180.46,6428.7243548900005
1778990400,2026-05-17T04:00:00+00:00,2180.46,2193.85,2180.09,2185.5,3398.1248360400004
1779004800,2026-05-17T08:00:00+00:00,2185.54,2197.3,2182.04,2191.2,3477.6299704
1779019200,2026-05-17T12:00:00+00:00,2191.2,2197.3,2177.18,2185.41,4450.77345136
1779033600,2026-05-17T16:00:00+00:00,2185.42,2192.69,2175.61,2191.29,3795.9549028700003
1779048000,2026-05-17T20:00:00+00:00,2191.3,2193.94,2078.22,2129.74,23042.45322474
1779062400,2026-05-18T00:00:00+00:00,2129.74,2130.97,2103.36,2117.24,23305.38396333
1779076800,2026-05-18T04:00:00+00:00,2117.24,2124.78,2108.95,2119.3,8960.74487957
1779091200,2026-05-18T08:00:00+00:00,2119.47,2138.9,2108.74,2132.77,19530.34202733
1779105600,2026-05-18T12:00:00+00:00,2132.86,2156.48,2091.7,2105.88,46926.17732429
1779120000,2026-05-18T16:00:00+00:00,2106,2128.07,2076.4,2123.45,51528.266570349995
1779134400,2026-05-18T20:00:00+00:00,2123.45,2141.27,2112.71,2128.57,14171.3750439
1779148800,2026-05-19T00:00:00+00:00,2128.52,2145.4,2117,2129.83,10801.53771241
1779163200,2026-05-19T04:00:00+00:00,2129.82,2143.52,2121.94,2139.42,9252.79782844
1779177600,2026-05-19T08:00:00+00:00,2139.4,2139.8,2104.43,2108.58,11865.31954157
1779192000,2026-05-19T12:00:00+00:00,2108.75,2125.43,2092.45,2108.4,31727.768092259998
1779206400,2026-05-19T16:00:00+00:00,2108.5,2123.94,2105.09,2111.48,18185.07386366
1779220800,2026-05-19T20:00:00+00:00,2111.48,2118.8,2100.59,2110.06,5804.6927571
1779235200,2026-05-20T00:00:00+00:00,2110.05,2117.05,2100.43,2109.28,8431.86694796
1779249600,2026-05-20T04:00:00+00:00,2109.28,2134.44,2105.01,2127.63,10936.90324595
1779264000,2026-05-20T08:00:00+00:00,2127.61,2136.12,2122.07,2125.9,8068.76512925
1779278400,2026-05-20T12:00:00+00:00,2125.9,2147.59,2111.7,2134.49,25458.103909769998
1779292800,2026-05-20T16:00:00+00:00,2134.5,2147.5,2121.6,2136.75,17960.35766455
1779307200,2026-05-20T20:00:00+00:00,2136.83,2138.69,2115.95,2127.49,10019.420423990001
1779321600,2026-05-21T00:00:00+00:00,2127.48,2155.19,2126.42,2143.82,10464.508172830001
1779336000,2026-05-21T04:00:00+00:00,2143.92,2147.04,2122,2132.83,8478.270360760001
1779350400,2026-05-21T08:00:00+00:00,2132.83,2146.34,2107.19,2112.86,19880.06111264
1779364800,2026-05-21T12:00:00+00:00,2112.86,2136.27,2102.38,2130.43,30756.412988609998
1779379200,2026-05-21T16:00:00+00:00,2130.43,2151.8,2119.31,2140.78,40168.67283862
1779393600,2026-05-21T20:00:00+00:00,2140.79,2141.4,2125.17,2131.96,10988.44740451
1779408000,2026-05-22T00:00:00+00:00,2131.96,2139.14,2123.62,2135.85,8799.5269391
1779422400,2026-05-22T04:00:00+00:00,2136.06,2139.39,2119.57,2126.21,8085.023421070001
1779436800,2026-05-22T08:00:00+00:00,2126.21,2131.08,2116.48,2128.49,9336.08939355
1779451200,2026-05-22T12:00:00+00:00,2128.49,2136.06,2109.76,2116.93,22448.19893313
1779465600,2026-05-22T16:00:00+00:00,2116.92,2128.08,2055.25,2062.57,30613.53151177
1779480000,2026-05-22T20:00:00+00:00,2062.66,2077.27,2055.11,2063.39,15693.52112984
1779494400,2026-05-23T00:00:00+00:00,2063.58,2069.51,2050.5,2068.02,9303.770042650001
1779508800,2026-05-23T04:00:00+00:00,2068.02,2068.27,2006.64,2026.15,16503.41162019
1779523200,2026-05-23T08:00:00+00:00,2026.06,2033.31,2018.71,2029.24,10500.076472599998
1779537600,2026-05-23T12:00:00+00:00,2029.23,2066.01,2023.89,2057.64,15394.17824859
1779552000,2026-05-23T16:00:00+00:00,2057.64,2081.15,2054.33,2075.03,11722.48765347
1779566400,2026-05-23T20:00:00+00:00,2075.04,2146.73,2071.76,2115.04,28650.185651559997
1779580800,2026-05-24T00:00:00+00:00,2115.11,2124.55,2109.25,2116.26,8409.5823753
1779595200,2026-05-24T04:00:00+00:00,2116.44,2127.22,2110.88,2118.38,4521.13456431
1779609600,2026-05-24T08:00:00+00:00,2118.45,2128.94,2116.44,2123.66,4764.17168094
1779624000,2026-05-24T12:00:00+00:00,2123.66,2124.1,2076.93,2093.35,11193.5494885
1779638400,2026-05-24T16:00:00+00:00,2093.34,2106.29,2092.54,2098.09,6905.00463128
1779652800,2026-05-24T20:00:00+00:00,2098.09,2104.8,2059.33,2097.35,18470.21421264
1779667200,2026-05-25T00:00:00+00:00,2097.38,2110.46,2089.6,2092.95,9488.04273454
1779681600,2026-05-25T04:00:00+00:00,2092.97,2116.08,2089.86,2113.8,9126.81730679
1779696000,2026-05-25T08:00:00+00:00,2113.92,2122.24,2109.22,2113.15,5856.4625919400005
1779710400,2026-05-25T12:00:00+00:00,2113.15,2136.33,2110.27,2124.91,8918.78291197
1779724800,2026-05-25T16:00:00+00:00,2124.92,2139.94,2114.65,2119.42,5623.2082989499995
1779739200,2026-05-25T20:00:00+00:00,2119.32,2121.12,2100.4,2110.91,22269.93524491
1779753600,2026-05-26T00:00:00+00:00,2111.04,2112.37,2082.14,2091.15,13840.838474189999
1779768000,2026-05-26T04:00:00+00:00,2091.15,2102.52,2086.61,2093.04,6825.7257051999995
1779782400,2026-05-26T08:00:00+00:00,2093.05,2135.09,2091.75,2118.71,24113.954558370002
1779796800,2026-05-26T12:00:00+00:00,2118.7,2138.55,2075.51,2084.48,59657.920412470005
1779811200,2026-05-26T16:00:00+00:00,2084.48,2087.23,2052,2070.84,36824.221172139994
1779825600,2026-05-26T20:00:00+00:00,2070.84,2075.98,2062.83,2070.88,10966.41703274
1779840000,2026-05-27T00:00:00+00:00,2070.88,2081.2,2065.75,2066.78,8603.94905361
1779854400,2026-05-27T04:00:00+00:00,2066.78,2081,2053.26,2080.39,6339.57119982
1779868800,2026-05-27T08:00:00+00:00,2080.28,2093.57,2075.38,2077.68,13129.01470329
1779883200,2026-05-27T12:00:00+00:00,2077.74,2094.51,2048.03,2067.57,33859.7724786
1779897600,2026-05-27T16:00:00+00:00,2067.78,2070.4,2039.37,2053.26,28612.69420304
1779912000,2026-05-27T20:00:00+00:00,2053.25,2062.68,2012.35,2021.64,20407.52615455
1779926400,2026-05-28T00:00:00+00:00,2021.52,2025.9,1968.14,1978.39,29100.83164428
1779940800,2026-05-28T04:00:00+00:00,1978.38,1992.96,1964.44,1991.7,27357.346192900004
1779955200,2026-05-28T08:00:00+00:00,1991.73,1995.47,1981.2,1986.44,12569.781006189998
1779969600,2026-05-28T12:00:00+00:00,1986.43,1999.09,1964.01,1987.11,43207.00894094
1779984000,2026-05-28T16:00:00+00:00,1987.1,2027.08,1981.41,2011.49,29909.81261681
1779998400,2026-05-28T20:00:00+00:00,2011.5,2021.6,2002.51,2006.61,16420.69900478
1780012800,2026-05-29T00:00:00+00:00,2006.6,2014.3,1994.13,1999.83,13869.18930061
1780027200,2026-05-29T04:00:00+00:00,1999.84,2018.2,1995.55,2004.12,14558.725813129999
1780041600,2026-05-29T08:00:00+00:00,2004.11,2013.22,1999.63,2004.85,12504.56599076
1780056000,2026-05-29T12:00:00+00:00,2004.84,2043.16,1973.36,2028.41,53400.745875680004
1780070400,2026-05-29T16:00:00+00:00,2028.46,2041.66,2002.15,2013.76,34019.92270412
1780084800,2026-05-29T20:00:00+00:00,2013.99,2021.2,2004.17,2011.65,25816.76183122
1780099200,2026-05-30T00:00:00+00:00,2011.64,2020.69,2007.83,2013.81,7939.04307071
1780113600,2026-05-30T04:00:00+00:00,2014.01,2018.06,1999.33,2013.21,7681.1712590100005
1780128000,2026-05-30T08:00:00+00:00,2013.2,2019.66,2011.09,2014.62,3615.7531442400004
1780142400,2026-05-30T12:00:00+00:00,2014.63,2029.35,2014.31,2023.75,6789.9955144900005
1780156800,2026-05-30T16:00:00+00:00,2023.75,2027.5,2016.7,2025.83,7067.83586354
1780171200,2026-05-30T20:00:00+00:00,2025.83,2028.46,2017.25,2019.58,5174.20851414
1780185600,2026-05-31T00:00:00+00:00,2019.6,2034.89,2017.83,2030.41,6239.06349939
1780200000,2026-05-31T04:00:00+00:00,2030.4,2031.85,2019.61,2021.16,3947.7655483199997
1780214400,2026-05-31T08:00:00+00:00,2021.14,2026.18,2012.5,2020.52,5818.81349156
1780228800,2026-05-31T12:00:00+00:00,2020.5,2023.47,2002.68,2007.65,13110.06193659
1780243200,2026-05-31T16:00:00+00:00,2007.65,2010.04,1991.1,1996.82,11273.64412732
1780257600,2026-05-31T20:00:00+00:00,1996.81,2019.9,1996.81,2004,11597.144998060001
1780272000,2026-06-01T00:00:00+00:00,2004.01,2018.48,1988.28,2006.48,14881.99363096
1780286400,2026-06-01T04:00:00+00:00,2006.48,2009.32,1969.13,1973.74,15379.89866824
1780300800,2026-06-01T08:00:00+00:00,1973.78,1987.58,1969.23,1979.29,10526.059244439999
1780315200,2026-06-01T12:00:00+00:00,1979.31,1991.88,1954,1965,52716.22337614
1780329600,2026-06-01T16:00:00+00:00,1965,2006.16,1955,2002,35563.71415797
1780344000,2026-06-01T20:00:00+00:00,2001.86,2006.79,1981.72,2004,14407.13557775
1780358400,2026-06-02T00:00:00+00:00,2004.08,2004.11,1959.29,2000.76,15160.313984069999
1780372800,2026-06-02T04:00:00+00:00,2000.86,2003.75,1970.9,1978.83,11985.064863009999
1780387200,2026-06-02T08:00:00+00:00,1978.99,1985.9,1963.2,1975.94,14920.742093300001
1780401600,2026-06-02T12:00:00+00:00,1975.93,1980.37,1888,1911.53,69861.48977166
1780416000,2026-06-02T16:00:00+00:00,1911.2,1940.12,1879.5,1909.33,56208.51183194
1780430400,2026-06-02T20:00:00+00:00,1909.33,1916,1836.96,1857.32,60236.408831370005
1780444800,2026-06-03T00:00:00+00:00,1857.31,1871.69,1811.4,1825.4,38904.44382768
1780459200,2026-06-03T04:00:00+00:00,1825.52,1881.38,1825.09,1875.88,30942.018817
1780473600,2026-06-03T08:00:00+00:00,1875.75,1890.1,1867.08,1875.7,18668.01445084
1780488000,2026-06-03T12:00:00+00:00,1875.71,1877.49,1833.5,1834.36,48450.73522844
1780502400,2026-06-03T16:00:00+00:00,1834.44,1841.24,1793.95,1801.18,63667.8453898
1780516800,2026-06-03T20:00:00+00:00,1801.17,1849.41,1768,1810.66,57084.53164515
1780531200,2026-06-04T00:00:00+00:00,1810.65,1818,1715.36,1806.75,79862.37345793
1780545600,2026-06-04T04:00:00+00:00,1806.74,1816.01,1771.71,1775.47,29117.012615959997
1780560000,2026-06-04T08:00:00+00:00,1775.48,1781.73,1728.29,1749.3,44459.27895244
1780574400,2026-06-04T12:00:00+00:00,1749.3,1792.8,1742.03,1774.52,66526.58691427
1780588800,2026-06-04T16:00:00+00:00,1774.53,1784.9,1751.68,1774.83,50462.811155300005
1780603200,2026-06-04T20:00:00+00:00,1774.84,1781.18,1750.81,1768.53,29638.39026285
1780617600,2026-06-05T00:00:00+00:00,1768.52,1772.86,1719.38,1727.7,42991.45692296
1780632000,2026-06-05T04:00:00+00:00,1727.75,1745.64,1623.44,1677.65,97684.00586625001
1780646400,2026-06-05T08:00:00+00:00,1677.6,1688.8,1657.81,1661.9,30874.56061331
1780660800,2026-06-05T12:00:00+00:00,1661.82,1676.58,1571.15,1582.01,111888.50833118
1780675200,2026-06-05T16:00:00+00:00,1582,1611.74,1539.26,1572.97,127604.39104250999
1780689600,2026-06-05T20:00:00+00:00,1572.97,1618.99,1556.64,1582.85,76092.9812808
1780704000,2026-06-06T00:00:00+00:00,1582.71,1600.85,1554.85,1562.81,22582.83827868
1780718400,2026-06-06T04:00:00+00:00,1562.93,1580.6,1505,1574.37,42583.665231809995
1780732800,2026-06-06T08:00:00+00:00,1574.4,1592.49,1534.77,1558.06,26851.499457320002
1780747200,2026-06-06T12:00:00+00:00,1558.06,1574.8,1544.06,1559.87,23114.98980914
1780761600,2026-06-06T16:00:00+00:00,1559.8,1565.69,1546.54,1553.91,22830.37656018
1780776000,2026-06-06T20:00:00+00:00,1553.74,1569.3,1550.24,1568.87,17105.69754257
1780790400,2026-06-07T00:00:00+00:00,1568.86,1599.9,1563.2,1594.28,17381.3381387
1780804800,2026-06-07T04:00:00+00:00,1594.2,1622.45,1584.19,1614.36,17729.1496659
1780819200,2026-06-07T08:00:00+00:00,1614.49,1647.97,1608.1,1629.66,20624.752931979998
1780833600,2026-06-07T12:00:00+00:00,1629.64,1639.64,1606.19,1629.6,20387.64155566
1780848000,2026-06-07T16:00:00+00:00,1629.6,1637.74,1603.41,1612.45,18381.04569331
1780862400,2026-06-07T20:00:00+00:00,1612.3,1720.15,1608.6,1689.75,44393.76236197
1780876800,2026-06-08T00:00:00+00:00,1689.58,1710.9,1670.57,1678.99,34650.39351848
1780891200,2026-06-08T04:00:00+00:00,1678.96,1679.77,1644.08,1672.3,32410.132844030002
1780905600,2026-06-08T08:00:00+00:00,1672,1695.43,1655.88,1682.28,31032.81132183
1780920000,2026-06-08T12:00:00+00:00,1682.3,1705.51,1665.83,1690.75,61900.251272409994
1780934400,2026-06-08T16:00:00+00:00,1690.99,1703.29,1674.43,1683.94,48934.02399725
1780948800,2026-06-08T20:00:00+00:00,1684.09,1714.19,1678.72,1689.89,28860.91507117
1780963200,2026-06-09T00:00:00+00:00,1689.8,1696.2,1653.68,1668.71,29093.93061419
1780977600,2026-06-09T04:00:00+00:00,1668.7,1695.37,1663.75,1679,20720.52074374
1780992000,2026-06-09T08:00:00+00:00,1679.07,1679.83,1663.93,1670.96,15324.40687328
1781006400,2026-06-09T12:00:00+00:00,1670.88,1682.29,1632.63,1634.95,54437.768010479995
1781020800,2026-06-09T16:00:00+00:00,1634.94,1657.92,1612.37,1656.11,47148.15454715
1781035200,2026-06-09T20:00:00+00:00,1656.19,1662.28,1629.3,1638.45,21711.133003819996
1781049600,2026-06-10T00:00:00+00:00,1638.45,1645.87,1620.57,1629.71,14312.68944789
1781064000,2026-06-10T04:00:00+00:00,1629.58,1642.34,1615.13,1638.85,13578.984961580001
1781078400,2026-06-10T08:00:00+00:00,1638.95,1639.64,1604.34,1618.95,24279.07051943
1781092800,2026-06-10T12:00:00+00:00,1618.96,1666.76,1614.33,1656.6,56635.08614899
1781107200,2026-06-10T16:00:00+00:00,1656.59,1657.49,1620,1628.5,37167.0737792
1781121600,2026-06-10T20:00:00+00:00,1628.39,1635.67,1601.5,1620.03,25525.598599689998
1781136000,2026-06-11T00:00:00+00:00,1619.96,1659.56,1619.96,1651.72,17467.88579771
1781150400,2026-06-11T04:00:00+00:00,1651.84,1661.16,1644.3,1652.47,9830.13893804
1781164800,2026-06-11T08:00:00+00:00,1652.41,1671.5,1652.18,1665.11,18083.88580077
1781179200,2026-06-11T12:00:00+00:00,1665.1,1665.36,1634.23,1643.7,40956.341062
1781193600,2026-06-11T16:00:00+00:00,1643.69,1691.86,1630.35,1680.41,52463.38631608
1781208000,2026-06-11T20:00:00+00:00,1679.96,1681.82,1665.44,1671.94,15034.317480299998
1781222400,2026-06-12T00:00:00+00:00,1671.84,1676.1,1658.57,1670.8,9019.13980562
1781236800,2026-06-12T04:00:00+00:00,1670.8,1679.52,1650,1659.93,12063.900322500001
1781251200,2026-06-12T08:00:00+00:00,1660.01,1683.69,1659.93,1671.77,9226.60922477
1781265600,2026-06-12T12:00:00+00:00,1671.78,1689.95,1651.39,1658.67,45131.26591706
1781280000,2026-06-12T16:00:00+00:00,1658.64,1677.46,1655.91,1664.5,21611.31667162
1781294400,2026-06-12T20:00:00+00:00,1664.67,1667.36,1658.02,1665.52,7678.46376899
1781308800,2026-06-13T00:00:00+00:00,1665.5,1674.6,1662.12,1664.17,7838.4246152999995
1781323200,2026-06-13T04:00:00+00:00,1664.17,1676.78,1661.33,1675.14,6885.404262669999
1781337600,2026-06-13T08:00:00+00:00,1675.17,1678.41,1671.73,1677.26,8748.88736158
1781352000,2026-06-13T12:00:00+00:00,1677.27,1685.07,1675.45,1681.11,7484.430193170001
1781366400,2026-06-13T16:00:00+00:00,1681.11,1682.35,1670.2,1677.58,11579.16846216
1781380800,2026-06-13T20:00:00+00:00,1677.64,1696.27,1674.01,1680.3,6431.55797176
1781395200,2026-06-14T00:00:00+00:00,1680.36,1689.6,1677.84,1680.94,5204.41487925
1781409600,2026-06-14T04:00:00+00:00,1680.87,1681.88,1672.86,1674.92,6473.532026860001
1781424000,2026-06-14T08:00:00+00:00,1674.92,1677.68,1668.38,1672.55,6312.41961472
1781438400,2026-06-14T12:00:00+00:00,1672.61,1673.43,1653.69,1662.13,9568.31001402
1781452800,2026-06-14T16:00:00+00:00,1662,1667.66,1651.74,1664.21,23418.43935057
1781467200,2026-06-14T20:00:00+00:00,1664.28,1731.39,1661.45,1724.73,23957.92980649
1781481600,2026-06-15T00:00:00+00:00,1724.73,1731.54,1708.89,1720,14360.071754920002
1781496000,2026-06-15T04:00:00+00:00,1719.82,1722.68,1715.06,1715.31,6767.68010408
1781510400,2026-06-15T08:00:00+00:00,1715.32,1767.14,1710.64,1763.75,26532.101204829996
1781524800,2026-06-15T12:00:00+00:00,1763.75,1848.42,1759.13,1844.7,47226.99544913
1781539200,2026-06-15T16:00:00+00:00,1844.39,1846.86,1810.73,1820.54,42415.86973342
1781553600,2026-06-15T20:00:00+00:00,1820.54,1825.7,1781.71,1795.01,18287.73287307
1781568000,2026-06-16T00:00:00+00:00,1795,1801,1763.67,1777.98,14717.077447419997
1781582400,2026-06-16T04:00:00+00:00,1778.03,1782.22,1757.61,1773.26,15309.662176009999
1781596800,2026-06-16T08:00:00+00:00,1773.08,1807.13,1772.24,1798.23,17260.89311861
1781611200,2026-06-16T12:00:00+00:00,1798.32,1838,1761.98,1780.86,37751.0818353
1781625600,2026-06-16T16:00:00+00:00,1780.83,1806.95,1771.44,1793.95,24012.85884332
1781640000,2026-06-16T20:00:00+00:00,1793.97,1799.11,1787.74,1791.24,9984.47827869
1781654400,2026-06-17T00:00:00+00:00,1791.24,1809.05,1777.75,1792.04,10133.00760159
1781668800,2026-06-17T04:00:00+00:00,1792.03,1800.32,1777.09,1783.35,8235.37627934
1781683200,2026-06-17T08:00:00+00:00,1783.35,1784.59,1757.84,1762.41,10475.87610897
1781697600,2026-06-17T12:00:00+00:00,1762.5,1775.83,1739.73,1771.95,25477.79796114
1781712000,2026-06-17T16:00:00+00:00,1771.95,1794.52,1727.59,1733.26,47354.798771559996
1781726400,2026-06-17T20:00:00+00:00,1733.26,1750.1,1723.78,1749,14547.434035530001
1781740800,2026-06-18T00:00:00+00:00,1748.98,1761.53,1739.4,1742.24,11551.70735652
1781755200,2026-06-18T04:00:00+00:00,1742.3,1751.4,1719.62,1747.89,14369.881024670001
1781769600,2026-06-18T08:00:00+00:00,1747.89,1752.19,1736.28,1741.58,12240.1795025
1781784000,2026-06-18T12:00:00+00:00,1741.59,1751.5,1677.82,1679.82,37757.26177496
1781798400,2026-06-18T16:00:00+00:00,1679.8,1705.72,1669.2,1703.57,30992.96294811
1781812800,2026-06-18T20:00:00+00:00,1703.5,1715.42,1698.19,1709.01,16136.423471460002
1781827200,2026-06-19T00:00:00+00:00,1709,1717.4,1680.38,1695.81,12796.54476405
1781841600,2026-06-19T04:00:00+00:00,1695.84,1701.75,1683.91,1694.07,9935.52256842
1781856000,2026-06-19T08:00:00+00:00,1694.08,1697.83,1685.61,1690.06,9176.74238262
1781870400,2026-06-19T12:00:00+00:00,1690.24,1710.42,1677.36,1706.09,9771.891289570001
1781884800,2026-06-19T16:00:00+00:00,1706.17,1710.2,1691.95,1699.39,7663.0387978
1781899200,2026-06-19T20:00:00+00:00,1699.58,1713.19,1697.16,1709.42,10773.66551906
1781913600,2026-06-20T00:00:00+00:00,1709.41,1716.4,1702.29,1706.46,5119.05975715
1781928000,2026-06-20T04:00:00+00:00,1706.31,1731.39,1704.95,1724.2,6644.66253139
1781942400,2026-06-20T08:00:00+00:00,1724.3,1729.99,1719.71,1725.32,3801.23439806
1781956800,2026-06-20T12:00:00+00:00,1725.32,1747.6,1706.63,1738.7,11556.298596339999
1781971200,2026-06-20T16:00:00+00:00,1738.76,1739.1,1718.91,1727.08,9351.6316739
1781985600,2026-06-20T20:00:00+00:00,1726.96,1744,1724.11,1738.46,9146.39969043
1782000000,2026-06-21T00:00:00+00:00,1738.61,1739.05,1731.28,1735.71,6129.554051089999
1782014400,2026-06-21T04:00:00+00:00,1735.81,1739.14,1727.27,1729.92,3647.8896365600003
1782028800,2026-06-21T08:00:00+00:00,1729.91,1734.8,1716.57,1723.36,5077.924761189999
1782043200,2026-06-21T12:00:00+00:00,1723.2,1730.69,1714.51,1728.75,9044.7571518
1782057600,2026-06-21T16:00:00+00:00,1728.62,1737.39,1719.55,1732.02,8237.891696220002
1782072000,2026-06-21T20:00:00+00:00,1732.02,1733.29,1700,1704.8,14418.466321709999
1782086400,2026-06-22T00:00:00+00:00,1704.99,1757.23,1704.99,1727.88,14981.05590962
1782100800,2026-06-22T04:00:00+00:00,1728.07,1749.42,1725.51,1744.41,7395.46763343
1782115200,2026-06-22T08:00:00+00:00,1744.41,1773,1741.49,1766.03,13049.745623890001
1782129600,2026-06-22T12:00:00+00:00,1766.01,1777.83,1740.14,1742.49,42693.82937228
1782144000,2026-06-22T16:00:00+00:00,1742.66,1745.78,1726.75,1732.52,25965.38997158
1782158400,2026-06-22T20:00:00+00:00,1732.48,1737.77,1714.98,1726.15,15464.072675700001
1782172800,2026-06-23T00:00:00+00:00,1726.12,1734.25,1717.65,1727.78,5744.9354845200005
1782187200,2026-06-23T04:00:00+00:00,1727.8,1729.08,1678.71,1680.67,13128.94058048
1782201600,2026-06-23T08:00:00+00:00,1680.81,1682.62,1633.47,1658.91,21277.349305229996
1782216000,2026-06-23T12:00:00+00:00,1658.94,1669.9,1643.28,1657.51,24660.72555589
1782230400,2026-06-23T16:00:00+00:00,1657.59,1671.8,1647.29,1660.16,26332.23916861
1782244800,2026-06-23T20:00:00+00:00,1660.28,1670.68,1657.81,1665.04,10211.729280219999
1782259200,2026-06-24T00:00:00+00:00,1665.04,1678.21,1655.76,1664.65,9265.46472601
1782273600,2026-06-24T04:00:00+00:00,1664.65,1677.36,1656.09,1670.75,6746.753084440001
1782288000,2026-06-24T08:00:00+00:00,1670.8,1689.85,1653.17,1676.88,10474.0196944
1782302400,2026-06-24T12:00:00+00:00,1677.1,1678.97,1614.21,1615.6,42167.62270368
1782316800,2026-06-24T16:00:00+00:00,1615.55,1633.45,1550.93,1582.2,70595.82925417
1782331200,2026-06-24T20:00:00+00:00,1581.96,1627.2,1577.2,1619.72,23857.50809881
1782345600,2026-06-25T00:00:00+00:00,1619.72,1623.81,1611.9,1616.89,10219.126420600001
1782360000,2026-06-25T04:00:00+00:00,1616.9,1657.72,1614.48,1654.67,15766.532377259999
1782374400,2026-06-25T08:00:00+00:00,1654.73,1656.58,1625.68,1630.67,13249.456216300001
1782388800,2026-06-25T12:00:00+00:00,1630.71,1646.74,1530.38,1567.51,80794.98999785
1782403200,2026-06-25T16:00:00+00:00,1567.52,1585,1551.85,1557,41784.47963849
1782417600,2026-06-25T20:00:00+00:00,1556.93,1580.82,1554.15,1565.19,18663.482854500002
1782432000,2026-06-26T00:00:00+00:00,1565.28,1569.35,1510,1555.44,32540.10010055
1782446400,2026-06-26T04:00:00+00:00,1555.41,1583.82,1541.05,1578.6,15918.01839721
1782460800,2026-06-26T08:00:00+00:00,1578.56,1579.95,1538.54,1543.08,14525.167940180001
1782475200,2026-06-26T12:00:00+00:00,1542.88,1586.02,1519.02,1578,55226.99258813
1782489600,2026-06-26T16:00:00+00:00,1577.99,1591.67,1567.62,1572.18,29367.56781661
1782504000,2026-06-26T20:00:00+00:00,1572.43,1580.9,1565.28,1576.27,11673.708974219999
1782518400,2026-06-27T00:00:00+00:00,1576.46,1584.72,1569.21,1578.25,6539.15548954
1782532800,2026-06-27T04:00:00+00:00,1578.25,1584,1572.8,1583.34,3640.00534912
1782547200,2026-06-27T08:00:00+00:00,1583.24,1583.5,1576.51,1581.42,2575.97534292
1782561600,2026-06-27T12:00:00+00:00,1581.34,1608.27,1578.96,1603.1,7982.457410720001
1782576000,2026-06-27T16:00:00+00:00,1603.09,1605.57,1570.32,1575.78,13570.064151899998
1782590400,2026-06-27T20:00:00+00:00,1575.8,1582.65,1560.65,1571.6,10345.80072639
1782604800,2026-06-28T00:00:00+00:00,1571.59,1577.68,1566.91,1572.79,4873.90094709
1782619200,2026-06-28T04:00:00+00:00,1572.71,1575.11,1560.23,1573.74,5528.77374084
1782633600,2026-06-28T08:00:00+00:00,1573.58,1583.63,1570.23,1580.55,3458.9106391600003
1782648000,2026-06-28T12:00:00+00:00,1580.55,1586.51,1572.76,1578.79,4576.51090747
1782662400,2026-06-28T16:00:00+00:00,1578.73,1579.57,1554.47,1562.42,7215.836877239999
1782676800,2026-06-28T20:00:00+00:00,1562.22,1579.57,1545.14,1569.41,13482.476815220001
1782691200,2026-06-29T00:00:00+00:00,1569.4,1587.09,1547.77,1582.03,16781.5993673
1782705600,2026-06-29T04:00:00+00:00,1582.11,1586.49,1559.7,1577.85,9927.69030297
1782720000,2026-06-29T08:00:00+00:00,1577.84,1584.61,1567.42,1572.49,13379.49257518
1782734400,2026-06-29T12:00:00+00:00,1572.61,1594.44,1554.36,1577,47138.08918557
1782748800,2026-06-29T16:00:00+00:00,1577.17,1635,1571.01,1622.91,40611.38583751
1782763200,2026-06-29T20:00:00+00:00,1622.95,1624.55,1605.06,1610.62,13878.14692924
1782777600,2026-06-30T00:00:00+00:00,1610.6,1612.08,1583.67,1584.32,10052.71466377
1782792000,2026-06-30T04:00:00+00:00,1584.31,1593.54,1576.89,1589.83,8306.31842344
1782806400,2026-06-30T08:00:00+00:00,1589.82,1591.86,1573.13,1575.7,12107.638449130001
1782820800,2026-06-30T12:00:00+00:00,1575.71,1575.78,1547.08,1562.18,40724.75511105
1782835200,2026-06-30T16:00:00+00:00,1562.18,1579.2,1558.64,1578.02,16187.404435030001
1782849600,2026-06-30T20:00:00+00:00,1578.01,1580.45,1563.07,1569.45,14884.919432189998
1782864000,2026-07-01T00:00:00+00:00,1569.45,1596.49,1550.59,1592.33,18138.469415
1782878400,2026-07-01T04:00:00+00:00,1592.21,1601.43,1569.11,1576.19,17084.46158125
1782892800,2026-07-01T08:00:00+00:00,1576.19,1583.1,1564.9,1567.73,15080.36342898
1782907200,2026-07-01T12:00:00+00:00,1567.81,1629.62,1563.51,1618.58,49529.51489765
1782921600,2026-07-01T16:00:00+00:00,1618.57,1627.77,1605.53,1616.4,26150.54390077
1782936000,2026-07-01T20:00:00+00:00,1616.34,1644,1606.57,1607.64,20761.97856747
1782950400,2026-07-02T00:00:00+00:00,1607.8,1640,1595.2,1637.55,19961.26620424
1782964800,2026-07-02T04:00:00+00:00,1637.5,1637.92,1611.79,1613.87,10777.35387789
1782979200,2026-07-02T08:00:00+00:00,1613.88,1653.02,1612.89,1648.44,19002.551445830002
1782993600,2026-07-02T12:00:00+00:00,1648.35,1723.05,1645.56,1695.12,58733.28830082
1783008000,2026-07-02T16:00:00+00:00,1695.13,1705.86,1684.56,1698.52,28835.76308376
1783022400,2026-07-02T20:00:00+00:00,1698.5,1705.01,1690.11,1698.63,11298.6932286
1783036800,2026-07-03T00:00:00+00:00,1698.63,1716.64,1692.84,1704.32,10420.01304074
1783051200,2026-07-03T04:00:00+00:00,1704.32,1720.3,1700.16,1715.98,9678.58035047
1783065600,2026-07-03T08:00:00+00:00,1715.99,1747,1713.86,1740.51,14848.76660713
1783080000,2026-07-03T12:00:00+00:00,1740.51,1751.42,1726.95,1729.42,13470.93058048
1783094400,2026-07-03T16:00:00+00:00,1729.41,1751.6,1726.18,1743.5,9066.28677348
1783108800,2026-07-03T20:00:00+00:00,1743.51,1774,1741.91,1756.14,13219.135174629999
1783123200,2026-07-04T00:00:00+00:00,1756.14,1762.37,1742.45,1752.11,5682.12520346
1783137600,2026-07-04T04:00:00+00:00,1752.11,1762.56,1749.81,1756.84,3907.79722162
1783152000,2026-07-04T08:00:00+00:00,1756.83,1764.06,1753.4,1756.63,3344.56258751
1783166400,2026-07-04T12:00:00+00:00,1756.62,1797.16,1756.62,1789.7,13986.82935514
1783180800,2026-07-04T16:00:00+00:00,1789.68,1806.01,1777.52,1791.31,15079.29618242
1783195200,2026-07-04T20:00:00+00:00,1791.3,1794.49,1770.79,1779.34,7945.92658903
1783209600,2026-07-05T00:00:00+00:00,1779.16,1779.29,1755.4,1759.94,6966.58703043
1783224000,2026-07-05T04:00:00+00:00,1759.9,1770.97,1758.46,1768.36,3677.58020902
1783238400,2026-07-05T08:00:00+00:00,1768.24,1771.4,1747.58,1758.6,4198.3852683000005
1783252800,2026-07-05T12:00:00+00:00,1758.69,1779.65,1754.5,1773.08,5872.49344642
1783267200,2026-07-05T16:00:00+00:00,1773.09,1784.9,1768.55,1779.76,6439.79654963
1783281600,2026-07-05T20:00:00+00:00,1779.75,1806.51,1767.82,1784.2,13694.36097839
1783296000,2026-07-06T00:00:00+00:00,1784.13,1796.89,1770.35,1778.07,8087.43181029
1783310400,2026-07-06T04:00:00+00:00,1778.11,1783.24,1763.09,1770.42,10996.297549980001
1783324800,2026-07-06T08:00:00+00:00,1770.41,1776.8,1754,1757.63,15565.044196349998
1783339200,2026-07-06T12:00:00+00:00,1757.7,1787.99,1727.17,1787.39,44121.99810103
1783353600,2026-07-06T16:00:00+00:00,1787.34,1804.15,1781.2,1791.56,27538.86834601
1783368000,2026-07-06T20:00:00+00:00,1791.63,1831.62,1786.09,1798.45,19424.83032188
1783382400,2026-07-07T00:00:00+00:00,1798.45,1809.19,1767.51,1770.23,14193.881135489999
1783396800,2026-07-07T04:00:00+00:00,1770.21,1781.15,1756.54,1769.91,11765.97527165
1783411200,2026-07-07T08:00:00+00:00,1769.91,1783.07,1766.87,1779.23,10064.2804
1783425600,2026-07-07T12:00:00+00:00,1779.25,1801.88,1759.4,1796.04,27604.38018699
1783440000,2026-07-07T16:00:00+00:00,1795.86,1811.15,1771.99,1789.43,27195.97943228
1783454400,2026-07-07T20:00:00+00:00,1789.32,1792.14,1764.4,1770.09,10017.43901371
1783468800,2026-07-08T00:00:00+00:00,1770.23,1783.71,1740.2,1750.11,14148.37717881
1783483200,2026-07-08T04:00:00+00:00,1750.2,1758.39,1743.52,1755.28,8124.202717589998
1783497600,2026-07-08T08:00:00+00:00,1755.28,1757.38,1723.4,1746.49,18336.361239140002
1783512000,2026-07-08T12:00:00+00:00,1746.49,1749.88,1710.95,1721.06,30340.163076829995
1783526400,2026-07-08T16:00:00+00:00,1720.96,1744.92,1720.96,1739.79,19156.659509060002
1783540800,2026-07-08T20:00:00+00:00,1739.87,1743.28,1730.08,1741.8,9056.33647475
1783555200,2026-07-09T00:00:00+00:00,1741.85,1754.04,1720,1729.04,12488.83740043
1783569600,2026-07-09T04:00:00+00:00,1729.04,1760.57,1728.48,1751.7,9343.409014910001
1783584000,2026-07-09T08:00:00+00:00,1751.7,1757.46,1739.57,1742.53,9389.12126994
1783598400,2026-07-09T12:00:00+00:00,1742.5,1750.46,1731.55,1737.74,21195.77246851
1783612800,2026-07-09T16:00:00+00:00,1737.79,1758.37,1730,1747.11,16229.824068220001
1783627200,2026-07-09T20:00:00+00:00,1747.23,1749.83,1740.34,1743.82,7357.5865699099995
1783641600,2026-07-10T00:00:00+00:00,1743.82,1778.75,1736.17,1774.8,14576.648753649999
1783656000,2026-07-10T04:00:00+00:00,1774.84,1779.22,1767.49,1772.39,8376.930411680001
1783670400,2026-07-10T08:00:00+00:00,1772.28,1801.57,1771.44,1800.33,14836.08299894
1783684800,2026-07-10T12:00:00+00:00,1800.2,1810.79,1774.11,1789.7,28975.203355830003
1783699200,2026-07-10T16:00:00+00:00,1789.61,1798.44,1779.48,1791.12,20708.65988101
1783713600,2026-07-10T20:00:00+00:00,1791.4,1797.04,1788.17,1795.74,8324.83150869
1783728000,2026-07-11T00:00:00+00:00,1795.73,1797.87,1785.25,1795.19,4440.10881833
1783742400,2026-07-11T04:00:00+00:00,1795.18,1802.07,1793.44,1798.68,4175.53396487
1783756800,2026-07-11T08:00:00+00:00,1798.66,1802.2,1793.4,1798.94,3033.1277413700004
1783771200,2026-07-11T12:00:00+00:00,1798.95,1826.1,1796.81,1813.51,11755.91048192
1783785600,2026-07-11T16:00:00+00:00,1813.51,1829.25,1809.49,1823.41,16796.76624138
1783800000,2026-07-11T20:00:00+00:00,1823.4,1828.09,1785.35,1786.81,11670.70351514
1783814400,2026-07-12T00:00:00+00:00,1786.81,1812.49,1778.55,1810.43,13353.93206071
1783828800,2026-07-12T04:00:00+00:00,1810.43,1811.41,1788.34,1797.7,4669.38965035
1783843200,2026-07-12T08:00:00+00:00,1797.69,1807.84,1795.28,1802.65,3662.3762962500005
1783857600,2026-07-12T12:00:00+00:00,1802.64,1825.46,1801.89,1819.96,5323.43368303
1783872000,2026-07-12T16:00:00+00:00,1819.96,1823.23,1814.07,1820.39,4775.34706789
1783886400,2026-07-12T20:00:00+00:00,1820.39,1823.2,1795.19,1805.51,7863.200259380001
1783900800,2026-07-13T00:00:00+00:00,1805.56,1844.67,1773.83,1779.16,23301.011472359998
1783915200,2026-07-13T04:00:00+00:00,1779.23,1789.78,1772.59,1785.98,14412.68802218
1783929600,2026-07-13T08:00:00+00:00,1786,1792.08,1775.51,1779.2,11229.83989691
1783944000,2026-07-13T12:00:00+00:00,1779.2,1785.23,1760.97,1775.39,30033.16931653
1783958400,2026-07-13T16:00:00+00:00,1775.39,1779.39,1748.05,1772.97,17689.43945709
1783972800,2026-07-13T20:00:00+00:00,1773.1,1775.8,1751.11,1774.57,9615.64455946
1783987200,2026-07-14T00:00:00+00:00,1774.57,1792.62,1771.36,1781.6,13774.56928901
1784001600,2026-07-14T04:00:00+00:00,1781.62,1791.24,1776.94,1778.59,10237.60654573
1784016000,2026-07-14T08:00:00+00:00,1778.59,1802.88,1776.51,1796.5,12731.980106840001
1784030400,2026-07-14T12:00:00+00:00,1796.5,1888.34,1792.38,1873.71,65210.66001714
1784044800,2026-07-14T16:00:00+00:00,1873.8,1880.45,1859.51,1875.94,20356.71112576
1784059200,2026-07-14T20:00:00+00:00,1875.94,1895.61,1870.92,1890.63,15899.94953125
1784073600,2026-07-15T00:00:00+00:00,1890.72,1892.06,1863.18,1874.94,10981.280245090002
1784088000,2026-07-15T04:00:00+00:00,1874.82,1890.72,1863.05,1868.77,8306.290591640001
1784102400,2026-07-15T08:00:00+00:00,1868.78,1885.42,1868.78,1883.09,10075.669242639999
1784116800,2026-07-15T12:00:00+00:00,1882.98,1944.82,1877.66,1930,37297.439332899994
1784131200,2026-07-15T16:00:00+00:00,1930.01,1935.49,1902.44,1922.68,27166.53589896
1784145600,2026-07-15T20:00:00+00:00,1922.6,1929.78,1913.35,1916.76,10543.44572121
1784160000,2026-07-16T00:00:00+00:00,1916.75,1927.74,1906.86,1917.48,8296.64961891
1784174400,2026-07-16T04:00:00+00:00,1917.47,1928.2,1903.68,1908.88,8625.86691609
1784188800,2026-07-16T08:00:00+00:00,1908.88,1911.32,1874.12,1883.78,22694.392882260003
1784203200,2026-07-16T12:00:00+00:00,1883.76,1892.6,1865.37,1880.3,20636.95178499
1784217600,2026-07-16T16:00:00+00:00,1880.34,1881.66,1861.52,1874.1,21960.967559340002
1784232000,2026-07-16T20:00:00+00:00,1874,1880,1855.79,1863.17,11036.48219781
1784246400,2026-07-17T00:00:00+00:00,1863.16,1869.36,1841.35,1850.91,11201.469149019998
1784260800,2026-07-17T04:00:00+00:00,1850.9,1851.19,1819.14,1826.51,13300.801784439998
1784275200,2026-07-17T08:00:00+00:00,1826.52,1841.4,1819.19,1837.42,7718.8039215300005
1784289600,2026-07-17T12:00:00+00:00,1837.42,1838.54,1800.82,1829.36,24299.61689602
1784304000,2026-07-17T16:00:00+00:00,1829.44,1855.26,1824.92,1842.61,27144.46847774
1784318400,2026-07-17T20:00:00+00:00,1842.38,1845.66,1833.97,1840.94,8009.85167627
1784332800,2026-07-18T00:00:00+00:00,1840.92,1845.71,1838.3,1844.81,3883.5596592399997
1784347200,2026-07-18T04:00:00+00:00,1844.9,1848.55,1841.23,1843.03,5508.0910540899995
1784361600,2026-07-18T08:00:00+00:00,1842.97,1848.11,1841.2,1844.17,5443.44546672
1784376000,2026-07-18T12:00:00+00:00,1844.16,1849.09,1835.91,1842.5,5401.592417739999
1784390400,2026-07-18T16:00:00+00:00,1842.49,1865.01,1840.11,1857.24,9008.95270845
1784404800,2026-07-18T20:00:00+00:00,1857.25,1864.33,1854.22,1861.54,7114.146396759999
1784419200,2026-07-19T00:00:00+00:00,1861.61,1876.28,1856.96,1866.06,7519.05867382
1784433600,2026-07-19T04:00:00+00:00,1866,1870.64,1863.07,1868.65,2616.38408438
1784448000,2026-07-19T08:00:00+00:00,1868.76,1877.67,1862.88,1870.05,5273.360937879999
1784462400,2026-07-19T12:00:00+00:00,1869.96,1877.46,1863.25,1869.66,6992.07244943
1784476800,2026-07-19T16:00:00+00:00,1869.6,1872.4,1850.3,1860.92,13865.1579594
1784491200,2026-07-19T20:00:00+00:00,1860.92,1875.84,1855.8,1870.89,11709.5520144
1784505600,2026-07-20T00:00:00+00:00,1870.99,1890.2,1860.95,1878.37,14262.985167719999
1784520000,2026-07-20T04:00:00+00:00,1878.37,1878.5,1841.52,1862.38,11052.368197260002
1784534400,2026-07-20T08:00:00+00:00,1862.34,1895.06,1852.05,1891.56,15620.60918816
1784548800,2026-07-20T12:00:00+00:00,1891.63,1903.46,1851.61,1900.98,34000.01372809
1784563200,2026-07-20T16:00:00+00:00,1900.99,1917.43,1888.38,1897.4,32720.54772992
1784577600,2026-07-20T20:00:00+00:00,1897.41,1906.32,1892.9,1903.52,12416.502821859998
1784592000,2026-07-21T00:00:00+00:00,1903.53,1927.25,1899.56,1925.46,14591.49157263
1784606400,2026-07-21T04:00:00+00:00,1925.46,1939.08,1920.69,1932.84,9660.950240549999
1784620800,2026-07-21T08:00:00+00:00,1932.77,1952,1925.04,1934.75,18027.76589745
1784635200,2026-07-21T12:00:00+00:00,1934.76,1944.18,1918.62,1930.76,32738.854646620002
1784649600,2026-07-21T16:00:00+00:00,1930.7,1934.61,1913.09,1922.43,21986.87577715
1784664000,2026-07-21T20:00:00+00:00,1922.3,1930.5,1915.59,1929,9879.57672214
1784678400,2026-07-22T00:00:00+00:00,1929.11,1943.08,1925.29,1927.2,10320.14560251
1784692800,2026-07-22T04:00:00+00:00,1927.2,1938.06,1909.27,1912.88,11505.2331768
1784707200,2026-07-22T08:00:00+00:00,1913.04,1932.7,1912.51,1926.16,7675.0492110000005
1784721600,2026-07-22T12:00:00+00:00,1926.17,1954.66,1911.56,1942.07,35455.83108665
1784736000,2026-07-22T16:00:00+00:00,1942.06,1955.87,1920.05,1923.98,28557.27879236
1784750400,2026-07-22T20:00:00+00:00,1923.92,1938.9,1921.71,1933.54,12318.592116880001
1784764800,2026-07-23T00:00:00+00:00,1933.56,1940.67,1916.74,1919.53,10930.078796099999
1784779200,2026-07-23T04:00:00+00:00,1919.53,1927.25,1910.91,1914.2,9295.67455076
1784793600,2026-07-23T08:00:00+00:00,1914.2,1930.82,1913.1,1925.26,13321.01144208
1784808000,2026-07-23T12:00:00+00:00,1925.07,1927.27,1881.6,1893.82,31456.57841535
1784822400,2026-07-23T16:00:00+00:00,1893.97,1894.02,1867.06,1874.13,23413.05274978
1784836800,2026-07-23T20:00:00+00:00,1873.86,1887.6,1872.62,1876.91,10924.137571979998
1784851200,2026-07-24T00:00:00+00:00,1877.04,1879.66,1858.43,1879.19,15859.75755102
1784865600,2026-07-24T04:00:00+00:00,1879.21,1908.26,1872,1894.66,9961.176960550001
1784880000,2026-07-24T08:00:00+00:00,1894.72,1894.89,1874.82,1882.45,6565.90924809
1784894400,2026-07-24T12:00:00+00:00,1882.44,1884.43,1845.35,1860.04,32036.194938430002
1784908800,2026-07-24T16:00:00+00:00,1860.04,1865.08,1851.4,1861.75,13957.549471530001
1784923200,2026-07-24T20:00:00+00:00,1861.85,1863.67,1854.7,1859.77,7767.48582401
1784937600,2026-07-25T00:00:00+00:00,1859.77,1862.99,1854.02,1856.92,5190.99425344
1784952000,2026-07-25T04:00:00+00:00,1856.91,1861.37,1852.93,1854.49,2354.1531009100004
1784966400,2026-07-25T08:00:00+00:00,1854.48,1858.2,1849.26,1856.09,2786.66071373
1784980800,2026-07-25T12:00:00+00:00,1856.08,1870.44,1855.1,1866.15,3415.1121086600006
1784995200,2026-07-25T16:00:00+00:00,1866.21,1875.12,1862.76,1873.06,4011.7573731699995
1785009600,2026-07-25T20:00:00+00:00,1873.01,1875.36,1865.9,1873.05,4250.222591809999
1785024000,2026-07-26T00:00:00+00:00,1873.01,1882.4,1872.16,1880.6,2288.1777658
1785038400,2026-07-26T04:00:00+00:00,1880.6,1887.59,1876.8,1879.85,2685.61671182
1785052800,2026-07-26T08:00:00+00:00,1879.87,1886.09,1877.46,1884.23,1598.60318781
1785067200,2026-07-26T12:00:00+00:00,1884.24,1915.83,1880.32,1913.31,8464.21563065
1785081600,2026-07-26T16:00:00+00:00,1913.17,1926.12,1907.15,1912.5,7138.802488650001
1785096000,2026-07-26T20:00:00+00:00,1912.55,1965.01,1909.69,1952.93,16431.755175039998
1785110400,2026-07-27T00:00:00+00:00,1953.12,1953.59,1934.32,1948.02,13150.65853048
1785124800,2026-07-27T04:00:00+00:00,1948.08,1979,1946.89,1963,11670.45535448
1785139200,2026-07-27T08:00:00+00:00,1963.02,1970.57,1955.17,1957.89,13417.967238430001
1785153600,2026-07-27T12:00:00+00:00,1957.89,1976.58,1917.07,1925.32,35300.28740241
1785168000,2026-07-27T16:00:00+00:00,1925.36,1953.69,1920.3,1946.41,15129.15231921
1785182400,2026-07-27T20:00:00+00:00,1946.6,1948.79,1880.7,1890.67,16683.153293069998
1785196800,2026-07-28T00:00:00+00:00,1890.69,1894.31,1864.87,1879.53,12955.390247570002
1785211200,2026-07-28T04:00:00+00:00,1879.52,1887.61,1874.65,1881.88,5462.090407240001
1785225600,2026-07-28T08:00:00+00:00,1881.87,1883.66,1869.47,1874.61,8735.759609069999
1785240000,2026-07-28T12:00:00+00:00,1874.88,1922.29,1854.52,1918.22,39806.29921063
1785254400,2026-07-28T16:00:00+00:00,1918.2,1927.1,1891.1,1920.36,22098.071049510003
1785268800,2026-07-28T20:00:00+00:00,1920.17,1927,1901.92,1919.9,12371.07368322
1785283200,2026-07-29T00:00:00+00:00,1919.99,1926.52,1888.31,1890.16,8945.8137708
1785297600,2026-07-29T04:00:00+00:00,1890.1,1923.21,1881.92,1922.97,10854.45622599
1785312000,2026-07-29T08:00:00+00:00,1922.33,1922.99,1908.11,1913.01,8043.64080874
1785326400,2026-07-29T12:00:00+00:00,1913,1913.12,1884.51,1889.41,18625.49839469
1785340800,2026-07-29T16:00:00+00:00,1889.44,1932.72,1881.72,1886.04,27981.59010158
1785355200,2026-07-29T20:00:00+00:00,1886.52,1911.2,1871.84,1908.48,13973.393609900002
1785369600,2026-07-30T00:00:00+00:00,1908.3,1919,1890.89,1907.54,11365.66029629
1785384000,2026-07-30T04:00:00+00:00,1907.54,1908.51,1896.83,1900.48,5304.63561557
1785398400,2026-07-30T08:00:00+00:00,1900.57,1923.75,1897.91,1920.55,10147.697378500001
1785412800,2026-07-30T12:00:00+00:00,1920.6,1935.31,1911.3,1916.7,14509.32467832
1785427200,2026-07-30T16:00:00+00:00,1916.77,1927.66,1912.76,1922.29,12141.491836199999
1785441600,2026-07-30T20:00:00+00:00,1922,1935.34,1914.37,1916.82,12161.21899918
1785456000,2026-07-31T00:00:00+00:00,1916.82,1934.67,1897.07,1906.81,13573.377147669999
1785470400,2026-07-31T04:00:00+00:00,1906.9,1909.61,1882.59,1888.09,7478.110640270001
1785484800,2026-07-31T08:00:00+00:00,1888.08,1891.44,1875.87,1882.6,9462.649615690001
1785499200,2026-07-31T12:00:00+00:00,1882.49,1888.79,1845.8,1860.51,38152.58646032
1785513600,2026-07-31T16:00:00+00:00,1860.5,1876.41,1858.71,1866.44,14927.409792940001
1785528000,2026-07-31T20:00:00+00:00,1866.52,1868.72,1856.7,1860.66,7297.547331299999
1785542400,2026-08-01T00:00:00+00:00,1860.8,1868.2,1860.41,1868.08,3923.2260521800004
1785556800,2026-08-01T04:00:00+00:00,1868.1,1870.1,1863.41,1867.68,2451.30135942
1785571200,2026-08-01T08:00:00+00:00,1867.79,1869.07,1861.07,1865.19,3776.6836584700004
1785585600,2026-08-01T12:00:00+00:00,1865.19,1873.8,1865.08,1868.26,4108.17057656
1785600000,2026-08-01T16:00:00+00:00,1868.26,1871.78,1820.14,1835.55,13340.62853095
1785614400,2026-08-01T20:00:00+00:00,1835.52,1847.5,1831.3,1843.18,9023.0859697
1785628800,2026-08-02T00:00:00+00:00,1843.24,1883.75,1842,1875.51,8986.672985019999
1785643200,2026-08-02T04:00:00+00:00,1875.6,1880.8,1873.1,1874.1,4609.40873266
1785657600,2026-08-02T08:00:00+00:00,1874.1,1877,1847.33,1850.8,4093.52981529
1785672000,2026-08-02T12:00:00+00:00,1850.8,1860.87,1849.13,1857,4639.50061987
1785686400,2026-08-02T16:00:00+00:00,1857.01,1885.1,1853.96,1880.06,6345.78818263
1785700800,2026-08-02T20:00:00+00:00,1880.06,1896.6,1874.3,1883.35,8561.99047579
1785715200,2026-08-03T00:00:00+00:00,1883.34,1883.97,1849.07,1854.74,6392.69658167
1785729600,2026-08-03T04:00:00+00:00,1854.6,1860.7,1837.98,1841.56,5713.640760820001
1785744000,2026-08-03T08:00:00+00:00,1841.6,1852.15,1826.31,1837.4,6594.592734919999
1785758400,2026-08-03T12:00:00+00:00,1837.33,1872.35,1834.1,1861.11,18919.15046592
1785772800,2026-08-03T16:00:00+00:00,1861.25,1875.15,1859.8,1868.57,14974.60887657
1785787200,2026-08-03T20:00:00+00:00,1868.66,1874.51,1850.51,1858.95,7011.40871772
1785801600,2026-08-04T00:00:00+00:00,1858.96,1872.47,1846.73,1862.46,7170.96148246
1785816000,2026-08-04T04:00:00+00:00,1862.46,1873.13,1851.42,1862.01,6137.3014679299995
1785830400,2026-08-04T08:00:00+00:00,1862.01,1872.89,1850.51,1870.83,7557.788813900001
1785844800,2026-08-04T12:00:00+00:00,1870.82,1880.14,1856.15,1871.4,21494.66563737
1785859200,2026-08-04T16:00:00+00:00,1871.41,1881.34,1863.9,1873.91,17114.236075819997
1785873600,2026-08-04T20:00:00+00:00,1873.9,1880,1864.96,1868.39,8611.271002290001
1785888000,2026-08-05T00:00:00+00:00,1868.38,1876.5,1859.79,1866.14,8140.08201442
1785902400,2026-08-05T04:00:00+00:00,1866.14,1875.91,1861.72,1870.61,5896.65590912
1785916800,2026-08-05T08:00:00+00:00,1870.61,1874.88,1863.98,1867.11,4348.87763444
1785931200,2026-08-05T12:00:00+00:00,1867.11,1883.67,1853.72,1872.41,19663.55470629
1785945600,2026-08-05T16:00:00+00:00,1872.22,1926.34,1871.66,1915.62,41129.83450085
1785960000,2026-08-05T20:00:00+00:00,1915.62,1923.6,1902.73,1907.29,12074.812477070001
1785974400,2026-08-06T00:00:00+00:00,1907.29,1912.91,1893.13,1897.22,8074.1099894399995
1785988800,2026-08-06T04:00:00+00:00,1897.31,1917.01,1893.89,1907.12,7272.308635540001
1786003200,2026-08-06T08:00:00+00:00,1907.24,1917.42,1894.72,1905.92,11247.69746181
1786017600,2026-08-06T12:00:00+00:00,1905.89,1918.39,1889.68,1909.12,24157.65668867
1786032000,2026-08-06T16:00:00+00:00,1909.12,1917.07,1902.25,1908.61,15491.47841689
1786046400,2026-08-06T20:00:00+00:00,1908.41,1909.8,1897.13,1902.42,7854.97855012
1786060800,2026-08-07T00:00:00+00:00,1902.45,1906.9,1893.86,1895.65,6149.40340489
1786075200,2026-08-07T04:00:00+00:00,1895.61,1906.49,1892.61,1900.93,3955.71889843
1786089600,2026-08-07T08:00:00+00:00,1900.92,1919.73,1900.46,1914.89,7000.004605030001
1786104000,2026-08-07T12:00:00+00:00,1914.89,1942,1909,1916.59,26293.000160890002
1786118400,2026-08-07T16:00:00+00:00,1916.7,1923.92,1904.14,1917.84,19733.72351943
1786132800,2026-08-07T20:00:00+00:00,1917.84,1922.67,1911.4,1913.15,6254.29702598
1786147200,2026-08-08T00:00:00+00:00,1913.17,1918.7,1911.36,1917.11,4510.381500179999
1786161600,2026-08-08T04:00:00+00:00,1917.1,1918.52,1913.21,1914.26,2277.63464454
1786176000,2026-08-08T08:00:00+00:00,1914.27,1922.5,1913.67,1919.61,2522.37369343
1786190400,2026-08-08T12:00:00+00:00,1919.61,1925,1917.39,1921.24,2850.67627348
1786204800,2026-08-08T16:00:00+00:00,1921.23,1924.93,1918.28,1919.24,3014.64317239
1786219200,2026-08-08T20:00:00+00:00,1919.24,1920.99,1913.31,1915.4,2401.99838326
1786233600,2026-08-09T00:00:00+00:00,1915.37,1918.72,1911.04,1912.74,2578.70744606
1786248000,2026-08-09T04:00:00+00:00,1912.7,1918.12,1911.51,1917.5,1308.59799703
1786262400,2026-08-09T08:00:00+00:00,1917.51,1923.5,1912,1917.93,2133.76796155
1786276800,2026-08-09T12:00:00+00:00,1917.93,1925,1915.1,1924.64,7654.30671875
1786291200,2026-08-09T16:00:00+00:00,1924.72,1924.99,1919.01,1920.57,3241.05756729
1786305600,2026-08-09T20:00:00+00:00,1920.57,1936.36,1906.08,1909.09,19601.51312803
1786320000,2026-08-10T00:00:00+00:00,1909.18,1929.93,1904.5,1915.86,11363.57172543
1786334400,2026-08-10T04:00:00+00:00,1915.86,1929.42,1911.03,1923.98,7175.392127070001
1786348800,2026-08-10T08:00:00+00:00,1923.97,1928.25,1912.95,1918.5,6695.64344965
1786363200,2026-08-10T12:00:00+00:00,1918.49,1921.56,1869.6,1875.07,25628.250739690004
1786377600,2026-08-10T16:00:00+00:00,1875.12,1878.87,1865.88,1876.82,18508.86537648
1786392000,2026-08-10T20:00:00+00:00,1876.85,1879.73,1868.35,1871.44,6318.36500625
1786406400,2026-08-11T00:00:00+00:00,1871.4,1880.01,1869.14,1879.08,3487.74947248
1786420800,2026-08-11T04:00:00+00:00,1879.09,1880.18,1868.83,1876.01,3890.0262571499998
1786435200,2026-08-11T08:00:00+00:00,1876,1894.14,1873.35,1891.33,7094.9410072400005
1786449600,2026-08-11T12:00:00+00:00,1891.32,1896.45,1851.45,1861.1,22018.17346381
1786464000,2026-08-11T16:00:00+00:00,1861.2,1883.14,1857.76,1879.74,14560.285228069999
1786478400,2026-08-11T20:00:00+00:00,1879.8,1886.09,1876.89,1880.72,10057.62377813
1786492800,2026-08-12T00:00:00+00:00,1880.72,1886.35,1878.84,1884.97,4701.77644592
1786507200,2026-08-12T04:00:00+00:00,1885.13,1891.66,1883.61,1890.01,4302.09508923
1786521600,2026-08-12T08:00:00+00:00,1890,1914.5,1888.11,1913.91,14116.61791111
1786536000,2026-08-12T12:00:00+00:00,1913.92,1923.84,1882.4,1890.6,19017.19818454
1786550400,2026-08-12T16:00:00+00:00,1890.53,1893.85,1875.76,1877.04,10550.20092614
1786564800,2026-08-12T20:00:00+00:00,1877.16,1887.27,1871.11,1877.59,9119.25173384
1786579200,2026-08-13T00:00:00+00:00,1877.65,1886.8,1871.3,1885.61,6122.193936489999
1786593600,2026-08-13T04:00:00+00:00,1885.61,1898.35,1883.42,1893.87,7253.76336789
1786608000,2026-08-13T08:00:00+00:00,1893.87,1895.43,1873.32,1878.35,8300.59546019
1786622400,2026-08-13T12:00:00+00:00,1878.36,1895.58,1876.95,1878.31,9768.45868514
1786636800,2026-08-13T16:00:00+00:00,1878.31,1890.89,1860.81,1885.59,14310.19579969
1786651200,2026-08-13T20:00:00+00:00,1885.4,1891.26,1882.83,1884.61,5329.76663062
1786665600,2026-08-14T00:00:00+00:00,1884.61,1889.61,1880.49,1880.56,4828.97700755
1786680000,2026-08-14T04:00:00+00:00,1880.56,1886.14,1870.35,1871.17,4471.26624677
1786694400,2026-08-14T08:00:00+00:00,1871.18,1879.13,1867.36,1876.43,6937.431720240001
1786708800,2026-08-14T12:00:00+00:00,1876.42,1882.64,1862.09,1879.24,12513.26241965
1786723200,2026-08-14T16:00:00+00:00,1879.22,1886.42,1871.61,1878.92,11899.77073397
1786737600,2026-08-14T20:00:00+00:00,1879.07,1880.87,1874.33,1880.41,4941.28494511
1786752000,2026-08-15T00:00:00+00:00,1880.41,1884.88,1879.2,1881.26,3503.5627618
1786766400,2026-08-15T04:00:00+00:00,1881.24,1883.82,1877.74,1878.56,1268.08059777
1786780800,2026-08-15T08:00:00+00:00,1878.51,1879.71,1873.77,1877.29,1591.44915294
1786795200,2026-08-15T12:00:00+00:00,1877.27,1883.9,1876.09,1882.89,2314.73353445
1786809600,2026-08-15T16:00:00+00:00,1883.01,1884.37,1880.5,1882.36,2164.85541233
1786824000,2026-08-15T20:00:00+00:00,1882.36,1883.8,1879.74,1880.94,2255.7565495500003
1786838400,2026-08-16T00:00:00+00:00,1880.88,1883.3,1875.17,1881.01,2721.6425226
1786852800,2026-08-16T04:00:00+00:00,1881.01,1882.68,1877.01,1879.3,1187.95812066
1786867200,2026-08-16T08:00:00+00:00,1879.3,1880.27,1877.14,1878.91,867.6179551299999
1786881600,2026-08-16T12:00:00+00:00,1878.9,1882.98,1877.35,1882.01,2927.7411823499997
1786896000,2026-08-16T16:00:00+00:00,1882.02,1890.34,1880.75,1884.15,3846.95525545
1786910400,2026-08-16T20:00:00+00:00,1884.28,1885.78,1867.32,1874.13,3956.21398881
1786924800,2026-08-17T00:00:00+00:00,1874.1,1906.08,1870.47,1899.08,11757.79455952
1786939200,2026-08-17T04:00:00+00:00,1899.08,1910.54,1896.14,1899.02,8070.16234911
1786953600,2026-08-17T08:00:00+00:00,1899.03,1907.8,1889.69,1902.71,10562.38874454
1786968000,2026-08-17T12:00:00+00:00,1902.72,1913.7,1893.83,1911.46,19513.415505769997
1786982400,2026-08-17T16:00:00+00:00,1911.47,1912.73,1902.95,1905.67,14145.150168339998
1786996800,2026-08-17T20:00:00+00:00,1905.62,1917.15,1901.27,1911.94,23732.815936109997
1787011200,2026-08-18T00:00:00+00:00,1911.94,1912.8,1884.12,1892.66,12003.50815903
1787025600,2026-08-18T04:00:00+00:00,1892.7,1905.19,1889.56,1896.94,5029.6490847000005
1787040000,2026-08-18T08:00:00+00:00,1896.92,1903.92,1892.01,1901.21,5265.2387834
1787054400,2026-08-18T12:00:00+00:00,1901.23,1922.25,1891.81,1916.5,26455.416204549998
1787068800,2026-08-18T16:00:00+00:00,1916.5,1921.49,1909.66,1912.2,15057.77328368
1787083200,2026-08-18T20:00:00+00:00,1912.21,1919.01,1909.77,1916.72,6755.06001394
1787097600,2026-08-19T00:00:00+00:00,1916.76,1917.94,1904.5,1910.41,7435.47176412
1787112000,2026-08-19T04:00:00+00:00,1910.41,1919.9,1904.81,1914.24,5139.50405202
1787126400,2026-08-19T08:00:00+00:00,1914.24,1928.53,1913.62,1921.54,5640.19212262
1787140800,2026-08-19T12:00:00+00:00,1921.54,2112.39,1920.71,2084.63,83878.82204403
1787155200,2026-08-19T16:00:00+00:00,2084.64,2107.79,2067.03,2101.52,90690.32803052
1787169600,2026-08-19T20:00:00+00:00,2101.49,2334.15,2101.44,2251.69,114799.32111748
1787184000,2026-08-20T00:00:00+00:00,2251.68,2272.94,2220.22,2249.42,27664.14993995
1787198400,2026-08-20T04:00:00+00:00,2249.3,2265.69,2237.4,2250.19,21134.65704737
1787212800,2026-08-20T08:00:00+00:00,2250.24,2317.93,2247.64,2294.83,29263.03346954
1787227200,2026-08-20T12:00:00+00:00,2294.83,2337,2253.82,2325,60530.70887294
1787241600,2026-08-20T16:00:00+00:00,2325,2358.92,2309.6,2323.47,55312.7617247
1787256000,2026-08-20T20:00:00+00:00,2323.53,2339.82,2307.59,2326.35,26442.16974243
1787270400,2026-08-21T00:00:00+00:00,2326.3,2379.22,2324.4,2339.95,30808.624413460002
1787284800,2026-08-21T04:00:00+00:00,2340.04,2397.27,2339.98,2371.04,20991.106025610003
1787299200,2026-08-21T08:00:00+00:00,2370.71,2447.74,2356.24,2369.85,55836.60604039
1787313600,2026-08-21T12:00:00+00:00,2369.85,2408.11,2364.5,2392.89,45771.85482892
1787328000,2026-08-21T16:00:00+00:00,2392.7,2432.06,2382.8,2413.51,58740.85746643
1787342400,2026-08-21T20:00:00+00:00,2413.46,2548,2407.75,2515.8,56257.80742510001
1787356800,2026-08-22T00:00:00+00:00,2515.68,2529.23,2490.7,2514.79,25039.834471070004
1787371200,2026-08-22T04:00:00+00:00,2514.91,2530.28,2385,2433,37608.40312669
1787385600,2026-08-22T08:00:00+00:00,2433.01,2440.78,2388.69,2424.11,21440.51954577
1787400000,2026-08-22T12:00:00+00:00,2424.11,2438.18,2405.28,2410.54,11703.274420869999
1787414400,2026-08-22T16:00:00+00:00,2410.54,2444.52,2408.65,2439,9097.20436461
1787428800,2026-08-22T20:00:00+00:00,2439,2443.6,2403.29,2422,9763.25693724
1787443200,2026-08-23T00:00:00+00:00,2422,2435.17,2406.45,2413.74,12611.896167530002
1787457600,2026-08-23T04:00:00+00:00,2413.72,2416.82,2355.82,2388.5,16333.2292906
1787472000,2026-08-23T08:00:00+00:00,2388.57,2438.57,2386.38,2433.35,11645.49196679
1787486400,2026-08-23T12:00:00+00:00,2433.24,2484.41,2390.07,2438.39,24153.78169291
1787500800,2026-08-23T16:00:00+00:00,2438.4,2459.52,2433,2444.58,17741.442430289997
1787515200,2026-08-23T20:00:00+00:00,2444.58,2484.99,2436.15,2463.39,27831.77737493
1787529600,2026-08-24T00:00:00+00:00,2463.58,2466.89,2424.55,2430.55,16376.41395863
1787544000,2026-08-24T04:00:00+00:00,2430.68,2474.32,2428.44,2454.48,23553.38834469
1787558400,2026-08-24T08:00:00+00:00,2454.59,2509,2435.15,2494.1,23677.697364960004
1787572800,2026-08-24T12:00:00+00:00,2494.13,2533.19,2474,2487.21,59065.6049026
1787587200,2026-08-24T16:00:00+00:00,2487.34,2506.41,2453.95,2471,54638.71835591001
1787601600,2026-08-24T20:00:00+00:00,2471.09,2487.9,2464.93,2482.2,13958.40372828
1787616000,2026-08-25T00:00:00+00:00,2482.08,2533.02,2471.77,2498.79,29306.62803217
1787630400,2026-08-25T04:00:00+00:00,2498.77,2514.72,2463.63,2477.52,13493.27435387
1787644800,2026-08-25T08:00:00+00:00,2478.02,2497.66,2461.92,2477.52,12332.665971109998
1787659200,2026-08-25T12:00:00+00:00,2477.76,2484.55,2439,2483.16,45529.59666709
1787673600,2026-08-25T16:00:00+00:00,2483.16,2486.26,2455.25,2463.78,25324.917200239997
1787688000,2026-08-25T20:00:00+00:00,2463.79,2464.7,2415,2442.55,16190.33819484
1787702400,2026-08-26T00:00:00+00:00,2442.55,2469.63,2435.71,2465.29,9460.50576856
1787716800,2026-08-26T04:00:00+00:00,2465.28,2472.4,2451.11,2461.33,7429.33102539
1787731200,2026-08-26T08:00:00+00:00,2461.34,2475.19,2442.38,2462.31,7046.49883395
1787745600,2026-08-26T12:00:00+00:00,2462.4,2472.3,2432.12,2450.09,33702.29666848
1787760000,2026-08-26T16:00:00+00:00,2450.1,2484.01,2438.15,2470.75,37845.24090736
1787774400,2026-08-26T20:00:00+00:00,2470.76,2515.77,2460.18,2506.93,22570.082397309998
1787788800,2026-08-27T00:00:00+00:00,2507.29,2510.69,2486.88,2492.56,10878.787363430001
1787803200,2026-08-27T04:00:00+00:00,2492.55,2498.86,2481.49,2497.07,7737.4052370300005
1787817600,2026-08-27T08:00:00+00:00,2496.92,2567,2487.49,2501.58,35611.86643136
1787832000,2026-08-27T12:00:00+00:00,2501.49,2533.64,2483,2522.06,33299.66405332
