ts,datetime,open,high,low,close,volume
1693238400,2023-08-28T16:00:00+00:00,5.996,6.02,5.916,5.953,116748.31999999999
1693252800,2023-08-28T20:00:00+00:00,5.951,5.991,5.924,5.975,122894.51999999999
1693267200,2023-08-29T00:00:00+00:00,5.975,6.003,5.924,5.932,174192.94
1693281600,2023-08-29T04:00:00+00:00,5.933,5.946,5.885,5.89,107068.64
1693296000,2023-08-29T08:00:00+00:00,5.888,5.901,5.841,5.883,94220.58
1693310400,2023-08-29T12:00:00+00:00,5.882,6.317,5.875,6.185,998743.79
1693324800,2023-08-29T16:00:00+00:00,6.186,6.288,6.172,6.227,311640.35
1693339200,2023-08-29T20:00:00+00:00,6.224,6.242,6.167,6.193,109277.88999999998
1693353600,2023-08-30T00:00:00+00:00,6.194,6.199,6.058,6.084,298569.95
1693368000,2023-08-30T04:00:00+00:00,6.081,6.091,6.054,6.069,138413.58
1693382400,2023-08-30T08:00:00+00:00,6.069,6.079,6.018,6.018,91810.44
1693396800,2023-08-30T12:00:00+00:00,6.018,6.034,5.886,5.944,413693.33
1693411200,2023-08-30T16:00:00+00:00,5.943,5.964,5.908,5.937,141791.21
1693425600,2023-08-30T20:00:00+00:00,5.936,5.964,5.921,5.924,123050.44
1693440000,2023-08-31T00:00:00+00:00,5.924,5.956,5.896,5.949,79449.56
1693454400,2023-08-31T04:00:00+00:00,5.949,6.002,5.946,5.979,156376.88999999998
1693468800,2023-08-31T08:00:00+00:00,5.979,6.063,5.97,6.034,114447.39
1693483200,2023-08-31T12:00:00+00:00,6.033,6.034,5.904,5.947,271613.32
1693497600,2023-08-31T16:00:00+00:00,5.944,5.955,5.74,5.847,500622.06
1693512000,2023-08-31T20:00:00+00:00,5.846,5.886,5.767,5.878,237861.02999999997
1693526400,2023-09-01T00:00:00+00:00,5.878,5.97,5.87,5.969,235172.71
1693540800,2023-09-01T04:00:00+00:00,5.971,6.03,5.941,5.96,207663.72999999998
1693555200,2023-09-01T08:00:00+00:00,5.962,6.03,5.962,6.002,153958.74
1693569600,2023-09-01T12:00:00+00:00,6.001,6.024,5.921,5.931,328857.04
1693584000,2023-09-01T16:00:00+00:00,5.932,5.95,5.811,5.875,633210.07
1693598400,2023-09-01T20:00:00+00:00,5.874,5.941,5.86,5.939,139922.78000000003
1693612800,2023-09-02T00:00:00+00:00,5.939,5.986,5.929,5.943,111940.70999999999
1693627200,2023-09-02T04:00:00+00:00,5.945,5.966,5.927,5.947,37747.41
1693641600,2023-09-02T08:00:00+00:00,5.947,5.969,5.899,5.945,69086.01999999999
1693656000,2023-09-02T12:00:00+00:00,5.945,5.997,5.926,5.965,88623.46
1693670400,2023-09-02T16:00:00+00:00,5.966,5.976,5.889,5.935,114894.86
1693684800,2023-09-02T20:00:00+00:00,5.934,5.976,5.927,5.972,85832.13
1693699200,2023-09-03T00:00:00+00:00,5.973,6.028,5.948,6.015,90948.43
1693713600,2023-09-03T04:00:00+00:00,6.018,6.047,6.005,6.013,176525.0
1693728000,2023-09-03T08:00:00+00:00,6.012,6.041,5.988,6.03,43254.21
1693742400,2023-09-03T12:00:00+00:00,6.03,6.063,5.971,5.991,90821.78
1693756800,2023-09-03T16:00:00+00:00,5.992,6.056,5.965,6.028,77292.88
1693771200,2023-09-03T20:00:00+00:00,6.028,6.045,6,6.03,95072.22
1693785600,2023-09-04T00:00:00+00:00,6.03,6.135,6.025,6.101,156970.41999999998
1693800000,2023-09-04T04:00:00+00:00,6.107,6.114,6.052,6.1,72123.06999999999
1693814400,2023-09-04T08:00:00+00:00,6.1,6.161,6.059,6.068,104074.86
1693828800,2023-09-04T12:00:00+00:00,6.07,6.081,5.968,6.011,211113.62
1693843200,2023-09-04T16:00:00+00:00,6.014,6.056,5.994,6.016,169185.64
1693857600,2023-09-04T20:00:00+00:00,6.018,6.025,5.945,6.014,134734.68
1693872000,2023-09-05T00:00:00+00:00,6.011,6.015,5.905,5.952,154966.19
1693886400,2023-09-05T04:00:00+00:00,5.952,5.992,5.952,5.984,82063.45
1693900800,2023-09-05T08:00:00+00:00,5.988,6.125,5.96,6.081,179389.81000000003
1693915200,2023-09-05T12:00:00+00:00,6.084,6.136,6.054,6.097,208992.8
1693929600,2023-09-05T16:00:00+00:00,6.097,6.144,6.078,6.112,126592.99
1693944000,2023-09-05T20:00:00+00:00,6.111,6.15,6.102,6.137,108983.54999999999
1693958400,2023-09-06T00:00:00+00:00,6.137,6.276,6.112,6.203,427129.32999999996
1693972800,2023-09-06T04:00:00+00:00,6.204,6.213,6.125,6.139,158943.53
1693987200,2023-09-06T08:00:00+00:00,6.138,6.154,6.114,6.118,92716.24
1694001600,2023-09-06T12:00:00+00:00,6.117,6.209,6.099,6.169,259015.38999999998
1694016000,2023-09-06T16:00:00+00:00,6.173,6.349,6.093,6.246,368998.97
1694030400,2023-09-06T20:00:00+00:00,6.245,6.304,6.24,6.298,180018.55
1694044800,2023-09-07T00:00:00+00:00,6.299,6.398,6.275,6.368,420464.82
1694059200,2023-09-07T04:00:00+00:00,6.368,6.388,6.274,6.276,114908.43
1694073600,2023-09-07T08:00:00+00:00,6.275,6.314,6.234,6.234,120930.12000000001
1694088000,2023-09-07T12:00:00+00:00,6.234,6.282,6.194,6.258,310870.93
1694102400,2023-09-07T16:00:00+00:00,6.257,6.332,6.254,6.326,177411.99
1694116800,2023-09-07T20:00:00+00:00,6.325,6.469,6.318,6.387,359817.38
1694131200,2023-09-08T00:00:00+00:00,6.384,6.402,6.328,6.342,154225.02
1694145600,2023-09-08T04:00:00+00:00,6.343,6.366,6.296,6.303,112933.28
1694160000,2023-09-08T08:00:00+00:00,6.303,6.305,6.144,6.211,208868.63999999998
1694174400,2023-09-08T12:00:00+00:00,6.208,6.277,6.207,6.222,134867.15
1694188800,2023-09-08T16:00:00+00:00,6.222,6.27,6.2,6.251,94407.37999999999
1694203200,2023-09-08T20:00:00+00:00,6.251,6.289,6.231,6.281,114413.47
1694217600,2023-09-09T00:00:00+00:00,6.28,6.292,6.233,6.269,79470.97
1694232000,2023-09-09T04:00:00+00:00,6.27,6.28,6.234,6.246,40511.16
1694246400,2023-09-09T08:00:00+00:00,6.247,6.25,6.204,6.218,61944.590000000004
1694260800,2023-09-09T12:00:00+00:00,6.218,6.22,6.176,6.191,102644.04
1694275200,2023-09-09T16:00:00+00:00,6.192,6.214,6.157,6.18,67786.68
1694289600,2023-09-09T20:00:00+00:00,6.18,6.184,6.158,6.165,39713.36
1694304000,2023-09-10T00:00:00+00:00,6.164,6.164,6.083,6.112,137023.03
1694318400,2023-09-10T04:00:00+00:00,6.11,6.125,5.963,6.111,263586.14999999997
1694332800,2023-09-10T08:00:00+00:00,6.114,6.119,6.065,6.085,64748.75
1694347200,2023-09-10T12:00:00+00:00,6.084,6.104,5.978,6.045,236794.36
1694361600,2023-09-10T16:00:00+00:00,6.045,6.058,5.955,6.038,210380.97999999998
1694376000,2023-09-10T20:00:00+00:00,6.034,6.074,6.003,6.014,91334.20999999999
1694390400,2023-09-11T00:00:00+00:00,6.013,6.027,5.942,5.998,135473.64
1694404800,2023-09-11T04:00:00+00:00,6,6.034,5.976,5.988,76246.29000000001
1694419200,2023-09-11T08:00:00+00:00,5.991,5.994,5.795,5.884,319371.57999999996
1694433600,2023-09-11T12:00:00+00:00,5.883,5.937,5.803,5.86,436969.84
1694448000,2023-09-11T16:00:00+00:00,5.859,5.881,5.737,5.768,339705.04000000004
1694462400,2023-09-11T20:00:00+00:00,5.765,5.83,5.738,5.828,185895.65
1694476800,2023-09-12T00:00:00+00:00,5.828,5.991,5.809,5.938,199606.95
1694491200,2023-09-12T04:00:00+00:00,5.936,5.962,5.877,5.916,179930.16999999998
1694505600,2023-09-12T08:00:00+00:00,5.923,6.074,5.892,6.02,202561.3
1694520000,2023-09-12T12:00:00+00:00,6.022,6.039,5.96,5.99,168101.08000000002
1694534400,2023-09-12T16:00:00+00:00,5.989,6.059,5.904,5.972,218584.33
1694548800,2023-09-12T20:00:00+00:00,5.97,5.993,5.953,5.96,135764.43
1694563200,2023-09-13T00:00:00+00:00,5.96,6.007,5.939,5.972,81234.28
1694577600,2023-09-13T04:00:00+00:00,5.97,6.091,5.925,5.958,455773.52
1694592000,2023-09-13T08:00:00+00:00,5.957,6.043,5.951,6.015,145397.08000000002
1694606400,2023-09-13T12:00:00+00:00,6.015,6.045,5.93,6.02,415800.97000000003
1694620800,2023-09-13T16:00:00+00:00,6.021,6.035,5.954,5.98,189870.49
1694635200,2023-09-13T20:00:00+00:00,5.979,6.041,5.977,6.022,72641.75
1694649600,2023-09-14T00:00:00+00:00,6.025,6.126,6.006,6.043,200203.41
1694664000,2023-09-14T04:00:00+00:00,6.043,6.054,6.007,6.031,77317.4
1694678400,2023-09-14T08:00:00+00:00,6.031,6.062,6.015,6.056,50664.64
1694692800,2023-09-14T12:00:00+00:00,6.056,6.127,6.024,6.095,198269.66
1694707200,2023-09-14T16:00:00+00:00,6.095,6.171,6.072,6.168,135104.72
1694721600,2023-09-14T20:00:00+00:00,6.167,6.215,6.14,6.154,209620.53
1694736000,2023-09-15T00:00:00+00:00,6.155,6.239,6.138,6.19,125481.73000000001
1694750400,2023-09-15T04:00:00+00:00,6.19,6.212,6.145,6.151,64444.93000000001
1694764800,2023-09-15T08:00:00+00:00,6.15,6.177,6.1,6.109,68659.75
1694779200,2023-09-15T12:00:00+00:00,6.109,6.207,6.107,6.207,218952.9
1694793600,2023-09-15T16:00:00+00:00,6.206,6.247,6.193,6.222,173413.49
1694808000,2023-09-15T20:00:00+00:00,6.222,6.381,6.219,6.367,328319.45
1694822400,2023-09-16T00:00:00+00:00,6.367,6.421,6.305,6.309,321702.12
1694836800,2023-09-16T04:00:00+00:00,6.308,6.329,6.267,6.298,113363.19
1694851200,2023-09-16T08:00:00+00:00,6.296,6.299,6.247,6.249,88027.20000000001
1694865600,2023-09-16T12:00:00+00:00,6.249,6.252,6.192,6.225,113678.28
1694880000,2023-09-16T16:00:00+00:00,6.227,6.245,6.187,6.201,74603.03
1694894400,2023-09-16T20:00:00+00:00,6.201,6.319,6.2,6.282,367919.54000000004
1694908800,2023-09-17T00:00:00+00:00,6.281,6.281,6.174,6.239,111603.94
1694923200,2023-09-17T04:00:00+00:00,6.241,6.259,6.19,6.19,40091.89
1694937600,2023-09-17T08:00:00+00:00,6.192,6.23,6.188,6.209,59544.16
1694952000,2023-09-17T12:00:00+00:00,6.208,6.222,6.159,6.19,61369.92
1694966400,2023-09-17T16:00:00+00:00,6.188,6.194,6.11,6.133,91145.26
1694980800,2023-09-17T20:00:00+00:00,6.129,6.153,6.054,6.152,206305.41999999998
1694995200,2023-09-18T00:00:00+00:00,6.151,6.625,6.102,6.625,637250.3500000001
1695009600,2023-09-18T04:00:00+00:00,6.623,6.66,6.535,6.55,652657.0999999999
1695024000,2023-09-18T08:00:00+00:00,6.551,6.824,6.51,6.729,658740.05
1695038400,2023-09-18T12:00:00+00:00,6.731,6.84,6.675,6.727,776973.96
1695052800,2023-09-18T16:00:00+00:00,6.727,6.73,6.583,6.621,449053.80999999994
1695067200,2023-09-18T20:00:00+00:00,6.615,6.662,6.539,6.568,240799.24000000002
1695081600,2023-09-19T00:00:00+00:00,6.567,6.779,6.5,6.761,508961.64
1695096000,2023-09-19T04:00:00+00:00,6.759,6.926,6.681,6.695,622496.29
1695110400,2023-09-19T08:00:00+00:00,6.694,6.813,6.689,6.746,216189.21000000002
1695124800,2023-09-19T12:00:00+00:00,6.745,6.887,6.717,6.877,500074.27
1695139200,2023-09-19T16:00:00+00:00,6.878,6.909,6.79,6.84,296958.57
1695153600,2023-09-19T20:00:00+00:00,6.836,6.969,6.784,6.846,245646.83000000002
1695168000,2023-09-20T00:00:00+00:00,6.851,6.997,6.814,6.933,374189.57999999996
1695182400,2023-09-20T04:00:00+00:00,6.925,6.956,6.778,6.803,223885.2
1695196800,2023-09-20T08:00:00+00:00,6.802,6.878,6.76,6.829,293692.6
1695211200,2023-09-20T12:00:00+00:00,6.829,6.935,6.743,6.92,401237.52999999997
1695225600,2023-09-20T16:00:00+00:00,6.92,7.051,6.801,6.877,548324.36
1695240000,2023-09-20T20:00:00+00:00,6.877,6.97,6.835,6.904,202858.68
1695254400,2023-09-21T00:00:00+00:00,6.907,6.949,6.816,6.878,279716.05
1695268800,2023-09-21T04:00:00+00:00,6.877,6.878,6.785,6.799,114730.8
1695283200,2023-09-21T08:00:00+00:00,6.798,6.826,6.677,6.704,413518.97000000003
1695297600,2023-09-21T12:00:00+00:00,6.703,6.783,6.598,6.746,736359.84
1695312000,2023-09-21T16:00:00+00:00,6.746,6.764,6.708,6.718,104430.81999999999
1695326400,2023-09-21T20:00:00+00:00,6.721,6.728,6.66,6.664,113006.54000000001
1695340800,2023-09-22T00:00:00+00:00,6.663,6.72,6.599,6.695,429259.58
1695355200,2023-09-22T04:00:00+00:00,6.698,6.717,6.643,6.693,109702.56999999999
1695369600,2023-09-22T08:00:00+00:00,6.693,6.788,6.69,6.786,95759.18
1695384000,2023-09-22T12:00:00+00:00,6.787,6.798,6.713,6.768,148464.48
1695398400,2023-09-22T16:00:00+00:00,6.766,6.975,6.731,6.878,848618.6
1695412800,2023-09-22T20:00:00+00:00,6.879,6.968,6.866,6.957,254163.83000000002
1695427200,2023-09-23T00:00:00+00:00,6.958,7.184,6.945,7,733707.87
1695441600,2023-09-23T04:00:00+00:00,7.002,7.071,6.95,7.039,221340.08000000002
1695456000,2023-09-23T08:00:00+00:00,7.043,7.05,6.968,7.003,132398.07
1695470400,2023-09-23T12:00:00+00:00,7.003,7.06,6.924,6.937,195292.57
1695484800,2023-09-23T16:00:00+00:00,6.94,7.225,6.92,7.186,846785.4
1695499200,2023-09-23T20:00:00+00:00,7.182,7.231,7.135,7.191,285866.19
1695513600,2023-09-24T00:00:00+00:00,7.189,7.25,7.134,7.164,328256.61
1695528000,2023-09-24T04:00:00+00:00,7.166,7.213,7.108,7.166,233787.56
1695542400,2023-09-24T08:00:00+00:00,7.17,7.177,7.076,7.096,270684.98
1695556800,2023-09-24T12:00:00+00:00,7.098,7.189,7.08,7.103,210269.17
1695571200,2023-09-24T16:00:00+00:00,7.101,7.179,7.042,7.085,381986.85
1695585600,2023-09-24T20:00:00+00:00,7.083,7.099,6.956,6.972,277330.4
1695600000,2023-09-25T00:00:00+00:00,6.971,7.265,6.909,7.164,511437.76
1695614400,2023-09-25T04:00:00+00:00,7.164,7.3,7.155,7.277,264132.58999999997
1695628800,2023-09-25T08:00:00+00:00,7.278,7.327,7.206,7.254,214064.51
1695643200,2023-09-25T12:00:00+00:00,7.253,7.394,7.226,7.39,1004281.12
1695657600,2023-09-25T16:00:00+00:00,7.39,7.51,7.376,7.457,810968.21
1695672000,2023-09-25T20:00:00+00:00,7.458,7.503,7.425,7.496,386102.57
1695686400,2023-09-26T00:00:00+00:00,7.497,7.57,7.415,7.52,475169.64
1695700800,2023-09-26T04:00:00+00:00,7.525,7.53,7.434,7.436,139189.42
1695715200,2023-09-26T08:00:00+00:00,7.436,7.482,7.364,7.417,208325.39
1695729600,2023-09-26T12:00:00+00:00,7.425,7.428,7.297,7.326,326052.87
1695744000,2023-09-26T16:00:00+00:00,7.329,7.415,7.246,7.394,742282.65
1695758400,2023-09-26T20:00:00+00:00,7.394,7.475,7.28,7.352,464712.9
1695772800,2023-09-27T00:00:00+00:00,7.352,7.41,7.266,7.358,247483.85000000003
1695787200,2023-09-27T04:00:00+00:00,7.362,7.396,7.318,7.364,217485.79
1695801600,2023-09-27T08:00:00+00:00,7.363,7.68,7.346,7.628,450875.9
1695816000,2023-09-27T12:00:00+00:00,7.628,7.89,7.478,7.593,2087813.83
1695830400,2023-09-27T16:00:00+00:00,7.589,7.697,7.487,7.657,789067.84
1695844800,2023-09-27T20:00:00+00:00,7.654,7.688,7.567,7.638,307310.52
1695859200,2023-09-28T00:00:00+00:00,7.638,7.755,7.57,7.652,382764.26
1695873600,2023-09-28T04:00:00+00:00,7.656,7.815,7.569,7.744,230535.87
1695888000,2023-09-28T08:00:00+00:00,7.737,7.857,7.725,7.77,397793.63
1695902400,2023-09-28T12:00:00+00:00,7.773,7.925,7.676,7.888,968522.7
1695916800,2023-09-28T16:00:00+00:00,7.887,8.04,7.783,7.955,1084739.79
1695931200,2023-09-28T20:00:00+00:00,7.954,7.954,7.769,7.81,326715.16
1695945600,2023-09-29T00:00:00+00:00,7.81,7.844,7.688,7.753,180129.97999999998
1695960000,2023-09-29T04:00:00+00:00,7.749,7.825,7.718,7.783,157472.94
1695974400,2023-09-29T08:00:00+00:00,7.784,7.787,7.692,7.703,134994.33000000002
1695988800,2023-09-29T12:00:00+00:00,7.705,7.91,7.681,7.818,818022.3099999999
1696003200,2023-09-29T16:00:00+00:00,7.818,8.048,7.756,8.046,544413.13
1696017600,2023-09-29T20:00:00+00:00,8.048,8.079,7.932,7.95,325642.11
1696032000,2023-09-30T00:00:00+00:00,7.951,8.052,7.95,8.02,340250.14
1696046400,2023-09-30T04:00:00+00:00,8.019,8.144,8.005,8.082,483960.29000000004
1696060800,2023-09-30T08:00:00+00:00,8.081,8.264,8.013,8.198,718006.26
1696075200,2023-09-30T12:00:00+00:00,8.202,8.241,8.131,8.225,347010.13
1696089600,2023-09-30T16:00:00+00:00,8.227,8.243,8.087,8.182,263149.1
1696104000,2023-09-30T20:00:00+00:00,8.185,8.214,8.108,8.19,258098.18999999997
1696118400,2023-10-01T00:00:00+00:00,8.191,8.259,8.114,8.164,246496.94999999998
1696132800,2023-10-01T04:00:00+00:00,8.161,8.174,8.044,8.06,149001.63
1696147200,2023-10-01T08:00:00+00:00,8.064,8.227,8.044,8.128,181783.91999999998
1696161600,2023-10-01T12:00:00+00:00,8.131,8.136,7.961,8.012,673214.1699999999
1696176000,2023-10-01T16:00:00+00:00,8.013,8.017,7.784,7.846,391451.18
1696190400,2023-10-01T20:00:00+00:00,7.844,8.146,7.781,8.048,976858.87
1696204800,2023-10-02T00:00:00+00:00,8.05,8.096,7.861,7.886,286809.89
1696219200,2023-10-02T04:00:00+00:00,7.886,8.104,7.851,8.04,340603.72000000003
1696233600,2023-10-02T08:00:00+00:00,8.042,8.083,7.86,7.89,403049.28
1696248000,2023-10-02T12:00:00+00:00,7.891,7.955,7.627,7.675,650952.63
1696262400,2023-10-02T16:00:00+00:00,7.674,7.732,7.447,7.61,739767.9
1696276800,2023-10-02T20:00:00+00:00,7.612,7.612,7.353,7.464,457357.98
1696291200,2023-10-03T00:00:00+00:00,7.478,7.59,7.413,7.554,329851.04000000004
1696305600,2023-10-03T04:00:00+00:00,7.553,7.74,7.5,7.629,370520.63
1696320000,2023-10-03T08:00:00+00:00,7.628,7.737,7.51,7.549,227849.37
1696334400,2023-10-03T12:00:00+00:00,7.542,7.727,7.398,7.425,497717.79000000004
1696348800,2023-10-03T16:00:00+00:00,7.428,7.545,7.392,7.402,293289.86
1696363200,2023-10-03T20:00:00+00:00,7.407,7.506,7.368,7.409,285066.31
1696377600,2023-10-04T00:00:00+00:00,7.406,7.548,7.197,7.483,452785.36
1696392000,2023-10-04T04:00:00+00:00,7.486,7.63,7.456,7.592,311161.80000000005
1696406400,2023-10-04T08:00:00+00:00,7.595,7.613,7.521,7.545,165322.5
1696420800,2023-10-04T12:00:00+00:00,7.546,7.67,7.465,7.64,426624.39
1696435200,2023-10-04T16:00:00+00:00,7.637,7.784,7.569,7.614,754740.07
1696449600,2023-10-04T20:00:00+00:00,7.613,7.746,7.59,7.671,195328.62
1696464000,2023-10-05T00:00:00+00:00,7.667,7.697,7.594,7.611,235198.01
1696478400,2023-10-05T04:00:00+00:00,7.608,7.764,7.604,7.711,127377.47
1696492800,2023-10-05T08:00:00+00:00,7.71,7.791,7.672,7.684,83571.72
1696507200,2023-10-05T12:00:00+00:00,7.683,7.706,7.485,7.534,412509.45999999996
1696521600,2023-10-05T16:00:00+00:00,7.532,7.561,7.478,7.512,156502.06999999998
1696536000,2023-10-05T20:00:00+00:00,7.511,7.57,7.452,7.465,97574.19
1696550400,2023-10-06T00:00:00+00:00,7.471,7.586,7.463,7.535,147860.1
1696564800,2023-10-06T04:00:00+00:00,7.532,7.585,7.503,7.576,77699.73999999999
1696579200,2023-10-06T08:00:00+00:00,7.578,7.616,7.545,7.566,65298.1
1696593600,2023-10-06T12:00:00+00:00,7.565,7.703,7.435,7.661,268565.78
1696608000,2023-10-06T16:00:00+00:00,7.66,7.72,7.624,7.667,330053.24000000005
1696622400,2023-10-06T20:00:00+00:00,7.667,7.758,7.643,7.646,209862.69
1696636800,2023-10-07T00:00:00+00:00,7.645,7.684,7.599,7.608,60954.869999999995
1696651200,2023-10-07T04:00:00+00:00,7.609,7.644,7.565,7.606,46753.829999999994
1696665600,2023-10-07T08:00:00+00:00,7.606,7.649,7.576,7.589,86646.03
1696680000,2023-10-07T12:00:00+00:00,7.588,7.623,7.563,7.57,77410.48
1696694400,2023-10-07T16:00:00+00:00,7.57,7.574,7.48,7.503,189932.31
1696708800,2023-10-07T20:00:00+00:00,7.503,7.562,7.5,7.531,65036.69
1696723200,2023-10-08T00:00:00+00:00,7.53,7.627,7.507,7.627,77999.5
1696737600,2023-10-08T04:00:00+00:00,7.628,7.677,7.598,7.657,143712.03999999998
1696752000,2023-10-08T08:00:00+00:00,7.657,7.714,7.544,7.576,179473.94
1696766400,2023-10-08T12:00:00+00:00,7.574,7.701,7.565,7.672,106417.52
1696780800,2023-10-08T16:00:00+00:00,7.671,7.736,7.644,7.726,111031.61
1696795200,2023-10-08T20:00:00+00:00,7.729,7.944,7.669,7.68,478025.30000000005
1696809600,2023-10-09T00:00:00+00:00,7.68,7.702,7.568,7.644,280236.4
1696824000,2023-10-09T04:00:00+00:00,7.646,7.654,7.555,7.563,81353.15
1696838400,2023-10-09T08:00:00+00:00,7.564,7.58,7.332,7.355,444547.87
1696852800,2023-10-09T12:00:00+00:00,7.353,7.414,7.312,7.338,502592.51
1696867200,2023-10-09T16:00:00+00:00,7.336,7.369,7.138,7.299,519870.76
1696881600,2023-10-09T20:00:00+00:00,7.3,7.332,7.244,7.279,177866.19
1696896000,2023-10-10T00:00:00+00:00,7.277,7.351,7.257,7.312,281018.49
1696910400,2023-10-10T04:00:00+00:00,7.312,7.376,7.271,7.346,80199.7
1696924800,2023-10-10T08:00:00+00:00,7.347,7.392,7.267,7.275,151113.58000000002
1696939200,2023-10-10T12:00:00+00:00,7.275,7.368,7.214,7.227,381488.67
1696953600,2023-10-10T16:00:00+00:00,7.225,7.28,7.194,7.256,144482.97999999998
1696968000,2023-10-10T20:00:00+00:00,7.26,7.303,7.177,7.263,163114.97999999998
1696982400,2023-10-11T00:00:00+00:00,7.256,7.332,7.15,7.164,355138.06
1696996800,2023-10-11T04:00:00+00:00,7.17,7.23,7.163,7.207,100263.57999999999
1697011200,2023-10-11T08:00:00+00:00,7.203,7.362,7.189,7.317,163704.74
1697025600,2023-10-11T12:00:00+00:00,7.317,7.393,7.265,7.309,321206.17
1697040000,2023-10-11T16:00:00+00:00,7.307,7.353,7.229,7.332,238628.8
1697054400,2023-10-11T20:00:00+00:00,7.327,7.427,7.31,7.389,310455.83999999997
1697068800,2023-10-12T00:00:00+00:00,7.387,7.411,7.283,7.35,140564.37
1697083200,2023-10-12T04:00:00+00:00,7.34,7.395,7.313,7.336,76480.65
1697097600,2023-10-12T08:00:00+00:00,7.341,7.344,7.178,7.257,202273.58000000002
1697112000,2023-10-12T12:00:00+00:00,7.26,7.28,7.173,7.214,277688.69
1697126400,2023-10-12T16:00:00+00:00,7.215,7.237,7.113,7.191,331388.64
1697140800,2023-10-12T20:00:00+00:00,7.19,7.245,7.171,7.198,140590.11000000002
1697155200,2023-10-13T00:00:00+00:00,7.197,7.253,7.111,7.124,232308.31
1697169600,2023-10-13T04:00:00+00:00,7.125,7.231,7.122,7.203,103503.33000000002
1697184000,2023-10-13T08:00:00+00:00,7.207,7.239,7.176,7.222,126484.53
1697198400,2023-10-13T12:00:00+00:00,7.223,7.284,7.158,7.158,179270.03
1697212800,2023-10-13T16:00:00+00:00,7.158,7.201,7.146,7.179,147449.79
1697227200,2023-10-13T20:00:00+00:00,7.175,7.404,7.166,7.256,518040.49000000005
1697241600,2023-10-14T00:00:00+00:00,7.26,7.317,7.243,7.303,122388.78
1697256000,2023-10-14T04:00:00+00:00,7.306,7.313,7.219,7.224,50380.479999999996
1697270400,2023-10-14T08:00:00+00:00,7.224,7.261,7.218,7.251,31145.0
1697284800,2023-10-14T12:00:00+00:00,7.251,7.318,7.242,7.311,85096.75
1697299200,2023-10-14T16:00:00+00:00,7.316,7.371,7.3,7.339,120644.78
1697313600,2023-10-14T20:00:00+00:00,7.335,7.343,7.287,7.33,59138.43
1697328000,2023-10-15T00:00:00+00:00,7.328,7.38,7.299,7.327,341415.53
1697342400,2023-10-15T04:00:00+00:00,7.326,7.362,7.314,7.349,72477.36
1697356800,2023-10-15T08:00:00+00:00,7.347,7.401,7.334,7.348,113969.95
1697371200,2023-10-15T12:00:00+00:00,7.345,7.378,7.288,7.312,192440.01
1697385600,2023-10-15T16:00:00+00:00,7.313,7.486,7.3,7.453,493248.17000000004
1697400000,2023-10-15T20:00:00+00:00,7.453,7.57,7.38,7.423,458726.54000000004
1697414400,2023-10-16T00:00:00+00:00,7.425,7.497,7.413,7.434,182766.13
1697428800,2023-10-16T04:00:00+00:00,7.434,7.643,7.425,7.562,262605.62
1697443200,2023-10-16T08:00:00+00:00,7.564,7.596,7.498,7.56,191039.78999999998
1697457600,2023-10-16T12:00:00+00:00,7.563,7.824,7.423,7.439,897272.6199999999
1697472000,2023-10-16T16:00:00+00:00,7.44,7.586,7.396,7.517,510239.76999999996
1697486400,2023-10-16T20:00:00+00:00,7.517,7.58,7.449,7.53,246080.91999999998
1697500800,2023-10-17T00:00:00+00:00,7.53,7.564,7.455,7.459,163868.75
1697515200,2023-10-17T04:00:00+00:00,7.459,7.5,7.433,7.485,98940.79000000001
1697529600,2023-10-17T08:00:00+00:00,7.487,7.51,7.45,7.493,128743.9
1697544000,2023-10-17T12:00:00+00:00,7.493,7.499,7.273,7.404,354977.62
1697558400,2023-10-17T16:00:00+00:00,7.405,7.427,7.28,7.322,244340.06999999998
1697572800,2023-10-17T20:00:00+00:00,7.328,7.355,7.287,7.325,76612.66
1697587200,2023-10-18T00:00:00+00:00,7.323,7.355,7.283,7.35,156624.43
1697601600,2023-10-18T04:00:00+00:00,7.351,7.422,7.333,7.364,189042.22
1697616000,2023-10-18T08:00:00+00:00,7.364,7.469,7.355,7.447,172874.3
1697630400,2023-10-18T12:00:00+00:00,7.45,7.482,7.375,7.387,212852.31999999998
1697644800,2023-10-18T16:00:00+00:00,7.389,7.44,7.338,7.362,109076.93
1697659200,2023-10-18T20:00:00+00:00,7.363,7.386,7.314,7.356,91891.87
1697673600,2023-10-19T00:00:00+00:00,7.361,7.365,7.218,7.292,156999.22
1697688000,2023-10-19T04:00:00+00:00,7.293,7.356,7.283,7.349,31039.56
1697702400,2023-10-19T08:00:00+00:00,7.348,7.37,7.29,7.345,60449.36
1697716800,2023-10-19T12:00:00+00:00,7.349,7.437,7.346,7.369,151034.53
1697731200,2023-10-19T16:00:00+00:00,7.369,7.426,7.332,7.365,176698.55
1697745600,2023-10-19T20:00:00+00:00,7.366,7.392,7.29,7.308,126394.59000000001
1697760000,2023-10-20T00:00:00+00:00,7.306,7.503,7.265,7.435,298486.19
1697774400,2023-10-20T04:00:00+00:00,7.435,7.51,7.421,7.469,239311.49999999997
1697788800,2023-10-20T08:00:00+00:00,7.467,7.715,7.466,7.614,314346.83
1697803200,2023-10-20T12:00:00+00:00,7.618,7.666,7.553,7.631,238635.40000000002
1697817600,2023-10-20T16:00:00+00:00,7.632,7.687,7.603,7.629,238912.16999999998
1697832000,2023-10-20T20:00:00+00:00,7.629,7.629,7.571,7.577,91676.15
1697846400,2023-10-21T00:00:00+00:00,7.578,7.625,7.523,7.603,132885.3
1697860800,2023-10-21T04:00:00+00:00,7.604,7.851,7.593,7.843,304295.24
1697875200,2023-10-21T08:00:00+00:00,7.848,8.102,7.808,8.06,406172.11
1697889600,2023-10-21T12:00:00+00:00,8.06,9,8.054,8.963,2264440.09
1697904000,2023-10-21T16:00:00+00:00,8.955,9.169,8.827,8.901,1833909.29
1697918400,2023-10-21T20:00:00+00:00,8.904,8.975,8.78,8.915,531489.06
1697932800,2023-10-22T00:00:00+00:00,8.915,9.4,8.843,9.298,1079293.09
1697947200,2023-10-22T04:00:00+00:00,9.295,9.756,9.139,9.312,1352782.9100000001
1697961600,2023-10-22T08:00:00+00:00,9.315,9.428,9.04,9.104,606314.15
1697976000,2023-10-22T12:00:00+00:00,9.104,9.381,9.085,9.23,741861.1100000001
1697990400,2023-10-22T16:00:00+00:00,9.23,9.75,9.228,9.403,1033819.37
1698004800,2023-10-22T20:00:00+00:00,9.403,10.236,9.366,10.201,1629639.67
1698019200,2023-10-23T00:00:00+00:00,10.194,10.998,10.015,10.805,2072443.32
1698033600,2023-10-23T04:00:00+00:00,10.798,11.05,10.312,10.445,1440213.16
1698048000,2023-10-23T08:00:00+00:00,10.448,10.598,9.95,10.274,867033.09
1698062400,2023-10-23T12:00:00+00:00,10.274,10.278,9.799,10.01,1358013.3399999999
1698076800,2023-10-23T16:00:00+00:00,10.008,10.496,9.985,10.291,1304489.5299999998
1698091200,2023-10-23T20:00:00+00:00,10.286,10.971,10.126,10.584,1705478.6099999999
1698105600,2023-10-24T00:00:00+00:00,10.585,11.144,10.168,10.242,2158788.21
1698120000,2023-10-24T04:00:00+00:00,10.239,10.38,10.013,10.102,697322.3800000001
1698134400,2023-10-24T08:00:00+00:00,10.105,10.55,10.088,10.535,750059.39
1698148800,2023-10-24T12:00:00+00:00,10.531,10.535,9.7,9.912,1357216.99
1698163200,2023-10-24T16:00:00+00:00,9.911,10.109,9.787,10.018,763590.28
1698177600,2023-10-24T20:00:00+00:00,10.015,10.48,9.889,10.375,918504.95
1698192000,2023-10-25T00:00:00+00:00,10.375,11.652,10.343,11.331,3161129.96
1698206400,2023-10-25T04:00:00+00:00,11.332,11.601,10.9,10.925,1391890.81
1698220800,2023-10-25T08:00:00+00:00,10.924,11.291,10.75,11.192,777877.78
1698235200,2023-10-25T12:00:00+00:00,11.184,11.784,10.917,11.355,1586621.47
1698249600,2023-10-25T16:00:00+00:00,11.355,11.397,10.94,11.168,1108123.76
1698264000,2023-10-25T20:00:00+00:00,11.167,11.182,10.774,11.064,778615.66
1698278400,2023-10-26T00:00:00+00:00,11.066,11.394,10.885,11.124,651724.8200000001
1698292800,2023-10-26T04:00:00+00:00,11.12,11.301,10.906,11.216,480616.51
1698307200,2023-10-26T08:00:00+00:00,11.215,11.33,10.63,10.857,833082.61
1698321600,2023-10-26T12:00:00+00:00,10.857,11.249,10.391,10.51,1321404.6199999999
1698336000,2023-10-26T16:00:00+00:00,10.507,10.71,10.399,10.702,853725.01
1698350400,2023-10-26T20:00:00+00:00,10.702,11.15,10.649,10.926,859091.7
1698364800,2023-10-27T00:00:00+00:00,10.93,11.044,10.614,11.044,683038.4299999999
1698379200,2023-10-27T04:00:00+00:00,11.047,11.345,10.711,10.732,1040851.25
1698393600,2023-10-27T08:00:00+00:00,10.728,11.119,10.718,10.937,494470.41000000003
1698408000,2023-10-27T12:00:00+00:00,10.931,11.43,10.81,11.055,1158973.22
1698422400,2023-10-27T16:00:00+00:00,11.056,11.386,10.75,11.115,1577714.51
1698436800,2023-10-27T20:00:00+00:00,11.115,11.298,11.084,11.184,674500.2999999999
1698451200,2023-10-28T00:00:00+00:00,11.184,11.57,11.035,11.393,793741.9400000001
1698465600,2023-10-28T04:00:00+00:00,11.393,11.66,11.285,11.301,620863.88
1698480000,2023-10-28T08:00:00+00:00,11.298,11.596,11.261,11.347,562733.34
1698494400,2023-10-28T12:00:00+00:00,11.346,11.386,11.1,11.171,675011.91
1698508800,2023-10-28T16:00:00+00:00,11.172,11.172,10.933,10.951,1128906.22
1698523200,2023-10-28T20:00:00+00:00,10.945,11.088,10.825,10.927,495149.36
1698537600,2023-10-29T00:00:00+00:00,10.927,10.95,10.76,10.858,463681.22000000003
1698552000,2023-10-29T04:00:00+00:00,10.856,11.024,10.815,11.019,298587.97
1698566400,2023-10-29T08:00:00+00:00,11.02,11.213,10.922,10.975,480920.31
1698580800,2023-10-29T12:00:00+00:00,10.983,11.164,10.892,11.061,516981.85
1698595200,2023-10-29T16:00:00+00:00,11.06,11.235,11.003,11.066,345686.50999999995
1698609600,2023-10-29T20:00:00+00:00,11.065,11.294,11.031,11.087,425634.91000000003
1698624000,2023-10-30T00:00:00+00:00,11.091,11.307,11.043,11.174,562754.12
1698638400,2023-10-30T04:00:00+00:00,11.173,11.211,10.898,10.954,412203.9199999999
1698652800,2023-10-30T08:00:00+00:00,10.955,11.5,10.914,11.383,762439.56
1698667200,2023-10-30T12:00:00+00:00,11.383,11.843,11.214,11.395,972620.3500000001
1698681600,2023-10-30T16:00:00+00:00,11.395,11.446,11.059,11.218,605747.37
1698696000,2023-10-30T20:00:00+00:00,11.22,11.262,11.11,11.227,270349.94
1698710400,2023-10-31T00:00:00+00:00,11.234,11.71,11.209,11.481,1324127.74
1698724800,2023-10-31T04:00:00+00:00,11.48,12.016,11.39,11.44,1446752.65
1698739200,2023-10-31T08:00:00+00:00,11.439,11.635,11.266,11.52,532975.9
1698753600,2023-10-31T12:00:00+00:00,11.524,11.587,10.98,11.129,976595.4099999999
1698768000,2023-10-31T16:00:00+00:00,11.129,11.408,11.07,11.298,535219.8200000001
1698782400,2023-10-31T20:00:00+00:00,11.293,11.437,11.219,11.358,888207.6
1698796800,2023-11-01T00:00:00+00:00,11.353,11.474,11.161,11.22,526736.95
1698811200,2023-11-01T04:00:00+00:00,11.222,11.253,10.936,11.108,383123.5800000001
1698825600,2023-11-01T08:00:00+00:00,11.106,11.187,10.732,10.886,821838.8099999999
1698840000,2023-11-01T12:00:00+00:00,10.887,11.19,10.688,10.831,1545155.74
1698854400,2023-11-01T16:00:00+00:00,10.829,11.4,10.812,11.238,1156390.71
1698868800,2023-11-01T20:00:00+00:00,11.252,11.775,11.245,11.643,1583023.24
1698883200,2023-11-02T00:00:00+00:00,11.648,11.743,11.417,11.625,808232.98
1698897600,2023-11-02T04:00:00+00:00,11.625,11.75,11.171,11.188,643329.96
1698912000,2023-11-02T08:00:00+00:00,11.185,11.317,11.064,11.304,499480.77
1698926400,2023-11-02T12:00:00+00:00,11.303,11.459,10.886,10.897,918999.32
1698940800,2023-11-02T16:00:00+00:00,10.898,11.089,10.807,11.078,486025.36
1698955200,2023-11-02T20:00:00+00:00,11.081,11.125,10.875,11.01,349890.08
1698969600,2023-11-03T00:00:00+00:00,11.008,11.009,10.516,10.815,632368.86
1698984000,2023-11-03T04:00:00+00:00,10.815,11.202,10.682,11.162,449243.93000000005
1698998400,2023-11-03T08:00:00+00:00,11.163,11.326,10.92,11.005,547399.78
1699012800,2023-11-03T12:00:00+00:00,11.005,11.306,10.95,11.269,1011522.1299999999
1699027200,2023-11-03T16:00:00+00:00,11.269,11.333,11.09,11.218,451062.16000000003
1699041600,2023-11-03T20:00:00+00:00,11.217,11.598,11.191,11.462,788959.04
1699056000,2023-11-04T00:00:00+00:00,11.461,11.475,11.28,11.358,427487.25
1699070400,2023-11-04T04:00:00+00:00,11.355,11.502,11.223,11.241,468291.97
1699084800,2023-11-04T08:00:00+00:00,11.242,11.399,11.16,11.295,310985.18
1699099200,2023-11-04T12:00:00+00:00,11.296,11.365,11.195,11.24,335074.58999999997
1699113600,2023-11-04T16:00:00+00:00,11.237,11.392,11.22,11.368,287472.51
1699128000,2023-11-04T20:00:00+00:00,11.364,11.626,11.322,11.503,531066.6100000001
1699142400,2023-11-05T00:00:00+00:00,11.507,12.445,11.368,12.408,1625656.23
1699156800,2023-11-05T04:00:00+00:00,12.413,12.565,12.162,12.23,875582.1300000001
1699171200,2023-11-05T08:00:00+00:00,12.229,12.334,12.1,12.186,423933.49
1699185600,2023-11-05T12:00:00+00:00,12.185,12.22,11.74,11.771,1227445.1400000001
1699200000,2023-11-05T16:00:00+00:00,11.772,12.06,11.762,11.957,772907.26
1699214400,2023-11-05T20:00:00+00:00,11.952,12.269,11.799,12.242,857888.44
1699228800,2023-11-06T00:00:00+00:00,12.243,12.416,12.137,12.307,766616.85
1699243200,2023-11-06T04:00:00+00:00,12.31,12.77,12.171,12.461,994272.9700000001
1699257600,2023-11-06T08:00:00+00:00,12.46,12.677,12.336,12.529,348273.21
1699272000,2023-11-06T12:00:00+00:00,12.531,12.88,12.373,12.653,717120.6499999999
1699286400,2023-11-06T16:00:00+00:00,12.652,12.8,12.46,12.797,753001.21
1699300800,2023-11-06T20:00:00+00:00,12.799,13.255,12.706,12.994,1272605.63
1699315200,2023-11-07T00:00:00+00:00,12.991,13.19,12.72,13.007,848598.17
1699329600,2023-11-07T04:00:00+00:00,13.001,13.338,12.863,13.085,787857.77
1699344000,2023-11-07T08:00:00+00:00,13.087,13.151,12.635,12.801,567062.5399999999
1699358400,2023-11-07T12:00:00+00:00,12.8,12.977,12.525,12.706,797927.21
1699372800,2023-11-07T16:00:00+00:00,12.708,13.25,12.54,13.068,844683.8
1699387200,2023-11-07T20:00:00+00:00,13.064,13.263,12.973,13.047,672477.06
1699401600,2023-11-08T00:00:00+00:00,13.05,13.458,12.835,13.258,899431.39
1699416000,2023-11-08T04:00:00+00:00,13.25,13.626,13.236,13.445,846530.3200000001
1699430400,2023-11-08T08:00:00+00:00,13.445,13.703,13.409,13.562,467229.81
1699444800,2023-11-08T12:00:00+00:00,13.562,13.992,13.535,13.73,1121887.8900000001
1699459200,2023-11-08T16:00:00+00:00,13.734,14.799,13.72,14.475,1832722.42
1699473600,2023-11-08T20:00:00+00:00,14.478,14.998,14.467,14.939,1691574.82
1699488000,2023-11-09T00:00:00+00:00,14.934,15,14.281,14.508,1624774.54
1699502400,2023-11-09T04:00:00+00:00,14.502,14.784,14.38,14.501,663069.5900000001
1699516800,2023-11-09T08:00:00+00:00,14.496,14.849,14.41,14.81,561361.6
1699531200,2023-11-09T12:00:00+00:00,14.817,15.998,14.797,15.104,2897842.14
1699545600,2023-11-09T16:00:00+00:00,15.111,15.187,13.85,14.325,2494626.9
1699560000,2023-11-09T20:00:00+00:00,14.32,14.727,13.986,14.613,1124824.75
1699574400,2023-11-10T00:00:00+00:00,14.607,14.95,14.29,14.316,1398374.3499999999
1699588800,2023-11-10T04:00:00+00:00,14.312,14.528,14.173,14.472,424036.79
1699603200,2023-11-10T08:00:00+00:00,14.474,14.922,14.1,14.739,637890.97
1699617600,2023-11-10T12:00:00+00:00,14.734,15.361,14.429,15.058,1679735.2200000002
1699632000,2023-11-10T16:00:00+00:00,15.066,15.506,14.964,15.061,975722.3200000001
1699646400,2023-11-10T20:00:00+00:00,15.063,15.65,14.916,15.51,1008897.86
1699660800,2023-11-11T00:00:00+00:00,15.511,15.75,14.906,14.958,977970.5
1699675200,2023-11-11T04:00:00+00:00,14.953,15.24,14.75,15.018,534916.02
1699689600,2023-11-11T08:00:00+00:00,15.02,15.111,14.778,14.992,302182.91
1699704000,2023-11-11T12:00:00+00:00,14.991,16.517,14.915,16.284,2054852.0699999998
1699718400,2023-11-11T16:00:00+00:00,16.282,16.55,15.85,16.319,1548988.6399999997
1699732800,2023-11-11T20:00:00+00:00,16.319,16.581,15.933,16.475,1064741.73
1699747200,2023-11-12T00:00:00+00:00,16.48,16.537,15.392,15.806,952068.33
1699761600,2023-11-12T04:00:00+00:00,15.8,16.368,15.577,16.248,481249.8
1699776000,2023-11-12T08:00:00+00:00,16.249,16.305,15.873,16.09,480329.97000000003
1699790400,2023-11-12T12:00:00+00:00,16.088,16.099,15.624,15.954,631598.86
1699804800,2023-11-12T16:00:00+00:00,15.951,16.44,15.681,16.305,1147076.24
1699819200,2023-11-12T20:00:00+00:00,16.304,16.371,15.867,16.04,570661.28
1699833600,2023-11-13T00:00:00+00:00,16.039,16.303,15.475,15.521,1000904.94
1699848000,2023-11-13T04:00:00+00:00,15.519,15.616,15.101,15.292,584948.81
1699862400,2023-11-13T08:00:00+00:00,15.3,15.583,14.968,15.14,421271.38
1699876800,2023-11-13T12:00:00+00:00,15.14,15.307,14.541,15.151,1159476.81
1699891200,2023-11-13T16:00:00+00:00,15.145,15.399,14.729,15.154,646420.1699999999
1699905600,2023-11-13T20:00:00+00:00,15.153,15.154,14.312,14.364,949444.48
1699920000,2023-11-14T00:00:00+00:00,14.362,14.76,14.06,14.641,1894215.05
1699934400,2023-11-14T04:00:00+00:00,14.641,14.875,14.58,14.802,471513.04000000004
1699948800,2023-11-14T08:00:00+00:00,14.803,14.915,14.224,14.309,633392.6799999999
1699963200,2023-11-14T12:00:00+00:00,14.302,14.745,13.823,14.068,1360004.52
1699977600,2023-11-14T16:00:00+00:00,14.069,14.529,13.436,14.061,1434529.2799999998
1699992000,2023-11-14T20:00:00+00:00,14.06,14.319,13.91,13.953,593204.59
1700006400,2023-11-15T00:00:00+00:00,13.955,14.292,13.931,14.15,544551.78
1700020800,2023-11-15T04:00:00+00:00,14.157,14.732,14.143,14.595,494241.99
1700035200,2023-11-15T08:00:00+00:00,14.607,15.204,14.586,15.14,652391.59
1700049600,2023-11-15T12:00:00+00:00,15.14,15.158,14.649,14.899,770635.5
1700064000,2023-11-15T16:00:00+00:00,14.889,15.15,14.719,15.15,925370.76
1700078400,2023-11-15T20:00:00+00:00,15.148,15.394,14.932,15.043,877563.72
1700092800,2023-11-16T00:00:00+00:00,15.044,15.138,14.812,14.944,635230.55
1700107200,2023-11-16T04:00:00+00:00,14.939,15.216,14.609,14.98,1175224.79
1700121600,2023-11-16T08:00:00+00:00,14.981,15.064,14.594,14.678,466165.73
1700136000,2023-11-16T12:00:00+00:00,14.681,14.682,13.925,14.136,990813.6499999999
1700150400,2023-11-16T16:00:00+00:00,14.135,14.253,13.556,14.038,733485.03
1700164800,2023-11-16T20:00:00+00:00,14.038,14.144,13.67,13.867,515042.43
1700179200,2023-11-17T00:00:00+00:00,13.873,14.264,13.844,13.991,595160.61
1700193600,2023-11-17T04:00:00+00:00,13.994,14.073,13.74,13.788,247896.98
1700208000,2023-11-17T08:00:00+00:00,13.795,13.885,13.272,13.427,466676.89
1700222400,2023-11-17T12:00:00+00:00,13.43,13.652,12.862,12.958,905519.53
1700236800,2023-11-17T16:00:00+00:00,12.963,13.649,12.866,13.559,1660768.1
1700251200,2023-11-17T20:00:00+00:00,13.556,13.85,13.438,13.716,443809.8
1700265600,2023-11-18T00:00:00+00:00,13.711,13.714,13.369,13.41,342566.24
1700280000,2023-11-18T04:00:00+00:00,13.412,13.519,12.928,13.349,249331.43
1700294400,2023-11-18T08:00:00+00:00,13.351,13.501,13.241,13.316,186352.22999999998
1700308800,2023-11-18T12:00:00+00:00,13.315,13.581,13.107,13.546,318452.48
1700323200,2023-11-18T16:00:00+00:00,13.559,13.824,13.538,13.726,447083.39999999997
1700337600,2023-11-18T20:00:00+00:00,13.722,13.773,13.552,13.758,212477.47
1700352000,2023-11-19T00:00:00+00:00,13.757,14.134,13.376,14.111,395915.57999999996
1700366400,2023-11-19T04:00:00+00:00,14.108,14.37,13.94,14.287,769883.74
1700380800,2023-11-19T08:00:00+00:00,14.3,14.368,14.075,14.199,251417.92
1700395200,2023-11-19T12:00:00+00:00,14.194,14.275,13.975,14.214,317491.43
1700409600,2023-11-19T16:00:00+00:00,14.217,14.879,14.157,14.875,1029286.77
1700424000,2023-11-19T20:00:00+00:00,14.88,15.109,14.768,14.921,890262.3200000001
1700438400,2023-11-20T00:00:00+00:00,14.925,15.18,14.76,14.873,536089.8200000001
1700452800,2023-11-20T04:00:00+00:00,14.873,15.285,14.841,15.213,233230.0
1700467200,2023-11-20T08:00:00+00:00,15.219,15.402,15.034,15.11,311045.01
1700481600,2023-11-20T12:00:00+00:00,15.119,15.4,14.669,15.145,536693.76
1700496000,2023-11-20T16:00:00+00:00,15.144,15.256,14.69,14.816,738395.66
1700510400,2023-11-20T20:00:00+00:00,14.816,14.86,14.374,14.486,1235056.68
1700524800,2023-11-21T00:00:00+00:00,14.486,14.677,14.223,14.41,439087.88999999996
1700539200,2023-11-21T04:00:00+00:00,14.406,14.406,14.067,14.126,256967.43
1700553600,2023-11-21T08:00:00+00:00,14.124,14.343,14.107,14.183,217025.47
1700568000,2023-11-21T12:00:00+00:00,14.183,14.412,13.746,14.266,831706.77
1700582400,2023-11-21T16:00:00+00:00,14.256,14.332,13.507,13.98,885562.3500000001
1700596800,2023-11-21T20:00:00+00:00,13.99,14.218,13.308,13.373,579273.93
1700611200,2023-11-22T00:00:00+00:00,13.372,13.973,13.248,13.966,442567.70999999996
1700625600,2023-11-22T04:00:00+00:00,13.965,14.314,13.942,14.131,464875.7100000001
1700640000,2023-11-22T08:00:00+00:00,14.138,14.286,14.053,14.126,277886.47000000003
1700654400,2023-11-22T12:00:00+00:00,14.125,14.402,14.07,14.227,320763.77
1700668800,2023-11-22T16:00:00+00:00,14.227,14.578,14.154,14.477,448257.45999999996
1700683200,2023-11-22T20:00:00+00:00,14.479,14.628,14.196,14.217,479912.2
1700697600,2023-11-23T00:00:00+00:00,14.219,14.572,14.16,14.414,303886.45
1700712000,2023-11-23T04:00:00+00:00,14.412,14.658,14.377,14.537,193924.77
1700726400,2023-11-23T08:00:00+00:00,14.538,14.661,14.265,14.351,243767.74000000002
1700740800,2023-11-23T12:00:00+00:00,14.352,14.407,14.132,14.143,332301.01
1700755200,2023-11-23T16:00:00+00:00,14.146,14.859,14.132,14.528,674332.56
1700769600,2023-11-23T20:00:00+00:00,14.53,14.665,14.368,14.396,249347.28
1700784000,2023-11-24T00:00:00+00:00,14.402,14.514,14.311,14.368,201707.16999999998
1700798400,2023-11-24T04:00:00+00:00,14.371,14.433,14.219,14.374,189127.37
1700812800,2023-11-24T08:00:00+00:00,14.381,14.649,14.34,14.416,205929.21
1700827200,2023-11-24T12:00:00+00:00,14.416,14.68,14.323,14.587,373492.06
1700841600,2023-11-24T16:00:00+00:00,14.592,14.847,14.353,14.401,388695.05000000005
1700856000,2023-11-24T20:00:00+00:00,14.407,14.505,14.28,14.5,399953.01
1700870400,2023-11-25T00:00:00+00:00,14.502,14.764,14.392,14.761,406976.46
1700884800,2023-11-25T04:00:00+00:00,14.762,14.787,14.642,14.753,193163.19
1700899200,2023-11-25T08:00:00+00:00,14.753,14.98,14.648,14.765,319026.44999999995
1700913600,2023-11-25T12:00:00+00:00,14.761,14.887,14.663,14.795,188814.52
1700928000,2023-11-25T16:00:00+00:00,14.794,14.876,14.708,14.711,211989.83
1700942400,2023-11-25T20:00:00+00:00,14.713,14.803,14.683,14.776,210617.75999999998
1700956800,2023-11-26T00:00:00+00:00,14.779,14.87,14.629,14.779,295758.26
1700971200,2023-11-26T04:00:00+00:00,14.79,15.19,14.775,15.114,378830.39
1700985600,2023-11-26T08:00:00+00:00,15.116,15.339,15.076,15.208,268062.64999999997
1701000000,2023-11-26T12:00:00+00:00,15.205,15.23,14.714,14.813,388429.67
1701014400,2023-11-26T16:00:00+00:00,14.813,14.898,14.4,14.679,477047.75999999995
1701028800,2023-11-26T20:00:00+00:00,14.68,14.875,14.567,14.769,187204.25999999998
1701043200,2023-11-27T00:00:00+00:00,14.773,15.299,14.576,14.693,687636.87
1701057600,2023-11-27T04:00:00+00:00,14.691,14.841,14.34,14.52,311999.13
1701072000,2023-11-27T08:00:00+00:00,14.518,14.562,14.2,14.25,279214.32
1701086400,2023-11-27T12:00:00+00:00,14.247,14.345,14.051,14.093,421468.75
1701100800,2023-11-27T16:00:00+00:00,14.092,14.311,13.88,13.962,447615.53
1701115200,2023-11-27T20:00:00+00:00,13.965,14.25,13.888,14.185,453720.84
1701129600,2023-11-28T00:00:00+00:00,14.183,14.322,14.135,14.15,380660.26
1701144000,2023-11-28T04:00:00+00:00,14.157,14.191,13.772,13.984,318049.08999999997
1701158400,2023-11-28T08:00:00+00:00,13.985,14.322,13.911,14.303,160898.13
1701172800,2023-11-28T12:00:00+00:00,14.303,14.45,14.171,14.392,304816.69
1701187200,2023-11-28T16:00:00+00:00,14.399,14.724,14.333,14.599,647937.4500000001
1701201600,2023-11-28T20:00:00+00:00,14.602,14.689,14.453,14.528,302137.86
1701216000,2023-11-29T00:00:00+00:00,14.53,14.676,14.44,14.65,332014.65
1701230400,2023-11-29T04:00:00+00:00,14.652,14.8,14.541,14.703,263734.45
1701244800,2023-11-29T08:00:00+00:00,14.708,14.996,14.628,14.752,355892.86
1701259200,2023-11-29T12:00:00+00:00,14.751,14.87,14.411,14.587,385557.16000000003
1701273600,2023-11-29T16:00:00+00:00,14.59,14.688,14.417,14.651,298083.77
1701288000,2023-11-29T20:00:00+00:00,14.655,14.666,14.465,14.519,280158.08
1701302400,2023-11-30T00:00:00+00:00,14.519,14.648,14.337,14.648,331183.44999999995
1701316800,2023-11-30T04:00:00+00:00,14.643,14.705,14.404,14.442,204710.89999999997
1701331200,2023-11-30T08:00:00+00:00,14.446,14.798,14.288,14.763,374164.26
1701345600,2023-11-30T12:00:00+00:00,14.775,14.833,14.329,14.392,336034.48
1701360000,2023-11-30T16:00:00+00:00,14.391,14.455,14.315,14.339,241140.49
1701374400,2023-11-30T20:00:00+00:00,14.339,14.417,14.271,14.415,232273.93
1701388800,2023-12-01T00:00:00+00:00,14.419,14.647,14.276,14.615,431424.58999999997
1701403200,2023-12-01T04:00:00+00:00,14.622,14.777,14.551,14.736,301371.63
1701417600,2023-12-01T08:00:00+00:00,14.737,14.85,14.709,14.804,343401.01
1701432000,2023-12-01T12:00:00+00:00,14.804,15,14.7,14.941,469218.72000000003
1701446400,2023-12-01T16:00:00+00:00,14.938,15.064,14.863,14.963,569268.49
1701460800,2023-12-01T20:00:00+00:00,14.963,15.015,14.909,14.998,283841.93
1701475200,2023-12-02T00:00:00+00:00,14.997,15.45,14.925,15.347,652086.5
1701489600,2023-12-02T04:00:00+00:00,15.346,15.893,15.252,15.748,503457.69
1701504000,2023-12-02T08:00:00+00:00,15.745,15.896,15.614,15.65,327802.97000000003
1701518400,2023-12-02T12:00:00+00:00,15.65,15.881,15.613,15.85,458286.89
1701532800,2023-12-02T16:00:00+00:00,15.845,16.162,15.697,16.112,673818.6799999999
1701547200,2023-12-02T20:00:00+00:00,16.126,16.212,15.919,16,401054.83
1701561600,2023-12-03T00:00:00+00:00,16,16.144,15.827,15.955,344326.94999999995
1701576000,2023-12-03T04:00:00+00:00,15.955,16.293,15.883,16.282,253402.95
1701590400,2023-12-03T08:00:00+00:00,16.285,16.291,15.9,16.007,195465.55
1701604800,2023-12-03T12:00:00+00:00,16.005,16.068,15.756,15.838,249411.27
1701619200,2023-12-03T16:00:00+00:00,15.841,15.921,15.742,15.866,225147.64
1701633600,2023-12-03T20:00:00+00:00,15.868,16.154,15.677,15.714,716628.3200000001
1701648000,2023-12-04T00:00:00+00:00,15.713,16.015,15.632,15.911,765113.74
1701662400,2023-12-04T04:00:00+00:00,15.912,16.397,15.908,16.078,709559.6900000001
1701676800,2023-12-04T08:00:00+00:00,16.084,16.237,15.16,15.658,728698.86
1701691200,2023-12-04T12:00:00+00:00,15.659,16.15,15.4,15.456,723433.66
1701705600,2023-12-04T16:00:00+00:00,15.454,15.738,15.434,15.647,355920.77
1701720000,2023-12-04T20:00:00+00:00,15.652,15.815,15.522,15.81,398174.51999999996
1701734400,2023-12-05T00:00:00+00:00,15.805,16.025,15.55,15.649,425725.56
1701748800,2023-12-05T04:00:00+00:00,15.652,15.656,15.214,15.323,439324.73
1701763200,2023-12-05T08:00:00+00:00,15.327,15.458,15.184,15.329,287312.82
1701777600,2023-12-05T12:00:00+00:00,15.32,15.616,15.254,15.542,375730.32999999996
1701792000,2023-12-05T16:00:00+00:00,15.539,16.08,15.407,15.708,877331.72
1701806400,2023-12-05T20:00:00+00:00,15.709,15.84,15.459,15.73,514419.39999999997
1701820800,2023-12-06T00:00:00+00:00,15.73,16.171,15.609,15.71,668580.15
1701835200,2023-12-06T04:00:00+00:00,15.718,15.809,15.36,15.628,503043.17
1701849600,2023-12-06T08:00:00+00:00,15.631,16.095,15.341,15.554,477936.94999999995
1701864000,2023-12-06T12:00:00+00:00,15.551,15.769,15.442,15.544,500448.06
1701878400,2023-12-06T16:00:00+00:00,15.544,15.786,15.49,15.764,420636.10000000003
1701892800,2023-12-06T20:00:00+00:00,15.769,15.806,15.23,15.269,417556.94
1701907200,2023-12-07T00:00:00+00:00,15.271,15.487,15.252,15.468,402576.58999999997
1701921600,2023-12-07T04:00:00+00:00,15.467,15.722,15.445,15.565,306626.45
1701936000,2023-12-07T08:00:00+00:00,15.568,15.62,15.04,15.104,539349.9
1701950400,2023-12-07T12:00:00+00:00,15.101,15.36,14.673,15.237,1317069.63
1701964800,2023-12-07T16:00:00+00:00,15.238,15.616,15.15,15.227,745027.59
1701979200,2023-12-07T20:00:00+00:00,15.226,15.8,15.172,15.693,632620.66
1701993600,2023-12-08T00:00:00+00:00,15.694,15.984,15.559,15.812,573319.6499999999
1702008000,2023-12-08T04:00:00+00:00,15.817,16.091,15.736,15.906,692618.4099999999
1702022400,2023-12-08T08:00:00+00:00,15.91,16.5,15.891,16.438,702494.96
1702036800,2023-12-08T12:00:00+00:00,16.443,17.327,16.33,16.697,2027421.9300000002
1702051200,2023-12-08T16:00:00+00:00,16.697,16.891,16.542,16.787,770755.5499999999
1702065600,2023-12-08T20:00:00+00:00,16.787,17,16.737,16.92,430461.18
1702080000,2023-12-09T00:00:00+00:00,16.935,17.195,16.653,16.871,618719.4600000001
1702094400,2023-12-09T04:00:00+00:00,16.876,17.27,16.865,17.197,603893.99
1702108800,2023-12-09T08:00:00+00:00,17.196,17.3,16.599,16.977,517596.7
1702123200,2023-12-09T12:00:00+00:00,16.985,17.096,16.368,16.628,1611912.79
1702137600,2023-12-09T16:00:00+00:00,16.632,16.68,16.278,16.566,435399.32
1702152000,2023-12-09T20:00:00+00:00,16.57,16.597,16.042,16.2,372742.35
1702166400,2023-12-10T00:00:00+00:00,16.199,16.458,16.195,16.372,256454.27000000002
1702180800,2023-12-10T04:00:00+00:00,16.37,16.425,16.187,16.315,248522.37
1702195200,2023-12-10T08:00:00+00:00,16.31,16.359,15.776,15.926,392350.83999999997
1702209600,2023-12-10T12:00:00+00:00,15.932,16.192,15.906,16.134,328574.75
1702224000,2023-12-10T16:00:00+00:00,16.13,16.217,15.957,16.212,282236.82
1702238400,2023-12-10T20:00:00+00:00,16.215,16.449,16.195,16.367,293419.37
1702252800,2023-12-11T00:00:00+00:00,16.372,16.461,14.191,15.109,1734377.85
1702267200,2023-12-11T04:00:00+00:00,15.095,15.233,14.762,14.865,637097.02
1702281600,2023-12-11T08:00:00+00:00,14.86,15.182,14.736,15.045,518356.74
1702296000,2023-12-11T12:00:00+00:00,15.043,15.081,14.597,14.779,616068.12
1702310400,2023-12-11T16:00:00+00:00,14.778,14.886,14.222,14.566,987047.78
1702324800,2023-12-11T20:00:00+00:00,14.565,14.827,14.481,14.763,481894.08999999997
1702339200,2023-12-12T00:00:00+00:00,14.762,15.14,14.761,14.979,445366.26999999996
1702353600,2023-12-12T04:00:00+00:00,14.974,15.064,14.671,15.039,342182.91000000003
1702368000,2023-12-12T08:00:00+00:00,15.038,15.051,14.777,14.799,327345.84
1702382400,2023-12-12T12:00:00+00:00,14.799,15.079,14.559,14.635,422165.63
1702396800,2023-12-12T16:00:00+00:00,14.639,14.64,14.161,14.392,858515.47
1702411200,2023-12-12T20:00:00+00:00,14.397,14.561,14.153,14.515,342472.36
1702425600,2023-12-13T00:00:00+00:00,14.522,14.58,13.908,14.079,608487.3200000001
1702440000,2023-12-13T04:00:00+00:00,14.071,14.267,13.851,14.202,377528.81
1702454400,2023-12-13T08:00:00+00:00,14.203,14.362,14.069,14.096,284190.5
1702468800,2023-12-13T12:00:00+00:00,14.097,14.641,14.083,14.556,394362.62
1702483200,2023-12-13T16:00:00+00:00,14.56,14.814,14.346,14.79,442260.41000000003
1702497600,2023-12-13T20:00:00+00:00,14.791,14.961,14.662,14.773,552201.62
1702512000,2023-12-14T00:00:00+00:00,14.776,14.9,14.67,14.751,401481.93999999994
1702526400,2023-12-14T04:00:00+00:00,14.75,14.964,14.626,14.853,416395.61
1702540800,2023-12-14T08:00:00+00:00,14.852,15.3,14.779,15.274,364458.95
1702555200,2023-12-14T12:00:00+00:00,15.271,15.352,14.301,14.871,996876.73
1702569600,2023-12-14T16:00:00+00:00,14.873,15.585,14.848,15.284,804010.31
1702584000,2023-12-14T20:00:00+00:00,15.279,15.511,15.15,15.36,427127.98
1702598400,2023-12-15T00:00:00+00:00,15.372,15.39,14.967,14.999,384598.30000000005
1702612800,2023-12-15T04:00:00+00:00,14.997,15.055,14.862,14.882,278558.58999999997
1702627200,2023-12-15T08:00:00+00:00,14.885,15.209,14.872,15.052,348396.68
1702641600,2023-12-15T12:00:00+00:00,15.053,15.089,14.638,14.774,470524.13
1702656000,2023-12-15T16:00:00+00:00,14.772,14.877,14.675,14.767,226681.09
1702670400,2023-12-15T20:00:00+00:00,14.764,14.832,14.25,14.279,588741.04
1702684800,2023-12-16T00:00:00+00:00,14.274,14.519,14.088,14.5,327590.27999999997
1702699200,2023-12-16T04:00:00+00:00,14.497,14.579,14.404,14.427,171837.29
1702713600,2023-12-16T08:00:00+00:00,14.434,14.548,14.391,14.548,141568.52000000002
1702728000,2023-12-16T12:00:00+00:00,14.55,14.647,14.469,14.636,166644.84
1702742400,2023-12-16T16:00:00+00:00,14.632,14.788,14.31,14.38,323759.68
1702756800,2023-12-16T20:00:00+00:00,14.387,14.467,14.268,14.308,208146.14999999997
1702771200,2023-12-17T00:00:00+00:00,14.31,14.344,14.109,14.177,363414.73000000004
1702785600,2023-12-17T04:00:00+00:00,14.182,14.276,14,14.023,231205.15999999997
1702800000,2023-12-17T08:00:00+00:00,14.019,14.268,14,14.187,105264.87
1702814400,2023-12-17T12:00:00+00:00,14.186,14.242,13.997,14.225,160224.42
1702828800,2023-12-17T16:00:00+00:00,14.233,14.361,14.118,14.26,204194.62
1702843200,2023-12-17T20:00:00+00:00,14.261,14.337,13.9,14.003,235242.54
1702857600,2023-12-18T00:00:00+00:00,14.001,14.141,13.599,13.857,407017.54000000004
1702872000,2023-12-18T04:00:00+00:00,13.857,13.988,13.794,13.881,568822.9299999999
1702886400,2023-12-18T08:00:00+00:00,13.881,14.416,13.781,14.163,825829.5000000001
1702900800,2023-12-18T12:00:00+00:00,14.168,14.352,13.944,13.978,536865.2300000001
1702915200,2023-12-18T16:00:00+00:00,13.983,14.389,13.863,14.298,338991.94999999995
1702929600,2023-12-18T20:00:00+00:00,14.298,14.68,14.25,14.669,576969.4500000001
1702944000,2023-12-19T00:00:00+00:00,14.67,14.8,14.515,14.641,341777.1
1702958400,2023-12-19T04:00:00+00:00,14.645,14.694,14.521,14.59,195186.88
1702972800,2023-12-19T08:00:00+00:00,14.591,14.658,14.451,14.547,207067.56999999998
1702987200,2023-12-19T12:00:00+00:00,14.55,14.571,14.1,14.231,403351.5
1703001600,2023-12-19T16:00:00+00:00,14.222,14.316,13.921,14.063,653166.1100000001
1703016000,2023-12-19T20:00:00+00:00,14.067,14.144,13.974,14.096,182678.38
1703030400,2023-12-20T00:00:00+00:00,14.091,14.207,13.976,14.132,166317.93
1703044800,2023-12-20T04:00:00+00:00,14.137,14.433,14.115,14.426,237492.22999999998
1703059200,2023-12-20T08:00:00+00:00,14.418,14.51,14.314,14.408,171518.27
1703073600,2023-12-20T12:00:00+00:00,14.402,14.804,14.32,14.707,372065.11
1703088000,2023-12-20T16:00:00+00:00,14.708,14.739,14.319,14.337,534437.31
1703102400,2023-12-20T20:00:00+00:00,14.329,14.361,14.036,14.249,451714.47000000003
1703116800,2023-12-21T00:00:00+00:00,14.251,14.347,14.18,14.301,202916.8
1703131200,2023-12-21T04:00:00+00:00,14.301,14.466,14.215,14.432,173627.72
1703145600,2023-12-21T08:00:00+00:00,14.432,15.086,14.432,15.083,503078.72
1703160000,2023-12-21T12:00:00+00:00,15.083,15.17,14.618,14.961,462944.18
1703174400,2023-12-21T16:00:00+00:00,14.962,15.17,14.896,14.957,598885.8999999999
1703188800,2023-12-21T20:00:00+00:00,14.957,15.308,14.908,15.305,450228.82999999996
1703203200,2023-12-22T00:00:00+00:00,15.302,15.526,15.178,15.285,726552.41
1703217600,2023-12-22T04:00:00+00:00,15.304,15.736,15.1,15.179,388405.12
1703232000,2023-12-22T08:00:00+00:00,15.17,15.404,15.065,15.318,306204.35000000003
1703246400,2023-12-22T12:00:00+00:00,15.321,15.685,15.108,15.49,490886.07000000007
1703260800,2023-12-22T16:00:00+00:00,15.483,15.697,15.309,15.322,310817.09
1703275200,2023-12-22T20:00:00+00:00,15.322,15.516,15.322,15.494,156919.37
1703289600,2023-12-23T00:00:00+00:00,15.494,15.54,14.932,14.998,266187.93
1703304000,2023-12-23T04:00:00+00:00,15.002,15.156,14.909,15.039,207318.15999999997
1703318400,2023-12-23T08:00:00+00:00,15.038,15.342,14.985,15.279,216455.69
1703332800,2023-12-23T12:00:00+00:00,15.278,15.889,15.239,15.817,531129.6599999999
1703347200,2023-12-23T16:00:00+00:00,15.825,15.918,15.581,15.625,531361.31
1703361600,2023-12-23T20:00:00+00:00,15.631,15.791,15.45,15.69,273605.14
1703376000,2023-12-24T00:00:00+00:00,15.69,15.917,15.543,15.644,338207.26
1703390400,2023-12-24T04:00:00+00:00,15.65,15.8,15.32,15.531,257455.03
1703404800,2023-12-24T08:00:00+00:00,15.537,15.821,15.444,15.682,176128.66999999998
1703419200,2023-12-24T12:00:00+00:00,15.687,15.93,15.579,15.797,250356.13
1703433600,2023-12-24T16:00:00+00:00,15.797,15.953,15.674,15.859,477341.80000000005
1703448000,2023-12-24T20:00:00+00:00,15.87,15.943,15.158,15.277,549968.94
1703462400,2023-12-25T00:00:00+00:00,15.276,15.446,15.124,15.43,163304.59
1703476800,2023-12-25T04:00:00+00:00,15.442,15.565,15.361,15.4,137242.32
1703491200,2023-12-25T08:00:00+00:00,15.394,15.51,15.15,15.249,132793.74
1703505600,2023-12-25T12:00:00+00:00,15.245,15.65,15.179,15.544,271968.61
1703520000,2023-12-25T16:00:00+00:00,15.538,15.555,15.294,15.388,207239.56
1703534400,2023-12-25T20:00:00+00:00,15.386,15.739,15.191,15.59,357166.42
1703548800,2023-12-26T00:00:00+00:00,15.591,15.9,15.493,15.757,240366.99
1703563200,2023-12-26T04:00:00+00:00,15.769,15.84,15.075,15.3,483132.68
1703577600,2023-12-26T08:00:00+00:00,15.298,15.431,15.041,15.393,196140.90000000002
1703592000,2023-12-26T12:00:00+00:00,15.391,15.494,15.054,15.068,221807.15
1703606400,2023-12-26T16:00:00+00:00,15.071,15.186,14.302,14.835,757660.97
1703620800,2023-12-26T20:00:00+00:00,14.83,15.104,14.824,15.091,278330.32
1703635200,2023-12-27T00:00:00+00:00,15.097,15.104,14.649,14.736,233685.01
1703649600,2023-12-27T04:00:00+00:00,14.739,14.986,14.731,14.892,118079.22
1703664000,2023-12-27T08:00:00+00:00,14.889,15.509,14.873,15.461,220484.18
1703678400,2023-12-27T12:00:00+00:00,15.461,16.349,15.385,16.159,1335619.43
1703692800,2023-12-27T16:00:00+00:00,16.144,16.669,16.121,16.324,1011216.76
1703707200,2023-12-27T20:00:00+00:00,16.317,16.75,16.284,16.715,562936.1699999999
1703721600,2023-12-28T00:00:00+00:00,16.731,17.677,16.657,17.431,1555834.48
1703736000,2023-12-28T04:00:00+00:00,17.451,17.58,16.702,16.945,773499.73
1703750400,2023-12-28T08:00:00+00:00,16.944,17.347,16.885,17.326,491566.8
1703764800,2023-12-28T12:00:00+00:00,17.33,17.333,16.09,16.155,1058752.2000000002
1703779200,2023-12-28T16:00:00+00:00,16.16,16.52,16.116,16.472,399877.80000000005
1703793600,2023-12-28T20:00:00+00:00,16.471,16.522,15.979,16.012,517901.30000000005
1703808000,2023-12-29T00:00:00+00:00,16.019,16.123,15.542,15.94,583946.64
1703822400,2023-12-29T04:00:00+00:00,15.944,16.047,15.682,15.733,293115.44
1703836800,2023-12-29T08:00:00+00:00,15.733,16.234,15.73,16.173,323602.42
1703851200,2023-12-29T12:00:00+00:00,16.177,16.234,15.493,15.607,551260.9299999999
1703865600,2023-12-29T16:00:00+00:00,15.608,15.674,15.184,15.587,892794.1000000001
1703880000,2023-12-29T20:00:00+00:00,15.587,15.623,15.13,15.543,309033.03
1703894400,2023-12-30T00:00:00+00:00,15.549,15.623,15.207,15.286,275723.85
1703908800,2023-12-30T04:00:00+00:00,15.289,15.48,15.278,15.296,144781.35
1703923200,2023-12-30T08:00:00+00:00,15.302,15.325,15.015,15.142,195506.94999999998
1703937600,2023-12-30T12:00:00+00:00,15.145,15.411,15.101,15.377,180076.34000000003
1703952000,2023-12-30T16:00:00+00:00,15.379,15.487,15.225,15.259,181079.34
1703966400,2023-12-30T20:00:00+00:00,15.256,15.325,15.068,15.169,214292.86
1703980800,2023-12-31T00:00:00+00:00,15.173,15.327,14.918,15.032,209590.12
1703995200,2023-12-31T04:00:00+00:00,15.025,15.293,14.99,15.197,115408.41
1704009600,2023-12-31T08:00:00+00:00,15.204,15.442,15.174,15.325,114019.96
1704024000,2023-12-31T12:00:00+00:00,15.328,15.526,15.25,15.288,211207.69
1704038400,2023-12-31T16:00:00+00:00,15.284,15.427,15.045,15.284,344758.52
1704052800,2023-12-31T20:00:00+00:00,15.283,15.283,14.758,14.935,390026.48
1704067200,2024-01-01T00:00:00+00:00,14.934,15.199,14.864,14.935,200939.40000000002
1704081600,2024-01-01T04:00:00+00:00,14.927,15.222,14.812,15.221,349701.07
1704096000,2024-01-01T08:00:00+00:00,15.216,15.346,15.125,15.295,75494.3
1704110400,2024-01-01T12:00:00+00:00,15.3,15.328,15.153,15.304,171840.64
1704124800,2024-01-01T16:00:00+00:00,15.309,15.531,15.18,15.46,345833.29000000004
1704139200,2024-01-01T20:00:00+00:00,15.456,15.585,15.372,15.56,270546.24
1704153600,2024-01-02T00:00:00+00:00,15.559,15.881,15.508,15.716,682145.38
1704168000,2024-01-02T04:00:00+00:00,15.718,15.95,15.712,15.899,228854.32999999996
1704182400,2024-01-02T08:00:00+00:00,15.902,16.079,15.823,15.869,271402.65
1704196800,2024-01-02T12:00:00+00:00,15.865,15.977,15.274,15.368,353484.80000000005
1704211200,2024-01-02T16:00:00+00:00,15.369,15.439,15.105,15.222,430666.6
1704225600,2024-01-02T20:00:00+00:00,15.227,15.308,15.046,15.169,310603.59
1704240000,2024-01-03T00:00:00+00:00,15.17,15.4,15.111,15.298,201044.16
1704254400,2024-01-03T04:00:00+00:00,15.305,15.581,15.264,15.317,154443.64
1704268800,2024-01-03T08:00:00+00:00,15.316,15.562,14.903,14.949,370859.22
1704283200,2024-01-03T12:00:00+00:00,14.948,14.981,13.2,14.201,1881815.86
1704297600,2024-01-03T16:00:00+00:00,14.203,14.295,13.756,14.06,562039.3
1704312000,2024-01-03T20:00:00+00:00,14.055,14.309,14.039,14.16,326005.64
1704326400,2024-01-04T00:00:00+00:00,14.155,14.406,13.997,14.321,486390.71
1704340800,2024-01-04T04:00:00+00:00,14.322,14.509,14.266,14.3,208971.81
1704355200,2024-01-04T08:00:00+00:00,14.308,14.401,14.112,14.35,137519.41
1704369600,2024-01-04T12:00:00+00:00,14.355,14.7,14.255,14.681,285677.77
1704384000,2024-01-04T16:00:00+00:00,14.681,14.717,14.457,14.625,349929.05
1704398400,2024-01-04T20:00:00+00:00,14.63,14.799,14.471,14.541,345884.32
1704412800,2024-01-05T00:00:00+00:00,14.546,14.675,13.87,14.136,615447.02
1704427200,2024-01-05T04:00:00+00:00,14.143,14.529,14.022,14.455,486867.84
1704441600,2024-01-05T08:00:00+00:00,14.459,14.659,14.18,14.2,640204.78
1704456000,2024-01-05T12:00:00+00:00,14.204,14.256,13.82,14.047,499400.62
1704470400,2024-01-05T16:00:00+00:00,14.037,14.119,13.74,13.819,679113.41
1704484800,2024-01-05T20:00:00+00:00,13.819,14.101,13.805,14.101,418724.87
1704499200,2024-01-06T00:00:00+00:00,14.1,14.11,13.78,13.841,229877.15
1704513600,2024-01-06T04:00:00+00:00,13.843,13.885,13.2,13.351,454351.41000000003
1704528000,2024-01-06T08:00:00+00:00,13.351,13.616,13.239,13.573,276656.6
1704542400,2024-01-06T12:00:00+00:00,13.58,13.671,13.4,13.629,208447.69
1704556800,2024-01-06T16:00:00+00:00,13.632,13.698,13.486,13.533,178214.08
1704571200,2024-01-06T20:00:00+00:00,13.532,13.572,13.267,13.445,162012.2
1704585600,2024-01-07T00:00:00+00:00,13.444,13.678,13.403,13.569,200558.2
1704600000,2024-01-07T04:00:00+00:00,13.569,13.747,13.569,13.65,167523.42
1704614400,2024-01-07T08:00:00+00:00,13.654,13.711,13.401,13.507,131991.55000000002
1704628800,2024-01-07T12:00:00+00:00,13.507,13.686,13.417,13.484,169760.88
1704643200,2024-01-07T16:00:00+00:00,13.483,13.617,13.302,13.582,158857.75999999998
1704657600,2024-01-07T20:00:00+00:00,13.584,13.619,13,13.161,290273.78
1704672000,2024-01-08T00:00:00+00:00,13.165,13.387,12.538,12.848,668102.68
1704686400,2024-01-08T04:00:00+00:00,12.85,13.57,12.786,13.493,307026.18
1704700800,2024-01-08T08:00:00+00:00,13.498,13.577,13.219,13.504,185910.64
1704715200,2024-01-08T12:00:00+00:00,13.504,13.866,13.5,13.593,369869.02
1704729600,2024-01-08T16:00:00+00:00,13.598,14.415,13.526,14.401,635545.6699999999
1704744000,2024-01-08T20:00:00+00:00,14.407,14.419,14.107,14.154,233572.25
1704758400,2024-01-09T00:00:00+00:00,14.159,14.269,13.859,13.998,251431.0
1704772800,2024-01-09T04:00:00+00:00,13.994,14.188,13.926,14.058,250482.89
1704787200,2024-01-09T08:00:00+00:00,14.058,14.159,13.698,13.808,166074.28999999998
1704801600,2024-01-09T12:00:00+00:00,13.809,13.885,13.243,13.565,565370.01
1704816000,2024-01-09T16:00:00+00:00,13.571,13.734,13.415,13.652,350194.16000000003
1704830400,2024-01-09T20:00:00+00:00,13.651,13.856,13.356,13.72,730670.73
1704844800,2024-01-10T00:00:00+00:00,13.722,13.961,13.56,13.643,315649.01
1704859200,2024-01-10T04:00:00+00:00,13.644,13.803,13.596,13.679,112552.09
1704873600,2024-01-10T08:00:00+00:00,13.68,14.466,13.574,14.234,739856.07
1704888000,2024-01-10T12:00:00+00:00,14.228,14.389,13.608,14.262,494918.91000000003
1704902400,2024-01-10T16:00:00+00:00,14.263,14.343,14.007,14.334,305425.49
1704916800,2024-01-10T20:00:00+00:00,14.332,15.367,13.994,15.075,984642.68
1704931200,2024-01-11T00:00:00+00:00,15.08,15.115,14.785,14.991,271251.96
1704945600,2024-01-11T04:00:00+00:00,14.999,14.999,14.601,14.836,149440.71
1704960000,2024-01-11T08:00:00+00:00,14.833,15.353,14.784,15.344,280720.28
1704974400,2024-01-11T12:00:00+00:00,15.339,15.699,14.873,15.04,776143.63
1704988800,2024-01-11T16:00:00+00:00,15.036,15.144,14.682,15.125,400180.81
1705003200,2024-01-11T20:00:00+00:00,15.126,15.186,14.823,15.024,203872.71000000002
1705017600,2024-01-12T00:00:00+00:00,15.027,15.069,14.747,14.787,118363.73999999999
1705032000,2024-01-12T04:00:00+00:00,14.775,14.994,14.697,14.766,95770.56
1705046400,2024-01-12T08:00:00+00:00,14.766,15.004,14.644,14.98,109120.9
1705060800,2024-01-12T12:00:00+00:00,14.981,15.309,14.723,14.772,389644.0
1705075200,2024-01-12T16:00:00+00:00,14.772,14.929,14,14.318,423894.86000000004
1705089600,2024-01-12T20:00:00+00:00,14.316,14.448,13.604,14.148,406949.39
1705104000,2024-01-13T00:00:00+00:00,14.152,14.207,13.78,14.024,127095.43000000002
1705118400,2024-01-13T04:00:00+00:00,14.028,14.244,14.013,14.17,49886.880000000005
1705132800,2024-01-13T08:00:00+00:00,14.178,14.272,13.996,14.227,71021.09
1705147200,2024-01-13T12:00:00+00:00,14.22,14.352,14.114,14.244,81739.59
1705161600,2024-01-13T16:00:00+00:00,14.245,14.319,14.12,14.269,115401.14
1705176000,2024-01-13T20:00:00+00:00,14.269,14.432,14.264,14.349,125774.37
1705190400,2024-01-14T00:00:00+00:00,14.346,14.608,14.263,14.442,179173.16
1705204800,2024-01-14T04:00:00+00:00,14.441,15.229,14.402,14.872,463647.52
1705219200,2024-01-14T08:00:00+00:00,14.881,15.284,14.838,15.082,271661.78
1705233600,2024-01-14T12:00:00+00:00,15.086,15.331,14.948,15.219,359123.91000000003
1705248000,2024-01-14T16:00:00+00:00,15.221,15.42,14.897,14.917,303849.75999999995
1705262400,2024-01-14T20:00:00+00:00,14.909,15.304,14.73,14.743,410999.86
1705276800,2024-01-15T00:00:00+00:00,14.736,15.85,14.733,15.572,690789.55
1705291200,2024-01-15T04:00:00+00:00,15.572,15.679,15.42,15.426,241122.54
1705305600,2024-01-15T08:00:00+00:00,15.437,15.837,15.434,15.634,239049.38
1705320000,2024-01-15T12:00:00+00:00,15.638,16,15.218,15.311,659859.6300000001
1705334400,2024-01-15T16:00:00+00:00,15.308,15.691,15.232,15.324,288049.29
1705348800,2024-01-15T20:00:00+00:00,15.324,15.414,14.98,15.174,215500.03000000003
1705363200,2024-01-16T00:00:00+00:00,15.175,15.352,15.047,15.322,171159.02
1705377600,2024-01-16T04:00:00+00:00,15.322,15.322,15,15.087,157133.68
1705392000,2024-01-16T08:00:00+00:00,15.09,15.236,14.96,15.059,81576.98
1705406400,2024-01-16T12:00:00+00:00,15.056,15.173,14.735,15.054,377954.8
1705420800,2024-01-16T16:00:00+00:00,15.055,15.166,14.96,15.093,173949.47000000003
1705435200,2024-01-16T20:00:00+00:00,15.095,15.35,15.094,15.27,201681.69
1705449600,2024-01-17T00:00:00+00:00,15.267,15.872,15.267,15.83,565647.19
1705464000,2024-01-17T04:00:00+00:00,15.838,15.99,15.71,15.757,488390.78
1705478400,2024-01-17T08:00:00+00:00,15.759,16.119,15.598,15.814,373965.65
1705492800,2024-01-17T12:00:00+00:00,15.814,16.383,15.719,16.105,577007.11
1705507200,2024-01-17T16:00:00+00:00,16.106,16.158,15.586,15.886,510327.25999999995
1705521600,2024-01-17T20:00:00+00:00,15.886,15.978,15.494,15.749,282400.52
1705536000,2024-01-18T00:00:00+00:00,15.752,15.763,15.228,15.275,326363.0
1705550400,2024-01-18T04:00:00+00:00,15.274,15.497,15.203,15.433,175006.0
1705564800,2024-01-18T08:00:00+00:00,15.439,15.439,15.156,15.424,121648.56
1705579200,2024-01-18T12:00:00+00:00,15.425,15.513,15.061,15.158,435547.03
1705593600,2024-01-18T16:00:00+00:00,15.158,15.158,14.17,14.305,930580.86
1705608000,2024-01-18T20:00:00+00:00,14.313,14.698,14.217,14.65,433905.7
1705622400,2024-01-19T00:00:00+00:00,14.65,14.826,14.45,14.781,182991.69999999998
1705636800,2024-01-19T04:00:00+00:00,14.785,15.031,14.698,15.031,230729.77
1705651200,2024-01-19T08:00:00+00:00,15.023,15.644,14.873,15.499,541561.26
1705665600,2024-01-19T12:00:00+00:00,15.494,15.616,15.029,15.142,511707.42
1705680000,2024-01-19T16:00:00+00:00,15.146,15.531,14.625,15.507,755608.9
1705694400,2024-01-19T20:00:00+00:00,15.507,16.4,15.363,16.103,795073.52
1705708800,2024-01-20T00:00:00+00:00,16.106,16.412,15.75,16,711102.67
1705723200,2024-01-20T04:00:00+00:00,15.996,16.5,15.996,16.391,548332.09
1705737600,2024-01-20T08:00:00+00:00,16.392,16.544,15.822,15.998,438671.33999999997
1705752000,2024-01-20T12:00:00+00:00,16.007,16.061,15.72,15.735,306336.67
1705766400,2024-01-20T16:00:00+00:00,15.73,15.912,15.636,15.811,196386.71000000002
1705780800,2024-01-20T20:00:00+00:00,15.805,15.894,15.691,15.77,232186.57
1705795200,2024-01-21T00:00:00+00:00,15.771,15.771,15.501,15.671,192923.84
1705809600,2024-01-21T04:00:00+00:00,15.67,15.67,15.472,15.626,97288.50000000001
1705824000,2024-01-21T08:00:00+00:00,15.626,15.9,15.55,15.744,161074.26
1705838400,2024-01-21T12:00:00+00:00,15.744,15.805,15.423,15.483,169741.66
1705852800,2024-01-21T16:00:00+00:00,15.483,15.596,15.38,15.504,141105.53
1705867200,2024-01-21T20:00:00+00:00,15.505,15.574,15.351,15.382,120764.09
1705881600,2024-01-22T00:00:00+00:00,15.378,15.719,15.215,15.559,398599.11
1705896000,2024-01-22T04:00:00+00:00,15.564,15.962,15.472,15.659,482852.02
1705910400,2024-01-22T08:00:00+00:00,15.659,15.719,14.944,15.157,419129.73000000004
1705924800,2024-01-22T12:00:00+00:00,15.157,15.424,14.783,15.068,445526.4
1705939200,2024-01-22T16:00:00+00:00,15.069,15.146,14.519,14.699,574906.5700000001
1705953600,2024-01-22T20:00:00+00:00,14.702,14.944,14.498,14.583,271660.32
1705968000,2024-01-23T00:00:00+00:00,14.577,14.872,14.562,14.692,196751.41999999998
1705982400,2024-01-23T04:00:00+00:00,14.689,14.866,14.483,14.547,185638.12
1705996800,2024-01-23T08:00:00+00:00,14.548,14.607,13.854,13.975,740618.69
1706011200,2024-01-23T12:00:00+00:00,13.976,14.194,13.551,14.114,614667.7
1706025600,2024-01-23T16:00:00+00:00,14.112,14.228,13.836,13.853,594096.71
1706040000,2024-01-23T20:00:00+00:00,13.852,14.32,13.778,14.292,418908.18
1706054400,2024-01-24T00:00:00+00:00,14.293,14.362,14.053,14.115,213161.04
1706068800,2024-01-24T04:00:00+00:00,14.115,14.295,14.02,14.134,231663.88000000003
1706083200,2024-01-24T08:00:00+00:00,14.137,14.423,14.098,14.26,242053.32
1706097600,2024-01-24T12:00:00+00:00,14.259,14.347,13.979,14.14,208172.39
1706112000,2024-01-24T16:00:00+00:00,14.144,14.326,13.939,14.035,407645.16
1706126400,2024-01-24T20:00:00+00:00,14.032,14.264,13.902,14.231,179111.03
1706140800,2024-01-25T00:00:00+00:00,14.235,14.256,13.949,14.006,187903.43000000002
1706155200,2024-01-25T04:00:00+00:00,14.009,14.04,13.842,14.016,178691.5
1706169600,2024-01-25T08:00:00+00:00,14.017,14.055,13.755,13.842,168006.54
1706184000,2024-01-25T12:00:00+00:00,13.844,13.9,13.51,13.582,401174.76
1706198400,2024-01-25T16:00:00+00:00,13.585,13.836,13.5,13.774,229538.45
1706212800,2024-01-25T20:00:00+00:00,13.778,13.876,13.715,13.733,174918.43
1706227200,2024-01-26T00:00:00+00:00,13.733,13.911,13.631,13.85,191537.21999999997
1706241600,2024-01-26T04:00:00+00:00,13.848,13.909,13.707,13.719,96067.01000000001
1706256000,2024-01-26T08:00:00+00:00,13.719,14.18,13.715,14.169,228304.54
1706270400,2024-01-26T12:00:00+00:00,14.172,14.212,13.946,14.2,289729.05
1706284800,2024-01-26T16:00:00+00:00,14.202,14.296,14.11,14.15,380495.61
1706299200,2024-01-26T20:00:00+00:00,14.149,14.211,14.043,14.186,136573.01
1706313600,2024-01-27T00:00:00+00:00,14.184,14.3,14.166,14.286,111265.65999999999
1706328000,2024-01-27T04:00:00+00:00,14.286,14.348,14.1,14.128,106204.47
1706342400,2024-01-27T08:00:00+00:00,14.131,14.271,14.09,14.235,58757.5
1706356800,2024-01-27T12:00:00+00:00,14.243,14.337,14.211,14.285,72534.48000000001
1706371200,2024-01-27T16:00:00+00:00,14.286,14.399,14.234,14.365,124113.69
1706385600,2024-01-27T20:00:00+00:00,14.363,14.394,14.302,14.345,120727.32
1706400000,2024-01-28T00:00:00+00:00,14.344,14.572,14.266,14.562,228204.25
1706414400,2024-01-28T04:00:00+00:00,14.56,14.644,14.439,14.479,156209.07000000004
1706428800,2024-01-28T08:00:00+00:00,14.479,14.697,14.437,14.519,144231.24
1706443200,2024-01-28T12:00:00+00:00,14.52,14.575,14.307,14.403,128643.85999999999
1706457600,2024-01-28T16:00:00+00:00,14.402,14.49,14.2,14.273,200317.47
1706472000,2024-01-28T20:00:00+00:00,14.276,14.533,14.205,14.479,142385.08000000002
1706486400,2024-01-29T00:00:00+00:00,14.478,14.863,14.406,14.716,394389.02
1706500800,2024-01-29T04:00:00+00:00,14.715,14.818,14.575,14.589,180150.46
1706515200,2024-01-29T08:00:00+00:00,14.587,14.712,14.486,14.547,101570.28
1706529600,2024-01-29T12:00:00+00:00,14.552,14.761,14.26,14.704,302176.54000000004
1706544000,2024-01-29T16:00:00+00:00,14.706,15.076,14.58,14.975,427989.58
1706558400,2024-01-29T20:00:00+00:00,14.982,15.08,14.933,15.004,222186.59000000003
1706572800,2024-01-30T00:00:00+00:00,15.005,15.135,14.896,14.955,374958.62
1706587200,2024-01-30T04:00:00+00:00,14.958,15.055,14.935,14.998,103864.66
1706601600,2024-01-30T08:00:00+00:00,14.999,15.25,14.943,15.227,184212.49
1706616000,2024-01-30T12:00:00+00:00,15.228,15.596,14.966,15.596,629983.77
1706630400,2024-01-30T16:00:00+00:00,15.59,15.804,15.559,15.634,478132.76000000007
1706644800,2024-01-30T20:00:00+00:00,15.636,15.709,15.38,15.475,267655.39
1706659200,2024-01-31T00:00:00+00:00,15.475,15.935,15.371,15.84,490677.03
1706673600,2024-01-31T04:00:00+00:00,15.845,16.05,15.784,15.811,257932.28
1706688000,2024-01-31T08:00:00+00:00,15.815,15.939,15.414,15.772,240636.13999999998
1706702400,2024-01-31T12:00:00+00:00,15.772,15.847,15.263,15.701,439982.83999999997
1706716800,2024-01-31T16:00:00+00:00,15.704,15.859,15.517,15.734,426205.39999999997
1706731200,2024-01-31T20:00:00+00:00,15.734,15.742,15.075,15.419,472934.3
1706745600,2024-02-01T00:00:00+00:00,15.417,15.617,15.132,15.175,473183.64
1706760000,2024-02-01T04:00:00+00:00,15.175,15.819,15.139,15.768,396803.57
1706774400,2024-02-01T08:00:00+00:00,15.762,15.815,15.458,15.55,289369.63
1706788800,2024-02-01T12:00:00+00:00,15.553,16.925,15.553,16.681,1166272.19
1706803200,2024-02-01T16:00:00+00:00,16.685,17.025,16.471,16.937,932146.04
1706817600,2024-02-01T20:00:00+00:00,16.936,17.377,16.873,17.184,968959.6699999999
1706832000,2024-02-02T00:00:00+00:00,17.183,18,17.13,17.863,905740.47
1706846400,2024-02-02T04:00:00+00:00,17.852,18.24,17.71,18.107,808881.27
1706860800,2024-02-02T08:00:00+00:00,18.111,18.196,17.798,17.818,431113.95999999996
1706875200,2024-02-02T12:00:00+00:00,17.817,18.865,17.689,18.724,1195582.58
1706889600,2024-02-02T16:00:00+00:00,18.711,18.867,18,18.221,803045.3500000001
1706904000,2024-02-02T20:00:00+00:00,18.217,18.224,17.53,17.826,616174.35
1706918400,2024-02-03T00:00:00+00:00,17.821,17.939,17.5,17.522,407867.66
1706932800,2024-02-03T04:00:00+00:00,17.522,17.834,17.522,17.712,180054.47000000003
1706947200,2024-02-03T08:00:00+00:00,17.709,18.139,17.701,17.955,261651.34999999998
1706961600,2024-02-03T12:00:00+00:00,17.96,18.089,17.775,18.087,334134.92
1706976000,2024-02-03T16:00:00+00:00,18.086,18.091,17.658,17.742,355032.85
1706990400,2024-02-03T20:00:00+00:00,17.742,17.773,17.511,17.652,131210.16
1707004800,2024-02-04T00:00:00+00:00,17.656,17.981,17.651,17.885,185733.72
1707019200,2024-02-04T04:00:00+00:00,17.889,17.896,17.528,17.624,137804.94999999998
1707033600,2024-02-04T08:00:00+00:00,17.627,18.296,17.588,18.159,214291.21000000002
1707048000,2024-02-04T12:00:00+00:00,18.154,18.381,18.033,18.214,334048.54
1707062400,2024-02-04T16:00:00+00:00,18.216,18.697,18.152,18.297,605609.66
1707076800,2024-02-04T20:00:00+00:00,18.298,18.668,18.103,18.148,470220.25000000006
1707091200,2024-02-05T00:00:00+00:00,18.148,18.496,17.789,18.445,360782.83999999997
1707105600,2024-02-05T04:00:00+00:00,18.446,18.869,18.383,18.693,503422.63
1707120000,2024-02-05T08:00:00+00:00,18.691,19.73,18.535,19.659,873715.5700000001
1707134400,2024-02-05T12:00:00+00:00,19.659,19.777,19.082,19.251,997529.64
1707148800,2024-02-05T16:00:00+00:00,19.255,19.35,19.085,19.131,438707.73000000004
1707163200,2024-02-05T20:00:00+00:00,19.135,19.181,18.738,19.139,454431.98000000004
1707177600,2024-02-06T00:00:00+00:00,19.142,19.309,18.817,18.879,266451.92000000004
1707192000,2024-02-06T04:00:00+00:00,18.879,19.091,18.79,19.049,226317.90000000002
1707206400,2024-02-06T08:00:00+00:00,19.047,19.293,18.594,18.757,293959.38
1707220800,2024-02-06T12:00:00+00:00,18.751,18.865,18.426,18.629,438510.38
1707235200,2024-02-06T16:00:00+00:00,18.629,18.783,18.388,18.544,462009.63
1707249600,2024-02-06T20:00:00+00:00,18.544,18.597,18.241,18.287,297199.05000000005
1707264000,2024-02-07T00:00:00+00:00,18.287,18.39,18.056,18.28,318899.41
1707278400,2024-02-07T04:00:00+00:00,18.285,18.538,18.158,18.374,275815.42
1707292800,2024-02-07T08:00:00+00:00,18.38,18.63,18.197,18.276,174738.24
1707307200,2024-02-07T12:00:00+00:00,18.282,18.433,18.162,18.409,151790.69
1707321600,2024-02-07T16:00:00+00:00,18.412,18.683,18.345,18.457,386005.79000000004
1707336000,2024-02-07T20:00:00+00:00,18.47,19.077,18.457,18.812,726897.83
1707350400,2024-02-08T00:00:00+00:00,18.818,18.987,18.664,18.83,445806.61
1707364800,2024-02-08T04:00:00+00:00,18.829,19.266,18.736,19.153,362306.85000000003
1707379200,2024-02-08T08:00:00+00:00,19.149,19.149,18.664,18.683,301743.08
1707393600,2024-02-08T12:00:00+00:00,18.688,18.744,18.32,18.663,781050.8099999999
1707408000,2024-02-08T16:00:00+00:00,18.663,18.704,18.081,18.161,398769.85000000003
1707422400,2024-02-08T20:00:00+00:00,18.162,18.318,18.004,18.216,201702.70999999996
1707436800,2024-02-09T00:00:00+00:00,18.216,18.5,18.005,18.244,285221.91000000003
1707451200,2024-02-09T04:00:00+00:00,18.256,18.426,18.123,18.351,138629.01
1707465600,2024-02-09T08:00:00+00:00,18.345,18.495,18.19,18.418,225263.54000000004
1707480000,2024-02-09T12:00:00+00:00,18.42,18.622,18.15,18.377,443521.29
1707494400,2024-02-09T16:00:00+00:00,18.375,18.502,18.2,18.249,284065.17
1707508800,2024-02-09T20:00:00+00:00,18.249,18.62,18.249,18.483,329521.63
1707523200,2024-02-10T00:00:00+00:00,18.484,18.772,18.262,18.674,214793.25
1707537600,2024-02-10T04:00:00+00:00,18.684,18.699,18.325,18.359,170779.64
1707552000,2024-02-10T08:00:00+00:00,18.357,18.462,18.02,18.177,170897.93
1707566400,2024-02-10T12:00:00+00:00,18.186,18.457,18.158,18.373,177567.35
1707580800,2024-02-10T16:00:00+00:00,18.374,18.704,18.314,18.628,167439.67
1707595200,2024-02-10T20:00:00+00:00,18.629,19.131,18.6,19.088,376473.76
1707609600,2024-02-11T00:00:00+00:00,19.086,19.819,18.862,19.641,696988.96
1707624000,2024-02-11T04:00:00+00:00,19.636,20.494,19.622,20.349,691754.77
1707638400,2024-02-11T08:00:00+00:00,20.37,20.693,20.314,20.562,406698.13
1707652800,2024-02-11T12:00:00+00:00,20.564,20.618,19.894,20.294,462706.1
1707667200,2024-02-11T16:00:00+00:00,20.295,20.391,20.02,20.268,270477.19
1707681600,2024-02-11T20:00:00+00:00,20.27,20.377,20.039,20.153,138710.18999999997
1707696000,2024-02-12T00:00:00+00:00,20.154,20.636,19.76,20.021,425342.1
1707710400,2024-02-12T04:00:00+00:00,20.021,20.422,19.954,20.232,194951.95
1707724800,2024-02-12T08:00:00+00:00,20.228,20.514,19.958,20.466,163023.24
1707739200,2024-02-12T12:00:00+00:00,20.472,20.804,19.89,20.275,512577.83
1707753600,2024-02-12T16:00:00+00:00,20.275,20.852,20.143,20.623,624538.09
1707768000,2024-02-12T20:00:00+00:00,20.623,20.827,20.442,20.481,340332.46
1707782400,2024-02-13T00:00:00+00:00,20.489,20.612,20.079,20.1,472088.44000000006
1707796800,2024-02-13T04:00:00+00:00,20.101,20.28,20.069,20.127,151523.16
1707811200,2024-02-13T08:00:00+00:00,20.122,20.261,20.005,20.112,164693.13
1707825600,2024-02-13T12:00:00+00:00,20.113,20.196,19.47,19.873,839810.68
1707840000,2024-02-13T16:00:00+00:00,19.877,19.912,19.602,19.653,307845.02
1707854400,2024-02-13T20:00:00+00:00,19.65,19.921,19.639,19.879,148026.81
1707868800,2024-02-14T00:00:00+00:00,19.879,20.195,19.718,20.095,185817.46000000002
1707883200,2024-02-14T04:00:00+00:00,20.092,20.121,19.903,20.091,100481.36000000002
1707897600,2024-02-14T08:00:00+00:00,20.098,20.439,19.96,20.273,388376.83999999997
1707912000,2024-02-14T12:00:00+00:00,20.284,20.358,19.853,20.114,512846.06
1707926400,2024-02-14T16:00:00+00:00,20.115,20.259,19.97,20.191,220151.64
1707940800,2024-02-14T20:00:00+00:00,20.195,20.4,20.15,20.262,246114.63999999998
1707955200,2024-02-15T00:00:00+00:00,20.262,20.569,20.02,20.181,555334.86
1707969600,2024-02-15T04:00:00+00:00,20.182,20.21,19.818,19.961,260263.66999999998
1707984000,2024-02-15T08:00:00+00:00,19.976,20.261,19.935,20.033,155379.44999999998
1707998400,2024-02-15T12:00:00+00:00,20.04,20.237,19.768,19.879,463926.86
1708012800,2024-02-15T16:00:00+00:00,19.879,20.31,19.664,20.079,286847.58
1708027200,2024-02-15T20:00:00+00:00,20.072,20.137,19.751,19.951,192146.87
1708041600,2024-02-16T00:00:00+00:00,19.952,20.09,19.813,20.049,174384.57
1708056000,2024-02-16T04:00:00+00:00,20.049,20.334,19.86,19.866,270352.93
1708070400,2024-02-16T08:00:00+00:00,19.864,20.018,19.644,19.895,186972.87
1708084800,2024-02-16T12:00:00+00:00,19.896,20.2,19.132,19.508,520892.73
1708099200,2024-02-16T16:00:00+00:00,19.507,19.696,19.232,19.311,392881.17999999993
1708113600,2024-02-16T20:00:00+00:00,19.311,19.604,19.274,19.566,179203.42
1708128000,2024-02-17T00:00:00+00:00,19.573,19.588,19.272,19.544,118244.68000000001
1708142400,2024-02-17T04:00:00+00:00,19.545,19.6,19.416,19.585,87164.8
1708156800,2024-02-17T08:00:00+00:00,19.582,19.626,19.302,19.527,125531.94
1708171200,2024-02-17T12:00:00+00:00,19.526,19.87,19.23,19.609,333800.56
1708185600,2024-02-17T16:00:00+00:00,19.616,20.1,19.572,20.09,319584.14999999997
1708200000,2024-02-17T20:00:00+00:00,20.091,20.279,20.018,20.038,236781.07
1708214400,2024-02-18T00:00:00+00:00,20.038,20.063,19.768,19.905,181510.44
1708228800,2024-02-18T04:00:00+00:00,19.913,20.134,19.848,19.988,67759.46
1708243200,2024-02-18T08:00:00+00:00,19.986,20.122,19.894,20.03,92899.39
1708257600,2024-02-18T12:00:00+00:00,20.025,20.098,19.85,19.915,85429.23
1708272000,2024-02-18T16:00:00+00:00,19.917,20.2,19.833,20.002,215689.50999999998
1708286400,2024-02-18T20:00:00+00:00,20,20.38,19.858,20.123,254092.91
1708300800,2024-02-19T00:00:00+00:00,20.125,20.25,19.996,20.051,158294.62
1708315200,2024-02-19T04:00:00+00:00,20.054,20.226,19.9,20.211,147993.41
1708329600,2024-02-19T08:00:00+00:00,20.213,20.219,19.77,19.914,191707.28999999998
1708344000,2024-02-19T12:00:00+00:00,19.911,19.92,19.652,19.787,218355.03999999998
1708358400,2024-02-19T16:00:00+00:00,19.782,20.17,19.773,20.039,368351.9
1708372800,2024-02-19T20:00:00+00:00,20.046,20.188,19.802,19.834,260293.19
1708387200,2024-02-20T00:00:00+00:00,19.832,19.886,19.513,19.593,193208.74
1708401600,2024-02-20T04:00:00+00:00,19.598,19.825,19.497,19.587,108431.67
1708416000,2024-02-20T08:00:00+00:00,19.587,19.674,19.225,19.593,240985.43
1708430400,2024-02-20T12:00:00+00:00,19.598,19.712,18.481,18.983,881386.16
1708444800,2024-02-20T16:00:00+00:00,18.974,19.212,18.599,19.201,343872.11
1708459200,2024-02-20T20:00:00+00:00,19.198,19.492,19.122,19.296,288831.08
1708473600,2024-02-21T00:00:00+00:00,19.288,19.292,18.941,18.993,166313.39
1708488000,2024-02-21T04:00:00+00:00,18.995,19.047,18.656,18.74,168876.61000000002
1708502400,2024-02-21T08:00:00+00:00,18.742,18.847,18.228,18.286,230008.28999999998
1708516800,2024-02-21T12:00:00+00:00,18.283,18.576,18.126,18.384,373260.99
1708531200,2024-02-21T16:00:00+00:00,18.395,18.512,18.002,18.27,374088.38999999996
1708545600,2024-02-21T20:00:00+00:00,18.268,18.611,18.174,18.597,249172.11
1708560000,2024-02-22T00:00:00+00:00,18.6,18.633,18.13,18.345,158373.5
1708574400,2024-02-22T04:00:00+00:00,18.351,18.804,18.278,18.792,179153.84999999998
1708588800,2024-02-22T08:00:00+00:00,18.806,19.006,18.624,18.65,212421.41
1708603200,2024-02-22T12:00:00+00:00,18.653,18.713,18.157,18.494,334030.81999999995
1708617600,2024-02-22T16:00:00+00:00,18.489,18.526,18.257,18.374,208381.31999999998
1708632000,2024-02-22T20:00:00+00:00,18.37,18.614,18.065,18.105,273334.04
1708646400,2024-02-23T00:00:00+00:00,18.113,18.277,17.835,17.913,249748.58
1708660800,2024-02-23T04:00:00+00:00,17.909,18.112,17.817,17.938,132265.37
1708675200,2024-02-23T08:00:00+00:00,17.936,18.054,17.718,17.961,184865.51
1708689600,2024-02-23T12:00:00+00:00,17.958,18.056,17.743,17.873,326486.43
1708704000,2024-02-23T16:00:00+00:00,17.867,18.166,17.585,18.152,381509.80000000005
1708718400,2024-02-23T20:00:00+00:00,18.134,18.242,17.745,17.934,234610.88999999998
1708732800,2024-02-24T00:00:00+00:00,17.933,18.19,17.75,18.166,142893.71
1708747200,2024-02-24T04:00:00+00:00,18.161,18.458,18.126,18.437,223388.32
1708761600,2024-02-24T08:00:00+00:00,18.441,18.479,18.319,18.38,99967.76999999999
1708776000,2024-02-24T12:00:00+00:00,18.375,18.385,18.208,18.227,84414.71
1708790400,2024-02-24T16:00:00+00:00,18.23,18.508,18.23,18.479,120856.48000000001
1708804800,2024-02-24T20:00:00+00:00,18.476,18.567,18.401,18.535,113800.43
1708819200,2024-02-25T00:00:00+00:00,18.535,18.68,18.405,18.53,100226.81
1708833600,2024-02-25T04:00:00+00:00,18.536,18.646,18.437,18.544,51855.82
1708848000,2024-02-25T08:00:00+00:00,18.559,18.563,18.369,18.55,54187.869999999995
1708862400,2024-02-25T12:00:00+00:00,18.564,18.821,18.535,18.618,106461.46
1708876800,2024-02-25T16:00:00+00:00,18.613,18.796,18.498,18.733,275966.54
1708891200,2024-02-25T20:00:00+00:00,18.734,18.855,18.651,18.724,150667.25000000003
1708905600,2024-02-26T00:00:00+00:00,18.722,18.848,18.556,18.666,97375.89000000001
1708920000,2024-02-26T04:00:00+00:00,18.672,18.672,18.44,18.463,73501.83
1708934400,2024-02-26T08:00:00+00:00,18.459,18.553,18.135,18.243,113752.12
1708948800,2024-02-26T12:00:00+00:00,18.236,18.905,18.141,18.874,474752.04000000004
1708963200,2024-02-26T16:00:00+00:00,18.873,19.227,18.8,19.227,419696.38
1708977600,2024-02-26T20:00:00+00:00,19.219,19.279,19.013,19.103,320956.79
1708992000,2024-02-27T00:00:00+00:00,19.102,19.358,18.945,19.043,363529.04000000004
1709006400,2024-02-27T04:00:00+00:00,19.038,19.156,18.962,19.006,151790.16
1709020800,2024-02-27T08:00:00+00:00,19.001,19.388,18.998,19.275,103214.88
1709035200,2024-02-27T12:00:00+00:00,19.274,19.351,18.785,18.858,385017.43
1709049600,2024-02-27T16:00:00+00:00,18.856,19.179,18.672,19.112,273133.5
1709064000,2024-02-27T20:00:00+00:00,19.116,19.236,19.02,19.032,161292.06
1709078400,2024-02-28T00:00:00+00:00,19.027,19.113,18.806,18.898,204903.21000000002
1709092800,2024-02-28T04:00:00+00:00,18.9,19.163,18.896,19.149,112667.14
1709107200,2024-02-28T08:00:00+00:00,19.15,19.628,19.046,19.252,476957.05
1709121600,2024-02-28T12:00:00+00:00,19.251,20.85,19.144,19.77,1641755.8900000001
1709136000,2024-02-28T16:00:00+00:00,19.773,20.336,18.354,18.885,1484318.69
1709150400,2024-02-28T20:00:00+00:00,18.883,19.469,18.756,19.455,493613.72000000003
1709164800,2024-02-29T00:00:00+00:00,19.45,19.772,19.266,19.485,605829.04
1709179200,2024-02-29T04:00:00+00:00,19.486,20.147,19.409,20.075,437941.26
1709193600,2024-02-29T08:00:00+00:00,20.069,20.462,19.937,20.093,357531.16
1709208000,2024-02-29T12:00:00+00:00,20.097,20.423,19.863,20.148,537075.6399999999
1709222400,2024-02-29T16:00:00+00:00,20.149,20.174,19.432,19.749,536338.08
1709236800,2024-02-29T20:00:00+00:00,19.747,19.819,18.822,19.284,543911.93
1709251200,2024-03-01T00:00:00+00:00,19.288,19.786,19.275,19.541,317022.20999999996
1709265600,2024-03-01T04:00:00+00:00,19.543,19.847,19.54,19.719,251003.32
1709280000,2024-03-01T08:00:00+00:00,19.723,20.06,19.677,19.89,156334.03999999998
1709294400,2024-03-01T12:00:00+00:00,19.883,20.026,19.587,19.69,296349.07
1709308800,2024-03-01T16:00:00+00:00,19.693,20.006,19.646,19.87,333796.12
1709323200,2024-03-01T20:00:00+00:00,19.871,20.114,19.764,20.063,303819.01
1709337600,2024-03-02T00:00:00+00:00,20.067,20.691,19.976,20.658,700125.25
1709352000,2024-03-02T04:00:00+00:00,20.662,21.472,20.612,21.241,918138.7
1709366400,2024-03-02T08:00:00+00:00,21.239,21.285,20.663,20.769,246889.25
1709380800,2024-03-02T12:00:00+00:00,20.771,21.371,20.755,21.147,520428.54
1709395200,2024-03-02T16:00:00+00:00,21.147,21.71,21.135,21.392,415610.68999999994
1709409600,2024-03-02T20:00:00+00:00,21.388,21.47,21.139,21.416,257958.83000000002
1709424000,2024-03-03T00:00:00+00:00,21.414,21.549,21.04,21.283,228378.07
1709438400,2024-03-03T04:00:00+00:00,21.281,21.359,19.59,20.249,538918.4099999999
1709452800,2024-03-03T08:00:00+00:00,20.249,20.532,20.015,20.528,268979.05
1709467200,2024-03-03T12:00:00+00:00,20.524,20.722,20.365,20.565,161194.85
1709481600,2024-03-03T16:00:00+00:00,20.567,20.678,20.434,20.573,359011.02
1709496000,2024-03-03T20:00:00+00:00,20.573,20.703,20.424,20.519,238975.91000000003
1709510400,2024-03-04T00:00:00+00:00,20.528,20.905,20.165,20.257,542066.33
1709524800,2024-03-04T04:00:00+00:00,20.256,20.453,20.152,20.381,175034.38
1709539200,2024-03-04T08:00:00+00:00,20.383,20.813,20.288,20.492,205379.38999999998
1709553600,2024-03-04T12:00:00+00:00,20.499,20.776,20.137,20.511,447474.37
1709568000,2024-03-04T16:00:00+00:00,20.516,20.555,19.805,20.363,648901.23
1709582400,2024-03-04T20:00:00+00:00,20.362,20.623,20.267,20.448,452238.20999999996
1709596800,2024-03-05T00:00:00+00:00,20.445,20.453,19.976,20.159,465468.52
1709611200,2024-03-05T04:00:00+00:00,20.157,21.064,20.033,20.43,857092.26
1709625600,2024-03-05T08:00:00+00:00,20.424,20.907,20.244,20.725,202737.41999999998
1709640000,2024-03-05T12:00:00+00:00,20.724,20.82,20.26,20.504,635854.7
1709654400,2024-03-05T16:00:00+00:00,20.487,20.614,17.473,17.782,1976588.8399999999
1709668800,2024-03-05T20:00:00+00:00,17.785,19.078,17.687,19.002,1166021.33
1709683200,2024-03-06T00:00:00+00:00,19.002,19.144,18.405,18.623,379046.61
1709697600,2024-03-06T04:00:00+00:00,18.626,19.54,18.584,19.514,388721.19
1709712000,2024-03-06T08:00:00+00:00,19.517,19.796,19.379,19.593,317452.98
1709726400,2024-03-06T12:00:00+00:00,19.593,19.698,19.004,19.383,646844.28
1709740800,2024-03-06T16:00:00+00:00,19.386,20.116,19.359,19.964,553311.97
1709755200,2024-03-06T20:00:00+00:00,19.964,20.166,19.891,20.098,353903.77
1709769600,2024-03-07T00:00:00+00:00,20.1,20.803,19.908,19.975,748559.3999999999
1709784000,2024-03-07T04:00:00+00:00,19.989,20.074,19.605,19.96,238463.39
1709798400,2024-03-07T08:00:00+00:00,19.954,20.043,19.814,19.932,131200.97
1709812800,2024-03-07T12:00:00+00:00,19.932,20.217,19.71,20.1,341298.44
1709827200,2024-03-07T16:00:00+00:00,20.098,20.233,20,20.125,779059.94
1709841600,2024-03-07T20:00:00+00:00,20.127,20.24,19.993,20.124,426243.89
1709856000,2024-03-08T00:00:00+00:00,20.129,20.417,19.922,20.002,209127.36
1709870400,2024-03-08T04:00:00+00:00,20.004,20.036,19.733,19.835,228903.97999999998
1709884800,2024-03-08T08:00:00+00:00,19.845,20.047,19.781,20.022,185635.96
1709899200,2024-03-08T12:00:00+00:00,20.02,20.216,19.261,19.721,638269.65
1709913600,2024-03-08T16:00:00+00:00,19.711,20.002,19.253,19.788,639159.67
1709928000,2024-03-08T20:00:00+00:00,19.786,19.895,19.595,19.746,267564.29
1709942400,2024-03-09T00:00:00+00:00,19.746,20.184,19.704,20.094,244186.65000000002
1709956800,2024-03-09T04:00:00+00:00,20.096,20.221,20,20.007,193356.83
1709971200,2024-03-09T08:00:00+00:00,20.005,20.086,19.708,19.978,111331.66
1709985600,2024-03-09T12:00:00+00:00,19.976,20.333,19.969,20.244,212975.38
1710000000,2024-03-09T16:00:00+00:00,20.245,20.369,19.85,19.938,391790.11000000004
1710014400,2024-03-09T20:00:00+00:00,19.948,20.119,19.945,20.019,155161.08000000002
1710028800,2024-03-10T00:00:00+00:00,20.017,20.112,19.88,19.933,223270.6
1710043200,2024-03-10T04:00:00+00:00,19.934,20.079,19.872,20.075,126930.73999999999
1710057600,2024-03-10T08:00:00+00:00,20.075,20.129,19.674,19.891,214738.57
1710072000,2024-03-10T12:00:00+00:00,19.896,20.038,19.427,19.618,288946.18
1710086400,2024-03-10T16:00:00+00:00,19.616,19.884,19.572,19.877,164219.52000000002
1710100800,2024-03-10T20:00:00+00:00,19.874,21.994,19.719,21.711,1582527.56
1710115200,2024-03-11T00:00:00+00:00,21.713,22.876,20.761,21.232,2335966.64
1710129600,2024-03-11T04:00:00+00:00,21.236,21.53,21.009,21.33,574345.8
1710144000,2024-03-11T08:00:00+00:00,21.341,21.605,21.072,21.367,484459.56
1710158400,2024-03-11T12:00:00+00:00,21.371,21.631,20.977,21.191,649745.7999999999
1710172800,2024-03-11T16:00:00+00:00,21.195,21.455,20.925,21.152,476113.62
1710187200,2024-03-11T20:00:00+00:00,21.155,21.468,21.135,21.277,366538.10000000003
1710201600,2024-03-12T00:00:00+00:00,21.282,21.347,20.763,20.83,341000.77
1710216000,2024-03-12T04:00:00+00:00,20.842,20.877,20.423,20.588,251445.27
1710230400,2024-03-12T08:00:00+00:00,20.584,20.72,20.09,20.501,258333.57
1710244800,2024-03-12T12:00:00+00:00,20.502,20.819,20.145,20.534,467958.53
1710259200,2024-03-12T16:00:00+00:00,20.535,20.724,19.543,20.724,805602.47
1710273600,2024-03-12T20:00:00+00:00,20.726,20.746,20.443,20.705,203575.47
1710288000,2024-03-13T00:00:00+00:00,20.705,20.92,20.487,20.707,322618.64999999997
1710302400,2024-03-13T04:00:00+00:00,20.706,20.965,20.512,20.806,204581.52999999997
1710316800,2024-03-13T08:00:00+00:00,20.803,20.969,20.64,20.721,202549.64
1710331200,2024-03-13T12:00:00+00:00,20.724,20.754,20.214,20.412,393712.96
1710345600,2024-03-13T16:00:00+00:00,20.414,20.509,20.295,20.452,206370.24
1710360000,2024-03-13T20:00:00+00:00,20.452,20.824,20.275,20.767,261089.2
1710374400,2024-03-14T00:00:00+00:00,20.763,20.835,20.554,20.635,210356.91
1710388800,2024-03-14T04:00:00+00:00,20.628,20.645,20.326,20.458,167959.56999999998
1710403200,2024-03-14T08:00:00+00:00,20.452,21.651,20.447,21.63,639494.1
1710417600,2024-03-14T12:00:00+00:00,21.626,21.989,20.429,20.561,801126.2100000001
1710432000,2024-03-14T16:00:00+00:00,20.557,21.478,19.85,20.243,869236.1900000001
1710446400,2024-03-14T20:00:00+00:00,20.242,21.292,20.211,20.875,478830.48000000004
1710460800,2024-03-15T00:00:00+00:00,20.879,20.992,18.84,19.572,817470.06
1710475200,2024-03-15T04:00:00+00:00,19.57,19.71,19.1,19.565,414858.98
1710489600,2024-03-15T08:00:00+00:00,19.57,19.574,18.501,19.238,634579.84
1710504000,2024-03-15T12:00:00+00:00,19.235,19.601,19.125,19.403,288007.7
1710518400,2024-03-15T16:00:00+00:00,19.402,19.86,19.187,19.38,498302.83
1710532800,2024-03-15T20:00:00+00:00,19.381,19.656,18.977,19.634,299326.04
1710547200,2024-03-16T00:00:00+00:00,19.635,19.825,19.295,19.401,305635.06000000006
1710561600,2024-03-16T04:00:00+00:00,19.401,19.608,19.113,19.608,214632.53
1710576000,2024-03-16T08:00:00+00:00,19.608,19.644,19.122,19.302,166064.82
1710590400,2024-03-16T12:00:00+00:00,19.3,19.367,18.65,19.013,375260.97000000003
1710604800,2024-03-16T16:00:00+00:00,19.006,19.008,18.02,18.182,544457.13
1710619200,2024-03-16T20:00:00+00:00,18.189,18.473,17.804,18.105,422920.98
1710633600,2024-03-17T00:00:00+00:00,18.102,18.396,17.866,18.392,304307.45
1710648000,2024-03-17T04:00:00+00:00,18.395,18.41,17.378,17.662,322966.97
1710662400,2024-03-17T08:00:00+00:00,17.657,18.471,17.542,18.319,263333.26999999996
1710676800,2024-03-17T12:00:00+00:00,18.32,18.598,17.908,18.515,319101.35000000003
1710691200,2024-03-17T16:00:00+00:00,18.511,18.696,18.433,18.679,277284.77
1710705600,2024-03-17T20:00:00+00:00,18.677,18.817,18.51,18.65,218275.19
1710720000,2024-03-18T00:00:00+00:00,18.651,19.168,18.196,18.898,491233.62
1710734400,2024-03-18T04:00:00+00:00,18.898,19.491,18.763,19.456,378127.59
1710748800,2024-03-18T08:00:00+00:00,19.458,19.48,18.709,19.225,259353.38999999998
1710763200,2024-03-18T12:00:00+00:00,19.223,19.279,18.245,18.592,481223.61
1710777600,2024-03-18T16:00:00+00:00,18.589,18.847,18.046,18.195,370377.04999999993
1710792000,2024-03-18T20:00:00+00:00,18.201,18.65,18.201,18.299,181542.52000000002
1710806400,2024-03-19T00:00:00+00:00,18.298,18.46,17.378,17.703,644484.78
1710820800,2024-03-19T04:00:00+00:00,17.694,17.774,16.716,17.328,500063.68999999994
1710835200,2024-03-19T08:00:00+00:00,17.332,17.35,16.5,17.309,800749.5800000001
1710849600,2024-03-19T12:00:00+00:00,17.301,17.815,17.248,17.753,651221.4199999999
1710864000,2024-03-19T16:00:00+00:00,17.764,17.967,17.473,17.617,354826.22
1710878400,2024-03-19T20:00:00+00:00,17.618,17.642,16.503,16.804,512371.36000000004
1710892800,2024-03-20T00:00:00+00:00,16.789,17.255,16.753,16.852,367706.69000000006
1710907200,2024-03-20T04:00:00+00:00,16.862,17.416,16.262,17.32,502782.92000000004
1710921600,2024-03-20T08:00:00+00:00,17.318,17.458,17.059,17.411,224360.22
1710936000,2024-03-20T12:00:00+00:00,17.4,17.69,17.255,17.32,473357.39
1710950400,2024-03-20T16:00:00+00:00,17.312,18.14,16.6,18.081,784184.05
1710964800,2024-03-20T20:00:00+00:00,18.087,18.505,18.006,18.419,471306.48
1710979200,2024-03-21T00:00:00+00:00,18.416,18.545,18.219,18.306,263949.13
1710993600,2024-03-21T04:00:00+00:00,18.313,18.401,17.88,18.143,171586.86
1711008000,2024-03-21T08:00:00+00:00,18.144,18.352,18.096,18.234,154002.93
1711022400,2024-03-21T12:00:00+00:00,18.244,18.773,18.193,18.482,442958.58999999997
1711036800,2024-03-21T16:00:00+00:00,18.488,18.913,18.063,18.539,451810.35
1711051200,2024-03-21T20:00:00+00:00,18.527,18.819,18.278,18.447,186290.67
1711065600,2024-03-22T00:00:00+00:00,18.439,18.574,18,18.473,251356.19999999998
1711080000,2024-03-22T04:00:00+00:00,18.476,18.514,18.318,18.388,174069.86
1711094400,2024-03-22T08:00:00+00:00,18.381,18.464,17.87,17.891,192080.76
1711108800,2024-03-22T12:00:00+00:00,17.894,18.114,17.326,17.73,436262.02
1711123200,2024-03-22T16:00:00+00:00,17.716,18.342,17.535,18.296,343382.47
1711137600,2024-03-22T20:00:00+00:00,18.281,18.378,17.628,18.372,349712.73
1711152000,2024-03-23T00:00:00+00:00,18.367,18.477,17.9,18.119,280956.35
1711166400,2024-03-23T04:00:00+00:00,18.115,18.469,18.108,18.367,187170.91999999998
1711180800,2024-03-23T08:00:00+00:00,18.377,18.467,18.221,18.414,178802.55
1711195200,2024-03-23T12:00:00+00:00,18.411,18.45,18.07,18.334,341683.69999999995
1711209600,2024-03-23T16:00:00+00:00,18.332,18.47,18.265,18.339,207479.75
1711224000,2024-03-23T20:00:00+00:00,18.328,18.367,18.03,18.067,94417.01
1711238400,2024-03-24T00:00:00+00:00,18.066,18.347,18.012,18.027,119180.57
1711252800,2024-03-24T04:00:00+00:00,18.03,18.181,17.976,18.148,45996.740000000005
1711267200,2024-03-24T08:00:00+00:00,18.149,18.375,18.128,18.365,87802.4
1711281600,2024-03-24T12:00:00+00:00,18.365,18.446,18.26,18.278,98570.36
1711296000,2024-03-24T16:00:00+00:00,18.281,18.33,18.013,18.197,158133.49
1711310400,2024-03-24T20:00:00+00:00,18.195,18.626,18.145,18.522,220105.28
1711324800,2024-03-25T00:00:00+00:00,18.522,18.747,18.372,18.698,159512.85
1711339200,2024-03-25T04:00:00+00:00,18.692,19.016,18.587,18.62,167749.09000000003
1711353600,2024-03-25T08:00:00+00:00,18.633,19.042,18.632,18.896,166988.94
1711368000,2024-03-25T12:00:00+00:00,18.894,19.389,18.843,19.31,443126.92
1711382400,2024-03-25T16:00:00+00:00,19.322,19.499,19.277,19.465,346177.99
1711396800,2024-03-25T20:00:00+00:00,19.471,19.49,19.19,19.381,170786.88
1711411200,2024-03-26T00:00:00+00:00,19.376,19.783,19.329,19.775,229857.33999999997
1711425600,2024-03-26T04:00:00+00:00,19.776,20.099,19.718,19.877,192894.21
1711440000,2024-03-26T08:00:00+00:00,19.875,20.61,19.803,20.424,451302.15
1711454400,2024-03-26T12:00:00+00:00,20.42,20.735,19.832,20.188,585224.4199999999
1711468800,2024-03-26T16:00:00+00:00,20.181,20.279,19.64,19.641,264316.89
1711483200,2024-03-26T20:00:00+00:00,19.648,20.086,19.641,20.009,147800.46000000002
1711497600,2024-03-27T00:00:00+00:00,20.008,20.187,19.803,19.816,160360.69
1711512000,2024-03-27T04:00:00+00:00,19.82,19.863,19.506,19.58,101332.64
1711526400,2024-03-27T08:00:00+00:00,19.588,19.737,19.298,19.719,178935.75
1711540800,2024-03-27T12:00:00+00:00,19.72,19.963,19.044,19.13,509410.1
1711555200,2024-03-27T16:00:00+00:00,19.135,19.379,19,19.25,264267.62
1711569600,2024-03-27T20:00:00+00:00,19.249,19.544,19.063,19.284,306126.66
1711584000,2024-03-28T00:00:00+00:00,19.281,19.4,19.034,19.178,148864.44
1711598400,2024-03-28T04:00:00+00:00,19.181,19.54,19.162,19.524,84297.31999999999
1711612800,2024-03-28T08:00:00+00:00,19.527,19.805,19.429,19.587,229431.7
1711627200,2024-03-28T12:00:00+00:00,19.581,19.665,19.16,19.345,351373.95999999996
1711641600,2024-03-28T16:00:00+00:00,19.347,19.388,19.132,19.209,159038.72
1711656000,2024-03-28T20:00:00+00:00,19.213,19.282,19.064,19.146,124612.93999999999
1711670400,2024-03-29T00:00:00+00:00,19.151,19.215,18.891,19.012,134237.38
1711684800,2024-03-29T04:00:00+00:00,19.009,19.105,18.712,18.795,85657.95999999999
1711699200,2024-03-29T08:00:00+00:00,18.789,19.014,18.764,18.963,122088.23000000001
1711713600,2024-03-29T12:00:00+00:00,18.972,19.298,18.792,18.966,207766.71999999997
1711728000,2024-03-29T16:00:00+00:00,18.974,19.049,18.758,18.953,148526.96
1711742400,2024-03-29T20:00:00+00:00,18.95,19.074,18.786,18.978,77565.38
1711756800,2024-03-30T00:00:00+00:00,18.978,19.046,18.792,18.83,127722.55999999998
1711771200,2024-03-30T04:00:00+00:00,18.838,19.168,18.813,19.067,110537.35
1711785600,2024-03-30T08:00:00+00:00,19.063,19.225,18.887,19.201,76986.38
1711800000,2024-03-30T12:00:00+00:00,19.205,19.302,19.12,19.137,100456.04
1711814400,2024-03-30T16:00:00+00:00,19.134,19.23,18.907,19.089,164447.31
1711828800,2024-03-30T20:00:00+00:00,19.086,19.287,18.845,18.945,99730.84
1711843200,2024-03-31T00:00:00+00:00,18.941,19.074,18.878,18.973,60723.04000000001
1711857600,2024-03-31T04:00:00+00:00,18.963,19.353,18.932,19.25,144557.2
1711872000,2024-03-31T08:00:00+00:00,19.246,19.277,18.988,19.023,78369.03
1711886400,2024-03-31T12:00:00+00:00,19.02,19.119,19.002,19.073,108884.06
1711900800,2024-03-31T16:00:00+00:00,19.077,19.162,18.967,19.1,155574.8
1711915200,2024-03-31T20:00:00+00:00,19.102,19.176,18.974,19.17,157433.71
1711929600,2024-04-01T00:00:00+00:00,19.171,19.281,19.059,19.176,123747.0
1711944000,2024-04-01T04:00:00+00:00,19.173,19.208,18.257,18.648,393026.92000000004
1711958400,2024-04-01T08:00:00+00:00,18.646,18.647,18.34,18.361,127948.22
1711972800,2024-04-01T12:00:00+00:00,18.351,18.569,17.911,17.942,269320.21
1711987200,2024-04-01T16:00:00+00:00,17.94,18.244,17.849,18.231,218853.45
1712001600,2024-04-01T20:00:00+00:00,18.228,18.444,18.166,18.371,121171.62
1712016000,2024-04-02T00:00:00+00:00,18.37,18.373,17.389,17.713,452894.53
1712030400,2024-04-02T04:00:00+00:00,17.714,18.493,17.609,18.302,330537.07
1712044800,2024-04-02T08:00:00+00:00,18.31,18.379,17.719,18.036,285110.78
1712059200,2024-04-02T12:00:00+00:00,18.029,18.231,17.581,17.623,341018.91000000003
1712073600,2024-04-02T16:00:00+00:00,17.628,17.993,17.535,17.953,322981.80000000005
1712088000,2024-04-02T20:00:00+00:00,17.956,18.157,17.879,17.958,183975.86000000002
1712102400,2024-04-03T00:00:00+00:00,17.959,18.341,17.452,18.128,304307.45999999996
1712116800,2024-04-03T04:00:00+00:00,18.132,18.182,17.967,18.042,105611.6
1712131200,2024-04-03T08:00:00+00:00,18.04,18.267,17.906,18.009,176412.91
1712145600,2024-04-03T12:00:00+00:00,18.012,18.132,17.78,17.902,170527.49
1712160000,2024-04-03T16:00:00+00:00,17.892,18.031,17.598,17.649,138727.61
1712174400,2024-04-03T20:00:00+00:00,17.644,17.757,17.382,17.691,154821.81
1712188800,2024-04-04T00:00:00+00:00,17.687,18.021,17.574,17.579,150364.74
1712203200,2024-04-04T04:00:00+00:00,17.571,17.968,17.397,17.894,176941.53999999998
1712217600,2024-04-04T08:00:00+00:00,17.893,17.956,17.821,17.858,120034.21
1712232000,2024-04-04T12:00:00+00:00,17.853,18.137,17.849,18.028,178861.49000000002
1712246400,2024-04-04T16:00:00+00:00,18.027,18.272,17.855,17.862,172386.41
1712260800,2024-04-04T20:00:00+00:00,17.875,17.898,17.52,17.8,186298.59
1712275200,2024-04-05T00:00:00+00:00,17.791,17.791,17.253,17.522,142847.66999999998
1712289600,2024-04-05T04:00:00+00:00,17.519,17.542,17.1,17.26,118366.7
1712304000,2024-04-05T08:00:00+00:00,17.258,17.441,16.971,16.985,164453.12
1712318400,2024-04-05T12:00:00+00:00,16.985,17.506,16.867,17.506,170510.57
1712332800,2024-04-05T16:00:00+00:00,17.501,17.562,17.289,17.351,117968.3
1712347200,2024-04-05T20:00:00+00:00,17.343,17.444,17.264,17.33,98374.31
1712361600,2024-04-06T00:00:00+00:00,17.334,17.453,17.269,17.369,45739.8
1712376000,2024-04-06T04:00:00+00:00,17.368,17.505,17.323,17.482,42042.98
1712390400,2024-04-06T08:00:00+00:00,17.472,17.671,17.471,17.621,39030.96
1712404800,2024-04-06T12:00:00+00:00,17.605,17.641,17.39,17.52,124212.20000000001
1712419200,2024-04-06T16:00:00+00:00,17.523,17.566,17.41,17.423,55815.97
1712433600,2024-04-06T20:00:00+00:00,17.427,17.688,17.422,17.564,57093.520000000004
1712448000,2024-04-07T00:00:00+00:00,17.569,17.811,17.51,17.785,100938.33
1712462400,2024-04-07T04:00:00+00:00,17.795,17.808,17.505,17.611,102586.23999999999
1712476800,2024-04-07T08:00:00+00:00,17.616,17.769,17.604,17.747,26171.239999999998
1712491200,2024-04-07T12:00:00+00:00,17.749,17.842,17.674,17.676,94385.85
1712505600,2024-04-07T16:00:00+00:00,17.682,17.973,17.551,17.619,115759.97
1712520000,2024-04-07T20:00:00+00:00,17.612,17.945,17.605,17.917,55137.69
1712534400,2024-04-08T00:00:00+00:00,17.912,17.927,17.592,17.639,102427.26999999999
1712548800,2024-04-08T04:00:00+00:00,17.639,17.991,17.547,17.959,38880.32
1712563200,2024-04-08T08:00:00+00:00,17.972,18.67,17.954,18.587,269510.26
1712577600,2024-04-08T12:00:00+00:00,18.59,18.663,18.202,18.281,201415.64
1712592000,2024-04-08T16:00:00+00:00,18.279,18.355,18.008,18.093,204601.31
1712606400,2024-04-08T20:00:00+00:00,18.098,18.244,18.029,18.102,119826.49999999999
1712620800,2024-04-09T00:00:00+00:00,18.102,18.18,17.876,17.91,105538.72
1712635200,2024-04-09T04:00:00+00:00,17.92,18.02,17.68,17.715,71467.62
1712649600,2024-04-09T08:00:00+00:00,17.72,17.839,17.463,17.829,85760.43
1712664000,2024-04-09T12:00:00+00:00,17.831,17.879,17.241,17.522,192175.01
1712678400,2024-04-09T16:00:00+00:00,17.517,17.646,17.339,17.592,200493.2
1712692800,2024-04-09T20:00:00+00:00,17.585,17.646,17.278,17.354,147666.88
1712707200,2024-04-10T00:00:00+00:00,17.353,17.46,17.08,17.393,100721.25
1712721600,2024-04-10T04:00:00+00:00,17.394,17.574,17.369,17.443,56230.22
1712736000,2024-04-10T08:00:00+00:00,17.437,17.526,17.258,17.385,113029.03000000001
1712750400,2024-04-10T12:00:00+00:00,17.388,17.438,16.805,17.154,311922.6
1712764800,2024-04-10T16:00:00+00:00,17.147,17.38,17.044,17.302,125683.78000000001
1712779200,2024-04-10T20:00:00+00:00,17.301,17.553,17.247,17.415,110128.31
1712793600,2024-04-11T00:00:00+00:00,17.418,17.45,17.342,17.442,83355.8
1712808000,2024-04-11T04:00:00+00:00,17.446,17.586,17.323,17.503,45705.100000000006
1712822400,2024-04-11T08:00:00+00:00,17.509,17.609,17.136,17.171,72608.46
1712836800,2024-04-11T12:00:00+00:00,17.166,17.403,17.003,17.24,155551.28
1712851200,2024-04-11T16:00:00+00:00,17.235,17.43,17.04,17.419,166213.61000000002
1712865600,2024-04-11T20:00:00+00:00,17.42,17.621,17.416,17.558,116915.18
1712880000,2024-04-12T00:00:00+00:00,17.557,17.866,17.54,17.77,140117.86
1712894400,2024-04-12T04:00:00+00:00,17.766,17.871,17.661,17.695,88653.36
1712908800,2024-04-12T08:00:00+00:00,17.699,17.833,17.596,17.635,136768.93
1712923200,2024-04-12T12:00:00+00:00,17.635,17.639,17.061,17.085,183576.7
1712937600,2024-04-12T16:00:00+00:00,17.088,17.165,14.2,14.512,2160023.3899999997
1712952000,2024-04-12T20:00:00+00:00,14.513,15.198,14.427,15.164,1003785.4199999999
1712966400,2024-04-13T00:00:00+00:00,15.164,15.251,14.67,15.107,365087.54000000004
1712980800,2024-04-13T04:00:00+00:00,15.107,15.406,15.052,15.161,237704.97
1712995200,2024-04-13T08:00:00+00:00,15.157,15.284,15.018,15.068,179905.21999999997
1713009600,2024-04-13T12:00:00+00:00,15.066,15.297,14.886,14.898,270958.07
1713024000,2024-04-13T16:00:00+00:00,14.899,14.951,13.158,13.457,1292011.97
1713038400,2024-04-13T20:00:00+00:00,13.459,13.981,11.969,13.318,2607505.6399999997
1713052800,2024-04-14T00:00:00+00:00,13.317,13.392,12.726,13.114,668361.24
1713067200,2024-04-14T04:00:00+00:00,13.12,13.936,13.045,13.924,742872.54
1713081600,2024-04-14T08:00:00+00:00,13.927,14.014,13.413,13.459,313481.0
1713096000,2024-04-14T12:00:00+00:00,13.455,13.765,13.33,13.571,368267.85
1713110400,2024-04-14T16:00:00+00:00,13.573,13.828,13.144,13.606,708361.14
1713124800,2024-04-14T20:00:00+00:00,13.598,14.27,13.374,14.119,528757.9099999999
1713139200,2024-04-15T00:00:00+00:00,14.118,14.118,13.729,13.878,230692.00999999998
1713153600,2024-04-15T04:00:00+00:00,13.877,14.615,13.716,14.429,348101.72000000003
1713168000,2024-04-15T08:00:00+00:00,14.428,14.672,14.339,14.454,192901.63999999996
1713182400,2024-04-15T12:00:00+00:00,14.45,14.689,13.822,14.125,497062.72
1713196800,2024-04-15T16:00:00+00:00,14.128,14.2,13.232,13.708,577583.0
1713211200,2024-04-15T20:00:00+00:00,13.711,13.776,13.35,13.592,218790.95
1713225600,2024-04-16T00:00:00+00:00,13.59,13.658,13.252,13.358,225554.79
1713240000,2024-04-16T04:00:00+00:00,13.371,13.821,13,13.693,236641.46999999997
1713254400,2024-04-16T08:00:00+00:00,13.699,13.71,13.1,13.478,167459.47999999998
1713268800,2024-04-16T12:00:00+00:00,13.477,13.477,12.913,12.945,403743.48
1713283200,2024-04-16T16:00:00+00:00,12.947,13.393,12.826,13.236,308698.7
1713297600,2024-04-16T20:00:00+00:00,13.229,13.62,13.216,13.471,164168.03999999998
1713312000,2024-04-17T00:00:00+00:00,13.47,13.537,13.311,13.426,98392.20999999999
1713326400,2024-04-17T04:00:00+00:00,13.426,13.58,13.351,13.47,120901.65
1713340800,2024-04-17T08:00:00+00:00,13.47,13.613,13.222,13.239,134814.81
1713355200,2024-04-17T12:00:00+00:00,13.246,13.388,12.814,12.882,321408.46
1713369600,2024-04-17T16:00:00+00:00,12.882,13.469,12.721,13.244,282570.63
1713384000,2024-04-17T20:00:00+00:00,13.246,13.39,13.096,13.136,141260.52000000002
1713398400,2024-04-18T00:00:00+00:00,13.134,13.373,12.875,13.283,146050.75999999998
1713412800,2024-04-18T04:00:00+00:00,13.286,13.372,12.872,12.981,144575.84
1713427200,2024-04-18T08:00:00+00:00,12.973,13.481,12.816,13.348,112553.05
1713441600,2024-04-18T12:00:00+00:00,13.345,13.66,13.098,13.6,179284.64
1713456000,2024-04-18T16:00:00+00:00,13.603,13.719,13.415,13.694,136278.59
1713470400,2024-04-18T20:00:00+00:00,13.696,13.99,13.629,13.893,144710.66
1713484800,2024-04-19T00:00:00+00:00,13.897,13.897,12.75,13.303,508565.02
1713499200,2024-04-19T04:00:00+00:00,13.299,14,13.19,13.647,299216.80000000005
1713513600,2024-04-19T08:00:00+00:00,13.65,13.962,13.634,13.815,227606.96
1713528000,2024-04-19T12:00:00+00:00,13.818,14.13,13.695,14.002,279639.02
1713542400,2024-04-19T16:00:00+00:00,14,14.045,13.819,14.033,159358.78000000003
1713556800,2024-04-19T20:00:00+00:00,14.031,14.116,13.707,13.955,125099.33000000002
1713571200,2024-04-20T00:00:00+00:00,13.954,14.165,13.756,13.967,223697.09000000003
1713585600,2024-04-20T04:00:00+00:00,13.963,14.098,13.905,14.053,127877.81
1713600000,2024-04-20T08:00:00+00:00,14.044,14.208,13.939,14.176,145783.37000000002
1713614400,2024-04-20T12:00:00+00:00,14.177,14.612,14.124,14.609,203762.64
1713628800,2024-04-20T16:00:00+00:00,14.608,14.973,14.506,14.924,387473.05999999994
1713643200,2024-04-20T20:00:00+00:00,14.927,15.04,14.878,14.964,185725.40000000002
1713657600,2024-04-21T00:00:00+00:00,14.965,15.084,14.71,14.94,208868.58
1713672000,2024-04-21T04:00:00+00:00,14.937,15.001,14.81,14.909,64709.78
1713686400,2024-04-21T08:00:00+00:00,14.906,14.967,14.758,14.9,44877.43
1713700800,2024-04-21T12:00:00+00:00,14.901,14.942,14.706,14.825,78496.67000000001
1713715200,2024-04-21T16:00:00+00:00,14.821,14.859,14.537,14.775,89340.56
1713729600,2024-04-21T20:00:00+00:00,14.768,15.18,14.737,15.106,162129.43
1713744000,2024-04-22T00:00:00+00:00,15.112,15.901,15.015,15.838,412960.52
1713758400,2024-04-22T04:00:00+00:00,15.839,16.039,15.581,15.606,433113.4
1713772800,2024-04-22T08:00:00+00:00,15.609,15.647,15.28,15.326,148981.55
1713787200,2024-04-22T12:00:00+00:00,15.327,15.413,15.158,15.353,196511.55
1713801600,2024-04-22T16:00:00+00:00,15.349,15.466,15.202,15.404,157074.37
1713816000,2024-04-22T20:00:00+00:00,15.403,15.659,15.388,15.461,135841.97
1713830400,2024-04-23T00:00:00+00:00,15.459,15.548,15.305,15.415,120945.48999999999
1713844800,2024-04-23T04:00:00+00:00,15.411,15.584,15.238,15.366,158735.41
1713859200,2024-04-23T08:00:00+00:00,15.372,15.449,15.223,15.295,101211.24999999999
1713873600,2024-04-23T12:00:00+00:00,15.297,15.482,15.23,15.256,115634.5
1713888000,2024-04-23T16:00:00+00:00,15.254,15.401,15.107,15.371,198246.28
1713902400,2024-04-23T20:00:00+00:00,15.37,15.372,15.126,15.182,102896.66
1713916800,2024-04-24T00:00:00+00:00,15.181,15.357,15.085,15.289,85268.48
1713931200,2024-04-24T04:00:00+00:00,15.291,15.512,15.287,15.394,84018.42
1713945600,2024-04-24T08:00:00+00:00,15.391,15.634,15.372,15.599,91588.72
1713960000,2024-04-24T12:00:00+00:00,15.598,15.639,14.678,14.715,298978.4
1713974400,2024-04-24T16:00:00+00:00,14.711,15.025,14.619,14.727,280382.04000000004
1713988800,2024-04-24T20:00:00+00:00,14.72,14.779,14.101,14.528,438066.14
1714003200,2024-04-25T00:00:00+00:00,14.532,14.686,14.37,14.543,152136.68999999997
1714017600,2024-04-25T04:00:00+00:00,14.544,14.897,14.389,14.768,107795.46
1714032000,2024-04-25T08:00:00+00:00,14.766,14.86,14.423,14.638,130280.31999999999
1714046400,2024-04-25T12:00:00+00:00,14.633,14.745,14.352,14.727,172386.49
1714060800,2024-04-25T16:00:00+00:00,14.728,14.799,14.639,14.718,168489.91
1714075200,2024-04-25T20:00:00+00:00,14.718,14.856,14.544,14.592,91251.55
1714089600,2024-04-26T00:00:00+00:00,14.592,14.744,14.354,14.617,114525.35999999999
1714104000,2024-04-26T04:00:00+00:00,14.617,14.931,14.548,14.82,121513.85999999999
1714118400,2024-04-26T08:00:00+00:00,14.822,14.936,14.504,14.59,63705.72
1714132800,2024-04-26T12:00:00+00:00,14.588,14.782,14.378,14.673,167610.74000000002
1714147200,2024-04-26T16:00:00+00:00,14.674,14.802,14.621,14.646,121596.75
1714161600,2024-04-26T20:00:00+00:00,14.649,14.753,14.432,14.48,117168.02000000002
1714176000,2024-04-27T00:00:00+00:00,14.485,14.522,13.959,14.171,330288.54000000004
1714190400,2024-04-27T04:00:00+00:00,14.169,14.293,14.111,14.117,116753.22
1714204800,2024-04-27T08:00:00+00:00,14.114,14.152,13.936,14.025,82000.43
1714219200,2024-04-27T12:00:00+00:00,14.03,14.21,13.906,13.949,124754.10999999999
1714233600,2024-04-27T16:00:00+00:00,13.95,14.389,13.862,14.162,246356.92
1714248000,2024-04-27T20:00:00+00:00,14.166,14.285,14.088,14.254,97669.56
1714262400,2024-04-28T00:00:00+00:00,14.259,14.434,14.207,14.321,128252.12
1714276800,2024-04-28T04:00:00+00:00,14.322,14.383,14.25,14.321,82442.89
1714291200,2024-04-28T08:00:00+00:00,14.32,14.345,13.997,14.024,140438.02
1714305600,2024-04-28T12:00:00+00:00,14.024,14.235,14.013,14.098,106468.63
1714320000,2024-04-28T16:00:00+00:00,14.104,14.213,14.062,14.109,132788.53
1714334400,2024-04-28T20:00:00+00:00,14.105,14.114,13.723,13.803,137720.63
1714348800,2024-04-29T00:00:00+00:00,13.808,14.001,13.748,13.825,122851.91
1714363200,2024-04-29T04:00:00+00:00,13.823,14.084,13.782,13.876,120938.84
1714377600,2024-04-29T08:00:00+00:00,13.867,13.956,13.725,13.937,68203.8
1714392000,2024-04-29T12:00:00+00:00,13.936,14.023,13.71,13.976,141825.83
1714406400,2024-04-29T16:00:00+00:00,13.977,14.034,13.827,14.034,84246.15
1714420800,2024-04-29T20:00:00+00:00,14.04,14.18,13.913,14.074,153478.68999999997
1714435200,2024-04-30T00:00:00+00:00,14.074,14.205,13.777,13.98,183018.66
1714449600,2024-04-30T04:00:00+00:00,13.979,14.028,13.872,13.901,131142.97
1714464000,2024-04-30T08:00:00+00:00,13.901,13.939,13.114,13.194,338642.04
1714478400,2024-04-30T12:00:00+00:00,13.191,13.288,12.983,13.083,260324.2
1714492800,2024-04-30T16:00:00+00:00,13.079,13.081,12.77,12.868,363042.82999999996
1714507200,2024-04-30T20:00:00+00:00,12.882,13.263,12.882,13.121,199479.01
1714521600,2024-05-01T00:00:00+00:00,13.121,13.159,12.947,13.132,154051.05
1714536000,2024-05-01T04:00:00+00:00,13.132,13.249,12.615,12.703,402221.66000000003
1714550400,2024-05-01T08:00:00+00:00,12.705,12.948,12.404,12.932,339558.54
1714564800,2024-05-01T12:00:00+00:00,12.933,13.05,12.718,12.766,303498.69
1714579200,2024-05-01T16:00:00+00:00,12.764,13.501,12.655,12.985,587272.25
1714593600,2024-05-01T20:00:00+00:00,12.986,13.388,12.942,13.328,164935.53
1714608000,2024-05-02T00:00:00+00:00,13.331,13.346,12.915,13.147,152326.18
1714622400,2024-05-02T04:00:00+00:00,13.147,13.368,13.128,13.267,87688.55
1714636800,2024-05-02T08:00:00+00:00,13.261,13.698,13.248,13.657,158244.36000000002
1714651200,2024-05-02T12:00:00+00:00,13.656,13.685,13.38,13.625,199641.72
1714665600,2024-05-02T16:00:00+00:00,13.627,13.733,13.494,13.692,135716.3
1714680000,2024-05-02T20:00:00+00:00,13.691,13.781,13.531,13.588,177895.24000000002
1714694400,2024-05-03T00:00:00+00:00,13.59,13.795,13.516,13.691,152514.96
1714708800,2024-05-03T04:00:00+00:00,13.693,13.721,13.48,13.504,141754.59000000003
1714723200,2024-05-03T08:00:00+00:00,13.507,13.718,13.453,13.672,133761.99
1714737600,2024-05-03T12:00:00+00:00,13.67,13.988,13.622,13.947,338938.46
1714752000,2024-05-03T16:00:00+00:00,13.947,14.066,13.871,14.064,165309.83000000002
1714766400,2024-05-03T20:00:00+00:00,14.063,14.208,14.029,14.1,261269.44999999998
1714780800,2024-05-04T00:00:00+00:00,14.101,14.17,13.979,14.087,144632.97
1714795200,2024-05-04T04:00:00+00:00,14.089,14.196,14.046,14.143,157922.91999999998
1714809600,2024-05-04T08:00:00+00:00,14.143,14.429,14.116,14.189,235634.12
1714824000,2024-05-04T12:00:00+00:00,14.191,14.314,14.135,14.27,116988.76
1714838400,2024-05-04T16:00:00+00:00,14.27,14.482,14.251,14.386,109988.73
1714852800,2024-05-04T20:00:00+00:00,14.386,14.433,14.281,14.324,112084.88
1714867200,2024-05-05T00:00:00+00:00,14.32,14.377,14.11,14.216,199911.76
1714881600,2024-05-05T04:00:00+00:00,14.21,14.281,14.139,14.237,54966.39
1714896000,2024-05-05T08:00:00+00:00,14.24,14.354,14.227,14.304,54081.4
1714910400,2024-05-05T12:00:00+00:00,14.302,14.54,14.215,14.519,101526.3
1714924800,2024-05-05T16:00:00+00:00,14.523,14.662,14.319,14.373,133762.76
1714939200,2024-05-05T20:00:00+00:00,14.376,14.399,14.301,14.371,63085.34000000001
1714953600,2024-05-06T00:00:00+00:00,14.375,14.491,14.279,14.377,72916.38
1714968000,2024-05-06T04:00:00+00:00,14.374,14.75,14.363,14.744,87517.78
1714982400,2024-05-06T08:00:00+00:00,14.747,15.166,14.739,15.038,379086.93999999994
1714996800,2024-05-06T12:00:00+00:00,15.035,15.074,14.469,14.685,366808.01
1715011200,2024-05-06T16:00:00+00:00,14.686,14.764,14.518,14.664,158292.2
1715025600,2024-05-06T20:00:00+00:00,14.66,14.758,14.481,14.483,94749.23000000001
1715040000,2024-05-07T00:00:00+00:00,14.487,14.661,14.19,14.324,197450.41
1715054400,2024-05-07T04:00:00+00:00,14.341,14.385,14.19,14.279,110429.40999999999
1715068800,2024-05-07T08:00:00+00:00,14.267,14.65,14.243,14.34,210849.39
1715083200,2024-05-07T12:00:00+00:00,14.343,14.72,14.343,14.5,221451.61000000002
1715097600,2024-05-07T16:00:00+00:00,14.491,14.546,14.159,14.248,178950.06
1715112000,2024-05-07T20:00:00+00:00,14.251,14.353,13.963,14.001,239495.04
1715126400,2024-05-08T00:00:00+00:00,13.996,14.099,13.826,14.032,148539.91
1715140800,2024-05-08T04:00:00+00:00,14.035,14.064,13.77,13.801,142953.53
1715155200,2024-05-08T08:00:00+00:00,13.8,13.908,13.742,13.784,84226.98999999999
1715169600,2024-05-08T12:00:00+00:00,13.769,14.104,13.684,13.998,182365.7
1715184000,2024-05-08T16:00:00+00:00,13.995,14.114,13.861,13.963,171564.46
1715198400,2024-05-08T20:00:00+00:00,13.964,14.016,13.704,13.893,242801.85
1715212800,2024-05-09T00:00:00+00:00,13.892,14.075,13.884,13.993,133464.83
1715227200,2024-05-09T04:00:00+00:00,13.989,14.136,13.886,14.059,167701.66999999998
1715241600,2024-05-09T08:00:00+00:00,14.055,14.205,13.93,13.998,205836.99
1715256000,2024-05-09T12:00:00+00:00,14.002,14.125,13.836,14.045,154575.05
1715270400,2024-05-09T16:00:00+00:00,14.048,14.266,14.002,14.25,197900.76
1715284800,2024-05-09T20:00:00+00:00,14.257,14.365,14.146,14.235,117572.09000000001
1715299200,2024-05-10T00:00:00+00:00,14.235,14.34,14.167,14.318,84498.79000000001
1715313600,2024-05-10T04:00:00+00:00,14.326,14.37,14.225,14.332,66127.81999999999
1715328000,2024-05-10T08:00:00+00:00,14.329,14.342,14.23,14.332,62125.97
1715342400,2024-05-10T12:00:00+00:00,14.334,14.361,13.725,13.827,290384.54
1715356800,2024-05-10T16:00:00+00:00,13.824,13.837,13.514,13.632,242142.27000000002
1715371200,2024-05-10T20:00:00+00:00,13.63,13.673,13.487,13.564,114390.97
1715385600,2024-05-11T00:00:00+00:00,13.564,13.81,13.547,13.616,100122.39
1715400000,2024-05-11T04:00:00+00:00,13.617,13.651,13.579,13.631,41585.670000000006
1715414400,2024-05-11T08:00:00+00:00,13.628,13.636,13.41,13.488,90093.84
1715428800,2024-05-11T12:00:00+00:00,13.49,13.63,13.453,13.488,118796.91
1715443200,2024-05-11T16:00:00+00:00,13.488,13.554,13.428,13.469,86242.55
1715457600,2024-05-11T20:00:00+00:00,13.468,13.469,13.267,13.302,294927.62
1715472000,2024-05-12T00:00:00+00:00,13.3,13.428,13.28,13.363,42388.73
1715486400,2024-05-12T04:00:00+00:00,13.362,13.444,13.281,13.307,27904.89
1715500800,2024-05-12T08:00:00+00:00,13.305,13.51,13.282,13.461,65380.57000000001
1715515200,2024-05-12T12:00:00+00:00,13.467,13.56,13.43,13.52,58493.34
1715529600,2024-05-12T16:00:00+00:00,13.527,13.589,13.427,13.498,42234.63
1715544000,2024-05-12T20:00:00+00:00,13.506,13.587,13.437,13.554,84162.64
1715558400,2024-05-13T00:00:00+00:00,13.559,13.629,13.119,13.318,229789.07
1715572800,2024-05-13T04:00:00+00:00,13.321,13.52,13.069,13.477,163417.82
1715587200,2024-05-13T08:00:00+00:00,13.475,13.672,13.379,13.44,183536.31999999998
1715601600,2024-05-13T12:00:00+00:00,13.437,13.622,13.352,13.496,168701.15999999997
1715616000,2024-05-13T16:00:00+00:00,13.493,13.67,13.277,13.485,190295.02999999997
1715630400,2024-05-13T20:00:00+00:00,13.481,13.541,13.346,13.392,86983.93000000001
1715644800,2024-05-14T00:00:00+00:00,13.391,13.49,13.31,13.431,145616.65000000002
1715659200,2024-05-14T04:00:00+00:00,13.426,13.556,13.092,13.529,141489.97
1715673600,2024-05-14T08:00:00+00:00,13.522,13.59,13.332,13.336,87379.81
1715688000,2024-05-14T12:00:00+00:00,13.328,13.391,13.099,13.257,195689.93
1715702400,2024-05-14T16:00:00+00:00,13.259,13.259,12.961,13.071,154954.37
1715716800,2024-05-14T20:00:00+00:00,13.073,13.089,12.93,12.981,89454.08
1715731200,2024-05-15T00:00:00+00:00,12.98,13.058,12.9,12.953,89359.19
1715745600,2024-05-15T04:00:00+00:00,12.948,13.117,12.838,13.099,114647.04000000001
1715760000,2024-05-15T08:00:00+00:00,13.096,13.208,12.971,13.049,76070.95
1715774400,2024-05-15T12:00:00+00:00,13.049,13.694,13.024,13.621,392172.1
1715788800,2024-05-15T16:00:00+00:00,13.619,13.897,13.581,13.881,192398.33000000002
1715803200,2024-05-15T20:00:00+00:00,13.882,13.943,13.747,13.872,212916.97
1715817600,2024-05-16T00:00:00+00:00,13.872,14.014,13.807,13.982,178395.26
1715832000,2024-05-16T04:00:00+00:00,13.98,14.063,13.926,13.971,158553.44
1715846400,2024-05-16T08:00:00+00:00,13.973,14.029,13.778,13.879,245805.88
1715860800,2024-05-16T12:00:00+00:00,13.875,13.882,13.538,13.774,186414.53999999998
1715875200,2024-05-16T16:00:00+00:00,13.775,15.096,13.72,15.03,1089507.41
1715889600,2024-05-16T20:00:00+00:00,15.029,15.868,14.669,15.52,1252585.66
1715904000,2024-05-17T00:00:00+00:00,15.515,16.105,15.5,15.917,917834.39
1715918400,2024-05-17T04:00:00+00:00,15.922,16.365,15.628,16.318,625621.73
1715932800,2024-05-17T08:00:00+00:00,16.328,16.714,16.194,16.521,788437.91
1715947200,2024-05-17T12:00:00+00:00,16.521,16.765,15.918,16.103,970438.1399999999
1715961600,2024-05-17T16:00:00+00:00,16.105,16.62,15.992,16.196,620814.64
1715976000,2024-05-17T20:00:00+00:00,16.195,16.3,16.065,16.247,224733.76
1715990400,2024-05-18T00:00:00+00:00,16.241,16.402,16.123,16.173,260667.96000000002
1716004800,2024-05-18T04:00:00+00:00,16.173,16.371,16.055,16.294,307385.89
1716019200,2024-05-18T08:00:00+00:00,16.293,16.418,16.133,16.195,215366.79
1716033600,2024-05-18T12:00:00+00:00,16.189,16.57,16.078,16.465,369875.89
1716048000,2024-05-18T16:00:00+00:00,16.461,16.469,16.236,16.285,227740.53
1716062400,2024-05-18T20:00:00+00:00,16.286,16.364,16.184,16.331,164353.00999999998
1716076800,2024-05-19T00:00:00+00:00,16.335,16.528,16.312,16.46,255037.06
1716091200,2024-05-19T04:00:00+00:00,16.462,16.757,16.327,16.683,374976.44
1716105600,2024-05-19T08:00:00+00:00,16.672,16.85,16.436,16.65,302357.66000000003
1716120000,2024-05-19T12:00:00+00:00,16.657,16.998,16.303,16.973,748611.1499999999
1716134400,2024-05-19T16:00:00+00:00,16.973,17.115,16.64,16.696,735840.36
1716148800,2024-05-19T20:00:00+00:00,16.696,16.727,16.322,16.561,400080.41000000003
1716163200,2024-05-20T00:00:00+00:00,16.562,17.036,16.413,16.927,426182.01
1716177600,2024-05-20T04:00:00+00:00,16.931,17.19,16.646,16.699,575060.1499999999
1716192000,2024-05-20T08:00:00+00:00,16.699,16.83,16.587,16.715,196103.65
1716206400,2024-05-20T12:00:00+00:00,16.705,16.705,16.38,16.491,356273.12
1716220800,2024-05-20T16:00:00+00:00,16.492,17.162,16.375,17.076,812762.08
1716235200,2024-05-20T20:00:00+00:00,17.073,17.465,16.685,17.267,1175026.1
1716249600,2024-05-21T00:00:00+00:00,17.268,17.454,16.863,16.945,534451.42
1716264000,2024-05-21T04:00:00+00:00,16.959,17.148,16.822,16.955,232366.96
1716278400,2024-05-21T08:00:00+00:00,16.953,17.03,16.858,16.944,248337.37
1716292800,2024-05-21T12:00:00+00:00,16.943,17.108,16.546,16.605,425915.18000000005
1716307200,2024-05-21T16:00:00+00:00,16.605,16.861,16.51,16.664,279469.11
1716321600,2024-05-21T20:00:00+00:00,16.666,16.79,16.578,16.735,192874.26
1716336000,2024-05-22T00:00:00+00:00,16.741,16.927,16.717,16.88,131676.32
1716350400,2024-05-22T04:00:00+00:00,16.88,16.88,16.474,16.697,147014.91
1716364800,2024-05-22T08:00:00+00:00,16.697,16.925,16.562,16.57,117381.79999999999
1716379200,2024-05-22T12:00:00+00:00,16.571,16.646,16.174,16.553,364580.47000000003
1716393600,2024-05-22T16:00:00+00:00,16.553,16.733,16.161,16.346,279193.86
1716408000,2024-05-22T20:00:00+00:00,16.346,16.536,16.2,16.348,223828.98
1716422400,2024-05-23T00:00:00+00:00,16.349,16.508,16.281,16.429,164516.33
1716436800,2024-05-23T04:00:00+00:00,16.425,16.676,16.288,16.66,180353.52
1716451200,2024-05-23T08:00:00+00:00,16.671,16.766,16.502,16.693,167664.14
1716465600,2024-05-23T12:00:00+00:00,16.694,16.803,15.727,16.111,555494.34
1716480000,2024-05-23T16:00:00+00:00,16.108,16.308,15.855,15.933,323962.21
1716494400,2024-05-23T20:00:00+00:00,15.918,16.67,15.418,16.594,886835.28
1716508800,2024-05-24T00:00:00+00:00,16.588,17.551,16.554,17.474,854145.0700000001
1716523200,2024-05-24T04:00:00+00:00,17.48,17.586,16.711,16.881,643856.0
1716537600,2024-05-24T08:00:00+00:00,16.881,17.723,16.737,17.554,544787.74
1716552000,2024-05-24T12:00:00+00:00,17.554,17.773,17.151,17.204,543442.5900000001
1716566400,2024-05-24T16:00:00+00:00,17.201,17.529,17,17.301,286888.36
1716580800,2024-05-24T20:00:00+00:00,17.306,17.496,17.18,17.245,110360.48999999999
1716595200,2024-05-25T00:00:00+00:00,17.248,17.248,17.026,17.12,143550.72999999998
1716609600,2024-05-25T04:00:00+00:00,17.123,17.251,17.035,17.09,97037.49
1716624000,2024-05-25T08:00:00+00:00,17.089,17.221,17.031,17.088,133028.84000000003
1716638400,2024-05-25T12:00:00+00:00,17.09,17.248,16.917,17.178,212875.97999999998
1716652800,2024-05-25T16:00:00+00:00,17.183,17.463,17.183,17.348,129906.56999999999
1716667200,2024-05-25T20:00:00+00:00,17.353,17.462,17.285,17.436,97943.11
1716681600,2024-05-26T00:00:00+00:00,17.438,17.841,17.351,17.758,420388.94999999995
1716696000,2024-05-26T04:00:00+00:00,17.752,17.901,17.589,17.615,226706.84999999998
1716710400,2024-05-26T08:00:00+00:00,17.608,17.628,17.254,17.344,181434.77000000002
1716724800,2024-05-26T12:00:00+00:00,17.338,17.338,17.063,17.127,120349.43
1716739200,2024-05-26T16:00:00+00:00,17.127,17.203,17.041,17.077,90280.71
1716753600,2024-05-26T20:00:00+00:00,17.08,17.171,16.983,17.032,103477.62999999999
1716768000,2024-05-27T00:00:00+00:00,17.032,17.234,16.939,17.123,153973.4
1716782400,2024-05-27T04:00:00+00:00,17.122,17.144,16.878,17.08,126534.82
1716796800,2024-05-27T08:00:00+00:00,17.081,17.346,17.039,17.322,111997.87999999999
1716811200,2024-05-27T12:00:00+00:00,17.322,18,17.287,17.998,353610.23
1716825600,2024-05-27T16:00:00+00:00,17.998,18.821,17.993,18.561,1254446.6099999999
1716840000,2024-05-27T20:00:00+00:00,18.566,18.849,18.527,18.773,326849.64
1716854400,2024-05-28T00:00:00+00:00,18.776,18.825,18,18.103,727449.54
1716868800,2024-05-28T04:00:00+00:00,18.108,18.75,18,18.038,690403.5800000001
1716883200,2024-05-28T08:00:00+00:00,18.033,18.315,18.003,18.221,189670.69999999998
1716897600,2024-05-28T12:00:00+00:00,18.215,18.263,17.857,18.151,407210.01
1716912000,2024-05-28T16:00:00+00:00,18.155,18.546,17.957,18.486,386769.05000000005
1716926400,2024-05-28T20:00:00+00:00,18.481,18.578,18.396,18.513,204364.7
1716940800,2024-05-29T00:00:00+00:00,18.517,18.57,18.236,18.295,147553.84
1716955200,2024-05-29T04:00:00+00:00,18.292,18.537,18.266,18.266,142132.02000000002
1716969600,2024-05-29T08:00:00+00:00,18.27,18.772,18.025,18.694,371294.86000000004
1716984000,2024-05-29T12:00:00+00:00,18.696,19.208,18.661,18.867,1105313.8599999999
1716998400,2024-05-29T16:00:00+00:00,18.861,18.996,18.484,18.488,280329.18
1717012800,2024-05-29T20:00:00+00:00,18.489,18.725,18.426,18.434,158292.74
1717027200,2024-05-30T00:00:00+00:00,18.433,19.19,18.418,18.7,379279.51999999996
1717041600,2024-05-30T04:00:00+00:00,18.704,18.782,18.182,18.332,238479.28
1717056000,2024-05-30T08:00:00+00:00,18.329,18.412,18.064,18.078,265398.85
1717070400,2024-05-30T12:00:00+00:00,18.078,18.49,18.055,18.296,298720.25
1717084800,2024-05-30T16:00:00+00:00,18.292,18.472,18.01,18.078,182064.53
1717099200,2024-05-30T20:00:00+00:00,18.075,18.075,17.782,17.944,140366.77
1717113600,2024-05-31T00:00:00+00:00,17.945,18.074,17.78,17.912,116314.87
1717128000,2024-05-31T04:00:00+00:00,17.918,18.021,17.709,17.863,68684.14
1717142400,2024-05-31T08:00:00+00:00,17.868,18.045,17.781,18.037,85098.5
1717156800,2024-05-31T12:00:00+00:00,18.029,18.221,17.523,17.552,260766.95
1717171200,2024-05-31T16:00:00+00:00,17.541,18.4,17.449,18.219,216074.87
1717185600,2024-05-31T20:00:00+00:00,18.218,18.722,18.189,18.395,193316.57
1717200000,2024-06-01T00:00:00+00:00,18.396,18.429,18.249,18.324,83354.1
1717214400,2024-06-01T04:00:00+00:00,18.323,18.62,18.294,18.501,89610.26999999999
1717228800,2024-06-01T08:00:00+00:00,18.509,18.638,18.37,18.532,43261.350000000006
1717243200,2024-06-01T12:00:00+00:00,18.53,18.665,18.484,18.578,90555.0
1717257600,2024-06-01T16:00:00+00:00,18.592,18.657,18.443,18.448,99854.22
1717272000,2024-06-01T20:00:00+00:00,18.447,18.524,18.363,18.425,84496.33
1717286400,2024-06-02T00:00:00+00:00,18.427,18.55,18.333,18.444,58386.65
1717300800,2024-06-02T04:00:00+00:00,18.445,18.539,18.338,18.394,53672.939999999995
1717315200,2024-06-02T08:00:00+00:00,18.398,18.423,18.188,18.393,79899.88
1717329600,2024-06-02T12:00:00+00:00,18.401,18.514,18.172,18.333,135036.12
1717344000,2024-06-02T16:00:00+00:00,18.336,18.351,18.103,18.148,90400.15999999999
1717358400,2024-06-02T20:00:00+00:00,18.154,18.197,18.061,18.138,44004.729999999996
1717372800,2024-06-03T00:00:00+00:00,18.137,18.218,17.907,18.065,140730.68
1717387200,2024-06-03T04:00:00+00:00,18.056,18.343,17.951,18.121,75574.52
1717401600,2024-06-03T08:00:00+00:00,18.121,18.205,17.898,17.946,129879.87
1717416000,2024-06-03T12:00:00+00:00,17.937,18.256,17.799,17.933,302279.02999999997
1717430400,2024-06-03T16:00:00+00:00,17.949,17.95,17.623,17.723,258245.27
1717444800,2024-06-03T20:00:00+00:00,17.717,17.77,17.539,17.629,84730.15000000001
1717459200,2024-06-04T00:00:00+00:00,17.627,17.66,17.512,17.654,154434.74
1717473600,2024-06-04T04:00:00+00:00,17.653,17.674,17.522,17.653,121195.67
1717488000,2024-06-04T08:00:00+00:00,17.653,17.705,17.474,17.63,42757.32
1717502400,2024-06-04T12:00:00+00:00,17.624,17.839,17.624,17.783,125818.63
1717516800,2024-06-04T16:00:00+00:00,17.782,17.853,17.556,17.67,155847.21000000002
1717531200,2024-06-04T20:00:00+00:00,17.67,17.746,17.598,17.719,82799.11
1717545600,2024-06-05T00:00:00+00:00,17.714,17.933,17.66,17.716,139796.88
1717560000,2024-06-05T04:00:00+00:00,17.721,18.081,17.704,17.961,102772.29999999999
1717574400,2024-06-05T08:00:00+00:00,17.957,17.958,17.784,17.888,27653.02
1717588800,2024-06-05T12:00:00+00:00,17.886,17.9,17.622,17.741,119517.28
1717603200,2024-06-05T16:00:00+00:00,17.737,17.951,17.694,17.869,85672.36
1717617600,2024-06-05T20:00:00+00:00,17.869,17.898,17.666,17.746,68499.14000000001
1717632000,2024-06-06T00:00:00+00:00,17.747,17.78,17.611,17.616,81265.6
1717646400,2024-06-06T04:00:00+00:00,17.627,17.628,17.31,17.476,185300.13
1717660800,2024-06-06T08:00:00+00:00,17.469,17.469,17.313,17.359,63024.950000000004
1717675200,2024-06-06T12:00:00+00:00,17.357,17.54,17.26,17.455,143967.61
1717689600,2024-06-06T16:00:00+00:00,17.461,17.501,17.153,17.245,162509.0
1717704000,2024-06-06T20:00:00+00:00,17.245,17.42,17.103,17.243,121715.95
1717718400,2024-06-07T00:00:00+00:00,17.244,17.396,17.228,17.367,76196.12999999999
1717732800,2024-06-07T04:00:00+00:00,17.367,17.569,17.362,17.489,83531.64
1717747200,2024-06-07T08:00:00+00:00,17.491,17.662,17.405,17.596,86363.76000000001
1717761600,2024-06-07T12:00:00+00:00,17.602,17.707,17.254,17.581,195565.56
1717776000,2024-06-07T16:00:00+00:00,17.575,17.607,15.5,16.274,884782.33
1717790400,2024-06-07T20:00:00+00:00,16.275,16.383,16.21,16.311,123142.78
1717804800,2024-06-08T00:00:00+00:00,16.312,16.359,16.195,16.294,90749.91
1717819200,2024-06-08T04:00:00+00:00,16.31,16.414,16.275,16.318,113623.39000000001
1717833600,2024-06-08T08:00:00+00:00,16.306,16.306,15.85,15.863,148672.11000000002
1717848000,2024-06-08T12:00:00+00:00,15.864,16.017,15.691,15.925,348308.12
1717862400,2024-06-08T16:00:00+00:00,15.92,15.964,15.679,15.803,119215.13
1717876800,2024-06-08T20:00:00+00:00,15.804,15.978,15.716,15.928,70524.83
1717891200,2024-06-09T00:00:00+00:00,15.926,16.079,15.905,16.04,72243.77
1717905600,2024-06-09T04:00:00+00:00,16.039,16.073,15.906,16.019,39078.759999999995
1717920000,2024-06-09T08:00:00+00:00,16.013,16.103,15.967,16.008,21765.21
1717934400,2024-06-09T12:00:00+00:00,16.005,16.111,15.947,16,38579.07000000001
1717948800,2024-06-09T16:00:00+00:00,16.004,16.188,15.99,16.177,48246.95
1717963200,2024-06-09T20:00:00+00:00,16.176,16.382,16.123,16.375,119066.23
1717977600,2024-06-10T00:00:00+00:00,16.376,16.392,16.1,16.122,125726.48
1717992000,2024-06-10T04:00:00+00:00,16.128,16.194,15.795,15.813,83649.1
1718006400,2024-06-10T08:00:00+00:00,15.813,16.079,15.806,15.978,65453.73
1718020800,2024-06-10T12:00:00+00:00,15.991,16.245,15.755,16.166,134123.94
1718035200,2024-06-10T16:00:00+00:00,16.173,16.194,15.835,15.873,172276.88
1718049600,2024-06-10T20:00:00+00:00,15.873,15.921,15.774,15.899,102278.79
1718064000,2024-06-11T00:00:00+00:00,15.9,15.907,15.372,15.711,487220.87
1718078400,2024-06-11T04:00:00+00:00,15.692,15.739,15.356,15.495,286193.44
1718092800,2024-06-11T08:00:00+00:00,15.493,15.609,15.378,15.407,127253.02000000002
1718107200,2024-06-11T12:00:00+00:00,15.411,15.481,14.79,14.87,457226.94999999995
1718121600,2024-06-11T16:00:00+00:00,14.869,15.08,14.654,15.03,338687.77
1718136000,2024-06-11T20:00:00+00:00,15.026,15.095,14.943,14.989,141252.29
1718150400,2024-06-12T00:00:00+00:00,14.987,15.195,14.729,15.173,148624.77000000002
1718164800,2024-06-12T04:00:00+00:00,15.175,15.292,15.154,15.274,116277.96
1718179200,2024-06-12T08:00:00+00:00,15.276,15.525,15.175,15.195,285670.58999999997
1718193600,2024-06-12T12:00:00+00:00,15.201,16.141,15.191,16.079,501045.9600000001
1718208000,2024-06-12T16:00:00+00:00,16.08,16.239,15.603,15.709,474185.94
1718222400,2024-06-12T20:00:00+00:00,15.69,16.062,15.639,15.999,129928.62999999999
1718236800,2024-06-13T00:00:00+00:00,16.005,16.046,15.35,15.515,284722.53
1718251200,2024-06-13T04:00:00+00:00,15.505,15.644,15.49,15.521,62496.97
1718265600,2024-06-13T08:00:00+00:00,15.525,15.539,15.195,15.309,380984.7200000001
1718280000,2024-06-13T12:00:00+00:00,15.303,15.604,15.075,15.097,238770.78
1718294400,2024-06-13T16:00:00+00:00,15.1,15.474,15.05,15.34,127246.09
1718308800,2024-06-13T20:00:00+00:00,15.336,15.393,15.06,15.135,80413.52
1718323200,2024-06-14T00:00:00+00:00,15.133,15.442,15.097,15.271,214619.04
1718337600,2024-06-14T04:00:00+00:00,15.269,15.435,15.269,15.339,188544.59
1718352000,2024-06-14T08:00:00+00:00,15.328,15.439,15.27,15.419,147174.36000000002
1718366400,2024-06-14T12:00:00+00:00,15.419,15.455,15.143,15.189,135877.73
1718380800,2024-06-14T16:00:00+00:00,15.186,15.203,14.476,14.503,742749.76
1718395200,2024-06-14T20:00:00+00:00,14.51,14.93,14.423,14.742,257889.91999999998
1718409600,2024-06-15T00:00:00+00:00,14.737,14.898,14.695,14.856,143248.48
1718424000,2024-06-15T04:00:00+00:00,14.865,15.103,14.793,15.004,110058.8
1718438400,2024-06-15T08:00:00+00:00,15.002,15.056,14.884,14.898,108805.94
1718452800,2024-06-15T12:00:00+00:00,14.898,15.038,14.849,14.983,92774.85999999999
1718467200,2024-06-15T16:00:00+00:00,14.978,15.022,14.832,14.9,104294.59000000001
1718481600,2024-06-15T20:00:00+00:00,14.902,14.913,14.779,14.852,87551.68
1718496000,2024-06-16T00:00:00+00:00,14.852,14.86,14.631,14.65,75881.32999999999
1718510400,2024-06-16T04:00:00+00:00,14.65,14.873,14.564,14.836,43397.81
1718524800,2024-06-16T08:00:00+00:00,14.823,14.964,14.766,14.916,36970.18
1718539200,2024-06-16T12:00:00+00:00,14.907,15.188,14.895,15.143,156696.68
1718553600,2024-06-16T16:00:00+00:00,15.141,15.157,15.03,15.098,84633.39
1718568000,2024-06-16T20:00:00+00:00,15.096,15.219,15.078,15.131,121833.78
1718582400,2024-06-17T00:00:00+00:00,15.131,15.209,14.779,14.788,168259.8
1718596800,2024-06-17T04:00:00+00:00,14.792,14.922,14.588,14.768,99603.54
1718611200,2024-06-17T08:00:00+00:00,14.767,14.811,14.194,14.322,227507.91
1718625600,2024-06-17T12:00:00+00:00,14.316,14.42,14.12,14.285,257479.94
1718640000,2024-06-17T16:00:00+00:00,14.268,14.83,14.008,14.691,419318.8300000001
1718654400,2024-06-17T20:00:00+00:00,14.69,14.702,14.51,14.518,291240.18000000005
1718668800,2024-06-18T00:00:00+00:00,14.519,14.616,12.93,13.737,835690.9500000001
1718683200,2024-06-18T04:00:00+00:00,13.738,13.827,13.613,13.728,164051.71000000002
1718697600,2024-06-18T08:00:00+00:00,13.721,13.823,13.437,13.642,175180.16
1718712000,2024-06-18T12:00:00+00:00,13.642,13.717,13.15,13.572,538204.56
1718726400,2024-06-18T16:00:00+00:00,13.567,13.608,13.268,13.595,310508.60000000003
1718740800,2024-06-18T20:00:00+00:00,13.588,13.988,13.49,13.977,333767.30000000005
1718755200,2024-06-19T00:00:00+00:00,13.98,14.319,13.909,14.202,420569.66
1718769600,2024-06-19T04:00:00+00:00,14.216,14.397,14.194,14.393,132909.02
1718784000,2024-06-19T08:00:00+00:00,14.397,14.415,14.165,14.271,149975.34999999998
1718798400,2024-06-19T12:00:00+00:00,14.273,14.342,14.072,14.183,272484.73
1718812800,2024-06-19T16:00:00+00:00,14.188,14.476,14.153,14.371,200234.59
1718827200,2024-06-19T20:00:00+00:00,14.373,14.497,14.229,14.338,116602.75
1718841600,2024-06-20T00:00:00+00:00,14.34,14.499,14.275,14.358,230160.84
1718856000,2024-06-20T04:00:00+00:00,14.353,14.744,14.323,14.728,230657.38999999996
1718870400,2024-06-20T08:00:00+00:00,14.73,14.848,14.576,14.653,211549.40999999997
1718884800,2024-06-20T12:00:00+00:00,14.653,14.695,14.272,14.325,316839.38999999996
1718899200,2024-06-20T16:00:00+00:00,14.327,14.505,14.185,14.499,166436.07
1718913600,2024-06-20T20:00:00+00:00,14.503,14.531,14.242,14.248,113036.7
1718928000,2024-06-21T00:00:00+00:00,14.252,14.344,14.1,14.21,192670.88
1718942400,2024-06-21T04:00:00+00:00,14.216,14.447,14.149,14.299,201063.28000000003
1718956800,2024-06-21T08:00:00+00:00,14.3,14.549,14.049,14.508,279401.44
1718971200,2024-06-21T12:00:00+00:00,14.504,14.582,14.162,14.302,409659.57999999996
1718985600,2024-06-21T16:00:00+00:00,14.299,14.346,13.943,14.122,358772.25
1719000000,2024-06-21T20:00:00+00:00,14.116,14.195,13.84,13.844,192853.8
1719014400,2024-06-22T00:00:00+00:00,13.845,13.905,13.731,13.821,113859.04
1719028800,2024-06-22T04:00:00+00:00,13.813,13.886,13.725,13.753,76593.47
1719043200,2024-06-22T08:00:00+00:00,13.748,13.755,13.57,13.62,108717.84
1719057600,2024-06-22T12:00:00+00:00,13.626,13.853,13.581,13.738,146536.34000000003
1719072000,2024-06-22T16:00:00+00:00,13.738,13.763,13.59,13.619,99150.66
1719086400,2024-06-22T20:00:00+00:00,13.621,13.624,13.451,13.477,157322.68
1719100800,2024-06-23T00:00:00+00:00,13.478,13.663,13.474,13.639,85725.73
1719115200,2024-06-23T04:00:00+00:00,13.64,13.676,13.53,13.645,53860.19
1719129600,2024-06-23T08:00:00+00:00,13.646,13.664,13.477,13.564,48235.03
1719144000,2024-06-23T12:00:00+00:00,13.561,13.579,13.373,13.45,118267.04999999999
1719158400,2024-06-23T16:00:00+00:00,13.452,13.454,13.305,13.396,120414.47999999998
1719172800,2024-06-23T20:00:00+00:00,13.393,13.393,13.138,13.184,156035.99
1719187200,2024-06-24T00:00:00+00:00,13.186,13.27,13.055,13.212,229228.52000000002
1719201600,2024-06-24T04:00:00+00:00,13.207,13.228,12.931,13.025,170116.82
1719216000,2024-06-24T08:00:00+00:00,13.024,13.238,12.69,13.138,284795.35
1719230400,2024-06-24T12:00:00+00:00,13.128,13.684,13.093,13.177,646918.1900000001
1719244800,2024-06-24T16:00:00+00:00,13.174,13.351,13.083,13.141,334466.81
1719259200,2024-06-24T20:00:00+00:00,13.143,13.632,13,13.609,292720.12
1719273600,2024-06-25T00:00:00+00:00,13.601,14.1,13.566,13.994,416238.69
1719288000,2024-06-25T04:00:00+00:00,13.995,14.131,13.857,13.866,205265.83
1719302400,2024-06-25T08:00:00+00:00,13.871,14.119,13.82,13.918,168971.9
1719316800,2024-06-25T12:00:00+00:00,13.912,14.154,13.827,14.095,165650.75
1719331200,2024-06-25T16:00:00+00:00,14.089,14.235,14.022,14.182,162783.36
1719345600,2024-06-25T20:00:00+00:00,14.186,14.293,14.104,14.192,120431.73000000001
1719360000,2024-06-26T00:00:00+00:00,14.191,14.28,14.086,14.207,106674.97000000002
1719374400,2024-06-26T04:00:00+00:00,14.205,14.287,14.106,14.226,64727.37000000001
1719388800,2024-06-26T08:00:00+00:00,14.238,14.256,13.977,14.018,65240.47
1719403200,2024-06-26T12:00:00+00:00,14.026,14.049,13.86,13.943,143888.29
1719417600,2024-06-26T16:00:00+00:00,13.95,14.081,13.85,14.07,77201.70000000001
1719432000,2024-06-26T20:00:00+00:00,14.068,14.106,13.891,13.906,77975.95
1719446400,2024-06-27T00:00:00+00:00,13.906,13.922,13.751,13.816,67960.43
1719460800,2024-06-27T04:00:00+00:00,13.822,13.873,13.576,13.652,68637.52
1719475200,2024-06-27T08:00:00+00:00,13.656,13.918,13.656,13.853,76884.85
1719489600,2024-06-27T12:00:00+00:00,13.849,14.229,13.845,14.077,284150.69
1719504000,2024-06-27T16:00:00+00:00,14.071,14.549,14.015,14.353,270493.95
1719518400,2024-06-27T20:00:00+00:00,14.352,14.417,14.267,14.409,76480.67
1719532800,2024-06-28T00:00:00+00:00,14.408,14.503,14.251,14.38,71670.71
1719547200,2024-06-28T04:00:00+00:00,14.377,14.395,14.125,14.194,72210.49
1719561600,2024-06-28T08:00:00+00:00,14.185,14.375,14.13,14.331,53940.42
1719576000,2024-06-28T12:00:00+00:00,14.325,14.578,14.244,14.345,232333.88000000003
1719590400,2024-06-28T16:00:00+00:00,14.345,14.397,13.961,14.055,277707.61
1719604800,2024-06-28T20:00:00+00:00,14.065,14.095,13.734,13.755,102863.73999999999
1719619200,2024-06-29T00:00:00+00:00,13.754,14.143,13.725,14.068,92112.81
1719633600,2024-06-29T04:00:00+00:00,14.065,14.098,13.927,13.945,54758.49
1719648000,2024-06-29T08:00:00+00:00,13.946,13.95,13.78,13.841,48103.53999999999
1719662400,2024-06-29T12:00:00+00:00,13.834,13.853,13.563,13.658,87024.24
1719676800,2024-06-29T16:00:00+00:00,13.661,13.691,13.527,13.636,62606.600000000006
1719691200,2024-06-29T20:00:00+00:00,13.626,13.678,13.45,13.523,105714.24
1719705600,2024-06-30T00:00:00+00:00,13.524,13.596,13.429,13.51,63616.05
1719720000,2024-06-30T04:00:00+00:00,13.507,13.693,13.431,13.65,85075.37
1719734400,2024-06-30T08:00:00+00:00,13.66,13.727,13.523,13.523,60449.95
1719748800,2024-06-30T12:00:00+00:00,13.527,13.676,13.498,13.673,71068.75
1719763200,2024-06-30T16:00:00+00:00,13.674,13.997,13.604,13.985,140117.21
1719777600,2024-06-30T20:00:00+00:00,13.987,14.325,13.94,14.251,205594.25
1719792000,2024-07-01T00:00:00+00:00,14.258,14.415,14.219,14.274,218336.87
1719806400,2024-07-01T04:00:00+00:00,14.276,14.408,14.255,14.368,110803.29000000001
1719820800,2024-07-01T08:00:00+00:00,14.37,14.459,14.265,14.391,115196.12
1719835200,2024-07-01T12:00:00+00:00,14.39,14.463,14.201,14.367,177741.61
1719849600,2024-07-01T16:00:00+00:00,14.362,14.516,14.333,14.461,155234.66
1719864000,2024-07-01T20:00:00+00:00,14.449,14.562,14.292,14.32,134265.02
1719878400,2024-07-02T00:00:00+00:00,14.325,14.463,14.232,14.435,67974.87
1719892800,2024-07-02T04:00:00+00:00,14.439,14.681,14.377,14.539,267164.01
1719907200,2024-07-02T08:00:00+00:00,14.546,14.73,14.488,14.623,119714.48000000001
1719921600,2024-07-02T12:00:00+00:00,14.617,14.668,14.331,14.472,138359.9
1719936000,2024-07-02T16:00:00+00:00,14.467,14.577,14.358,14.512,86404.94
1719950400,2024-07-02T20:00:00+00:00,14.515,14.566,14.386,14.397,98018.57
1719964800,2024-07-03T00:00:00+00:00,14.392,14.493,14.076,14.173,234732.16999999998
1719979200,2024-07-03T04:00:00+00:00,14.17,14.572,14.092,14.383,237549.04
1719993600,2024-07-03T08:00:00+00:00,14.368,14.552,14.129,14.339,212841.63
1720008000,2024-07-03T12:00:00+00:00,14.344,14.563,14.039,14.366,234513.08000000002
1720022400,2024-07-03T16:00:00+00:00,14.362,14.462,13.684,13.731,397227.65
1720036800,2024-07-03T20:00:00+00:00,13.724,13.796,13.541,13.576,185860.9
1720051200,2024-07-04T00:00:00+00:00,13.577,13.723,12.999,13.261,444595.6
1720065600,2024-07-04T04:00:00+00:00,13.259,13.401,13.085,13.139,164583.14
1720080000,2024-07-04T08:00:00+00:00,13.138,13.278,13.004,13.053,197657.91999999998
1720094400,2024-07-04T12:00:00+00:00,13.053,13.086,12.604,13.073,377827.42
1720108800,2024-07-04T16:00:00+00:00,13.061,13.134,12.934,12.94,209340.4
1720123200,2024-07-04T20:00:00+00:00,12.94,13.142,12.51,12.536,293684.81
1720137600,2024-07-05T00:00:00+00:00,12.532,12.545,11.119,11.33,1170850.6800000002
1720152000,2024-07-05T04:00:00+00:00,11.327,11.716,11.042,11.507,544895.14
1720166400,2024-07-05T08:00:00+00:00,11.497,12.023,11.132,11.984,343105.06
1720180800,2024-07-05T12:00:00+00:00,11.983,12.404,11.789,12.313,650702.1599999999
1720195200,2024-07-05T16:00:00+00:00,12.311,12.46,12.163,12.369,639616.45
1720209600,2024-07-05T20:00:00+00:00,12.37,12.387,12.251,12.309,203897.61000000002
1720224000,2024-07-06T00:00:00+00:00,12.31,12.61,12.187,12.314,274731.84
1720238400,2024-07-06T04:00:00+00:00,12.307,12.571,12.231,12.498,153581.18
1720252800,2024-07-06T08:00:00+00:00,12.491,12.58,12.33,12.549,95977.52
1720267200,2024-07-06T12:00:00+00:00,12.542,12.765,12.435,12.694,167819.71000000002
1720281600,2024-07-06T16:00:00+00:00,12.692,13.13,12.668,13.08,322759.56
1720296000,2024-07-06T20:00:00+00:00,13.074,13.283,12.988,13.182,219867.64
1720310400,2024-07-07T00:00:00+00:00,13.184,13.196,12.976,13.051,171013.23
1720324800,2024-07-07T04:00:00+00:00,13.049,13.062,12.67,12.78,197487.59
1720339200,2024-07-07T08:00:00+00:00,12.777,12.966,12.763,12.843,59066.94
1720353600,2024-07-07T12:00:00+00:00,12.836,12.93,12.419,12.524,163777.23
1720368000,2024-07-07T16:00:00+00:00,12.513,12.767,12.493,12.609,65229.17
1720382400,2024-07-07T20:00:00+00:00,12.607,12.712,12.286,12.352,265777.53
1720396800,2024-07-08T00:00:00+00:00,12.353,12.415,11.775,12.271,341668.66000000003
1720411200,2024-07-08T04:00:00+00:00,12.271,12.746,12.229,12.596,185982.27
1720425600,2024-07-08T08:00:00+00:00,12.593,13.524,12.573,13.483,651649.54
1720440000,2024-07-08T12:00:00+00:00,13.475,13.521,12.669,12.819,671858.99
1720454400,2024-07-08T16:00:00+00:00,12.818,12.993,12.715,12.916,235088.18
1720468800,2024-07-08T20:00:00+00:00,12.921,13.249,12.81,13.123,266261.43
1720483200,2024-07-09T00:00:00+00:00,13.122,13.314,12.921,13.032,211034.27000000002
1720497600,2024-07-09T04:00:00+00:00,13.042,13.116,12.927,12.942,119605.92000000001
1720512000,2024-07-09T08:00:00+00:00,12.943,13.252,12.894,13.173,136639.99
1720526400,2024-07-09T12:00:00+00:00,13.169,13.22,12.745,12.876,308622.17000000004
1720540800,2024-07-09T16:00:00+00:00,12.871,12.987,12.727,12.85,235108.02
1720555200,2024-07-09T20:00:00+00:00,12.845,12.945,12.744,12.839,154069.96
1720569600,2024-07-10T00:00:00+00:00,12.833,12.913,12.693,12.869,163999.6
1720584000,2024-07-10T04:00:00+00:00,12.872,13.171,12.867,12.979,316387.97000000003
1720598400,2024-07-10T08:00:00+00:00,12.977,12.991,12.837,12.897,123872.90000000002
1720612800,2024-07-10T12:00:00+00:00,12.895,12.939,12.732,12.903,237716.56999999998
1720627200,2024-07-10T16:00:00+00:00,12.9,13.023,12.76,12.785,134799.03
1720641600,2024-07-10T20:00:00+00:00,12.782,12.828,12.71,12.792,125230.01
1720656000,2024-07-11T00:00:00+00:00,12.792,12.924,12.549,12.621,200241.31
1720670400,2024-07-11T04:00:00+00:00,12.62,12.832,12.602,12.827,78726.89
1720684800,2024-07-11T08:00:00+00:00,12.824,12.972,12.76,12.926,104201.32
1720699200,2024-07-11T12:00:00+00:00,12.93,13.159,12.651,12.722,495723.57999999996
1720713600,2024-07-11T16:00:00+00:00,12.714,12.859,12.559,12.565,129029.89
1720728000,2024-07-11T20:00:00+00:00,12.553,12.556,12.289,12.343,284308.19
1720742400,2024-07-12T00:00:00+00:00,12.351,12.567,12.229,12.474,179291.12
1720756800,2024-07-12T04:00:00+00:00,12.474,12.522,12.363,12.45,110899.06
1720771200,2024-07-12T08:00:00+00:00,12.45,12.478,12.281,12.408,153795.69
1720785600,2024-07-12T12:00:00+00:00,12.412,12.733,12.378,12.673,230258.91
1720800000,2024-07-12T16:00:00+00:00,12.678,12.832,12.591,12.695,204094.8
1720814400,2024-07-12T20:00:00+00:00,12.695,12.745,12.556,12.739,103221.48
1720828800,2024-07-13T00:00:00+00:00,12.749,12.933,12.705,12.814,151768.27000000002
1720843200,2024-07-13T04:00:00+00:00,12.82,13.025,12.759,13.025,107169.13
1720857600,2024-07-13T08:00:00+00:00,13.026,13.099,12.912,13.02,71756.68000000001
1720872000,2024-07-13T12:00:00+00:00,13.023,13.067,12.931,13.053,66000.36
1720886400,2024-07-13T16:00:00+00:00,13.054,13.12,12.94,13.056,132853.26
1720900800,2024-07-13T20:00:00+00:00,13.061,13.137,12.882,13.021,245189.84999999998
1720915200,2024-07-14T00:00:00+00:00,13.022,13.135,12.898,12.967,217093.41999999998
1720929600,2024-07-14T04:00:00+00:00,12.969,13.161,12.965,13.097,192359.41
1720944000,2024-07-14T08:00:00+00:00,13.108,13.27,13.08,13.111,201063.61
1720958400,2024-07-14T12:00:00+00:00,13.113,13.285,12.992,13.273,127373.87999999999
1720972800,2024-07-14T16:00:00+00:00,13.273,13.35,13.199,13.251,90666.79999999999
1720987200,2024-07-14T20:00:00+00:00,13.249,13.531,13.231,13.46,260052.34
1721001600,2024-07-15T00:00:00+00:00,13.45,13.843,13.409,13.812,402843.72
1721016000,2024-07-15T04:00:00+00:00,13.812,13.892,13.649,13.838,207632.12
1721030400,2024-07-15T08:00:00+00:00,13.838,13.904,13.729,13.778,133486.08
1721044800,2024-07-15T12:00:00+00:00,13.777,13.983,13.774,13.887,254518.03
1721059200,2024-07-15T16:00:00+00:00,13.883,14.197,13.838,14.14,388370.0
1721073600,2024-07-15T20:00:00+00:00,14.138,14.51,14.132,14.403,484898.4
1721088000,2024-07-16T00:00:00+00:00,14.4,14.512,14.278,14.433,164456.28999999998
1721102400,2024-07-16T04:00:00+00:00,14.423,14.473,13.924,13.964,279677.07
1721116800,2024-07-16T08:00:00+00:00,13.961,14.149,13.82,14.093,193490.06999999998
1721131200,2024-07-16T12:00:00+00:00,14.093,14.5,13.936,14.442,241939.81
1721145600,2024-07-16T16:00:00+00:00,14.442,14.628,14.253,14.349,291589.05
1721160000,2024-07-16T20:00:00+00:00,14.348,14.353,14.1,14.214,221740.22999999998
1721174400,2024-07-17T00:00:00+00:00,14.216,14.505,14.199,14.31,151069.47
1721188800,2024-07-17T04:00:00+00:00,14.317,14.42,14.261,14.382,86521.5
1721203200,2024-07-17T08:00:00+00:00,14.38,14.485,14.217,14.323,130738.98
1721217600,2024-07-17T12:00:00+00:00,14.319,14.474,14.127,14.139,219434.77000000002
1721232000,2024-07-17T16:00:00+00:00,14.131,14.16,13.79,13.972,244262.13
1721246400,2024-07-17T20:00:00+00:00,13.975,13.994,13.731,13.736,139669.74
1721260800,2024-07-18T00:00:00+00:00,13.739,14,13.738,13.882,109889.05
1721275200,2024-07-18T04:00:00+00:00,13.877,13.971,13.715,13.833,106565.32999999999
1721289600,2024-07-18T08:00:00+00:00,13.841,13.9,13.64,13.802,195084.40000000002
1721304000,2024-07-18T12:00:00+00:00,13.804,13.962,13.524,13.532,289701.70999999996
1721318400,2024-07-18T16:00:00+00:00,13.529,13.693,13.413,13.553,219483.46
1721332800,2024-07-18T20:00:00+00:00,13.552,13.67,13.502,13.594,101081.44
1721347200,2024-07-19T00:00:00+00:00,13.59,13.665,13.34,13.639,134243.24
1721361600,2024-07-19T04:00:00+00:00,13.644,13.738,13.491,13.565,135433.49
1721376000,2024-07-19T08:00:00+00:00,13.564,13.645,13.367,13.424,119306.31
1721390400,2024-07-19T12:00:00+00:00,13.425,13.9,13.4,13.879,254651.37
1721404800,2024-07-19T16:00:00+00:00,13.88,14.15,13.877,14.142,246731.65000000002
1721419200,2024-07-19T20:00:00+00:00,14.14,14.149,14.008,14.087,109105.56
1721433600,2024-07-20T00:00:00+00:00,14.084,14.112,13.867,14.037,141105.59000000003
1721448000,2024-07-20T04:00:00+00:00,14.039,14.228,14.014,14.111,78608.01
1721462400,2024-07-20T08:00:00+00:00,14.11,14.154,13.91,13.919,57291.75
1721476800,2024-07-20T12:00:00+00:00,13.92,14.107,13.856,14.098,97693.14
1721491200,2024-07-20T16:00:00+00:00,14.098,14.299,14.039,14.225,187468.96
1721505600,2024-07-20T20:00:00+00:00,14.223,14.339,14.188,14.251,142761.78
1721520000,2024-07-21T00:00:00+00:00,14.253,14.342,14.152,14.173,95727.94
1721534400,2024-07-21T04:00:00+00:00,14.174,14.201,13.95,13.967,75890.55
1721548800,2024-07-21T08:00:00+00:00,13.984,14.365,13.98,14.215,108351.66
1721563200,2024-07-21T12:00:00+00:00,14.21,14.72,14.177,14.468,318527.58
1721577600,2024-07-21T16:00:00+00:00,14.453,14.779,13.987,14.539,373409.05000000005
1721592000,2024-07-21T20:00:00+00:00,14.537,15.008,14.507,14.821,428869.15
1721606400,2024-07-22T00:00:00+00:00,14.824,14.878,14.451,14.475,193856.3
1721620800,2024-07-22T04:00:00+00:00,14.481,14.556,14.214,14.286,175916.1
1721635200,2024-07-22T08:00:00+00:00,14.289,14.383,14.176,14.371,221420.77000000002
1721649600,2024-07-22T12:00:00+00:00,14.365,14.397,14.043,14.144,254783.15999999997
1721664000,2024-07-22T16:00:00+00:00,14.161,14.231,14.058,14.214,236763.92
1721678400,2024-07-22T20:00:00+00:00,14.215,14.223,13.79,13.94,301787.26
1721692800,2024-07-23T00:00:00+00:00,13.942,14.166,13.921,14.048,210680.81000000003
1721707200,2024-07-23T04:00:00+00:00,14.049,14.054,13.68,13.876,174772.57
1721721600,2024-07-23T08:00:00+00:00,13.87,14.125,13.861,13.984,122446.96
1721736000,2024-07-23T12:00:00+00:00,13.982,13.989,13.644,13.805,165707.69
1721750400,2024-07-23T16:00:00+00:00,13.809,13.938,13.496,13.897,161170.06
1721764800,2024-07-23T20:00:00+00:00,13.899,14.014,13.799,13.909,115138.96000000002
1721779200,2024-07-24T00:00:00+00:00,13.909,13.924,13.779,13.864,88082.85
1721793600,2024-07-24T04:00:00+00:00,13.863,13.869,13.696,13.856,133766.19
1721808000,2024-07-24T08:00:00+00:00,13.855,13.889,13.738,13.871,76345.66
1721822400,2024-07-24T12:00:00+00:00,13.87,13.957,13.723,13.736,138449.11
1721836800,2024-07-24T16:00:00+00:00,13.734,13.878,13.553,13.567,149523.81
1721851200,2024-07-24T20:00:00+00:00,13.574,13.631,13.25,13.403,194240.4
1721865600,2024-07-25T00:00:00+00:00,13.403,13.443,12.832,12.966,357698.46
1721880000,2024-07-25T04:00:00+00:00,12.963,13.146,12.9,13.021,145150.05
1721894400,2024-07-25T08:00:00+00:00,13.021,13.06,12.879,12.941,114534.01999999999
1721908800,2024-07-25T12:00:00+00:00,12.948,13.023,12.711,12.829,216942.68
1721923200,2024-07-25T16:00:00+00:00,12.828,12.914,12.503,12.627,237965.72
1721937600,2024-07-25T20:00:00+00:00,12.622,12.984,12.461,12.935,214273.42
1721952000,2024-07-26T00:00:00+00:00,12.934,13.304,12.906,13.23,185139.39
1721966400,2024-07-26T04:00:00+00:00,13.229,13.507,13.221,13.396,122946.57
1721980800,2024-07-26T08:00:00+00:00,13.395,13.472,13.269,13.329,102829.59
1721995200,2024-07-26T12:00:00+00:00,13.331,13.566,13.267,13.51,164112.21
1722009600,2024-07-26T16:00:00+00:00,13.512,13.641,13.476,13.573,100857.94
1722024000,2024-07-26T20:00:00+00:00,13.571,13.586,13.476,13.53,87590.75
1722038400,2024-07-27T00:00:00+00:00,13.528,13.6,13.448,13.54,86023.93
1722052800,2024-07-27T04:00:00+00:00,13.538,13.683,13.537,13.647,48975.43
1722067200,2024-07-27T08:00:00+00:00,13.655,13.698,13.572,13.649,85396.7
1722081600,2024-07-27T12:00:00+00:00,13.649,13.875,13.53,13.622,132373.81
1722096000,2024-07-27T16:00:00+00:00,13.624,13.665,13.369,13.527,123710.81
1722110400,2024-07-27T20:00:00+00:00,13.527,13.73,13.262,13.549,162588.75
1722124800,2024-07-28T00:00:00+00:00,13.546,13.591,13.428,13.445,80510.15999999999
1722139200,2024-07-28T04:00:00+00:00,13.44,13.496,13.301,13.449,84234.90000000001
1722153600,2024-07-28T08:00:00+00:00,13.446,13.636,13.396,13.587,31291.129999999997
1722168000,2024-07-28T12:00:00+00:00,13.592,13.644,13.401,13.429,60518.46
1722182400,2024-07-28T16:00:00+00:00,13.431,13.498,13.238,13.34,236629.96
1722196800,2024-07-28T20:00:00+00:00,13.343,13.354,13.188,13.305,85480.09
1722211200,2024-07-29T00:00:00+00:00,13.301,13.795,13.298,13.705,256540.24
1722225600,2024-07-29T04:00:00+00:00,13.709,13.893,13.66,13.881,111433.68
1722240000,2024-07-29T08:00:00+00:00,13.888,13.903,13.767,13.821,128232.68
1722254400,2024-07-29T12:00:00+00:00,13.821,13.866,13.468,13.551,262760.19
1722268800,2024-07-29T16:00:00+00:00,13.544,13.656,13.38,13.593,189827.82
1722283200,2024-07-29T20:00:00+00:00,13.592,13.678,13.492,13.534,69930.23999999999
1722297600,2024-07-30T00:00:00+00:00,13.533,13.774,13.409,13.762,106526.41
1722312000,2024-07-30T04:00:00+00:00,13.759,13.79,13.608,13.694,47338.89
1722326400,2024-07-30T08:00:00+00:00,13.687,13.718,13.487,13.53,64343.5
1722340800,2024-07-30T12:00:00+00:00,13.528,13.673,13.428,13.545,158158.4
1722355200,2024-07-30T16:00:00+00:00,13.539,13.561,13.071,13.137,118473.73000000001
1722369600,2024-07-30T20:00:00+00:00,13.131,13.24,12.98,13.13,139130.27000000002
1722384000,2024-07-31T00:00:00+00:00,13.124,13.313,13.069,13.254,82827.87999999999
1722398400,2024-07-31T04:00:00+00:00,13.247,13.415,13.091,13.297,123617.23999999999
1722412800,2024-07-31T08:00:00+00:00,13.305,13.307,13.093,13.137,80853.86
1722427200,2024-07-31T12:00:00+00:00,13.137,13.256,13.048,13.075,68915.48
1722441600,2024-07-31T16:00:00+00:00,13.075,13.144,12.819,12.91,274788.56
1722456000,2024-07-31T20:00:00+00:00,12.899,12.982,12.77,12.823,168324.32
1722470400,2024-08-01T00:00:00+00:00,12.823,12.936,12.769,12.806,110418.6
1722484800,2024-08-01T04:00:00+00:00,12.809,12.885,12.626,12.817,91505.94000000002
1722499200,2024-08-01T08:00:00+00:00,12.819,13.045,12.817,13.023,79061.03
1722513600,2024-08-01T12:00:00+00:00,13.022,13.092,12.491,12.506,193010.83
1722528000,2024-08-01T16:00:00+00:00,12.507,12.521,12.12,12.41,270737.81
1722542400,2024-08-01T20:00:00+00:00,12.408,12.953,12.314,12.873,291750.63
1722556800,2024-08-02T00:00:00+00:00,12.872,12.936,12.569,12.772,123855.36999999998
1722571200,2024-08-02T04:00:00+00:00,12.768,12.799,12.386,12.479,169543.37
1722585600,2024-08-02T08:00:00+00:00,12.476,12.585,12.386,12.509,114535.0
1722600000,2024-08-02T12:00:00+00:00,12.512,12.661,11.793,12.091,507473.75999999995
1722614400,2024-08-02T16:00:00+00:00,12.086,12.095,11.751,11.904,312488.22
1722628800,2024-08-02T20:00:00+00:00,11.898,12.044,11.781,11.908,271618.68
1722643200,2024-08-03T00:00:00+00:00,11.908,11.962,11.592,11.951,241489.03999999998
1722657600,2024-08-03T04:00:00+00:00,11.95,12.079,11.924,12.044,73398.18
1722672000,2024-08-03T08:00:00+00:00,12.039,12.096,11.948,12.03,78578.35
1722686400,2024-08-03T12:00:00+00:00,12.033,12.127,11.779,11.81,171409.01
1722700800,2024-08-03T16:00:00+00:00,11.809,11.838,11.371,11.378,447167.4
1722715200,2024-08-03T20:00:00+00:00,11.385,11.768,11.336,11.679,215005.75
1722729600,2024-08-04T00:00:00+00:00,11.68,11.778,11.575,11.732,113725.29
1722744000,2024-08-04T04:00:00+00:00,11.737,11.775,11.555,11.561,92031.96
1722758400,2024-08-04T08:00:00+00:00,11.568,11.657,11.5,11.569,90874.78
1722772800,2024-08-04T12:00:00+00:00,11.566,11.631,11,11.013,292265.86
1722787200,2024-08-04T16:00:00+00:00,11.015,11.128,10.484,11.073,678425.9299999999
1722801600,2024-08-04T20:00:00+00:00,11.07,11.205,10.779,10.884,342562.1
1722816000,2024-08-05T00:00:00+00:00,10.884,10.973,9.32,9.334,1553194.5499999998
1722830400,2024-08-05T04:00:00+00:00,9.32,9.427,8.082,9.052,1448705.4000000001
1722844800,2024-08-05T08:00:00+00:00,9.054,9.079,8.123,8.473,836835.5
1722859200,2024-08-05T12:00:00+00:00,8.468,9.543,8.111,9.451,2135503.55
1722873600,2024-08-05T16:00:00+00:00,9.45,9.798,9.175,9.315,877444.29
1722888000,2024-08-05T20:00:00+00:00,9.318,9.701,9.318,9.49,407343.04000000004
1722902400,2024-08-06T00:00:00+00:00,9.492,10.182,9.482,9.952,672837.0
1722916800,2024-08-06T04:00:00+00:00,9.946,10.16,9.894,10.119,422968.98
1722931200,2024-08-06T08:00:00+00:00,10.118,10.12,9.82,9.99,278247.33
1722945600,2024-08-06T12:00:00+00:00,9.988,10.417,9.772,10.377,603550.2
1722960000,2024-08-06T16:00:00+00:00,10.377,10.466,10.096,10.116,513772.29000000004
1722974400,2024-08-06T20:00:00+00:00,10.111,10.275,10.016,10.071,413549.96
1722988800,2024-08-07T00:00:00+00:00,10.067,10.418,9.962,10.318,332210.68
1723003200,2024-08-07T04:00:00+00:00,10.319,10.489,10.263,10.349,270811.62000000005
1723017600,2024-08-07T08:00:00+00:00,10.343,10.46,10.132,10.141,234728.66999999998
1723032000,2024-08-07T12:00:00+00:00,10.14,10.228,9.649,9.817,571490.87
1723046400,2024-08-07T16:00:00+00:00,9.814,9.834,9.51,9.603,330659.06
1723060800,2024-08-07T20:00:00+00:00,9.603,9.699,9.423,9.489,349218.24
1723075200,2024-08-08T00:00:00+00:00,9.492,10.055,9.34,9.963,311785.99000000005
1723089600,2024-08-08T04:00:00+00:00,9.969,10.06,9.91,9.92,120772.47000000002
1723104000,2024-08-08T08:00:00+00:00,9.913,10.082,9.897,10.03,91632.75
1723118400,2024-08-08T12:00:00+00:00,10.027,10.31,9.92,10.202,281433.70999999996
1723132800,2024-08-08T16:00:00+00:00,10.204,10.456,10.191,10.326,184672.0
1723147200,2024-08-08T20:00:00+00:00,10.327,10.837,10.307,10.754,452177.77
1723161600,2024-08-09T00:00:00+00:00,10.752,10.752,10.548,10.608,253445.5
1723176000,2024-08-09T04:00:00+00:00,10.602,10.627,10.425,10.562,193059.26
1723190400,2024-08-09T08:00:00+00:00,10.563,10.614,10.373,10.439,115933.81000000001
1723204800,2024-08-09T12:00:00+00:00,10.437,10.527,10.167,10.179,270647.08
1723219200,2024-08-09T16:00:00+00:00,10.179,10.465,10.16,10.44,210275.81
1723233600,2024-08-09T20:00:00+00:00,10.442,10.555,10.365,10.541,191565.12000000002
1723248000,2024-08-10T00:00:00+00:00,10.542,10.674,10.487,10.549,181503.96
1723262400,2024-08-10T04:00:00+00:00,10.552,10.676,10.473,10.638,95150.76999999999
1723276800,2024-08-10T08:00:00+00:00,10.636,10.706,10.571,10.676,98392.32999999999
1723291200,2024-08-10T12:00:00+00:00,10.673,10.689,10.544,10.577,156009.03
1723305600,2024-08-10T16:00:00+00:00,10.576,10.622,10.534,10.587,144812.09
1723320000,2024-08-10T20:00:00+00:00,10.586,10.615,10.516,10.555,79036.98999999999
1723334400,2024-08-11T00:00:00+00:00,10.559,10.747,10.539,10.659,110237.79000000001
1723348800,2024-08-11T04:00:00+00:00,10.678,10.74,10.602,10.737,59365.21
1723363200,2024-08-11T08:00:00+00:00,10.745,10.844,10.546,10.586,114428.15
1723377600,2024-08-11T12:00:00+00:00,10.582,10.602,10.327,10.397,148285.78
1723392000,2024-08-11T16:00:00+00:00,10.401,10.469,10.205,10.211,139433.56
1723406400,2024-08-11T20:00:00+00:00,10.209,10.209,9.948,10.001,204678.62000000002
1723420800,2024-08-12T00:00:00+00:00,10.001,10.119,9.943,10.072,169158.51
1723435200,2024-08-12T04:00:00+00:00,10.077,10.263,9.948,10.234,131113.65
1723449600,2024-08-12T08:00:00+00:00,10.237,10.682,10.207,10.641,198019.25
1723464000,2024-08-12T12:00:00+00:00,10.649,10.754,10.148,10.589,321588.47
1723478400,2024-08-12T16:00:00+00:00,10.595,10.647,10.262,10.376,165234.21
1723492800,2024-08-12T20:00:00+00:00,10.376,10.616,10.326,10.553,126453.35999999999
1723507200,2024-08-13T00:00:00+00:00,10.553,10.591,10.295,10.322,145092.19
1723521600,2024-08-13T04:00:00+00:00,10.316,10.393,10.262,10.266,103266.4
1723536000,2024-08-13T08:00:00+00:00,10.269,10.307,10.097,10.231,87954.65
1723550400,2024-08-13T12:00:00+00:00,10.233,10.479,10.2,10.311,254015.38
1723564800,2024-08-13T16:00:00+00:00,10.303,10.675,10.303,10.596,297263.05999999994
1723579200,2024-08-13T20:00:00+00:00,10.612,10.69,10.543,10.574,144396.11000000002
1723593600,2024-08-14T00:00:00+00:00,10.574,10.66,10.517,10.593,90783.93
1723608000,2024-08-14T04:00:00+00:00,10.593,10.702,10.561,10.625,99361.46999999999
1723622400,2024-08-14T08:00:00+00:00,10.631,10.705,10.533,10.605,115890.83
1723636800,2024-08-14T12:00:00+00:00,10.603,10.747,10.212,10.47,359097.96
1723651200,2024-08-14T16:00:00+00:00,10.471,10.486,10.316,10.376,169987.84
1723665600,2024-08-14T20:00:00+00:00,10.375,10.436,10.279,10.396,164238.67
1723680000,2024-08-15T00:00:00+00:00,10.392,10.475,10.359,10.472,148723.78
1723694400,2024-08-15T04:00:00+00:00,10.468,10.5,10.264,10.341,160165.22999999998
1723708800,2024-08-15T08:00:00+00:00,10.337,10.474,10.316,10.449,108208.21999999999
1723723200,2024-08-15T12:00:00+00:00,10.455,10.693,10.416,10.636,327556.73
1723737600,2024-08-15T16:00:00+00:00,10.639,10.685,10.012,10.076,493800.62
1723752000,2024-08-15T20:00:00+00:00,10.072,10.209,9.98,10.177,256959.75000000003
1723766400,2024-08-16T00:00:00+00:00,10.177,10.306,10.085,10.174,155527.34
1723780800,2024-08-16T04:00:00+00:00,10.176,10.401,10.154,10.323,123650.40000000001
1723795200,2024-08-16T08:00:00+00:00,10.326,10.349,10.165,10.192,153520.16999999998
1723809600,2024-08-16T12:00:00+00:00,10.192,10.274,9.917,10.028,390624.59
1723824000,2024-08-16T16:00:00+00:00,10.024,10.246,9.962,10.212,327911.55
1723838400,2024-08-16T20:00:00+00:00,10.216,10.26,10.123,10.123,162511.94
1723852800,2024-08-17T00:00:00+00:00,10.117,10.164,10.045,10.1,112566.29000000001
1723867200,2024-08-17T04:00:00+00:00,10.095,10.112,10.045,10.087,65501.32
1723881600,2024-08-17T08:00:00+00:00,10.085,10.142,10.03,10.065,75812.16
1723896000,2024-08-17T12:00:00+00:00,10.062,10.177,10.051,10.094,84258.86
1723910400,2024-08-17T16:00:00+00:00,10.1,10.18,10.074,10.132,75399.93000000001
1723924800,2024-08-17T20:00:00+00:00,10.133,10.165,10.091,10.158,93865.1
1723939200,2024-08-18T00:00:00+00:00,10.154,10.224,10.071,10.086,81865.63
1723953600,2024-08-18T04:00:00+00:00,10.083,10.112,10.06,10.079,56651.61
1723968000,2024-08-18T08:00:00+00:00,10.079,10.252,10.068,10.229,83867.27
1723982400,2024-08-18T12:00:00+00:00,10.229,10.446,10.2,10.387,170400.08000000002
1723996800,2024-08-18T16:00:00+00:00,10.393,10.472,10.28,10.358,154723.25
1724011200,2024-08-18T20:00:00+00:00,10.359,10.38,10.075,10.087,127321.49
1724025600,2024-08-19T00:00:00+00:00,10.083,10.201,10.021,10.178,166113.78
1724040000,2024-08-19T04:00:00+00:00,10.17,10.18,10.08,10.108,87096.2
1724054400,2024-08-19T08:00:00+00:00,10.107,10.164,9.951,10.049,169532.81
1724068800,2024-08-19T12:00:00+00:00,10.041,10.129,9.947,10.04,171988.33
1724083200,2024-08-19T16:00:00+00:00,10.035,10.177,9.949,10.095,177522.97000000003
1724097600,2024-08-19T20:00:00+00:00,10.094,10.2,10.073,10.185,129038.95000000001
1724112000,2024-08-20T00:00:00+00:00,10.186,10.427,10.162,10.425,276472.94
1724126400,2024-08-20T04:00:00+00:00,10.429,10.551,10.393,10.512,222888.31999999998
1724140800,2024-08-20T08:00:00+00:00,10.51,10.524,10.382,10.41,112059.73000000001
1724155200,2024-08-20T12:00:00+00:00,10.408,10.472,10.045,10.121,422632.9
1724169600,2024-08-20T16:00:00+00:00,10.105,10.289,10.091,10.261,178766.44
1724184000,2024-08-20T20:00:00+00:00,10.262,10.314,10.192,10.235,197595.55
1724198400,2024-08-21T00:00:00+00:00,10.234,10.405,10.209,10.374,119626.23000000001
1724212800,2024-08-21T04:00:00+00:00,10.373,10.456,10.336,10.419,74392.20000000001
1724227200,2024-08-21T08:00:00+00:00,10.42,10.455,10.269,10.293,154867.3
1724241600,2024-08-21T12:00:00+00:00,10.296,10.457,10.15,10.412,234461.09999999998
1724256000,2024-08-21T16:00:00+00:00,10.413,11.143,10.378,11.125,543893.14
1724270400,2024-08-21T20:00:00+00:00,11.126,11.402,11.084,11.215,583458.4299999999
1724284800,2024-08-22T00:00:00+00:00,11.218,11.399,11.15,11.399,407087.47000000003
1724299200,2024-08-22T04:00:00+00:00,11.396,11.431,11.272,11.342,143685.3
1724313600,2024-08-22T08:00:00+00:00,11.342,11.395,11.265,11.323,106307.64
1724328000,2024-08-22T12:00:00+00:00,11.32,11.563,11.281,11.462,276177.22
1724342400,2024-08-22T16:00:00+00:00,11.46,11.618,11.315,11.321,306550.99
1724356800,2024-08-22T20:00:00+00:00,11.322,11.48,11.318,11.478,136838.82
1724371200,2024-08-23T00:00:00+00:00,11.48,11.602,11.457,11.559,187668.25999999998
1724385600,2024-08-23T04:00:00+00:00,11.555,11.686,11.528,11.644,263558.94
1724400000,2024-08-23T08:00:00+00:00,11.65,11.73,11.507,11.515,185579.8
1724414400,2024-08-23T12:00:00+00:00,11.516,11.813,11.464,11.678,354067.61
1724428800,2024-08-23T16:00:00+00:00,11.675,12.005,11.634,11.96,445921.83999999997
1724443200,2024-08-23T20:00:00+00:00,11.956,12.213,11.948,12.06,407333.02
1724457600,2024-08-24T00:00:00+00:00,12.064,12.106,11.963,11.974,191121.38
1724472000,2024-08-24T04:00:00+00:00,11.975,12.034,11.913,11.972,102672.02
1724486400,2024-08-24T08:00:00+00:00,11.967,12.167,11.943,12.06,96462.0
1724500800,2024-08-24T12:00:00+00:00,12.061,12.249,12.013,12.238,168711.18
1724515200,2024-08-24T16:00:00+00:00,12.232,12.561,12.184,12.422,329121.64
1724529600,2024-08-24T20:00:00+00:00,12.425,12.531,12.185,12.346,291142.77
1724544000,2024-08-25T00:00:00+00:00,12.345,12.39,12.007,12.143,307446.88
1724558400,2024-08-25T04:00:00+00:00,12.143,12.207,11.954,12.057,341927.26
1724572800,2024-08-25T08:00:00+00:00,12.055,12.183,11.997,12.101,124706.37000000001
1724587200,2024-08-25T12:00:00+00:00,12.109,12.319,12.089,12.208,258336.13
1724601600,2024-08-25T16:00:00+00:00,12.208,12.297,12.086,12.127,137085.65
1724616000,2024-08-25T20:00:00+00:00,12.131,12.314,12.09,12.111,183450.86000000002
1724630400,2024-08-26T00:00:00+00:00,12.11,12.193,11.956,12.117,178512.88
1724644800,2024-08-26T04:00:00+00:00,12.124,12.45,12.109,12.377,243491.86
1724659200,2024-08-26T08:00:00+00:00,12.386,12.698,12.279,12.343,391676.73
1724673600,2024-08-26T12:00:00+00:00,12.336,12.439,12.085,12.193,257263.43
1724688000,2024-08-26T16:00:00+00:00,12.19,12.251,11.952,11.993,384512.19
1724702400,2024-08-26T20:00:00+00:00,11.99,12.075,11.838,11.841,247061.24
1724716800,2024-08-27T00:00:00+00:00,11.84,11.96,11.811,11.877,217194.94
1724731200,2024-08-27T04:00:00+00:00,11.877,12.049,11.77,11.838,290206.19
1724745600,2024-08-27T08:00:00+00:00,11.835,11.855,11.608,11.628,294155.92
1724760000,2024-08-27T12:00:00+00:00,11.628,11.692,11.5,11.522,265149.58
1724774400,2024-08-27T16:00:00+00:00,11.519,11.696,11.47,11.623,260456.22
1724788800,2024-08-27T20:00:00+00:00,11.62,11.62,10.905,11.161,574223.02
1724803200,2024-08-28T00:00:00+00:00,11.162,11.202,10.987,11.194,210760.72000000003
1724817600,2024-08-28T04:00:00+00:00,11.194,11.215,10.972,10.985,153996.52
1724832000,2024-08-28T08:00:00+00:00,10.984,11.549,10.94,11.505,210039.09999999998
1724846400,2024-08-28T12:00:00+00:00,11.505,11.708,11.209,11.304,286746.8
1724860800,2024-08-28T16:00:00+00:00,11.303,11.487,11.036,11.219,281280.87
1724875200,2024-08-28T20:00:00+00:00,11.221,11.429,11.108,11.172,179751.87
1724889600,2024-08-29T00:00:00+00:00,11.177,11.242,11.125,11.219,96131.25
1724904000,2024-08-29T04:00:00+00:00,11.216,11.312,11.152,11.235,95127.91
1724918400,2024-08-29T08:00:00+00:00,11.234,11.329,11.161,11.255,127622.98
1724932800,2024-08-29T12:00:00+00:00,11.254,11.469,11.235,11.341,225336.56
1724947200,2024-08-29T16:00:00+00:00,11.342,11.378,10.85,10.955,345711.88
1724961600,2024-08-29T20:00:00+00:00,10.954,11.01,10.814,10.946,154032.80000000002
1724976000,2024-08-30T00:00:00+00:00,10.942,11.028,10.899,11.012,126527.06
1724990400,2024-08-30T04:00:00+00:00,11.013,11.139,10.958,11.104,95646.12
1725004800,2024-08-30T08:00:00+00:00,11.107,11.198,11.022,11.037,86505.20999999999
1725019200,2024-08-30T12:00:00+00:00,11.034,11.174,10.51,10.543,335610.92
1725033600,2024-08-30T16:00:00+00:00,10.543,11.098,10.5,10.994,253295.73000000004
1725048000,2024-08-30T20:00:00+00:00,10.995,11.135,10.959,11.107,125098.82
1725062400,2024-08-31T00:00:00+00:00,11.114,11.174,11.073,11.118,57305.69
1725076800,2024-08-31T04:00:00+00:00,11.116,11.174,11.096,11.12,50636.11
1725091200,2024-08-31T08:00:00+00:00,11.122,11.195,11.033,11.143,106701.94
1725105600,2024-08-31T12:00:00+00:00,11.141,11.207,11.029,11.088,87264.98
1725120000,2024-08-31T16:00:00+00:00,11.089,11.108,10.929,11.021,118466.70999999999
1725134400,2024-08-31T20:00:00+00:00,11.02,11.103,10.992,11.01,60662.340000000004
1725148800,2024-09-01T00:00:00+00:00,11.011,11.018,10.835,10.94,82475.16
1725163200,2024-09-01T04:00:00+00:00,10.942,10.968,10.781,10.879,77800.27
1725177600,2024-09-01T08:00:00+00:00,10.876,10.895,10.702,10.799,109853.72
1725192000,2024-09-01T12:00:00+00:00,10.8,10.801,10.528,10.7,164789.79
1725206400,2024-09-01T16:00:00+00:00,10.695,10.766,10.52,10.7,144355.37
1725220800,2024-09-01T20:00:00+00:00,10.7,10.773,10.233,10.368,223549.65999999997
1725235200,2024-09-02T00:00:00+00:00,10.365,10.507,10.319,10.476,117710.03
1725249600,2024-09-02T04:00:00+00:00,10.475,10.522,10.335,10.372,105088.73
1725264000,2024-09-02T08:00:00+00:00,10.383,10.791,10.373,10.742,150556.45
1725278400,2024-09-02T12:00:00+00:00,10.743,10.79,10.591,10.651,117829.69
1725292800,2024-09-02T16:00:00+00:00,10.651,10.713,10.559,10.664,102487.01
1725307200,2024-09-02T20:00:00+00:00,10.666,10.834,10.638,10.761,204524.69999999998
1725321600,2024-09-03T00:00:00+00:00,10.761,10.88,10.691,10.698,122651.92000000001
1725336000,2024-09-03T04:00:00+00:00,10.697,10.729,10.614,10.697,82783.0
1725350400,2024-09-03T08:00:00+00:00,10.696,10.7,10.541,10.661,66082.55
1725364800,2024-09-03T12:00:00+00:00,10.655,10.74,10.269,10.289,260334.80000000002
1725379200,2024-09-03T16:00:00+00:00,10.291,10.508,10.209,10.487,221413.76
1725393600,2024-09-03T20:00:00+00:00,10.487,10.512,10.29,10.31,166682.63999999998
1725408000,2024-09-04T00:00:00+00:00,10.31,10.388,9.822,10.246,358493.2
1725422400,2024-09-04T04:00:00+00:00,10.247,10.405,10.169,10.259,153042.77
1725436800,2024-09-04T08:00:00+00:00,10.264,10.293,10.087,10.117,145496.5
1725451200,2024-09-04T12:00:00+00:00,10.118,10.403,10.054,10.395,330400.36000000004
1725465600,2024-09-04T16:00:00+00:00,10.391,10.498,10.271,10.325,333030.2
1725480000,2024-09-04T20:00:00+00:00,10.323,10.433,10.282,10.332,108921.57999999999
1725494400,2024-09-05T00:00:00+00:00,10.332,10.394,10.149,10.163,155406.88
1725508800,2024-09-05T04:00:00+00:00,10.164,10.304,10.12,10.274,97981.73
1725523200,2024-09-05T08:00:00+00:00,10.271,10.284,10.146,10.172,72915.40000000001
1725537600,2024-09-05T12:00:00+00:00,10.172,10.245,9.942,10.003,253200.76
1725552000,2024-09-05T16:00:00+00:00,9.991,10.106,9.909,9.955,144831.86
1725566400,2024-09-05T20:00:00+00:00,9.952,10.036,9.939,10.025,118253.57
1725580800,2024-09-06T00:00:00+00:00,10.023,10.177,9.947,10.099,192508.93
1725595200,2024-09-06T04:00:00+00:00,10.099,10.115,9.807,9.915,132774.8
1725609600,2024-09-06T08:00:00+00:00,9.913,9.982,9.885,9.903,111749.65
1725624000,2024-09-06T12:00:00+00:00,9.903,10.092,9.565,9.681,552290.62
1725638400,2024-09-06T16:00:00+00:00,9.68,9.683,9.448,9.507,443383.45
1725652800,2024-09-06T20:00:00+00:00,9.506,9.59,9.28,9.576,421378.69999999995
1725667200,2024-09-07T00:00:00+00:00,9.574,9.687,9.556,9.653,124873.27000000002
1725681600,2024-09-07T04:00:00+00:00,9.658,10.059,9.651,9.942,292493.95
1725696000,2024-09-07T08:00:00+00:00,9.94,10.017,9.869,9.99,134390.63
1725710400,2024-09-07T12:00:00+00:00,9.993,10.157,9.992,10.128,223531.05
1725724800,2024-09-07T16:00:00+00:00,10.127,10.135,9.99,10.053,204620.83000000002
1725739200,2024-09-07T20:00:00+00:00,10.055,10.058,9.931,10.027,157774.3
1725753600,2024-09-08T00:00:00+00:00,10.027,10.145,9.965,10.143,122011.38
1725768000,2024-09-08T04:00:00+00:00,10.145,10.311,10.144,10.281,171604.01
1725782400,2024-09-08T08:00:00+00:00,10.285,10.374,10.246,10.276,163959.62
1725796800,2024-09-08T12:00:00+00:00,10.277,10.303,10.163,10.171,158718.01
1725811200,2024-09-08T16:00:00+00:00,10.169,10.292,10.121,10.224,86731.08
1725825600,2024-09-08T20:00:00+00:00,10.224,10.452,10.204,10.351,173446.40000000002
1725840000,2024-09-09T00:00:00+00:00,10.351,10.45,10.271,10.355,181832.59999999998
1725854400,2024-09-09T04:00:00+00:00,10.356,10.689,10.28,10.618,246414.88
1725868800,2024-09-09T08:00:00+00:00,10.622,10.824,10.492,10.519,389362.43000000005
1725883200,2024-09-09T12:00:00+00:00,10.519,10.528,10.296,10.388,300823.33999999997
1725897600,2024-09-09T16:00:00+00:00,10.389,10.626,10.384,10.622,466446.45
1725912000,2024-09-09T20:00:00+00:00,10.621,10.743,10.524,10.539,227157.08000000002
1725926400,2024-09-10T00:00:00+00:00,10.539,10.545,10.347,10.355,105715.45
1725940800,2024-09-10T04:00:00+00:00,10.358,10.557,10.329,10.525,141290.66
1725955200,2024-09-10T08:00:00+00:00,10.524,10.573,10.422,10.538,103796.51
1725969600,2024-09-10T12:00:00+00:00,10.538,10.583,10.406,10.461,191597.77000000002
1725984000,2024-09-10T16:00:00+00:00,10.461,10.742,10.448,10.651,248017.34000000003
1725998400,2024-09-10T20:00:00+00:00,10.662,10.675,10.561,10.59,130592.29
1726012800,2024-09-11T00:00:00+00:00,10.59,10.598,10.354,10.438,162926.91999999998
1726027200,2024-09-11T04:00:00+00:00,10.436,10.484,10.304,10.479,108858.73
1726041600,2024-09-11T08:00:00+00:00,10.48,10.494,10.296,10.356,142881.4
1726056000,2024-09-11T12:00:00+00:00,10.355,10.5,10.172,10.345,405254.38
1726070400,2024-09-11T16:00:00+00:00,10.344,10.496,10.329,10.443,261521.56999999998
1726084800,2024-09-11T20:00:00+00:00,10.449,10.462,10.386,10.396,177526.5
1726099200,2024-09-12T00:00:00+00:00,10.397,10.611,10.39,10.527,212119.11000000002
1726113600,2024-09-12T04:00:00+00:00,10.526,10.614,10.506,10.573,133379.50999999998
1726128000,2024-09-12T08:00:00+00:00,10.57,10.661,10.557,10.638,99705.82
1726142400,2024-09-12T12:00:00+00:00,10.64,10.704,10.527,10.538,250779.29
1726156800,2024-09-12T16:00:00+00:00,10.538,10.77,10.538,10.736,192227.43
1726171200,2024-09-12T20:00:00+00:00,10.736,10.804,10.66,10.785,186554.22999999998
1726185600,2024-09-13T00:00:00+00:00,10.786,10.866,10.733,10.733,162551.25
1726200000,2024-09-13T04:00:00+00:00,10.735,10.763,10.64,10.699,135805.72999999998
1726214400,2024-09-13T08:00:00+00:00,10.701,11.007,10.686,10.929,263959.96
1726228800,2024-09-13T12:00:00+00:00,10.928,11.351,10.928,11.303,648534.05
1726243200,2024-09-13T16:00:00+00:00,11.302,11.4,11.252,11.361,342931.5
1726257600,2024-09-13T20:00:00+00:00,11.362,11.566,11.346,11.45,313961.51
1726272000,2024-09-14T00:00:00+00:00,11.458,11.484,11.397,11.41,103356.90000000001
1726286400,2024-09-14T04:00:00+00:00,11.409,11.414,11.325,11.4,92295.48999999999
1726300800,2024-09-14T08:00:00+00:00,11.396,11.437,11.227,11.27,170850.26
1726315200,2024-09-14T12:00:00+00:00,11.263,11.381,11.253,11.379,71238.62
1726329600,2024-09-14T16:00:00+00:00,11.377,11.421,11.218,11.295,142172.83
1726344000,2024-09-14T20:00:00+00:00,11.296,11.352,11.265,11.302,81966.19
1726358400,2024-09-15T00:00:00+00:00,11.302,11.366,11.282,11.321,91029.07999999999
1726372800,2024-09-15T04:00:00+00:00,11.319,11.342,11.257,11.268,102396.60999999999
1726387200,2024-09-15T08:00:00+00:00,11.269,11.269,11.148,11.168,124571.68000000001
1726401600,2024-09-15T12:00:00+00:00,11.163,11.278,11.133,11.231,105740.25
1726416000,2024-09-15T16:00:00+00:00,11.226,11.229,11.073,11.092,151069.27
1726430400,2024-09-15T20:00:00+00:00,11.089,11.102,10.8,10.811,272857.8
1726444800,2024-09-16T00:00:00+00:00,10.812,10.814,10.486,10.656,352698.39
1726459200,2024-09-16T04:00:00+00:00,10.653,10.74,10.594,10.723,127995.41
1726473600,2024-09-16T08:00:00+00:00,10.723,10.829,10.59,10.676,175584.06999999998
1726488000,2024-09-16T12:00:00+00:00,10.673,10.687,10.45,10.553,267032.57999999996
1726502400,2024-09-16T16:00:00+00:00,10.551,10.571,10.412,10.533,241291.74000000002
1726516800,2024-09-16T20:00:00+00:00,10.531,10.587,10.431,10.544,129677.15999999999
1726531200,2024-09-17T00:00:00+00:00,10.535,10.576,10.434,10.511,144962.31
1726545600,2024-09-17T04:00:00+00:00,10.517,10.651,10.514,10.61,137138.95
1726560000,2024-09-17T08:00:00+00:00,10.608,10.694,10.58,10.597,134077.54
1726574400,2024-09-17T12:00:00+00:00,10.597,10.918,10.516,10.854,527868.4
1726588800,2024-09-17T16:00:00+00:00,10.854,10.876,10.587,10.671,337438.16000000003
1726603200,2024-09-17T20:00:00+00:00,10.672,10.735,10.567,10.627,147000.39
1726617600,2024-09-18T00:00:00+00:00,10.624,10.68,10.513,10.647,141396.19
1726632000,2024-09-18T04:00:00+00:00,10.646,10.659,10.546,10.593,107956.77
1726646400,2024-09-18T08:00:00+00:00,10.595,10.601,10.338,10.446,200495.31
1726660800,2024-09-18T12:00:00+00:00,10.444,10.509,10.289,10.325,223118.66
1726675200,2024-09-18T16:00:00+00:00,10.323,10.739,10.295,10.568,468439.21
1726689600,2024-09-18T20:00:00+00:00,10.564,10.894,10.441,10.891,327989.49
1726704000,2024-09-19T00:00:00+00:00,10.894,11.141,10.894,11.008,537577.9400000001
1726718400,2024-09-19T04:00:00+00:00,11.009,11.158,10.966,11.158,183861.0
1726732800,2024-09-19T08:00:00+00:00,11.158,11.276,11.113,11.265,227465.82
1726747200,2024-09-19T12:00:00+00:00,11.272,11.343,11.175,11.222,373359.28
1726761600,2024-09-19T16:00:00+00:00,11.222,11.397,11.215,11.227,316898.32
1726776000,2024-09-19T20:00:00+00:00,11.228,11.268,11.173,11.202,202520.32
1726790400,2024-09-20T00:00:00+00:00,11.204,11.431,11.124,11.43,193992.12
1726804800,2024-09-20T04:00:00+00:00,11.429,11.723,11.42,11.698,362519.99
1726819200,2024-09-20T08:00:00+00:00,11.7,11.737,11.559,11.608,215118.42
1726833600,2024-09-20T12:00:00+00:00,11.606,11.693,11.443,11.531,383202.18
1726848000,2024-09-20T16:00:00+00:00,11.529,11.551,11.365,11.434,225077.54
1726862400,2024-09-20T20:00:00+00:00,11.432,11.498,11.396,11.439,135223.7
1726876800,2024-09-21T00:00:00+00:00,11.44,11.492,11.269,11.278,161717.58
1726891200,2024-09-21T04:00:00+00:00,11.28,11.367,11.213,11.36,103546.35999999999
1726905600,2024-09-21T08:00:00+00:00,11.358,11.387,11.306,11.345,71493.53
1726920000,2024-09-21T12:00:00+00:00,11.345,11.484,11.329,11.39,154407.93999999997
1726934400,2024-09-21T16:00:00+00:00,11.39,11.438,11.325,11.358,109520.6
1726948800,2024-09-21T20:00:00+00:00,11.358,11.546,11.328,11.49,129640.36
1726963200,2024-09-22T00:00:00+00:00,11.493,11.549,11.316,11.373,158897.87000000002
1726977600,2024-09-22T04:00:00+00:00,11.378,11.426,11.278,11.304,129468.43000000001
1726992000,2024-09-22T08:00:00+00:00,11.308,11.33,11.155,11.226,118300.20000000001
1727006400,2024-09-22T12:00:00+00:00,11.226,11.257,11.026,11.039,124844.98999999999
1727020800,2024-09-22T16:00:00+00:00,11.036,11.162,10.952,11.061,172175.72
1727035200,2024-09-22T20:00:00+00:00,11.064,11.208,10.853,11.13,247086.04
1727049600,2024-09-23T00:00:00+00:00,11.132,11.488,10.915,11.426,256456.25
1727064000,2024-09-23T04:00:00+00:00,11.428,11.476,11.28,11.314,174187.13
1727078400,2024-09-23T08:00:00+00:00,11.312,11.474,11.282,11.437,188372.5
1727092800,2024-09-23T12:00:00+00:00,11.428,11.59,11.331,11.507,367460.19
1727107200,2024-09-23T16:00:00+00:00,11.505,11.612,11.378,11.43,214390.94
1727121600,2024-09-23T20:00:00+00:00,11.431,11.474,11.358,11.389,179365.88
1727136000,2024-09-24T00:00:00+00:00,11.393,11.425,11.192,11.295,267164.86
1727150400,2024-09-24T04:00:00+00:00,11.297,11.486,11.212,11.469,162340.13
1727164800,2024-09-24T08:00:00+00:00,11.468,11.547,11.433,11.502,171869.81
1727179200,2024-09-24T12:00:00+00:00,11.505,11.626,11.326,11.509,390207.35
1727193600,2024-09-24T16:00:00+00:00,11.515,11.866,11.472,11.856,409219.88999999996
1727208000,2024-09-24T20:00:00+00:00,11.846,12.226,11.821,12.148,629914.51
1727222400,2024-09-25T00:00:00+00:00,12.149,12.288,12.1,12.288,308320.19000000006
1727236800,2024-09-25T04:00:00+00:00,12.279,12.29,12.073,12.189,192031.58
1727251200,2024-09-25T08:00:00+00:00,12.185,12.372,12.185,12.314,183647.78000000003
1727265600,2024-09-25T12:00:00+00:00,12.313,12.496,12.265,12.362,297639.45999999996
1727280000,2024-09-25T16:00:00+00:00,12.367,12.557,12.125,12.131,451472.98
1727294400,2024-09-25T20:00:00+00:00,12.134,12.251,12.061,12.102,201989.6
1727308800,2024-09-26T00:00:00+00:00,12.106,12.145,11.872,12.067,346271.63
1727323200,2024-09-26T04:00:00+00:00,12.068,12.274,11.997,12.252,185145.75
1727337600,2024-09-26T08:00:00+00:00,12.252,12.348,12.13,12.298,199153.18
1727352000,2024-09-26T12:00:00+00:00,12.299,12.65,12.205,12.596,632802.5700000001
1727366400,2024-09-26T16:00:00+00:00,12.6,12.749,12.516,12.624,418996.91000000003
1727380800,2024-09-26T20:00:00+00:00,12.622,12.665,12.433,12.558,225106.28
1727395200,2024-09-27T00:00:00+00:00,12.558,12.642,12.45,12.627,228067.66999999998
1727409600,2024-09-27T04:00:00+00:00,12.625,12.849,12.623,12.747,376667.25000000006
1727424000,2024-09-27T08:00:00+00:00,12.746,12.847,12.582,12.725,160841.21
1727438400,2024-09-27T12:00:00+00:00,12.731,12.827,12.623,12.723,263680.52999999997
1727452800,2024-09-27T16:00:00+00:00,12.717,12.882,12.631,12.686,216960.53999999998
1727467200,2024-09-27T20:00:00+00:00,12.684,12.756,12.605,12.669,131139.37
1727481600,2024-09-28T00:00:00+00:00,12.67,12.87,12.655,12.757,166465.66
1727496000,2024-09-28T04:00:00+00:00,12.755,12.804,12.567,12.574,147552.13999999998
1727510400,2024-09-28T08:00:00+00:00,12.572,12.706,12.368,12.688,137555.24
1727524800,2024-09-28T12:00:00+00:00,12.7,12.939,12.584,12.833,222514.74000000002
1727539200,2024-09-28T16:00:00+00:00,12.835,12.969,12.736,12.919,123000.0
1727553600,2024-09-28T20:00:00+00:00,12.923,12.974,12.726,12.944,155158.95
1727568000,2024-09-29T00:00:00+00:00,12.948,12.974,12.681,12.744,154550.71
1727582400,2024-09-29T04:00:00+00:00,12.746,12.76,12.522,12.535,138813.81
1727596800,2024-09-29T08:00:00+00:00,12.534,12.642,12.496,12.609,100747.05000000002
1727611200,2024-09-29T12:00:00+00:00,12.609,12.629,12.476,12.596,146817.96
1727625600,2024-09-29T16:00:00+00:00,12.594,12.688,12.508,12.665,126913.68000000001
1727640000,2024-09-29T20:00:00+00:00,12.671,12.726,12.437,12.467,155982.84
1727654400,2024-09-30T00:00:00+00:00,12.467,12.474,12.133,12.265,375050.97
1727668800,2024-09-30T04:00:00+00:00,12.265,12.341,12.186,12.274,186179.90000000002
1727683200,2024-09-30T08:00:00+00:00,12.272,12.281,11.99,12.08,207881.12
1727697600,2024-09-30T12:00:00+00:00,12.074,12.19,11.92,11.926,221535.82
1727712000,2024-09-30T16:00:00+00:00,11.926,12.007,11.895,11.97,237969.85
1727726400,2024-09-30T20:00:00+00:00,11.97,12.046,11.757,11.847,269155.24
1727740800,2024-10-01T00:00:00+00:00,11.847,12.124,11.785,12.097,252615.27
1727755200,2024-10-01T04:00:00+00:00,12.101,12.249,12.083,12.216,177536.21
1727769600,2024-10-01T08:00:00+00:00,12.211,12.238,12.128,12.154,81122.63
1727784000,2024-10-01T12:00:00+00:00,12.153,12.172,11.169,11.433,564038.5
1727798400,2024-10-01T16:00:00+00:00,11.425,11.471,10.873,11.044,919251.48
1727812800,2024-10-01T20:00:00+00:00,11.046,11.1,10.894,11.015,440872.11
1727827200,2024-10-02T00:00:00+00:00,11.01,11.242,10.965,11.213,234882.65999999997
1727841600,2024-10-02T04:00:00+00:00,11.211,11.305,11.127,11.242,149272.90000000002
1727856000,2024-10-02T08:00:00+00:00,11.235,11.261,10.99,11.06,196719.22
1727870400,2024-10-02T12:00:00+00:00,11.064,11.081,10.782,10.933,413695.98
1727884800,2024-10-02T16:00:00+00:00,10.924,11.05,10.45,10.599,462565.41
1727899200,2024-10-02T20:00:00+00:00,10.602,10.681,10.453,10.653,286334.1
1727913600,2024-10-03T00:00:00+00:00,10.649,10.842,10.591,10.841,408910.31
1727928000,2024-10-03T04:00:00+00:00,10.842,10.863,10.613,10.632,149124.96
1727942400,2024-10-03T08:00:00+00:00,10.631,10.679,10.342,10.532,224785.22000000003
1727956800,2024-10-03T12:00:00+00:00,10.531,10.64,10.344,10.534,319536.05000000005
1727971200,2024-10-03T16:00:00+00:00,10.532,10.654,10.38,10.653,252651.38
1727985600,2024-10-03T20:00:00+00:00,10.652,10.69,10.544,10.657,193499.62
1728000000,2024-10-04T00:00:00+00:00,10.658,10.798,10.594,10.741,189785.94
1728014400,2024-10-04T04:00:00+00:00,10.742,10.987,10.738,10.968,174049.27000000002
1728028800,2024-10-04T08:00:00+00:00,10.97,11.064,10.924,10.981,167371.4
1728043200,2024-10-04T12:00:00+00:00,10.981,11.162,10.886,11.162,386026.38
1728057600,2024-10-04T16:00:00+00:00,11.164,11.245,11.069,11.137,252022.66000000003
1728072000,2024-10-04T20:00:00+00:00,11.138,11.143,11.037,11.074,135852.5
1728086400,2024-10-05T00:00:00+00:00,11.077,11.153,10.985,11.043,174325.15999999997
1728100800,2024-10-05T04:00:00+00:00,11.044,11.243,11.035,11.215,118784.27
1728115200,2024-10-05T08:00:00+00:00,11.22,11.379,11.22,11.307,177465.05
1728129600,2024-10-05T12:00:00+00:00,11.311,11.373,11.241,11.353,161019.69
1728144000,2024-10-05T16:00:00+00:00,11.353,11.362,11.152,11.154,171484.36
1728158400,2024-10-05T20:00:00+00:00,11.152,11.276,11.078,11.262,135698.93
1728172800,2024-10-06T00:00:00+00:00,11.266,11.315,11.187,11.261,129783.49
1728187200,2024-10-06T04:00:00+00:00,11.261,11.395,11.232,11.325,153682.92
1728201600,2024-10-06T08:00:00+00:00,11.328,11.346,11.221,11.254,85453.57
1728216000,2024-10-06T12:00:00+00:00,11.26,11.377,11.192,11.298,173466.35
1728230400,2024-10-06T16:00:00+00:00,11.299,11.36,11.193,11.206,151789.88
1728244800,2024-10-06T20:00:00+00:00,11.202,11.312,11.16,11.276,291318.31999999995
1728259200,2024-10-07T00:00:00+00:00,11.275,11.606,11.217,11.599,442149.99
1728273600,2024-10-07T04:00:00+00:00,11.602,11.665,11.528,11.543,168791.43000000002
1728288000,2024-10-07T08:00:00+00:00,11.546,11.599,11.251,11.43,391591.82
1728302400,2024-10-07T12:00:00+00:00,11.43,11.745,11.334,11.524,375900.06
1728316800,2024-10-07T16:00:00+00:00,11.521,11.597,11.212,11.343,408463.13
1728331200,2024-10-07T20:00:00+00:00,11.356,11.377,11.131,11.157,265343.33999999997
1728345600,2024-10-08T00:00:00+00:00,11.158,11.287,11.147,11.211,108950.73000000001
1728360000,2024-10-08T04:00:00+00:00,11.215,11.248,10.966,11.023,291052.46
1728374400,2024-10-08T08:00:00+00:00,11.022,11.173,10.982,11.168,165384.05
1728388800,2024-10-08T12:00:00+00:00,11.174,11.188,10.86,10.927,363573.94999999995
1728403200,2024-10-08T16:00:00+00:00,10.929,11.04,10.815,10.887,273200.85000000003
1728417600,2024-10-08T20:00:00+00:00,10.89,10.97,10.783,10.826,180833.3
1728432000,2024-10-09T00:00:00+00:00,10.824,10.961,10.752,10.86,187098.54
1728446400,2024-10-09T04:00:00+00:00,10.857,10.91,10.754,10.776,160634.07
1728460800,2024-10-09T08:00:00+00:00,10.775,10.799,10.655,10.66,170553.61000000002
1728475200,2024-10-09T12:00:00+00:00,10.662,10.737,10.54,10.702,293294.26
1728489600,2024-10-09T16:00:00+00:00,10.7,10.716,10.54,10.597,182268.76
1728504000,2024-10-09T20:00:00+00:00,10.592,10.592,10.404,10.527,244492.56999999998
1728518400,2024-10-10T00:00:00+00:00,10.529,10.636,10.492,10.62,119343.59
1728532800,2024-10-10T04:00:00+00:00,10.617,10.73,10.616,10.618,196887.69999999998
1728547200,2024-10-10T08:00:00+00:00,10.618,10.659,10.495,10.644,155686.7
1728561600,2024-10-10T12:00:00+00:00,10.646,10.659,10.386,10.622,277207.56
1728576000,2024-10-10T16:00:00+00:00,10.613,10.661,10.24,10.45,356041.17000000004
1728590400,2024-10-10T20:00:00+00:00,10.449,10.554,10.405,10.55,165947.48
1728604800,2024-10-11T00:00:00+00:00,10.55,10.644,10.494,10.614,166664.8
1728619200,2024-10-11T04:00:00+00:00,10.617,10.681,10.585,10.652,117893.35999999999
1728633600,2024-10-11T08:00:00+00:00,10.649,10.735,10.644,10.68,128948.09
1728648000,2024-10-11T12:00:00+00:00,10.679,10.885,10.615,10.857,504895.87000000005
1728662400,2024-10-11T16:00:00+00:00,10.857,10.995,10.837,10.955,354678.66000000003
1728676800,2024-10-11T20:00:00+00:00,10.954,11.023,10.881,10.901,228392.65000000002
1728691200,2024-10-12T00:00:00+00:00,10.9,11.015,10.834,10.871,141201.27
1728705600,2024-10-12T04:00:00+00:00,10.873,10.979,10.873,10.975,98320.66
1728720000,2024-10-12T08:00:00+00:00,10.973,11.124,10.964,11.058,147309.75999999998
1728734400,2024-10-12T12:00:00+00:00,11.065,11.142,11.025,11.08,156556.73
1728748800,2024-10-12T16:00:00+00:00,11.081,11.143,10.99,11.018,159884.99
1728763200,2024-10-12T20:00:00+00:00,11.019,11.093,10.992,10.998,123312.04000000001
1728777600,2024-10-13T00:00:00+00:00,10.999,11.038,10.931,10.935,136553.2
1728792000,2024-10-13T04:00:00+00:00,10.936,11.072,10.933,10.971,85626.87
1728806400,2024-10-13T08:00:00+00:00,10.968,11.036,10.875,10.887,106742.15
1728820800,2024-10-13T12:00:00+00:00,10.889,10.955,10.632,10.677,178967.75
1728835200,2024-10-13T16:00:00+00:00,10.675,10.768,10.622,10.707,186389.88
1728849600,2024-10-13T20:00:00+00:00,10.709,10.831,10.68,10.751,220753.24000000002
1728864000,2024-10-14T00:00:00+00:00,10.75,11.035,10.599,11.004,418090.2
1728878400,2024-10-14T04:00:00+00:00,11.006,11.039,10.845,11.015,402966.8
1728892800,2024-10-14T08:00:00+00:00,11.015,11.049,10.888,11.003,226257.39
1728907200,2024-10-14T12:00:00+00:00,11.003,11.274,10.96,11.245,443607.89
1728921600,2024-10-14T16:00:00+00:00,11.252,11.324,11.168,11.222,317420.2
1728936000,2024-10-14T20:00:00+00:00,11.223,11.339,11.188,11.283,287197.5
1728950400,2024-10-15T00:00:00+00:00,11.28,11.524,11.251,11.452,452455.71
1728964800,2024-10-15T04:00:00+00:00,11.453,11.574,11.351,11.487,264270.69
1728979200,2024-10-15T08:00:00+00:00,11.486,11.592,11.333,11.367,447315.99
1728993600,2024-10-15T12:00:00+00:00,11.369,11.687,10.932,11.137,780100.4199999999
1729008000,2024-10-15T16:00:00+00:00,11.139,11.425,11.113,11.296,460541.57999999996
1729022400,2024-10-15T20:00:00+00:00,11.294,11.458,11.116,11.455,174274.99
1729036800,2024-10-16T00:00:00+00:00,11.458,11.47,11.253,11.293,187768.34
1729051200,2024-10-16T04:00:00+00:00,11.291,11.345,11.149,11.179,152409.39
1729065600,2024-10-16T08:00:00+00:00,11.176,11.527,11.164,11.447,320394.53
1729080000,2024-10-16T12:00:00+00:00,11.448,11.522,11.102,11.156,435762.22000000003
1729094400,2024-10-16T16:00:00+00:00,11.159,11.237,11.064,11.147,352392.63
1729108800,2024-10-16T20:00:00+00:00,11.146,11.36,11.139,11.243,145532.94
1729123200,2024-10-17T00:00:00+00:00,11.244,11.343,11.178,11.332,133932.01
1729137600,2024-10-17T04:00:00+00:00,11.328,11.347,11.081,11.154,117083.2
1729152000,2024-10-17T08:00:00+00:00,11.153,11.172,10.921,10.941,201705.50999999998
1729166400,2024-10-17T12:00:00+00:00,10.937,11.135,10.911,11.103,237969.10000000003
1729180800,2024-10-17T16:00:00+00:00,11.106,11.109,10.835,10.999,382813.95
1729195200,2024-10-17T20:00:00+00:00,10.998,11.072,10.995,11.025,125083.05
1729209600,2024-10-18T00:00:00+00:00,11.026,11.275,10.974,11.159,184549.64
1729224000,2024-10-18T04:00:00+00:00,11.162,11.423,11.147,11.416,129861.26
1729238400,2024-10-18T08:00:00+00:00,11.418,11.487,11.347,11.361,141757.03
1729252800,2024-10-18T12:00:00+00:00,11.369,11.484,11.31,11.453,308246.87
1729267200,2024-10-18T16:00:00+00:00,11.453,11.506,11.336,11.42,251834.76
1729281600,2024-10-18T20:00:00+00:00,11.421,11.489,11.371,11.478,153125.36
1729296000,2024-10-19T00:00:00+00:00,11.479,11.597,11.472,11.484,173894.22
1729310400,2024-10-19T04:00:00+00:00,11.483,11.507,11.378,11.386,92918.12000000001
1729324800,2024-10-19T08:00:00+00:00,11.388,11.402,11.293,11.3,74858.29
1729339200,2024-10-19T12:00:00+00:00,11.3,11.411,11.3,11.381,72021.63
1729353600,2024-10-19T16:00:00+00:00,11.381,11.411,11.3,11.354,67613.75
1729368000,2024-10-19T20:00:00+00:00,11.356,11.452,11.339,11.417,103886.16
1729382400,2024-10-20T00:00:00+00:00,11.418,11.452,11.274,11.331,85265.64
1729396800,2024-10-20T04:00:00+00:00,11.329,11.398,11.288,11.372,62497.100000000006
1729411200,2024-10-20T08:00:00+00:00,11.374,11.684,11.373,11.671,111434.11
1729425600,2024-10-20T12:00:00+00:00,11.677,11.918,11.591,11.883,272691.7
1729440000,2024-10-20T16:00:00+00:00,11.883,12.005,11.816,11.822,208737.62
1729454400,2024-10-20T20:00:00+00:00,11.823,12.034,11.804,11.968,156349.57
1729468800,2024-10-21T00:00:00+00:00,11.97,12.026,11.777,11.878,164966.35
1729483200,2024-10-21T04:00:00+00:00,11.88,12.013,11.836,11.902,104826.95
1729497600,2024-10-21T08:00:00+00:00,11.903,11.964,11.717,11.728,129386.79000000001
1729512000,2024-10-21T12:00:00+00:00,11.739,11.751,11.531,11.661,262562.85000000003
1729526400,2024-10-21T16:00:00+00:00,11.664,11.795,11.561,11.773,197789.62000000002
1729540800,2024-10-21T20:00:00+00:00,11.774,11.825,11.687,11.7,86494.62
1729555200,2024-10-22T00:00:00+00:00,11.7,11.913,11.588,11.873,212920.93
1729569600,2024-10-22T04:00:00+00:00,11.873,12.188,11.827,12.104,181248.93
1729584000,2024-10-22T08:00:00+00:00,12.099,12.268,11.863,12.169,357989.00999999995
1729598400,2024-10-22T12:00:00+00:00,12.17,12.33,12.03,12.132,444682.65
1729612800,2024-10-22T16:00:00+00:00,12.129,12.135,11.92,11.997,352574.32
1729627200,2024-10-22T20:00:00+00:00,11.996,12.117,11.93,11.967,174344.59
1729641600,2024-10-23T00:00:00+00:00,11.969,11.995,11.716,11.772,160760.35
1729656000,2024-10-23T04:00:00+00:00,11.773,11.808,11.594,11.6,108898.29
1729670400,2024-10-23T08:00:00+00:00,11.598,11.644,11.358,11.377,130682.35
1729684800,2024-10-23T12:00:00+00:00,11.378,11.454,11.234,11.311,209912.33000000002
1729699200,2024-10-23T16:00:00+00:00,11.313,11.322,11.001,11.219,336956.02999999997
1729713600,2024-10-23T20:00:00+00:00,11.221,11.34,11.184,11.314,137186.62
1729728000,2024-10-24T00:00:00+00:00,11.316,11.523,11.269,11.368,176349.41999999998
1729742400,2024-10-24T04:00:00+00:00,11.365,11.472,11.262,11.277,133176.83
1729756800,2024-10-24T08:00:00+00:00,11.278,11.402,11.212,11.382,147196.66
1729771200,2024-10-24T12:00:00+00:00,11.383,11.503,11.371,11.423,286178.71
1729785600,2024-10-24T16:00:00+00:00,11.427,11.516,11.352,11.512,141397.72
1729800000,2024-10-24T20:00:00+00:00,11.51,11.633,11.479,11.605,130140.40000000001
1729814400,2024-10-25T00:00:00+00:00,11.61,12.085,11.604,11.891,416496.10000000003
1729828800,2024-10-25T04:00:00+00:00,11.89,11.924,11.645,11.682,204863.97
1729843200,2024-10-25T08:00:00+00:00,11.687,11.869,11.568,11.807,153245.05
1729857600,2024-10-25T12:00:00+00:00,11.813,11.99,11.733,11.816,298257.27999999997
1729872000,2024-10-25T16:00:00+00:00,11.812,11.919,11.322,11.581,502133.17000000004
1729886400,2024-10-25T20:00:00+00:00,11.585,11.752,10.79,11.117,524909.05
1729900800,2024-10-26T00:00:00+00:00,11.118,11.372,10.948,11.317,432650.04999999993
1729915200,2024-10-26T04:00:00+00:00,11.31,11.373,11.08,11.08,164011.44
1729929600,2024-10-26T08:00:00+00:00,11.083,11.211,11.058,11.083,147989.87
1729944000,2024-10-26T12:00:00+00:00,11.081,11.114,10.81,10.842,250915.91999999998
1729958400,2024-10-26T16:00:00+00:00,10.833,11.018,10.83,10.963,120655.26000000001
1729972800,2024-10-26T20:00:00+00:00,10.963,11.089,10.952,10.99,112799.79999999999
1729987200,2024-10-27T00:00:00+00:00,10.994,11.04,10.884,11.034,108346.94
1730001600,2024-10-27T04:00:00+00:00,11.032,11.041,10.909,10.928,53780.4
1730016000,2024-10-27T08:00:00+00:00,10.928,10.97,10.833,10.876,73179.52
1730030400,2024-10-27T12:00:00+00:00,10.877,11.107,10.86,11.09,130064.2
1730044800,2024-10-27T16:00:00+00:00,11.094,11.16,10.874,10.952,136138.24
1730059200,2024-10-27T20:00:00+00:00,10.949,11.102,10.922,10.968,220582.51
1730073600,2024-10-28T00:00:00+00:00,10.966,11.006,10.761,10.774,152289.2
1730088000,2024-10-28T04:00:00+00:00,10.769,11.013,10.7,10.958,148645.67
1730102400,2024-10-28T08:00:00+00:00,10.966,11.153,10.939,11.102,104786.93000000001
1730116800,2024-10-28T12:00:00+00:00,11.102,11.178,10.802,10.809,312926.08999999997
1730131200,2024-10-28T16:00:00+00:00,10.804,11.068,10.734,10.995,358297.77
1730145600,2024-10-28T20:00:00+00:00,10.996,11.258,10.966,11.175,308471.07999999996
1730160000,2024-10-29T00:00:00+00:00,11.183,11.474,11.139,11.412,267707.41
1730174400,2024-10-29T04:00:00+00:00,11.41,11.523,11.403,11.472,141905.19999999998
1730188800,2024-10-29T08:00:00+00:00,11.478,11.569,11.451,11.481,168615.96
1730203200,2024-10-29T12:00:00+00:00,11.478,11.555,11.394,11.548,214073.95
1730217600,2024-10-29T16:00:00+00:00,11.549,11.73,11.479,11.539,387129.45999999996
1730232000,2024-10-29T20:00:00+00:00,11.542,11.8,11.46,11.796,283403.4
1730246400,2024-10-30T00:00:00+00:00,11.793,12.007,11.648,11.989,240913.57
1730260800,2024-10-30T04:00:00+00:00,12.002,12.146,11.929,11.958,125017.15
1730275200,2024-10-30T08:00:00+00:00,11.957,12.116,11.862,11.948,154415.27
1730289600,2024-10-30T12:00:00+00:00,11.953,12.375,11.907,12.215,420942.56
1730304000,2024-10-30T16:00:00+00:00,12.211,12.304,12.141,12.242,288906.79
1730318400,2024-10-30T20:00:00+00:00,12.245,12.456,12.086,12.393,355711.45999999996
1730332800,2024-10-31T00:00:00+00:00,12.397,12.458,12.198,12.403,197331.86
1730347200,2024-10-31T04:00:00+00:00,12.405,12.405,12.097,12.189,154100.3
1730361600,2024-10-31T08:00:00+00:00,12.189,12.189,12.004,12.132,114042.91999999998
1730376000,2024-10-31T12:00:00+00:00,12.132,12.164,11.709,11.773,413743.79
1730390400,2024-10-31T16:00:00+00:00,11.775,11.778,11.372,11.387,274508.65
1730404800,2024-10-31T20:00:00+00:00,11.385,11.525,11.306,11.403,198277.5
1730419200,2024-11-01T00:00:00+00:00,11.399,11.483,11.2,11.382,214404.69
1730433600,2024-11-01T04:00:00+00:00,11.379,11.494,11.248,11.301,141967.19
1730448000,2024-11-01T08:00:00+00:00,11.308,11.386,11.247,11.315,129990.77
1730462400,2024-11-01T12:00:00+00:00,11.314,11.719,11.187,11.319,438888.55000000005
1730476800,2024-11-01T16:00:00+00:00,11.319,11.57,11.273,11.332,201836.77
1730491200,2024-11-01T20:00:00+00:00,11.335,11.389,11.15,11.244,130421.20999999999
1730505600,2024-11-02T00:00:00+00:00,11.242,11.397,11.236,11.291,55636.97
1730520000,2024-11-02T04:00:00+00:00,11.292,11.32,11.183,11.252,65517.35
1730534400,2024-11-02T08:00:00+00:00,11.251,11.269,11.143,11.179,95813.98999999999
1730548800,2024-11-02T12:00:00+00:00,11.179,11.221,11.073,11.17,220710.93000000002
1730563200,2024-11-02T16:00:00+00:00,11.179,11.239,11.075,11.187,106444.02
1730577600,2024-11-02T20:00:00+00:00,11.186,11.269,11.126,11.186,60647.56999999999
1730592000,2024-11-03T00:00:00+00:00,11.191,11.23,10.83,10.95,170052.89
1730606400,2024-11-03T04:00:00+00:00,10.953,11.053,10.92,10.982,47214.270000000004
1730620800,2024-11-03T08:00:00+00:00,10.984,11.045,10.903,10.924,65000.76000000001
1730635200,2024-11-03T12:00:00+00:00,10.922,10.957,10.535,10.711,193145.82
1730649600,2024-11-03T16:00:00+00:00,10.703,10.775,10.511,10.722,157936.55
1730664000,2024-11-03T20:00:00+00:00,10.719,10.841,10.665,10.757,126092.01
1730678400,2024-11-04T00:00:00+00:00,10.758,10.906,10.599,10.785,90238.95999999999
1730692800,2024-11-04T04:00:00+00:00,10.799,10.863,10.618,10.62,70451.5
1730707200,2024-11-04T08:00:00+00:00,10.618,10.709,10.52,10.638,67721.08
1730721600,2024-11-04T12:00:00+00:00,10.64,10.716,10.364,10.391,201607.57
1730736000,2024-11-04T16:00:00+00:00,10.391,10.433,10.231,10.355,259644.57
1730750400,2024-11-04T20:00:00+00:00,10.351,10.373,10.067,10.248,224505.31999999998
1730764800,2024-11-05T00:00:00+00:00,10.251,10.414,10.178,10.413,170923.85
1730779200,2024-11-05T04:00:00+00:00,10.416,10.519,10.41,10.509,110536.39000000001
1730793600,2024-11-05T08:00:00+00:00,10.506,10.624,10.487,10.6,117157.72
1730808000,2024-11-05T12:00:00+00:00,10.605,10.898,10.559,10.776,318232.17000000004
1730822400,2024-11-05T16:00:00+00:00,10.781,10.938,10.615,10.655,265489.52999999997
1730836800,2024-11-05T20:00:00+00:00,10.658,10.912,10.623,10.831,229828.47999999998
1730851200,2024-11-06T00:00:00+00:00,10.835,11.772,10.802,11.694,771739.8200000001
1730865600,2024-11-06T04:00:00+00:00,11.696,11.958,11.576,11.755,531430.5499999999
1730880000,2024-11-06T08:00:00+00:00,11.754,11.9,11.547,11.84,385275.95
1730894400,2024-11-06T12:00:00+00:00,11.839,11.9,11.67,11.813,406220.7
1730908800,2024-11-06T16:00:00+00:00,11.814,11.986,11.673,11.982,589916.2
1730923200,2024-11-06T20:00:00+00:00,11.979,12.32,11.946,12.181,429025.8
1730937600,2024-11-07T00:00:00+00:00,12.182,12.717,12.071,12.558,514766.18
1730952000,2024-11-07T04:00:00+00:00,12.564,12.575,12.203,12.302,326528.02
1730966400,2024-11-07T08:00:00+00:00,12.301,12.403,12.224,12.229,138291.41999999998
1730980800,2024-11-07T12:00:00+00:00,12.232,12.459,12.126,12.457,252308.88
1730995200,2024-11-07T16:00:00+00:00,12.457,12.599,12.322,12.578,421318.77999999997
1731009600,2024-11-07T20:00:00+00:00,12.579,12.694,12.453,12.597,315870.28
1731024000,2024-11-08T00:00:00+00:00,12.599,12.833,12.527,12.638,298607.8
1731038400,2024-11-08T04:00:00+00:00,12.642,12.871,12.637,12.841,298016.55
1731052800,2024-11-08T08:00:00+00:00,12.836,13.024,12.687,13.004,308781.94
1731067200,2024-11-08T12:00:00+00:00,13.009,13.417,12.989,13.285,766308.62
1731081600,2024-11-08T16:00:00+00:00,13.28,13.595,12.992,13.542,600897.85
1731096000,2024-11-08T20:00:00+00:00,13.532,13.762,13.352,13.703,428186.71
1731110400,2024-11-09T00:00:00+00:00,13.703,13.703,13.286,13.358,287247.57
1731124800,2024-11-09T04:00:00+00:00,13.352,13.739,13.35,13.508,182770.5
1731139200,2024-11-09T08:00:00+00:00,13.517,13.657,13.45,13.621,141934.66999999998
1731153600,2024-11-09T12:00:00+00:00,13.609,13.643,13.334,13.527,266351.13
1731168000,2024-11-09T16:00:00+00:00,13.53,13.679,13.303,13.554,197903.79
1731182400,2024-11-09T20:00:00+00:00,13.549,13.846,13.465,13.782,371092.77999999997
1731196800,2024-11-10T00:00:00+00:00,13.781,14.068,13.691,13.932,444767.51999999996
1731211200,2024-11-10T04:00:00+00:00,13.932,14.608,13.916,14.494,777740.98
1731225600,2024-11-10T08:00:00+00:00,14.496,14.638,14.391,14.573,304221.18000000005
1731240000,2024-11-10T12:00:00+00:00,14.568,14.77,14.437,14.597,481514.30000000005
1731254400,2024-11-10T16:00:00+00:00,14.598,14.862,14.265,14.414,582752.3
1731268800,2024-11-10T20:00:00+00:00,14.414,14.513,13.644,14.272,733974.24
1731283200,2024-11-11T00:00:00+00:00,14.274,14.564,14.234,14.433,235352.27
1731297600,2024-11-11T04:00:00+00:00,14.438,14.438,13.624,13.806,509275.65
1731312000,2024-11-11T08:00:00+00:00,13.817,14.19,13.796,14.132,191914.5
1731326400,2024-11-11T12:00:00+00:00,14.134,14.482,13.829,14.333,556813.73
1731340800,2024-11-11T16:00:00+00:00,14.333,14.799,14.318,14.592,684554.67
1731355200,2024-11-11T20:00:00+00:00,14.596,14.962,14.326,14.933,599180.55
1731369600,2024-11-12T00:00:00+00:00,14.933,15.04,14.319,14.795,574159.34
1731384000,2024-11-12T04:00:00+00:00,14.795,14.926,14.567,14.85,316972.5
1731398400,2024-11-12T08:00:00+00:00,14.854,15.361,13.801,14.203,1100986.01
1731412800,2024-11-12T12:00:00+00:00,14.203,14.347,13.68,13.955,756128.0700000001
1731427200,2024-11-12T16:00:00+00:00,13.959,14.26,13.702,14.155,433545.58999999997
1731441600,2024-11-12T20:00:00+00:00,14.162,14.305,13.925,13.968,310712.28
1731456000,2024-11-13T00:00:00+00:00,13.967,14.127,13.4,13.42,523904.86
1731470400,2024-11-13T04:00:00+00:00,13.43,13.657,13.086,13.401,423969.52
1731484800,2024-11-13T08:00:00+00:00,13.402,13.597,13.252,13.506,253312.46000000002
1731499200,2024-11-13T12:00:00+00:00,13.504,14.407,13.348,14.257,712790.0
1731513600,2024-11-13T16:00:00+00:00,14.251,14.375,13.29,13.316,852652.14
1731528000,2024-11-13T20:00:00+00:00,13.31,13.56,13.07,13.501,411975.74000000005
1731542400,2024-11-14T00:00:00+00:00,13.5,13.537,13.197,13.492,305215.52
1731556800,2024-11-14T04:00:00+00:00,13.491,13.83,13.383,13.627,310136.03
1731571200,2024-11-14T08:00:00+00:00,13.627,13.657,13.149,13.29,263321.72
1731585600,2024-11-14T12:00:00+00:00,13.288,13.553,12.89,12.962,655602.5499999999
1731600000,2024-11-14T16:00:00+00:00,12.963,13.378,12.895,13.302,427500.94999999995
1731614400,2024-11-14T20:00:00+00:00,13.295,13.365,12.802,12.988,417947.04
1731628800,2024-11-15T00:00:00+00:00,12.995,13.177,12.836,13.11,342924.45
1731643200,2024-11-15T04:00:00+00:00,13.107,13.297,12.723,13.136,345207.54
1731657600,2024-11-15T08:00:00+00:00,13.134,13.552,13.042,13.484,213851.59
1731672000,2024-11-15T12:00:00+00:00,13.49,13.656,13.132,13.187,412925.37
1731686400,2024-11-15T16:00:00+00:00,13.183,13.551,13.154,13.47,367694.94000000006
1731700800,2024-11-15T20:00:00+00:00,13.469,13.899,13.468,13.837,501011.08
1731715200,2024-11-16T00:00:00+00:00,13.842,14.42,13.74,14.264,784551.59
1731729600,2024-11-16T04:00:00+00:00,14.26,14.316,14.006,14.023,258578.27
1731744000,2024-11-16T08:00:00+00:00,14.023,14.458,14.023,14.457,289868.18
1731758400,2024-11-16T12:00:00+00:00,14.452,14.539,14.053,14.16,778581.6499999999
1731772800,2024-11-16T16:00:00+00:00,14.153,14.798,14.072,14.739,521221.86
1731787200,2024-11-16T20:00:00+00:00,14.741,14.79,14.448,14.53,457789.88
1731801600,2024-11-17T00:00:00+00:00,14.537,14.892,13.789,14.138,661143.03
1731816000,2024-11-17T04:00:00+00:00,14.139,14.535,14.037,14.427,351803.96
1731830400,2024-11-17T08:00:00+00:00,14.425,14.544,14.026,14.026,165493.53
1731844800,2024-11-17T12:00:00+00:00,14.028,14.214,13.882,13.927,256003.61
1731859200,2024-11-17T16:00:00+00:00,13.932,14.107,13.733,13.859,245190.11
1731873600,2024-11-17T20:00:00+00:00,13.863,13.935,13.56,13.789,253945.65
1731888000,2024-11-18T00:00:00+00:00,13.794,14.368,13.754,14.368,307122.92
1731902400,2024-11-18T04:00:00+00:00,14.359,14.876,14.196,14.851,431959.37999999995
1731916800,2024-11-18T08:00:00+00:00,14.855,14.929,14.267,14.335,311074.67
1731931200,2024-11-18T12:00:00+00:00,14.337,15.2,14.232,15.154,531765.6399999999
1731945600,2024-11-18T16:00:00+00:00,15.154,16.005,14.788,14.963,1572272.75
1731960000,2024-11-18T20:00:00+00:00,14.959,15.441,14.839,15.285,453186.71
1731974400,2024-11-19T00:00:00+00:00,15.281,15.43,14.909,15.075,316588.91000000003
1731988800,2024-11-19T04:00:00+00:00,15.093,15.124,14.834,14.854,222897.93999999997
1732003200,2024-11-19T08:00:00+00:00,14.85,15.02,14.659,15.019,224392.8
1732017600,2024-11-19T12:00:00+00:00,15.019,15.157,14.587,14.773,461529.20999999996
1732032000,2024-11-19T16:00:00+00:00,14.771,15.059,14.665,14.901,406787.57999999996
1732046400,2024-11-19T20:00:00+00:00,14.902,14.994,14.421,14.642,450611.2200000001
1732060800,2024-11-20T00:00:00+00:00,14.638,14.711,14.197,14.431,375819.64
1732075200,2024-11-20T04:00:00+00:00,14.427,14.663,14.275,14.484,349351.86
1732089600,2024-11-20T08:00:00+00:00,14.479,14.945,14.434,14.692,226474.18
1732104000,2024-11-20T12:00:00+00:00,14.694,15.336,14.617,15.013,566919.0
1732118400,2024-11-20T16:00:00+00:00,15.013,15.018,14.047,14.189,653708.0299999999
1732132800,2024-11-20T20:00:00+00:00,14.179,14.562,14.099,14.248,278622.57
1732147200,2024-11-21T00:00:00+00:00,14.25,14.467,13.854,14.164,398548.98
1732161600,2024-11-21T04:00:00+00:00,14.167,14.692,14.164,14.674,516580.70999999996
1732176000,2024-11-21T08:00:00+00:00,14.673,14.745,14.351,14.628,241523.59
1732190400,2024-11-21T12:00:00+00:00,14.625,15.386,14.613,14.819,912553.28
1732204800,2024-11-21T16:00:00+00:00,14.818,15.183,14.795,14.912,484216.32
1732219200,2024-11-21T20:00:00+00:00,14.912,15.031,14.693,14.905,380346.64
1732233600,2024-11-22T00:00:00+00:00,14.91,15.179,14.734,15.09,607426.67
1732248000,2024-11-22T04:00:00+00:00,15.092,15.442,15.055,15.231,566812.35
1732262400,2024-11-22T08:00:00+00:00,15.234,15.374,14.95,15.362,322146.88
1732276800,2024-11-22T12:00:00+00:00,15.363,15.565,14.868,15.431,876526.86
1732291200,2024-11-22T16:00:00+00:00,15.427,15.815,15.171,15.284,964969.7100000001
1732305600,2024-11-22T20:00:00+00:00,15.278,16.611,15.197,16.586,1080781.74
1732320000,2024-11-23T00:00:00+00:00,16.583,17.1,16.309,16.786,1331441.41
1732334400,2024-11-23T04:00:00+00:00,16.787,17.053,16.462,17.018,537776.6799999999
1732348800,2024-11-23T08:00:00+00:00,17.015,17.245,16.681,17.047,568242.51
1732363200,2024-11-23T12:00:00+00:00,17.047,17.962,16.948,17.95,1121692.88
1732377600,2024-11-23T16:00:00+00:00,17.952,18.4,17.231,17.565,1838289.9599999997
1732392000,2024-11-23T20:00:00+00:00,17.572,17.808,17.05,17.398,642122.47
1732406400,2024-11-24T00:00:00+00:00,17.402,18.354,17.329,18.105,802843.36
1732420800,2024-11-24T04:00:00+00:00,18.1,18.187,17.58,17.804,480356.58
1732435200,2024-11-24T08:00:00+00:00,17.804,17.884,16.711,16.711,511352.6
1732449600,2024-11-24T12:00:00+00:00,16.711,16.906,16.12,16.335,916530.03
1732464000,2024-11-24T16:00:00+00:00,16.335,17.147,16.255,17.017,577542.87
1732478400,2024-11-24T20:00:00+00:00,17.014,18.118,16.957,17.924,532829.72
1732492800,2024-11-25T00:00:00+00:00,17.931,18.244,17.34,17.824,582189.3
1732507200,2024-11-25T04:00:00+00:00,17.821,18.423,17.805,18.321,606774.3
1732521600,2024-11-25T08:00:00+00:00,18.324,19.065,18.226,18.66,916049.5599999999
1732536000,2024-11-25T12:00:00+00:00,18.677,18.854,17.523,18.505,1042609.73
1732550400,2024-11-25T16:00:00+00:00,18.512,18.787,17.619,17.866,802319.63
1732564800,2024-11-25T20:00:00+00:00,17.861,18.197,17.15,17.342,586080.87
1732579200,2024-11-26T00:00:00+00:00,17.338,17.845,17.242,17.564,372108.62000000005
1732593600,2024-11-26T04:00:00+00:00,17.554,17.678,17.121,17.231,355615.48
1732608000,2024-11-26T08:00:00+00:00,17.23,17.241,16.183,16.55,739728.69
1732622400,2024-11-26T12:00:00+00:00,16.545,17.497,16.479,16.925,1096082.08
1732636800,2024-11-26T16:00:00+00:00,16.925,17.439,16.694,17.075,354978.64999999997
1732651200,2024-11-26T20:00:00+00:00,17.074,17.498,16.941,17.333,399513.4
1732665600,2024-11-27T00:00:00+00:00,17.331,17.573,16.955,17.385,401611.27999999997
1732680000,2024-11-27T04:00:00+00:00,17.375,18.255,17.353,18.145,537265.28
1732694400,2024-11-27T08:00:00+00:00,18.141,18.507,17.866,18.12,380760.39
1732708800,2024-11-27T12:00:00+00:00,18.116,18.293,17.723,18.075,642353.68
1732723200,2024-11-27T16:00:00+00:00,18.079,18.306,17.736,18.073,531343.46
1732737600,2024-11-27T20:00:00+00:00,18.075,19.019,18.066,18.672,709839.8
1732752000,2024-11-28T00:00:00+00:00,18.678,18.716,17.868,18.054,702155.68
1732766400,2024-11-28T04:00:00+00:00,18.06,18.259,17.831,17.905,334548.12999999995
1732780800,2024-11-28T08:00:00+00:00,17.909,18.093,17.764,18.02,297705.54
1732795200,2024-11-28T12:00:00+00:00,18.014,18.098,17.489,17.51,481228.74
1732809600,2024-11-28T16:00:00+00:00,17.508,17.974,17.496,17.824,253977.19
1732824000,2024-11-28T20:00:00+00:00,17.82,18.074,17.651,17.941,251390.59
1732838400,2024-11-29T00:00:00+00:00,17.941,18.108,17.77,17.809,278949.16000000003
1732852800,2024-11-29T04:00:00+00:00,17.808,17.845,17.529,17.546,206338.07
1732867200,2024-11-29T08:00:00+00:00,17.544,18.193,17.543,18.128,154130.86
1732881600,2024-11-29T12:00:00+00:00,18.135,18.415,17.908,18.061,466770.47
1732896000,2024-11-29T16:00:00+00:00,18.074,18.168,17.842,18.115,339056.77
1732910400,2024-11-29T20:00:00+00:00,18.11,18.411,18.024,18.255,444839.07
1732924800,2024-11-30T00:00:00+00:00,18.251,18.534,17.94,18.505,424483.57999999996
1732939200,2024-11-30T04:00:00+00:00,18.506,18.713,18.264,18.634,351543.30000000005
1732953600,2024-11-30T08:00:00+00:00,18.636,18.745,18.1,18.235,280936.23
1732968000,2024-11-30T12:00:00+00:00,18.235,18.989,18.211,18.886,515151.89999999997
1732982400,2024-11-30T16:00:00+00:00,18.89,19.377,18.628,19.332,794009.38
1732996800,2024-11-30T20:00:00+00:00,19.327,19.456,18.984,19.008,412408.88
1733011200,2024-12-01T00:00:00+00:00,19.009,19.125,18.45,18.725,434854.16
1733025600,2024-12-01T04:00:00+00:00,18.723,18.961,18.543,18.675,223856.09
1733040000,2024-12-01T08:00:00+00:00,18.674,18.823,18.519,18.755,152214.6
1733054400,2024-12-01T12:00:00+00:00,18.751,19.019,18.581,18.832,339829.52
1733068800,2024-12-01T16:00:00+00:00,18.833,19.105,18.541,18.741,569753.8
1733083200,2024-12-01T20:00:00+00:00,18.727,19.054,18.415,18.939,564554.64
1733097600,2024-12-02T00:00:00+00:00,18.93,19.724,18.8,18.879,1007183.22
1733112000,2024-12-02T04:00:00+00:00,18.88,20.011,18.588,19.805,1175992.3599999999
1733126400,2024-12-02T08:00:00+00:00,19.805,20.959,18.872,19.761,1711085.7599999998
1733140800,2024-12-02T12:00:00+00:00,19.758,21.88,19.473,21.809,2134791.36
1733155200,2024-12-02T16:00:00+00:00,21.804,24,21.097,23.809,3235236.79
1733169600,2024-12-02T20:00:00+00:00,23.813,26.926,23.636,25.235,3719993.58
1733184000,2024-12-03T00:00:00+00:00,25.233,25.449,23.782,24.2,1608612.69
1733198400,2024-12-03T04:00:00+00:00,24.205,25.495,24.012,25.112,1244741.66
1733212800,2024-12-03T08:00:00+00:00,25.115,26.24,24.531,24.584,1227826.89
1733227200,2024-12-03T12:00:00+00:00,24.586,24.945,22.549,24.003,2118012.22
1733241600,2024-12-03T16:00:00+00:00,23.988,24.568,23.432,24.305,920882.74
1733256000,2024-12-03T20:00:00+00:00,24.305,25.236,24.1,24.115,1110957.64
1733270400,2024-12-04T00:00:00+00:00,24.119,24.626,23.622,24.017,803256.71
1733284800,2024-12-04T04:00:00+00:00,24.023,24.712,23.911,24.472,498311.59
1733299200,2024-12-04T08:00:00+00:00,24.467,25.099,24.014,24.634,573650.8300000001
1733313600,2024-12-04T12:00:00+00:00,24.627,26.5,24.038,25.383,1655676.6800000002
1733328000,2024-12-04T16:00:00+00:00,25.387,25.501,24.026,24.979,1108373.95
1733342400,2024-12-04T20:00:00+00:00,24.972,25.255,23.75,24.108,924070.6
1733356800,2024-12-05T00:00:00+00:00,24.109,24.869,23.011,23.615,1149389.21
1733371200,2024-12-05T04:00:00+00:00,23.605,24.39,23.5,23.922,499536.53
1733385600,2024-12-05T08:00:00+00:00,23.93,24.285,23.723,24.241,453175.19999999995
1733400000,2024-12-05T12:00:00+00:00,24.235,25.059,23.928,24.297,1698032.46
1733414400,2024-12-05T16:00:00+00:00,24.295,24.613,23.549,23.705,745047.81
1733428800,2024-12-05T20:00:00+00:00,23.696,23.999,22.48,23.167,1388663.52
1733443200,2024-12-06T00:00:00+00:00,23.174,24.121,23.077,24.021,694173.4299999999
1733457600,2024-12-06T04:00:00+00:00,24.021,24.275,23.78,23.808,244304.28999999998
1733472000,2024-12-06T08:00:00+00:00,23.808,24.084,23.133,23.317,417789.9
1733486400,2024-12-06T12:00:00+00:00,23.301,24.151,22.74,23.798,703923.0
1733500800,2024-12-06T16:00:00+00:00,23.801,25.12,23.757,24.938,656220.44
1733515200,2024-12-06T20:00:00+00:00,24.931,26,24.844,25.916,1173438.42
1733529600,2024-12-07T00:00:00+00:00,25.911,26.872,25.167,26.641,1255511.2
1733544000,2024-12-07T04:00:00+00:00,26.643,26.783,25.319,25.402,680267.52
1733558400,2024-12-07T08:00:00+00:00,25.403,25.466,24.743,24.97,371416.79
1733572800,2024-12-07T12:00:00+00:00,24.968,25.188,24.881,24.995,333585.35
1733587200,2024-12-07T16:00:00+00:00,25.008,25.033,24.462,24.801,579049.7899999999
1733601600,2024-12-07T20:00:00+00:00,24.796,24.953,24.621,24.811,260477.86000000002
1733616000,2024-12-08T00:00:00+00:00,24.803,25.028,24.721,24.829,239615.61000000002
1733630400,2024-12-08T04:00:00+00:00,24.829,25.592,24.706,25.366,410883.08999999997
1733644800,2024-12-08T08:00:00+00:00,25.36,26.866,25.083,26.629,894740.92
1733659200,2024-12-08T12:00:00+00:00,26.62,27.401,26.041,26.261,985938.3400000001
1733673600,2024-12-08T16:00:00+00:00,26.256,26.291,25.53,25.952,492091.24
1733688000,2024-12-08T20:00:00+00:00,25.954,26.64,25.637,26.116,417641.19999999995
1733702400,2024-12-09T00:00:00+00:00,26.118,27.374,25.896,26.628,1219609.52
1733716800,2024-12-09T04:00:00+00:00,26.632,27.308,25.617,26.205,760415.66
1733731200,2024-12-09T08:00:00+00:00,26.221,26.228,24.49,24.618,548802.51
1733745600,2024-12-09T12:00:00+00:00,24.608,25.864,24.267,24.382,801670.6
1733760000,2024-12-09T16:00:00+00:00,24.368,24.641,23.622,23.658,744723.6
1733774400,2024-12-09T20:00:00+00:00,23.656,23.71,19.85,22.257,2474803.5700000003
1733788800,2024-12-10T00:00:00+00:00,22.255,22.732,20.7,21.639,1470230.49
1733803200,2024-12-10T04:00:00+00:00,21.642,23.418,21.086,23.084,1294982.06
1733817600,2024-12-10T08:00:00+00:00,23.076,23.791,22.706,23.199,678575.0700000001
1733832000,2024-12-10T12:00:00+00:00,23.207,23.306,21.316,21.318,1299160.63
1733846400,2024-12-10T16:00:00+00:00,21.34,21.677,20.279,21.432,1973821.65
1733860800,2024-12-10T20:00:00+00:00,21.432,22.482,21.312,22.129,1014083.3
1733875200,2024-12-11T00:00:00+00:00,22.13,22.527,21.16,22.446,923438.9
1733889600,2024-12-11T04:00:00+00:00,22.452,22.695,22.196,22.234,516788.28
1733904000,2024-12-11T08:00:00+00:00,22.236,23.034,22.236,22.875,405749.78
1733918400,2024-12-11T12:00:00+00:00,22.859,24.258,22.841,23.923,1049696.17
1733932800,2024-12-11T16:00:00+00:00,23.928,24.239,23.394,23.82,596426.63
1733947200,2024-12-11T20:00:00+00:00,23.829,24.349,23.713,24.083,420942.51
1733961600,2024-12-12T00:00:00+00:00,24.084,27.152,23.889,27.035,1638978.12
1733976000,2024-12-12T04:00:00+00:00,27.034,29.45,26.936,28.826,2117471.8499999996
1733990400,2024-12-12T08:00:00+00:00,28.836,29.209,27.532,27.844,801680.73
1734004800,2024-12-12T12:00:00+00:00,27.854,28.531,27.332,28.234,1633908.8499999999
1734019200,2024-12-12T16:00:00+00:00,28.221,28.6,26.869,26.933,996604.74
1734033600,2024-12-12T20:00:00+00:00,26.935,29.373,26.744,29.106,1833997.33
1734048000,2024-12-13T00:00:00+00:00,29.13,30.949,28.242,30.162,2255198.12
1734062400,2024-12-13T04:00:00+00:00,30.177,30.308,28.661,28.91,770876.42
1734076800,2024-12-13T08:00:00+00:00,28.911,29.035,28.14,28.377,386269.77
1734091200,2024-12-13T12:00:00+00:00,28.379,28.587,27.49,27.61,842985.1799999999
1734105600,2024-12-13T16:00:00+00:00,27.606,28.334,27.573,28.093,447935.63
1734120000,2024-12-13T20:00:00+00:00,28.097,29.122,27.77,28.999,513619.31
1734134400,2024-12-14T00:00:00+00:00,28.998,30.678,28.77,29.447,1254233.8399999999
1734148800,2024-12-14T04:00:00+00:00,29.446,29.824,29.153,29.514,437580.23
1734163200,2024-12-14T08:00:00+00:00,29.501,30.378,29.298,29.772,610810.15
1734177600,2024-12-14T12:00:00+00:00,29.778,30.75,28.716,30.346,994746.6000000001
1734192000,2024-12-14T16:00:00+00:00,30.344,30.458,28.933,29.21,777406.3400000001
1734206400,2024-12-14T20:00:00+00:00,29.21,29.685,28.839,29.112,611511.5
1734220800,2024-12-15T00:00:00+00:00,29.118,29.542,28.538,29.3,544644.18
1734235200,2024-12-15T04:00:00+00:00,29.289,29.874,28.578,28.762,478135.95999999996
1734249600,2024-12-15T08:00:00+00:00,28.756,29.104,28.542,28.79,287346.19
1734264000,2024-12-15T12:00:00+00:00,28.796,29.329,28.282,29.118,399398.19
1734278400,2024-12-15T16:00:00+00:00,29.121,29.584,28.768,28.96,367661.11
1734292800,2024-12-15T20:00:00+00:00,28.96,29.604,28.02,29.248,780950.68
1734307200,2024-12-16T00:00:00+00:00,29.249,29.738,28.406,28.647,746835.2000000001
1734321600,2024-12-16T04:00:00+00:00,28.639,29.469,28.422,29.266,419658.32
1734336000,2024-12-16T08:00:00+00:00,29.273,30.812,28.877,29.8,1061728.99
1734350400,2024-12-16T12:00:00+00:00,29.8,30.619,29.23,30.271,892320.15
1734364800,2024-12-16T16:00:00+00:00,30.274,30.413,29.312,29.523,981435.01
1734379200,2024-12-16T20:00:00+00:00,29.534,29.901,28.717,28.751,635766.01
1734393600,2024-12-17T00:00:00+00:00,28.749,29.071,28.358,28.76,445393.75
1734408000,2024-12-17T04:00:00+00:00,28.754,28.757,28.044,28.134,359035.77
1734422400,2024-12-17T08:00:00+00:00,28.125,28.857,27.87,28.392,382102.38
1734436800,2024-12-17T12:00:00+00:00,28.382,28.622,27.486,27.613,717014.59
1734451200,2024-12-17T16:00:00+00:00,27.608,28.278,27.353,27.734,795309.6599999999
1734465600,2024-12-17T20:00:00+00:00,27.73,28.283,27.467,27.858,402322.36
1734480000,2024-12-18T00:00:00+00:00,27.865,28.405,27.45,27.67,448226.45
1734494400,2024-12-18T04:00:00+00:00,27.67,27.733,26.782,27.204,605078.9400000001
1734508800,2024-12-18T08:00:00+00:00,27.198,27.933,26.929,27.916,244355.52
1734523200,2024-12-18T12:00:00+00:00,27.919,27.919,26.53,27.08,561458.4
1734537600,2024-12-18T16:00:00+00:00,27.083,27.947,26.4,26.4,493951.91000000003
1734552000,2024-12-18T20:00:00+00:00,26.398,26.58,24.699,24.841,1395884.2799999998
1734566400,2024-12-19T00:00:00+00:00,24.842,25.296,23.331,24.871,1567815.78
1734580800,2024-12-19T04:00:00+00:00,24.863,24.959,24.422,24.83,422786.76
1734595200,2024-12-19T08:00:00+00:00,24.818,25.72,24.493,25.39,499065.3
1734609600,2024-12-19T12:00:00+00:00,25.386,25.394,23.73,24.159,677504.8599999999
1734624000,2024-12-19T16:00:00+00:00,24.156,24.355,21.9,22.283,2114247.69
1734638400,2024-12-19T20:00:00+00:00,22.283,23.257,21.671,22.784,1258886.2
1734652800,2024-12-20T00:00:00+00:00,22.797,23.698,22.606,23.165,549850.37
1734667200,2024-12-20T04:00:00+00:00,23.16,23.313,22.127,22.606,520386.17999999993
1734681600,2024-12-20T08:00:00+00:00,22.608,22.616,20,20.013,1881968.24
1734696000,2024-12-20T12:00:00+00:00,20.007,22.932,20,22.694,1551363.45
1734710400,2024-12-20T16:00:00+00:00,22.696,23.68,22.414,23.285,1509472.14
1734724800,2024-12-20T20:00:00+00:00,23.287,23.644,22.646,23.387,993181.1699999999
1734739200,2024-12-21T00:00:00+00:00,23.378,23.715,23.02,23.128,361979.6
1734753600,2024-12-21T04:00:00+00:00,23.141,24.933,23.116,24.534,727263.67
1734768000,2024-12-21T08:00:00+00:00,24.538,24.761,23.592,23.821,492829.20999999996
1734782400,2024-12-21T12:00:00+00:00,23.824,23.829,22.209,22.876,668306.51
1734796800,2024-12-21T16:00:00+00:00,22.877,22.927,21.912,22.312,651491.61
1734811200,2024-12-21T20:00:00+00:00,22.311,22.548,21.759,22.119,379201.01
1734825600,2024-12-22T00:00:00+00:00,22.122,22.435,21.831,22.179,377413.51
1734840000,2024-12-22T04:00:00+00:00,22.176,22.252,21.521,21.954,394714.98000000004
1734854400,2024-12-22T08:00:00+00:00,21.951,22.779,21.936,22.435,290856.3
1734868800,2024-12-22T12:00:00+00:00,22.447,22.664,21.56,21.787,377264.68000000005
1734883200,2024-12-22T16:00:00+00:00,21.785,22.512,21.556,21.634,352665.68
1734897600,2024-12-22T20:00:00+00:00,21.638,22.399,21.288,22.061,454646.63
1734912000,2024-12-23T00:00:00+00:00,22.064,23.297,21.47,23.101,635101.6099999999
1734926400,2024-12-23T04:00:00+00:00,23.107,23.419,22.251,22.617,535722.86
1734940800,2024-12-23T08:00:00+00:00,22.611,23.341,22.483,23.076,297510.56
1734955200,2024-12-23T12:00:00+00:00,23.085,23.356,22.083,22.122,464580.61
1734969600,2024-12-23T16:00:00+00:00,22.115,23.078,22.04,22.933,747783.28
1734984000,2024-12-23T20:00:00+00:00,22.93,24.918,22.92,24.511,1309666.46
1734998400,2024-12-24T00:00:00+00:00,24.514,24.654,23.503,24.112,665685.86
1735012800,2024-12-24T04:00:00+00:00,24.108,24.296,23.74,23.83,501714.68000000005
1735027200,2024-12-24T08:00:00+00:00,23.83,24.367,23.761,24.186,312774.12000000005
1735041600,2024-12-24T12:00:00+00:00,24.17,24.88,23.767,24.63,581757.12
1735056000,2024-12-24T16:00:00+00:00,24.63,25.44,24.367,25.045,750453.35
1735070400,2024-12-24T20:00:00+00:00,25.043,25.966,24.577,25.406,783508.3
1735084800,2024-12-25T00:00:00+00:00,25.409,25.488,24.554,24.633,283290.82999999996
1735099200,2024-12-25T04:00:00+00:00,24.635,25.114,24.55,24.734,200049.63
1735113600,2024-12-25T08:00:00+00:00,24.752,25.562,24.463,24.489,231705.53
1735128000,2024-12-25T12:00:00+00:00,24.493,24.852,24.409,24.661,152961.49
1735142400,2024-12-25T16:00:00+00:00,24.665,24.735,24.225,24.71,135795.09
1735156800,2024-12-25T20:00:00+00:00,24.703,24.754,24.12,24.424,231837.18000000002
1735171200,2024-12-26T00:00:00+00:00,24.417,24.69,23.818,23.915,293001.35000000003
1735185600,2024-12-26T04:00:00+00:00,23.916,23.916,23.343,23.398,220533.76
1735200000,2024-12-26T08:00:00+00:00,23.401,23.442,22.766,23.027,285324.99
1735214400,2024-12-26T12:00:00+00:00,23.019,23.143,22.645,22.734,321893.77
1735228800,2024-12-26T16:00:00+00:00,22.734,23.082,22.551,22.794,310470.76
1735243200,2024-12-26T20:00:00+00:00,22.779,22.873,22.395,22.656,197684.36000000002
1735257600,2024-12-27T00:00:00+00:00,22.653,23.238,22.484,22.96,361963.52999999997
1735272000,2024-12-27T04:00:00+00:00,22.967,23.158,22.351,22.597,165380.19
1735286400,2024-12-27T08:00:00+00:00,22.593,23.644,22.592,23.413,241347.08
1735300800,2024-12-27T12:00:00+00:00,23.417,23.467,22.2,22.271,321345.37
1735315200,2024-12-27T16:00:00+00:00,22.267,22.728,21.988,22.221,543267.89
1735329600,2024-12-27T20:00:00+00:00,22.214,22.241,21.331,21.531,502850.35
1735344000,2024-12-28T00:00:00+00:00,21.536,21.62,21.187,21.352,257474.21
1735358400,2024-12-28T04:00:00+00:00,21.355,21.423,21.025,21.046,222017.38
1735372800,2024-12-28T08:00:00+00:00,21.041,21.428,21.035,21.287,203707.86000000002
1735387200,2024-12-28T12:00:00+00:00,21.285,21.834,21.132,21.448,340682.37
1735401600,2024-12-28T16:00:00+00:00,21.449,22.16,21.319,21.782,637579.8900000001
1735416000,2024-12-28T20:00:00+00:00,21.784,22.346,21.695,21.948,289165.66000000003
1735430400,2024-12-29T00:00:00+00:00,21.939,21.975,21.596,21.795,150150.01
1735444800,2024-12-29T04:00:00+00:00,21.797,21.91,21.488,21.9,155919.51
1735459200,2024-12-29T08:00:00+00:00,21.905,21.922,21.462,21.467,107265.98999999999
1735473600,2024-12-29T12:00:00+00:00,21.468,21.722,21.24,21.408,137808.23
1735488000,2024-12-29T16:00:00+00:00,21.409,21.431,21.172,21.229,152157.84
1735502400,2024-12-29T20:00:00+00:00,21.225,21.225,20.732,20.904,417659.56999999995
1735516800,2024-12-30T00:00:00+00:00,20.911,21.787,20.81,21.054,364655.36000000004
1735531200,2024-12-30T04:00:00+00:00,21.05,21.371,20.909,21.152,171673.59
1735545600,2024-12-30T08:00:00+00:00,21.153,21.413,20.965,21.202,225368.08
1735560000,2024-12-30T12:00:00+00:00,21.19,21.41,20.052,20.273,736786.32
1735574400,2024-12-30T16:00:00+00:00,20.268,21.172,20.083,21.056,556672.85
1735588800,2024-12-30T20:00:00+00:00,21.06,21.323,20.33,20.542,331745.95
1735603200,2024-12-31T00:00:00+00:00,20.534,20.632,20.221,20.235,206913.33999999997
1735617600,2024-12-31T04:00:00+00:00,20.232,20.447,20.154,20.292,292048.31
1735632000,2024-12-31T08:00:00+00:00,20.29,20.899,20.288,20.501,274978.76999999996
1735646400,2024-12-31T12:00:00+00:00,20.503,21.174,20.441,20.782,507880.85
1735660800,2024-12-31T16:00:00+00:00,20.782,20.81,19.946,20.075,505524.64
1735675200,2024-12-31T20:00:00+00:00,20.067,20.158,19.786,19.972,457371.95999999996
1735689600,2025-01-01T00:00:00+00:00,19.976,20.219,19.923,20.023,307031.86
1735704000,2025-01-01T04:00:00+00:00,20.021,20.065,19.858,19.944,235982.47
1735718400,2025-01-01T08:00:00+00:00,19.945,20.104,19.655,20.004,178411.09
1735732800,2025-01-01T12:00:00+00:00,19.998,20.547,19.967,20.521,181846.13999999998
1735747200,2025-01-01T16:00:00+00:00,20.516,21.508,20.31,21.444,433239.63999999996
1735761600,2025-01-01T20:00:00+00:00,21.442,21.8,21.419,21.692,485869.86000000004
1735776000,2025-01-02T00:00:00+00:00,21.678,22.334,21.678,21.85,512299.44999999995
1735790400,2025-01-02T04:00:00+00:00,21.853,22.342,21.802,22.307,319414.66
1735804800,2025-01-02T08:00:00+00:00,22.309,22.779,22.026,22.558,344324.57
1735819200,2025-01-02T12:00:00+00:00,22.562,22.875,22.088,22.185,442009.80999999994
1735833600,2025-01-02T16:00:00+00:00,22.19,22.555,22.034,22.099,327417.69999999995
1735848000,2025-01-02T20:00:00+00:00,22.103,22.224,21.8,22.044,208713.2
1735862400,2025-01-03T00:00:00+00:00,22.046,22.4,21.884,22.223,329123.87
1735876800,2025-01-03T04:00:00+00:00,22.218,22.238,21.773,21.782,166808.32
1735891200,2025-01-03T08:00:00+00:00,21.787,22.655,21.626,22.651,215416.3
1735905600,2025-01-03T12:00:00+00:00,22.65,23.47,22.437,23.45,532785.4199999999
1735920000,2025-01-03T16:00:00+00:00,23.45,23.892,23.336,23.767,555548.62
1735934400,2025-01-03T20:00:00+00:00,23.765,23.797,23.328,23.474,255050.29
1735948800,2025-01-04T00:00:00+00:00,23.47,23.544,23.119,23.195,223672.08000000002
1735963200,2025-01-04T04:00:00+00:00,23.193,23.355,23.016,23.284,107517.86
1735977600,2025-01-04T08:00:00+00:00,23.28,23.306,22.88,23.062,126308.97
1735992000,2025-01-04T12:00:00+00:00,23.063,23.919,23.055,23.156,307259.37
1736006400,2025-01-04T16:00:00+00:00,23.16,23.763,23.16,23.624,193556.08000000002
1736020800,2025-01-04T20:00:00+00:00,23.629,24.057,23.574,23.594,309003.01999999996
1736035200,2025-01-05T00:00:00+00:00,23.595,23.787,23.2,23.335,176745.36
1736049600,2025-01-05T04:00:00+00:00,23.334,23.821,23.334,23.504,152056.37
1736064000,2025-01-05T08:00:00+00:00,23.501,23.555,23,23.079,148586.63999999998
1736078400,2025-01-05T12:00:00+00:00,23.071,23.391,22.851,23.284,235202.88
1736092800,2025-01-05T16:00:00+00:00,23.288,23.487,23.092,23.349,170168.28
1736107200,2025-01-05T20:00:00+00:00,23.346,23.723,23.236,23.573,195846.22
1736121600,2025-01-06T00:00:00+00:00,23.574,24.062,23.01,24.041,395298.87
1736136000,2025-01-06T04:00:00+00:00,24.045,24.178,23.491,23.513,288712.51999999996
1736150400,2025-01-06T08:00:00+00:00,23.509,23.822,23.32,23.822,145389.71000000002
1736164800,2025-01-06T12:00:00+00:00,23.824,24.46,23.496,24.376,537565.94
1736179200,2025-01-06T16:00:00+00:00,24.377,24.779,23.769,23.913,566938.24
1736193600,2025-01-06T20:00:00+00:00,23.907,24.151,23.662,23.844,280484.69999999995
1736208000,2025-01-07T00:00:00+00:00,23.832,23.851,23.44,23.516,283940.62
1736222400,2025-01-07T04:00:00+00:00,23.522,23.666,23.343,23.39,83961.11000000002
1736236800,2025-01-07T08:00:00+00:00,23.394,23.669,23.083,23.193,118742.88
1736251200,2025-01-07T12:00:00+00:00,23.194,23.379,21.69,22.044,651770.11
1736265600,2025-01-07T16:00:00+00:00,22.04,22.194,21.391,21.468,593550.71
1736280000,2025-01-07T20:00:00+00:00,21.468,21.704,21.169,21.385,416220.97
1736294400,2025-01-08T00:00:00+00:00,21.38,21.726,20.9,21.157,390510.17000000004
1736308800,2025-01-08T04:00:00+00:00,21.155,21.235,20.52,20.879,416422.6
1736323200,2025-01-08T08:00:00+00:00,20.88,21.123,20.58,20.728,191093.09
1736337600,2025-01-08T12:00:00+00:00,20.721,20.978,20.489,20.671,363887.70999999996
1736352000,2025-01-08T16:00:00+00:00,20.67,20.731,19.578,20.187,1030128.0599999999
1736366400,2025-01-08T20:00:00+00:00,20.193,20.631,19.957,20.441,390120.72
1736380800,2025-01-09T00:00:00+00:00,20.437,20.728,20.211,20.275,297672.88
1736395200,2025-01-09T04:00:00+00:00,20.275,20.363,19.743,19.8,276804.31
1736409600,2025-01-09T08:00:00+00:00,19.803,20.117,19.676,19.922,234266.47
1736424000,2025-01-09T12:00:00+00:00,19.922,20.319,19.296,20.202,596080.55
1736438400,2025-01-09T16:00:00+00:00,20.197,20.312,19.395,19.432,405518.11000000004
1736452800,2025-01-09T20:00:00+00:00,19.429,19.855,19.136,19.645,396503.67999999993
1736467200,2025-01-10T00:00:00+00:00,19.651,20.029,19.641,19.954,249868.21
1736481600,2025-01-10T04:00:00+00:00,19.953,20.532,19.838,20.35,270867.75
1736496000,2025-01-10T08:00:00+00:00,20.344,20.5,20.235,20.368,186152.22
1736510400,2025-01-10T12:00:00+00:00,20.36,20.434,19.527,19.973,708348.23
1736524800,2025-01-10T16:00:00+00:00,19.982,20.488,19.779,20.384,452303.36000000004
1736539200,2025-01-10T20:00:00+00:00,20.39,20.419,20.185,20.245,180507.64
1736553600,2025-01-11T00:00:00+00:00,20.24,20.299,19.905,19.929,171016.77
1736568000,2025-01-11T04:00:00+00:00,19.932,20.096,19.84,19.937,119794.43
1736582400,2025-01-11T08:00:00+00:00,19.936,20.245,19.803,20.156,80521.45999999999
1736596800,2025-01-11T12:00:00+00:00,20.161,20.181,19.9,19.982,130339.49
1736611200,2025-01-11T16:00:00+00:00,19.983,20.036,19.821,19.994,153408.84
1736625600,2025-01-11T20:00:00+00:00,19.995,20.682,19.943,20.21,371912.05
1736640000,2025-01-12T00:00:00+00:00,20.211,20.321,20.049,20.247,127228.20999999999
1736654400,2025-01-12T04:00:00+00:00,20.248,20.315,19.97,20.079,90462.06999999999
1736668800,2025-01-12T08:00:00+00:00,20.08,20.116,19.781,19.959,125300.20999999999
1736683200,2025-01-12T12:00:00+00:00,19.953,20.241,19.849,20.145,136899.46
1736697600,2025-01-12T16:00:00+00:00,20.144,20.196,19.964,20.03,158388.47
1736712000,2025-01-12T20:00:00+00:00,20.032,20.098,19.585,19.827,165996.61
1736726400,2025-01-13T00:00:00+00:00,19.828,20.424,19.326,19.383,399366.52999999997
1736740800,2025-01-13T04:00:00+00:00,19.381,19.727,19,19.092,271681.36000000004
1736755200,2025-01-13T08:00:00+00:00,19.093,19.117,18.037,18.084,519629.26999999996
1736769600,2025-01-13T12:00:00+00:00,18.082,19.099,17.837,18.924,735993.18
1736784000,2025-01-13T16:00:00+00:00,18.928,19.053,18.216,18.466,561589.36
1736798400,2025-01-13T20:00:00+00:00,18.463,19.553,18.372,19.355,555987.53
1736812800,2025-01-14T00:00:00+00:00,19.353,19.586,19.24,19.486,163548.7
1736827200,2025-01-14T04:00:00+00:00,19.486,19.752,19.421,19.433,98133.65
1736841600,2025-01-14T08:00:00+00:00,19.435,20.296,19.435,19.93,273315.89
1736856000,2025-01-14T12:00:00+00:00,19.933,20.384,19.763,20.139,385308.3
1736870400,2025-01-14T16:00:00+00:00,20.138,20.473,19.97,20.29,372295.08999999997
1736884800,2025-01-14T20:00:00+00:00,20.298,20.49,20.166,20.312,140457.91999999998
1736899200,2025-01-15T00:00:00+00:00,20.319,20.688,20.201,20.437,304056.4
1736913600,2025-01-15T04:00:00+00:00,20.446,20.836,20.241,20.71,160979.68
1736928000,2025-01-15T08:00:00+00:00,20.717,20.98,20.09,20.324,189335.66000000003
1736942400,2025-01-15T12:00:00+00:00,20.319,21.75,20.144,21.594,729962.25
1736956800,2025-01-15T16:00:00+00:00,21.605,21.85,21.25,21.611,516295.12
1736971200,2025-01-15T20:00:00+00:00,21.607,22.156,21.568,22.087,391309.5
1736985600,2025-01-16T00:00:00+00:00,22.089,22.175,21.451,21.591,394906.35000000003
1737000000,2025-01-16T04:00:00+00:00,21.592,21.845,21.565,21.755,171584.76
1737014400,2025-01-16T08:00:00+00:00,21.754,22.493,21.296,22.467,453059.67
1737028800,2025-01-16T12:00:00+00:00,22.468,23.331,22.232,23.297,1358118.51
1737043200,2025-01-16T16:00:00+00:00,23.292,23.88,23.146,23.705,900416.48
1737057600,2025-01-16T20:00:00+00:00,23.704,23.779,22.787,23.022,473328.43000000005
1737072000,2025-01-17T00:00:00+00:00,23.027,23.985,23.027,23.532,408484.35
1737086400,2025-01-17T04:00:00+00:00,23.534,24.285,23.487,24.132,442501.55
1737100800,2025-01-17T08:00:00+00:00,24.128,24.447,23.829,24.142,385011.52999999997
1737115200,2025-01-17T12:00:00+00:00,24.141,24.518,23.85,24.441,661606.79
1737129600,2025-01-17T16:00:00+00:00,24.441,24.722,24.188,24.539,503702.95999999996
1737144000,2025-01-17T20:00:00+00:00,24.545,25.238,24.491,25.104,632440.66
1737158400,2025-01-18T00:00:00+00:00,25.107,25.679,24.441,24.551,647585.3200000001
1737172800,2025-01-18T04:00:00+00:00,24.552,24.717,23.419,23.816,525216.88
1737187200,2025-01-18T08:00:00+00:00,23.827,24.615,23.491,24.417,339794.11
1737201600,2025-01-18T12:00:00+00:00,24.42,24.839,23.935,24.061,629510.5
1737216000,2025-01-18T16:00:00+00:00,24.061,24.114,23.354,23.947,989332.78
1737230400,2025-01-18T20:00:00+00:00,23.96,24.187,23.513,24.086,445119.68
1737244800,2025-01-19T00:00:00+00:00,24.082,24.57,23.783,23.837,509220.05
1737259200,2025-01-19T04:00:00+00:00,23.84,23.852,23.101,23.328,379175.47
1737273600,2025-01-19T08:00:00+00:00,23.329,23.334,22.166,22.37,638054.71
1737288000,2025-01-19T12:00:00+00:00,22.372,25.9,22.326,25.379,1402624.47
1737302400,2025-01-19T16:00:00+00:00,25.363,26.68,25.272,26,1233108.6300000001
1737316800,2025-01-19T20:00:00+00:00,26,26.476,23.53,24.306,1962861.37
1737331200,2025-01-20T00:00:00+00:00,24.315,24.78,23.368,24.316,1271638.2899999998
1737345600,2025-01-20T04:00:00+00:00,24.304,26.41,23.983,26.25,1173605.66
1737360000,2025-01-20T08:00:00+00:00,26.245,26.9,25.229,25.706,688190.7699999999
1737374400,2025-01-20T12:00:00+00:00,25.7,26.626,24.5,25.817,1740636.6600000001
1737388800,2025-01-20T16:00:00+00:00,25.842,26.379,23.921,25.682,1581504.8800000004
1737403200,2025-01-20T20:00:00+00:00,25.681,25.841,24.924,25.053,505937.34
1737417600,2025-01-21T00:00:00+00:00,25.054,25.167,24.01,24.429,712854.74
1737432000,2025-01-21T04:00:00+00:00,24.418,24.424,23.637,24.057,416353.84
1737446400,2025-01-21T08:00:00+00:00,24.057,26.25,23.857,25.625,803817.81
1737460800,2025-01-21T12:00:00+00:00,25.635,26.437,25.357,25.823,746784.51
1737475200,2025-01-21T16:00:00+00:00,25.825,27.097,25.759,26.629,1171794.04
1737489600,2025-01-21T20:00:00+00:00,26.63,26.906,26.141,26.666,583280.1699999999
1737504000,2025-01-22T00:00:00+00:00,26.656,27.2,26.243,26.309,629010.91
1737518400,2025-01-22T04:00:00+00:00,26.316,26.357,25.69,25.781,229338.77
1737532800,2025-01-22T08:00:00+00:00,25.783,26,25.582,25.86,184838.58
1737547200,2025-01-22T12:00:00+00:00,25.857,25.959,25.314,25.411,371169.0
1737561600,2025-01-22T16:00:00+00:00,25.412,25.677,25.187,25.403,324223.17000000004
1737576000,2025-01-22T20:00:00+00:00,25.404,25.621,25.099,25.275,320703.12
1737590400,2025-01-23T00:00:00+00:00,25.272,25.317,24.462,24.809,508594.75
1737604800,2025-01-23T04:00:00+00:00,24.803,24.819,24.304,24.561,238016.66
1737619200,2025-01-23T08:00:00+00:00,24.56,24.613,23.97,24.46,225672.87
1737633600,2025-01-23T12:00:00+00:00,24.463,25.937,24.035,25.474,804849.98
1737648000,2025-01-23T16:00:00+00:00,25.478,26.241,24.707,24.766,709866.9099999999
1737662400,2025-01-23T20:00:00+00:00,24.762,25.838,24.574,25.663,825874.42
1737676800,2025-01-24T00:00:00+00:00,25.665,25.853,24.839,25.222,368796.77
1737691200,2025-01-24T04:00:00+00:00,25.217,26.326,25.006,25.941,517359.97000000003
1737705600,2025-01-24T08:00:00+00:00,25.937,26.437,25.848,26.18,304690.9
1737720000,2025-01-24T12:00:00+00:00,26.179,26.321,25.69,26.146,403369.93
1737734400,2025-01-24T16:00:00+00:00,26.147,26.263,25.698,25.801,270793.67000000004
1737748800,2025-01-24T20:00:00+00:00,25.809,25.891,25.088,25.188,367835.36
1737763200,2025-01-25T00:00:00+00:00,25.179,25.34,24.818,25.283,365190.54000000004
1737777600,2025-01-25T04:00:00+00:00,25.281,25.318,24.913,24.991,129093.88
1737792000,2025-01-25T08:00:00+00:00,24.991,25.093,24.698,24.973,174703.68000000002
1737806400,2025-01-25T12:00:00+00:00,24.97,25.322,24.72,25.148,366204.3
1737820800,2025-01-25T16:00:00+00:00,25.147,25.367,24.801,25.25,273357.89
1737835200,2025-01-25T20:00:00+00:00,25.251,25.43,24.889,24.92,171313.51
1737849600,2025-01-26T00:00:00+00:00,24.927,25.62,24.854,25.572,318362.91000000003
1737864000,2025-01-26T04:00:00+00:00,25.566,25.88,25.429,25.67,217061.46
1737878400,2025-01-26T08:00:00+00:00,25.671,25.824,25.145,25.311,176421.32
1737892800,2025-01-26T12:00:00+00:00,25.305,25.48,25.114,25.451,186129.19
1737907200,2025-01-26T16:00:00+00:00,25.449,26.265,25.269,26.201,419561.81999999995
1737921600,2025-01-26T20:00:00+00:00,26.195,26.384,24.843,24.863,633663.88
1737936000,2025-01-27T00:00:00+00:00,24.869,25.123,23.723,23.978,944124.29
1737950400,2025-01-27T04:00:00+00:00,23.974,23.974,22.254,22.845,768980.88
1737964800,2025-01-27T08:00:00+00:00,22.835,22.9,22.176,22.412,541011.81
1737979200,2025-01-27T12:00:00+00:00,22.415,24.097,22.313,23.679,977484.37
1737993600,2025-01-27T16:00:00+00:00,23.69,23.905,22.774,23.112,560519.06
1738008000,2025-01-27T20:00:00+00:00,23.113,24.431,23.104,24.198,498136.07999999996
1738022400,2025-01-28T00:00:00+00:00,24.205,24.562,23.773,24.269,463959.36
1738036800,2025-01-28T04:00:00+00:00,24.269,24.657,24.073,24.123,263231.31
1738051200,2025-01-28T08:00:00+00:00,24.126,24.213,23.835,23.964,228866.85
1738065600,2025-01-28T12:00:00+00:00,23.964,24.26,23.513,23.937,442030.69
1738080000,2025-01-28T16:00:00+00:00,23.933,23.965,23.13,23.284,555265.8200000001
1738094400,2025-01-28T20:00:00+00:00,23.285,23.385,22.35,22.603,494320.42000000004
1738108800,2025-01-29T00:00:00+00:00,22.605,23.391,22.567,23.232,313924.69999999995
1738123200,2025-01-29T04:00:00+00:00,23.233,23.552,23.105,23.522,197309.29
1738137600,2025-01-29T08:00:00+00:00,23.516,23.603,23.019,23.457,172326.74
1738152000,2025-01-29T12:00:00+00:00,23.456,23.54,22.463,22.755,538209.03
1738166400,2025-01-29T16:00:00+00:00,22.754,23.8,22.306,23.526,723762.51
1738180800,2025-01-29T20:00:00+00:00,23.521,24.451,23.141,23.663,786185.24
1738195200,2025-01-30T00:00:00+00:00,23.663,24.332,23.401,24.29,370985.89
1738209600,2025-01-30T04:00:00+00:00,24.287,24.58,24.166,24.289,289671.26999999996
1738224000,2025-01-30T08:00:00+00:00,24.297,24.734,24.176,24.47,242404.55
1738238400,2025-01-30T12:00:00+00:00,24.47,25.266,24.211,24.845,550708.73
1738252800,2025-01-30T16:00:00+00:00,24.857,25.09,24.615,24.756,425151.54
1738267200,2025-01-30T20:00:00+00:00,24.769,24.812,24.395,24.459,274111.46
1738281600,2025-01-31T00:00:00+00:00,24.459,24.872,24.251,24.338,194841.22
1738296000,2025-01-31T04:00:00+00:00,24.339,25.373,24.128,24.882,341225.1
1738310400,2025-01-31T08:00:00+00:00,24.887,25.693,24.698,25.66,255362.74
1738324800,2025-01-31T12:00:00+00:00,25.668,26.085,25.362,25.917,477770.42
1738339200,2025-01-31T16:00:00+00:00,25.912,26.4,24.827,24.897,756609.6699999999
1738353600,2025-01-31T20:00:00+00:00,24.895,25.221,24.478,25.152,457544.60000000003
1738368000,2025-02-01T00:00:00+00:00,25.148,25.959,25.065,25.63,536004.39
1738382400,2025-02-01T04:00:00+00:00,25.638,25.849,25.212,25.232,174044.53
1738396800,2025-02-01T08:00:00+00:00,25.235,25.333,24.53,24.776,270063.55000000005
1738411200,2025-02-01T12:00:00+00:00,24.775,24.931,24.239,24.466,290193.82
1738425600,2025-02-01T16:00:00+00:00,24.467,24.637,23.52,23.556,312834.14
1738440000,2025-02-01T20:00:00+00:00,23.555,23.577,22.76,22.97,510808.95999999996
1738454400,2025-02-02T00:00:00+00:00,22.968,23.324,22.231,22.318,487436.67
1738468800,2025-02-02T04:00:00+00:00,22.317,22.91,22.262,22.658,296297.6
1738483200,2025-02-02T08:00:00+00:00,22.657,23.193,22.062,22.112,356688.59
1738497600,2025-02-02T12:00:00+00:00,22.11,22.456,21.857,22.175,411547.68
1738512000,2025-02-02T16:00:00+00:00,22.183,22.193,20.071,20.772,1438499.0899999999
1738526400,2025-02-02T20:00:00+00:00,20.767,21.032,19.31,20.457,1172060.38
1738540800,2025-02-03T00:00:00+00:00,20.459,20.469,16.01,17.733,3193879.2800000003
1738555200,2025-02-03T04:00:00+00:00,17.74,19.5,17.05,19.452,1436185.8900000001
1738569600,2025-02-03T08:00:00+00:00,19.451,19.451,18.448,18.914,699687.3
1738584000,2025-02-03T12:00:00+00:00,18.919,20.711,18.131,20.457,1385524.37
1738598400,2025-02-03T16:00:00+00:00,20.457,22.067,20.15,21.934,1537316.23
1738612800,2025-02-03T20:00:00+00:00,21.933,22.05,21.008,21.67,774040.14
1738627200,2025-02-04T00:00:00+00:00,21.673,21.733,20.735,20.901,559024.23
1738641600,2025-02-04T04:00:00+00:00,20.904,21.133,19.558,19.65,825544.19
1738656000,2025-02-04T08:00:00+00:00,19.651,20.811,19.46,20.347,554132.43
1738670400,2025-02-04T12:00:00+00:00,20.352,21,20.2,20.552,683504.49
1738684800,2025-02-04T16:00:00+00:00,20.553,21.288,20.319,20.325,623380.54
1738699200,2025-02-04T20:00:00+00:00,20.332,20.523,19.321,19.982,932607.74
1738713600,2025-02-05T00:00:00+00:00,19.989,20.272,19.744,19.994,436449.99
1738728000,2025-02-05T04:00:00+00:00,19.993,20.088,19.436,19.648,468473.50999999995
1738742400,2025-02-05T08:00:00+00:00,19.649,20.111,19.407,20.018,397057.8
1738756800,2025-02-05T12:00:00+00:00,20.017,20.106,19.485,19.655,575306.94
1738771200,2025-02-05T16:00:00+00:00,19.648,19.719,18.972,19.472,668367.35
1738785600,2025-02-05T20:00:00+00:00,19.472,19.584,18.97,19.199,360598.11
1738800000,2025-02-06T00:00:00+00:00,19.188,19.584,19.056,19.513,293384.62
1738814400,2025-02-06T04:00:00+00:00,19.512,19.938,19.462,19.702,267800.99
1738828800,2025-02-06T08:00:00+00:00,19.702,19.926,19.493,19.725,270241.08
1738843200,2025-02-06T12:00:00+00:00,19.726,19.765,18.546,18.709,597175.45
1738857600,2025-02-06T16:00:00+00:00,18.708,18.879,18.409,18.516,618668.35
1738872000,2025-02-06T20:00:00+00:00,18.513,18.96,18.425,18.588,354997.13
1738886400,2025-02-07T00:00:00+00:00,18.59,19.062,18.566,18.813,287976.42
1738900800,2025-02-07T04:00:00+00:00,18.817,18.99,18.432,18.789,212379.32
1738915200,2025-02-07T08:00:00+00:00,18.788,19.394,18.7,19.295,233986.24
1738929600,2025-02-07T12:00:00+00:00,19.293,19.863,18.971,19.374,704866.95
1738944000,2025-02-07T16:00:00+00:00,19.38,19.39,18.61,18.736,595522.78
1738958400,2025-02-07T20:00:00+00:00,18.73,18.751,17.796,18.39,766005.2999999999
1738972800,2025-02-08T00:00:00+00:00,18.39,18.628,18.199,18.232,239508.93
1738987200,2025-02-08T04:00:00+00:00,18.229,18.309,17.925,18.178,148432.98
1739001600,2025-02-08T08:00:00+00:00,18.175,18.226,17.91,18.066,127844.07
1739016000,2025-02-08T12:00:00+00:00,18.063,18.242,17.875,18.056,173894.79
1739030400,2025-02-08T16:00:00+00:00,18.054,18.453,17.885,18.339,219136.63999999998
1739044800,2025-02-08T20:00:00+00:00,18.34,18.55,18.189,18.448,204183.17
1739059200,2025-02-09T00:00:00+00:00,18.447,19.009,18.263,18.919,269822.21
1739073600,2025-02-09T04:00:00+00:00,18.92,18.925,18.527,18.762,150759.5
1739088000,2025-02-09T08:00:00+00:00,18.766,18.9,18.552,18.555,115068.11
1739102400,2025-02-09T12:00:00+00:00,18.556,18.796,18.112,18.731,275695.76
1739116800,2025-02-09T16:00:00+00:00,18.732,18.944,18.34,18.375,181914.97000000003
1739131200,2025-02-09T20:00:00+00:00,18.374,18.73,17.44,18.269,599186.56
1739145600,2025-02-10T00:00:00+00:00,18.267,18.653,17.674,18.364,401678.56000000006
1739160000,2025-02-10T04:00:00+00:00,18.372,18.788,18.241,18.646,226898.69
1739174400,2025-02-10T08:00:00+00:00,18.644,18.98,18.627,18.755,170265.41
1739188800,2025-02-10T12:00:00+00:00,18.752,19.121,18.474,18.593,266477.65
1739203200,2025-02-10T16:00:00+00:00,18.596,18.955,18.498,18.845,257722.15999999997
1739217600,2025-02-10T20:00:00+00:00,18.843,18.951,18.62,18.802,166070.34
1739232000,2025-02-11T00:00:00+00:00,18.798,19.37,18.761,19.327,323274.52999999997
1739246400,2025-02-11T04:00:00+00:00,19.334,19.795,19.293,19.635,250869.52
1739260800,2025-02-11T08:00:00+00:00,19.63,19.747,19.336,19.555,174989.62
1739275200,2025-02-11T12:00:00+00:00,19.559,19.578,18.833,19.094,251947.86000000002
1739289600,2025-02-11T16:00:00+00:00,19.094,19.172,18.218,18.447,397262.93
1739304000,2025-02-11T20:00:00+00:00,18.447,18.981,18.411,18.647,250745.99
1739318400,2025-02-12T00:00:00+00:00,18.643,18.89,18.401,18.469,192247.58000000002
1739332800,2025-02-12T04:00:00+00:00,18.462,18.71,18.337,18.586,171224.56
1739347200,2025-02-12T08:00:00+00:00,18.585,18.771,18.392,18.547,136949.17
1739361600,2025-02-12T12:00:00+00:00,18.545,18.819,17.648,18.12,749916.4800000001
1739376000,2025-02-12T16:00:00+00:00,18.122,18.895,17.95,18.84,419118.68999999994
1739390400,2025-02-12T20:00:00+00:00,18.841,19.523,18.738,19.198,399890.07999999996
1739404800,2025-02-13T00:00:00+00:00,19.206,19.333,18.98,19.233,219088.47999999998
1739419200,2025-02-13T04:00:00+00:00,19.236,19.256,18.722,18.817,175066.25
1739433600,2025-02-13T08:00:00+00:00,18.818,18.889,18.564,18.686,108726.02
1739448000,2025-02-13T12:00:00+00:00,18.687,18.707,18.179,18.506,460622.06
1739462400,2025-02-13T16:00:00+00:00,18.499,18.626,18.196,18.348,246826.19
1739476800,2025-02-13T20:00:00+00:00,18.35,18.637,18.34,18.552,281708.36
1739491200,2025-02-14T00:00:00+00:00,18.56,18.969,18.452,18.95,257574.25999999998
1739505600,2025-02-14T04:00:00+00:00,18.952,18.991,18.625,18.766,151023.03000000003
1739520000,2025-02-14T08:00:00+00:00,18.766,19.35,18.674,19.032,332360.17000000004
1739534400,2025-02-14T12:00:00+00:00,19.032,19.622,18.88,19.504,447885.21
1739548800,2025-02-14T16:00:00+00:00,19.505,19.849,19.192,19.51,376229.42000000004
1739563200,2025-02-14T20:00:00+00:00,19.516,19.666,19.122,19.381,322869.75
1739577600,2025-02-15T00:00:00+00:00,19.385,19.612,19.188,19.417,152830.78999999998
1739592000,2025-02-15T04:00:00+00:00,19.42,19.661,19.263,19.273,120142.7
1739606400,2025-02-15T08:00:00+00:00,19.276,19.393,19.022,19.116,108511.72
1739620800,2025-02-15T12:00:00+00:00,19.116,19.291,18.836,18.957,183445.71999999997
1739635200,2025-02-15T16:00:00+00:00,18.955,19.05,18.792,18.879,133710.54
1739649600,2025-02-15T20:00:00+00:00,18.88,19.019,18.74,19.003,163466.47
1739664000,2025-02-16T00:00:00+00:00,18.995,19.125,18.689,18.849,119985.06999999999
1739678400,2025-02-16T04:00:00+00:00,18.852,19.26,18.826,18.904,118292.95
1739692800,2025-02-16T08:00:00+00:00,18.906,19.16,18.833,19.16,67123.04000000001
1739707200,2025-02-16T12:00:00+00:00,19.155,19.19,18.712,18.897,147270.82
1739721600,2025-02-16T16:00:00+00:00,18.894,19.127,18.56,18.837,162981.93
1739736000,2025-02-16T20:00:00+00:00,18.83,19.035,18.65,18.698,175286.39
1739750400,2025-02-17T00:00:00+00:00,18.692,19.009,18.63,18.821,152159.07
1739764800,2025-02-17T04:00:00+00:00,18.82,19.155,18.364,18.806,270051.31
1739779200,2025-02-17T08:00:00+00:00,18.8,19.497,18.72,19.353,272736.25
1739793600,2025-02-17T12:00:00+00:00,19.346,19.785,19.216,19.247,299879.15
1739808000,2025-02-17T16:00:00+00:00,19.235,19.387,18.711,19.082,460854.74000000005
1739822400,2025-02-17T20:00:00+00:00,19.077,19.511,18.972,19.113,239148.24
1739836800,2025-02-18T00:00:00+00:00,19.104,19.2,18.773,18.863,182889.12000000002
1739851200,2025-02-18T04:00:00+00:00,18.866,18.874,18.08,18.083,318825.83999999997
1739865600,2025-02-18T08:00:00+00:00,18.088,18.302,17.856,18.002,196821.4
1739880000,2025-02-18T12:00:00+00:00,17.998,18.389,17.562,17.678,347897.72
1739894400,2025-02-18T16:00:00+00:00,17.676,17.813,17.281,17.603,441212.68000000005
1739908800,2025-02-18T20:00:00+00:00,17.604,17.9,17.425,17.86,261124.40999999997
1739923200,2025-02-19T00:00:00+00:00,17.863,17.989,17.526,17.829,199017.68000000002
1739937600,2025-02-19T04:00:00+00:00,17.828,18.121,17.43,18.032,222219.22999999998
1739952000,2025-02-19T08:00:00+00:00,18.031,18.131,17.876,18.114,174640.69
1739966400,2025-02-19T12:00:00+00:00,18.118,18.2,17.745,17.799,226836.52999999997
1739980800,2025-02-19T16:00:00+00:00,17.805,18.063,17.722,17.905,214417.15
1739995200,2025-02-19T20:00:00+00:00,17.901,18.093,17.758,17.978,154376.4
1740009600,2025-02-20T00:00:00+00:00,17.981,18.366,17.896,18.322,221584.93
1740024000,2025-02-20T04:00:00+00:00,18.32,18.474,18.061,18.106,142966.94
1740038400,2025-02-20T08:00:00+00:00,18.103,18.194,17.823,18.138,212365.02000000002
1740052800,2025-02-20T12:00:00+00:00,18.135,18.373,17.867,17.891,318480.20999999996
1740067200,2025-02-20T16:00:00+00:00,17.894,18.434,17.867,18.342,236739.84
1740081600,2025-02-20T20:00:00+00:00,18.344,18.434,18.135,18.289,182330.36000000002
1740096000,2025-02-21T00:00:00+00:00,18.286,18.324,18.051,18.091,96481.98
1740110400,2025-02-21T04:00:00+00:00,18.096,18.396,18.096,18.262,105328.42000000001
1740124800,2025-02-21T08:00:00+00:00,18.261,18.746,18.224,18.572,152914.93
1740139200,2025-02-21T12:00:00+00:00,18.571,19.06,18.075,18.385,387580.64
1740153600,2025-02-21T16:00:00+00:00,18.389,18.548,17.119,17.277,616695.72
1740168000,2025-02-21T20:00:00+00:00,17.27,17.454,17.12,17.415,346868.51
1740182400,2025-02-22T00:00:00+00:00,17.417,17.672,17.298,17.462,183344.38999999998
1740196800,2025-02-22T04:00:00+00:00,17.459,17.644,17.435,17.482,118326.19
1740211200,2025-02-22T08:00:00+00:00,17.482,17.714,17.422,17.607,92735.13
1740225600,2025-02-22T12:00:00+00:00,17.611,17.832,17.518,17.789,123608.60999999999
1740240000,2025-02-22T16:00:00+00:00,17.79,18.03,17.758,17.867,150565.92
1740254400,2025-02-22T20:00:00+00:00,17.866,17.87,17.715,17.758,99301.3
1740268800,2025-02-23T00:00:00+00:00,17.755,17.912,17.642,17.797,112991.93
1740283200,2025-02-23T04:00:00+00:00,17.801,18.125,17.746,18.12,76951.3
1740297600,2025-02-23T08:00:00+00:00,18.121,18.133,17.711,17.772,56490.25
1740312000,2025-02-23T12:00:00+00:00,17.769,17.846,17.441,17.473,84929.53
1740326400,2025-02-23T16:00:00+00:00,17.471,17.669,17.457,17.538,65584.87
1740340800,2025-02-23T20:00:00+00:00,17.534,17.745,17.423,17.611,90045.3
1740355200,2025-02-24T00:00:00+00:00,17.613,17.747,16.785,16.82,223045.3
1740369600,2025-02-24T04:00:00+00:00,16.823,16.981,16.476,16.871,205340.72999999998
1740384000,2025-02-24T08:00:00+00:00,16.869,16.87,16.446,16.67,166086.38
1740398400,2025-02-24T12:00:00+00:00,16.67,16.779,16.03,16.21,384290.7
1740412800,2025-02-24T16:00:00+00:00,16.215,16.509,15.929,16.099,308961.24
1740427200,2025-02-24T20:00:00+00:00,16.103,16.284,15,15.25,612050.05
1740441600,2025-02-25T00:00:00+00:00,15.25,15.416,14.845,15.125,586515.76
1740456000,2025-02-25T04:00:00+00:00,15.129,15.272,14.021,14.542,742370.5700000001
1740470400,2025-02-25T08:00:00+00:00,14.533,14.91,14.195,14.843,657664.3200000001
1740484800,2025-02-25T12:00:00+00:00,14.842,14.992,14.379,14.728,709559.41
1740499200,2025-02-25T16:00:00+00:00,14.729,15.115,14.488,15.087,613157.22
1740513600,2025-02-25T20:00:00+00:00,15.091,15.569,14.965,15.294,444285.62
1740528000,2025-02-26T00:00:00+00:00,15.296,15.531,15.082,15.366,229976.63
1740542400,2025-02-26T04:00:00+00:00,15.364,15.503,15.145,15.283,273830.26999999996
1740556800,2025-02-26T08:00:00+00:00,15.283,15.633,15.14,15.512,211624.36
1740571200,2025-02-26T12:00:00+00:00,15.517,15.76,14.957,15.515,433891.21
1740585600,2025-02-26T16:00:00+00:00,15.519,15.59,14.666,14.868,487329.1
1740600000,2025-02-26T20:00:00+00:00,14.87,15.686,14.62,15.231,488669.65
1740614400,2025-02-27T00:00:00+00:00,15.236,15.438,15.038,15.282,135004.49
1740628800,2025-02-27T04:00:00+00:00,15.281,15.677,15.11,15.6,179468.63
1740643200,2025-02-27T08:00:00+00:00,15.603,15.769,15.433,15.606,130568.87999999999
1740657600,2025-02-27T12:00:00+00:00,15.608,15.738,15.171,15.378,335185.54000000004
1740672000,2025-02-27T16:00:00+00:00,15.375,15.482,15,15.07,238958.81000000003
1740686400,2025-02-27T20:00:00+00:00,15.075,15.2,14.75,15.091,302342.33999999997
1740700800,2025-02-28T00:00:00+00:00,15.094,15.183,13.808,13.862,870456.31
1740715200,2025-02-28T04:00:00+00:00,13.866,13.969,13.472,13.649,649335.1699999999
1740729600,2025-02-28T08:00:00+00:00,13.652,14.042,13.436,13.756,392572.31999999995
1740744000,2025-02-28T12:00:00+00:00,13.752,14.725,13.657,14.614,466406.15
1740758400,2025-02-28T16:00:00+00:00,14.612,14.849,14.482,14.766,276513.23
1740772800,2025-02-28T20:00:00+00:00,14.761,14.861,14.583,14.804,229115.3
1740787200,2025-03-01T00:00:00+00:00,14.804,14.944,14.475,14.807,284236.51
1740801600,2025-03-01T04:00:00+00:00,14.799,15.001,14.507,14.537,189673.22999999998
1740816000,2025-03-01T08:00:00+00:00,14.54,14.859,14.393,14.439,120192.78
1740830400,2025-03-01T12:00:00+00:00,14.443,14.553,14.216,14.477,157672.3
1740844800,2025-03-01T16:00:00+00:00,14.469,14.898,14.418,14.882,181243.08
1740859200,2025-03-01T20:00:00+00:00,14.882,15.128,14.738,14.751,253515.55999999997
1740873600,2025-03-02T00:00:00+00:00,14.754,14.906,14.645,14.851,144128.84000000003
1740888000,2025-03-02T04:00:00+00:00,14.851,14.919,14.721,14.748,71980.88
1740902400,2025-03-02T08:00:00+00:00,14.747,14.902,14.674,14.772,74625.46
1740916800,2025-03-02T12:00:00+00:00,14.763,15.542,14.39,15.255,464527.1
1740931200,2025-03-02T16:00:00+00:00,15.268,17.813,15.24,16.954,1986423.79
1740945600,2025-03-02T20:00:00+00:00,16.961,17.54,16.895,17.419,571519.94
1740960000,2025-03-03T00:00:00+00:00,17.415,17.495,16.557,16.788,468452.19
1740974400,2025-03-03T04:00:00+00:00,16.792,16.975,16.085,16.486,384940.48
1740988800,2025-03-03T08:00:00+00:00,16.488,16.508,15.942,16.307,190181.11000000002
1741003200,2025-03-03T12:00:00+00:00,16.305,16.876,16.075,16.243,672967.9299999999
1741017600,2025-03-03T16:00:00+00:00,16.246,16.425,14.69,14.74,1185364.16
1741032000,2025-03-03T20:00:00+00:00,14.738,14.932,14.359,14.443,611286.14
1741046400,2025-03-04T00:00:00+00:00,14.445,14.587,13.401,13.759,996528.8600000001
1741060800,2025-03-04T04:00:00+00:00,13.76,14.107,13.72,13.79,270595.5
1741075200,2025-03-04T08:00:00+00:00,13.791,13.968,13.665,13.791,191573.3
1741089600,2025-03-04T12:00:00+00:00,13.784,14.214,13.33,13.819,1037567.55
1741104000,2025-03-04T16:00:00+00:00,13.819,14.53,13.074,14.514,1075398.72
1741118400,2025-03-04T20:00:00+00:00,14.512,15.357,14.311,14.862,948576.4600000001
1741132800,2025-03-05T00:00:00+00:00,14.859,15.103,14.631,14.83,314839.44
1741147200,2025-03-05T04:00:00+00:00,14.831,15.459,14.824,15.448,288970.88
1741161600,2025-03-05T08:00:00+00:00,15.45,16.505,15.364,16.07,682524.9400000001
1741176000,2025-03-05T12:00:00+00:00,16.069,16.174,15.558,15.683,733311.41
1741190400,2025-03-05T16:00:00+00:00,15.683,16.432,15.565,16.35,830342.1
1741204800,2025-03-05T20:00:00+00:00,16.349,16.588,16.258,16.418,488985.43999999994
1741219200,2025-03-06T00:00:00+00:00,16.42,17.341,16.381,17.223,731791.29
1741233600,2025-03-06T04:00:00+00:00,17.231,17.389,16.868,16.907,469413.30999999994
1741248000,2025-03-06T08:00:00+00:00,16.908,17.664,16.856,17.49,753692.5199999999
1741262400,2025-03-06T12:00:00+00:00,17.495,17.55,16.592,17.245,1077562.0
1741276800,2025-03-06T16:00:00+00:00,17.249,17.347,16.527,16.807,646979.66
1741291200,2025-03-06T20:00:00+00:00,16.81,17.296,16.771,17.054,463412.12000000005
1741305600,2025-03-07T00:00:00+00:00,17.048,17.226,15.855,16.169,963347.1699999999
1741320000,2025-03-07T04:00:00+00:00,16.168,17.188,16.158,17.188,393569.82999999996
1741334400,2025-03-07T08:00:00+00:00,17.184,17.371,16.799,17.145,511200.23
1741348800,2025-03-07T12:00:00+00:00,17.145,17.527,16.777,16.927,997030.4
1741363200,2025-03-07T16:00:00+00:00,16.922,17.487,16.081,16.638,1017130.9099999999
1741377600,2025-03-07T20:00:00+00:00,16.638,16.771,15.732,15.932,843593.8500000001
1741392000,2025-03-08T00:00:00+00:00,15.93,16.029,15.431,15.69,486450.07
1741406400,2025-03-08T04:00:00+00:00,15.686,15.859,15.523,15.547,182674.38
1741420800,2025-03-08T08:00:00+00:00,15.545,15.566,15.245,15.327,328022.96
1741435200,2025-03-08T12:00:00+00:00,15.328,15.583,15.162,15.309,288202.08999999997
1741449600,2025-03-08T16:00:00+00:00,15.306,15.573,15.105,15.54,290243.67
1741464000,2025-03-08T20:00:00+00:00,15.544,15.557,15.191,15.256,165166.94
1741478400,2025-03-09T00:00:00+00:00,15.258,15.367,15.013,15.263,283523.95
1741492800,2025-03-09T04:00:00+00:00,15.261,15.356,15.088,15.128,150220.56
1741507200,2025-03-09T08:00:00+00:00,15.122,15.125,14.632,14.694,225840.12
1741521600,2025-03-09T12:00:00+00:00,14.694,14.702,14.246,14.304,520042.25
1741536000,2025-03-09T16:00:00+00:00,14.295,14.364,13.642,13.992,779880.17
1741550400,2025-03-09T20:00:00+00:00,13.987,14.136,13.601,13.8,436194.73
1741564800,2025-03-10T00:00:00+00:00,13.802,14.23,13.654,14.134,514009.27999999997
1741579200,2025-03-10T04:00:00+00:00,14.129,14.337,13.984,14.091,337422.37
1741593600,2025-03-10T08:00:00+00:00,14.095,14.569,13.822,14.258,401521.5
1741608000,2025-03-10T12:00:00+00:00,14.26,14.358,13.246,13.476,874197.98
1741622400,2025-03-10T16:00:00+00:00,13.479,13.541,12.415,12.798,1176757.68
1741636800,2025-03-10T20:00:00+00:00,12.799,13,12.577,12.647,496878.16000000003
1741651200,2025-03-11T00:00:00+00:00,12.647,12.826,11.842,12.434,1189383.1600000001
1741665600,2025-03-11T04:00:00+00:00,12.435,12.955,12.398,12.718,395525.5
1741680000,2025-03-11T08:00:00+00:00,12.718,13.181,12.649,13.045,515885.52
1741694400,2025-03-11T12:00:00+00:00,13.043,13.208,12.356,12.982,1047262.36
1741708800,2025-03-11T16:00:00+00:00,12.981,13.653,12.789,13.602,826737.92
1741723200,2025-03-11T20:00:00+00:00,13.596,13.648,13.081,13.133,449168.1599999999
1741737600,2025-03-12T00:00:00+00:00,13.133,13.486,12.821,12.837,464460.44
1741752000,2025-03-12T04:00:00+00:00,12.836,13.163,12.647,13.084,434722.73
1741766400,2025-03-12T08:00:00+00:00,13.082,13.425,12.998,13.369,457811.41
1741780800,2025-03-12T12:00:00+00:00,13.361,14.031,12.763,13.074,995616.9600000001
1741795200,2025-03-12T16:00:00+00:00,13.07,13.37,13.025,13.273,447122.27
1741809600,2025-03-12T20:00:00+00:00,13.269,13.522,13.202,13.483,377377.45
1741824000,2025-03-13T00:00:00+00:00,13.478,13.537,13.22,13.288,453228.93
1741838400,2025-03-13T04:00:00+00:00,13.285,13.335,13.053,13.133,526779.87
1741852800,2025-03-13T08:00:00+00:00,13.132,13.494,12.983,13.439,312029.33
1741867200,2025-03-13T12:00:00+00:00,13.436,13.6,12.967,13.019,676134.18
1741881600,2025-03-13T16:00:00+00:00,13.02,13.051,12.71,12.823,485076.56000000006
1741896000,2025-03-13T20:00:00+00:00,12.824,13.2,12.728,13.032,332384.82999999996
1741910400,2025-03-14T00:00:00+00:00,13.035,13.353,12.986,13.265,228210.51
1741924800,2025-03-14T04:00:00+00:00,13.263,13.439,13.241,13.344,254907.02
1741939200,2025-03-14T08:00:00+00:00,13.345,14.417,13.31,14.102,2073150.13
1741953600,2025-03-14T12:00:00+00:00,14.103,14.683,13.952,14.373,997725.6500000001
1741968000,2025-03-14T16:00:00+00:00,14.374,14.681,13.92,13.941,723315.98
1741982400,2025-03-14T20:00:00+00:00,13.94,13.96,13.61,13.662,773657.23
1741996800,2025-03-15T00:00:00+00:00,13.661,14.086,13.634,14.014,296666.68
1742011200,2025-03-15T04:00:00+00:00,14.015,14.248,13.721,13.803,309011.98
1742025600,2025-03-15T08:00:00+00:00,13.803,14.098,13.751,14.05,176374.94
1742040000,2025-03-15T12:00:00+00:00,14.044,14.134,13.911,14.039,245159.46
1742054400,2025-03-15T16:00:00+00:00,14.046,14.16,13.955,14.055,212729.79
1742068800,2025-03-15T20:00:00+00:00,14.057,14.164,14.002,14.015,226965.18
1742083200,2025-03-16T00:00:00+00:00,14.014,14.038,13.775,13.975,249532.51
1742097600,2025-03-16T04:00:00+00:00,13.977,14.178,13.972,14.151,186673.43
1742112000,2025-03-16T08:00:00+00:00,14.155,14.185,13.488,13.526,436529.77
1742126400,2025-03-16T12:00:00+00:00,13.528,13.657,13.332,13.482,302717.54
1742140800,2025-03-16T16:00:00+00:00,13.478,13.799,13.366,13.412,248506.09000000003
1742155200,2025-03-16T20:00:00+00:00,13.411,13.515,13.211,13.373,160888.39
1742169600,2025-03-17T00:00:00+00:00,13.37,13.757,13.34,13.693,152181.48
1742184000,2025-03-17T04:00:00+00:00,13.694,13.836,13.482,13.777,137701.87
1742198400,2025-03-17T08:00:00+00:00,13.771,13.887,13.664,13.798,189609.78999999998
1742212800,2025-03-17T12:00:00+00:00,13.799,13.944,13.542,13.759,471579.14
1742227200,2025-03-17T16:00:00+00:00,13.756,14.21,13.65,14.122,443042.13999999996
1742241600,2025-03-17T20:00:00+00:00,14.127,14.24,13.964,14.023,250792.77000000002
1742256000,2025-03-18T00:00:00+00:00,14.029,14.097,13.737,13.828,293173.42
1742270400,2025-03-18T04:00:00+00:00,13.827,14.215,13.799,14.139,408508.37
1742284800,2025-03-18T08:00:00+00:00,14.136,14.269,13.66,13.706,716084.4500000001
1742299200,2025-03-18T12:00:00+00:00,13.709,13.844,13.533,13.593,475471.47
1742313600,2025-03-18T16:00:00+00:00,13.588,13.749,13.452,13.707,261964.69999999998
1742328000,2025-03-18T20:00:00+00:00,13.705,13.948,13.579,13.91,218516.42
1742342400,2025-03-19T00:00:00+00:00,13.91,14.077,13.77,13.995,281549.74
1742356800,2025-03-19T04:00:00+00:00,13.997,14.014,13.843,13.854,199039.86000000002
1742371200,2025-03-19T08:00:00+00:00,13.854,14.496,13.849,14.464,459846.86000000004
1742385600,2025-03-19T12:00:00+00:00,14.466,14.686,14.287,14.617,793787.8999999999
1742400000,2025-03-19T16:00:00+00:00,14.618,14.673,14.201,14.476,950486.25
1742414400,2025-03-19T20:00:00+00:00,14.478,15.043,14.457,15.024,724470.92
1742428800,2025-03-20T00:00:00+00:00,15.024,15.172,14.706,14.721,408362.48000000004
1742443200,2025-03-20T04:00:00+00:00,14.718,14.785,14.585,14.63,157553.16999999998
1742457600,2025-03-20T08:00:00+00:00,14.632,14.808,14.36,14.492,186732.63999999998
1742472000,2025-03-20T12:00:00+00:00,14.493,14.749,14.317,14.346,393903.02
1742486400,2025-03-20T16:00:00+00:00,14.347,14.426,14.078,14.168,288198.61
1742500800,2025-03-20T20:00:00+00:00,14.167,14.279,14.101,14.217,151814.25
1742515200,2025-03-21T00:00:00+00:00,14.21,14.378,14.125,14.13,193620.71999999997
1742529600,2025-03-21T04:00:00+00:00,14.13,14.264,14.047,14.194,93018.29000000001
1742544000,2025-03-21T08:00:00+00:00,14.193,14.273,13.947,14.062,182848.13
1742558400,2025-03-21T12:00:00+00:00,14.057,14.13,13.836,13.871,312209.17
1742572800,2025-03-21T16:00:00+00:00,13.868,14.105,13.819,13.985,225855.03999999998
1742587200,2025-03-21T20:00:00+00:00,13.988,14.172,13.928,13.953,124680.37
1742601600,2025-03-22T00:00:00+00:00,13.954,14.129,13.93,14.073,126529.73999999999
1742616000,2025-03-22T04:00:00+00:00,14.068,14.15,14.048,14.069,79899.42
1742630400,2025-03-22T08:00:00+00:00,14.074,14.29,14.039,14.198,141181.75
1742644800,2025-03-22T12:00:00+00:00,14.2,14.339,14.127,14.23,111676.35
1742659200,2025-03-22T16:00:00+00:00,14.22,14.494,14.203,14.465,180593.24
1742673600,2025-03-22T20:00:00+00:00,14.469,14.499,14.154,14.246,150901.72
1742688000,2025-03-23T00:00:00+00:00,14.246,14.46,14.212,14.46,150074.08
1742702400,2025-03-23T04:00:00+00:00,14.461,14.469,14.277,14.289,76564.79
1742716800,2025-03-23T08:00:00+00:00,14.291,14.485,14.246,14.382,120622.48999999999
1742731200,2025-03-23T12:00:00+00:00,14.383,14.492,14.284,14.429,113119.79000000001
1742745600,2025-03-23T16:00:00+00:00,14.431,14.449,14.241,14.352,192347.85000000003
1742760000,2025-03-23T20:00:00+00:00,14.361,14.47,14.236,14.469,142492.24
1742774400,2025-03-24T00:00:00+00:00,14.467,14.699,14.152,14.665,438763.76
1742788800,2025-03-24T04:00:00+00:00,14.667,15.156,14.667,15.025,412168.57
1742803200,2025-03-24T08:00:00+00:00,15.025,15.31,15.023,15.192,286851.88
1742817600,2025-03-24T12:00:00+00:00,15.2,15.398,15.047,15.205,618654.91
1742832000,2025-03-24T16:00:00+00:00,15.207,15.293,14.991,15.159,396532.54
1742846400,2025-03-24T20:00:00+00:00,15.159,15.256,14.994,15.127,173545.06
1742860800,2025-03-25T00:00:00+00:00,15.127,15.245,14.873,14.906,309583.95999999996
1742875200,2025-03-25T04:00:00+00:00,14.903,15.25,14.864,15.199,172339.43
1742889600,2025-03-25T08:00:00+00:00,15.2,15.492,15.197,15.439,282986.18
1742904000,2025-03-25T12:00:00+00:00,15.443,15.588,15.282,15.335,314272.57
1742918400,2025-03-25T16:00:00+00:00,15.33,15.515,15.286,15.463,274007.13
1742932800,2025-03-25T20:00:00+00:00,15.464,15.649,15.335,15.437,333453.63
1742947200,2025-03-26T00:00:00+00:00,15.433,15.617,15.245,15.315,244607.44999999998
1742961600,2025-03-26T04:00:00+00:00,15.315,15.945,15.306,15.913,334559.16000000003
1742976000,2025-03-26T08:00:00+00:00,15.917,15.999,15.789,15.87,246113.42
1742990400,2025-03-26T12:00:00+00:00,15.872,15.883,15.219,15.295,479128.5299999999
1743004800,2025-03-26T16:00:00+00:00,15.293,15.471,14.943,15.153,348127.82
1743019200,2025-03-26T20:00:00+00:00,15.154,15.311,15.032,15.249,248294.41000000003
1743033600,2025-03-27T00:00:00+00:00,15.25,15.796,15.169,15.721,378932.64999999997
1743048000,2025-03-27T04:00:00+00:00,15.729,15.74,15.521,15.64,289896.65
1743062400,2025-03-27T08:00:00+00:00,15.639,15.739,15.488,15.506,394252.62
1743076800,2025-03-27T12:00:00+00:00,15.506,15.797,15.257,15.556,511575.76
1743091200,2025-03-27T16:00:00+00:00,15.555,15.622,15.298,15.475,364412.68000000005
1743105600,2025-03-27T20:00:00+00:00,15.479,15.681,15.395,15.519,233980.74
1743120000,2025-03-28T00:00:00+00:00,15.52,15.581,15.25,15.339,327479.65
1743134400,2025-03-28T04:00:00+00:00,15.339,15.391,14.418,14.475,666737.8500000001
1743148800,2025-03-28T08:00:00+00:00,14.471,14.514,14.189,14.375,520286.68000000005
1743163200,2025-03-28T12:00:00+00:00,14.376,14.461,14.133,14.156,387629.92999999993
1743177600,2025-03-28T16:00:00+00:00,14.157,14.214,13.992,14.061,270363.02
1743192000,2025-03-28T20:00:00+00:00,14.059,14.325,13.962,14.253,313489.61
1743206400,2025-03-29T00:00:00+00:00,14.251,14.405,14.049,14.242,217320.56
1743220800,2025-03-29T04:00:00+00:00,14.24,14.287,13.844,13.903,198160.36
1743235200,2025-03-29T08:00:00+00:00,13.9,14.024,13.539,13.645,469405.87
1743249600,2025-03-29T12:00:00+00:00,13.648,13.837,13.596,13.636,208626.95
1743264000,2025-03-29T16:00:00+00:00,13.637,13.691,13.377,13.577,386963.36
1743278400,2025-03-29T20:00:00+00:00,13.573,13.574,13.366,13.547,220509.30999999997
1743292800,2025-03-30T00:00:00+00:00,13.548,13.873,13.397,13.677,403332.65
1743307200,2025-03-30T04:00:00+00:00,13.676,13.782,13.596,13.669,149155.62
1743321600,2025-03-30T08:00:00+00:00,13.67,13.86,13.644,13.725,157807.3
1743336000,2025-03-30T12:00:00+00:00,13.726,13.783,13.462,13.603,242002.68000000002
1743350400,2025-03-30T16:00:00+00:00,13.601,13.714,13.378,13.601,305375.93
1743364800,2025-03-30T20:00:00+00:00,13.602,13.624,13.199,13.412,308998.06999999995
1743379200,2025-03-31T00:00:00+00:00,13.413,13.532,13.112,13.256,572455.42
1743393600,2025-03-31T04:00:00+00:00,13.255,13.448,13.135,13.213,345685.14
1743408000,2025-03-31T08:00:00+00:00,13.215,13.313,12.957,13.229,388468.49
1743422400,2025-03-31T12:00:00+00:00,13.228,13.697,13.138,13.556,623436.69
1743436800,2025-03-31T16:00:00+00:00,13.558,13.71,13.419,13.525,418479.68
1743451200,2025-03-31T20:00:00+00:00,13.525,13.646,13.44,13.503,192201.22
1743465600,2025-04-01T00:00:00+00:00,13.502,13.763,13.488,13.638,299699.69
1743480000,2025-04-01T04:00:00+00:00,13.639,13.792,13.572,13.734,195043.12
1743494400,2025-04-01T08:00:00+00:00,13.733,14.096,13.732,13.955,753189.74
1743508800,2025-04-01T12:00:00+00:00,13.954,14.389,13.684,14.309,497240.26
1743523200,2025-04-01T16:00:00+00:00,14.31,14.391,14.111,14.182,326541.07999999996
1743537600,2025-04-01T20:00:00+00:00,14.181,14.267,14.027,14.044,207326.03999999998
1743552000,2025-04-02T00:00:00+00:00,14.045,14.05,13.644,13.747,250256.05
1743566400,2025-04-02T04:00:00+00:00,13.743,13.882,13.34,13.39,485685.97
1743580800,2025-04-02T08:00:00+00:00,13.387,13.697,13.323,13.498,223468.31
1743595200,2025-04-02T12:00:00+00:00,13.498,14.198,13.364,14.06,643211.31
1743609600,2025-04-02T16:00:00+00:00,14.06,14.173,13.728,13.998,421960.97
1743624000,2025-04-02T20:00:00+00:00,13.999,14.394,12.811,12.903,1467151.78
1743638400,2025-04-03T00:00:00+00:00,12.903,13.304,12.839,13.194,349765.08999999997
1743652800,2025-04-03T04:00:00+00:00,13.198,13.278,12.878,12.954,422720.18
1743667200,2025-04-03T08:00:00+00:00,12.954,13.074,12.7,12.824,396344.56000000006
1743681600,2025-04-03T12:00:00+00:00,12.82,12.83,12.299,12.56,1058129.8199999998
1743696000,2025-04-03T16:00:00+00:00,12.556,12.726,12.414,12.643,459354.49000000005
1743710400,2025-04-03T20:00:00+00:00,12.644,12.905,12.601,12.896,406473.16000000003
1743724800,2025-04-04T00:00:00+00:00,12.899,12.952,12.652,12.707,334179.02
1743739200,2025-04-04T04:00:00+00:00,12.707,13.104,12.599,13.074,380877.37
1743753600,2025-04-04T08:00:00+00:00,13.074,13.189,12.352,12.561,592005.03
1743768000,2025-04-04T12:00:00+00:00,12.562,12.927,12.423,12.735,1116820.13
1743782400,2025-04-04T16:00:00+00:00,12.737,13.071,12.665,12.922,706294.17
1743796800,2025-04-04T20:00:00+00:00,12.922,13.087,12.867,12.942,240268.58000000002
1743811200,2025-04-05T00:00:00+00:00,12.939,13.03,12.839,12.848,110937.29
1743825600,2025-04-05T04:00:00+00:00,12.846,12.917,12.779,12.873,76527.43000000001
1743840000,2025-04-05T08:00:00+00:00,12.875,13.052,12.825,12.883,195659.50999999998
1743854400,2025-04-05T12:00:00+00:00,12.883,12.923,12.572,12.627,306919.80999999994
1743868800,2025-04-05T16:00:00+00:00,12.626,12.718,12.6,12.613,110382.95
1743883200,2025-04-05T20:00:00+00:00,12.614,12.874,12.576,12.841,104514.6
1743897600,2025-04-06T00:00:00+00:00,12.845,12.944,12.71,12.784,209440.89
1743912000,2025-04-06T04:00:00+00:00,12.784,12.824,12.625,12.648,93900.06
1743926400,2025-04-06T08:00:00+00:00,12.651,12.702,12.54,12.608,113165.52
1743940800,2025-04-06T12:00:00+00:00,12.607,12.643,12.067,12.321,497127.93999999994
1743955200,2025-04-06T16:00:00+00:00,12.319,12.343,11.436,11.581,902470.6299999999
1743969600,2025-04-06T20:00:00+00:00,11.578,11.64,11,11.279,1075272.49
1743984000,2025-04-07T00:00:00+00:00,11.281,11.512,10.799,10.927,611222.05
1743998400,2025-04-07T04:00:00+00:00,10.928,11.149,10.1,10.339,1140869.17
1744012800,2025-04-07T08:00:00+00:00,10.34,10.943,10.294,10.701,815053.1799999999
1744027200,2025-04-07T12:00:00+00:00,10.703,11.871,10.656,11.284,2380602.96
1744041600,2025-04-07T16:00:00+00:00,11.281,11.496,11.079,11.32,1477603.86
1744056000,2025-04-07T20:00:00+00:00,11.325,11.664,11.322,11.449,352320.41000000003
1744070400,2025-04-08T00:00:00+00:00,11.448,11.867,11.357,11.639,414654.19
1744084800,2025-04-08T04:00:00+00:00,11.642,11.866,11.509,11.602,390992.1699999999
1744099200,2025-04-08T08:00:00+00:00,11.6,11.805,11.423,11.78,328931.81000000006
1744113600,2025-04-08T12:00:00+00:00,11.78,11.888,11.371,11.422,969753.8300000001
1744128000,2025-04-08T16:00:00+00:00,11.421,11.443,10.833,10.899,796510.71
1744142400,2025-04-08T20:00:00+00:00,10.898,11.077,10.769,10.912,400186.53
1744156800,2025-04-09T00:00:00+00:00,10.915,11,10.436,10.68,802811.64
1744171200,2025-04-09T04:00:00+00:00,10.679,11.496,10.658,11.379,874538.0900000001
1744185600,2025-04-09T08:00:00+00:00,11.379,11.481,11.093,11.172,582057.4
1744200000,2025-04-09T12:00:00+00:00,11.173,11.483,11.047,11.362,812697.77
1744214400,2025-04-09T16:00:00+00:00,11.363,12.757,11.334,12.598,2147856.46
1744228800,2025-04-09T20:00:00+00:00,12.6,12.824,12.599,12.65,431056.77999999997
1744243200,2025-04-10T00:00:00+00:00,12.65,12.661,12.162,12.306,314844.63
1744257600,2025-04-10T04:00:00+00:00,12.311,12.494,12.227,12.317,254218.75
1744272000,2025-04-10T08:00:00+00:00,12.321,12.44,12.265,12.396,242950.90999999997
1744286400,2025-04-10T12:00:00+00:00,12.394,12.597,11.77,11.816,802032.91
1744300800,2025-04-10T16:00:00+00:00,11.813,12.091,11.663,11.987,682257.86
1744315200,2025-04-10T20:00:00+00:00,11.986,12.12,11.976,12.069,202782.43
1744329600,2025-04-11T00:00:00+00:00,12.065,12.465,12.018,12.391,430452.51999999996
1744344000,2025-04-11T04:00:00+00:00,12.388,12.523,12.313,12.392,205449.21
1744358400,2025-04-11T08:00:00+00:00,12.391,12.694,12.323,12.464,327514.67000000004
1744372800,2025-04-11T12:00:00+00:00,12.466,12.668,12.359,12.542,506797.41000000003
1744387200,2025-04-11T16:00:00+00:00,12.551,12.802,12.45,12.702,344024.75
1744401600,2025-04-11T20:00:00+00:00,12.703,12.901,12.582,12.64,196097.63999999998
1744416000,2025-04-12T00:00:00+00:00,12.638,12.689,12.464,12.542,128401.45999999999
1744430400,2025-04-12T04:00:00+00:00,12.542,12.789,12.5,12.768,107315.81999999999
1744444800,2025-04-12T08:00:00+00:00,12.772,12.941,12.668,12.738,86061.58
1744459200,2025-04-12T12:00:00+00:00,12.739,13.264,12.715,13.114,501619.19999999995
1744473600,2025-04-12T16:00:00+00:00,13.115,13.18,12.966,13.088,350943.43
1744488000,2025-04-12T20:00:00+00:00,13.087,13.287,13.081,13.148,195539.97
1744502400,2025-04-13T00:00:00+00:00,13.148,13.228,12.98,13.04,155015.24
1744516800,2025-04-13T04:00:00+00:00,13.04,13.047,12.871,12.926,99951.09
1744531200,2025-04-13T08:00:00+00:00,12.928,13.163,12.783,12.79,182389.28999999998
1744545600,2025-04-13T12:00:00+00:00,12.787,12.903,12.595,12.676,197074.16
1744560000,2025-04-13T16:00:00+00:00,12.673,13.227,12.475,12.67,291089.80000000005
1744574400,2025-04-13T20:00:00+00:00,12.672,12.809,12.421,12.625,292707.04000000004
1744588800,2025-04-14T00:00:00+00:00,12.625,13.151,12.581,12.775,314375.29
1744603200,2025-04-14T04:00:00+00:00,12.781,12.906,12.572,12.731,151124.91
1744617600,2025-04-14T08:00:00+00:00,12.731,13.243,12.697,13.152,226238.5
1744632000,2025-04-14T12:00:00+00:00,13.153,13.234,12.664,12.714,394174.14
1744646400,2025-04-14T16:00:00+00:00,12.714,13.014,12.645,12.862,216255.55
1744660800,2025-04-14T20:00:00+00:00,12.87,12.878,12.578,12.635,150117.37
1744675200,2025-04-15T00:00:00+00:00,12.639,12.756,12.523,12.734,243624.53000000003
1744689600,2025-04-15T04:00:00+00:00,12.732,12.798,12.614,12.738,183361.4
1744704000,2025-04-15T08:00:00+00:00,12.737,12.795,12.515,12.593,234365.41
1744718400,2025-04-15T12:00:00+00:00,12.596,12.832,12.295,12.373,459946.93000000005
1744732800,2025-04-15T16:00:00+00:00,12.372,12.449,12.261,12.368,279354.86
1744747200,2025-04-15T20:00:00+00:00,12.366,12.443,12.2,12.233,229384.97999999998
1744761600,2025-04-16T00:00:00+00:00,12.231,12.422,12.175,12.401,152235.27000000002
1744776000,2025-04-16T04:00:00+00:00,12.394,12.436,12.13,12.156,160557.38
1744790400,2025-04-16T08:00:00+00:00,12.154,12.304,12.045,12.174,185249.79
1744804800,2025-04-16T12:00:00+00:00,12.174,12.525,12.039,12.322,301533.78
1744819200,2025-04-16T16:00:00+00:00,12.321,12.499,11.91,12.392,523146.38
1744833600,2025-04-16T20:00:00+00:00,12.385,12.511,12.268,12.357,184596.07
1744848000,2025-04-17T00:00:00+00:00,12.353,12.505,12.303,12.386,108533.18
1744862400,2025-04-17T04:00:00+00:00,12.383,12.69,12.348,12.606,154371.94999999998
1744876800,2025-04-17T08:00:00+00:00,12.606,12.624,12.392,12.443,204343.93
1744891200,2025-04-17T12:00:00+00:00,12.444,12.541,12.201,12.439,279679.67
1744905600,2025-04-17T16:00:00+00:00,12.441,12.701,12.383,12.495,339152.36
1744920000,2025-04-17T20:00:00+00:00,12.496,12.625,12.486,12.536,91705.52
1744934400,2025-04-18T00:00:00+00:00,12.536,12.58,12.404,12.562,107038.75
1744948800,2025-04-18T04:00:00+00:00,12.563,12.685,12.524,12.637,54254.53
1744963200,2025-04-18T08:00:00+00:00,12.639,12.716,12.592,12.626,117923.51000000001
1744977600,2025-04-18T12:00:00+00:00,12.629,12.649,12.466,12.515,112776.86
1744992000,2025-04-18T16:00:00+00:00,12.509,12.647,12.5,12.63,120491.40000000001
1745006400,2025-04-18T20:00:00+00:00,12.632,12.656,12.511,12.559,84833.69
1745020800,2025-04-19T00:00:00+00:00,12.562,12.768,12.54,12.717,115295.27999999998
1745035200,2025-04-19T04:00:00+00:00,12.717,12.887,12.711,12.861,108435.73000000001
1745049600,2025-04-19T08:00:00+00:00,12.861,12.927,12.75,12.756,105686.87
1745064000,2025-04-19T12:00:00+00:00,12.757,12.835,12.714,12.752,71759.51000000001
1745078400,2025-04-19T16:00:00+00:00,12.753,13.006,12.701,12.934,119247.85999999999
1745092800,2025-04-19T20:00:00+00:00,12.937,13.048,12.906,12.93,77484.7
1745107200,2025-04-20T00:00:00+00:00,12.933,13.05,12.911,13.033,82015.76000000001
1745121600,2025-04-20T04:00:00+00:00,13.036,13.097,12.876,12.975,100391.59
1745136000,2025-04-20T08:00:00+00:00,12.975,13.136,12.879,12.911,177756.86
1745150400,2025-04-20T12:00:00+00:00,12.912,13.206,12.91,13.11,182666.94
1745164800,2025-04-20T16:00:00+00:00,13.11,13.449,13.057,13.403,192919.01
1745179200,2025-04-20T20:00:00+00:00,13.403,13.596,13.244,13.283,252753.22999999998
1745193600,2025-04-21T00:00:00+00:00,13.285,13.652,13.259,13.534,315633.86
1745208000,2025-04-21T04:00:00+00:00,13.529,13.647,13.465,13.643,149206.69
1745222400,2025-04-21T08:00:00+00:00,13.644,13.693,13.387,13.45,132440.72999999998
1745236800,2025-04-21T12:00:00+00:00,13.444,13.615,13.326,13.363,270387.31
1745251200,2025-04-21T16:00:00+00:00,13.368,13.388,12.969,13.136,311907.84
1745265600,2025-04-21T20:00:00+00:00,13.134,13.155,13.015,13.102,127531.73999999999
1745280000,2025-04-22T00:00:00+00:00,13.102,13.312,12.886,13.126,257306.35
1745294400,2025-04-22T04:00:00+00:00,13.127,13.339,13.011,13.287,189021.34999999998
1745308800,2025-04-22T08:00:00+00:00,13.287,13.52,13.245,13.454,215264.90000000002
1745323200,2025-04-22T12:00:00+00:00,13.449,14.095,13.406,13.867,697769.78
1745337600,2025-04-22T16:00:00+00:00,13.868,13.932,13.72,13.861,301748.15
1745352000,2025-04-22T20:00:00+00:00,13.86,14.175,13.779,14.138,613207.4199999999
1745366400,2025-04-23T00:00:00+00:00,14.139,14.428,14.026,14.427,450983.38999999996
1745380800,2025-04-23T04:00:00+00:00,14.429,14.768,14.359,14.749,327151.54000000004
1745395200,2025-04-23T08:00:00+00:00,14.749,15.151,14.707,15.014,453546.55000000005
1745409600,2025-04-23T12:00:00+00:00,15.017,15.305,14.584,14.851,988159.8700000001
1745424000,2025-04-23T16:00:00+00:00,14.851,15.044,14.715,14.859,428599.74000000005
1745438400,2025-04-23T20:00:00+00:00,14.861,15.156,14.854,15.021,240700.89
1745452800,2025-04-24T00:00:00+00:00,15.019,15.115,14.566,14.575,275756.30000000005
1745467200,2025-04-24T04:00:00+00:00,14.574,14.631,14.268,14.322,492266.21
1745481600,2025-04-24T08:00:00+00:00,14.328,14.457,14.156,14.437,215861.88999999998
1745496000,2025-04-24T12:00:00+00:00,14.436,15.156,14.366,14.878,486998.35
1745510400,2025-04-24T16:00:00+00:00,14.882,15.078,14.722,14.956,406963.22
1745524800,2025-04-24T20:00:00+00:00,14.956,15.109,14.847,15.064,261972.51
1745539200,2025-04-25T00:00:00+00:00,15.066,15.201,14.713,14.981,343075.19
1745553600,2025-04-25T04:00:00+00:00,14.98,15.287,14.87,15.118,216876.93
1745568000,2025-04-25T08:00:00+00:00,15.118,15.299,14.931,15.153,389888.39
1745582400,2025-04-25T12:00:00+00:00,15.154,15.362,14.827,15.208,713098.6100000001
1745596800,2025-04-25T16:00:00+00:00,15.207,15.256,14.939,15.07,320279.42
1745611200,2025-04-25T20:00:00+00:00,15.071,15.089,14.898,14.927,148733.97
1745625600,2025-04-26T00:00:00+00:00,14.928,15.289,14.928,15.103,317889.97000000003
1745640000,2025-04-26T04:00:00+00:00,15.099,15.226,14.963,15.096,210690.75000000003
1745654400,2025-04-26T08:00:00+00:00,15.095,15.262,14.744,14.778,274514.51999999996
1745668800,2025-04-26T12:00:00+00:00,14.78,14.94,14.682,14.925,189098.76
1745683200,2025-04-26T16:00:00+00:00,14.923,14.97,14.796,14.893,119337.75
1745697600,2025-04-26T20:00:00+00:00,14.894,14.981,14.798,14.87,120182.25
1745712000,2025-04-27T00:00:00+00:00,14.875,15.1,14.61,14.759,464241.44
1745726400,2025-04-27T04:00:00+00:00,14.756,14.845,14.44,14.556,210675.06
1745740800,2025-04-27T08:00:00+00:00,14.558,14.665,14.505,14.529,85552.25
1745755200,2025-04-27T12:00:00+00:00,14.529,14.655,14.38,14.48,174503.55
1745769600,2025-04-27T16:00:00+00:00,14.48,14.824,14.398,14.817,135173.08000000002
1745784000,2025-04-27T20:00:00+00:00,14.82,14.825,14.561,14.562,162508.59000000003
1745798400,2025-04-28T00:00:00+00:00,14.562,14.869,14.245,14.843,410423.18000000005
1745812800,2025-04-28T04:00:00+00:00,14.843,15.039,14.742,15.022,306821.29000000004
1745827200,2025-04-28T08:00:00+00:00,15.023,15.111,14.808,14.98,189586.89
1745841600,2025-04-28T12:00:00+00:00,14.98,14.983,14.453,14.556,399640.23
1745856000,2025-04-28T16:00:00+00:00,14.554,15.017,14.421,14.958,302288.33999999997
1745870400,2025-04-28T20:00:00+00:00,14.955,15.111,14.801,15.024,197777.38
1745884800,2025-04-29T00:00:00+00:00,15.026,15.24,14.936,15.068,236974.04
1745899200,2025-04-29T04:00:00+00:00,15.066,15.204,14.849,15.177,127830.22
1745913600,2025-04-29T08:00:00+00:00,15.175,15.229,15.004,15.024,185135.88999999998
1745928000,2025-04-29T12:00:00+00:00,15.031,15.05,14.848,14.903,208677.05
1745942400,2025-04-29T16:00:00+00:00,14.91,15.015,14.79,14.869,222511.83
1745956800,2025-04-29T20:00:00+00:00,14.871,14.907,14.483,14.605,211882.32
1745971200,2025-04-30T00:00:00+00:00,14.603,14.763,14.506,14.726,111332.44
1745985600,2025-04-30T04:00:00+00:00,14.727,14.745,14.476,14.537,78656.54
1746000000,2025-04-30T08:00:00+00:00,14.535,14.677,14.472,14.636,107500.16
1746014400,2025-04-30T12:00:00+00:00,14.636,14.647,13.834,14.132,490323.42000000004
1746028800,2025-04-30T16:00:00+00:00,14.127,14.376,13.982,14.213,324072.85
1746043200,2025-04-30T20:00:00+00:00,14.214,14.431,14.204,14.296,153024.75
1746057600,2025-05-01T00:00:00+00:00,14.296,14.678,14.294,14.536,142108.71999999997
1746072000,2025-05-01T04:00:00+00:00,14.541,14.75,14.484,14.725,107417.69
1746086400,2025-05-01T08:00:00+00:00,14.724,15.025,14.7,14.984,173610.84
1746100800,2025-05-01T12:00:00+00:00,14.982,15.04,14.708,14.871,427658.89999999997
1746115200,2025-05-01T16:00:00+00:00,14.87,15.019,14.833,14.848,183681.12
1746129600,2025-05-01T20:00:00+00:00,14.845,14.957,14.735,14.754,146280.93
1746144000,2025-05-02T00:00:00+00:00,14.747,15.04,14.699,14.878,210235.65000000002
1746158400,2025-05-02T04:00:00+00:00,14.879,14.907,14.558,14.569,139989.72
1746172800,2025-05-02T08:00:00+00:00,14.567,14.771,14.56,14.601,105945.27
1746187200,2025-05-02T12:00:00+00:00,14.596,14.878,14.5,14.792,293899.3
1746201600,2025-05-02T16:00:00+00:00,14.795,15.023,14.622,14.646,216354.61
1746216000,2025-05-02T20:00:00+00:00,14.648,14.808,14.578,14.663,93644.29
1746230400,2025-05-03T00:00:00+00:00,14.665,14.672,14.5,14.534,84588.13
1746244800,2025-05-03T04:00:00+00:00,14.531,14.555,14.372,14.399,74122.0
1746259200,2025-05-03T08:00:00+00:00,14.401,14.433,14.286,14.314,81554.99
1746273600,2025-05-03T12:00:00+00:00,14.316,14.532,14.31,14.425,69808.88
1746288000,2025-05-03T16:00:00+00:00,14.425,14.428,14.165,14.379,166663.87999999998
1746302400,2025-05-03T20:00:00+00:00,14.379,14.448,14.236,14.251,143166.00999999998
1746316800,2025-05-04T00:00:00+00:00,14.251,14.366,14.156,14.18,73083.07
1746331200,2025-05-04T04:00:00+00:00,14.177,14.263,14.075,14.129,141571.74000000002
1746345600,2025-05-04T08:00:00+00:00,14.13,14.132,13.982,14.05,86045.79000000001
1746360000,2025-05-04T12:00:00+00:00,14.044,14.181,13.997,14.108,75966.94
1746374400,2025-05-04T16:00:00+00:00,14.106,14.132,13.969,14.021,66470.32
1746388800,2025-05-04T20:00:00+00:00,14.02,14.188,13.813,13.86,123146.43999999999
1746403200,2025-05-05T00:00:00+00:00,13.86,14.025,13.767,13.883,126751.37999999999
1746417600,2025-05-05T04:00:00+00:00,13.882,14.197,13.852,14.119,84317.94
1746432000,2025-05-05T08:00:00+00:00,14.112,14.15,13.668,13.742,210815.34999999998
1746446400,2025-05-05T12:00:00+00:00,13.743,14.151,13.526,13.567,538463.91
1746460800,2025-05-05T16:00:00+00:00,13.567,13.813,13.555,13.637,213009.77
1746475200,2025-05-05T20:00:00+00:00,13.636,13.763,13.48,13.641,149817.88
1746489600,2025-05-06T00:00:00+00:00,13.642,13.681,13.401,13.592,151123.22999999998
1746504000,2025-05-06T04:00:00+00:00,13.594,13.625,13.495,13.527,93209.45999999999
1746518400,2025-05-06T08:00:00+00:00,13.522,13.524,13.223,13.286,247017.04
1746532800,2025-05-06T12:00:00+00:00,13.289,13.498,13.203,13.38,207538.14
1746547200,2025-05-06T16:00:00+00:00,13.38,13.693,13.321,13.614,256052.14
1746561600,2025-05-06T20:00:00+00:00,13.616,13.887,13.328,13.819,320501.02999999997
1746576000,2025-05-07T00:00:00+00:00,13.823,14.088,13.782,13.923,295012.8
1746590400,2025-05-07T04:00:00+00:00,13.921,14,13.712,13.928,188972.62000000002
1746604800,2025-05-07T08:00:00+00:00,13.928,13.984,13.817,13.864,77466.38
1746619200,2025-05-07T12:00:00+00:00,13.867,13.877,13.577,13.594,223909.56999999998
1746633600,2025-05-07T16:00:00+00:00,13.596,13.708,13.466,13.557,204845.22999999998
1746648000,2025-05-07T20:00:00+00:00,13.557,13.92,13.533,13.823,220370.82
1746662400,2025-05-08T00:00:00+00:00,13.823,14.509,13.811,14.489,375595.79
1746676800,2025-05-08T04:00:00+00:00,14.494,14.735,14.464,14.688,257669.53
1746691200,2025-05-08T08:00:00+00:00,14.687,14.98,14.679,14.892,216197.95999999996
1746705600,2025-05-08T12:00:00+00:00,14.893,15.425,14.802,15.232,520556.05000000005
1746720000,2025-05-08T16:00:00+00:00,15.234,15.604,15.173,15.541,601350.63
1746734400,2025-05-08T20:00:00+00:00,15.542,15.98,15.48,15.889,654733.01
1746748800,2025-05-09T00:00:00+00:00,15.885,15.954,15.643,15.681,268686.48000000004
1746763200,2025-05-09T04:00:00+00:00,15.687,16.289,15.584,16.112,328272.43
1746777600,2025-05-09T08:00:00+00:00,16.106,16.77,15.854,16.221,801079.7699999999
1746792000,2025-05-09T12:00:00+00:00,16.22,16.391,15.755,15.962,522984.73000000004
1746806400,2025-05-09T16:00:00+00:00,15.963,16.195,15.743,16.006,346739.63
1746820800,2025-05-09T20:00:00+00:00,16.007,16.088,15.916,16.019,156076.84000000003
1746835200,2025-05-10T00:00:00+00:00,16.013,16.301,15.861,16.06,208021.09999999998
1746849600,2025-05-10T04:00:00+00:00,16.055,16.418,15.896,16.355,181106.68
1746864000,2025-05-10T08:00:00+00:00,16.36,16.5,16.037,16.094,224410.51
1746878400,2025-05-10T12:00:00+00:00,16.097,16.513,16.097,16.427,264366.51
1746892800,2025-05-10T16:00:00+00:00,16.433,16.999,16.408,16.783,384637.81
1746907200,2025-05-10T20:00:00+00:00,16.784,17.469,16.64,17.336,400842.53
1746921600,2025-05-11T00:00:00+00:00,17.334,17.411,16.8,16.953,428173.98
1746936000,2025-05-11T04:00:00+00:00,16.945,17.039,16.308,16.455,274145.28
1746950400,2025-05-11T08:00:00+00:00,16.454,16.691,16.382,16.672,173523.57
1746964800,2025-05-11T12:00:00+00:00,16.67,16.847,16.424,16.629,290654.35000000003
1746979200,2025-05-11T16:00:00+00:00,16.628,17.074,16.431,16.948,286123.15
1746993600,2025-05-11T20:00:00+00:00,16.953,17.161,16.855,17.109,308103.25
1747008000,2025-05-12T00:00:00+00:00,17.112,17.346,16.801,17.16,392931.93000000005
1747022400,2025-05-12T04:00:00+00:00,17.158,17.979,16.947,17.512,398662.58
1747036800,2025-05-12T08:00:00+00:00,17.515,17.635,17.103,17.136,338399.78
1747051200,2025-05-12T12:00:00+00:00,17.13,17.586,16.699,16.834,727695.97
1747065600,2025-05-12T16:00:00+00:00,16.831,17.026,16.032,16.528,541813.53
1747080000,2025-05-12T20:00:00+00:00,16.528,16.839,16.4,16.736,263542.69
1747094400,2025-05-13T00:00:00+00:00,16.739,16.741,16.053,16.074,276579.49
1747108800,2025-05-13T04:00:00+00:00,16.072,16.564,16.037,16.411,108067.11
1747123200,2025-05-13T08:00:00+00:00,16.416,16.78,16.359,16.668,189654.43
1747137600,2025-05-13T12:00:00+00:00,16.669,16.895,16.527,16.872,521274.03
1747152000,2025-05-13T16:00:00+00:00,16.877,17.806,16.839,17.624,583056.06
1747166400,2025-05-13T20:00:00+00:00,17.621,17.753,17.35,17.392,351034.36000000004
1747180800,2025-05-14T00:00:00+00:00,17.393,17.536,17.068,17.232,417208.73
1747195200,2025-05-14T04:00:00+00:00,17.223,17.459,17.118,17.194,120630.59
1747209600,2025-05-14T08:00:00+00:00,17.194,17.247,16.804,17.122,262137.15000000002
1747224000,2025-05-14T12:00:00+00:00,17.122,17.272,16.772,17.016,420321.38
1747238400,2025-05-14T16:00:00+00:00,17.012,17.102,16.675,17.02,356802.87
1747252800,2025-05-14T20:00:00+00:00,17.024,17.117,16.796,17.018,172202.3
1747267200,2025-05-15T00:00:00+00:00,17.02,17.212,16.689,16.722,188892.46000000002
1747281600,2025-05-15T04:00:00+00:00,16.72,16.835,16.19,16.205,220737.83
1747296000,2025-05-15T08:00:00+00:00,16.204,16.557,16.087,16.319,234744.75
1747310400,2025-05-15T12:00:00+00:00,16.318,16.481,15.856,16.454,437517.78
1747324800,2025-05-15T16:00:00+00:00,16.454,16.718,15.995,16.177,367854.22000000003
1747339200,2025-05-15T20:00:00+00:00,16.18,16.303,15.693,16.049,467807.17000000004
1747353600,2025-05-16T00:00:00+00:00,16.05,16.344,15.927,16.303,283532.38
1747368000,2025-05-16T04:00:00+00:00,16.305,16.497,16.157,16.355,165174.87
1747382400,2025-05-16T08:00:00+00:00,16.355,16.551,16.031,16.359,191150.87
1747396800,2025-05-16T12:00:00+00:00,16.361,16.395,16.089,16.265,220218.81999999998
1747411200,2025-05-16T16:00:00+00:00,16.265,16.338,15.979,16.068,225090.99000000002
1747425600,2025-05-16T20:00:00+00:00,16.064,16.09,15.614,15.769,282086.04
1747440000,2025-05-17T00:00:00+00:00,15.761,15.79,15.247,15.522,332762.03
1747454400,2025-05-17T04:00:00+00:00,15.518,15.633,15.336,15.417,121113.35
1747468800,2025-05-17T08:00:00+00:00,15.414,15.485,15.258,15.322,131399.87
1747483200,2025-05-17T12:00:00+00:00,15.312,15.424,15.13,15.313,184849.6
1747497600,2025-05-17T16:00:00+00:00,15.317,15.443,15.085,15.254,206067.27
1747512000,2025-05-17T20:00:00+00:00,15.249,15.493,15.147,15.329,183139.41
1747526400,2025-05-18T00:00:00+00:00,15.331,15.448,15.264,15.369,131665.13999999998
1747540800,2025-05-18T04:00:00+00:00,15.37,15.747,15.365,15.734,88469.0
1747555200,2025-05-18T08:00:00+00:00,15.741,15.879,15.638,15.644,82369.13
1747569600,2025-05-18T12:00:00+00:00,15.641,16.365,15.56,16.344,266394.0
1747584000,2025-05-18T16:00:00+00:00,16.35,16.404,15.189,15.189,446806.30000000005
1747598400,2025-05-18T20:00:00+00:00,15.188,15.97,14.907,15.876,430830.49
1747612800,2025-05-19T00:00:00+00:00,15.884,16.01,15.129,15.148,229363.05
1747627200,2025-05-19T04:00:00+00:00,15.148,15.295,14.846,15.192,211809.32
1747641600,2025-05-19T08:00:00+00:00,15.188,15.313,15.102,15.209,122640.91999999998
1747656000,2025-05-19T12:00:00+00:00,15.208,15.515,15.011,15.474,401220.72
1747670400,2025-05-19T16:00:00+00:00,15.475,15.918,15.357,15.785,714618.8099999999
1747684800,2025-05-19T20:00:00+00:00,15.784,15.854,15.655,15.79,239732.45
1747699200,2025-05-20T00:00:00+00:00,15.793,16.451,15.669,16.131,544115.9
1747713600,2025-05-20T04:00:00+00:00,16.132,16.296,15.902,15.952,245306.44
1747728000,2025-05-20T08:00:00+00:00,15.945,16.037,15.505,15.674,260878.12
1747742400,2025-05-20T12:00:00+00:00,15.672,15.683,15.427,15.539,309799.27
1747756800,2025-05-20T16:00:00+00:00,15.539,15.682,15.244,15.607,282687.78
1747771200,2025-05-20T20:00:00+00:00,15.609,15.825,15.512,15.705,260119.69000000003
1747785600,2025-05-21T00:00:00+00:00,15.711,15.938,15.521,15.872,202894.08
1747800000,2025-05-21T04:00:00+00:00,15.871,16.096,15.797,15.85,289139.81999999995
1747814400,2025-05-21T08:00:00+00:00,15.853,16.25,15.581,15.88,304135.73
1747828800,2025-05-21T12:00:00+00:00,15.879,16.204,15.627,16.119,444215.4
1747843200,2025-05-21T16:00:00+00:00,16.121,16.5,15.553,15.969,751776.89
1747857600,2025-05-21T20:00:00+00:00,15.966,16.342,15.772,16.104,351516.39
1747872000,2025-05-22T00:00:00+00:00,16.11,16.523,16.042,16.417,525696.1100000001
1747886400,2025-05-22T04:00:00+00:00,16.419,16.49,16.214,16.417,205199.74
1747900800,2025-05-22T08:00:00+00:00,16.418,16.75,16.395,16.612,303636.64999999997
1747915200,2025-05-22T12:00:00+00:00,16.613,16.894,16.384,16.805,510746.9600000001
1747929600,2025-05-22T16:00:00+00:00,16.812,16.914,16.623,16.662,207433.59000000003
1747944000,2025-05-22T20:00:00+00:00,16.663,16.788,16.531,16.742,419661.55
1747958400,2025-05-23T00:00:00+00:00,16.743,17.157,16.59,17.131,405251.57999999996
1747972800,2025-05-23T04:00:00+00:00,17.13,17.152,16.555,16.665,232676.76
1747987200,2025-05-23T08:00:00+00:00,16.668,17.117,16.218,16.307,323368.43999999994
1748001600,2025-05-23T12:00:00+00:00,16.308,16.485,15.783,16.208,890085.63
1748016000,2025-05-23T16:00:00+00:00,16.206,16.379,16.028,16.048,295506.53
1748030400,2025-05-23T20:00:00+00:00,16.048,16.049,15.42,15.536,291433.74
1748044800,2025-05-24T00:00:00+00:00,15.541,15.815,15.455,15.751,181524.55
1748059200,2025-05-24T04:00:00+00:00,15.75,15.889,15.646,15.687,117870.39
1748073600,2025-05-24T08:00:00+00:00,15.688,15.912,15.631,15.763,117865.25
1748088000,2025-05-24T12:00:00+00:00,15.763,15.808,15.537,15.647,180956.42
1748102400,2025-05-24T16:00:00+00:00,15.648,15.7,15.429,15.511,143214.68
1748116800,2025-05-24T20:00:00+00:00,15.513,15.52,15.253,15.345,149491.96
1748131200,2025-05-25T00:00:00+00:00,15.347,15.508,15.123,15.471,205017.47999999998
1748145600,2025-05-25T04:00:00+00:00,15.469,15.477,15.272,15.295,65308.229999999996
1748160000,2025-05-25T08:00:00+00:00,15.296,15.296,15.071,15.154,137413.16
1748174400,2025-05-25T12:00:00+00:00,15.15,15.318,14.872,15.031,183220.47999999998
1748188800,2025-05-25T16:00:00+00:00,15.033,15.192,14.89,15.136,116443.29
1748203200,2025-05-25T20:00:00+00:00,15.139,15.565,15.014,15.54,173361.05
1748217600,2025-05-26T00:00:00+00:00,15.543,15.809,15.501,15.698,197801.99
1748232000,2025-05-26T04:00:00+00:00,15.699,15.944,15.594,15.942,167554.71
1748246400,2025-05-26T08:00:00+00:00,15.943,15.966,15.702,15.747,105803.32
1748260800,2025-05-26T12:00:00+00:00,15.748,15.816,15.427,15.771,260844.22999999998
1748275200,2025-05-26T16:00:00+00:00,15.772,15.836,15.406,15.495,153374.16
1748289600,2025-05-26T20:00:00+00:00,15.492,15.685,15.42,15.542,130623.06
1748304000,2025-05-27T00:00:00+00:00,15.543,15.607,15.16,15.457,175833.59999999998
1748318400,2025-05-27T04:00:00+00:00,15.46,15.906,15.443,15.844,135568.35
1748332800,2025-05-27T08:00:00+00:00,15.853,15.985,15.828,15.958,140778.25
1748347200,2025-05-27T12:00:00+00:00,15.955,16.117,15.722,15.997,255735.31999999998
1748361600,2025-05-27T16:00:00+00:00,16.004,16.137,15.88,15.936,159072.26
1748376000,2025-05-27T20:00:00+00:00,15.939,16.03,15.795,15.912,99746.45999999999
1748390400,2025-05-28T00:00:00+00:00,15.914,16.065,15.725,16.044,129373.01
1748404800,2025-05-28T04:00:00+00:00,16.04,16.157,15.79,15.88,117273.53
1748419200,2025-05-28T08:00:00+00:00,15.884,16.012,15.741,15.979,88066.84
1748433600,2025-05-28T12:00:00+00:00,15.981,16.101,15.434,15.448,238319.41
1748448000,2025-05-28T16:00:00+00:00,15.452,15.68,15.314,15.321,157239.79
1748462400,2025-05-28T20:00:00+00:00,15.323,15.768,15.314,15.69,174123.28
1748476800,2025-05-29T00:00:00+00:00,15.693,16.193,15.592,16.028,401939.92000000004
1748491200,2025-05-29T04:00:00+00:00,16.027,16.069,15.68,15.792,154203.45
1748505600,2025-05-29T08:00:00+00:00,15.796,15.931,15.716,15.861,189320.93999999997
1748520000,2025-05-29T12:00:00+00:00,15.86,15.86,15.316,15.358,257977.49000000002
1748534400,2025-05-29T16:00:00+00:00,15.36,15.499,15.142,15.2,266967.65
1748548800,2025-05-29T20:00:00+00:00,15.195,15.301,15.001,15.048,137807.66999999998
1748563200,2025-05-30T00:00:00+00:00,15.045,15.12,14.183,14.709,611685.66
1748577600,2025-05-30T04:00:00+00:00,14.708,14.765,14.436,14.497,152540.15000000002
1748592000,2025-05-30T08:00:00+00:00,14.505,14.594,14.294,14.542,190393.18
1748606400,2025-05-30T12:00:00+00:00,14.541,14.602,14.241,14.251,365581.39
1748620800,2025-05-30T16:00:00+00:00,14.253,14.354,13.821,14.27,474016.09
1748635200,2025-05-30T20:00:00+00:00,14.269,14.289,13.774,13.9,269867.01
1748649600,2025-05-31T00:00:00+00:00,13.902,13.944,13.403,13.567,373980.16
1748664000,2025-05-31T04:00:00+00:00,13.566,13.76,13.434,13.712,152602.76
1748678400,2025-05-31T08:00:00+00:00,13.714,13.9,13.62,13.674,144672.47
1748692800,2025-05-31T12:00:00+00:00,13.674,14.033,13.659,13.887,183204.04
1748707200,2025-05-31T16:00:00+00:00,13.885,14.186,13.846,14.133,222919.76
1748721600,2025-05-31T20:00:00+00:00,14.131,14.198,13.961,13.974,187283.65000000002
1748736000,2025-06-01T00:00:00+00:00,13.974,13.989,13.754,13.847,143379.39
1748750400,2025-06-01T04:00:00+00:00,13.85,13.999,13.812,13.876,85654.45
1748764800,2025-06-01T08:00:00+00:00,13.875,14.125,13.584,13.82,419724.52
1748779200,2025-06-01T12:00:00+00:00,13.82,13.971,13.709,13.951,192268.61000000002
1748793600,2025-06-01T16:00:00+00:00,13.949,14.111,13.79,14.016,204255.34
1748808000,2025-06-01T20:00:00+00:00,14.016,14.133,13.95,14.074,159064.71
1748822400,2025-06-02T00:00:00+00:00,14.074,14.095,13.814,13.873,195566.16999999998
1748836800,2025-06-02T04:00:00+00:00,13.874,13.995,13.791,13.892,65486.78
1748851200,2025-06-02T08:00:00+00:00,13.89,13.973,13.652,13.685,122969.25
1748865600,2025-06-02T12:00:00+00:00,13.687,13.838,13.639,13.717,255112.44
1748880000,2025-06-02T16:00:00+00:00,13.717,13.852,13.597,13.684,222431.88
1748894400,2025-06-02T20:00:00+00:00,13.684,14.128,13.684,14.088,278335.19
1748908800,2025-06-03T00:00:00+00:00,14.088,14.456,14.044,14.156,387392.01999999996
1748923200,2025-06-03T04:00:00+00:00,14.156,14.23,14.056,14.145,104498.11000000002
1748937600,2025-06-03T08:00:00+00:00,14.138,14.175,14.01,14.094,93491.60999999999
1748952000,2025-06-03T12:00:00+00:00,14.096,14.452,14.051,14.342,337689.35000000003
1748966400,2025-06-03T16:00:00+00:00,14.344,14.419,14.229,14.359,153784.51
1748980800,2025-06-03T20:00:00+00:00,14.364,14.368,14.01,14.124,231295.47
1748995200,2025-06-04T00:00:00+00:00,14.123,14.404,14.07,14.347,145901.75
1749009600,2025-06-04T04:00:00+00:00,14.347,14.432,14.24,14.302,106674.17000000001
1749024000,2025-06-04T08:00:00+00:00,14.3,14.485,14.2,14.207,114795.78
1749038400,2025-06-04T12:00:00+00:00,14.209,14.24,13.957,14.178,288939.79000000004
1749052800,2025-06-04T16:00:00+00:00,14.182,14.185,13.901,13.904,134800.85
1749067200,2025-06-04T20:00:00+00:00,13.903,13.955,13.719,13.842,203363.37
1749081600,2025-06-05T00:00:00+00:00,13.841,13.965,13.744,13.89,145275.94
1749096000,2025-06-05T04:00:00+00:00,13.891,13.95,13.715,13.755,132492.58
1749110400,2025-06-05T08:00:00+00:00,13.756,13.846,13.632,13.773,96642.66999999998
1749124800,2025-06-05T12:00:00+00:00,13.774,14.046,13.537,13.718,322717.45
1749139200,2025-06-05T16:00:00+00:00,13.717,13.731,13.089,13.195,429471.83999999997
1749153600,2025-06-05T20:00:00+00:00,13.194,13.243,12.641,12.892,622424.31
1749168000,2025-06-06T00:00:00+00:00,12.893,13.199,12.828,13.196,191376.09
1749182400,2025-06-06T04:00:00+00:00,13.197,13.274,13.103,13.179,130678.34000000001
1749196800,2025-06-06T08:00:00+00:00,13.179,13.284,13.158,13.224,129340.36
1749211200,2025-06-06T12:00:00+00:00,13.224,13.693,13.207,13.548,446559.37
1749225600,2025-06-06T16:00:00+00:00,13.546,13.627,13.425,13.487,201383.63999999998
1749240000,2025-06-06T20:00:00+00:00,13.489,13.624,13.457,13.582,140160.78
1749254400,2025-06-07T00:00:00+00:00,13.582,13.846,13.489,13.812,191701.94
1749268800,2025-06-07T04:00:00+00:00,13.813,14.073,13.757,14.033,176310.72
1749283200,2025-06-07T08:00:00+00:00,14.037,14.084,13.92,13.999,132262.08
1749297600,2025-06-07T12:00:00+00:00,14.001,14.091,13.906,13.945,129178.44
1749312000,2025-06-07T16:00:00+00:00,13.946,13.967,13.774,13.818,139740.62
1749326400,2025-06-07T20:00:00+00:00,13.818,13.921,13.77,13.83,66091.6
1749340800,2025-06-08T00:00:00+00:00,13.83,13.864,13.753,13.793,53551.15
1749355200,2025-06-08T04:00:00+00:00,13.794,13.837,13.73,13.742,45811.350000000006
1749369600,2025-06-08T08:00:00+00:00,13.743,13.786,13.56,13.768,122356.24
1749384000,2025-06-08T12:00:00+00:00,13.769,13.892,13.688,13.762,133328.32
1749398400,2025-06-08T16:00:00+00:00,13.764,13.92,13.763,13.915,96242.19
1749412800,2025-06-08T20:00:00+00:00,13.917,13.982,13.674,13.731,175474.14999999997
1749427200,2025-06-09T00:00:00+00:00,13.73,13.799,13.632,13.718,124692.76999999999
1749441600,2025-06-09T04:00:00+00:00,13.716,13.735,13.549,13.675,77096.81
1749456000,2025-06-09T08:00:00+00:00,13.668,13.961,13.575,13.909,185845.91999999998
1749470400,2025-06-09T12:00:00+00:00,13.911,14.015,13.771,13.941,214554.84
1749484800,2025-06-09T16:00:00+00:00,13.941,14.099,13.94,14.021,288856.87
1749499200,2025-06-09T20:00:00+00:00,14.022,14.399,14.022,14.359,343124.64
1749513600,2025-06-10T00:00:00+00:00,14.358,14.636,14.334,14.478,241100.61000000002
1749528000,2025-06-10T04:00:00+00:00,14.481,14.576,14.333,14.486,186517.59
1749542400,2025-06-10T08:00:00+00:00,14.487,15.234,14.431,15.173,375222.89
1749556800,2025-06-10T12:00:00+00:00,15.171,15.343,14.822,15.103,736025.39
1749571200,2025-06-10T16:00:00+00:00,15.1,15.534,15.041,15.278,812016.5999999999
1749585600,2025-06-10T20:00:00+00:00,15.279,15.461,15.13,15.448,273232.73
1749600000,2025-06-11T00:00:00+00:00,15.449,15.512,15.136,15.297,213182.77000000002
1749614400,2025-06-11T04:00:00+00:00,15.295,15.459,15.196,15.399,129554.20999999999
1749628800,2025-06-11T08:00:00+00:00,15.398,15.508,15.074,15.165,240629.63
1749643200,2025-06-11T12:00:00+00:00,15.178,15.663,15.085,15.621,547540.9
1749657600,2025-06-11T16:00:00+00:00,15.621,15.643,15.095,15.15,366745.64
1749672000,2025-06-11T20:00:00+00:00,15.149,15.256,14.75,14.898,585582.5
1749686400,2025-06-12T00:00:00+00:00,14.897,14.924,14.592,14.659,229272.72999999998
1749700800,2025-06-12T04:00:00+00:00,14.66,14.678,14.419,14.427,191288.19
1749715200,2025-06-12T08:00:00+00:00,14.426,14.485,14.059,14.121,280673.63
1749729600,2025-06-12T12:00:00+00:00,14.125,14.514,14.088,14.255,248915.62
1749744000,2025-06-12T16:00:00+00:00,14.255,14.574,14.093,14.138,255062.66999999998
1749758400,2025-06-12T20:00:00+00:00,14.136,14.192,13.825,13.978,337752.12000000005
1749772800,2025-06-13T00:00:00+00:00,13.978,13.992,12.758,13.262,1174958.8199999998
1749787200,2025-06-13T04:00:00+00:00,13.261,13.3,13.035,13.246,289097.72
1749801600,2025-06-13T08:00:00+00:00,13.248,13.409,13.136,13.331,171270.96000000002
1749816000,2025-06-13T12:00:00+00:00,13.331,13.492,13.118,13.413,336027.95
1749830400,2025-06-13T16:00:00+00:00,13.414,13.607,13.042,13.139,349962.89
1749844800,2025-06-13T20:00:00+00:00,13.14,13.462,13.095,13.453,156939.66
1749859200,2025-06-14T00:00:00+00:00,13.453,13.471,13.249,13.269,153526.68000000002
1749873600,2025-06-14T04:00:00+00:00,13.268,13.342,13.139,13.221,85129.61000000002
1749888000,2025-06-14T08:00:00+00:00,13.219,13.225,13.096,13.166,81169.7
1749902400,2025-06-14T12:00:00+00:00,13.165,13.2,12.956,13.004,129396.37
1749916800,2025-06-14T16:00:00+00:00,13.005,13.1,12.845,12.999,222164.4
1749931200,2025-06-14T20:00:00+00:00,13.001,13.214,12.927,13.158,85565.19
1749945600,2025-06-15T00:00:00+00:00,13.159,13.279,13.139,13.229,75181.97
1749960000,2025-06-15T04:00:00+00:00,13.228,13.33,13.12,13.16,76555.75
1749974400,2025-06-15T08:00:00+00:00,13.16,13.17,13.028,13.079,67003.58
1749988800,2025-06-15T12:00:00+00:00,13.081,13.314,13.06,13.179,126653.27
1750003200,2025-06-15T16:00:00+00:00,13.18,13.246,13.105,13.143,97268.88
1750017600,2025-06-15T20:00:00+00:00,13.144,13.317,12.995,13.298,143338.73
1750032000,2025-06-16T00:00:00+00:00,13.299,13.483,13.174,13.377,189139.9
1750046400,2025-06-16T04:00:00+00:00,13.383,13.736,13.375,13.681,270592.68
1750060800,2025-06-16T08:00:00+00:00,13.686,13.749,13.558,13.681,95964.03
1750075200,2025-06-16T12:00:00+00:00,13.682,13.898,13.627,13.805,260017.59
1750089600,2025-06-16T16:00:00+00:00,13.805,14.118,13.796,14.071,490002.8
1750104000,2025-06-16T20:00:00+00:00,14.072,14.171,13.534,13.571,618093.01
1750118400,2025-06-17T00:00:00+00:00,13.569,13.786,13.318,13.676,548189.09
1750132800,2025-06-17T04:00:00+00:00,13.675,13.736,13.471,13.5,139252.76
1750147200,2025-06-17T08:00:00+00:00,13.498,13.517,13.203,13.258,166051.86000000002
1750161600,2025-06-17T12:00:00+00:00,13.259,13.365,12.937,13.06,343537.07
1750176000,2025-06-17T16:00:00+00:00,13.057,13.25,12.809,13.166,422339.69999999995
1750190400,2025-06-17T20:00:00+00:00,13.165,13.199,12.862,12.993,207580.41
1750204800,2025-06-18T00:00:00+00:00,12.994,13.16,12.962,13.08,198548.9
1750219200,2025-06-18T04:00:00+00:00,13.08,13.234,13.031,13.096,126853.95999999999
1750233600,2025-06-18T08:00:00+00:00,13.096,13.134,12.696,12.861,174864.18
1750248000,2025-06-18T12:00:00+00:00,12.861,13.006,12.634,12.901,399100.51
1750262400,2025-06-18T16:00:00+00:00,12.899,12.943,12.694,12.776,321085.01
1750276800,2025-06-18T20:00:00+00:00,12.775,13.156,12.743,13.121,190424.83000000002
1750291200,2025-06-19T00:00:00+00:00,13.121,13.253,13.025,13.207,153181.97
1750305600,2025-06-19T04:00:00+00:00,13.206,13.286,13.125,13.128,112204.54000000001
1750320000,2025-06-19T08:00:00+00:00,13.13,13.377,13.13,13.172,149895.72999999998
1750334400,2025-06-19T12:00:00+00:00,13.174,13.22,12.937,12.958,195775.28
1750348800,2025-06-19T16:00:00+00:00,12.957,13.166,12.915,13.025,162644.12
1750363200,2025-06-19T20:00:00+00:00,13.026,13.154,12.999,13.073,183702.72
1750377600,2025-06-20T00:00:00+00:00,13.072,13.12,12.999,13.003,123713.68
1750392000,2025-06-20T04:00:00+00:00,13.002,13.191,12.889,13.18,161681.44
1750406400,2025-06-20T08:00:00+00:00,13.181,13.281,13.081,13.134,168022.48
1750420800,2025-06-20T12:00:00+00:00,13.136,13.249,12.831,12.904,244730.59
1750435200,2025-06-20T16:00:00+00:00,12.906,12.914,12.3,12.578,500505.63999999996
1750449600,2025-06-20T20:00:00+00:00,12.574,12.743,12.368,12.509,280040.36
1750464000,2025-06-21T00:00:00+00:00,12.507,12.732,12.492,12.686,101276.83
1750478400,2025-06-21T04:00:00+00:00,12.69,12.713,12.58,12.64,83328.45
1750492800,2025-06-21T08:00:00+00:00,12.641,12.744,12.633,12.673,49237.81
1750507200,2025-06-21T12:00:00+00:00,12.675,12.701,12.404,12.499,99743.18
1750521600,2025-06-21T16:00:00+00:00,12.497,12.56,12.187,12.199,183008.93
1750536000,2025-06-21T20:00:00+00:00,12.197,12.334,11.695,12.034,631868.0700000001
1750550400,2025-06-22T00:00:00+00:00,12.035,12.204,11.835,11.911,459981.23000000004
1750564800,2025-06-22T04:00:00+00:00,11.905,12.102,11.877,11.972,170523.28
1750579200,2025-06-22T08:00:00+00:00,11.973,12.013,11.784,11.897,212956.63
1750593600,2025-06-22T12:00:00+00:00,11.896,11.976,11.296,11.446,879424.71
1750608000,2025-06-22T16:00:00+00:00,11.441,11.588,11.201,11.232,370848.43
1750622400,2025-06-22T20:00:00+00:00,11.229,11.676,10.936,11.66,632424.16
1750636800,2025-06-23T00:00:00+00:00,11.66,11.77,11.558,11.642,291167.25999999995
1750651200,2025-06-23T04:00:00+00:00,11.642,11.925,11.634,11.857,185765.38
1750665600,2025-06-23T08:00:00+00:00,11.861,11.916,11.759,11.849,135888.65
1750680000,2025-06-23T12:00:00+00:00,11.85,12.1,11.703,11.76,396096.55
1750694400,2025-06-23T16:00:00+00:00,11.761,12.194,11.406,12.153,797740.45
1750708800,2025-06-23T20:00:00+00:00,12.156,12.955,12.123,12.836,584315.0800000001
1750723200,2025-06-24T00:00:00+00:00,12.835,13.058,12.792,12.961,348493.65
1750737600,2025-06-24T04:00:00+00:00,12.961,13.334,12.928,13.038,252740.40000000002
1750752000,2025-06-24T08:00:00+00:00,13.037,13.28,12.939,13.164,245261.24000000002
1750766400,2025-06-24T12:00:00+00:00,13.167,13.44,13.07,13.362,467782.4
1750780800,2025-06-24T16:00:00+00:00,13.363,13.741,13.275,13.351,525749.45
1750795200,2025-06-24T20:00:00+00:00,13.349,13.426,13.287,13.418,306702.74
1750809600,2025-06-25T00:00:00+00:00,13.418,13.515,13.29,13.36,352428.3
1750824000,2025-06-25T04:00:00+00:00,13.361,13.475,13.255,13.464,268406.77999999997
1750838400,2025-06-25T08:00:00+00:00,13.462,13.484,13.19,13.287,431737.43000000005
1750852800,2025-06-25T12:00:00+00:00,13.288,13.331,13.028,13.066,550393.53
1750867200,2025-06-25T16:00:00+00:00,13.063,13.256,12.996,13.237,221419.52
1750881600,2025-06-25T20:00:00+00:00,13.238,13.313,13.05,13.144,138455.57
1750896000,2025-06-26T00:00:00+00:00,13.147,13.567,13.076,13.351,239475.84000000003
1750910400,2025-06-26T04:00:00+00:00,13.354,13.438,13.211,13.382,108554.87999999999
1750924800,2025-06-26T08:00:00+00:00,13.381,13.462,13.146,13.204,131342.4
1750939200,2025-06-26T12:00:00+00:00,13.202,13.213,12.947,13.12,248210.32
1750953600,2025-06-26T16:00:00+00:00,13.119,13.172,13,13.116,260843.08000000002
1750968000,2025-06-26T20:00:00+00:00,13.115,13.282,12.89,12.947,449954.33
1750982400,2025-06-27T00:00:00+00:00,12.944,13.173,12.78,13.134,302087.37
1750996800,2025-06-27T04:00:00+00:00,13.134,13.236,13.009,13.031,168432.91999999998
1751011200,2025-06-27T08:00:00+00:00,13.032,13.208,13.018,13.048,118361.65
1751025600,2025-06-27T12:00:00+00:00,13.048,13.124,12.871,13.047,219110.15
1751040000,2025-06-27T16:00:00+00:00,13.048,13.193,12.736,12.884,288300.82
1751054400,2025-06-27T20:00:00+00:00,12.887,13.074,12.867,13.056,156459.22
1751068800,2025-06-28T00:00:00+00:00,13.056,13.186,13.008,13.164,146239.83000000002
1751083200,2025-06-28T04:00:00+00:00,13.164,13.183,13.091,13.169,101937.89
1751097600,2025-06-28T08:00:00+00:00,13.171,13.197,13.099,13.105,58018.48999999999
1751112000,2025-06-28T12:00:00+00:00,13.105,13.296,13.055,13.278,90495.68
1751126400,2025-06-28T16:00:00+00:00,13.279,13.408,13.227,13.311,198661.78
1751140800,2025-06-28T20:00:00+00:00,13.31,13.449,13.294,13.401,126095.37000000001
1751155200,2025-06-29T00:00:00+00:00,13.401,13.448,13.283,13.285,93626.74999999999
1751169600,2025-06-29T04:00:00+00:00,13.288,13.446,13.27,13.446,64043.77
1751184000,2025-06-29T08:00:00+00:00,13.447,13.483,13.387,13.453,87529.69
1751198400,2025-06-29T12:00:00+00:00,13.453,13.46,13.268,13.285,128338.11
1751212800,2025-06-29T16:00:00+00:00,13.285,13.42,13.249,13.348,107670.84
1751227200,2025-06-29T20:00:00+00:00,13.347,13.875,13.258,13.71,400702.52
1751241600,2025-06-30T00:00:00+00:00,13.711,13.779,13.485,13.497,234666.83
1751256000,2025-06-30T04:00:00+00:00,13.497,13.509,13.197,13.344,118611.58
1751270400,2025-06-30T08:00:00+00:00,13.339,13.367,13.175,13.207,87007.51999999999
1751284800,2025-06-30T12:00:00+00:00,13.207,13.454,13.133,13.379,280408.54
1751299200,2025-06-30T16:00:00+00:00,13.38,13.638,13.261,13.621,239765.19999999998
1751313600,2025-06-30T20:00:00+00:00,13.621,13.675,13.37,13.377,242869.67
1751328000,2025-07-01T00:00:00+00:00,13.377,13.438,13.235,13.318,122390.61000000002
1751342400,2025-07-01T04:00:00+00:00,13.317,13.322,13.093,13.23,82865.71
1751356800,2025-07-01T08:00:00+00:00,13.229,13.268,13.112,13.141,79676.20999999999
1751371200,2025-07-01T12:00:00+00:00,13.141,13.181,12.949,13.014,204122.67
1751385600,2025-07-01T16:00:00+00:00,13.012,13.072,12.823,12.823,137091.19
1751400000,2025-07-01T20:00:00+00:00,12.822,12.933,12.792,12.899,135272.07
1751414400,2025-07-02T00:00:00+00:00,12.9,12.964,12.734,12.913,136089.56
1751428800,2025-07-02T04:00:00+00:00,12.915,13.096,12.891,13.039,91443.01999999999
1751443200,2025-07-02T08:00:00+00:00,13.043,13.187,13.043,13.085,87221.79999999999
1751457600,2025-07-02T12:00:00+00:00,13.092,13.384,13.003,13.372,239211.05
1751472000,2025-07-02T16:00:00+00:00,13.373,13.793,13.373,13.78,684890.14
1751486400,2025-07-02T20:00:00+00:00,13.781,13.856,13.553,13.56,224618.07
1751500800,2025-07-03T00:00:00+00:00,13.56,13.615,13.445,13.476,141766.2
1751515200,2025-07-03T04:00:00+00:00,13.473,13.914,13.461,13.883,197114.3
1751529600,2025-07-03T08:00:00+00:00,13.887,13.971,13.723,13.819,155994.06
1751544000,2025-07-03T12:00:00+00:00,13.818,14.079,13.588,13.618,479644.31999999995
1751558400,2025-07-03T16:00:00+00:00,13.617,13.787,13.611,13.71,342413.73000000004
1751572800,2025-07-03T20:00:00+00:00,13.712,13.804,13.648,13.669,104497.95999999999
1751587200,2025-07-04T00:00:00+00:00,13.678,13.79,13.565,13.599,153895.82
1751601600,2025-07-04T04:00:00+00:00,13.6,13.621,13.369,13.371,133196.49
1751616000,2025-07-04T08:00:00+00:00,13.373,13.478,13.229,13.35,206981.58
1751630400,2025-07-04T12:00:00+00:00,13.348,13.406,13.059,13.079,201976.96
1751644800,2025-07-04T16:00:00+00:00,13.077,13.11,12.944,13.015,152043.07
1751659200,2025-07-04T20:00:00+00:00,13.014,13.255,13.002,13.173,131425.26
1751673600,2025-07-05T00:00:00+00:00,13.173,13.228,13.077,13.201,91569.77
1751688000,2025-07-05T04:00:00+00:00,13.199,13.266,13.158,13.186,61743.649999999994
1751702400,2025-07-05T08:00:00+00:00,13.19,13.263,13.111,13.246,54790.19
1751716800,2025-07-05T12:00:00+00:00,13.247,13.247,13.12,13.129,91760.63999999998
1751731200,2025-07-05T16:00:00+00:00,13.131,13.178,12.999,13.115,97570.45
1751745600,2025-07-05T20:00:00+00:00,13.114,13.273,13.103,13.232,92469.28
1751760000,2025-07-06T00:00:00+00:00,13.233,13.24,13.15,13.206,62613.770000000004
1751774400,2025-07-06T04:00:00+00:00,13.206,13.257,13.154,13.157,50263.659999999996
1751788800,2025-07-06T08:00:00+00:00,13.158,13.211,13.101,13.209,43965.76
1751803200,2025-07-06T12:00:00+00:00,13.211,13.498,13.174,13.435,282018.61
1751817600,2025-07-06T16:00:00+00:00,13.437,13.494,13.29,13.39,128945.40999999999
1751832000,2025-07-06T20:00:00+00:00,13.39,13.706,13.386,13.497,207660.08000000002
1751846400,2025-07-07T00:00:00+00:00,13.498,13.674,13.413,13.555,129271.74000000002
1751860800,2025-07-07T04:00:00+00:00,13.557,13.733,13.494,13.626,199695.06
1751875200,2025-07-07T08:00:00+00:00,13.626,13.668,13.525,13.578,94457.25
1751889600,2025-07-07T12:00:00+00:00,13.579,13.683,13.454,13.535,285259.43
1751904000,2025-07-07T16:00:00+00:00,13.535,13.587,13.313,13.436,260053.15999999997
1751918400,2025-07-07T20:00:00+00:00,13.434,13.436,13.25,13.435,170940.08
1751932800,2025-07-08T00:00:00+00:00,13.435,13.468,13.202,13.244,200942.42
1751947200,2025-07-08T04:00:00+00:00,13.243,13.36,13.203,13.36,76629.44
1751961600,2025-07-08T08:00:00+00:00,13.357,13.532,13.255,13.503,67579.21
1751976000,2025-07-08T12:00:00+00:00,13.504,13.679,13.421,13.491,183150.36
1751990400,2025-07-08T16:00:00+00:00,13.493,13.94,13.454,13.918,273675.98
1752004800,2025-07-08T20:00:00+00:00,13.919,13.999,13.79,13.973,143651.1
1752019200,2025-07-09T00:00:00+00:00,13.972,13.99,13.832,13.848,112491.65
1752033600,2025-07-09T04:00:00+00:00,13.847,14.218,13.815,14.15,256655.68
1752048000,2025-07-09T08:00:00+00:00,14.151,14.191,13.98,14.028,385944.53
1752062400,2025-07-09T12:00:00+00:00,14.03,14.186,13.906,14.015,436243.36
1752076800,2025-07-09T16:00:00+00:00,14.018,14.367,13.926,14.3,361550.57000000007
1752091200,2025-07-09T20:00:00+00:00,14.301,14.385,14.107,14.253,267845.56999999995
1752105600,2025-07-10T00:00:00+00:00,14.253,14.388,14.153,14.312,139530.87
1752120000,2025-07-10T04:00:00+00:00,14.311,14.486,14.234,14.406,212022.66
1752134400,2025-07-10T08:00:00+00:00,14.405,14.483,14.306,14.33,110441.44
1752148800,2025-07-10T12:00:00+00:00,14.329,14.407,14.223,14.344,208662.2
1752163200,2025-07-10T16:00:00+00:00,14.344,14.748,14.328,14.669,422543.68000000005
1752177600,2025-07-10T20:00:00+00:00,14.668,15.344,14.659,15.241,524718.9500000001
1752192000,2025-07-11T00:00:00+00:00,15.239,15.439,15.03,15.362,276327.76
1752206400,2025-07-11T04:00:00+00:00,15.362,15.611,15.234,15.274,206638.78999999998
1752220800,2025-07-11T08:00:00+00:00,15.276,15.604,15.204,15.443,470535.15
1752235200,2025-07-11T12:00:00+00:00,15.448,15.871,15.423,15.483,569512.0399999999
1752249600,2025-07-11T16:00:00+00:00,15.484,15.848,15.421,15.813,420373.27
1752264000,2025-07-11T20:00:00+00:00,15.811,15.83,15.03,15.288,382906.64
1752278400,2025-07-12T00:00:00+00:00,15.289,15.48,15.045,15.378,202542.79
1752292800,2025-07-12T04:00:00+00:00,15.378,15.4,15.105,15.252,144694.83
1752307200,2025-07-12T08:00:00+00:00,15.251,15.416,15.196,15.269,123956.22
1752321600,2025-07-12T12:00:00+00:00,15.27,15.307,14.708,14.835,285115.3
1752336000,2025-07-12T16:00:00+00:00,14.838,15.085,14.768,15.059,138437.18
1752350400,2025-07-12T20:00:00+00:00,15.061,15.142,14.864,15.112,120836.67
1752364800,2025-07-13T00:00:00+00:00,15.113,15.21,15.047,15.135,133500.46
1752379200,2025-07-13T04:00:00+00:00,15.136,15.395,15.1,15.367,143985.1
1752393600,2025-07-13T08:00:00+00:00,15.365,15.423,15.263,15.423,73235.62
1752408000,2025-07-13T12:00:00+00:00,15.418,15.953,15.374,15.704,333006.69
1752422400,2025-07-13T16:00:00+00:00,15.707,15.935,15.551,15.791,234665.53
1752436800,2025-07-13T20:00:00+00:00,15.792,15.909,15.477,15.669,239644.99
1752451200,2025-07-14T00:00:00+00:00,15.67,16.283,15.624,16.151,370907.86
1752465600,2025-07-14T04:00:00+00:00,16.156,16.304,15.943,16.159,335609.07
1752480000,2025-07-14T08:00:00+00:00,16.161,16.315,15.931,16.245,330933.82
1752494400,2025-07-14T12:00:00+00:00,16.244,16.473,15.818,15.969,459030.41
1752508800,2025-07-14T16:00:00+00:00,15.968,16.156,15.69,15.76,290936.85
1752523200,2025-07-14T20:00:00+00:00,15.758,15.878,15.577,15.761,301936.55000000005
1752537600,2025-07-15T00:00:00+00:00,15.761,15.891,15.176,15.276,427805.45999999996
1752552000,2025-07-15T04:00:00+00:00,15.275,15.513,15.14,15.404,189494.28999999998
1752566400,2025-07-15T08:00:00+00:00,15.405,15.526,15.275,15.37,184155.94
1752580800,2025-07-15T12:00:00+00:00,15.368,15.721,15.176,15.568,313626.37
1752595200,2025-07-15T16:00:00+00:00,15.567,16.196,15.566,15.62,474212.93999999994
1752609600,2025-07-15T20:00:00+00:00,15.616,16.17,15.575,16.109,298838.1
1752624000,2025-07-16T00:00:00+00:00,16.108,16.224,15.854,15.924,336895.49
1752638400,2025-07-16T04:00:00+00:00,15.926,16.54,15.824,16.335,405918.61
1752652800,2025-07-16T08:00:00+00:00,16.335,16.634,16.324,16.407,1062833.41
1752667200,2025-07-16T12:00:00+00:00,16.408,16.844,16.396,16.612,501456.6
1752681600,2025-07-16T16:00:00+00:00,16.619,17.05,16.588,16.88,490597.62
1752696000,2025-07-16T20:00:00+00:00,16.88,17.039,16.612,16.683,319756.44000000006
1752710400,2025-07-17T00:00:00+00:00,16.681,16.866,16.334,16.43,268906.91
1752724800,2025-07-17T04:00:00+00:00,16.428,17.017,16.367,16.993,194330.02000000002
1752739200,2025-07-17T08:00:00+00:00,16.991,17.283,16.883,17.088,370130.14
1752753600,2025-07-17T12:00:00+00:00,17.09,17.32,16.792,17.147,367037.51999999996
1752768000,2025-07-17T16:00:00+00:00,17.148,17.333,16.784,17.076,395853.14999999997
1752782400,2025-07-17T20:00:00+00:00,17.071,18.14,16.842,18.003,929399.06
1752796800,2025-07-18T00:00:00+00:00,18.006,18.77,17.865,18.757,942808.34
1752811200,2025-07-18T04:00:00+00:00,18.758,19.19,18.504,18.523,532411.0
1752825600,2025-07-18T08:00:00+00:00,18.517,18.808,18.248,18.356,428984.48
1752840000,2025-07-18T12:00:00+00:00,18.358,18.722,17.731,17.924,724695.23
1752854400,2025-07-18T16:00:00+00:00,17.924,18.158,17.66,17.74,486351.45999999996
1752868800,2025-07-18T20:00:00+00:00,17.742,17.924,17.331,17.842,441744.91000000003
1752883200,2025-07-19T00:00:00+00:00,17.848,18.244,17.552,18.208,262387.38
1752897600,2025-07-19T04:00:00+00:00,18.208,18.355,17.938,17.979,114057.56
1752912000,2025-07-19T08:00:00+00:00,17.979,18.023,17.706,17.724,77290.72
1752926400,2025-07-19T12:00:00+00:00,17.728,17.968,17.597,17.93,166339.92000000004
1752940800,2025-07-19T16:00:00+00:00,17.93,18.522,17.862,18.375,298190.56
1752955200,2025-07-19T20:00:00+00:00,18.371,18.559,18.13,18.401,241703.33000000002
1752969600,2025-07-20T00:00:00+00:00,18.399,18.842,18.33,18.683,303596.18
1752984000,2025-07-20T04:00:00+00:00,18.685,18.975,18.514,18.822,285037.66000000003
1752998400,2025-07-20T08:00:00+00:00,18.823,19.656,18.819,19.404,517004.01999999996
1753012800,2025-07-20T12:00:00+00:00,19.403,19.95,19.191,19.712,625373.9199999999
1753027200,2025-07-20T16:00:00+00:00,19.717,19.807,19.206,19.442,552783.04
1753041600,2025-07-20T20:00:00+00:00,19.449,19.512,18.9,19.288,497316.39
1753056000,2025-07-21T00:00:00+00:00,19.288,19.599,18.999,19.581,374917.87
1753070400,2025-07-21T04:00:00+00:00,19.582,19.95,19.389,19.754,336373.82999999996
1753084800,2025-07-21T08:00:00+00:00,19.754,20.284,19.599,20.052,468432.55
1753099200,2025-07-21T12:00:00+00:00,20.057,20.263,19.706,19.811,516826.14999999997
1753113600,2025-07-21T16:00:00+00:00,19.811,19.852,19.189,19.266,532192.6299999999
1753128000,2025-07-21T20:00:00+00:00,19.267,19.627,19.16,19.5,349339.56
1753142400,2025-07-22T00:00:00+00:00,19.506,19.998,19.025,19.562,509153.54000000004
1753156800,2025-07-22T04:00:00+00:00,19.557,19.575,18.86,19.071,505923.53
1753171200,2025-07-22T08:00:00+00:00,19.071,19.337,18.634,19.234,343134.73
1753185600,2025-07-22T12:00:00+00:00,19.235,19.49,18.76,19.358,497756.81
1753200000,2025-07-22T16:00:00+00:00,19.356,19.575,18.98,19.064,432132.77
1753214400,2025-07-22T20:00:00+00:00,19.06,19.698,19.015,19.666,342220.92000000004
1753228800,2025-07-23T00:00:00+00:00,19.671,19.768,19.426,19.472,280081.98
1753243200,2025-07-23T04:00:00+00:00,19.474,19.718,19.05,19.153,222085.33999999997
1753257600,2025-07-23T08:00:00+00:00,19.153,19.266,18.783,18.924,218376.83
1753272000,2025-07-23T12:00:00+00:00,18.924,18.952,17.84,18.507,699571.8899999999
1753286400,2025-07-23T16:00:00+00:00,18.51,18.518,17.701,17.997,503331.26
1753300800,2025-07-23T20:00:00+00:00,17.996,18.298,17.557,18.186,373237.04000000004
1753315200,2025-07-24T00:00:00+00:00,18.187,18.476,18.061,18.238,325165.89
1753329600,2025-07-24T04:00:00+00:00,18.24,18.312,17.172,17.749,592264.73
1753344000,2025-07-24T08:00:00+00:00,17.746,18.157,17.592,18.08,375131.70999999996
1753358400,2025-07-24T12:00:00+00:00,18.079,18.692,17.794,18.473,549231.32
1753372800,2025-07-24T16:00:00+00:00,18.482,18.597,18.102,18.353,348444.48
1753387200,2025-07-24T20:00:00+00:00,18.35,18.437,17.856,17.92,265148.77999999997
1753401600,2025-07-25T00:00:00+00:00,17.921,17.923,17.264,17.505,499793.94
1753416000,2025-07-25T04:00:00+00:00,17.49,17.711,17.301,17.502,379377.0
1753430400,2025-07-25T08:00:00+00:00,17.497,18.418,17.455,18.314,366741.81
1753444800,2025-07-25T12:00:00+00:00,18.321,18.488,17.413,17.61,455487.50999999995
1753459200,2025-07-25T16:00:00+00:00,17.61,17.869,17.454,17.719,285802.91000000003
1753473600,2025-07-25T20:00:00+00:00,17.722,18.423,17.691,18.288,325020.19000000006
1753488000,2025-07-26T00:00:00+00:00,18.293,18.461,18.182,18.366,207332.46000000002
1753502400,2025-07-26T04:00:00+00:00,18.367,18.414,18.213,18.241,148345.54
1753516800,2025-07-26T08:00:00+00:00,18.243,18.49,18.232,18.264,127427.95
1753531200,2025-07-26T12:00:00+00:00,18.265,18.461,18.168,18.407,173609.69
1753545600,2025-07-26T16:00:00+00:00,18.407,18.59,18.224,18.569,214076.52
1753560000,2025-07-26T20:00:00+00:00,18.57,18.646,18.344,18.414,266405.6
1753574400,2025-07-27T00:00:00+00:00,18.416,18.778,18.363,18.705,240359.38
1753588800,2025-07-27T04:00:00+00:00,18.7,19.072,18.669,18.8,197399.89
1753603200,2025-07-27T08:00:00+00:00,18.799,19,18.56,18.765,166530.24000000002
1753617600,2025-07-27T12:00:00+00:00,18.765,18.954,18.651,18.858,159947.65
1753632000,2025-07-27T16:00:00+00:00,18.86,19.12,18.852,19.012,319641.62
1753646400,2025-07-27T20:00:00+00:00,19.014,19.299,18.903,19.233,235121.29
1753660800,2025-07-28T00:00:00+00:00,19.241,19.403,18.93,19.133,286404.84
1753675200,2025-07-28T04:00:00+00:00,19.132,19.563,19.042,19.302,258229.34000000003
1753689600,2025-07-28T08:00:00+00:00,19.295,19.349,18.948,19.083,144622.39
1753704000,2025-07-28T12:00:00+00:00,19.085,19.122,18.281,18.395,421996.93
1753718400,2025-07-28T16:00:00+00:00,18.392,18.505,18.092,18.229,349155.43
1753732800,2025-07-28T20:00:00+00:00,18.232,18.266,17.97,18.117,200971.65
1753747200,2025-07-29T00:00:00+00:00,18.118,18.306,17.879,18.265,336160.03
1753761600,2025-07-29T04:00:00+00:00,18.266,18.596,18.105,18.587,178948.80000000002
1753776000,2025-07-29T08:00:00+00:00,18.589,18.637,18.001,18.135,139185.81
1753790400,2025-07-29T12:00:00+00:00,18.136,18.344,17.604,17.685,414635.79
1753804800,2025-07-29T16:00:00+00:00,17.684,17.923,17.469,17.707,356463.6
1753819200,2025-07-29T20:00:00+00:00,17.705,17.885,17.551,17.818,215521.02
1753833600,2025-07-30T00:00:00+00:00,17.816,17.95,17.617,17.832,176534.55
1753848000,2025-07-30T04:00:00+00:00,17.835,17.886,17.621,17.713,107309.12
1753862400,2025-07-30T08:00:00+00:00,17.706,17.82,17.227,17.307,301992.09
1753876800,2025-07-30T12:00:00+00:00,17.31,17.718,17.205,17.594,252117.16999999998
1753891200,2025-07-30T16:00:00+00:00,17.596,17.797,16.77,17.466,464343.37
1753905600,2025-07-30T20:00:00+00:00,17.467,17.779,17.35,17.704,235340.39
1753920000,2025-07-31T00:00:00+00:00,17.708,18.09,17.642,18.06,192156.94
1753934400,2025-07-31T04:00:00+00:00,18.061,18.114,17.944,18.028,115075.59999999999
1753948800,2025-07-31T08:00:00+00:00,18.03,18.233,17.922,17.977,167640.28
1753963200,2025-07-31T12:00:00+00:00,17.98,18.005,17.331,17.522,304825.77
1753977600,2025-07-31T16:00:00+00:00,17.518,17.857,17.2,17.219,301906.94
1753992000,2025-07-31T20:00:00+00:00,17.222,17.284,16.848,16.93,428153.41
1754006400,2025-08-01T00:00:00+00:00,16.928,17.033,16.436,16.868,377534.86
1754020800,2025-08-01T04:00:00+00:00,16.864,16.864,16.497,16.629,258407.71
1754035200,2025-08-01T08:00:00+00:00,16.628,16.628,16.29,16.597,274920.54000000004
1754049600,2025-08-01T12:00:00+00:00,16.596,16.803,16.148,16.628,477731.38
1754064000,2025-08-01T16:00:00+00:00,16.626,16.747,16.142,16.369,442957.49
1754078400,2025-08-01T20:00:00+00:00,16.369,16.424,15.663,16.065,552726.82
1754092800,2025-08-02T00:00:00+00:00,16.063,16.245,16.028,16.196,231876.91999999998
1754107200,2025-08-02T04:00:00+00:00,16.197,16.245,15.78,16.134,94255.09
1754121600,2025-08-02T08:00:00+00:00,16.138,16.168,15.83,16.022,146553.8
1754136000,2025-08-02T12:00:00+00:00,16.02,16.092,15.729,15.783,162764.58
1754150400,2025-08-02T16:00:00+00:00,15.781,15.922,15.43,15.581,379857.60000000003
1754164800,2025-08-02T20:00:00+00:00,15.579,15.799,15.51,15.637,226956.57
1754179200,2025-08-03T00:00:00+00:00,15.644,15.925,15.437,15.895,206701.2
1754193600,2025-08-03T04:00:00+00:00,15.894,16.026,15.821,16.015,123092.31
1754208000,2025-08-03T08:00:00+00:00,16.015,16.247,15.997,16.161,109473.75
1754222400,2025-08-03T12:00:00+00:00,16.165,16.239,16.084,16.237,122200.13
1754236800,2025-08-03T16:00:00+00:00,16.234,16.342,16.184,16.273,147610.57
1754251200,2025-08-03T20:00:00+00:00,16.274,16.397,16.2,16.306,123736.13
1754265600,2025-08-04T00:00:00+00:00,16.307,16.653,16.274,16.592,157378.99000000002
1754280000,2025-08-04T04:00:00+00:00,16.593,16.666,16.438,16.647,91420.27
1754294400,2025-08-04T08:00:00+00:00,16.649,16.74,16.555,16.585,112796.87
1754308800,2025-08-04T12:00:00+00:00,16.59,16.981,16.544,16.929,431267.94
1754323200,2025-08-04T16:00:00+00:00,16.926,17.202,16.802,16.848,310356.44
1754337600,2025-08-04T20:00:00+00:00,16.847,17.173,16.822,17.11,130845.55
1754352000,2025-08-05T00:00:00+00:00,17.112,17.121,16.768,16.783,115145.51000000001
1754366400,2025-08-05T04:00:00+00:00,16.784,16.902,16.44,16.5,133003.13
1754380800,2025-08-05T08:00:00+00:00,16.499,16.979,16.453,16.87,143896.15
1754395200,2025-08-05T12:00:00+00:00,16.873,16.899,16.201,16.261,456052.98
1754409600,2025-08-05T16:00:00+00:00,16.257,16.44,16.215,16.259,171300.63
1754424000,2025-08-05T20:00:00+00:00,16.27,16.427,16.072,16.38,142990.01
1754438400,2025-08-06T00:00:00+00:00,16.383,16.385,16.053,16.102,111234.83000000002
1754452800,2025-08-06T04:00:00+00:00,16.103,16.524,16.034,16.511,175649.83000000002
1754467200,2025-08-06T08:00:00+00:00,16.512,16.534,16.324,16.397,123674.75
1754481600,2025-08-06T12:00:00+00:00,16.4,16.805,16.244,16.775,309708.55000000005
1754496000,2025-08-06T16:00:00+00:00,16.777,16.904,16.612,16.796,172529.97999999998
1754510400,2025-08-06T20:00:00+00:00,16.793,16.802,16.671,16.674,126478.37
1754524800,2025-08-07T00:00:00+00:00,16.672,16.815,16.58,16.601,121130.59999999999
1754539200,2025-08-07T04:00:00+00:00,16.6,16.849,16.588,16.834,128095.47
1754553600,2025-08-07T08:00:00+00:00,16.835,17.416,16.814,17.35,241175.12000000002
1754568000,2025-08-07T12:00:00+00:00,17.354,18.1,17.304,17.839,606676.34
1754582400,2025-08-07T16:00:00+00:00,17.846,18.304,17.621,18.303,475646.73
1754596800,2025-08-07T20:00:00+00:00,18.3,18.506,18.189,18.474,467361.44000000006
1754611200,2025-08-08T00:00:00+00:00,18.478,19.208,18.094,19.207,698826.72
1754625600,2025-08-08T04:00:00+00:00,19.204,19.428,18.769,19.338,361504.67
1754640000,2025-08-08T08:00:00+00:00,19.332,19.515,19.156,19.501,319500.44
1754654400,2025-08-08T12:00:00+00:00,19.493,19.93,19.064,19.203,739999.89
1754668800,2025-08-08T16:00:00+00:00,19.206,19.755,19.078,19.748,499901.93000000005
1754683200,2025-08-08T20:00:00+00:00,19.747,19.972,19.533,19.894,432247.55000000005
1754697600,2025-08-09T00:00:00+00:00,19.892,20.948,19.785,20.87,873942.65
1754712000,2025-08-09T04:00:00+00:00,20.871,21.466,20.676,20.828,826205.5700000001
1754726400,2025-08-09T08:00:00+00:00,20.827,21.194,20.706,20.88,282907.0
1754740800,2025-08-09T12:00:00+00:00,20.884,21.425,20.835,21.07,526830.74
1754755200,2025-08-09T16:00:00+00:00,21.067,21.462,21.067,21.227,419904.37
1754769600,2025-08-09T20:00:00+00:00,21.226,21.996,21.14,21.956,755130.45
1754784000,2025-08-10T00:00:00+00:00,21.952,22.2,21.237,21.496,733831.0800000001
1754798400,2025-08-10T04:00:00+00:00,21.497,22.693,21.386,21.892,722256.79
1754812800,2025-08-10T08:00:00+00:00,21.896,22.292,21.53,21.57,527641.86
1754827200,2025-08-10T12:00:00+00:00,21.568,22.534,21.154,22.485,692063.53
1754841600,2025-08-10T16:00:00+00:00,22.486,22.672,22.023,22.132,532741.1799999999
1754856000,2025-08-10T20:00:00+00:00,22.135,22.233,21.788,22.072,400122.19
1754870400,2025-08-11T00:00:00+00:00,22.065,22.441,21.817,22.328,575254.17
1754884800,2025-08-11T04:00:00+00:00,22.33,22.608,21.885,21.949,397066.73999999993
1754899200,2025-08-11T08:00:00+00:00,21.948,22.065,21.195,21.279,348718.1
1754913600,2025-08-11T12:00:00+00:00,21.28,22.113,21.188,21.96,500792.00999999995
1754928000,2025-08-11T16:00:00+00:00,21.963,22.25,21.245,21.388,386965.47
1754942400,2025-08-11T20:00:00+00:00,21.379,21.432,20.85,21.072,401347.99000000005
1754956800,2025-08-12T00:00:00+00:00,21.07,21.728,21.046,21.455,295544.81
1754971200,2025-08-12T04:00:00+00:00,21.453,21.732,21.334,21.477,305779.82999999996
1754985600,2025-08-12T08:00:00+00:00,21.478,21.656,21.001,21.287,252052.91999999998
1755000000,2025-08-12T12:00:00+00:00,21.283,24.116,21.28,24.03,1864371.83
1755014400,2025-08-12T16:00:00+00:00,24.032,24.194,23.164,23.411,865135.4799999999
1755028800,2025-08-12T20:00:00+00:00,23.416,23.714,23.101,23.594,720133.4
1755043200,2025-08-13T00:00:00+00:00,23.594,24.575,23.299,24.54,866783.8799999999
1755057600,2025-08-13T04:00:00+00:00,24.538,24.73,23.227,23.416,708329.75
1755072000,2025-08-13T08:00:00+00:00,23.407,24.38,23.342,24.186,461759.72
1755086400,2025-08-13T12:00:00+00:00,24.184,24.227,23.359,23.616,703682.6099999999
1755100800,2025-08-13T16:00:00+00:00,23.618,23.948,23.492,23.781,499789.77
1755115200,2025-08-13T20:00:00+00:00,23.785,24.183,23.613,23.984,385970.64
1755129600,2025-08-14T00:00:00+00:00,23.987,24.326,23.781,24.254,605051.94
1755144000,2025-08-14T04:00:00+00:00,24.261,24.287,23.414,23.542,356354.43
1755158400,2025-08-14T08:00:00+00:00,23.543,23.817,23.218,23.356,379849.44000000006
1755172800,2025-08-14T12:00:00+00:00,23.352,23.574,21.51,22.773,1385202.0099999998
1755187200,2025-08-14T16:00:00+00:00,22.774,22.796,22.1,22.412,615327.76
1755201600,2025-08-14T20:00:00+00:00,22.413,22.581,21.867,22.468,386394.63
1755216000,2025-08-15T00:00:00+00:00,22.47,22.88,22.192,22.818,396525.42
1755230400,2025-08-15T04:00:00+00:00,22.819,23.059,22.457,22.596,261528.18
1755244800,2025-08-15T08:00:00+00:00,22.597,22.689,22.157,22.204,315149.21
1755259200,2025-08-15T12:00:00+00:00,22.206,22.644,21.438,21.6,774492.34
1755273600,2025-08-15T16:00:00+00:00,21.598,21.897,21.345,21.461,494511.19999999995
1755288000,2025-08-15T20:00:00+00:00,21.464,22.085,21.379,21.767,326366.58
1755302400,2025-08-16T00:00:00+00:00,21.766,22.161,21.696,21.843,203468.12
1755316800,2025-08-16T04:00:00+00:00,21.844,22.169,21.525,22.072,150851.1
1755331200,2025-08-16T08:00:00+00:00,22.072,22.188,21.452,21.464,207541.42
1755345600,2025-08-16T12:00:00+00:00,21.466,22.152,21.416,22.023,255796.12000000002
1755360000,2025-08-16T16:00:00+00:00,22.015,22.912,21.957,22.71,447442.35
1755374400,2025-08-16T20:00:00+00:00,22.711,22.988,22.563,22.651,289999.06999999995
1755388800,2025-08-17T00:00:00+00:00,22.647,23.431,22.363,23.401,393317.5
1755403200,2025-08-17T04:00:00+00:00,23.402,24.564,23.38,24.304,875728.4500000001
1755417600,2025-08-17T08:00:00+00:00,24.305,24.84,24.19,24.7,481091.88
1755432000,2025-08-17T12:00:00+00:00,24.702,26.321,24.436,26.309,1324784.5
1755446400,2025-08-17T16:00:00+00:00,26.303,26.338,25.301,25.454,1039840.79
1755460800,2025-08-17T20:00:00+00:00,25.46,25.948,25.42,25.657,465356.45
1755475200,2025-08-18T00:00:00+00:00,25.655,26.232,24.588,25.115,1358433.3299999998
1755489600,2025-08-18T04:00:00+00:00,25.106,25.136,24.301,24.719,566737.5800000001
1755504000,2025-08-18T08:00:00+00:00,24.716,25.307,24.383,24.555,475366.59
1755518400,2025-08-18T12:00:00+00:00,24.553,25.955,24.488,25.392,1043210.91
1755532800,2025-08-18T16:00:00+00:00,25.391,25.95,24.824,25.536,694478.22
1755547200,2025-08-18T20:00:00+00:00,25.534,26.729,25.128,25.792,1162421.54
1755561600,2025-08-19T00:00:00+00:00,25.797,25.821,24.113,24.223,1018408.6
1755576000,2025-08-19T04:00:00+00:00,24.222,24.653,23.915,24.305,700080.15
1755590400,2025-08-19T08:00:00+00:00,24.305,24.92,24.091,24.703,529813.6799999999
1755604800,2025-08-19T12:00:00+00:00,24.701,24.954,23.865,24.27,856989.1799999999
1755619200,2025-08-19T16:00:00+00:00,24.269,24.529,23.441,23.856,954588.0
1755633600,2025-08-19T20:00:00+00:00,23.861,24.048,23.458,23.554,491040.14
1755648000,2025-08-20T00:00:00+00:00,23.553,24.405,23.354,23.999,567875.8200000001
1755662400,2025-08-20T04:00:00+00:00,23.995,24.846,23.984,24.421,454298.39
1755676800,2025-08-20T08:00:00+00:00,24.426,25.247,24.35,24.947,765078.2000000001
1755691200,2025-08-20T12:00:00+00:00,24.95,26.463,24.572,25.953,2348371.55
1755705600,2025-08-20T16:00:00+00:00,25.95,26.364,25.431,26.161,1329111.74
1755720000,2025-08-20T20:00:00+00:00,26.159,26.892,26.027,26.466,899110.97
1755734400,2025-08-21T00:00:00+00:00,26.452,26.601,25.792,25.815,721192.9400000001
1755748800,2025-08-21T04:00:00+00:00,25.808,25.871,25.5,25.684,329544.32
1755763200,2025-08-21T08:00:00+00:00,25.682,26.414,25.618,26.118,765312.5700000001
1755777600,2025-08-21T12:00:00+00:00,26.117,26.24,24.98,25.071,1008076.73
1755792000,2025-08-21T16:00:00+00:00,25.073,25.26,24.667,24.932,974908.7
1755806400,2025-08-21T20:00:00+00:00,24.926,25.147,24.632,24.816,428444.59
1755820800,2025-08-22T00:00:00+00:00,24.812,25.225,24.523,24.673,520638.56
1755835200,2025-08-22T04:00:00+00:00,24.672,25.194,24.616,25.035,325256.69
1755849600,2025-08-22T08:00:00+00:00,25.035,25.296,24.24,24.3,357839.31
1755864000,2025-08-22T12:00:00+00:00,24.3,26.8,24.11,26.463,2132538.62
1755878400,2025-08-22T16:00:00+00:00,26.462,27.865,26.452,27.177,1665371.07
1755892800,2025-08-22T20:00:00+00:00,27.176,27.332,26.605,26.77,1013151.71
1755907200,2025-08-23T00:00:00+00:00,26.784,26.814,25.847,25.94,557476.21
1755921600,2025-08-23T04:00:00+00:00,25.941,26.227,25.72,25.866,315982.12
1755936000,2025-08-23T08:00:00+00:00,25.868,26.009,25.586,25.651,249042.4
1755950400,2025-08-23T12:00:00+00:00,25.651,26.2,25.52,26,381006.6
1755964800,2025-08-23T16:00:00+00:00,26.002,26.212,25.827,26.14,278955.47
1755979200,2025-08-23T20:00:00+00:00,26.14,26.363,25.982,26.282,228452.05
1755993600,2025-08-24T00:00:00+00:00,26.276,26.328,25.705,25.901,390162.94
1756008000,2025-08-24T04:00:00+00:00,25.906,25.95,25.551,25.592,226613.85
1756022400,2025-08-24T08:00:00+00:00,25.594,25.75,25.271,25.454,238289.37
1756036800,2025-08-24T12:00:00+00:00,25.464,25.866,25.464,25.561,240921.15999999997
1756051200,2025-08-24T16:00:00+00:00,25.566,26.62,25.234,26.08,1014153.8500000001
1756065600,2025-08-24T20:00:00+00:00,26.076,26.248,25.4,25.82,428253.51
1756080000,2025-08-25T00:00:00+00:00,25.81,26.45,25.324,25.934,579429.7200000001
1756094400,2025-08-25T04:00:00+00:00,25.937,26.398,24.819,24.969,448439.11
1756108800,2025-08-25T08:00:00+00:00,24.969,25.164,24.338,24.596,486078.0200000001
1756123200,2025-08-25T12:00:00+00:00,24.592,24.688,24.222,24.418,488253.8
1756137600,2025-08-25T16:00:00+00:00,24.42,24.807,23.633,23.654,659404.05
1756152000,2025-08-25T20:00:00+00:00,23.656,23.839,23.093,23.393,810029.7699999999
1756166400,2025-08-26T00:00:00+00:00,23.39,23.637,23.075,23.161,501910.33999999997
1756180800,2025-08-26T04:00:00+00:00,23.169,23.499,22.88,23.144,392955.86000000004
1756195200,2025-08-26T08:00:00+00:00,23.143,23.766,22.904,23.558,361463.45
1756209600,2025-08-26T12:00:00+00:00,23.557,24.52,23.396,24.17,926719.8599999999
1756224000,2025-08-26T16:00:00+00:00,24.167,24.462,23.942,24.354,495144.2
1756238400,2025-08-26T20:00:00+00:00,24.355,24.74,24.208,24.382,543272.12
1756252800,2025-08-27T00:00:00+00:00,24.386,24.54,24.008,24.344,376302.31
1756267200,2025-08-27T04:00:00+00:00,24.346,24.694,24.001,24.158,307902.89
1756281600,2025-08-27T08:00:00+00:00,24.16,24.652,23.965,24.353,202394.03999999998
1756296000,2025-08-27T12:00:00+00:00,24.359,24.671,24.08,24.292,494041.63
1756310400,2025-08-27T16:00:00+00:00,24.292,24.585,24.032,24.18,304714.59
1756324800,2025-08-27T20:00:00+00:00,24.183,24.474,23.583,23.776,856778.85
1756339200,2025-08-28T00:00:00+00:00,23.773,23.944,23.554,23.905,288816.29
1756353600,2025-08-28T04:00:00+00:00,23.909,24.37,23.809,24.218,224312.27000000002
1756368000,2025-08-28T08:00:00+00:00,24.217,24.459,23.598,23.89,286523.93
1756382400,2025-08-28T12:00:00+00:00,23.885,26.044,23.794,24.798,2891009.8699999996
1756396800,2025-08-28T16:00:00+00:00,24.79,25.285,24.44,24.49,891793.7399999999
1756411200,2025-08-28T20:00:00+00:00,24.49,25.416,24.405,25.178,530038.25
1756425600,2025-08-29T00:00:00+00:00,25.184,25.229,24.128,24.234,502791.87
1756440000,2025-08-29T04:00:00+00:00,24.232,24.284,23.393,23.55,468788.83
1756454400,2025-08-29T08:00:00+00:00,23.55,23.586,23.241,23.443,350792.7
1756468800,2025-08-29T12:00:00+00:00,23.441,24.133,23.123,23.448,687510.54
1756483200,2025-08-29T16:00:00+00:00,23.456,23.608,23.12,23.36,358443.54
1756497600,2025-08-29T20:00:00+00:00,23.372,23.513,23.13,23.426,268225.8
1756512000,2025-08-30T00:00:00+00:00,23.428,23.523,22.825,23.241,323489.15
1756526400,2025-08-30T04:00:00+00:00,23.243,23.525,23.176,23.363,151605.2
1756540800,2025-08-30T08:00:00+00:00,23.362,23.498,23.204,23.392,119474.0
1756555200,2025-08-30T12:00:00+00:00,23.394,23.449,22.961,23.414,159183.77
1756569600,2025-08-30T16:00:00+00:00,23.412,23.46,23.282,23.37,101788.53
1756584000,2025-08-30T20:00:00+00:00,23.372,23.516,23.278,23.513,87780.32
1756598400,2025-08-31T00:00:00+00:00,23.504,23.913,23.413,23.883,238270.74000000002
1756612800,2025-08-31T04:00:00+00:00,23.885,23.956,23.646,23.73,126382.14000000001
1756627200,2025-08-31T08:00:00+00:00,23.726,23.889,23.558,23.81,87047.9
1756641600,2025-08-31T12:00:00+00:00,23.804,24.056,23.6,23.782,228135.92
1756656000,2025-08-31T16:00:00+00:00,23.784,23.874,23.606,23.651,141379.68
1756670400,2025-08-31T20:00:00+00:00,23.651,23.735,23.182,23.198,242288.68
1756684800,2025-09-01T00:00:00+00:00,23.196,23.369,22.926,23.051,356994.13
1756699200,2025-09-01T04:00:00+00:00,23.05,23.635,22.714,23.596,285526.47000000003
1756713600,2025-09-01T08:00:00+00:00,23.589,23.856,23.166,23.224,249383.96
1756728000,2025-09-01T12:00:00+00:00,23.219,23.353,22.738,22.798,258952.41
1756742400,2025-09-01T16:00:00+00:00,22.795,22.847,22.549,22.822,267160.15
1756756800,2025-09-01T20:00:00+00:00,22.83,22.832,22.084,22.515,554036.1799999999
1756771200,2025-09-02T00:00:00+00:00,22.514,23.224,22.34,23.156,370666.6
1756785600,2025-09-02T04:00:00+00:00,23.154,23.517,23.086,23.235,213918.34000000003
1756800000,2025-09-02T08:00:00+00:00,23.231,23.446,23.071,23.102,276456.12
1756814400,2025-09-02T12:00:00+00:00,23.096,23.54,22.637,22.848,632519.0700000001
1756828800,2025-09-02T16:00:00+00:00,22.843,23.158,22.792,23.062,247533.85
1756843200,2025-09-02T20:00:00+00:00,23.054,23.593,23.008,23.485,223922.58
1756857600,2025-09-03T00:00:00+00:00,23.488,23.61,23.213,23.415,171370.62
1756872000,2025-09-03T04:00:00+00:00,23.414,23.494,23.213,23.284,75594.28
1756886400,2025-09-03T08:00:00+00:00,23.283,23.615,23.226,23.493,111414.04000000001
1756900800,2025-09-03T12:00:00+00:00,23.497,23.839,23.375,23.821,325053.17
1756915200,2025-09-03T16:00:00+00:00,23.823,23.919,23.623,23.85,235737.96000000002
1756929600,2025-09-03T20:00:00+00:00,23.853,23.858,23.671,23.702,128509.16
1756944000,2025-09-04T00:00:00+00:00,23.701,23.965,23.5,23.542,172699.8
1756958400,2025-09-04T04:00:00+00:00,23.543,23.574,23.142,23.284,145540.4
1756972800,2025-09-04T08:00:00+00:00,23.282,23.437,23.191,23.296,106142.65
1756987200,2025-09-04T12:00:00+00:00,23.299,23.414,22.46,22.476,586376.36
1757001600,2025-09-04T16:00:00+00:00,22.476,22.561,22.2,22.267,408024.91000000003
1757016000,2025-09-04T20:00:00+00:00,22.267,22.625,22.24,22.312,297194.9
1757030400,2025-09-05T00:00:00+00:00,22.311,22.502,22.262,22.481,203244.21
1757044800,2025-09-05T04:00:00+00:00,22.49,23.108,22.397,23.075,241439.08000000002
1757059200,2025-09-05T08:00:00+00:00,23.076,23.081,22.671,22.827,228252.75
1757073600,2025-09-05T12:00:00+00:00,22.828,23.249,22.093,22.24,870987.0800000001
1757088000,2025-09-05T16:00:00+00:00,22.228,22.481,22.036,22.481,338733.93
1757102400,2025-09-05T20:00:00+00:00,22.48,22.555,22.231,22.293,170781.14
1757116800,2025-09-06T00:00:00+00:00,22.292,22.51,22.253,22.407,127008.7
1757131200,2025-09-06T04:00:00+00:00,22.406,22.41,22.136,22.217,109939.24
1757145600,2025-09-06T08:00:00+00:00,22.219,22.283,22.073,22.276,93572.17
1757160000,2025-09-06T12:00:00+00:00,22.276,22.332,22.036,22.063,133759.11000000002
1757174400,2025-09-06T16:00:00+00:00,22.062,22.291,21.876,21.902,228109.03999999998
1757188800,2025-09-06T20:00:00+00:00,21.902,22.307,21.889,22.193,157045.36
1757203200,2025-09-07T00:00:00+00:00,22.198,22.448,22.188,22.395,112792.14000000001
1757217600,2025-09-07T04:00:00+00:00,22.392,22.474,22.251,22.298,95645.89
1757232000,2025-09-07T08:00:00+00:00,22.3,22.466,22.138,22.375,141981.00999999998
1757246400,2025-09-07T12:00:00+00:00,22.374,22.467,22.225,22.406,205463.53
1757260800,2025-09-07T16:00:00+00:00,22.408,22.408,22.116,22.212,105788.33
1757275200,2025-09-07T20:00:00+00:00,22.209,22.608,22.167,22.456,171256.8
1757289600,2025-09-08T00:00:00+00:00,22.455,22.786,22.229,22.603,212560.6
1757304000,2025-09-08T04:00:00+00:00,22.604,22.622,22.33,22.403,108633.23000000001
1757318400,2025-09-08T08:00:00+00:00,22.404,23.198,22.36,22.979,496762.29000000004
1757332800,2025-09-08T12:00:00+00:00,22.988,23.298,22.897,23.214,411704.67
1757347200,2025-09-08T16:00:00+00:00,23.211,23.305,22.904,22.986,205345.76
1757361600,2025-09-08T20:00:00+00:00,22.988,23.189,22.843,23.053,167222.94
1757376000,2025-09-09T00:00:00+00:00,23.043,23.303,22.857,23.183,252621.41
1757390400,2025-09-09T04:00:00+00:00,23.181,23.764,23.083,23.697,336362.37
1757404800,2025-09-09T08:00:00+00:00,23.683,23.82,23.516,23.526,241354.78999999998
1757419200,2025-09-09T12:00:00+00:00,23.522,23.771,22.82,22.928,528832.09
1757433600,2025-09-09T16:00:00+00:00,22.933,23.104,22.848,23.07,164887.16
1757448000,2025-09-09T20:00:00+00:00,23.067,23.195,22.955,23.05,114451.02999999998
1757462400,2025-09-10T00:00:00+00:00,23.049,23.424,22.886,23.39,245998.83
1757476800,2025-09-10T04:00:00+00:00,23.395,23.665,23.15,23.45,137756.2
1757491200,2025-09-10T08:00:00+00:00,23.441,23.523,23.289,23.357,131825.26
1757505600,2025-09-10T12:00:00+00:00,23.361,23.933,23.347,23.679,446563.36999999994
1757520000,2025-09-10T16:00:00+00:00,23.684,23.707,23.206,23.319,206643.76
1757534400,2025-09-10T20:00:00+00:00,23.321,23.622,23.31,23.569,94215.51999999999
1757548800,2025-09-11T00:00:00+00:00,23.564,23.85,23.436,23.832,126370.63
1757563200,2025-09-11T04:00:00+00:00,23.834,23.9,23.661,23.816,120428.38
1757577600,2025-09-11T08:00:00+00:00,23.816,23.86,23.692,23.772,84130.45999999999
1757592000,2025-09-11T12:00:00+00:00,23.774,24.275,23.314,23.524,503600.16
1757606400,2025-09-11T16:00:00+00:00,23.526,23.993,23.526,23.942,184580.65999999997
1757620800,2025-09-11T20:00:00+00:00,23.944,24.501,23.895,24.468,277503.57
1757635200,2025-09-12T00:00:00+00:00,24.472,24.752,24.363,24.692,336983.62
1757649600,2025-09-12T04:00:00+00:00,24.69,24.832,24.525,24.544,243628.77000000002
1757664000,2025-09-12T08:00:00+00:00,24.544,24.55,24.296,24.323,157509.31
1757678400,2025-09-12T12:00:00+00:00,24.321,24.677,24.169,24.495,336316.21
1757692800,2025-09-12T16:00:00+00:00,24.493,25.189,24.438,25.162,810435.72
1757707200,2025-09-12T20:00:00+00:00,25.16,25.344,24.937,25.147,352134.97
1757721600,2025-09-13T00:00:00+00:00,25.145,25.312,24.942,25.248,212034.95
1757736000,2025-09-13T04:00:00+00:00,25.244,25.245,25.029,25.192,110667.8
1757750400,2025-09-13T08:00:00+00:00,25.194,25.65,25.131,25.305,305172.13
1757764800,2025-09-13T12:00:00+00:00,25.305,25.415,24.72,24.846,390897.75
1757779200,2025-09-13T16:00:00+00:00,24.847,24.925,24.451,24.771,301819.12
1757793600,2025-09-13T20:00:00+00:00,24.769,24.991,24.769,24.898,137393.98
1757808000,2025-09-14T00:00:00+00:00,24.9,25.037,24.644,24.676,156363.77000000002
1757822400,2025-09-14T04:00:00+00:00,24.68,24.901,24.486,24.6,116865.17
1757836800,2025-09-14T08:00:00+00:00,24.606,24.78,24.336,24.38,86041.2
1757851200,2025-09-14T12:00:00+00:00,24.379,24.498,23.854,24.052,297036.61000000004
1757865600,2025-09-14T16:00:00+00:00,24.049,24.274,24.013,24.162,133344.54
1757880000,2025-09-14T20:00:00+00:00,24.161,24.411,24.053,24.104,129424.29000000001
1757894400,2025-09-15T00:00:00+00:00,24.102,24.318,23.915,24.27,128458.3
1757908800,2025-09-15T04:00:00+00:00,24.273,24.44,23.77,23.856,171973.03999999998
1757923200,2025-09-15T08:00:00+00:00,23.86,23.863,23.175,23.432,277986.45
1757937600,2025-09-15T12:00:00+00:00,23.43,23.455,23.002,23.174,420435.05
1757952000,2025-09-15T16:00:00+00:00,23.174,23.415,22.986,23.361,338292.94
1757966400,2025-09-15T20:00:00+00:00,23.36,23.874,23.335,23.567,276170.23000000004
1757980800,2025-09-16T00:00:00+00:00,23.566,23.638,23.362,23.382,112630.5
1757995200,2025-09-16T04:00:00+00:00,23.373,23.585,23.157,23.496,110951.01999999999
1758009600,2025-09-16T08:00:00+00:00,23.497,23.762,23.497,23.626,121941.18
1758024000,2025-09-16T12:00:00+00:00,23.626,23.709,23.096,23.468,194696.13
1758038400,2025-09-16T16:00:00+00:00,23.469,23.748,23.256,23.58,179433.49
1758052800,2025-09-16T20:00:00+00:00,23.582,23.757,23.465,23.491,145403.54
1758067200,2025-09-17T00:00:00+00:00,23.491,23.64,23.293,23.31,156945.29
1758081600,2025-09-17T04:00:00+00:00,23.311,23.622,23.207,23.571,138099.83
1758096000,2025-09-17T08:00:00+00:00,23.572,23.572,23.051,23.086,140708.05
1758110400,2025-09-17T12:00:00+00:00,23.085,23.12,22.77,22.968,315835.82
1758124800,2025-09-17T16:00:00+00:00,22.964,23.5,22.76,23.458,557085.54
1758139200,2025-09-17T20:00:00+00:00,23.455,24.25,23.25,23.998,438724.86
1758153600,2025-09-18T00:00:00+00:00,24,24.199,23.835,24.131,208186.09
1758168000,2025-09-18T04:00:00+00:00,24.134,24.168,23.687,23.961,179855.06
1758182400,2025-09-18T08:00:00+00:00,23.96,24.425,23.926,24.205,161463.86
1758196800,2025-09-18T12:00:00+00:00,24.21,24.509,24.061,24.478,323555.38
1758211200,2025-09-18T16:00:00+00:00,24.477,24.6,24.332,24.49,306128.05
1758225600,2025-09-18T20:00:00+00:00,24.489,24.74,24.457,24.636,385012.63
1758240000,2025-09-19T00:00:00+00:00,24.64,24.884,24.431,24.48,444287.79000000004
1758254400,2025-09-19T04:00:00+00:00,24.476,24.859,24.238,24.743,300006.07
1758268800,2025-09-19T08:00:00+00:00,24.742,24.855,23.812,23.853,286241.72000000003
1758283200,2025-09-19T12:00:00+00:00,23.851,23.994,23.341,23.613,396951.68
1758297600,2025-09-19T16:00:00+00:00,23.608,23.723,23.281,23.392,209421.8
1758312000,2025-09-19T20:00:00+00:00,23.384,23.681,23.377,23.484,113330.59999999999
1758326400,2025-09-20T00:00:00+00:00,23.483,23.664,23.358,23.437,89775.59
1758340800,2025-09-20T04:00:00+00:00,23.432,23.596,23.385,23.506,71778.01
1758355200,2025-09-20T08:00:00+00:00,23.505,23.508,23.158,23.305,150651.61000000002
1758369600,2025-09-20T12:00:00+00:00,23.303,23.594,23.109,23.436,142631.03999999998
1758384000,2025-09-20T16:00:00+00:00,23.435,23.508,23.243,23.298,84924.20999999999
1758398400,2025-09-20T20:00:00+00:00,23.296,23.465,23.284,23.344,79327.32
1758412800,2025-09-21T00:00:00+00:00,23.346,23.436,23.25,23.397,74616.39
1758427200,2025-09-21T04:00:00+00:00,23.392,23.494,23.279,23.37,55193.30000000001
1758441600,2025-09-21T08:00:00+00:00,23.367,23.418,23.043,23.126,105105.51
1758456000,2025-09-21T12:00:00+00:00,23.124,23.276,23.056,23.106,71297.69
1758470400,2025-09-21T16:00:00+00:00,23.106,23.21,22.913,23.186,120267.33
1758484800,2025-09-21T20:00:00+00:00,23.182,23.208,22.925,22.966,93996.17000000001
1758499200,2025-09-22T00:00:00+00:00,22.961,23.059,21.917,22.195,630177.79
1758513600,2025-09-22T04:00:00+00:00,22.191,22.262,20.301,21.297,649188.1599999999
1758528000,2025-09-22T08:00:00+00:00,21.298,21.418,21.072,21.215,266713.83999999997
1758542400,2025-09-22T12:00:00+00:00,21.218,21.627,21.18,21.22,335508.42000000004
1758556800,2025-09-22T16:00:00+00:00,21.221,21.373,21.128,21.186,354765.96
1758571200,2025-09-22T20:00:00+00:00,21.183,21.693,21.151,21.675,246573.25
1758585600,2025-09-23T00:00:00+00:00,21.67,21.781,21.192,21.58,213649.50999999998
1758600000,2025-09-23T04:00:00+00:00,21.58,21.9,21.375,21.808,184394.06
1758614400,2025-09-23T08:00:00+00:00,21.811,21.891,21.706,21.807,144610.33000000002
1758628800,2025-09-23T12:00:00+00:00,21.798,22.057,21.738,21.869,249468.46
1758643200,2025-09-23T16:00:00+00:00,21.874,22.001,21.544,21.578,291595.6
1758657600,2025-09-23T20:00:00+00:00,21.579,21.831,21.482,21.52,164645.31
1758672000,2025-09-24T00:00:00+00:00,21.521,21.693,21.185,21.294,173957.88999999998
1758686400,2025-09-24T04:00:00+00:00,21.288,21.838,20.962,21.722,673174.98
1758700800,2025-09-24T08:00:00+00:00,21.724,21.882,21.636,21.784,100544.11
1758715200,2025-09-24T12:00:00+00:00,21.787,21.964,21.56,21.775,167970.55
1758729600,2025-09-24T16:00:00+00:00,21.776,21.975,21.726,21.836,203920.05
1758744000,2025-09-24T20:00:00+00:00,21.838,21.865,21.565,21.615,115556.23999999999
1758758400,2025-09-25T00:00:00+00:00,21.614,21.667,21.13,21.298,285077.13
1758772800,2025-09-25T04:00:00+00:00,21.297,21.359,20.921,20.971,359311.33999999997
1758787200,2025-09-25T08:00:00+00:00,20.966,21.159,20.718,20.753,266765.64999999997
1758801600,2025-09-25T12:00:00+00:00,20.755,21.156,20.4,20.892,507478.85000000003
1758816000,2025-09-25T16:00:00+00:00,20.892,20.915,19.836,20.406,912140.9
1758830400,2025-09-25T20:00:00+00:00,20.41,20.555,19.991,20.155,255988.39
1758844800,2025-09-26T00:00:00+00:00,20.155,20.614,20.106,20.55,210985.24
1758859200,2025-09-26T04:00:00+00:00,20.562,20.647,20.241,20.373,182487.9
1758873600,2025-09-26T08:00:00+00:00,20.375,20.55,19.95,20.192,229550.19
1758888000,2025-09-26T12:00:00+00:00,20.189,20.666,20.01,20.601,470276.49000000005
1758902400,2025-09-26T16:00:00+00:00,20.602,21.258,20.586,20.978,413506.24
1758916800,2025-09-26T20:00:00+00:00,20.978,21.136,20.904,21.083,166833.88999999998
1758931200,2025-09-27T00:00:00+00:00,21.081,21.133,20.981,21.096,143038.24
1758945600,2025-09-27T04:00:00+00:00,21.094,21.161,20.924,20.957,127147.81
1758960000,2025-09-27T08:00:00+00:00,20.958,21.116,20.834,20.999,76167.82
1758974400,2025-09-27T12:00:00+00:00,20.998,21.066,20.862,20.964,63177.24999999999
1758988800,2025-09-27T16:00:00+00:00,20.966,20.966,20.737,20.847,77497.54
1759003200,2025-09-27T20:00:00+00:00,20.848,21.099,20.825,20.927,59459.329999999994
1759017600,2025-09-28T00:00:00+00:00,20.926,20.954,20.653,20.726,118585.37999999999
1759032000,2025-09-28T04:00:00+00:00,20.731,20.834,20.649,20.745,45970.32
1759046400,2025-09-28T08:00:00+00:00,20.746,20.792,20.515,20.574,101561.16
1759060800,2025-09-28T12:00:00+00:00,20.568,20.999,20.44,20.986,122688.67999999998
1759075200,2025-09-28T16:00:00+00:00,20.986,21.329,20.986,21.22,172674.37
1759089600,2025-09-28T20:00:00+00:00,21.221,21.722,21.19,21.679,340603.01
1759104000,2025-09-29T00:00:00+00:00,21.682,21.691,21.396,21.494,130058.48000000001
1759118400,2025-09-29T04:00:00+00:00,21.496,21.5,21.164,21.268,73217.74
1759132800,2025-09-29T08:00:00+00:00,21.267,21.414,21.073,21.2,120626.89
1759147200,2025-09-29T12:00:00+00:00,21.202,22.27,20.921,21.403,561398.6000000001
1759161600,2025-09-29T16:00:00+00:00,21.404,21.762,21.217,21.73,245568.68
1759176000,2025-09-29T20:00:00+00:00,21.734,21.91,21.692,21.739,201636.00000000003
1759190400,2025-09-30T00:00:00+00:00,21.738,21.883,21.451,21.491,205637.14
1759204800,2025-09-30T04:00:00+00:00,21.482,21.708,21.361,21.415,134052.5
1759219200,2025-09-30T08:00:00+00:00,21.414,21.513,21.246,21.422,122388.81
1759233600,2025-09-30T12:00:00+00:00,21.421,21.515,20.974,21.107,241203.44
1759248000,2025-09-30T16:00:00+00:00,21.105,21.549,20.998,21.532,305962.38
1759262400,2025-09-30T20:00:00+00:00,21.532,21.693,21.296,21.322,289115.70999999996
1759276800,2025-10-01T00:00:00+00:00,21.319,21.581,21.069,21.182,191436.09
1759291200,2025-10-01T04:00:00+00:00,21.182,21.398,21.135,21.339,110669.43000000001
1759305600,2025-10-01T08:00:00+00:00,21.333,22.3,21.318,22.242,349661.43
1759320000,2025-10-01T12:00:00+00:00,22.242,22.503,22.125,22.421,320251.63
1759334400,2025-10-01T16:00:00+00:00,22.422,22.644,22.31,22.542,325654.29000000004
1759348800,2025-10-01T20:00:00+00:00,22.544,22.619,22.264,22.59,272143.6
1759363200,2025-10-02T00:00:00+00:00,22.589,22.813,22.433,22.702,233327.13999999998
1759377600,2025-10-02T04:00:00+00:00,22.705,22.864,22.573,22.585,125121.78000000001
1759392000,2025-10-02T08:00:00+00:00,22.588,22.649,22.385,22.415,129406.68
1759406400,2025-10-02T12:00:00+00:00,22.416,22.588,21.941,22.433,423873.95
1759420800,2025-10-02T16:00:00+00:00,22.433,23.16,22.4,22.949,351266.41000000003
1759435200,2025-10-02T20:00:00+00:00,22.951,22.986,22.664,22.791,194763.8
1759449600,2025-10-03T00:00:00+00:00,22.794,22.891,22.559,22.616,154176.99
1759464000,2025-10-03T04:00:00+00:00,22.61,22.716,22.316,22.405,140712.82
1759478400,2025-10-03T08:00:00+00:00,22.402,22.447,22.246,22.287,121004.54000000001
1759492800,2025-10-03T12:00:00+00:00,22.288,22.762,22.111,22.737,374711.0
1759507200,2025-10-03T16:00:00+00:00,22.74,23.1,22.12,22.636,580453.15
1759521600,2025-10-03T20:00:00+00:00,22.638,22.728,22.502,22.52,143812.68
1759536000,2025-10-04T00:00:00+00:00,22.519,22.631,22.171,22.226,166496.41
1759550400,2025-10-04T04:00:00+00:00,22.225,22.298,22.063,22.088,97262.40999999999
1759564800,2025-10-04T08:00:00+00:00,22.084,22.085,21.781,21.859,98992.76000000001
1759579200,2025-10-04T12:00:00+00:00,21.856,22.184,21.79,21.852,180916.47
1759593600,2025-10-04T16:00:00+00:00,21.853,22.035,21.82,22.018,115535.36
1759608000,2025-10-04T20:00:00+00:00,22.025,22.157,22.004,22.031,74498.22
1759622400,2025-10-05T00:00:00+00:00,22.032,22.609,21.95,22.367,201917.22
1759636800,2025-10-05T04:00:00+00:00,22.36,22.85,22.345,22.84,227777.58
1759651200,2025-10-05T08:00:00+00:00,22.842,22.94,22.492,22.749,228188.71999999997
1759665600,2025-10-05T12:00:00+00:00,22.748,22.765,22.406,22.473,119863.85
1759680000,2025-10-05T16:00:00+00:00,22.471,22.641,21.901,21.923,258751.56
1759694400,2025-10-05T20:00:00+00:00,21.923,22.154,21.89,22.007,117528.48999999999
1759708800,2025-10-06T00:00:00+00:00,22.01,22.213,21.52,21.911,392297.63999999996
1759723200,2025-10-06T04:00:00+00:00,21.91,22.169,21.753,21.932,143618.77000000002
1759737600,2025-10-06T08:00:00+00:00,21.934,22.248,21.934,22.124,105568.33
1759752000,2025-10-06T12:00:00+00:00,22.127,22.99,22.127,22.837,401894.14
1759766400,2025-10-06T16:00:00+00:00,22.836,23.535,22.8,23.443,470610.44000000006
1759780800,2025-10-06T20:00:00+00:00,23.446,23.609,23.271,23.37,279805.16000000003
1759795200,2025-10-07T00:00:00+00:00,23.371,23.734,23.349,23.359,198430.76
1759809600,2025-10-07T04:00:00+00:00,23.359,23.656,22.84,22.864,228094.54
1759824000,2025-10-07T08:00:00+00:00,22.866,22.918,22.579,22.883,156967.99
1759838400,2025-10-07T12:00:00+00:00,22.879,23.101,21.864,22.01,638328.0499999999
1759852800,2025-10-07T16:00:00+00:00,22.008,22.218,21.816,21.886,354294.41
1759867200,2025-10-07T20:00:00+00:00,21.888,22.204,21.784,21.81,228782.83
1759881600,2025-10-08T00:00:00+00:00,21.817,22.163,21.672,21.756,210157.29
1759896000,2025-10-08T04:00:00+00:00,21.758,21.976,21.642,21.919,170411.03
1759910400,2025-10-08T08:00:00+00:00,21.92,22.17,21.874,22.073,163593.03
1759924800,2025-10-08T12:00:00+00:00,22.073,22.353,21.829,22.002,267425.06
1759939200,2025-10-08T16:00:00+00:00,22.004,22.578,21.957,22.489,427292.24
1759953600,2025-10-08T20:00:00+00:00,22.486,22.671,22.401,22.636,179614.06000000003
1759968000,2025-10-09T00:00:00+00:00,22.638,22.676,21.957,22.269,244494.46
1759982400,2025-10-09T04:00:00+00:00,22.267,22.493,21.929,21.978,134675.28
1759996800,2025-10-09T08:00:00+00:00,21.979,21.982,21.597,21.738,242464.96999999997
1760011200,2025-10-09T12:00:00+00:00,21.74,22.047,21.331,21.506,335192.43000000005
1760025600,2025-10-09T16:00:00+00:00,21.507,21.922,21.34,21.735,247541.16999999998
1760040000,2025-10-09T20:00:00+00:00,21.741,22.142,21.708,22.007,133922.81
1760054400,2025-10-10T00:00:00+00:00,22.009,22.6,21.988,22.412,249745.71000000002
1760068800,2025-10-10T04:00:00+00:00,22.414,22.625,22.263,22.304,146394.19
1760083200,2025-10-10T08:00:00+00:00,22.305,22.779,22.276,22.413,140357.25
1760097600,2025-10-10T12:00:00+00:00,22.413,22.8,21.211,21.375,645177.22
1760112000,2025-10-10T16:00:00+00:00,21.372,21.554,20.394,20.503,1067403.74
1760126400,2025-10-10T20:00:00+00:00,20.499,20.728,15,17.372,3198416.04
1760140800,2025-10-11T00:00:00+00:00,17.364,18.172,16.969,17.509,1013350.82
1760155200,2025-10-11T04:00:00+00:00,17.508,17.877,17.356,17.755,778430.8600000001
1760169600,2025-10-11T08:00:00+00:00,17.754,18.537,17.667,18.07,608529.54
1760184000,2025-10-11T12:00:00+00:00,18.067,18.15,17.417,18.007,522206.58999999997
1760198400,2025-10-11T16:00:00+00:00,18.004,18.172,17.133,17.309,380321.89999999997
1760212800,2025-10-11T20:00:00+00:00,17.302,17.345,16.622,17.215,717498.9700000001
1760227200,2025-10-12T00:00:00+00:00,17.215,17.26,16.697,17.094,448972.37
1760241600,2025-10-12T04:00:00+00:00,17.095,17.535,17.05,17.422,289336.80000000005
1760256000,2025-10-12T08:00:00+00:00,17.422,17.576,17.194,17.402,204769.56
1760270400,2025-10-12T12:00:00+00:00,17.398,18.819,17.228,18.783,951264.44
1760284800,2025-10-12T16:00:00+00:00,18.785,19.385,18.785,19.369,915308.12
1760299200,2025-10-12T20:00:00+00:00,19.368,19.442,18.836,19.015,720366.62
1760313600,2025-10-13T00:00:00+00:00,19.009,19.277,18.774,19.046,571381.72
1760328000,2025-10-13T04:00:00+00:00,19.05,19.684,18.946,19.557,536844.76
1760342400,2025-10-13T08:00:00+00:00,19.557,19.788,19.009,19.216,518947.7
1760356800,2025-10-13T12:00:00+00:00,19.214,19.859,19.085,19.751,1414870.3
1760371200,2025-10-13T16:00:00+00:00,19.755,20.138,19.476,20.066,764158.84
1760385600,2025-10-13T20:00:00+00:00,20.065,20.199,19.849,19.861,335358.92000000004
1760400000,2025-10-14T00:00:00+00:00,19.862,20.081,19.321,19.479,561840.9600000001
1760414400,2025-10-14T04:00:00+00:00,19.484,19.55,18.305,18.57,742170.1699999999
1760428800,2025-10-14T08:00:00+00:00,18.566,18.771,18.09,18.599,651050.4199999999
1760443200,2025-10-14T12:00:00+00:00,18.6,19.058,18.156,19.048,1067051.05
1760457600,2025-10-14T16:00:00+00:00,19.056,19.379,18.634,18.888,996400.1599999999
1760472000,2025-10-14T20:00:00+00:00,18.886,19.196,18.815,19.116,464103.41000000003
1760486400,2025-10-15T00:00:00+00:00,19.11,19.258,18.85,18.928,496605.7
1760500800,2025-10-15T04:00:00+00:00,18.932,19.158,18.843,18.875,281657.97
1760515200,2025-10-15T08:00:00+00:00,18.874,19.255,18.592,18.697,334653.86999999994
1760529600,2025-10-15T12:00:00+00:00,18.696,18.753,18.041,18.135,590214.49
1760544000,2025-10-15T16:00:00+00:00,18.134,18.266,17.85,18.038,454112.95
1760558400,2025-10-15T20:00:00+00:00,18.05,18.131,17.736,18.058,472635.27
1760572800,2025-10-16T00:00:00+00:00,18.062,18.21,17.924,18.046,309593.59
1760587200,2025-10-16T04:00:00+00:00,18.048,18.218,17.932,18.053,296247.66000000003
1760601600,2025-10-16T08:00:00+00:00,18.057,18.5,17.56,18.496,353555.11
1760616000,2025-10-16T12:00:00+00:00,18.492,18.633,17.607,17.663,548270.73
1760630400,2025-10-16T16:00:00+00:00,17.663,18.089,17.272,17.396,707655.46
1760644800,2025-10-16T20:00:00+00:00,17.399,17.473,17.111,17.432,353842.32
1760659200,2025-10-17T00:00:00+00:00,17.428,17.693,17.36,17.516,228636.01
1760673600,2025-10-17T04:00:00+00:00,17.518,17.53,16.174,16.199,629658.7
1760688000,2025-10-17T08:00:00+00:00,16.203,16.589,15.7,16.532,1181505.25
1760702400,2025-10-17T12:00:00+00:00,16.529,16.698,16.14,16.628,980104.64
1760716800,2025-10-17T16:00:00+00:00,16.626,16.907,16.244,16.385,819860.1000000001
1760731200,2025-10-17T20:00:00+00:00,16.388,16.777,16.332,16.607,351979.6
1760745600,2025-10-18T00:00:00+00:00,16.608,16.9,16.587,16.804,192509.27
1760760000,2025-10-18T04:00:00+00:00,16.802,17.012,16.575,16.704,225174.59
1760774400,2025-10-18T08:00:00+00:00,16.704,16.957,16.699,16.882,147121.61
1760788800,2025-10-18T12:00:00+00:00,16.883,16.977,16.625,16.795,194043.16999999998
1760803200,2025-10-18T16:00:00+00:00,16.795,16.9,16.639,16.841,134712.41
1760817600,2025-10-18T20:00:00+00:00,16.84,16.961,16.758,16.816,112538.31
1760832000,2025-10-19T00:00:00+00:00,16.816,16.897,16.652,16.864,149527.99
1760846400,2025-10-19T04:00:00+00:00,16.871,16.915,16.673,16.801,125308.87
1760860800,2025-10-19T08:00:00+00:00,16.803,17.306,16.533,17.152,497512.89
1760875200,2025-10-19T12:00:00+00:00,17.154,17.552,17.032,17.412,373570.02
1760889600,2025-10-19T16:00:00+00:00,17.412,17.675,17.324,17.466,337927.98
1760904000,2025-10-19T20:00:00+00:00,17.465,17.556,17.244,17.29,188510.44999999998
1760918400,2025-10-20T00:00:00+00:00,17.289,17.693,16.936,17.623,279322.03
1760932800,2025-10-20T04:00:00+00:00,17.628,18.969,17.587,18.627,849728.77
1760947200,2025-10-20T08:00:00+00:00,18.63,19.038,18.573,19.011,299567.86
1760961600,2025-10-20T12:00:00+00:00,19.009,19.194,18.764,18.775,609434.32
1760976000,2025-10-20T16:00:00+00:00,18.774,18.936,18.432,18.856,513330.41
1760990400,2025-10-20T20:00:00+00:00,18.857,18.955,18.615,18.66,187380.43
1761004800,2025-10-21T00:00:00+00:00,18.659,18.963,18.136,18.157,367624.91
1761019200,2025-10-21T04:00:00+00:00,18.154,18.172,17.672,18.071,367884.49
1761033600,2025-10-21T08:00:00+00:00,18.068,18.118,17.807,18.074,212762.22000000003
1761048000,2025-10-21T12:00:00+00:00,18.078,18.972,17.839,18.81,705391.86
1761062400,2025-10-21T16:00:00+00:00,18.811,18.907,18.085,18.185,486952.01999999996
1761076800,2025-10-21T20:00:00+00:00,18.19,18.225,17.545,17.614,386113.27999999997
1761091200,2025-10-22T00:00:00+00:00,17.614,17.742,17.431,17.638,283014.73
1761105600,2025-10-22T04:00:00+00:00,17.629,17.845,17.452,17.621,206176.08
1761120000,2025-10-22T08:00:00+00:00,17.616,17.616,17.17,17.424,223951.86
1761134400,2025-10-22T12:00:00+00:00,17.423,17.613,17.153,17.464,604441.0599999999
1761148800,2025-10-22T16:00:00+00:00,17.468,17.512,17.11,17.252,338697.68
1761163200,2025-10-22T20:00:00+00:00,17.255,17.279,16.75,17.199,467034.19
1761177600,2025-10-23T00:00:00+00:00,17.205,17.374,17.175,17.27,161879.75
1761192000,2025-10-23T04:00:00+00:00,17.272,17.682,17.254,17.58,142957.4
1761206400,2025-10-23T08:00:00+00:00,17.582,17.711,17.267,17.291,236757.97
1761220800,2025-10-23T12:00:00+00:00,17.283,17.552,17.102,17.412,337815.0
1761235200,2025-10-23T16:00:00+00:00,17.414,17.797,17.359,17.474,348987.80000000005
1761249600,2025-10-23T20:00:00+00:00,17.473,17.473,17.187,17.435,202031.91999999998
1761264000,2025-10-24T00:00:00+00:00,17.436,17.489,17.297,17.344,185062.95
1761278400,2025-10-24T04:00:00+00:00,17.348,17.745,17.309,17.651,221650.37
1761292800,2025-10-24T08:00:00+00:00,17.651,17.801,17.533,17.738,223379.07
1761307200,2025-10-24T12:00:00+00:00,17.74,18.098,17.46,17.564,495246.93000000005
1761321600,2025-10-24T16:00:00+00:00,17.561,17.855,17.47,17.781,251814.18
1761336000,2025-10-24T20:00:00+00:00,17.783,17.997,17.77,17.893,201377.55000000002
1761350400,2025-10-25T00:00:00+00:00,17.894,17.978,17.796,17.803,68014.13
1761364800,2025-10-25T04:00:00+00:00,17.805,18.016,17.805,17.878,117089.71
1761379200,2025-10-25T08:00:00+00:00,17.88,18.036,17.866,17.994,96969.78
1761393600,2025-10-25T12:00:00+00:00,17.994,18.088,17.945,17.985,55998.35
1761422400,2025-10-25T20:00:00+00:00,18.06,18.1,17.985,18.019,70495.53
1761436800,2025-10-26T00:00:00+00:00,18.018,18.028,17.693,17.742,173047.39
1761451200,2025-10-26T04:00:00+00:00,17.738,17.87,17.726,17.856,93935.79000000001
1761465600,2025-10-26T08:00:00+00:00,17.86,18.342,17.859,18.32,208328.11000000002
1761480000,2025-10-26T12:00:00+00:00,18.318,18.488,18.221,18.334,383967.6
1761494400,2025-10-26T16:00:00+00:00,18.332,18.339,18.099,18.179,211155.06999999998
1761508800,2025-10-26T20:00:00+00:00,18.178,18.686,18.063,18.552,413966.19000000006
1761523200,2025-10-27T00:00:00+00:00,18.542,19.042,18.495,18.952,304803.23
1761537600,2025-10-27T04:00:00+00:00,18.952,19.057,18.698,18.836,193514.06
1761552000,2025-10-27T08:00:00+00:00,18.837,18.917,18.37,18.493,180950.33
1761566400,2025-10-27T12:00:00+00:00,18.494,18.517,18.17,18.405,299046.5
1761580800,2025-10-27T16:00:00+00:00,18.408,18.9,18.408,18.483,474369.57999999996
1761595200,2025-10-27T20:00:00+00:00,18.483,18.487,18.088,18.21,266874.64999999997
1761609600,2025-10-28T00:00:00+00:00,18.205,18.404,18.073,18.231,169372.63
1761624000,2025-10-28T04:00:00+00:00,18.227,18.511,18.014,18.325,133963.66999999998
1761638400,2025-10-28T08:00:00+00:00,18.325,18.543,18.294,18.386,99474.92
1761652800,2025-10-28T12:00:00+00:00,18.388,18.82,18.088,18.384,384901.63
1761667200,2025-10-28T16:00:00+00:00,18.379,18.659,17.87,17.998,328404.92
1761681600,2025-10-28T20:00:00+00:00,17.994,17.994,17.45,17.823,397916.94
1761696000,2025-10-29T00:00:00+00:00,17.823,18.004,17.74,17.807,125721.72
1761710400,2025-10-29T04:00:00+00:00,17.806,17.989,17.778,17.929,78709.75
1761724800,2025-10-29T08:00:00+00:00,17.922,18.155,17.742,18.113,191015.22
1761739200,2025-10-29T12:00:00+00:00,18.112,18.315,17.892,18.017,278855.7
1761753600,2025-10-29T16:00:00+00:00,18.02,18.521,17.52,18.271,792329.2200000001
1761768000,2025-10-29T20:00:00+00:00,18.272,18.713,17.976,18.138,276840.72000000003
1761782400,2025-10-30T00:00:00+00:00,18.142,18.321,18.016,18.166,211640.88
1761796800,2025-10-30T04:00:00+00:00,18.163,18.428,17.492,18.363,293218.05999999994
1761811200,2025-10-30T08:00:00+00:00,18.363,18.382,17.657,17.668,203966.37
1761825600,2025-10-30T12:00:00+00:00,17.667,17.72,16.854,16.898,558985.28
1761840000,2025-10-30T16:00:00+00:00,16.901,17.014,16.348,16.399,514163.17000000004
1761854400,2025-10-30T20:00:00+00:00,16.389,16.818,16.324,16.802,298691.16000000003
1761868800,2025-10-31T00:00:00+00:00,16.799,17.088,16.739,16.947,337536.12
1761883200,2025-10-31T04:00:00+00:00,16.952,17.301,16.93,17.22,244468.52000000002
1761897600,2025-10-31T08:00:00+00:00,17.22,17.347,17.136,17.318,117172.73000000001
1761912000,2025-10-31T12:00:00+00:00,17.32,17.445,17.076,17.282,345158.93
1761926400,2025-10-31T16:00:00+00:00,17.279,17.357,16.76,17.292,349629.61000000004
1761940800,2025-10-31T20:00:00+00:00,17.288,17.349,17.115,17.232,122144.13999999998
1761955200,2025-11-01T00:00:00+00:00,17.236,17.319,17.049,17.308,123241.01
1761969600,2025-11-01T04:00:00+00:00,17.301,17.325,17.122,17.312,75589.84
1761984000,2025-11-01T08:00:00+00:00,17.313,17.426,17.24,17.347,106013.01
1761998400,2025-11-01T12:00:00+00:00,17.348,17.404,17.128,17.249,157902.49
1762012800,2025-11-01T16:00:00+00:00,17.251,17.33,17.025,17.234,138352.33
1762027200,2025-11-01T20:00:00+00:00,17.233,17.306,17.05,17.139,91953.27
1762041600,2025-11-02T00:00:00+00:00,17.14,17.205,17.041,17.148,64069.880000000005
1762056000,2025-11-02T04:00:00+00:00,17.147,17.59,17.109,17.54,189241.18
1762070400,2025-11-02T08:00:00+00:00,17.542,17.631,17.246,17.572,153693.91
1762084800,2025-11-02T12:00:00+00:00,17.572,17.581,17.063,17.133,179899.48
1762099200,2025-11-02T16:00:00+00:00,17.13,17.29,16.988,17.05,150187.63
1762113600,2025-11-02T20:00:00+00:00,17.045,17.627,16.992,17.583,209772.13
1762128000,2025-11-03T00:00:00+00:00,17.588,17.655,16.34,16.365,463143.29000000004
1762142400,2025-11-03T04:00:00+00:00,16.36,16.523,15.868,16.125,323246.07
1762156800,2025-11-03T08:00:00+00:00,16.125,16.238,15.812,16.063,290894.89
1762171200,2025-11-03T12:00:00+00:00,16.068,16.342,14.54,15.301,827174.98
1762185600,2025-11-03T16:00:00+00:00,15.302,15.855,15.243,15.343,634211.16
1762200000,2025-11-03T20:00:00+00:00,15.342,15.422,15.05,15.243,367451.81
1762214400,2025-11-04T00:00:00+00:00,15.244,15.56,15.106,15.426,365641.65
1762228800,2025-11-04T04:00:00+00:00,15.423,15.502,14.561,14.629,783260.6400000001
1762243200,2025-11-04T08:00:00+00:00,14.628,15.257,14.516,15.05,381228.29000000004
1762257600,2025-11-04T12:00:00+00:00,15.054,15.434,14.666,15.107,652782.15
1762272000,2025-11-04T16:00:00+00:00,15.108,15.224,14.132,14.28,1208135.5
1762286400,2025-11-04T20:00:00+00:00,14.284,14.87,13.693,14.686,975719.93
1762300800,2025-11-05T00:00:00+00:00,14.685,14.931,13.985,14.848,746623.84
1762315200,2025-11-05T04:00:00+00:00,14.849,15.015,14.755,14.906,286117.72
1762329600,2025-11-05T08:00:00+00:00,14.908,14.908,14.54,14.826,259365.9
1762344000,2025-11-05T12:00:00+00:00,14.826,15.11,14.74,15.094,492767.67000000004
1762358400,2025-11-05T16:00:00+00:00,15.094,15.4,14.911,15.252,544336.3200000001
1762372800,2025-11-05T20:00:00+00:00,15.256,15.359,15.054,15.091,396634.26
1762387200,2025-11-06T00:00:00+00:00,15.093,15.203,14.842,15.126,292221.1
1762401600,2025-11-06T04:00:00+00:00,15.127,15.237,14.82,14.904,226235.83
1762416000,2025-11-06T08:00:00+00:00,14.903,14.973,14.748,14.934,250559.72
1762430400,2025-11-06T12:00:00+00:00,14.931,15.097,14.367,14.464,725692.2899999999
1762444800,2025-11-06T16:00:00+00:00,14.459,14.772,14.236,14.719,541559.3099999999
1762459200,2025-11-06T20:00:00+00:00,14.726,14.789,14.484,14.735,339371.45
1762473600,2025-11-07T00:00:00+00:00,14.735,15.026,14.568,14.963,406606.84
1762488000,2025-11-07T04:00:00+00:00,14.971,15.16,14.824,15.158,251996.81
1762502400,2025-11-07T08:00:00+00:00,15.152,15.179,14.489,14.674,279678.56
1762516800,2025-11-07T12:00:00+00:00,14.673,15.093,14.293,15.018,820469.52
1762531200,2025-11-07T16:00:00+00:00,15.02,16.221,14.914,16.053,1188244.48
1762545600,2025-11-07T20:00:00+00:00,16.055,16.179,15.734,15.784,355653.62
1762560000,2025-11-08T00:00:00+00:00,15.787,16.019,15.604,15.753,290070.39
1762574400,2025-11-08T04:00:00+00:00,15.754,15.917,15.525,15.717,208773.12
1762588800,2025-11-08T08:00:00+00:00,15.72,15.914,15.596,15.676,175709.97
1762603200,2025-11-08T12:00:00+00:00,15.676,15.715,15.174,15.21,264679.96
1762617600,2025-11-08T16:00:00+00:00,15.207,15.442,15.117,15.365,227013.94999999998
1762632000,2025-11-08T20:00:00+00:00,15.362,15.542,15.275,15.513,84645.11
1762646400,2025-11-09T00:00:00+00:00,15.516,15.516,15.017,15.098,233428.21000000002
1762660800,2025-11-09T04:00:00+00:00,15.1,15.424,15.048,15.366,133603.57
1762675200,2025-11-09T08:00:00+00:00,15.365,15.494,15.077,15.435,130894.04000000001
1762689600,2025-11-09T12:00:00+00:00,15.434,15.945,15.395,15.83,345084.98000000004
1762704000,2025-11-09T16:00:00+00:00,15.83,16.092,15.72,16.091,234424.48
1762718400,2025-11-09T20:00:00+00:00,16.088,16.13,15.83,15.923,211419.08999999997
1762732800,2025-11-10T00:00:00+00:00,15.922,16.312,15.784,16.234,353667.26
1762747200,2025-11-10T04:00:00+00:00,16.234,16.425,16.153,16.366,267757.33
1762761600,2025-11-10T08:00:00+00:00,16.367,16.649,16.19,16.514,212645.3
1762776000,2025-11-10T12:00:00+00:00,16.514,16.67,15.976,16.084,505006.85
1762790400,2025-11-10T16:00:00+00:00,16.082,16.278,15.925,16.164,324981.08999999997
1762804800,2025-11-10T20:00:00+00:00,16.156,16.45,15.957,16.36,310110.11
1762819200,2025-11-11T00:00:00+00:00,16.362,16.784,16.167,16.638,408970.01999999996
1762833600,2025-11-11T04:00:00+00:00,16.634,16.681,15.981,15.992,204059.17
1762848000,2025-11-11T08:00:00+00:00,15.986,16.23,15.96,16.197,161316.99
1762862400,2025-11-11T12:00:00+00:00,16.2,16.296,15.71,15.792,418335.13
1762876800,2025-11-11T16:00:00+00:00,15.791,15.885,15.584,15.643,337281.15
1762891200,2025-11-11T20:00:00+00:00,15.645,15.649,15.196,15.278,501510.37
1762905600,2025-11-12T00:00:00+00:00,15.282,15.461,15.183,15.39,314020.43999999994
1762920000,2025-11-12T04:00:00+00:00,15.388,15.548,15.305,15.331,160984.3
1762934400,2025-11-12T08:00:00+00:00,15.336,16.171,15.336,16.108,253006.54
1762948800,2025-11-12T12:00:00+00:00,16.109,16.248,15.334,15.373,433296.14
1762963200,2025-11-12T16:00:00+00:00,15.372,15.415,14.923,15.084,671989.77
1762977600,2025-11-12T20:00:00+00:00,15.083,15.315,15.028,15.15,220686.97
1762992000,2025-11-13T00:00:00+00:00,15.146,15.652,15.072,15.528,379758.36
1763006400,2025-11-13T04:00:00+00:00,15.53,16.01,15.436,15.88,383533.4
1763020800,2025-11-13T08:00:00+00:00,15.881,15.947,15.645,15.734,223410.94
1763035200,2025-11-13T12:00:00+00:00,15.737,15.771,15.241,15.316,383157.52
1763049600,2025-11-13T16:00:00+00:00,15.313,15.36,14.197,14.272,795510.28
1763064000,2025-11-13T20:00:00+00:00,14.274,14.723,14.14,14.545,605650.25
1763078400,2025-11-14T00:00:00+00:00,14.541,14.599,14.348,14.43,371868.52
1763092800,2025-11-14T04:00:00+00:00,14.426,14.553,13.904,14.445,509943.15
1763107200,2025-11-14T08:00:00+00:00,14.439,14.449,14.108,14.187,294377.94999999995
1763121600,2025-11-14T12:00:00+00:00,14.184,14.441,13.817,14.274,1030240.6199999999
1763136000,2025-11-14T16:00:00+00:00,14.278,14.484,14.05,14.287,414226.43000000005
1763150400,2025-11-14T20:00:00+00:00,14.29,14.297,13.579,13.799,429086.52999999997
1763164800,2025-11-15T00:00:00+00:00,13.797,14.277,13.785,14.191,325391.45
1763179200,2025-11-15T04:00:00+00:00,14.193,14.276,14.054,14.074,181384.43
1763193600,2025-11-15T08:00:00+00:00,14.075,14.096,13.825,14.007,239016.18999999997
1763208000,2025-11-15T12:00:00+00:00,14.005,14.288,13.96,14.167,190311.05
1763222400,2025-11-15T16:00:00+00:00,14.164,14.324,14.056,14.205,202261.22999999998
1763236800,2025-11-15T20:00:00+00:00,14.206,14.208,13.988,14.128,179206.51
1763251200,2025-11-16T00:00:00+00:00,14.126,14.245,13.847,14.181,239991.87
1763265600,2025-11-16T04:00:00+00:00,14.182,14.326,14.08,14.322,112964.54000000001
1763280000,2025-11-16T08:00:00+00:00,14.322,14.515,14.031,14.047,226609.76
1763294400,2025-11-16T12:00:00+00:00,14.046,14.178,13.75,13.772,350284.35
1763308800,2025-11-16T16:00:00+00:00,13.773,13.878,13.387,13.621,936946.3899999999
1763323200,2025-11-16T20:00:00+00:00,13.623,13.829,13.39,13.724,448578.95
1763337600,2025-11-17T00:00:00+00:00,13.722,13.984,13.565,13.972,332128.75
1763352000,2025-11-17T04:00:00+00:00,13.974,14.149,13.91,14.112,212903.78
1763366400,2025-11-17T08:00:00+00:00,14.109,14.193,14.011,14.156,204664.78
1763380800,2025-11-17T12:00:00+00:00,14.154,14.261,13.579,13.7,692138.02
1763395200,2025-11-17T16:00:00+00:00,13.7,13.781,13.077,13.203,1218301.42
1763409600,2025-11-17T20:00:00+00:00,13.204,13.394,13.071,13.316,617895.9400000001
1763424000,2025-11-18T00:00:00+00:00,13.317,13.497,13.052,13.441,610660.8300000001
1763438400,2025-11-18T04:00:00+00:00,13.443,13.57,13.225,13.366,471643.08
1763452800,2025-11-18T08:00:00+00:00,13.369,13.578,13.36,13.471,281363.22000000003
1763467200,2025-11-18T12:00:00+00:00,13.472,13.808,13.276,13.701,644942.48
1763481600,2025-11-18T16:00:00+00:00,13.699,13.985,13.671,13.899,737497.51
1763496000,2025-11-18T20:00:00+00:00,13.899,13.949,13.698,13.792,294243.39
1763510400,2025-11-19T00:00:00+00:00,13.792,13.828,13.455,13.491,487905.37
1763524800,2025-11-19T04:00:00+00:00,13.488,13.531,13.112,13.474,564576.34
1763539200,2025-11-19T08:00:00+00:00,13.471,13.547,13.324,13.389,198636.76
1763553600,2025-11-19T12:00:00+00:00,13.388,13.5,12.974,13.013,652232.3300000001
1763568000,2025-11-19T16:00:00+00:00,13.008,13.127,12.76,12.872,1129768.32
1763582400,2025-11-19T20:00:00+00:00,12.872,13.571,12.842,13.517,531978.0700000001
1763596800,2025-11-20T00:00:00+00:00,13.514,13.699,13.452,13.643,375212.02
1763611200,2025-11-20T04:00:00+00:00,13.644,13.932,13.576,13.928,300261.72000000003
1763625600,2025-11-20T08:00:00+00:00,13.928,13.986,13.558,13.688,262708.77
1763640000,2025-11-20T12:00:00+00:00,13.692,13.901,13.39,13.404,687687.51
1763654400,2025-11-20T16:00:00+00:00,13.403,13.424,12.758,12.987,1134510.39
1763668800,2025-11-20T20:00:00+00:00,12.986,13.326,12.828,12.924,397812.06999999995
1763683200,2025-11-21T00:00:00+00:00,12.924,13.191,12.773,12.847,481774.97
1763697600,2025-11-21T04:00:00+00:00,12.846,12.909,11.9,12.251,780788.49
1763712000,2025-11-21T08:00:00+00:00,12.249,12.411,11.84,11.881,792890.36
1763726400,2025-11-21T12:00:00+00:00,11.881,12.323,11.596,11.896,1139817.59
1763740800,2025-11-21T16:00:00+00:00,11.9,12.353,11.718,12.11,1001954.05
1763755200,2025-11-21T20:00:00+00:00,12.109,12.241,11.788,12.11,604418.3200000001
1763769600,2025-11-22T00:00:00+00:00,12.109,12.242,12.025,12.105,263241.76
1763784000,2025-11-22T04:00:00+00:00,12.105,12.109,11.834,11.988,300121.27
1763798400,2025-11-22T08:00:00+00:00,11.988,12.017,11.748,11.956,247590.55999999997
1763812800,2025-11-22T12:00:00+00:00,11.958,12.005,11.734,11.917,302846.85
1763827200,2025-11-22T16:00:00+00:00,11.915,12.09,11.907,11.99,276150.37
1763841600,2025-11-22T20:00:00+00:00,11.994,12.3,11.933,12.167,253493.54
1763856000,2025-11-23T00:00:00+00:00,12.167,12.469,12.108,12.465,445526.05
1763870400,2025-11-23T04:00:00+00:00,12.465,12.598,12.296,12.363,283781.55
1763884800,2025-11-23T08:00:00+00:00,12.364,12.61,12.36,12.514,516690.70999999996
1763899200,2025-11-23T12:00:00+00:00,12.512,12.723,12.492,12.675,331293.95999999996
1763913600,2025-11-23T16:00:00+00:00,12.676,12.749,12.447,12.631,335440.88
1763928000,2025-11-23T20:00:00+00:00,12.632,12.743,12.488,12.519,284541.52999999997
1763942400,2025-11-24T00:00:00+00:00,12.518,12.835,12.348,12.689,426905.18
1763956800,2025-11-24T04:00:00+00:00,12.69,12.852,12.469,12.576,294273.68
1763971200,2025-11-24T08:00:00+00:00,12.574,12.639,12.354,12.493,254282.49
1763985600,2025-11-24T12:00:00+00:00,12.491,12.683,12.287,12.608,633161.04
1764000000,2025-11-24T16:00:00+00:00,12.612,13.199,12.598,13.008,734526.33
1764014400,2025-11-24T20:00:00+00:00,13.007,13.157,12.949,12.962,298214.49
1764028800,2025-11-25T00:00:00+00:00,12.962,13.033,12.864,12.901,204953.03
1764043200,2025-11-25T04:00:00+00:00,12.9,13.041,12.802,12.814,165277.16999999998
1764057600,2025-11-25T08:00:00+00:00,12.815,12.877,12.661,12.783,154959.94999999998
1764072000,2025-11-25T12:00:00+00:00,12.781,12.945,12.545,12.729,355429.83
1764086400,2025-11-25T16:00:00+00:00,12.729,13.135,12.718,12.971,414533.99
1764100800,2025-11-25T20:00:00+00:00,12.972,13.212,12.856,13.077,316251.06
1764115200,2025-11-26T00:00:00+00:00,13.076,13.16,12.929,12.953,297555.66000000003
1764129600,2025-11-26T04:00:00+00:00,12.954,13.069,12.916,13.069,94716.20999999999
1764144000,2025-11-26T08:00:00+00:00,13.067,13.08,12.8,12.838,216944.69
1764158400,2025-11-26T12:00:00+00:00,12.839,13.003,12.747,12.87,215437.3
1764172800,2025-11-26T16:00:00+00:00,12.87,13.5,12.866,13.45,536155.04
1764187200,2025-11-26T20:00:00+00:00,13.447,13.502,13.354,13.452,200306.45
1764201600,2025-11-27T00:00:00+00:00,13.452,13.568,13.356,13.378,211579.19999999998
1764216000,2025-11-27T04:00:00+00:00,13.38,13.456,13.287,13.358,94870.34000000001
1764230400,2025-11-27T08:00:00+00:00,13.356,13.434,13.274,13.343,75626.45
1764244800,2025-11-27T12:00:00+00:00,13.345,13.481,13.234,13.468,195009.82
1764259200,2025-11-27T16:00:00+00:00,13.466,13.538,13.401,13.468,96965.74999999999
1764273600,2025-11-27T20:00:00+00:00,13.468,13.514,13.308,13.335,81728.84999999999
1764288000,2025-11-28T00:00:00+00:00,13.334,13.388,13.142,13.285,141786.04
1764302400,2025-11-28T04:00:00+00:00,13.283,13.335,13.188,13.219,120804.32
1764316800,2025-11-28T08:00:00+00:00,13.217,13.538,13.217,13.301,176843.56000000003
1764331200,2025-11-28T12:00:00+00:00,13.3,13.526,13.254,13.419,305865.38
1764345600,2025-11-28T16:00:00+00:00,13.424,13.425,13.048,13.207,373874.15
1764360000,2025-11-28T20:00:00+00:00,13.203,13.224,13.077,13.125,261949.39
1764374400,2025-11-29T00:00:00+00:00,13.125,13.208,13.055,13.077,132862.84
1764388800,2025-11-29T04:00:00+00:00,13.076,13.159,13,13.097,121477.23
1764403200,2025-11-29T08:00:00+00:00,13.096,13.169,13.03,13.154,111541.67
1764417600,2025-11-29T12:00:00+00:00,13.153,13.221,13.044,13.178,79539.5
1764432000,2025-11-29T16:00:00+00:00,13.174,13.176,12.92,13.028,212271.65
1764446400,2025-11-29T20:00:00+00:00,13.027,13.058,12.956,12.986,94587.12999999999
1764460800,2025-11-30T00:00:00+00:00,12.987,13.127,12.943,13.11,88518.08
1764475200,2025-11-30T04:00:00+00:00,13.111,13.119,12.98,13.047,75800.91
1764489600,2025-11-30T08:00:00+00:00,13.049,13.114,12.995,13.006,107038.3
1764504000,2025-11-30T12:00:00+00:00,13.005,13.333,12.98,13.251,185253.32
1764518400,2025-11-30T16:00:00+00:00,13.252,13.422,13.245,13.31,137751.22
1764532800,2025-11-30T20:00:00+00:00,13.31,13.362,12.941,12.958,191733.93
1764547200,2025-12-01T00:00:00+00:00,12.957,13.017,12.108,12.14,828644.38
1764561600,2025-12-01T04:00:00+00:00,12.141,12.283,12.041,12.189,283679.97000000003
1764576000,2025-12-01T08:00:00+00:00,12.191,12.218,12.107,12.114,196301.08
1764590400,2025-12-01T12:00:00+00:00,12.115,12.212,11.821,11.991,587543.97
1764604800,2025-12-01T16:00:00+00:00,11.996,12.001,11.745,11.84,727168.39
1764619200,2025-12-01T20:00:00+00:00,11.837,12.165,11.836,12.074,523401.96
1764633600,2025-12-02T00:00:00+00:00,12.074,12.225,11.977,12.098,249019.51
1764648000,2025-12-02T04:00:00+00:00,12.1,12.193,12.079,12.131,234771.7
1764662400,2025-12-02T08:00:00+00:00,12.131,12.28,11.999,12.258,234914.69
1764676800,2025-12-02T12:00:00+00:00,12.258,13.41,12.191,13.294,1050310.78
1764691200,2025-12-02T16:00:00+00:00,13.295,13.499,13.224,13.414,783769.29
1764705600,2025-12-02T20:00:00+00:00,13.415,13.585,13.277,13.478,434726.10000000003
1764720000,2025-12-03T00:00:00+00:00,13.481,14,13.436,13.949,928887.82
1764734400,2025-12-03T04:00:00+00:00,13.948,14.43,13.919,14.391,866702.4199999999
1764748800,2025-12-03T08:00:00+00:00,14.39,14.599,14.291,14.441,578020.76
1764763200,2025-12-03T12:00:00+00:00,14.44,14.673,14.212,14.397,1191157.82
1764777600,2025-12-03T16:00:00+00:00,14.398,14.564,14.283,14.421,746076.94
1764792000,2025-12-03T20:00:00+00:00,14.422,14.738,14.353,14.639,829162.19
1764806400,2025-12-04T00:00:00+00:00,14.642,14.933,14.523,14.623,584272.6000000001
1764820800,2025-12-04T04:00:00+00:00,14.622,14.643,14.352,14.542,319968.48
1764835200,2025-12-04T08:00:00+00:00,14.542,14.796,14.444,14.483,270235.8
1764849600,2025-12-04T12:00:00+00:00,14.483,14.593,14.223,14.485,427292.61
1764864000,2025-12-04T16:00:00+00:00,14.481,14.55,13.966,14.201,595705.02
1764878400,2025-12-04T20:00:00+00:00,14.205,14.385,14.158,14.258,244477.84
1764892800,2025-12-05T00:00:00+00:00,14.256,14.399,14.194,14.259,340301.63
1764907200,2025-12-05T04:00:00+00:00,14.26,14.318,14.149,14.254,175215.15
1764921600,2025-12-05T08:00:00+00:00,14.253,14.328,13.972,14.051,336151.22000000003
1764936000,2025-12-05T12:00:00+00:00,14.05,14.172,13.745,13.946,545439.93
1764950400,2025-12-05T16:00:00+00:00,13.945,13.952,13.335,13.57,903912.72
1764964800,2025-12-05T20:00:00+00:00,13.567,13.655,13.478,13.593,222798.39
1764979200,2025-12-06T00:00:00+00:00,13.593,13.776,13.493,13.676,171477.57
1764993600,2025-12-06T04:00:00+00:00,13.675,13.684,13.532,13.605,138830.73
1765008000,2025-12-06T08:00:00+00:00,13.605,13.776,13.506,13.754,164662.32
1765022400,2025-12-06T12:00:00+00:00,13.753,13.938,13.636,13.817,369383.24
1765036800,2025-12-06T16:00:00+00:00,13.82,14.08,13.807,13.88,356052.43000000005
1765051200,2025-12-06T20:00:00+00:00,13.88,14.027,13.854,13.918,217467.83000000002
1765065600,2025-12-07T00:00:00+00:00,13.918,14.009,13.89,14.009,220742.15
1765080000,2025-12-07T04:00:00+00:00,14.01,14.037,13.862,13.93,136512.72
1765094400,2025-12-07T08:00:00+00:00,13.931,13.934,13.735,13.784,147465.19
1765108800,2025-12-07T12:00:00+00:00,13.786,13.95,13.184,13.609,641959.4199999999
1765123200,2025-12-07T16:00:00+00:00,13.608,14.172,13.47,14.06,628742.4700000001
1765137600,2025-12-07T20:00:00+00:00,14.06,14.125,13.422,13.635,734079.93
1765152000,2025-12-08T00:00:00+00:00,13.636,14.045,13.583,13.905,428177.56999999995
1765166400,2025-12-08T04:00:00+00:00,13.906,14.065,13.877,14.014,259299.93
1765180800,2025-12-08T08:00:00+00:00,14.018,14.28,13.912,13.941,351963.81999999995
1765195200,2025-12-08T12:00:00+00:00,13.939,14.095,13.679,13.74,722663.2899999999
1765209600,2025-12-08T16:00:00+00:00,13.74,13.898,13.574,13.711,595575.05
1765224000,2025-12-08T20:00:00+00:00,13.708,13.939,13.705,13.764,342171.76
1765238400,2025-12-09T00:00:00+00:00,13.765,13.857,13.549,13.712,364731.55
1765252800,2025-12-09T04:00:00+00:00,13.716,13.843,13.575,13.83,241032.47
1765267200,2025-12-09T08:00:00+00:00,13.831,13.865,13.62,13.735,178933.68000000002
1765281600,2025-12-09T12:00:00+00:00,13.735,14.454,13.636,14.417,606072.01
1765296000,2025-12-09T16:00:00+00:00,14.417,15.008,14.417,14.646,1097088.6
1765310400,2025-12-09T20:00:00+00:00,14.644,14.645,14.225,14.414,289156.07
1765324800,2025-12-10T00:00:00+00:00,14.414,14.457,14.212,14.216,246817.55
1765339200,2025-12-10T04:00:00+00:00,14.215,14.279,14.111,14.18,261453.37999999998
1765353600,2025-12-10T08:00:00+00:00,14.18,14.435,14.05,14.181,261212.37
1765368000,2025-12-10T12:00:00+00:00,14.178,14.187,13.941,14.023,355437.93
1765382400,2025-12-10T16:00:00+00:00,14.023,14.642,13.981,14.496,827554.21
1765396800,2025-12-10T20:00:00+00:00,14.498,14.885,14.088,14.102,905100.7
1765411200,2025-12-11T00:00:00+00:00,14.1,14.135,13.447,13.53,564988.79
1765425600,2025-12-11T04:00:00+00:00,13.532,13.69,13.466,13.536,248473.4
1765440000,2025-12-11T08:00:00+00:00,13.535,13.636,13.431,13.606,160870.88
1765454400,2025-12-11T12:00:00+00:00,13.606,13.724,13.437,13.522,458737.91000000003
1765468800,2025-12-11T16:00:00+00:00,13.525,13.866,13.405,13.707,594076.8
1765483200,2025-12-11T20:00:00+00:00,13.705,14.213,13.702,14.07,503907.44000000006
1765497600,2025-12-12T00:00:00+00:00,14.065,14.181,13.833,13.998,299026.42
1765512000,2025-12-12T04:00:00+00:00,14,14.206,13.955,14.065,217851.83000000002
1765526400,2025-12-12T08:00:00+00:00,14.062,14.133,13.933,14.125,179663.26
1765540800,2025-12-12T12:00:00+00:00,14.119,14.345,13.45,13.538,576614.44
1765555200,2025-12-12T16:00:00+00:00,13.535,13.675,13.214,13.589,957768.91
1765569600,2025-12-12T20:00:00+00:00,13.589,13.697,13.541,13.638,261988.90000000002
1765584000,2025-12-13T00:00:00+00:00,13.639,13.741,13.598,13.717,132768.58000000002
1765598400,2025-12-13T04:00:00+00:00,13.718,13.801,13.683,13.786,131942.73
1765612800,2025-12-13T08:00:00+00:00,13.789,13.967,13.788,13.814,193271.89
1765627200,2025-12-13T12:00:00+00:00,13.815,13.85,13.652,13.821,170329.89
1765641600,2025-12-13T16:00:00+00:00,13.82,13.864,13.691,13.752,133078.74
1765656000,2025-12-13T20:00:00+00:00,13.752,13.766,13.616,13.733,133968.57
1765670400,2025-12-14T00:00:00+00:00,13.731,13.796,13.702,13.712,78968.7
1765684800,2025-12-14T04:00:00+00:00,13.711,13.736,13.622,13.721,76413.15
1765699200,2025-12-14T08:00:00+00:00,13.722,13.757,13.436,13.56,153105.02
1765713600,2025-12-14T12:00:00+00:00,13.558,13.668,13.421,13.475,162405.77000000002
1765728000,2025-12-14T16:00:00+00:00,13.473,13.571,13.345,13.4,222370.96000000002
1765742400,2025-12-14T20:00:00+00:00,13.399,13.447,13.089,13.276,285279.1
1765756800,2025-12-15T00:00:00+00:00,13.275,13.713,13.26,13.534,269482.64
1765771200,2025-12-15T04:00:00+00:00,13.533,13.701,13.471,13.572,202669.72999999998
1765785600,2025-12-15T08:00:00+00:00,13.572,13.736,13.547,13.618,174544.87999999998
1765800000,2025-12-15T12:00:00+00:00,13.618,13.693,12.718,12.787,1104828.88
1765814400,2025-12-15T16:00:00+00:00,12.778,12.838,12.47,12.746,762313.34
1765828800,2025-12-15T20:00:00+00:00,12.742,12.898,12.607,12.858,448552.25999999995
1765843200,2025-12-16T00:00:00+00:00,12.856,12.889,12.669,12.743,327857.23
1765857600,2025-12-16T04:00:00+00:00,12.746,12.882,12.55,12.692,202261.16000000003
1765872000,2025-12-16T08:00:00+00:00,12.695,12.979,12.683,12.957,197102.64999999997
1765886400,2025-12-16T12:00:00+00:00,12.957,13.121,12.677,13.047,647708.34
1765900800,2025-12-16T16:00:00+00:00,13.045,13.059,12.77,12.936,503388.43
1765915200,2025-12-16T20:00:00+00:00,12.933,12.997,12.872,12.928,198441.66999999998
1765929600,2025-12-17T00:00:00+00:00,12.927,12.991,12.759,12.822,242963.95
1765944000,2025-12-17T04:00:00+00:00,12.822,12.832,12.643,12.771,240382.02
1765958400,2025-12-17T08:00:00+00:00,12.771,12.771,12.583,12.694,158092.76
1765972800,2025-12-17T12:00:00+00:00,12.693,13.172,12.5,12.567,870621.3700000001
1765987200,2025-12-17T16:00:00+00:00,12.564,12.646,12.117,12.279,959022.38
1766001600,2025-12-17T20:00:00+00:00,12.279,12.371,12.156,12.262,420923.54999999993
1766016000,2025-12-18T00:00:00+00:00,12.262,12.292,12.14,12.19,357863.5
1766030400,2025-12-18T04:00:00+00:00,12.191,12.242,12.058,12.167,216657.74
1766044800,2025-12-18T08:00:00+00:00,12.171,12.3,12.156,12.28,177400.53
1766059200,2025-12-18T12:00:00+00:00,12.281,12.873,12.231,12.623,797664.81
1766073600,2025-12-18T16:00:00+00:00,12.623,12.651,11.726,11.747,1047031.2799999999
1766088000,2025-12-18T20:00:00+00:00,11.747,12.059,11.733,11.928,459106.92000000004
1766102400,2025-12-19T00:00:00+00:00,11.929,12.336,11.837,12.219,473834.24
1766116800,2025-12-19T04:00:00+00:00,12.22,12.494,12.185,12.369,331372.43
1766131200,2025-12-19T08:00:00+00:00,12.371,12.45,12.335,12.443,208989.44999999998
1766145600,2025-12-19T12:00:00+00:00,12.441,12.746,12.371,12.462,437706.66000000003
1766160000,2025-12-19T16:00:00+00:00,12.46,12.691,12.369,12.618,414544.29000000004
1766174400,2025-12-19T20:00:00+00:00,12.62,12.665,12.515,12.531,181126.14999999997
1766188800,2025-12-20T00:00:00+00:00,12.531,12.573,12.476,12.542,100348.80000000002
1766203200,2025-12-20T04:00:00+00:00,12.542,12.622,12.477,12.607,100068.23
1766217600,2025-12-20T08:00:00+00:00,12.607,12.709,12.59,12.674,85910.56
1766232000,2025-12-20T12:00:00+00:00,12.676,12.688,12.545,12.614,117148.17
1766246400,2025-12-20T16:00:00+00:00,12.615,12.639,12.555,12.571,91271.3
1766260800,2025-12-20T20:00:00+00:00,12.571,12.636,12.526,12.545,94149.16
1766275200,2025-12-21T00:00:00+00:00,12.549,12.593,12.376,12.482,126964.20999999999
1766289600,2025-12-21T04:00:00+00:00,12.483,12.549,12.479,12.512,53611.82
1766304000,2025-12-21T08:00:00+00:00,12.509,12.701,12.482,12.569,69686.73
1766318400,2025-12-21T12:00:00+00:00,12.571,12.627,12.222,12.33,239515.89
1766332800,2025-12-21T16:00:00+00:00,12.329,12.431,12.268,12.4,158182.76
1766347200,2025-12-21T20:00:00+00:00,12.401,12.483,12.28,12.433,179017.16
1766361600,2025-12-22T00:00:00+00:00,12.433,12.71,12.331,12.549,290868.39
1766376000,2025-12-22T04:00:00+00:00,12.55,12.641,12.493,12.572,150977.39
1766390400,2025-12-22T08:00:00+00:00,12.572,12.738,12.552,12.703,162243.55000000002
1766404800,2025-12-22T12:00:00+00:00,12.701,12.949,12.632,12.802,619889.9099999999
1766419200,2025-12-22T16:00:00+00:00,12.804,12.853,12.42,12.442,424842.34
1766433600,2025-12-22T20:00:00+00:00,12.44,12.668,12.351,12.579,568963.11
1766448000,2025-12-23T00:00:00+00:00,12.579,12.689,12.43,12.491,224623.85
1766462400,2025-12-23T04:00:00+00:00,12.49,12.523,12.221,12.325,209042.48000000004
1766476800,2025-12-23T08:00:00+00:00,12.326,12.397,12.264,12.361,111056.05
1766491200,2025-12-23T12:00:00+00:00,12.36,12.36,12.067,12.276,434569.72
1766505600,2025-12-23T16:00:00+00:00,12.275,12.437,12.229,12.353,387944.63000000006
1766520000,2025-12-23T20:00:00+00:00,12.352,12.51,12.318,12.391,256934.49999999997
1766534400,2025-12-24T00:00:00+00:00,12.39,12.428,12.163,12.26,162594.11
1766548800,2025-12-24T04:00:00+00:00,12.259,12.31,12.11,12.178,144775.11000000002
1766563200,2025-12-24T08:00:00+00:00,12.179,12.242,12.118,12.216,117878.16999999998
1766577600,2025-12-24T12:00:00+00:00,12.215,12.269,12.002,12.175,307043.06
1766592000,2025-12-24T16:00:00+00:00,12.173,12.269,12.115,12.238,251759.80999999997
1766606400,2025-12-24T20:00:00+00:00,12.239,12.365,12.216,12.264,209239.15999999997
1766620800,2025-12-25T00:00:00+00:00,12.264,12.353,12.22,12.324,94784.98
1766635200,2025-12-25T04:00:00+00:00,12.322,12.342,12.273,12.295,46993.97
1766649600,2025-12-25T08:00:00+00:00,12.296,12.355,12.105,12.172,103235.9
1766664000,2025-12-25T12:00:00+00:00,12.176,12.415,12.171,12.363,188501.0
1766678400,2025-12-25T16:00:00+00:00,12.366,12.412,12.26,12.375,155759.84
1766692800,2025-12-25T20:00:00+00:00,12.373,12.383,11.973,12.059,248563.03
1766707200,2025-12-26T00:00:00+00:00,12.058,12.527,12.017,12.377,358053.96
1766721600,2025-12-26T04:00:00+00:00,12.378,12.472,12.308,12.337,178248.12
1766736000,2025-12-26T08:00:00+00:00,12.337,12.451,12.331,12.407,72139.77
1766750400,2025-12-26T12:00:00+00:00,12.407,12.49,12.045,12.167,310440.23
1766764800,2025-12-26T16:00:00+00:00,12.164,12.245,12.111,12.183,287645.17
1766779200,2025-12-26T20:00:00+00:00,12.184,12.244,12.143,12.175,151345.39
1766793600,2025-12-27T00:00:00+00:00,12.175,12.258,12.156,12.238,196169.93
1766808000,2025-12-27T04:00:00+00:00,12.238,12.267,12.17,12.247,127241.27
1766822400,2025-12-27T08:00:00+00:00,12.25,12.284,12.161,12.275,61648.6
1766836800,2025-12-27T12:00:00+00:00,12.276,12.334,12.225,12.308,153265.82
1766851200,2025-12-27T16:00:00+00:00,12.306,12.333,12.25,12.326,154241.47999999998
1766865600,2025-12-27T20:00:00+00:00,12.328,12.533,12.298,12.502,180315.27
1766880000,2025-12-28T00:00:00+00:00,12.501,12.531,12.412,12.485,339690.83999999997
1766894400,2025-12-28T04:00:00+00:00,12.483,12.506,12.407,12.422,101920.26999999999
1766908800,2025-12-28T08:00:00+00:00,12.422,12.492,12.363,12.433,101689.43000000001
1766923200,2025-12-28T12:00:00+00:00,12.434,12.553,12.425,12.512,138984.81
1766937600,2025-12-28T16:00:00+00:00,12.512,12.58,12.322,12.344,256067.74
1766952000,2025-12-28T20:00:00+00:00,12.343,12.489,12.308,12.483,154487.68
1766966400,2025-12-29T00:00:00+00:00,12.484,12.965,12.452,12.921,381710.33
1766980800,2025-12-29T04:00:00+00:00,12.922,13.005,12.715,12.788,277431.33999999997
1766995200,2025-12-29T08:00:00+00:00,12.789,12.822,12.458,12.491,208488.63
1767009600,2025-12-29T12:00:00+00:00,12.489,12.489,12.232,12.388,422076.2
1767024000,2025-12-29T16:00:00+00:00,12.387,12.446,12.263,12.292,233070.72
1767038400,2025-12-29T20:00:00+00:00,12.29,12.346,12.244,12.288,182133.46999999997
1767052800,2025-12-30T00:00:00+00:00,12.287,12.398,12.246,12.373,123334.31
1767067200,2025-12-30T04:00:00+00:00,12.371,12.401,12.29,12.354,112065.95999999999
1767081600,2025-12-30T08:00:00+00:00,12.354,12.538,12.353,12.474,194313.44999999998
1767096000,2025-12-30T12:00:00+00:00,12.474,12.591,12.366,12.517,386039.57999999996
1767110400,2025-12-30T16:00:00+00:00,12.517,12.573,12.332,12.411,312452.14
1767124800,2025-12-30T20:00:00+00:00,12.412,12.419,12.332,12.406,170861.48
1767139200,2025-12-31T00:00:00+00:00,12.405,12.454,12.344,12.38,317568.29000000004
1767153600,2025-12-31T04:00:00+00:00,12.38,12.414,12.317,12.402,363756.33999999997
1767168000,2025-12-31T08:00:00+00:00,12.402,12.467,12.36,12.457,104276.24
1767182400,2025-12-31T12:00:00+00:00,12.463,12.533,12.314,12.374,248244.22000000003
1767196800,2025-12-31T16:00:00+00:00,12.376,12.396,12.182,12.224,507085.27999999997
1767211200,2025-12-31T20:00:00+00:00,12.222,12.298,12.153,12.183,521099.57999999996
1767225600,2026-01-01T00:00:00+00:00,12.184,12.255,12.173,12.198,214834.32
1767240000,2026-01-01T04:00:00+00:00,12.197,12.262,12,12.158,601732.5199999999
1767254400,2026-01-01T08:00:00+00:00,12.158,12.289,12.157,12.277,74599.12
1767268800,2026-01-01T12:00:00+00:00,12.279,12.431,12.226,12.379,187736.61
1767283200,2026-01-01T16:00:00+00:00,12.379,12.503,12.316,12.5,238820.93
1767297600,2026-01-01T20:00:00+00:00,12.5,12.612,12.45,12.608,266019.22
1767312000,2026-01-02T00:00:00+00:00,12.61,12.918,12.565,12.904,420651.4
1767326400,2026-01-02T04:00:00+00:00,12.904,12.969,12.817,12.822,230960.37
1767340800,2026-01-02T08:00:00+00:00,12.823,13.133,12.823,12.937,229627.94
1767355200,2026-01-02T12:00:00+00:00,12.936,13.176,12.815,13.067,416236.91
1767369600,2026-01-02T16:00:00+00:00,13.065,13.337,13.046,13.272,428049.32
1767384000,2026-01-02T20:00:00+00:00,13.274,13.426,13.207,13.266,230999.36
1767398400,2026-01-03T00:00:00+00:00,13.265,13.362,13.216,13.313,139587.35
1767412800,2026-01-03T04:00:00+00:00,13.312,13.318,12.971,13.009,244641.45
1767427200,2026-01-03T08:00:00+00:00,13.009,13.141,12.99,13.066,156816.41
1767441600,2026-01-03T12:00:00+00:00,13.066,13.174,13.043,13.063,141435.99
1767456000,2026-01-03T16:00:00+00:00,13.063,13.219,13.058,13.168,159965.21
1767470400,2026-01-03T20:00:00+00:00,13.168,13.257,13.109,13.223,164097.19
1767484800,2026-01-04T00:00:00+00:00,13.223,13.384,13.205,13.354,210618.34999999998
1767499200,2026-01-04T04:00:00+00:00,13.353,13.454,13.265,13.34,215718.06
1767513600,2026-01-04T08:00:00+00:00,13.339,13.438,13.257,13.431,186318.53
1767528000,2026-01-04T12:00:00+00:00,13.43,13.56,13.364,13.484,229429.46
1767542400,2026-01-04T16:00:00+00:00,13.483,13.571,13.306,13.378,227157.0
1767556800,2026-01-04T20:00:00+00:00,13.377,13.493,13.354,13.416,165265.4
1767571200,2026-01-05T00:00:00+00:00,13.418,13.867,13.409,13.668,438417.83
1767585600,2026-01-05T04:00:00+00:00,13.667,13.692,13.4,13.573,272945.58
1767600000,2026-01-05T08:00:00+00:00,13.573,13.616,13.429,13.58,164241.05
1767614400,2026-01-05T12:00:00+00:00,13.583,13.741,13.382,13.717,336999.62
1767628800,2026-01-05T16:00:00+00:00,13.716,13.878,13.544,13.764,472747.70999999996
1767643200,2026-01-05T20:00:00+00:00,13.763,14.126,13.751,13.91,481501.22000000003
1767657600,2026-01-06T00:00:00+00:00,13.908,13.957,13.571,13.794,412921.49
1767672000,2026-01-06T04:00:00+00:00,13.793,13.98,13.681,13.723,357939.7
1767686400,2026-01-06T08:00:00+00:00,13.722,13.906,13.699,13.892,173842.06
1767700800,2026-01-06T12:00:00+00:00,13.893,14.233,13.818,13.992,512176.88
1767715200,2026-01-06T16:00:00+00:00,13.99,14.025,13.466,13.625,658454.9199999999
1767729600,2026-01-06T20:00:00+00:00,13.626,14.061,13.626,14.028,385177.67
1767744000,2026-01-07T00:00:00+00:00,14.029,14.039,13.676,13.808,238350.69
1767758400,2026-01-07T04:00:00+00:00,13.809,13.871,13.693,13.859,147238.88
1767772800,2026-01-07T08:00:00+00:00,13.86,13.929,13.575,13.679,189462.53
1767787200,2026-01-07T12:00:00+00:00,13.677,13.72,13.3,13.356,432611.18000000005
1767801600,2026-01-07T16:00:00+00:00,13.359,13.49,13.292,13.376,311081.68
1767816000,2026-01-07T20:00:00+00:00,13.383,13.46,13.294,13.434,249461.36
1767830400,2026-01-08T00:00:00+00:00,13.437,13.543,13.305,13.324,215642.0
1767844800,2026-01-08T04:00:00+00:00,13.326,13.462,13.039,13.304,317523.51
1767859200,2026-01-08T08:00:00+00:00,13.304,13.35,13.077,13.206,221456.11000000002
1767873600,2026-01-08T12:00:00+00:00,13.207,13.287,13.007,13.284,591072.1799999999
1767888000,2026-01-08T16:00:00+00:00,13.284,13.334,13.144,13.177,268330.13
1767902400,2026-01-08T20:00:00+00:00,13.173,13.321,13.086,13.205,205164.68000000002
1767916800,2026-01-09T00:00:00+00:00,13.207,13.357,13.153,13.299,252928.13
1767931200,2026-01-09T04:00:00+00:00,13.299,13.307,13.172,13.249,268418.2
1767945600,2026-01-09T08:00:00+00:00,13.255,13.274,13.05,13.16,218968.90000000002
1767960000,2026-01-09T12:00:00+00:00,13.159,13.417,13.024,13.275,515366.98
1767974400,2026-01-09T16:00:00+00:00,13.276,13.431,13.04,13.066,523980.58999999997
1767988800,2026-01-09T20:00:00+00:00,13.064,13.169,13.057,13.123,196805.59999999998
1768003200,2026-01-10T00:00:00+00:00,13.124,13.151,13.049,13.112,111219.14
1768017600,2026-01-10T04:00:00+00:00,13.111,13.159,13.048,13.146,79712.28
1768032000,2026-01-10T08:00:00+00:00,13.148,13.209,13.091,13.161,97383.52
1768046400,2026-01-10T12:00:00+00:00,13.161,13.234,13.125,13.144,123632.86
1768060800,2026-01-10T16:00:00+00:00,13.142,13.2,13.107,13.197,84511.67
1768075200,2026-01-10T20:00:00+00:00,13.198,13.223,13.072,13.121,200109.44
1768089600,2026-01-11T00:00:00+00:00,13.123,13.231,13.095,13.216,74927.4
1768104000,2026-01-11T04:00:00+00:00,13.215,13.262,13.163,13.217,109685.01999999999
1768118400,2026-01-11T08:00:00+00:00,13.219,13.226,13.164,13.188,75461.88
1768132800,2026-01-11T12:00:00+00:00,13.189,13.274,13.132,13.193,150902.58
1768147200,2026-01-11T16:00:00+00:00,13.19,13.35,13.181,13.239,222022.71
1768161600,2026-01-11T20:00:00+00:00,13.238,13.238,13.033,13.194,263687.24
1768176000,2026-01-12T00:00:00+00:00,13.187,13.5,13.097,13.351,397372.08999999997
1768190400,2026-01-12T04:00:00+00:00,13.352,13.441,13.235,13.254,203920.92
1768204800,2026-01-12T08:00:00+00:00,13.253,13.312,13.088,13.15,236987.55
1768219200,2026-01-12T12:00:00+00:00,13.15,13.252,12.915,13.232,455755.85
1768233600,2026-01-12T16:00:00+00:00,13.227,13.316,13.088,13.17,267920.86
1768248000,2026-01-12T20:00:00+00:00,13.172,13.23,12.988,13.062,182238.94999999998
1768262400,2026-01-13T00:00:00+00:00,13.062,13.145,13.037,13.102,109018.93000000001
1768276800,2026-01-13T04:00:00+00:00,13.106,13.272,13.097,13.178,189711.37999999998
1768291200,2026-01-13T08:00:00+00:00,13.184,13.303,13.177,13.25,94127.12000000001
1768305600,2026-01-13T12:00:00+00:00,13.253,13.564,13.214,13.562,426440.25
1768320000,2026-01-13T16:00:00+00:00,13.562,13.699,13.524,13.684,348023.12000000005
1768334400,2026-01-13T20:00:00+00:00,13.685,14.175,13.674,14.074,471675.33999999997
1768348800,2026-01-14T00:00:00+00:00,14.074,14.183,14.011,14.126,293054.29
1768363200,2026-01-14T04:00:00+00:00,14.125,14.154,13.936,14.05,199630.94
1768377600,2026-01-14T08:00:00+00:00,14.048,14.111,13.844,13.871,187087.91999999998
1768392000,2026-01-14T12:00:00+00:00,13.872,14.275,13.857,14.236,353591.21
1768406400,2026-01-14T16:00:00+00:00,14.236,14.399,14.048,14.23,571734.83
1768420800,2026-01-14T20:00:00+00:00,14.231,14.316,14.084,14.11,234914.12999999998
1768435200,2026-01-15T00:00:00+00:00,14.11,14.116,13.731,13.746,301510.12000000005
1768449600,2026-01-15T04:00:00+00:00,13.744,13.957,13.744,13.93,122744.47000000002
1768464000,2026-01-15T08:00:00+00:00,13.928,14.086,13.855,13.946,99568.47
1768478400,2026-01-15T12:00:00+00:00,13.944,14.206,13.724,13.954,450622.11
1768492800,2026-01-15T16:00:00+00:00,13.952,13.994,13.584,13.669,407363.64999999997
1768507200,2026-01-15T20:00:00+00:00,13.67,13.795,13.559,13.79,166583.52000000002
1768521600,2026-01-16T00:00:00+00:00,13.789,13.865,13.67,13.68,173974.1
1768536000,2026-01-16T04:00:00+00:00,13.677,13.817,13.592,13.788,122308.3
1768550400,2026-01-16T08:00:00+00:00,13.792,13.855,13.686,13.731,111758.34
1768564800,2026-01-16T12:00:00+00:00,13.73,13.785,13.429,13.485,208617.51
1768579200,2026-01-16T16:00:00+00:00,13.484,13.66,13.45,13.589,409364.25
1768593600,2026-01-16T20:00:00+00:00,13.589,13.74,13.515,13.72,122210.78
1768608000,2026-01-17T00:00:00+00:00,13.72,13.741,13.623,13.672,74965.91
1768622400,2026-01-17T04:00:00+00:00,13.67,13.732,13.65,13.689,43502.55
1768636800,2026-01-17T08:00:00+00:00,13.697,13.774,13.666,13.697,57149.43
1768651200,2026-01-17T12:00:00+00:00,13.696,13.881,13.69,13.877,106845.93
1768665600,2026-01-17T16:00:00+00:00,13.879,13.888,13.761,13.785,76467.17000000001
1768680000,2026-01-17T20:00:00+00:00,13.786,13.81,13.658,13.731,89538.97
1768694400,2026-01-18T00:00:00+00:00,13.731,13.769,13.617,13.694,179021.32
1768708800,2026-01-18T04:00:00+00:00,13.694,13.756,13.667,13.727,184770.97999999998
1768723200,2026-01-18T08:00:00+00:00,13.726,13.816,13.71,13.723,51904.82
1768737600,2026-01-18T12:00:00+00:00,13.725,13.827,13.693,13.769,321593.94
1768752000,2026-01-18T16:00:00+00:00,13.769,13.87,13.74,13.762,336914.41000000003
1768766400,2026-01-18T20:00:00+00:00,13.763,13.853,13.292,13.307,353407.02
1768780800,2026-01-19T00:00:00+00:00,13.304,13.304,12.5,12.862,633835.5
1768795200,2026-01-19T04:00:00+00:00,12.861,12.861,12.717,12.761,189302.8
1768809600,2026-01-19T08:00:00+00:00,12.762,12.857,12.74,12.766,164677.15
1768824000,2026-01-19T12:00:00+00:00,12.766,12.865,12.725,12.755,160706.73
1768838400,2026-01-19T16:00:00+00:00,12.755,12.96,12.755,12.939,152913.33000000002
1768852800,2026-01-19T20:00:00+00:00,12.938,12.993,12.769,12.876,168371.47999999998
1768867200,2026-01-20T00:00:00+00:00,12.876,12.902,12.789,12.856,121247.34999999999
1768881600,2026-01-20T04:00:00+00:00,12.854,12.869,12.597,12.603,261998.28000000003
1768896000,2026-01-20T08:00:00+00:00,12.6,12.613,12.468,12.501,233426.83999999997
1768910400,2026-01-20T12:00:00+00:00,12.5,12.593,12.337,12.422,648349.4
1768924800,2026-01-20T16:00:00+00:00,12.421,12.464,12.18,12.252,314338.33999999997
1768939200,2026-01-20T20:00:00+00:00,12.251,12.337,12.042,12.115,253489.14
1768953600,2026-01-21T00:00:00+00:00,12.11,12.341,12.086,12.299,366526.87000000005
1768968000,2026-01-21T04:00:00+00:00,12.3,12.46,12.275,12.305,193291.68000000002
1768982400,2026-01-21T08:00:00+00:00,12.304,12.326,12.156,12.167,167788.35
1768996800,2026-01-21T12:00:00+00:00,12.166,12.533,12.052,12.43,367879.08
1769011200,2026-01-21T16:00:00+00:00,12.431,12.609,11.884,12.595,709434.54
1769025600,2026-01-21T20:00:00+00:00,12.599,12.657,12.355,12.391,438276.9
1769040000,2026-01-22T00:00:00+00:00,12.391,12.568,12.391,12.437,168981.81999999998
1769054400,2026-01-22T04:00:00+00:00,12.435,12.518,12.396,12.416,140905.66
1769068800,2026-01-22T08:00:00+00:00,12.42,12.48,12.366,12.374,124687.24000000002
1769083200,2026-01-22T12:00:00+00:00,12.373,12.465,12.113,12.216,384778.78
1769097600,2026-01-22T16:00:00+00:00,12.217,12.32,12.184,12.278,261474.22
1769112000,2026-01-22T20:00:00+00:00,12.274,12.293,12.184,12.247,139365.97
1769126400,2026-01-23T00:00:00+00:00,12.247,12.34,12.209,12.32,101574.29
1769140800,2026-01-23T04:00:00+00:00,12.323,12.391,12.238,12.263,123355.21999999999
1769155200,2026-01-23T08:00:00+00:00,12.261,12.279,12.153,12.244,124907.89
1769169600,2026-01-23T12:00:00+00:00,12.244,12.266,12.027,12.238,239669.15
1769184000,2026-01-23T16:00:00+00:00,12.239,12.487,12.185,12.235,377116.11
1769198400,2026-01-23T20:00:00+00:00,12.236,12.26,12.106,12.202,116334.23
1769212800,2026-01-24T00:00:00+00:00,12.2,12.26,12.169,12.24,113051.09
1769227200,2026-01-24T04:00:00+00:00,12.235,12.268,12.189,12.192,37270.35
1769241600,2026-01-24T08:00:00+00:00,12.191,12.221,12.174,12.193,36899.630000000005
1769256000,2026-01-24T12:00:00+00:00,12.193,12.218,12.134,12.135,79214.1
1769270400,2026-01-24T16:00:00+00:00,12.136,12.214,12.11,12.163,85396.12
1769284800,2026-01-24T20:00:00+00:00,12.166,12.24,12.165,12.186,80691.45999999999
1769299200,2026-01-25T00:00:00+00:00,12.184,12.202,12.052,12.073,115853.64
1769313600,2026-01-25T04:00:00+00:00,12.07,12.107,12.032,12.07,67012.88
1769328000,2026-01-25T08:00:00+00:00,12.071,12.111,11.988,12.061,103081.80000000002
1769342400,2026-01-25T12:00:00+00:00,12.062,12.093,11.926,11.948,199459.6
1769356800,2026-01-25T16:00:00+00:00,11.947,11.947,11.374,11.423,913309.25
1769371200,2026-01-25T20:00:00+00:00,11.423,11.528,11.351,11.509,664358.4
1769385600,2026-01-26T00:00:00+00:00,11.509,11.846,11.493,11.689,441199.04
1769400000,2026-01-26T04:00:00+00:00,11.689,11.866,11.689,11.848,192876.64
1769414400,2026-01-26T08:00:00+00:00,11.849,11.941,11.751,11.8,163413.08000000002
1769428800,2026-01-26T12:00:00+00:00,11.799,12.113,11.784,11.907,573605.25
1769443200,2026-01-26T16:00:00+00:00,11.907,12.014,11.805,11.922,569848.64
1769457600,2026-01-26T20:00:00+00:00,11.92,12.02,11.853,11.937,202396.11
1769472000,2026-01-27T00:00:00+00:00,11.937,12.044,11.913,11.98,152082.98
1769486400,2026-01-27T04:00:00+00:00,11.979,12.043,11.928,11.968,75008.58
1769500800,2026-01-27T08:00:00+00:00,11.968,11.994,11.862,11.884,102655.31000000001
1769515200,2026-01-27T12:00:00+00:00,11.884,11.994,11.826,11.981,182319.93
1769529600,2026-01-27T16:00:00+00:00,11.981,12.174,11.838,11.957,552123.91
1769544000,2026-01-27T20:00:00+00:00,11.956,12.14,11.953,12.024,396481.36
1769558400,2026-01-28T00:00:00+00:00,12.024,12.044,11.936,11.964,136699.39
1769572800,2026-01-28T04:00:00+00:00,11.963,11.977,11.873,11.921,119492.01000000001
1769587200,2026-01-28T08:00:00+00:00,11.92,12.037,11.85,12.016,139562.58
1769601600,2026-01-28T12:00:00+00:00,12.022,12.023,11.695,11.749,347090.87
1769616000,2026-01-28T16:00:00+00:00,11.751,11.886,11.682,11.827,288415.56
1769630400,2026-01-28T20:00:00+00:00,11.829,11.923,11.735,11.828,181126.13
1769644800,2026-01-29T00:00:00+00:00,11.829,11.95,11.593,11.63,332803.13
1769659200,2026-01-29T04:00:00+00:00,11.628,11.638,11.518,11.606,105079.73
1769673600,2026-01-29T08:00:00+00:00,11.605,11.642,11.498,11.531,122251.28
1769688000,2026-01-29T12:00:00+00:00,11.528,11.594,10.85,11.019,721022.1799999999
1769702400,2026-01-29T16:00:00+00:00,11.012,11.188,10.811,10.929,1056841.26
1769716800,2026-01-29T20:00:00+00:00,10.929,11.121,10.908,11.102,252999.28999999998
1769731200,2026-01-30T00:00:00+00:00,11.104,11.148,10.621,10.851,733883.23
1769745600,2026-01-30T04:00:00+00:00,10.852,10.976,10.64,10.821,303460.18
1769760000,2026-01-30T08:00:00+00:00,10.82,10.881,10.711,10.845,236980.74
1769774400,2026-01-30T12:00:00+00:00,10.846,10.853,10.581,10.75,840712.54
1769788800,2026-01-30T16:00:00+00:00,10.751,10.981,10.492,10.888,721048.01
1769803200,2026-01-30T20:00:00+00:00,10.887,10.887,10.68,10.772,441332.37
1769817600,2026-01-31T00:00:00+00:00,10.771,10.817,10.709,10.722,111825.35
1769832000,2026-01-31T04:00:00+00:00,10.726,10.77,10.539,10.601,125491.38999999998
1769846400,2026-01-31T08:00:00+00:00,10.6,10.616,10.35,10.478,291110.35
1769860800,2026-01-31T12:00:00+00:00,10.477,10.493,9.91,10.032,927629.29
1769875200,2026-01-31T16:00:00+00:00,10.032,10.156,8.996,9.653,1923819.63
1769889600,2026-01-31T20:00:00+00:00,9.655,10.031,9.55,9.98,707700.2
1769904000,2026-02-01T00:00:00+00:00,9.978,10.067,9.908,10.033,389582.29000000004
1769918400,2026-02-01T04:00:00+00:00,10.033,10.069,9.854,9.927,269188.88
1769932800,2026-02-01T08:00:00+00:00,9.929,10.006,9.758,9.863,284604.64
1769947200,2026-02-01T12:00:00+00:00,9.862,9.897,9.401,9.52,624156.94
1769961600,2026-02-01T16:00:00+00:00,9.522,9.709,9.393,9.515,686691.46
1769976000,2026-02-01T20:00:00+00:00,9.513,9.647,9.207,9.395,688149.25
1769990400,2026-02-02T00:00:00+00:00,9.394,9.63,9.014,9.359,895815.1799999999
1770004800,2026-02-02T04:00:00+00:00,9.362,9.479,9.06,9.377,837109.28
1770019200,2026-02-02T08:00:00+00:00,9.379,9.639,9.368,9.527,508648.14
1770033600,2026-02-02T12:00:00+00:00,9.527,10.024,9.527,9.927,879324.47
1770048000,2026-02-02T16:00:00+00:00,9.928,9.997,9.766,9.788,580052.73
1770062400,2026-02-02T20:00:00+00:00,9.786,9.856,9.698,9.801,376510.44000000006
1770076800,2026-02-03T00:00:00+00:00,9.801,9.842,9.575,9.767,318945.75
1770091200,2026-02-03T04:00:00+00:00,9.767,9.847,9.644,9.728,294154.76
1770105600,2026-02-03T08:00:00+00:00,9.728,9.748,9.52,9.572,355075.04000000004
1770120000,2026-02-03T12:00:00+00:00,9.572,9.76,9.483,9.74,676960.84
1770134400,2026-02-03T16:00:00+00:00,9.74,9.741,9.07,9.459,1289049.3399999999
1770148800,2026-02-03T20:00:00+00:00,9.458,9.877,9.379,9.477,985873.8399999999
1770163200,2026-02-04T00:00:00+00:00,9.477,9.758,9.438,9.714,493218.72
1770177600,2026-02-04T04:00:00+00:00,9.716,9.737,9.57,9.664,344547.9
1770192000,2026-02-04T08:00:00+00:00,9.665,9.718,9.472,9.567,401055.24
1770206400,2026-02-04T12:00:00+00:00,9.567,9.597,9.119,9.201,927907.9400000001
1770220800,2026-02-04T16:00:00+00:00,9.203,9.441,9.01,9.421,1468886.14
1770235200,2026-02-04T20:00:00+00:00,9.423,9.446,9.031,9.235,647640.78
1770249600,2026-02-05T00:00:00+00:00,9.233,9.329,9.035,9.074,717320.45
1770264000,2026-02-05T04:00:00+00:00,9.077,9.201,8.955,9.039,763182.89
1770278400,2026-02-05T08:00:00+00:00,9.04,9.246,8.787,8.925,613328.0700000001
1770292800,2026-02-05T12:00:00+00:00,8.926,9.052,8.29,8.448,2029996.2399999998
1770307200,2026-02-05T16:00:00+00:00,8.45,8.653,8.201,8.239,2062153.8299999996
1770321600,2026-02-05T20:00:00+00:00,8.241,8.306,7.84,7.902,2971340.13
1770336000,2026-02-06T00:00:00+00:00,7.903,8.23,7.197,8.023,3052451.19
1770350400,2026-02-06T04:00:00+00:00,8.024,8.362,7.988,8.069,1042784.3400000001
1770364800,2026-02-06T08:00:00+00:00,8.071,8.34,7.977,8.318,954758.78
1770379200,2026-02-06T12:00:00+00:00,8.312,8.632,8.253,8.582,1547876.02
1770393600,2026-02-06T16:00:00+00:00,8.582,9.004,8.55,8.837,1730185.97
1770408000,2026-02-06T20:00:00+00:00,8.836,8.998,8.755,8.876,747244.19
1770422400,2026-02-07T00:00:00+00:00,8.879,8.95,8.785,8.917,602462.8899999999
1770436800,2026-02-07T04:00:00+00:00,8.918,9.042,8.593,8.682,713999.1499999999
1770451200,2026-02-07T08:00:00+00:00,8.682,8.739,8.575,8.647,423062.79000000004
1770465600,2026-02-07T12:00:00+00:00,8.646,8.937,8.639,8.815,722145.01
1770480000,2026-02-07T16:00:00+00:00,8.816,9.043,8.776,8.94,1053953.01
1770494400,2026-02-07T20:00:00+00:00,8.941,9.02,8.845,8.904,381059.19999999995
1770508800,2026-02-08T00:00:00+00:00,8.904,8.96,8.816,8.821,255279.52000000002
1770523200,2026-02-08T04:00:00+00:00,8.82,8.867,8.777,8.821,166167.34
1770537600,2026-02-08T08:00:00+00:00,8.821,9.012,8.793,8.997,353553.01
1770552000,2026-02-08T12:00:00+00:00,8.998,9.045,8.843,8.883,430301.88
1770566400,2026-02-08T16:00:00+00:00,8.883,8.966,8.721,8.954,307752.55
1770580800,2026-02-08T20:00:00+00:00,8.95,9.016,8.746,8.817,384110.48000000004
1770595200,2026-02-09T00:00:00+00:00,8.816,8.887,8.72,8.875,386247.55
1770609600,2026-02-09T04:00:00+00:00,8.873,8.874,8.712,8.721,242542.96
1770624000,2026-02-09T08:00:00+00:00,8.725,8.75,8.449,8.556,486069.33999999997
1770638400,2026-02-09T12:00:00+00:00,8.556,8.752,8.517,8.752,936270.96
1770652800,2026-02-09T16:00:00+00:00,8.75,8.99,8.655,8.964,807226.5199999999
1770667200,2026-02-09T20:00:00+00:00,8.963,9.011,8.786,8.841,396837.72
1770681600,2026-02-10T00:00:00+00:00,8.841,8.88,8.634,8.675,327701.89
1770696000,2026-02-10T04:00:00+00:00,8.676,8.722,8.473,8.541,338838.41000000003
1770710400,2026-02-10T08:00:00+00:00,8.539,8.628,8.49,8.496,288419.44999999995
1770724800,2026-02-10T12:00:00+00:00,8.497,8.667,8.47,8.568,497003.77
1770739200,2026-02-10T16:00:00+00:00,8.569,8.653,8.468,8.542,398105.33999999997
1770753600,2026-02-10T20:00:00+00:00,8.54,8.579,8.476,8.573,289277.11
1770768000,2026-02-11T00:00:00+00:00,8.569,8.608,8.453,8.532,214453.63999999998
1770782400,2026-02-11T04:00:00+00:00,8.531,8.543,8.27,8.312,424135.5
1770796800,2026-02-11T08:00:00+00:00,8.312,8.317,8.189,8.272,238183.11
1770811200,2026-02-11T12:00:00+00:00,8.269,8.56,8.121,8.235,879737.5
1770825600,2026-02-11T16:00:00+00:00,8.234,8.362,8.137,8.309,558225.6499999999
1770840000,2026-02-11T20:00:00+00:00,8.307,8.451,8.247,8.316,477521.45999999996
1770854400,2026-02-12T00:00:00+00:00,8.32,8.459,8.316,8.423,252251.08
1770868800,2026-02-12T04:00:00+00:00,8.422,8.508,8.345,8.452,195615.07
1770883200,2026-02-12T08:00:00+00:00,8.453,8.59,8.396,8.554,216180.71
1770897600,2026-02-12T12:00:00+00:00,8.553,8.577,8.344,8.352,653090.8099999999
1770912000,2026-02-12T16:00:00+00:00,8.353,8.413,8.167,8.297,915702.3200000001
1770926400,2026-02-12T20:00:00+00:00,8.297,8.421,8.212,8.406,415153.9
1770940800,2026-02-13T00:00:00+00:00,8.406,8.445,8.34,8.419,232474.81
1770955200,2026-02-13T04:00:00+00:00,8.419,8.42,8.296,8.374,145138.59999999998
1770969600,2026-02-13T08:00:00+00:00,8.373,8.47,8.358,8.42,151163.03000000003
1770984000,2026-02-13T12:00:00+00:00,8.42,8.82,8.394,8.705,688035.8400000001
1770998400,2026-02-13T16:00:00+00:00,8.704,8.909,8.686,8.796,406418.04000000004
1771012800,2026-02-13T20:00:00+00:00,8.799,8.863,8.754,8.761,207930.8
1771027200,2026-02-14T00:00:00+00:00,8.762,8.891,8.749,8.844,364931.82
1771041600,2026-02-14T04:00:00+00:00,8.844,8.895,8.796,8.881,93840.98000000001
1771056000,2026-02-14T08:00:00+00:00,8.882,9.039,8.882,9.035,194816.47999999998
1771070400,2026-02-14T12:00:00+00:00,9.033,9.044,8.904,9.036,267166.98000000004
1771084800,2026-02-14T16:00:00+00:00,9.035,9.182,8.966,9.166,458830.98000000004
1771099200,2026-02-14T20:00:00+00:00,9.166,9.2,9.072,9.086,320387.39
1771113600,2026-02-15T00:00:00+00:00,9.083,9.116,8.929,9.063,310608.54
1771128000,2026-02-15T04:00:00+00:00,9.064,9.24,9.062,9.198,313047.60000000003
1771142400,2026-02-15T08:00:00+00:00,9.198,9.239,9.03,9.05,282945.74
1771156800,2026-02-15T12:00:00+00:00,9.051,9.059,8.757,8.852,573523.14
1771171200,2026-02-15T16:00:00+00:00,8.854,8.88,8.596,8.638,489108.14
1771185600,2026-02-15T20:00:00+00:00,8.636,8.787,8.605,8.778,244096.85000000003
1771200000,2026-02-16T00:00:00+00:00,8.776,8.852,8.692,8.749,192723.97
1771214400,2026-02-16T04:00:00+00:00,8.746,8.817,8.66,8.758,201115.69999999998
1771228800,2026-02-16T08:00:00+00:00,8.76,8.885,8.691,8.787,156176.24
1771243200,2026-02-16T12:00:00+00:00,8.787,8.988,8.641,8.704,465525.05
1771257600,2026-02-16T16:00:00+00:00,8.704,8.829,8.7,8.781,231655.93
1771272000,2026-02-16T20:00:00+00:00,8.779,8.961,8.756,8.93,358324.08
1771286400,2026-02-17T00:00:00+00:00,8.932,8.986,8.855,8.917,201206.0
1771300800,2026-02-17T04:00:00+00:00,8.917,8.957,8.791,8.861,153138.13
1771315200,2026-02-17T08:00:00+00:00,8.862,8.887,8.725,8.762,134039.47
1771329600,2026-02-17T12:00:00+00:00,8.761,8.908,8.657,8.77,534227.01
1771344000,2026-02-17T16:00:00+00:00,8.771,8.947,8.688,8.874,552749.53
1771358400,2026-02-17T20:00:00+00:00,8.877,8.895,8.814,8.825,189263.93
1771372800,2026-02-18T00:00:00+00:00,8.826,8.898,8.741,8.882,193638.66
1771387200,2026-02-18T04:00:00+00:00,8.883,8.931,8.825,8.913,140930.26
1771401600,2026-02-18T08:00:00+00:00,8.912,8.994,8.757,8.766,195251.94
1771416000,2026-02-18T12:00:00+00:00,8.764,8.893,8.66,8.798,390810.17
1771430400,2026-02-18T16:00:00+00:00,8.797,8.799,8.514,8.571,420129.94999999995
1771444800,2026-02-18T20:00:00+00:00,8.571,8.611,8.521,8.602,228026.01
1771459200,2026-02-19T00:00:00+00:00,8.602,8.684,8.566,8.667,167940.96999999997
1771473600,2026-02-19T04:00:00+00:00,8.668,8.748,8.62,8.697,109243.16
1771488000,2026-02-19T08:00:00+00:00,8.695,8.697,8.557,8.566,144513.02
1771502400,2026-02-19T12:00:00+00:00,8.566,8.601,8.364,8.438,443391.05
1771516800,2026-02-19T16:00:00+00:00,8.436,8.543,8.34,8.509,330522.37
1771531200,2026-02-19T20:00:00+00:00,8.509,8.579,8.475,8.575,160144.3
1771545600,2026-02-20T00:00:00+00:00,8.574,8.647,8.562,8.605,178941.42
1771560000,2026-02-20T04:00:00+00:00,8.603,8.674,8.521,8.651,179836.03
1771574400,2026-02-20T08:00:00+00:00,8.651,8.725,8.601,8.619,216592.02000000002
1771588800,2026-02-20T12:00:00+00:00,8.62,8.839,8.453,8.826,726064.9299999999
1771603200,2026-02-20T16:00:00+00:00,8.827,8.97,8.694,8.901,912737.72
1771617600,2026-02-20T20:00:00+00:00,8.9,9.008,8.881,8.939,283046.73
1771632000,2026-02-21T00:00:00+00:00,8.94,8.981,8.854,8.887,151721.94
1771646400,2026-02-21T04:00:00+00:00,8.886,8.917,8.855,8.862,110324.59
1771660800,2026-02-21T08:00:00+00:00,8.865,8.979,8.86,8.949,164621.00999999998
1771675200,2026-02-21T12:00:00+00:00,8.947,9.041,8.896,8.935,199655.49
1771689600,2026-02-21T16:00:00+00:00,8.935,8.995,8.846,8.932,219078.63
1771704000,2026-02-21T20:00:00+00:00,8.932,8.949,8.864,8.864,125857.14000000001
1771718400,2026-02-22T00:00:00+00:00,8.863,8.899,8.796,8.84,165561.76
1771732800,2026-02-22T04:00:00+00:00,8.839,8.874,8.805,8.853,102965.39000000001
1771747200,2026-02-22T08:00:00+00:00,8.854,8.867,8.794,8.835,59273.670000000006
1771761600,2026-02-22T12:00:00+00:00,8.834,8.842,8.685,8.709,251626.0
1771776000,2026-02-22T16:00:00+00:00,8.708,8.711,8.602,8.64,163143.07
1771790400,2026-02-22T20:00:00+00:00,8.639,8.703,8.601,8.67,188709.06
1771804800,2026-02-23T00:00:00+00:00,8.67,8.693,8.172,8.255,833291.6499999999
1771819200,2026-02-23T04:00:00+00:00,8.255,8.375,8.175,8.347,255514.09999999998
1771833600,2026-02-23T08:00:00+00:00,8.346,8.56,8.309,8.468,274195.56
1771848000,2026-02-23T12:00:00+00:00,8.471,8.578,8.396,8.416,484466.77
1771862400,2026-02-23T16:00:00+00:00,8.415,8.456,8.181,8.231,512049.13
1771876800,2026-02-23T20:00:00+00:00,8.23,8.343,8.205,8.279,438212.4
1771891200,2026-02-24T00:00:00+00:00,8.279,8.335,8.115,8.206,484763.33999999997
1771905600,2026-02-24T04:00:00+00:00,8.208,8.231,8.122,8.15,397186.32
1771920000,2026-02-24T08:00:00+00:00,8.15,8.242,8.105,8.171,355302.07999999996
1771934400,2026-02-24T12:00:00+00:00,8.171,8.231,8.05,8.215,534918.52
1771948800,2026-02-24T16:00:00+00:00,8.214,8.279,8.173,8.231,426475.75
1771963200,2026-02-24T20:00:00+00:00,8.232,8.265,8.167,8.198,228265.44
1771977600,2026-02-25T00:00:00+00:00,8.199,8.629,8.184,8.502,624390.65
1771992000,2026-02-25T04:00:00+00:00,8.502,8.551,8.354,8.476,297900.62
1772006400,2026-02-25T08:00:00+00:00,8.475,8.664,8.436,8.656,220023.26
1772020800,2026-02-25T12:00:00+00:00,8.657,9.482,8.639,9.278,1094415.62
1772035200,2026-02-25T16:00:00+00:00,9.278,9.507,9.278,9.473,706507.5700000001
1772049600,2026-02-25T20:00:00+00:00,9.475,9.586,9.181,9.269,784650.4199999999
1772064000,2026-02-26T00:00:00+00:00,9.269,9.336,9.152,9.224,407747.49
1772078400,2026-02-26T04:00:00+00:00,9.223,9.344,9.196,9.213,251987.24
1772092800,2026-02-26T08:00:00+00:00,9.213,9.33,9.18,9.212,236783.4
1772107200,2026-02-26T12:00:00+00:00,9.213,9.313,9.025,9.121,614527.95
1772121600,2026-02-26T16:00:00+00:00,9.122,9.143,8.852,9.098,762655.48
1772136000,2026-02-26T20:00:00+00:00,9.097,9.144,9.042,9.097,209880.19999999998
1772150400,2026-02-27T00:00:00+00:00,9.095,9.197,9.002,9.184,292549.01
1772164800,2026-02-27T04:00:00+00:00,9.185,9.296,9.122,9.176,284888.05
1772179200,2026-02-27T08:00:00+00:00,9.174,9.235,8.805,8.847,423668.32
1772193600,2026-02-27T12:00:00+00:00,8.844,8.87,8.734,8.818,597264.7000000001
1772208000,2026-02-27T16:00:00+00:00,8.816,8.818,8.644,8.673,351583.05
1772222400,2026-02-27T20:00:00+00:00,8.671,8.733,8.548,8.714,229967.28
1772236800,2026-02-28T00:00:00+00:00,8.712,8.751,8.666,8.682,146464.16
1772251200,2026-02-28T04:00:00+00:00,8.681,8.699,8.226,8.352,523475.81
1772265600,2026-02-28T08:00:00+00:00,8.351,8.353,8.204,8.281,417340.22
1772280000,2026-02-28T12:00:00+00:00,8.282,8.543,8.278,8.435,541724.1
1772294400,2026-02-28T16:00:00+00:00,8.435,8.734,8.404,8.691,414778.33999999997
1772308800,2026-02-28T20:00:00+00:00,8.69,8.945,8.667,8.857,477143.48
1772323200,2026-03-01T00:00:00+00:00,8.859,9.208,8.745,9.053,472126.51
1772337600,2026-03-01T04:00:00+00:00,9.056,9.095,8.926,8.977,265785.35
1772352000,2026-03-01T08:00:00+00:00,8.978,8.996,8.842,8.871,184321.63999999998
1772366400,2026-03-01T12:00:00+00:00,8.871,9.061,8.785,8.918,381728.04
1772380800,2026-03-01T16:00:00+00:00,8.919,8.975,8.675,8.694,657567.4400000001
1772395200,2026-03-01T20:00:00+00:00,8.692,8.784,8.538,8.674,471937.75
1772409600,2026-03-02T00:00:00+00:00,8.673,8.888,8.66,8.825,396334.14
1772424000,2026-03-02T04:00:00+00:00,8.826,8.855,8.609,8.672,270109.9
1772438400,2026-03-02T08:00:00+00:00,8.674,8.768,8.586,8.692,302356.24
1772452800,2026-03-02T12:00:00+00:00,8.693,9.18,8.582,9.106,690915.91
1772467200,2026-03-02T16:00:00+00:00,9.108,9.271,8.952,9.033,615891.04
1772481600,2026-03-02T20:00:00+00:00,9.036,9.11,8.925,8.953,347725.5
1772496000,2026-03-03T00:00:00+00:00,8.954,9.016,8.848,8.888,316035.65
1772510400,2026-03-03T04:00:00+00:00,8.889,8.936,8.771,8.793,191010.45
1772524800,2026-03-03T08:00:00+00:00,8.792,8.807,8.604,8.674,310262.27
1772539200,2026-03-03T12:00:00+00:00,8.673,8.793,8.56,8.744,410613.02
1772553600,2026-03-03T16:00:00+00:00,8.744,8.928,8.708,8.807,512124.36
1772568000,2026-03-03T20:00:00+00:00,8.81,8.886,8.68,8.81,226655.85
1772582400,2026-03-04T00:00:00+00:00,8.81,8.896,8.687,8.76,318340.33999999997
1772596800,2026-03-04T04:00:00+00:00,8.759,8.924,8.687,8.901,266199.64999999997
1772611200,2026-03-04T08:00:00+00:00,8.9,9.296,8.886,9.13,486272.91
1772625600,2026-03-04T12:00:00+00:00,9.129,9.514,9.031,9.504,580927.23
1772640000,2026-03-04T16:00:00+00:00,9.504,9.637,9.366,9.537,474096.33999999997
1772654400,2026-03-04T20:00:00+00:00,9.538,9.569,9.298,9.352,276008.67
1772668800,2026-03-05T00:00:00+00:00,9.352,9.397,9.239,9.265,386547.68
1772683200,2026-03-05T04:00:00+00:00,9.267,9.361,9.182,9.22,202660.74
1772697600,2026-03-05T08:00:00+00:00,9.221,9.468,9.201,9.401,377341.26
1772712000,2026-03-05T12:00:00+00:00,9.402,9.497,9.175,9.234,1263523.2
1772726400,2026-03-05T16:00:00+00:00,9.237,9.277,9.074,9.186,416780.87000000005
1772740800,2026-03-05T20:00:00+00:00,9.187,9.322,9.17,9.21,234515.99000000002
1772755200,2026-03-06T00:00:00+00:00,9.207,9.303,9.169,9.267,173320.91
1772769600,2026-03-06T04:00:00+00:00,9.265,9.294,9.153,9.275,156229.74
1772784000,2026-03-06T08:00:00+00:00,9.276,9.276,9.059,9.077,207235.91
1772798400,2026-03-06T12:00:00+00:00,9.076,9.141,8.748,8.79,791721.92
1772812800,2026-03-06T16:00:00+00:00,8.789,8.832,8.673,8.79,472513.37
1772827200,2026-03-06T20:00:00+00:00,8.79,8.827,8.735,8.797,207250.43
1772841600,2026-03-07T00:00:00+00:00,8.797,8.859,8.76,8.792,128743.44
1772856000,2026-03-07T04:00:00+00:00,8.792,8.821,8.734,8.805,103482.16
1772870400,2026-03-07T08:00:00+00:00,8.805,8.823,8.746,8.799,122927.62999999999
1772884800,2026-03-07T12:00:00+00:00,8.801,8.819,8.728,8.754,112422.88999999998
1772899200,2026-03-07T16:00:00+00:00,8.755,8.81,8.645,8.662,165696.21
1772913600,2026-03-07T20:00:00+00:00,8.662,8.715,8.642,8.698,129005.62
1772928000,2026-03-08T00:00:00+00:00,8.699,8.719,8.583,8.6,164051.93
1772942400,2026-03-08T04:00:00+00:00,8.6,8.667,8.531,8.635,102219.56
1772956800,2026-03-08T08:00:00+00:00,8.636,8.777,8.591,8.651,103261.76
1772971200,2026-03-08T12:00:00+00:00,8.654,8.674,8.54,8.567,266711.38999999996
1772985600,2026-03-08T16:00:00+00:00,8.566,8.665,8.504,8.643,174488.3
1773000000,2026-03-08T20:00:00+00:00,8.644,8.701,8.396,8.515,381192.87
1773014400,2026-03-09T00:00:00+00:00,8.514,8.798,8.483,8.692,428688.56
1773028800,2026-03-09T04:00:00+00:00,8.693,8.879,8.648,8.74,185917.58
1773043200,2026-03-09T08:00:00+00:00,8.738,8.852,8.71,8.779,117412.29
1773057600,2026-03-09T12:00:00+00:00,8.777,8.974,8.776,8.928,383266.65
1773072000,2026-03-09T16:00:00+00:00,8.929,9.1,8.864,9.01,416717.4
1773086400,2026-03-09T20:00:00+00:00,9.012,9.042,8.847,8.868,266423.65
1773100800,2026-03-10T00:00:00+00:00,8.867,9.082,8.852,8.943,246025.08000000002
1773115200,2026-03-10T04:00:00+00:00,8.941,9.087,8.939,9.087,173835.07
1773129600,2026-03-10T08:00:00+00:00,9.088,9.161,9.063,9.07,173865.25
1773144000,2026-03-10T12:00:00+00:00,9.07,9.184,8.86,9.136,363870.87
1773158400,2026-03-10T16:00:00+00:00,9.134,9.184,8.923,8.976,348331.00000000006
1773172800,2026-03-10T20:00:00+00:00,8.973,9.012,8.911,8.987,110642.98000000001
1773187200,2026-03-11T00:00:00+00:00,8.985,9.009,8.915,8.926,106729.69
1773201600,2026-03-11T04:00:00+00:00,8.925,9.036,8.867,8.89,125848.64
1773216000,2026-03-11T08:00:00+00:00,8.891,8.974,8.881,8.915,158515.02
1773230400,2026-03-11T12:00:00+00:00,8.913,9.17,8.887,9.001,337598.36
1773244800,2026-03-11T16:00:00+00:00,9.002,9.154,8.974,9.088,288690.01999999996
1773259200,2026-03-11T20:00:00+00:00,9.086,9.097,8.986,8.999,102915.93
1773273600,2026-03-12T00:00:00+00:00,8.999,9.021,8.836,8.868,137277.41
1773288000,2026-03-12T04:00:00+00:00,8.867,8.962,8.844,8.951,101823.02
1773302400,2026-03-12T08:00:00+00:00,8.951,9.108,8.927,9.031,229669.11000000002
1773316800,2026-03-12T12:00:00+00:00,9.031,9.104,8.898,9.034,301687.88
1773331200,2026-03-12T16:00:00+00:00,9.034,9.082,8.959,9.032,261016.59000000003
1773345600,2026-03-12T20:00:00+00:00,9.03,9.089,8.964,9.059,192266.96000000002
1773360000,2026-03-13T00:00:00+00:00,9.059,9.398,9.036,9.282,501361.83
1773374400,2026-03-13T04:00:00+00:00,9.283,9.296,9.171,9.189,145249.32
1773388800,2026-03-13T08:00:00+00:00,9.188,9.327,9.159,9.272,187756.54
1773403200,2026-03-13T12:00:00+00:00,9.274,9.61,9.241,9.268,784521.77
1773417600,2026-03-13T16:00:00+00:00,9.268,9.333,9.1,9.144,384338.01
1773432000,2026-03-13T20:00:00+00:00,9.146,9.204,9.023,9.085,175642.18000000002
1773446400,2026-03-14T00:00:00+00:00,9.083,9.132,9.026,9.119,137621.52000000002
1773460800,2026-03-14T04:00:00+00:00,9.12,9.149,8.964,8.973,120609.28
1773475200,2026-03-14T08:00:00+00:00,8.972,9.011,8.925,8.995,89519.4
1773489600,2026-03-14T12:00:00+00:00,8.995,9.02,8.966,9.006,117732.73999999999
1773504000,2026-03-14T16:00:00+00:00,9.005,9.059,8.981,9.031,94206.78
1773518400,2026-03-14T20:00:00+00:00,9.029,9.177,9.02,9.168,116692.31999999999
1773532800,2026-03-15T00:00:00+00:00,9.17,9.258,9.112,9.213,116076.09999999999
1773547200,2026-03-15T04:00:00+00:00,9.214,9.267,9.187,9.217,88199.45
1773561600,2026-03-15T08:00:00+00:00,9.218,9.32,9.218,9.278,89884.19999999998
1773576000,2026-03-15T12:00:00+00:00,9.277,9.278,9.14,9.157,136353.99
1773590400,2026-03-15T16:00:00+00:00,9.153,9.237,9.116,9.197,132041.58
1773604800,2026-03-15T20:00:00+00:00,9.197,9.553,9.177,9.51,484290.94000000006
1773619200,2026-03-16T00:00:00+00:00,9.512,9.808,9.412,9.696,466269.49
1773633600,2026-03-16T04:00:00+00:00,9.697,9.833,9.669,9.694,452796.37
1773648000,2026-03-16T08:00:00+00:00,9.695,9.735,9.561,9.663,285530.68
1773662400,2026-03-16T12:00:00+00:00,9.662,9.824,9.597,9.729,531160.75
1773676800,2026-03-16T16:00:00+00:00,9.728,9.972,9.709,9.937,380261.57999999996
1773691200,2026-03-16T20:00:00+00:00,9.935,10.079,9.863,9.924,401596.12000000005
1773705600,2026-03-17T00:00:00+00:00,9.924,10.029,9.781,9.831,429411.83
1773720000,2026-03-17T04:00:00+00:00,9.831,9.859,9.681,9.804,181277.28
1773734400,2026-03-17T08:00:00+00:00,9.804,9.836,9.731,9.767,149835.81
1773748800,2026-03-17T12:00:00+00:00,9.767,9.941,9.715,9.805,253305.37
1773763200,2026-03-17T16:00:00+00:00,9.803,9.919,9.794,9.813,176032.61
1773777600,2026-03-17T20:00:00+00:00,9.812,9.92,9.777,9.794,138989.63
1773792000,2026-03-18T00:00:00+00:00,9.794,9.93,9.757,9.897,145585.43
1773806400,2026-03-18T04:00:00+00:00,9.897,9.904,9.781,9.814,89918.34000000001
1773820800,2026-03-18T08:00:00+00:00,9.817,9.886,9.528,9.558,232574.27
1773835200,2026-03-18T12:00:00+00:00,9.557,9.557,9.131,9.211,570650.91
1773849600,2026-03-18T16:00:00+00:00,9.21,9.315,9.099,9.173,340106.5
1773864000,2026-03-18T20:00:00+00:00,9.172,9.263,9.09,9.231,230668.96000000002
1773878400,2026-03-19T00:00:00+00:00,9.228,9.343,9.162,9.258,156670.90000000002
1773892800,2026-03-19T04:00:00+00:00,9.255,9.263,9.038,9.093,165686.11
1773907200,2026-03-19T08:00:00+00:00,9.095,9.172,9.066,9.094,114155.41
1773921600,2026-03-19T12:00:00+00:00,9.093,9.096,8.895,8.964,653186.22
1773936000,2026-03-19T16:00:00+00:00,8.964,9.094,8.898,9.035,294541.86
1773950400,2026-03-19T20:00:00+00:00,9.036,9.097,9.012,9.046,130578.52
1773964800,2026-03-20T00:00:00+00:00,9.046,9.161,9.037,9.12,157440.08
1773979200,2026-03-20T04:00:00+00:00,9.122,9.156,9.032,9.115,119554.53
1773993600,2026-03-20T08:00:00+00:00,9.114,9.208,9.054,9.092,131098.13
1774008000,2026-03-20T12:00:00+00:00,9.093,9.124,8.97,9.025,315226.64
1774022400,2026-03-20T16:00:00+00:00,9.024,9.065,8.96,9.042,366014.66
1774036800,2026-03-20T20:00:00+00:00,9.042,9.165,8.981,9.116,232446.88
1774051200,2026-03-21T00:00:00+00:00,9.116,9.179,9.108,9.128,160774.09
1774065600,2026-03-21T04:00:00+00:00,9.129,9.152,9.101,9.126,80506.1
1774080000,2026-03-21T08:00:00+00:00,9.125,9.163,9.087,9.105,110430.70000000001
1774094400,2026-03-21T12:00:00+00:00,9.104,9.139,9.05,9.102,136149.64
1774108800,2026-03-21T16:00:00+00:00,9.102,9.106,9.04,9.069,106828.09
1774123200,2026-03-21T20:00:00+00:00,9.068,9.108,8.765,8.829,258220.75
1774137600,2026-03-22T00:00:00+00:00,8.822,8.967,8.677,8.905,454480.66
1774152000,2026-03-22T04:00:00+00:00,8.904,8.946,8.84,8.842,207505.20999999996
1774166400,2026-03-22T08:00:00+00:00,8.843,8.865,8.745,8.754,211040.56
1774180800,2026-03-22T12:00:00+00:00,8.755,8.837,8.755,8.795,192365.17
1774195200,2026-03-22T16:00:00+00:00,8.796,8.807,8.688,8.709,193450.99
1774209600,2026-03-22T20:00:00+00:00,8.709,8.759,8.572,8.689,414618.44
1774224000,2026-03-23T00:00:00+00:00,8.69,8.78,8.63,8.702,290841.28
1774238400,2026-03-23T04:00:00+00:00,8.704,8.777,8.57,8.644,311395.57
1774252800,2026-03-23T08:00:00+00:00,8.645,9.253,8.575,8.971,867921.03
1774267200,2026-03-23T12:00:00+00:00,8.972,9.286,8.904,9.041,993904.9500000001
1774281600,2026-03-23T16:00:00+00:00,9.042,9.212,8.988,9.123,570333.73
1774296000,2026-03-23T20:00:00+00:00,9.121,9.175,9.064,9.118,247030.88999999998
1774310400,2026-03-24T00:00:00+00:00,9.119,9.14,9.005,9.086,262261.14
1774324800,2026-03-24T04:00:00+00:00,9.087,9.256,9.01,9.239,281698.29
1774339200,2026-03-24T08:00:00+00:00,9.238,9.265,9.163,9.247,345241.41000000003
1774353600,2026-03-24T12:00:00+00:00,9.248,9.252,9.037,9.116,659857.74
1774368000,2026-03-24T16:00:00+00:00,9.115,9.159,9.008,9.056,359882.02
1774382400,2026-03-24T20:00:00+00:00,9.053,9.265,9.052,9.245,372149.57
1774396800,2026-03-25T00:00:00+00:00,9.246,9.309,9.17,9.235,275952.53
1774411200,2026-03-25T04:00:00+00:00,9.234,9.358,9.224,9.286,210385.77000000002
1774425600,2026-03-25T08:00:00+00:00,9.285,9.459,9.285,9.42,310977.45999999996
1774440000,2026-03-25T12:00:00+00:00,9.42,9.495,9.289,9.367,621260.51
1774454400,2026-03-25T16:00:00+00:00,9.365,9.469,9.297,9.346,472861.56
1774468800,2026-03-25T20:00:00+00:00,9.347,9.402,9.276,9.375,226920.16000000003
1774483200,2026-03-26T00:00:00+00:00,9.374,9.386,9.22,9.25,158841.94
1774497600,2026-03-26T04:00:00+00:00,9.249,9.25,9.063,9.101,221224.52
1774512000,2026-03-26T08:00:00+00:00,9.103,9.107,8.918,8.94,335058.82999999996
1774526400,2026-03-26T12:00:00+00:00,8.939,9.031,8.851,8.928,413537.26999999996
1774540800,2026-03-26T16:00:00+00:00,8.926,8.947,8.805,8.829,271672.0
1774555200,2026-03-26T20:00:00+00:00,8.829,8.976,8.817,8.911,341909.79
1774569600,2026-03-27T00:00:00+00:00,8.91,8.979,8.879,8.908,262168.70999999996
1774584000,2026-03-27T04:00:00+00:00,8.908,8.942,8.839,8.902,222827.73
1774598400,2026-03-27T08:00:00+00:00,8.899,8.918,8.546,8.591,432009.21
1774612800,2026-03-27T12:00:00+00:00,8.593,8.677,8.519,8.611,530548.77
1774627200,2026-03-27T16:00:00+00:00,8.607,8.633,8.481,8.534,421384.49
1774641600,2026-03-27T20:00:00+00:00,8.535,8.569,8.485,8.561,199051.16999999998
1774656000,2026-03-28T00:00:00+00:00,8.562,8.562,8.497,8.513,136255.31
1774670400,2026-03-28T04:00:00+00:00,8.514,8.599,8.496,8.596,99344.75
1774684800,2026-03-28T08:00:00+00:00,8.595,8.606,8.481,8.535,71668.56999999999
1774699200,2026-03-28T12:00:00+00:00,8.536,8.691,8.504,8.635,279157.79
1774713600,2026-03-28T16:00:00+00:00,8.636,8.647,8.576,8.598,109560.09
1774728000,2026-03-28T20:00:00+00:00,8.598,8.617,8.378,8.432,279506.54
1774742400,2026-03-29T00:00:00+00:00,8.429,8.581,8.41,8.536,166909.04
1774756800,2026-03-29T04:00:00+00:00,8.535,8.535,8.485,8.508,112614.59
1774771200,2026-03-29T08:00:00+00:00,8.508,8.535,8.448,8.496,115626.35
1774785600,2026-03-29T12:00:00+00:00,8.495,8.505,8.384,8.42,204134.54000000004
1774800000,2026-03-29T16:00:00+00:00,8.42,8.458,8.386,8.412,141204.28
1774814400,2026-03-29T20:00:00+00:00,8.408,8.481,8.202,8.405,459039.27
1774828800,2026-03-30T00:00:00+00:00,8.408,8.661,8.392,8.625,295741.17000000004
1774843200,2026-03-30T04:00:00+00:00,8.627,8.748,8.627,8.735,141132.55
1774857600,2026-03-30T08:00:00+00:00,8.734,8.9,8.72,8.856,204231.34999999998
1774872000,2026-03-30T12:00:00+00:00,8.857,8.914,8.767,8.82,320732.66000000003
1774886400,2026-03-30T16:00:00+00:00,8.821,8.834,8.559,8.618,268409.17
1774900800,2026-03-30T20:00:00+00:00,8.616,8.717,8.575,8.617,173427.19
1774915200,2026-03-31T00:00:00+00:00,8.617,8.848,8.588,8.745,212661.29
1774929600,2026-03-31T04:00:00+00:00,8.746,8.771,8.661,8.693,131764.94999999998
1774944000,2026-03-31T08:00:00+00:00,8.692,8.705,8.496,8.608,231562.21000000002
1774958400,2026-03-31T12:00:00+00:00,8.609,8.802,8.583,8.617,291099.92000000004
1774972800,2026-03-31T16:00:00+00:00,8.619,8.882,8.616,8.765,353619.47000000003
1774987200,2026-03-31T20:00:00+00:00,8.766,8.808,8.699,8.771,148995.46000000002
1775001600,2026-04-01T00:00:00+00:00,8.774,8.826,8.733,8.814,167322.03
1775016000,2026-04-01T04:00:00+00:00,8.815,9.189,8.787,9.053,196675.83
1775030400,2026-04-01T08:00:00+00:00,9.054,9.098,8.983,9.022,140456.4
1775044800,2026-04-01T12:00:00+00:00,9.022,9.086,8.916,9.006,275669.58
1775059200,2026-04-01T16:00:00+00:00,9.006,9.138,8.951,9.018,327411.72
1775073600,2026-04-01T20:00:00+00:00,9.018,9.038,8.926,8.941,185639.41999999998
1775088000,2026-04-02T00:00:00+00:00,8.941,9.005,8.524,8.565,398646.29
1775102400,2026-04-02T04:00:00+00:00,8.564,8.571,8.5,8.559,154369.39
1775116800,2026-04-02T08:00:00+00:00,8.557,8.557,8.454,8.483,206956.32
1775131200,2026-04-02T12:00:00+00:00,8.483,8.642,8.422,8.564,330211.44
1775145600,2026-04-02T16:00:00+00:00,8.562,8.656,8.525,8.614,243327.82
1775160000,2026-04-02T20:00:00+00:00,8.611,8.655,8.588,8.634,144532.3
1775174400,2026-04-03T00:00:00+00:00,8.635,8.676,8.589,8.65,128900.63
1775188800,2026-04-03T04:00:00+00:00,8.65,8.764,8.642,8.715,111475.09
1775203200,2026-04-03T08:00:00+00:00,8.716,8.74,8.658,8.725,72544.04999999999
1775217600,2026-04-03T12:00:00+00:00,8.725,8.822,8.648,8.695,164580.96
1775232000,2026-04-03T16:00:00+00:00,8.694,8.728,8.646,8.677,184211.84
1775246400,2026-04-03T20:00:00+00:00,8.676,8.713,8.641,8.656,78947.98999999999
1775260800,2026-04-04T00:00:00+00:00,8.657,8.658,8.617,8.64,53750.72
1775275200,2026-04-04T04:00:00+00:00,8.639,8.678,8.63,8.658,28479.76
1775289600,2026-04-04T08:00:00+00:00,8.659,8.674,8.627,8.658,28432.18
1775304000,2026-04-04T12:00:00+00:00,8.66,8.71,8.606,8.687,76104.09
1775318400,2026-04-04T16:00:00+00:00,8.688,8.778,8.664,8.725,74954.91
1775332800,2026-04-04T20:00:00+00:00,8.725,8.725,8.678,8.695,54777.47
1775347200,2026-04-05T00:00:00+00:00,8.695,8.697,8.638,8.649,57737.28
1775361600,2026-04-05T04:00:00+00:00,8.648,8.658,8.517,8.531,96438.73
1775376000,2026-04-05T08:00:00+00:00,8.53,8.581,8.525,8.548,50188.64
1775390400,2026-04-05T12:00:00+00:00,8.545,8.676,8.478,8.599,110326.82
1775404800,2026-04-05T16:00:00+00:00,8.597,8.649,8.57,8.625,78760.59
1775419200,2026-04-05T20:00:00+00:00,8.625,8.865,8.561,8.82,241131.96000000002
1775433600,2026-04-06T00:00:00+00:00,8.821,9.022,8.821,8.925,266495.98
1775448000,2026-04-06T04:00:00+00:00,8.926,8.995,8.9,8.965,142903.74
1775462400,2026-04-06T08:00:00+00:00,8.966,9.146,8.955,9.049,213400.92999999996
1775476800,2026-04-06T12:00:00+00:00,9.046,9.089,8.998,9.085,294478.15
1775491200,2026-04-06T16:00:00+00:00,9.084,9.101,8.938,8.985,207207.58000000002
1775505600,2026-04-06T20:00:00+00:00,8.988,9.021,8.724,8.8,183811.09000000003
1775520000,2026-04-07T00:00:00+00:00,8.799,8.848,8.727,8.792,144564.84999999998
1775534400,2026-04-07T04:00:00+00:00,8.792,8.829,8.729,8.767,68573.59999999999
1775548800,2026-04-07T08:00:00+00:00,8.766,8.899,8.673,8.682,201288.96999999997
1775563200,2026-04-07T12:00:00+00:00,8.681,8.708,8.569,8.617,430282.59
1775577600,2026-04-07T16:00:00+00:00,8.617,8.761,8.594,8.742,215578.93
1775592000,2026-04-07T20:00:00+00:00,8.742,9.413,8.715,9.298,767617.9299999999
1775606400,2026-04-08T00:00:00+00:00,9.294,9.335,9.174,9.183,305407.45999999996
1775620800,2026-04-08T04:00:00+00:00,9.184,9.273,9.18,9.255,152342.75
1775635200,2026-04-08T08:00:00+00:00,9.256,9.277,9.141,9.19,128096.92
1775649600,2026-04-08T12:00:00+00:00,9.189,9.27,8.966,9.029,369087.2
1775664000,2026-04-08T16:00:00+00:00,9.028,9.12,8.935,8.989,172325.78999999998
1775678400,2026-04-08T20:00:00+00:00,8.989,9.036,8.84,8.858,169526.96
1775692800,2026-04-09T00:00:00+00:00,8.857,8.861,8.693,8.762,211490.16
1775707200,2026-04-09T04:00:00+00:00,8.76,8.801,8.75,8.753,83431.98000000001
1775721600,2026-04-09T08:00:00+00:00,8.753,8.807,8.74,8.763,109851.04999999999
1775736000,2026-04-09T12:00:00+00:00,8.765,8.976,8.691,8.943,243504.84
1775750400,2026-04-09T16:00:00+00:00,8.944,9.039,8.867,9.015,303115.55
1775764800,2026-04-09T20:00:00+00:00,9.01,9.187,8.933,8.945,353367.59
1775779200,2026-04-10T00:00:00+00:00,8.944,9.01,8.89,8.922,159460.22000000003
1775793600,2026-04-10T04:00:00+00:00,8.921,8.998,8.892,8.901,90621.06000000001
1775808000,2026-04-10T08:00:00+00:00,8.899,9.021,8.882,8.984,104121.0
1775822400,2026-04-10T12:00:00+00:00,8.986,9.169,8.966,9.061,263729.95
1775836800,2026-04-10T16:00:00+00:00,9.062,9.168,9.04,9.165,233875.43
1775851200,2026-04-10T20:00:00+00:00,9.164,9.181,9.072,9.087,144855.66
1775865600,2026-04-11T00:00:00+00:00,9.089,9.117,9.035,9.056,76261.62
1775880000,2026-04-11T04:00:00+00:00,9.054,9.084,8.979,9.014,63236.530000000006
1775894400,2026-04-11T08:00:00+00:00,9.014,9.055,8.993,9.018,26771.85
1775908800,2026-04-11T12:00:00+00:00,9.017,9.05,8.96,9.027,102796.72
1775923200,2026-04-11T16:00:00+00:00,9.03,9.288,9.024,9.266,259793.87000000002
1775937600,2026-04-11T20:00:00+00:00,9.267,9.274,9.05,9.072,138699.69
1775952000,2026-04-12T00:00:00+00:00,9.073,9.084,8.752,8.798,308584.43
1775966400,2026-04-12T04:00:00+00:00,8.797,8.818,8.764,8.803,53519.59999999999
1775980800,2026-04-12T08:00:00+00:00,8.802,8.818,8.755,8.788,46412.159999999996
1775995200,2026-04-12T12:00:00+00:00,8.787,8.831,8.69,8.72,168827.09999999998
1776009600,2026-04-12T16:00:00+00:00,8.719,8.806,8.705,8.765,102483.90000000001
1776024000,2026-04-12T20:00:00+00:00,8.767,8.845,8.716,8.736,130512.53
1776038400,2026-04-13T00:00:00+00:00,8.734,8.836,8.722,8.779,101064.09000000001
1776052800,2026-04-13T04:00:00+00:00,8.781,8.81,8.714,8.727,86521.96
1776067200,2026-04-13T08:00:00+00:00,8.726,8.753,8.697,8.729,73765.57
1776081600,2026-04-13T12:00:00+00:00,8.728,8.92,8.69,8.825,241448.92
1776096000,2026-04-13T16:00:00+00:00,8.827,9.04,8.783,9.027,317168.47
1776110400,2026-04-13T20:00:00+00:00,9.026,9.434,8.956,9.358,598590.4400000001
1776124800,2026-04-14T00:00:00+00:00,9.362,9.385,9.178,9.215,283447.56000000006
1776139200,2026-04-14T04:00:00+00:00,9.215,9.25,9.139,9.223,140122.79
1776153600,2026-04-14T08:00:00+00:00,9.224,9.263,9.166,9.179,142705.71
1776168000,2026-04-14T12:00:00+00:00,9.179,9.303,9.072,9.137,354837.76999999996
1776182400,2026-04-14T16:00:00+00:00,9.136,9.187,8.938,8.995,231857.74
1776196800,2026-04-14T20:00:00+00:00,8.996,9.064,8.976,9.03,104614.8
1776211200,2026-04-15T00:00:00+00:00,9.031,9.116,9.031,9.076,114188.09
1776225600,2026-04-15T04:00:00+00:00,9.078,9.118,8.996,9.013,73927.73000000001
1776240000,2026-04-15T08:00:00+00:00,9.012,9.16,9.009,9.145,112407.8
1776254400,2026-04-15T12:00:00+00:00,9.142,9.251,9.108,9.169,239573.65
1776268800,2026-04-15T16:00:00+00:00,9.166,9.371,9.157,9.327,490779.80000000005
1776283200,2026-04-15T20:00:00+00:00,9.33,9.36,9.221,9.264,266281.07999999996
1776297600,2026-04-16T00:00:00+00:00,9.265,9.334,9.207,9.277,138710.5
1776312000,2026-04-16T04:00:00+00:00,9.279,9.365,9.258,9.295,153163.45
1776326400,2026-04-16T08:00:00+00:00,9.294,9.332,9.214,9.29,126097.47
1776340800,2026-04-16T12:00:00+00:00,9.289,9.466,9.127,9.459,554934.27
1776355200,2026-04-16T16:00:00+00:00,9.458,9.658,9.308,9.65,434341.26
1776369600,2026-04-16T20:00:00+00:00,9.651,9.682,9.465,9.589,280973.82999999996
1776384000,2026-04-17T00:00:00+00:00,9.586,9.613,9.397,9.421,159853.22999999998
1776398400,2026-04-17T04:00:00+00:00,9.42,9.473,9.34,9.473,124344.10999999999
1776412800,2026-04-17T08:00:00+00:00,9.474,9.609,9.458,9.523,235091.46999999997
1776427200,2026-04-17T12:00:00+00:00,9.525,9.871,9.465,9.758,775930.28
1776441600,2026-04-17T16:00:00+00:00,9.756,9.841,9.629,9.668,290320.32
1776456000,2026-04-17T20:00:00+00:00,9.67,9.713,9.588,9.616,176224.02000000002
1776470400,2026-04-18T00:00:00+00:00,9.615,9.656,9.551,9.561,167389.94999999998
1776484800,2026-04-18T04:00:00+00:00,9.56,9.634,9.554,9.606,41883.630000000005
1776499200,2026-04-18T08:00:00+00:00,9.605,9.607,9.342,9.407,173738.75
1776513600,2026-04-18T12:00:00+00:00,9.406,9.454,9.317,9.392,115986.1
1776528000,2026-04-18T16:00:00+00:00,9.388,9.422,9.25,9.286,170262.89
1776542400,2026-04-18T20:00:00+00:00,9.286,9.351,9.268,9.286,55820.19
1776556800,2026-04-19T00:00:00+00:00,9.287,9.303,9.168,9.233,125371.82999999999
1776571200,2026-04-19T04:00:00+00:00,9.231,9.295,9.11,9.174,181875.36
1776585600,2026-04-19T08:00:00+00:00,9.173,9.229,9.117,9.223,71278.54000000001
1776600000,2026-04-19T12:00:00+00:00,9.222,9.378,9.207,9.291,134905.37
1776614400,2026-04-19T16:00:00+00:00,9.292,9.302,9.112,9.184,208131.31999999998
1776628800,2026-04-19T20:00:00+00:00,9.184,9.188,9.002,9.068,310240.57000000007
1776643200,2026-04-20T00:00:00+00:00,9.065,9.209,9.055,9.196,120036.97
1776657600,2026-04-20T04:00:00+00:00,9.196,9.366,9.103,9.253,116434.32
1776672000,2026-04-20T08:00:00+00:00,9.254,9.317,9.16,9.218,225855.65
1776686400,2026-04-20T12:00:00+00:00,9.216,9.303,9.144,9.273,317628.02
1776700800,2026-04-20T16:00:00+00:00,9.274,9.36,9.214,9.33,225082.88999999998
1776715200,2026-04-20T20:00:00+00:00,9.331,9.41,9.262,9.292,188807.91999999998
1776729600,2026-04-21T00:00:00+00:00,9.29,9.36,9.242,9.292,176304.21000000002
1776744000,2026-04-21T04:00:00+00:00,9.291,9.398,9.274,9.36,90532.88
1776758400,2026-04-21T08:00:00+00:00,9.366,9.494,9.353,9.418,171873.59
1776772800,2026-04-21T12:00:00+00:00,9.418,9.484,9.336,9.421,271514.65
1776787200,2026-04-21T16:00:00+00:00,9.422,9.445,9.243,9.267,270526.33
1776801600,2026-04-21T20:00:00+00:00,9.269,9.418,9.263,9.4,222021.11
1776816000,2026-04-22T00:00:00+00:00,9.402,9.527,9.379,9.507,286266.22
1776830400,2026-04-22T04:00:00+00:00,9.509,9.554,9.474,9.502,304895.01
1776844800,2026-04-22T08:00:00+00:00,9.5,9.548,9.472,9.528,89700.52
1776859200,2026-04-22T12:00:00+00:00,9.529,9.558,9.462,9.491,282776.82
1776873600,2026-04-22T16:00:00+00:00,9.492,9.511,9.381,9.419,297653.79
1776888000,2026-04-22T20:00:00+00:00,9.419,9.429,9.285,9.293,164374.12
1776902400,2026-04-23T00:00:00+00:00,9.295,9.318,9.15,9.184,171620.9
1776916800,2026-04-23T04:00:00+00:00,9.182,9.271,9.171,9.241,81085.93
1776931200,2026-04-23T08:00:00+00:00,9.243,9.276,9.168,9.262,135297.25
1776945600,2026-04-23T12:00:00+00:00,9.265,9.389,9.242,9.348,258099.44
1776960000,2026-04-23T16:00:00+00:00,9.35,9.358,9.155,9.278,226188.74999999997
1776974400,2026-04-23T20:00:00+00:00,9.277,9.364,9.274,9.351,205862.21
1776988800,2026-04-24T00:00:00+00:00,9.351,9.394,9.253,9.292,182200.97
1777003200,2026-04-24T04:00:00+00:00,9.293,9.314,9.245,9.29,208730.34
1777017600,2026-04-24T08:00:00+00:00,9.29,9.386,9.253,9.361,109651.03
1777032000,2026-04-24T12:00:00+00:00,9.361,9.401,9.305,9.377,217777.08
1777046400,2026-04-24T16:00:00+00:00,9.377,9.438,9.332,9.412,147604.96
1777060800,2026-04-24T20:00:00+00:00,9.411,9.447,9.356,9.38,116100.2
1777075200,2026-04-25T00:00:00+00:00,9.379,9.43,9.349,9.425,67571.77
1777089600,2026-04-25T04:00:00+00:00,9.426,9.448,9.395,9.404,35822.64
1777104000,2026-04-25T08:00:00+00:00,9.403,9.442,9.374,9.393,42407.81
1777118400,2026-04-25T12:00:00+00:00,9.392,9.42,9.331,9.351,95887.27
1777132800,2026-04-25T16:00:00+00:00,9.348,9.366,9.289,9.307,95022.86
1777147200,2026-04-25T20:00:00+00:00,9.309,9.364,9.295,9.347,48246.880000000005
1777161600,2026-04-26T00:00:00+00:00,9.346,9.347,9.301,9.326,63134.26
1777176000,2026-04-26T04:00:00+00:00,9.325,9.428,9.315,9.425,89411.02
1777190400,2026-04-26T08:00:00+00:00,9.425,9.488,9.407,9.47,52750.81
1777204800,2026-04-26T12:00:00+00:00,9.472,9.499,9.416,9.49,152649.22999999998
1777219200,2026-04-26T16:00:00+00:00,9.493,9.537,9.43,9.483,157298.66
1777233600,2026-04-26T20:00:00+00:00,9.484,9.527,9.415,9.483,131459.02
1777248000,2026-04-27T00:00:00+00:00,9.487,9.595,9.444,9.549,126979.38999999998
1777262400,2026-04-27T04:00:00+00:00,9.548,9.566,9.301,9.311,170139.77000000002
1777276800,2026-04-27T08:00:00+00:00,9.311,9.356,9.304,9.333,93215.06999999999
1777291200,2026-04-27T12:00:00+00:00,9.335,9.369,9.148,9.185,252509.92
1777305600,2026-04-27T16:00:00+00:00,9.182,9.251,9.161,9.216,173268.28000000003
1777320000,2026-04-27T20:00:00+00:00,9.217,9.332,9.208,9.319,90216.58
1777334400,2026-04-28T00:00:00+00:00,9.319,9.331,9.244,9.283,107126.62
1777348800,2026-04-28T04:00:00+00:00,9.284,9.315,9.207,9.25,83916.42
1777363200,2026-04-28T08:00:00+00:00,9.248,9.275,9.179,9.197,58569.76
1777377600,2026-04-28T12:00:00+00:00,9.198,9.245,9.145,9.223,166838.55000000002
1777392000,2026-04-28T16:00:00+00:00,9.221,9.281,9.181,9.275,113568.6
1777406400,2026-04-28T20:00:00+00:00,9.277,9.288,9.219,9.238,74520.83
1777420800,2026-04-29T00:00:00+00:00,9.238,9.317,9.213,9.305,91949.39
1777435200,2026-04-29T04:00:00+00:00,9.306,9.395,9.297,9.315,91423.6
1777449600,2026-04-29T08:00:00+00:00,9.317,9.417,9.265,9.358,67940.62
1777464000,2026-04-29T12:00:00+00:00,9.355,9.355,9.079,9.096,254755.28999999998
1777478400,2026-04-29T16:00:00+00:00,9.095,9.161,8.91,9.009,393402.91
1777492800,2026-04-29T20:00:00+00:00,9.01,9.131,9.003,9.109,127499.09000000001
1777507200,2026-04-30T00:00:00+00:00,9.11,9.184,9.057,9.102,165450.19999999998
1777521600,2026-04-30T04:00:00+00:00,9.101,9.125,9.018,9.125,72712.13
1777536000,2026-04-30T08:00:00+00:00,9.126,9.163,9.093,9.125,62362.11
1777550400,2026-04-30T12:00:00+00:00,9.123,9.174,9.084,9.133,118234.23999999999
1777564800,2026-04-30T16:00:00+00:00,9.132,9.149,9.088,9.128,82239.59
1777579200,2026-04-30T20:00:00+00:00,9.128,9.143,9.079,9.103,71274.64
1777593600,2026-05-01T00:00:00+00:00,9.103,9.203,9.099,9.165,106705.43
1777608000,2026-05-01T04:00:00+00:00,9.165,9.182,9.128,9.145,65498.979999999996
1777622400,2026-05-01T08:00:00+00:00,9.15,9.188,9.117,9.148,61241.630000000005
1777636800,2026-05-01T12:00:00+00:00,9.145,9.277,9.14,9.229,215453.15000000002
1777651200,2026-05-01T16:00:00+00:00,9.229,9.253,9.166,9.174,126717.67
1777665600,2026-05-01T20:00:00+00:00,9.175,9.178,9.067,9.1,132887.81
1777680000,2026-05-02T00:00:00+00:00,9.101,9.136,9.084,9.118,70805.46
1777694400,2026-05-02T04:00:00+00:00,9.117,9.118,9.068,9.084,38264.33
1777708800,2026-05-02T08:00:00+00:00,9.083,9.102,9.072,9.076,29337.62
1777723200,2026-05-02T12:00:00+00:00,9.076,9.2,9.071,9.161,129375.54999999999
1777737600,2026-05-02T16:00:00+00:00,9.163,9.179,9.116,9.163,53876.6
1777752000,2026-05-02T20:00:00+00:00,9.165,9.256,9.159,9.178,94104.32
1777766400,2026-05-03T00:00:00+00:00,9.18,9.182,9.078,9.093,59085.09
1777780800,2026-05-03T04:00:00+00:00,9.092,9.132,9.069,9.116,42577.36
1777795200,2026-05-03T08:00:00+00:00,9.116,9.198,9.107,9.181,43044.32
1777809600,2026-05-03T12:00:00+00:00,9.182,9.209,9.121,9.155,144616.58000000002
1777824000,2026-05-03T16:00:00+00:00,9.156,9.175,9.134,9.156,44318.490000000005
1777838400,2026-05-03T20:00:00+00:00,9.159,9.224,9.111,9.131,166216.78
1777852800,2026-05-04T00:00:00+00:00,9.128,9.354,9.09,9.346,286509.85
1777867200,2026-05-04T04:00:00+00:00,9.347,9.399,9.257,9.317,170355.02
1777881600,2026-05-04T08:00:00+00:00,9.316,9.652,9.287,9.426,731719.0499999999
1777896000,2026-05-04T12:00:00+00:00,9.426,9.545,9.353,9.418,382923.88
1777910400,2026-05-04T16:00:00+00:00,9.417,9.51,9.348,9.389,312134.54
1777924800,2026-05-04T20:00:00+00:00,9.391,9.42,9.316,9.358,170780.36
1777939200,2026-05-05T00:00:00+00:00,9.358,9.548,9.356,9.513,183651.38
1777953600,2026-05-05T04:00:00+00:00,9.512,9.631,9.498,9.603,149257.73
1777968000,2026-05-05T08:00:00+00:00,9.604,9.739,9.512,9.736,289746.49
1777982400,2026-05-05T12:00:00+00:00,9.735,9.815,9.639,9.724,427718.44999999995
1777996800,2026-05-05T16:00:00+00:00,9.726,9.744,9.668,9.735,186546.0
1778011200,2026-05-05T20:00:00+00:00,9.732,9.849,9.728,9.764,279568.43000000005
1778025600,2026-05-06T00:00:00+00:00,9.765,9.869,9.756,9.858,246447.99999999997
1778040000,2026-05-06T04:00:00+00:00,9.858,9.912,9.783,9.871,183015.86
1778054400,2026-05-06T08:00:00+00:00,9.869,10.249,9.862,10.18,520661.12
1778068800,2026-05-06T12:00:00+00:00,10.182,10.207,9.876,10.034,492084.55
1778083200,2026-05-06T16:00:00+00:00,10.033,10.079,9.945,10.016,298677.33999999997
1778097600,2026-05-06T20:00:00+00:00,10.019,10.058,9.938,9.998,202288.12000000002
1778112000,2026-05-07T00:00:00+00:00,9.997,10.011,9.848,9.869,168926.63
1778126400,2026-05-07T04:00:00+00:00,9.867,10.128,9.859,10.116,135427.96
1778140800,2026-05-07T08:00:00+00:00,10.118,10.12,9.955,10.022,143264.96999999997
1778155200,2026-05-07T12:00:00+00:00,10.021,10.076,9.807,9.865,371476.85
1778169600,2026-05-07T16:00:00+00:00,9.863,9.948,9.8,9.891,267754.24
1778184000,2026-05-07T20:00:00+00:00,9.895,9.949,9.808,9.849,305363.61
1778227200,2026-05-08T08:00:00+00:00,9.888,9.947,9.836,9.937,98272.31
1778241600,2026-05-08T12:00:00+00:00,9.94,10.092,9.884,10.087,238628.76
1778256000,2026-05-08T16:00:00+00:00,10.089,10.488,10.027,10.365,537322.98
1778270400,2026-05-08T20:00:00+00:00,10.365,10.394,10.273,10.345,275794.58
1778284800,2026-05-09T00:00:00+00:00,10.342,10.604,10.313,10.546,425346.16000000003
1778299200,2026-05-09T04:00:00+00:00,10.545,10.608,10.452,10.463,166610.5
1778313600,2026-05-09T08:00:00+00:00,10.462,10.507,10.396,10.462,328926.52
1778328000,2026-05-09T12:00:00+00:00,10.46,10.483,10.282,10.335,275676.87
1778342400,2026-05-09T16:00:00+00:00,10.335,10.455,10.306,10.443,183508.03
1778356800,2026-05-09T20:00:00+00:00,10.444,10.447,10.354,10.373,108206.37
1778371200,2026-05-10T00:00:00+00:00,10.372,10.397,10.282,10.346,132287.74000000002
1778385600,2026-05-10T04:00:00+00:00,10.347,10.454,10.335,10.416,61138.490000000005
1778400000,2026-05-10T08:00:00+00:00,10.415,10.547,10.412,10.481,129035.91
1778414400,2026-05-10T12:00:00+00:00,10.478,10.622,10.444,10.618,198340.39
1778428800,2026-05-10T16:00:00+00:00,10.619,10.864,10.59,10.835,414702.42
1778443200,2026-05-10T20:00:00+00:00,10.836,10.867,10.435,10.716,642829.9199999999
1778457600,2026-05-11T00:00:00+00:00,10.72,10.755,10.433,10.524,488434.28
1778472000,2026-05-11T04:00:00+00:00,10.523,10.61,10.462,10.522,272461.18
1778486400,2026-05-11T08:00:00+00:00,10.522,10.644,10.509,10.572,182028.39
1778500800,2026-05-11T12:00:00+00:00,10.573,10.599,10.401,10.576,338772.21
1778515200,2026-05-11T16:00:00+00:00,10.577,10.686,10.535,10.681,402261.68
1778529600,2026-05-11T20:00:00+00:00,10.68,10.704,10.54,10.585,231315.55
1778544000,2026-05-12T00:00:00+00:00,10.585,10.59,10.411,10.461,190561.91
1778558400,2026-05-12T04:00:00+00:00,10.458,10.521,10.379,10.433,129124.32999999999
1778572800,2026-05-12T08:00:00+00:00,10.432,10.448,10.228,10.262,202190.79
1778587200,2026-05-12T12:00:00+00:00,10.258,10.351,10.1,10.155,789284.5899999999
1778601600,2026-05-12T16:00:00+00:00,10.153,10.325,10.121,10.319,279038.41
1778616000,2026-05-12T20:00:00+00:00,10.318,10.354,10.28,10.285,210643.26
1778630400,2026-05-13T00:00:00+00:00,10.283,10.48,10.265,10.466,377816.56
1778644800,2026-05-13T04:00:00+00:00,10.467,10.578,10.392,10.573,261242.22999999998
1778659200,2026-05-13T08:00:00+00:00,10.574,10.8,10.465,10.484,350331.91
1778673600,2026-05-13T12:00:00+00:00,10.482,10.512,10.035,10.064,641191.0599999999
1778688000,2026-05-13T16:00:00+00:00,10.063,10.246,10.06,10.168,241625.28999999998
1778702400,2026-05-13T20:00:00+00:00,10.168,10.228,10.116,10.21,243193.03999999998
1778716800,2026-05-14T00:00:00+00:00,10.212,10.27,10.089,10.108,409261.69999999995
1778731200,2026-05-14T04:00:00+00:00,10.109,10.322,10.09,10.222,316641.71
1778745600,2026-05-14T08:00:00+00:00,10.223,10.289,10.181,10.235,132866.91
1778760000,2026-05-14T12:00:00+00:00,10.234,10.658,10.205,10.636,699730.16
1778774400,2026-05-14T16:00:00+00:00,10.627,10.768,10.566,10.629,756988.4099999999
1778788800,2026-05-14T20:00:00+00:00,10.63,10.65,10.461,10.48,186707.0
1778803200,2026-05-15T00:00:00+00:00,10.481,10.559,10.352,10.415,183521.87000000002
1778817600,2026-05-15T04:00:00+00:00,10.414,10.417,10.209,10.371,186279.66
1778832000,2026-05-15T08:00:00+00:00,10.376,10.376,10.246,10.303,314869.17000000004
1778846400,2026-05-15T12:00:00+00:00,10.301,10.312,9.962,10.023,622169.59
1778860800,2026-05-15T16:00:00+00:00,10.023,10.135,10,10.06,321368.41000000003
1778875200,2026-05-15T20:00:00+00:00,10.059,10.082,10.018,10.065,151769.21
1778889600,2026-05-16T00:00:00+00:00,10.066,10.093,10.037,10.061,102103.51000000001
1778904000,2026-05-16T04:00:00+00:00,10.06,10.063,9.727,9.818,312952.29000000004
1778918400,2026-05-16T08:00:00+00:00,9.819,9.834,9.614,9.65,298304.95
1778932800,2026-05-16T12:00:00+00:00,9.648,9.714,9.62,9.706,181818.21000000002
1778947200,2026-05-16T16:00:00+00:00,9.705,9.775,9.699,9.751,149207.03000000003
1778961600,2026-05-16T20:00:00+00:00,9.752,9.774,9.704,9.713,89857.82999999999
1778976000,2026-05-17T00:00:00+00:00,9.714,9.73,9.627,9.721,109356.12999999999
1778990400,2026-05-17T04:00:00+00:00,9.719,9.821,9.716,9.775,143442.55000000002
1779004800,2026-05-17T08:00:00+00:00,9.776,9.847,9.74,9.791,218707.66999999998
1779019200,2026-05-17T12:00:00+00:00,9.793,9.839,9.653,9.712,387970.25
1779033600,2026-05-17T16:00:00+00:00,9.711,9.764,9.646,9.749,275241.76
1779048000,2026-05-17T20:00:00+00:00,9.75,9.773,9.337,9.559,441014.23000000004
1779062400,2026-05-18T00:00:00+00:00,9.56,9.576,9.449,9.506,273292.13
1779076800,2026-05-18T04:00:00+00:00,9.506,9.569,9.417,9.468,282059.26
1779091200,2026-05-18T08:00:00+00:00,9.47,9.561,9.395,9.512,239699.15999999997
1779105600,2026-05-18T12:00:00+00:00,9.513,9.603,9.34,9.418,966070.93
1779120000,2026-05-18T16:00:00+00:00,9.417,9.526,9.304,9.504,729898.97
1779134400,2026-05-18T20:00:00+00:00,9.505,9.612,9.466,9.602,358664.97
1779148800,2026-05-19T00:00:00+00:00,9.603,9.725,9.576,9.693,584950.74
1779163200,2026-05-19T04:00:00+00:00,9.693,9.82,9.657,9.79,270233.61
1779177600,2026-05-19T08:00:00+00:00,9.789,9.789,9.526,9.537,466733.20999999996
1779192000,2026-05-19T12:00:00+00:00,9.536,9.613,9.428,9.481,567650.54
1779206400,2026-05-19T16:00:00+00:00,9.482,9.557,9.446,9.461,491893.61000000004
1779220800,2026-05-19T20:00:00+00:00,9.462,9.486,9.426,9.439,136712.39
1779235200,2026-05-20T00:00:00+00:00,9.438,9.503,9.37,9.485,383377.64
1779249600,2026-05-20T04:00:00+00:00,9.486,9.622,9.454,9.569,249692.2
1779264000,2026-05-20T08:00:00+00:00,9.566,9.628,9.522,9.537,115339.64
1779278400,2026-05-20T12:00:00+00:00,9.536,9.646,9.473,9.621,324352.94
1779292800,2026-05-20T16:00:00+00:00,9.621,9.688,9.554,9.646,346838.24000000005
1779307200,2026-05-20T20:00:00+00:00,9.647,9.66,9.558,9.626,160855.25000000003
1779321600,2026-05-21T00:00:00+00:00,9.626,9.76,9.62,9.754,200721.45
1779336000,2026-05-21T04:00:00+00:00,9.755,9.769,9.614,9.683,111943.65000000002
1779350400,2026-05-21T08:00:00+00:00,9.686,9.75,9.51,9.54,171768.95
1779364800,2026-05-21T12:00:00+00:00,9.541,9.676,9.512,9.637,211440.56
1779379200,2026-05-21T16:00:00+00:00,9.64,9.844,9.602,9.79,390746.34
1779393600,2026-05-21T20:00:00+00:00,9.792,9.805,9.689,9.747,175709.05
1779408000,2026-05-22T00:00:00+00:00,9.745,9.826,9.701,9.82,125503.07999999999
1779422400,2026-05-22T04:00:00+00:00,9.82,9.855,9.744,9.81,136617.61
1779436800,2026-05-22T08:00:00+00:00,9.809,9.884,9.754,9.881,103751.11
1779451200,2026-05-22T12:00:00+00:00,9.88,10.023,9.727,9.8,500687.29000000004
1779465600,2026-05-22T16:00:00+00:00,9.8,9.846,9.363,9.453,584532.35
1779480000,2026-05-22T20:00:00+00:00,9.458,9.561,9.355,9.408,213212.29
1779494400,2026-05-23T00:00:00+00:00,9.409,9.429,9.332,9.396,232524.83000000002
1779508800,2026-05-23T04:00:00+00:00,9.396,9.4,9.057,9.117,321992.58
1779523200,2026-05-23T08:00:00+00:00,9.115,9.21,9.088,9.177,119441.81000000001
1779537600,2026-05-23T12:00:00+00:00,9.176,9.354,9.153,9.307,215179.63
1779552000,2026-05-23T16:00:00+00:00,9.308,9.416,9.276,9.394,147882.26
1779566400,2026-05-23T20:00:00+00:00,9.395,9.768,9.378,9.554,531163.4700000001
1779580800,2026-05-24T00:00:00+00:00,9.556,9.61,9.515,9.528,172057.97
1779595200,2026-05-24T04:00:00+00:00,9.529,9.62,9.485,9.549,210134.03
1779609600,2026-05-24T08:00:00+00:00,9.55,9.639,9.531,9.584,102588.6
1779624000,2026-05-24T12:00:00+00:00,9.584,9.585,9.34,9.419,235168.92
1779638400,2026-05-24T16:00:00+00:00,9.418,9.475,9.398,9.425,120824.29000000001
1779652800,2026-05-24T20:00:00+00:00,9.423,9.449,9.24,9.427,201978.03
1779667200,2026-05-25T00:00:00+00:00,9.425,9.485,9.355,9.382,115846.05
1779681600,2026-05-25T04:00:00+00:00,9.38,9.534,9.373,9.511,111783.91
1779696000,2026-05-25T08:00:00+00:00,9.511,9.598,9.485,9.526,129149.35
1779710400,2026-05-25T12:00:00+00:00,9.526,9.65,9.51,9.593,173381.84999999998
1779724800,2026-05-25T16:00:00+00:00,9.593,9.662,9.519,9.544,92323.95000000001
1779739200,2026-05-25T20:00:00+00:00,9.543,9.562,9.44,9.497,79915.07
1779753600,2026-05-26T00:00:00+00:00,9.496,9.498,9.349,9.405,115945.71
1779768000,2026-05-26T04:00:00+00:00,9.406,9.552,9.399,9.474,79556.29000000001
1779782400,2026-05-26T08:00:00+00:00,9.472,9.626,9.44,9.56,675534.04
1779796800,2026-05-26T12:00:00+00:00,9.561,9.671,9.394,9.462,347066.95
1779811200,2026-05-26T16:00:00+00:00,9.461,9.468,9.327,9.388,350016.62000000005
1779825600,2026-05-26T20:00:00+00:00,9.389,9.416,9.334,9.37,87906.70000000001
1779840000,2026-05-27T00:00:00+00:00,9.372,9.459,9.371,9.382,104716.48999999999
1779854400,2026-05-27T04:00:00+00:00,9.381,9.441,9.277,9.425,115159.94
1779868800,2026-05-27T08:00:00+00:00,9.424,9.434,9.321,9.347,91241.19
1779883200,2026-05-27T12:00:00+00:00,9.348,9.467,9.258,9.414,303170.7
1779897600,2026-05-27T16:00:00+00:00,9.415,9.439,9.206,9.302,241980.22999999998
1779912000,2026-05-27T20:00:00+00:00,9.304,9.335,9.097,9.119,338270.57999999996
1779926400,2026-05-28T00:00:00+00:00,9.119,9.139,8.871,8.876,392359.85
1779940800,2026-05-28T04:00:00+00:00,8.876,8.902,8.761,8.892,306027.93000000005
1779955200,2026-05-28T08:00:00+00:00,8.889,8.922,8.83,8.852,168527.34999999998
1779969600,2026-05-28T12:00:00+00:00,8.852,8.954,8.782,8.885,524354.13
1779984000,2026-05-28T16:00:00+00:00,8.884,9.076,8.851,8.981,486026.23000000004
1779998400,2026-05-28T20:00:00+00:00,8.982,9.056,8.954,8.992,282563.92
1780012800,2026-05-29T00:00:00+00:00,8.992,9.038,8.929,8.934,178752.29
1780027200,2026-05-29T04:00:00+00:00,8.933,9.028,8.895,8.988,436061.69
1780041600,2026-05-29T08:00:00+00:00,8.987,9.04,8.911,8.932,190596.13
1780056000,2026-05-29T12:00:00+00:00,8.93,9.125,8.785,9.056,661318.9299999999
1780070400,2026-05-29T16:00:00+00:00,9.058,9.12,8.913,8.987,372131.80000000005
1780084800,2026-05-29T20:00:00+00:00,8.989,9.033,8.935,9.008,327159.63
1780099200,2026-05-30T00:00:00+00:00,9.01,9.3,9.006,9.223,449783.6
1780113600,2026-05-30T04:00:00+00:00,9.231,9.264,9.079,9.149,273341.51
1780128000,2026-05-30T08:00:00+00:00,9.147,9.168,9.104,9.127,53313.99
1780142400,2026-05-30T12:00:00+00:00,9.128,9.227,9.117,9.19,98330.66999999998
1780156800,2026-05-30T16:00:00+00:00,9.19,9.254,9.177,9.25,96577.57999999999
1780171200,2026-05-30T20:00:00+00:00,9.251,9.274,9.148,9.177,149467.0
1780185600,2026-05-31T00:00:00+00:00,9.178,9.285,9.17,9.243,167165.21
1780200000,2026-05-31T04:00:00+00:00,9.242,9.25,9.162,9.194,97349.05000000002
1780214400,2026-05-31T08:00:00+00:00,9.194,9.262,9.151,9.215,59535.49
1780228800,2026-05-31T12:00:00+00:00,9.214,9.251,8.962,9.085,216291.68000000002
1780243200,2026-05-31T16:00:00+00:00,9.083,9.099,8.981,9.027,147311.56
1780257600,2026-05-31T20:00:00+00:00,9.029,9.206,9.029,9.137,177286.85
1780272000,2026-06-01T00:00:00+00:00,9.134,9.2,9.016,9.167,209219.03999999998
1780286400,2026-06-01T04:00:00+00:00,9.166,9.184,8.947,8.954,186924.71
1780300800,2026-06-01T08:00:00+00:00,8.957,9.04,8.921,8.99,76240.59999999999
1780315200,2026-06-01T12:00:00+00:00,8.992,9.025,8.835,8.9,398988.75
1780329600,2026-06-01T16:00:00+00:00,8.901,9.097,8.849,9.071,429199.42000000004
1780344000,2026-06-01T20:00:00+00:00,9.072,9.074,8.935,9.047,245833.58000000002
1780358400,2026-06-02T00:00:00+00:00,9.046,9.06,8.799,9.004,335936.48
1780372800,2026-06-02T04:00:00+00:00,9.008,9.017,8.776,8.834,144168.44
1780387200,2026-06-02T08:00:00+00:00,8.834,8.856,8.762,8.804,96095.13999999998
1780401600,2026-06-02T12:00:00+00:00,8.804,8.864,8.47,8.556,608408.88
1780416000,2026-06-02T16:00:00+00:00,8.555,8.728,8.371,8.51,382380.42
1780430400,2026-06-02T20:00:00+00:00,8.509,8.577,8.235,8.362,427480.56000000006
1780444800,2026-06-03T00:00:00+00:00,8.364,8.426,8.16,8.217,527012.4
1780459200,2026-06-03T04:00:00+00:00,8.217,8.558,8.215,8.535,306916.64
1780473600,2026-06-03T08:00:00+00:00,8.535,8.605,8.456,8.524,126296.05000000002
1780488000,2026-06-03T12:00:00+00:00,8.525,8.549,8.362,8.365,307794.14
1780502400,2026-06-03T16:00:00+00:00,8.367,8.38,8.178,8.198,403513.24
1780516800,2026-06-03T20:00:00+00:00,8.196,8.459,8.099,8.323,516806.86
1780531200,2026-06-04T00:00:00+00:00,8.322,8.387,7.798,8.285,1042120.1799999999
1780545600,2026-06-04T04:00:00+00:00,8.285,8.323,8.056,8.06,194352.6
1780560000,2026-06-04T08:00:00+00:00,8.059,8.085,7.8,7.933,636335.23
1780574400,2026-06-04T12:00:00+00:00,7.933,8.124,7.897,8.038,333992.18
1780588800,2026-06-04T16:00:00+00:00,8.037,8.123,7.953,8.049,487713.70000000007
1780603200,2026-06-04T20:00:00+00:00,8.049,8.067,7.88,8.008,429099.11
1780617600,2026-06-05T00:00:00+00:00,8.006,8.032,7.755,7.78,380869.05000000005
1780632000,2026-06-05T04:00:00+00:00,7.781,7.887,7.336,7.62,834855.65
1780646400,2026-06-05T08:00:00+00:00,7.623,7.673,7.496,7.555,464787.47000000003
1780660800,2026-06-05T12:00:00+00:00,7.554,7.652,7.237,7.287,1060066.06
1780675200,2026-06-05T16:00:00+00:00,7.286,7.508,7.114,7.3,989828.9500000001
1780689600,2026-06-05T20:00:00+00:00,7.3,7.542,7.213,7.363,610543.0599999999
1780704000,2026-06-06T00:00:00+00:00,7.362,7.453,7.248,7.274,258903.65000000002
1780718400,2026-06-06T04:00:00+00:00,7.273,7.399,7.001,7.392,450431.49999999994
1780732800,2026-06-06T08:00:00+00:00,7.393,7.464,7.196,7.315,256731.74999999997
1780747200,2026-06-06T12:00:00+00:00,7.316,7.434,7.275,7.379,249930.86
1780761600,2026-06-06T16:00:00+00:00,7.378,7.414,7.291,7.298,221552.52000000002
1780776000,2026-06-06T20:00:00+00:00,7.298,7.404,7.283,7.391,171878.39
1780790400,2026-06-07T00:00:00+00:00,7.392,7.601,7.369,7.579,198961.86
1780804800,2026-06-07T04:00:00+00:00,7.577,7.721,7.528,7.708,190467.69
1780819200,2026-06-07T08:00:00+00:00,7.709,7.844,7.667,7.76,179633.80999999997
1780833600,2026-06-07T12:00:00+00:00,7.76,7.792,7.614,7.724,257508.28999999998
1780848000,2026-06-07T16:00:00+00:00,7.724,7.774,7.551,7.574,171605.24000000002
1780862400,2026-06-07T20:00:00+00:00,7.573,8.028,7.57,7.912,544839.4
1780876800,2026-06-08T00:00:00+00:00,7.911,8.015,7.818,7.85,242334.59
1780891200,2026-06-08T04:00:00+00:00,7.851,7.927,7.715,7.901,187304.61000000002
1780905600,2026-06-08T08:00:00+00:00,7.901,7.998,7.838,7.961,216516.66999999998
1780920000,2026-06-08T12:00:00+00:00,7.96,8.108,7.875,8.023,338263.74
1780934400,2026-06-08T16:00:00+00:00,8.024,8.075,7.961,8.062,193895.58000000002
1780948800,2026-06-08T20:00:00+00:00,8.063,8.125,7.971,7.994,264492.73
1780963200,2026-06-09T00:00:00+00:00,7.992,8.011,7.795,7.879,161038.47
1780977600,2026-06-09T04:00:00+00:00,7.878,8.022,7.849,7.928,136895.38
1780992000,2026-06-09T08:00:00+00:00,7.93,7.932,7.834,7.881,115484.56
1781006400,2026-06-09T12:00:00+00:00,7.88,7.95,7.708,7.716,293384.83
1781020800,2026-06-09T16:00:00+00:00,7.715,7.891,7.643,7.869,292743.26999999996
1781035200,2026-06-09T20:00:00+00:00,7.869,7.924,7.797,7.841,115912.57
1781049600,2026-06-10T00:00:00+00:00,7.84,7.87,7.712,7.744,79022.48999999999
1781064000,2026-06-10T04:00:00+00:00,7.746,7.801,7.653,7.773,59907.08
1781078400,2026-06-10T08:00:00+00:00,7.775,7.775,7.607,7.639,180609.89
1781092800,2026-06-10T12:00:00+00:00,7.638,7.893,7.621,7.802,273500.45
1781107200,2026-06-10T16:00:00+00:00,7.798,7.816,7.592,7.611,174769.65
1781121600,2026-06-10T20:00:00+00:00,7.61,7.629,7.478,7.554,232433.2
1781136000,2026-06-11T00:00:00+00:00,7.555,7.82,7.555,7.793,139154.13999999998
1781150400,2026-06-11T04:00:00+00:00,7.793,7.81,7.736,7.76,68383.03
1781164800,2026-06-11T08:00:00+00:00,7.761,7.871,7.761,7.85,74365.0
1781179200,2026-06-11T12:00:00+00:00,7.851,7.851,7.706,7.749,156145.89
1781193600,2026-06-11T16:00:00+00:00,7.75,7.976,7.677,7.935,357652.54
1781208000,2026-06-11T20:00:00+00:00,7.937,8,7.865,7.879,157291.96
1781222400,2026-06-12T00:00:00+00:00,7.88,7.924,7.843,7.894,102931.09000000001
1781236800,2026-06-12T04:00:00+00:00,7.895,7.924,7.745,7.805,67161.68
1781251200,2026-06-12T08:00:00+00:00,7.806,7.932,7.806,7.888,65803.52
1781265600,2026-06-12T12:00:00+00:00,7.888,8.002,7.774,7.811,202726.94
1781280000,2026-06-12T16:00:00+00:00,7.811,7.916,7.796,7.838,112104.78
1781294400,2026-06-12T20:00:00+00:00,7.837,7.872,7.814,7.864,55425.090000000004
1781308800,2026-06-13T00:00:00+00:00,7.864,7.946,7.856,7.889,68342.45999999999
1781323200,2026-06-13T04:00:00+00:00,7.889,7.964,7.854,7.958,47764.61
1781337600,2026-06-13T08:00:00+00:00,7.954,7.987,7.941,7.985,35667.5
1781352000,2026-06-13T12:00:00+00:00,7.984,8.037,7.971,8.021,66844.73000000001
1781366400,2026-06-13T16:00:00+00:00,8.023,8.024,7.944,7.989,113566.71000000002
1781380800,2026-06-13T20:00:00+00:00,7.988,8.046,7.952,7.982,51657.11
1781395200,2026-06-14T00:00:00+00:00,7.983,8.004,7.95,7.961,35584.659999999996
1781409600,2026-06-14T04:00:00+00:00,7.961,7.963,7.882,7.902,39250.63
1781424000,2026-06-14T08:00:00+00:00,7.902,7.945,7.878,7.923,25608.32
1781438400,2026-06-14T12:00:00+00:00,7.924,7.927,7.789,7.837,45192.24
1781452800,2026-06-14T16:00:00+00:00,7.836,7.871,7.784,7.82,41661.0
1781467200,2026-06-14T20:00:00+00:00,7.818,8.18,7.801,8.18,186733.32
1781481600,2026-06-15T00:00:00+00:00,8.18,8.213,8.101,8.192,129760.78
1781496000,2026-06-15T04:00:00+00:00,8.19,8.223,8.147,8.178,69766.01000000001
1781510400,2026-06-15T08:00:00+00:00,8.177,8.442,8.16,8.3,259068.41999999998
1781524800,2026-06-15T12:00:00+00:00,8.304,8.589,8.275,8.555,366481.38
1781539200,2026-06-15T16:00:00+00:00,8.553,8.581,8.371,8.404,202843.07
1781553600,2026-06-15T20:00:00+00:00,8.404,8.419,8.244,8.295,150012.55
1781568000,2026-06-16T00:00:00+00:00,8.293,8.332,8.146,8.246,110160.92
1781582400,2026-06-16T04:00:00+00:00,8.247,8.288,8.176,8.278,61378.259999999995
1781596800,2026-06-16T08:00:00+00:00,8.276,8.423,8.276,8.326,63900.22
1781611200,2026-06-16T12:00:00+00:00,8.327,8.471,8.01,8.19,308965.33
1781625600,2026-06-16T16:00:00+00:00,8.19,8.32,8.157,8.25,90249.95999999999
1781640000,2026-06-16T20:00:00+00:00,8.249,8.342,8.235,8.278,84563.48000000001
1781654400,2026-06-17T00:00:00+00:00,8.279,8.407,8.248,8.344,53800.77999999999
1781668800,2026-06-17T04:00:00+00:00,8.346,8.388,8.258,8.286,59175.39
1781683200,2026-06-17T08:00:00+00:00,8.282,8.286,8.106,8.149,82740.53
1781697600,2026-06-17T12:00:00+00:00,8.148,8.292,8.077,8.288,79276.93000000001
1781712000,2026-06-17T16:00:00+00:00,8.288,8.363,7.994,8.03,277896.79
1781726400,2026-06-17T20:00:00+00:00,8.028,8.099,7.931,8.083,154358.37
1781740800,2026-06-18T00:00:00+00:00,8.085,8.13,8.009,8.023,68861.83
1781755200,2026-06-18T04:00:00+00:00,8.023,8.036,7.886,8.022,83134.57
1781769600,2026-06-18T08:00:00+00:00,8.021,8.057,7.963,7.982,251316.41
1781784000,2026-06-18T12:00:00+00:00,7.982,8.118,7.764,7.782,222636.12
1781798400,2026-06-18T16:00:00+00:00,7.778,7.929,7.774,7.909,137641.74
1781812800,2026-06-18T20:00:00+00:00,7.909,8.008,7.909,8.005,222223.72
1781827200,2026-06-19T00:00:00+00:00,8.006,8.031,7.817,7.873,150355.23
1781841600,2026-06-19T04:00:00+00:00,7.872,7.91,7.805,7.839,59906.85
1781856000,2026-06-19T08:00:00+00:00,7.84,7.87,7.796,7.807,48044.759999999995
1781870400,2026-06-19T12:00:00+00:00,7.808,7.944,7.763,7.893,91359.35
1781884800,2026-06-19T16:00:00+00:00,7.898,7.93,7.843,7.874,86477.34
1781899200,2026-06-19T20:00:00+00:00,7.875,7.958,7.844,7.941,142816.07
1781913600,2026-06-20T00:00:00+00:00,7.941,7.952,7.859,7.885,139808.66
1781928000,2026-06-20T04:00:00+00:00,7.887,8.004,7.874,7.954,84953.25
1781942400,2026-06-20T08:00:00+00:00,7.954,7.975,7.92,7.93,26568.57
1781956800,2026-06-20T12:00:00+00:00,7.93,8.001,7.821,7.958,172872.11
1781971200,2026-06-20T16:00:00+00:00,7.959,7.959,7.857,7.891,103074.75
1781985600,2026-06-20T20:00:00+00:00,7.891,8.005,7.882,7.98,74139.78
1782000000,2026-06-21T00:00:00+00:00,7.982,7.984,7.929,7.962,34771.47
1782014400,2026-06-21T04:00:00+00:00,7.963,7.975,7.909,7.939,17686.41
1782028800,2026-06-21T08:00:00+00:00,7.939,8,7.888,7.928,44616.49
1782043200,2026-06-21T12:00:00+00:00,7.926,7.982,7.891,7.975,72232.12
1782057600,2026-06-21T16:00:00+00:00,7.977,7.98,7.898,7.945,24973.2
1782072000,2026-06-21T20:00:00+00:00,7.944,7.949,7.759,7.773,127590.39000000001
1782086400,2026-06-22T00:00:00+00:00,7.774,8.008,7.772,7.857,111156.91
1782100800,2026-06-22T04:00:00+00:00,7.857,7.981,7.847,7.954,57784.130000000005
1782115200,2026-06-22T08:00:00+00:00,7.955,8.085,7.939,8.076,73345.33
1782129600,2026-06-22T12:00:00+00:00,8.078,8.144,7.965,7.973,235498.74
1782144000,2026-06-22T16:00:00+00:00,7.976,7.987,7.878,7.904,116916.73000000001
1782158400,2026-06-22T20:00:00+00:00,7.906,7.93,7.812,7.865,60153.83
1782172800,2026-06-23T00:00:00+00:00,7.864,7.907,7.818,7.894,36813.41
1782187200,2026-06-23T04:00:00+00:00,7.895,7.897,7.627,7.651,93711.44
1782201600,2026-06-23T08:00:00+00:00,7.654,7.66,7.474,7.607,152790.09
1782216000,2026-06-23T12:00:00+00:00,7.606,7.681,7.536,7.614,266372.68000000005
1782230400,2026-06-23T16:00:00+00:00,7.614,7.659,7.533,7.569,187234.87999999998
1782244800,2026-06-23T20:00:00+00:00,7.569,7.636,7.565,7.624,142891.55
1782259200,2026-06-24T00:00:00+00:00,7.623,7.654,7.543,7.577,105214.14
1782273600,2026-06-24T04:00:00+00:00,7.576,7.66,7.522,7.597,39073.04
1782288000,2026-06-24T08:00:00+00:00,7.597,7.686,7.527,7.623,60764.25
1782302400,2026-06-24T12:00:00+00:00,7.622,7.631,7.354,7.357,269622.39999999997
1782316800,2026-06-24T16:00:00+00:00,7.357,7.443,7.115,7.232,428261.13
1782331200,2026-06-24T20:00:00+00:00,7.233,7.468,7.222,7.416,186289.63
1782345600,2026-06-25T00:00:00+00:00,7.415,7.433,7.372,7.395,87456.46
1782360000,2026-06-25T04:00:00+00:00,7.396,7.538,7.372,7.522,69906.48
1782374400,2026-06-25T08:00:00+00:00,7.523,7.525,7.414,7.432,32813.23
1782388800,2026-06-25T12:00:00+00:00,7.433,7.492,7.001,7.205,517354.80000000005
1782403200,2026-06-25T16:00:00+00:00,7.204,7.274,7.128,7.168,205405.94000000003
1782417600,2026-06-25T20:00:00+00:00,7.169,7.288,7.168,7.235,105185.27
1782432000,2026-06-26T00:00:00+00:00,7.236,7.253,7.006,7.194,258284.56
1782446400,2026-06-26T04:00:00+00:00,7.194,7.33,7.147,7.317,102175.73
1782460800,2026-06-26T08:00:00+00:00,7.319,7.325,7.114,7.139,72045.05
1782475200,2026-06-26T12:00:00+00:00,7.136,7.348,7.047,7.326,442878.62
1782489600,2026-06-26T16:00:00+00:00,7.328,7.387,7.27,7.321,222046.43
1782504000,2026-06-26T20:00:00+00:00,7.32,7.379,7.279,7.343,88805.34
1782518400,2026-06-27T00:00:00+00:00,7.342,7.404,7.313,7.355,62430.649999999994
1782532800,2026-06-27T04:00:00+00:00,7.355,7.393,7.335,7.375,51296.240000000005
1782547200,2026-06-27T08:00:00+00:00,7.374,7.375,7.297,7.346,110333.24
1782561600,2026-06-27T12:00:00+00:00,7.346,7.464,7.33,7.445,43470.009999999995
1782576000,2026-06-27T16:00:00+00:00,7.444,7.456,7.295,7.313,78636.8
1782590400,2026-06-27T20:00:00+00:00,7.314,7.335,7.238,7.287,81152.04000000001
1782604800,2026-06-28T00:00:00+00:00,7.285,7.307,7.26,7.296,36390.909999999996
1782619200,2026-06-28T04:00:00+00:00,7.297,7.3,7.212,7.293,43305.76
1782633600,2026-06-28T08:00:00+00:00,7.292,7.346,7.221,7.279,58145.200000000004
1782648000,2026-06-28T12:00:00+00:00,7.279,7.321,7.227,7.304,66387.01000000001
1782662400,2026-06-28T16:00:00+00:00,7.303,7.309,7.188,7.217,143270.02
1782676800,2026-06-28T20:00:00+00:00,7.217,7.283,7.148,7.257,96451.29000000001
1782691200,2026-06-29T00:00:00+00:00,7.257,7.354,7.167,7.319,135826.14
1782705600,2026-06-29T04:00:00+00:00,7.319,7.339,7.209,7.311,97955.73000000001
1782720000,2026-06-29T08:00:00+00:00,7.311,7.352,7.267,7.297,157017.21000000002
1782734400,2026-06-29T12:00:00+00:00,7.294,7.398,7.189,7.316,254315.47
1782748800,2026-06-29T16:00:00+00:00,7.314,7.488,7.269,7.459,192985.33
1782763200,2026-06-29T20:00:00+00:00,7.462,7.465,7.361,7.37,70331.25
1782777600,2026-06-30T00:00:00+00:00,7.367,7.385,7.262,7.276,136011.72999999998
1782792000,2026-06-30T04:00:00+00:00,7.277,7.313,7.258,7.288,33097.2
1782806400,2026-06-30T08:00:00+00:00,7.287,7.294,7.234,7.248,70511.08
1782820800,2026-06-30T12:00:00+00:00,7.245,7.259,7.11,7.144,264900.48
1782835200,2026-06-30T16:00:00+00:00,7.144,7.22,7.112,7.2,110154.76000000001
1782849600,2026-06-30T20:00:00+00:00,7.199,7.203,7.141,7.189,50419.83
1782864000,2026-07-01T00:00:00+00:00,7.191,7.295,7.068,7.281,122710.24
1782878400,2026-07-01T04:00:00+00:00,7.28,7.324,7.169,7.195,76648.47
1782892800,2026-07-01T08:00:00+00:00,7.194,7.255,7.166,7.211,48255.159999999996
1782907200,2026-07-01T12:00:00+00:00,7.212,7.455,7.182,7.412,207746.99000000002
1782921600,2026-07-01T16:00:00+00:00,7.412,7.441,7.344,7.383,224651.64
1782936000,2026-07-01T20:00:00+00:00,7.383,7.529,7.341,7.352,235336.75
1782950400,2026-07-02T00:00:00+00:00,7.35,7.541,7.3,7.534,133825.06
1782964800,2026-07-02T04:00:00+00:00,7.531,7.531,7.419,7.444,36864.87
1782979200,2026-07-02T08:00:00+00:00,7.445,7.655,7.44,7.647,180675.24000000002
1782993600,2026-07-02T12:00:00+00:00,7.646,7.936,7.635,7.777,398353.64
1783008000,2026-07-02T16:00:00+00:00,7.778,7.811,7.716,7.737,138032.52000000002
1783022400,2026-07-02T20:00:00+00:00,7.738,7.752,7.687,7.74,105319.78
1783036800,2026-07-03T00:00:00+00:00,7.739,7.823,7.713,7.759,68649.38
1783051200,2026-07-03T04:00:00+00:00,7.76,7.799,7.719,7.761,54748.22
1783065600,2026-07-03T08:00:00+00:00,7.763,7.872,7.756,7.866,110465.79
1783080000,2026-07-03T12:00:00+00:00,7.865,7.887,7.802,7.84,129502.03
1783094400,2026-07-03T16:00:00+00:00,7.841,7.968,7.809,7.94,116536.92000000001
1783108800,2026-07-03T20:00:00+00:00,7.94,8.03,7.921,7.967,140838.16999999998
1783123200,2026-07-04T00:00:00+00:00,7.968,7.983,7.889,7.915,104749.91
1783137600,2026-07-04T04:00:00+00:00,7.915,7.973,7.888,7.918,53275.600000000006
1783152000,2026-07-04T08:00:00+00:00,7.919,7.937,7.873,7.906,19508.64
1783166400,2026-07-04T12:00:00+00:00,7.907,8.095,7.907,8.083,120399.74
1783180800,2026-07-04T16:00:00+00:00,8.083,8.173,8.05,8.069,198293.40000000002
1783195200,2026-07-04T20:00:00+00:00,8.068,8.083,7.968,8,68283.16
1783209600,2026-07-05T00:00:00+00:00,7.999,8.003,7.871,7.888,103232.29000000001
1783224000,2026-07-05T04:00:00+00:00,7.886,7.924,7.846,7.919,46959.560000000005
1783238400,2026-07-05T08:00:00+00:00,7.917,7.936,7.829,7.882,29292.77
1783252800,2026-07-05T12:00:00+00:00,7.881,8.001,7.867,7.96,35207.86
1783267200,2026-07-05T16:00:00+00:00,7.958,8.029,7.933,8.015,59493.84
1783281600,2026-07-05T20:00:00+00:00,8.013,8.144,7.97,8.054,132797.46
1783296000,2026-07-06T00:00:00+00:00,8.053,8.125,7.964,7.987,118828.96
1783310400,2026-07-06T04:00:00+00:00,7.985,7.998,7.9,7.943,74918.45
1783324800,2026-07-06T08:00:00+00:00,7.948,7.977,7.878,7.915,112077.79999999999
1783339200,2026-07-06T12:00:00+00:00,7.915,8.021,7.75,8.014,250043.03
1783353600,2026-07-06T16:00:00+00:00,8.015,8.078,7.978,7.996,120649.65000000001
1783368000,2026-07-06T20:00:00+00:00,7.998,8.161,7.968,8.019,189813.89999999997
1783382400,2026-07-07T00:00:00+00:00,8.02,8.064,7.87,7.879,93954.61
1783396800,2026-07-07T04:00:00+00:00,7.879,7.943,7.808,7.902,72671.83
1783411200,2026-07-07T08:00:00+00:00,7.904,7.954,7.879,7.922,78170.32
1783425600,2026-07-07T12:00:00+00:00,7.921,8.016,7.793,7.998,97750.96
1783440000,2026-07-07T16:00:00+00:00,7.994,8.041,7.855,7.922,165590.03
1783454400,2026-07-07T20:00:00+00:00,7.922,7.935,7.796,7.857,88379.04999999999
1783468800,2026-07-08T00:00:00+00:00,7.858,7.89,7.661,7.686,253822.09
1783483200,2026-07-08T04:00:00+00:00,7.685,7.723,7.644,7.693,45126.19
1783497600,2026-07-08T08:00:00+00:00,7.692,7.714,7.542,7.624,231690.15000000002
1783512000,2026-07-08T12:00:00+00:00,7.623,7.635,7.517,7.545,141887.36
1783526400,2026-07-08T16:00:00+00:00,7.546,7.656,7.538,7.639,94794.24
1783540800,2026-07-08T20:00:00+00:00,7.64,7.656,7.588,7.633,80047.6
1783555200,2026-07-09T00:00:00+00:00,7.634,7.7,7.566,7.618,123590.45999999999
1783569600,2026-07-09T04:00:00+00:00,7.616,7.775,7.609,7.719,112253.85999999999
1783584000,2026-07-09T08:00:00+00:00,7.718,7.765,7.7,7.728,47957.46
1783598400,2026-07-09T12:00:00+00:00,7.728,7.769,7.671,7.696,103066.49
1783612800,2026-07-09T16:00:00+00:00,7.697,7.807,7.668,7.767,131069.69
1783627200,2026-07-09T20:00:00+00:00,7.766,7.781,7.718,7.727,91803.47
1783641600,2026-07-10T00:00:00+00:00,7.729,7.93,7.704,7.899,214411.66
1783656000,2026-07-10T04:00:00+00:00,7.9,7.919,7.871,7.893,41045.20999999999
1783670400,2026-07-10T08:00:00+00:00,7.895,8.011,7.89,7.986,75741.85
1783684800,2026-07-10T12:00:00+00:00,7.987,8.012,7.849,7.918,214466.15
1783699200,2026-07-10T16:00:00+00:00,7.919,7.966,7.881,7.91,102467.5
1783713600,2026-07-10T20:00:00+00:00,7.91,7.964,7.89,7.964,59719.5
1783728000,2026-07-11T00:00:00+00:00,7.963,8,7.936,7.989,102788.32
1783742400,2026-07-11T04:00:00+00:00,7.992,8.013,7.965,7.985,53787.520000000004
1783756800,2026-07-11T08:00:00+00:00,7.987,8.008,7.965,7.997,30537.660000000003
1783771200,2026-07-11T12:00:00+00:00,7.997,8.083,7.99,8.055,159850.9
1783785600,2026-07-11T16:00:00+00:00,8.055,8.112,8.03,8.075,139404.11000000002
1783800000,2026-07-11T20:00:00+00:00,8.075,8.078,7.904,7.914,184590.09000000003
1783814400,2026-07-12T00:00:00+00:00,7.91,8.04,7.855,8.035,148146.41
1783828800,2026-07-12T04:00:00+00:00,8.036,8.046,7.926,7.97,71326.20999999999
1783843200,2026-07-12T08:00:00+00:00,7.97,8.033,7.969,8.026,29865.81
1783857600,2026-07-12T12:00:00+00:00,8.025,8.093,8.01,8.065,77588.31
1783872000,2026-07-12T16:00:00+00:00,8.066,8.081,8.017,8.074,41288.770000000004
1783886400,2026-07-12T20:00:00+00:00,8.074,8.098,7.939,7.992,75708.48000000001
1783900800,2026-07-13T00:00:00+00:00,7.99,8.13,7.864,7.907,154263.06
1783915200,2026-07-13T04:00:00+00:00,7.907,7.988,7.879,7.972,51352.649999999994
1783929600,2026-07-13T08:00:00+00:00,7.974,8.007,7.925,7.929,64984.229999999996
1783944000,2026-07-13T12:00:00+00:00,7.929,7.984,7.851,7.926,141669.6
1783958400,2026-07-13T16:00:00+00:00,7.925,7.947,7.788,7.896,143803.98
1783972800,2026-07-13T20:00:00+00:00,7.895,7.905,7.79,7.883,101871.0
1783987200,2026-07-14T00:00:00+00:00,7.881,7.951,7.854,7.91,66503.07
1784001600,2026-07-14T04:00:00+00:00,7.911,7.982,7.905,7.912,25216.33
1784016000,2026-07-14T08:00:00+00:00,7.912,7.987,7.888,7.981,59270.19
1784030400,2026-07-14T12:00:00+00:00,7.981,8.395,7.941,8.288,499350.88
1784044800,2026-07-14T16:00:00+00:00,8.292,8.308,8.196,8.285,179103.31
1784059200,2026-07-14T20:00:00+00:00,8.287,8.349,8.245,8.341,127164.88
1784073600,2026-07-15T00:00:00+00:00,8.342,8.357,8.263,8.316,71057.0
1784088000,2026-07-15T04:00:00+00:00,8.315,8.406,8.302,8.33,64124.060000000005
1784102400,2026-07-15T08:00:00+00:00,8.329,8.429,8.322,8.418,112580.25
1784116800,2026-07-15T12:00:00+00:00,8.418,8.627,8.395,8.551,494561.74
1784131200,2026-07-15T16:00:00+00:00,8.55,8.563,8.414,8.497,205555.03
1784145600,2026-07-15T20:00:00+00:00,8.498,8.574,8.484,8.534,140275.75
1784160000,2026-07-16T00:00:00+00:00,8.533,8.559,8.446,8.522,122360.67
1784174400,2026-07-16T04:00:00+00:00,8.522,8.561,8.456,8.511,108812.01
1784188800,2026-07-16T08:00:00+00:00,8.51,8.512,8.391,8.44,124885.71999999999
1784203200,2026-07-16T12:00:00+00:00,8.439,8.488,8.367,8.437,258980.28
1784217600,2026-07-16T16:00:00+00:00,8.438,8.446,8.349,8.4,192974.27000000002
1784232000,2026-07-16T20:00:00+00:00,8.399,8.453,8.304,8.335,103368.51999999999
1784246400,2026-07-17T00:00:00+00:00,8.334,8.361,8.249,8.27,83054.48999999999
1784260800,2026-07-17T04:00:00+00:00,8.269,8.298,8.146,8.161,57518.19
1784275200,2026-07-17T08:00:00+00:00,8.161,8.216,8.125,8.198,37467.06
1784289600,2026-07-17T12:00:00+00:00,8.196,8.198,7.995,8.16,269015.2
1784304000,2026-07-17T16:00:00+00:00,8.161,8.28,8.137,8.243,117542.45999999999
1784318400,2026-07-17T20:00:00+00:00,8.243,8.277,8.211,8.25,54467.119999999995
1784332800,2026-07-18T00:00:00+00:00,8.251,8.294,8.232,8.277,40347.12
1784347200,2026-07-18T04:00:00+00:00,8.278,8.28,8.231,8.244,23457.899999999998
1784361600,2026-07-18T08:00:00+00:00,8.243,8.289,8.206,8.28,27533.449999999997
1784376000,2026-07-18T12:00:00+00:00,8.28,8.334,8.247,8.27,81875.53
1784390400,2026-07-18T16:00:00+00:00,8.271,8.351,8.254,8.33,83548.55000000002
1784404800,2026-07-18T20:00:00+00:00,8.33,8.372,8.322,8.346,50769.21000000001
1784419200,2026-07-19T00:00:00+00:00,8.347,8.382,8.325,8.34,146553.66999999998
1784433600,2026-07-19T04:00:00+00:00,8.339,8.372,8.323,8.363,38466.25
1784448000,2026-07-19T08:00:00+00:00,8.363,8.379,8.314,8.352,50423.490000000005
1784462400,2026-07-19T12:00:00+00:00,8.351,8.383,8.317,8.354,81040.94
1784476800,2026-07-19T16:00:00+00:00,8.352,8.373,8.284,8.339,116299.40999999999
1784491200,2026-07-19T20:00:00+00:00,8.339,8.406,8.314,8.379,82162.51
1784505600,2026-07-20T00:00:00+00:00,8.378,8.528,8.359,8.451,121882.29
1784520000,2026-07-20T04:00:00+00:00,8.45,8.463,8.281,8.352,84159.63
1784534400,2026-07-20T08:00:00+00:00,8.351,8.51,8.295,8.5,156459.7
1784548800,2026-07-20T12:00:00+00:00,8.499,8.563,8.3,8.547,215943.6
1784563200,2026-07-20T16:00:00+00:00,8.548,8.638,8.501,8.55,252809.43
1784577600,2026-07-20T20:00:00+00:00,8.553,8.61,8.517,8.586,130862.45
1784592000,2026-07-21T00:00:00+00:00,8.585,8.645,8.563,8.633,376221.45
1784606400,2026-07-21T04:00:00+00:00,8.636,8.749,8.619,8.734,243472.62
1784620800,2026-07-21T08:00:00+00:00,8.733,8.751,8.679,8.698,106438.65000000001
1784635200,2026-07-21T12:00:00+00:00,8.699,8.734,8.645,8.685,213060.26
1784649600,2026-07-21T16:00:00+00:00,8.687,8.699,8.599,8.62,191110.58
1784664000,2026-07-21T20:00:00+00:00,8.622,8.655,8.599,8.652,118803.35
1784678400,2026-07-22T00:00:00+00:00,8.65,8.719,8.646,8.678,153267.21
1784692800,2026-07-22T04:00:00+00:00,8.677,8.741,8.57,8.579,230159.74
1784707200,2026-07-22T08:00:00+00:00,8.578,8.678,8.576,8.634,61006.31999999999
1784721600,2026-07-22T12:00:00+00:00,8.636,8.754,8.569,8.684,169019.22
1784736000,2026-07-22T16:00:00+00:00,8.685,8.731,8.586,8.641,517912.58999999997
1784750400,2026-07-22T20:00:00+00:00,8.641,8.664,8.586,8.629,249575.78999999998
1784764800,2026-07-23T00:00:00+00:00,8.629,8.68,8.583,8.585,87951.63
1784779200,2026-07-23T04:00:00+00:00,8.583,8.617,8.523,8.528,84843.17
1784793600,2026-07-23T08:00:00+00:00,8.527,8.657,8.521,8.636,65753.43
1784808000,2026-07-23T12:00:00+00:00,8.633,8.637,8.411,8.491,229747.36000000002
1784822400,2026-07-23T16:00:00+00:00,8.489,8.504,8.425,8.454,73743.79999999999
1784836800,2026-07-23T20:00:00+00:00,8.449,8.523,8.442,8.464,75936.57
1784851200,2026-07-24T00:00:00+00:00,8.463,8.466,8.387,8.448,55294.990000000005
1784865600,2026-07-24T04:00:00+00:00,8.449,8.574,8.414,8.554,56907.69
1784880000,2026-07-24T08:00:00+00:00,8.552,8.554,8.425,8.458,29342.46
1784894400,2026-07-24T12:00:00+00:00,8.457,8.481,8.284,8.362,182575.55
1784908800,2026-07-24T16:00:00+00:00,8.361,8.364,8.304,8.351,69999.91
1784923200,2026-07-24T20:00:00+00:00,8.352,8.359,8.29,8.334,60544.189999999995
1784937600,2026-07-25T00:00:00+00:00,8.333,8.355,8.308,8.334,100106.02
1784952000,2026-07-25T04:00:00+00:00,8.335,8.35,8.282,8.291,24254.81
1784966400,2026-07-25T08:00:00+00:00,8.29,8.31,8.258,8.309,29700.929999999997
1784980800,2026-07-25T12:00:00+00:00,8.308,8.394,8.303,8.378,124373.08
1784995200,2026-07-25T16:00:00+00:00,8.379,8.428,8.368,8.394,129547.8
1785009600,2026-07-25T20:00:00+00:00,8.395,8.396,8.353,8.376,81158.16999999998
1785024000,2026-07-26T00:00:00+00:00,8.373,8.421,8.37,8.419,74825.38
1785038400,2026-07-26T04:00:00+00:00,8.42,8.468,8.396,8.413,137031.76
1785052800,2026-07-26T08:00:00+00:00,8.412,8.435,8.399,8.427,23446.71
1785067200,2026-07-26T12:00:00+00:00,8.429,8.591,8.417,8.586,191641.66999999998
1785081600,2026-07-26T16:00:00+00:00,8.591,8.657,8.553,8.575,167962.59999999998
1785096000,2026-07-26T20:00:00+00:00,8.575,8.833,8.56,8.816,318566.93999999994
1785110400,2026-07-27T00:00:00+00:00,8.816,8.82,8.713,8.764,80393.15000000001
1785124800,2026-07-27T04:00:00+00:00,8.765,8.907,8.753,8.802,102354.78999999998
1785139200,2026-07-27T08:00:00+00:00,8.804,8.815,8.74,8.752,129566.58
1785153600,2026-07-27T12:00:00+00:00,8.753,8.812,8.527,8.565,293944.74000000005
1785168000,2026-07-27T16:00:00+00:00,8.566,8.652,8.547,8.626,223085.99000000002
1785182400,2026-07-27T20:00:00+00:00,8.627,8.637,8.341,8.377,494922.16000000003
1785196800,2026-07-28T00:00:00+00:00,8.375,8.378,8.275,8.324,108868.70999999999
1785211200,2026-07-28T04:00:00+00:00,8.326,8.372,8.296,8.306,53459.82
1785225600,2026-07-28T08:00:00+00:00,8.305,8.325,8.264,8.281,61427.93
1785240000,2026-07-28T12:00:00+00:00,8.281,8.383,8.186,8.371,645197.76
1785254400,2026-07-28T16:00:00+00:00,8.371,8.405,8.3,8.371,322996.9
1785268800,2026-07-28T20:00:00+00:00,8.371,8.441,8.35,8.436,214981.75
1785283200,2026-07-29T00:00:00+00:00,8.435,8.502,8.321,8.325,188193.51
1785297600,2026-07-29T04:00:00+00:00,8.327,8.431,8.282,8.43,183177.0
1785312000,2026-07-29T08:00:00+00:00,8.431,8.469,8.368,8.397,71742.39
1785326400,2026-07-29T12:00:00+00:00,8.398,8.398,8.237,8.265,317367.13
1785340800,2026-07-29T16:00:00+00:00,8.266,8.432,8.221,8.226,540775.26
1785355200,2026-07-29T20:00:00+00:00,8.228,8.329,8.16,8.326,288582.62
1785369600,2026-07-30T00:00:00+00:00,8.324,8.385,8.27,8.329,139366.57
1785384000,2026-07-30T04:00:00+00:00,8.328,8.33,8.252,8.278,75664.44
1785398400,2026-07-30T08:00:00+00:00,8.278,8.46,8.266,8.452,202462.84
1785412800,2026-07-30T12:00:00+00:00,8.453,8.52,8.409,8.473,326466.35000000003
1785427200,2026-07-30T16:00:00+00:00,8.473,8.509,8.445,8.483,84150.0
1785441600,2026-07-30T20:00:00+00:00,8.483,8.521,8.445,8.445,133673.16999999998
1785456000,2026-07-31T00:00:00+00:00,8.446,8.508,8.315,8.357,174894.11
1785470400,2026-07-31T04:00:00+00:00,8.356,8.378,8.241,8.286,110359.22
1785484800,2026-07-31T08:00:00+00:00,8.288,8.324,8.209,8.251,96043.14
1785499200,2026-07-31T12:00:00+00:00,8.25,8.269,8.02,8.104,397236.76
1785513600,2026-07-31T16:00:00+00:00,8.102,8.195,8.094,8.165,98961.36999999998
1785528000,2026-07-31T20:00:00+00:00,8.164,8.177,8.124,8.166,87161.12
1785542400,2026-08-01T00:00:00+00:00,8.165,8.24,8.165,8.202,51030.09
1785556800,2026-08-01T04:00:00+00:00,8.203,8.233,8.121,8.128,90076.42
1785571200,2026-08-01T08:00:00+00:00,8.13,8.132,8.075,8.081,23362.370000000003
1785585600,2026-08-01T12:00:00+00:00,8.082,8.11,8.077,8.096,77424.72
1785600000,2026-08-01T16:00:00+00:00,8.096,8.107,7.883,7.998,182172.62
1785614400,2026-08-01T20:00:00+00:00,7.997,8.079,7.988,8.063,101647.57999999999
1785628800,2026-08-02T00:00:00+00:00,8.063,8.299,8.048,8.293,186199.74
1785643200,2026-08-02T04:00:00+00:00,8.292,8.409,8.271,8.369,163253.81
1785657600,2026-08-02T08:00:00+00:00,8.37,8.382,8.257,8.273,52468.579999999994
1785672000,2026-08-02T12:00:00+00:00,8.274,8.303,8.259,8.267,45381.58
1785686400,2026-08-02T16:00:00+00:00,8.268,8.358,8.242,8.318,48999.4
1785700800,2026-08-02T20:00:00+00:00,8.32,8.439,8.312,8.374,136319.68
1785715200,2026-08-03T00:00:00+00:00,8.375,8.383,8.223,8.242,55071.28
1785729600,2026-08-03T04:00:00+00:00,8.241,8.273,8.205,8.207,26551.36
1785744000,2026-08-03T08:00:00+00:00,8.206,8.255,8.148,8.176,32805.33
1785758400,2026-08-03T12:00:00+00:00,8.178,8.307,8.154,8.238,181018.15
1785772800,2026-08-03T16:00:00+00:00,8.239,8.28,8.217,8.227,112074.76000000001
1785787200,2026-08-03T20:00:00+00:00,8.227,8.259,8.16,8.174,63220.39
1785801600,2026-08-04T00:00:00+00:00,8.174,8.226,8.108,8.187,75880.34000000001
1785816000,2026-08-04T04:00:00+00:00,8.189,8.255,8.118,8.169,98272.67000000001
1785830400,2026-08-04T08:00:00+00:00,8.17,8.214,8.118,8.208,73201.73000000001
1785844800,2026-08-04T12:00:00+00:00,8.207,8.257,8.134,8.189,141317.79
1785859200,2026-08-04T16:00:00+00:00,8.188,8.243,8.156,8.208,108251.20999999999
1785873600,2026-08-04T20:00:00+00:00,8.209,8.216,8.135,8.14,97097.81
1785888000,2026-08-05T00:00:00+00:00,8.142,8.191,8.087,8.118,101573.24
1785902400,2026-08-05T04:00:00+00:00,8.117,8.196,8.114,8.18,68941.11
1785916800,2026-08-05T08:00:00+00:00,8.181,8.197,8.137,8.143,30857.7
1785931200,2026-08-05T12:00:00+00:00,8.142,8.22,8.061,8.107,139462.33000000002
1785945600,2026-08-05T16:00:00+00:00,8.105,8.246,8.101,8.18,104049.81999999999
1785960000,2026-08-05T20:00:00+00:00,8.179,8.222,8.122,8.154,83252.3
1785974400,2026-08-06T00:00:00+00:00,8.154,8.19,8.091,8.107,55725.96000000001
1785988800,2026-08-06T04:00:00+00:00,8.106,8.219,8.098,8.182,45416.13
1786003200,2026-08-06T08:00:00+00:00,8.182,8.202,8.06,8.153,132921.21
1786017600,2026-08-06T12:00:00+00:00,8.153,8.265,8.094,8.217,106506.06
1786032000,2026-08-06T16:00:00+00:00,8.218,8.334,8.184,8.191,179029.17
1786046400,2026-08-06T20:00:00+00:00,8.193,8.23,8.154,8.188,72910.82
1786060800,2026-08-07T00:00:00+00:00,8.186,8.24,8.125,8.129,81533.35
1786075200,2026-08-07T04:00:00+00:00,8.127,8.204,8.1,8.183,58288.5
1786089600,2026-08-07T08:00:00+00:00,8.181,8.243,8.181,8.214,42937.94
1786104000,2026-08-07T12:00:00+00:00,8.212,8.305,8.212,8.273,222768.13999999998
1786118400,2026-08-07T16:00:00+00:00,8.273,8.31,8.158,8.21,165499.54
1786132800,2026-08-07T20:00:00+00:00,8.211,8.216,8.152,8.18,57336.02
1786147200,2026-08-08T00:00:00+00:00,8.18,8.267,8.161,8.262,137756.12
1786161600,2026-08-08T04:00:00+00:00,8.261,8.308,8.234,8.259,139726.72999999998
1786176000,2026-08-08T08:00:00+00:00,8.258,8.352,8.253,8.329,87569.41
1786190400,2026-08-08T12:00:00+00:00,8.33,8.39,8.3,8.337,218434.41
1786204800,2026-08-08T16:00:00+00:00,8.336,8.361,8.316,8.326,69134.23
1786219200,2026-08-08T20:00:00+00:00,8.327,8.342,8.29,8.302,67071.23
1786233600,2026-08-09T00:00:00+00:00,8.301,8.327,8.262,8.278,158150.5
1786248000,2026-08-09T04:00:00+00:00,8.278,8.346,8.257,8.335,88286.84
1786262400,2026-08-09T08:00:00+00:00,8.335,8.354,8.286,8.291,53484.130000000005
1786276800,2026-08-09T12:00:00+00:00,8.292,8.36,8.273,8.352,76532.13
1786291200,2026-08-09T16:00:00+00:00,8.351,8.354,8.303,8.313,95168.07999999999
1786305600,2026-08-09T20:00:00+00:00,8.313,8.38,8.171,8.183,372888.01
1786320000,2026-08-10T00:00:00+00:00,8.182,8.255,8.161,8.176,95731.19000000002
1786334400,2026-08-10T04:00:00+00:00,8.178,8.24,8.172,8.216,64063.130000000005
1786348800,2026-08-10T08:00:00+00:00,8.216,8.317,8.194,8.303,186202.28000000003
1786363200,2026-08-10T12:00:00+00:00,8.303,8.36,8.244,8.296,258507.99
1786377600,2026-08-10T16:00:00+00:00,8.295,8.307,8.2,8.264,260735.90999999997
1786392000,2026-08-10T20:00:00+00:00,8.265,8.311,8.25,8.291,132211.94
1786406400,2026-08-11T00:00:00+00:00,8.292,8.454,8.283,8.383,303343.25
1786420800,2026-08-11T04:00:00+00:00,8.384,8.475,8.36,8.469,77826.66
1786435200,2026-08-11T08:00:00+00:00,8.468,8.705,8.436,8.673,309196.0
1786449600,2026-08-11T12:00:00+00:00,8.675,8.694,8.488,8.557,646316.95
1786464000,2026-08-11T16:00:00+00:00,8.554,8.605,8.526,8.604,221862.31
1786478400,2026-08-11T20:00:00+00:00,8.605,8.808,8.605,8.773,548288.5900000001
1786492800,2026-08-12T00:00:00+00:00,8.773,8.814,8.704,8.716,227584.46999999997
1786507200,2026-08-12T04:00:00+00:00,8.714,8.756,8.675,8.743,72055.95999999999
1786521600,2026-08-12T08:00:00+00:00,8.742,8.873,8.73,8.869,99738.18000000001
1786536000,2026-08-12T12:00:00+00:00,8.87,8.887,8.687,8.773,281987.27
1786550400,2026-08-12T16:00:00+00:00,8.77,8.783,8.709,8.737,97188.13
1786564800,2026-08-12T20:00:00+00:00,8.734,8.771,8.62,8.665,157077.6
1786579200,2026-08-13T00:00:00+00:00,8.662,8.731,8.61,8.72,105128.12
1786593600,2026-08-13T04:00:00+00:00,8.718,8.805,8.717,8.746,65295.49
1786608000,2026-08-13T08:00:00+00:00,8.744,8.758,8.668,8.682,97457.48000000001
1786622400,2026-08-13T12:00:00+00:00,8.681,8.857,8.672,8.736,229931.28
1786636800,2026-08-13T16:00:00+00:00,8.738,8.825,8.673,8.819,169163.13999999998
1786651200,2026-08-13T20:00:00+00:00,8.819,8.895,8.811,8.879,134785.09999999998
1786665600,2026-08-14T00:00:00+00:00,8.881,8.883,8.808,8.811,99223.26000000001
1786680000,2026-08-14T04:00:00+00:00,8.811,8.827,8.739,8.763,47941.26
1786694400,2026-08-14T08:00:00+00:00,8.763,8.872,8.719,8.821,191751.23
1786708800,2026-08-14T12:00:00+00:00,8.822,8.876,8.754,8.848,187054.99000000002
1786723200,2026-08-14T16:00:00+00:00,8.849,9.005,8.822,8.979,344505.98
1786737600,2026-08-14T20:00:00+00:00,8.979,9.004,8.92,8.963,205781.41999999998
1786752000,2026-08-15T00:00:00+00:00,8.964,9.736,8.961,9.57,1006452.63
1786766400,2026-08-15T04:00:00+00:00,9.571,9.596,9.312,9.326,467704.00999999995
1786780800,2026-08-15T08:00:00+00:00,9.324,9.375,9.215,9.302,212066.27000000002
1786795200,2026-08-15T12:00:00+00:00,9.3,9.521,9.295,9.5,356309.8
1786809600,2026-08-15T16:00:00+00:00,9.504,9.624,9.483,9.578,399748.55000000005
1786824000,2026-08-15T20:00:00+00:00,9.578,9.591,9.455,9.46,155243.25
1786838400,2026-08-16T00:00:00+00:00,9.459,9.503,9.385,9.385,180093.61
1786852800,2026-08-16T04:00:00+00:00,9.39,9.4,9.311,9.368,102208.26000000001
1786867200,2026-08-16T08:00:00+00:00,9.367,9.449,9.363,9.405,76739.54999999999
1786881600,2026-08-16T12:00:00+00:00,9.404,9.41,9.287,9.383,180144.76
1786896000,2026-08-16T16:00:00+00:00,9.385,9.469,9.36,9.458,277336.42000000004
1786910400,2026-08-16T20:00:00+00:00,9.451,9.483,9.336,9.381,134271.31999999998
1786924800,2026-08-17T00:00:00+00:00,9.38,9.556,9.348,9.48,196836.20999999996
1786939200,2026-08-17T04:00:00+00:00,9.481,9.497,9.394,9.399,178390.38
1786953600,2026-08-17T08:00:00+00:00,9.4,9.55,9.357,9.505,126176.43
1786968000,2026-08-17T12:00:00+00:00,9.508,9.565,9.431,9.512,229174.09000000003
1786982400,2026-08-17T16:00:00+00:00,9.513,9.565,9.452,9.488,176671.08
1786996800,2026-08-17T20:00:00+00:00,9.489,9.549,9.464,9.533,116612.43999999999
1787011200,2026-08-18T00:00:00+00:00,9.533,9.547,9.323,9.413,189352.13999999998
1787025600,2026-08-18T04:00:00+00:00,9.413,9.52,9.384,9.425,135170.57
1787040000,2026-08-18T08:00:00+00:00,9.425,9.489,9.373,9.437,73702.42
1787054400,2026-08-18T12:00:00+00:00,9.438,9.553,9.392,9.472,120649.20000000001
1787068800,2026-08-18T16:00:00+00:00,9.474,9.537,9.444,9.496,115234.22000000002
1787083200,2026-08-18T20:00:00+00:00,9.497,9.55,9.461,9.536,155553.73
1787097600,2026-08-19T00:00:00+00:00,9.537,9.715,9.481,9.697,225895.65
1787112000,2026-08-19T04:00:00+00:00,9.695,9.714,9.557,9.687,213878.05
1787126400,2026-08-19T08:00:00+00:00,9.689,9.833,9.657,9.759,334582.66
1787140800,2026-08-19T12:00:00+00:00,9.759,10.1,9.64,9.917,719031.52
1787155200,2026-08-19T16:00:00+00:00,9.918,10.147,9.843,10.117,682393.94
1787169600,2026-08-19T20:00:00+00:00,10.118,10.89,10.1,10.55,1057842.31
1787184000,2026-08-20T00:00:00+00:00,10.55,10.621,10.361,10.434,274462.32999999996
1787198400,2026-08-20T04:00:00+00:00,10.433,10.589,10.404,10.541,379906.87
1787212800,2026-08-20T08:00:00+00:00,10.544,10.759,10.533,10.66,381566.14
1787227200,2026-08-20T12:00:00+00:00,10.661,10.73,10.509,10.71,390784.47000000003
1787241600,2026-08-20T16:00:00+00:00,10.709,10.877,10.611,10.656,390883.56
1787256000,2026-08-20T20:00:00+00:00,10.658,10.717,10.43,10.695,387740.48
1787270400,2026-08-21T00:00:00+00:00,10.696,11.047,10.683,10.899,593301.11
1787284800,2026-08-21T04:00:00+00:00,10.902,11.851,10.853,11.539,638509.48
1787299200,2026-08-21T08:00:00+00:00,11.535,11.754,11.227,11.264,621775.56
1787313600,2026-08-21T12:00:00+00:00,11.266,11.62,11.228,11.518,493596.17000000004
1787328000,2026-08-21T16:00:00+00:00,11.52,11.68,11.401,11.66,700990.7699999999
1787342400,2026-08-21T20:00:00+00:00,11.661,12.396,11.624,11.987,1001279.8300000001
1787356800,2026-08-22T00:00:00+00:00,11.986,12.6,11.858,12.376,517660.08
1787371200,2026-08-22T04:00:00+00:00,12.38,12.605,10.874,11.744,1178061.01
1787385600,2026-08-22T08:00:00+00:00,11.746,11.834,11.357,11.687,376886.46
1787400000,2026-08-22T12:00:00+00:00,11.687,11.897,11.482,11.608,348084.72
1787414400,2026-08-22T16:00:00+00:00,11.607,11.813,11.519,11.746,298524.29
1787428800,2026-08-22T20:00:00+00:00,11.746,11.81,11.447,11.646,204989.27000000002
1787443200,2026-08-23T00:00:00+00:00,11.645,11.744,11.421,11.454,261903.97
1787457600,2026-08-23T04:00:00+00:00,11.456,11.513,11.032,11.298,496447.13
1787472000,2026-08-23T08:00:00+00:00,11.294,11.468,11.268,11.415,304053.19999999995
1787486400,2026-08-23T12:00:00+00:00,11.412,11.655,11.256,11.458,514266.44
1787500800,2026-08-23T16:00:00+00:00,11.46,11.601,11.436,11.494,192801.82
1787515200,2026-08-23T20:00:00+00:00,11.488,11.732,11.438,11.539,297272.22
1787529600,2026-08-24T00:00:00+00:00,11.542,11.555,11.291,11.358,237766.44
1787544000,2026-08-24T04:00:00+00:00,11.36,11.672,11.355,11.518,215242.17
1787558400,2026-08-24T08:00:00+00:00,11.52,11.747,11.361,11.698,223668.41999999998
1787572800,2026-08-24T12:00:00+00:00,11.697,11.78,11.49,11.57,445574.5
1787587200,2026-08-24T16:00:00+00:00,11.572,11.702,11.417,11.557,294842.36
1787601600,2026-08-24T20:00:00+00:00,11.557,11.684,11.501,11.627,241755.54
1787616000,2026-08-25T00:00:00+00:00,11.626,11.953,11.59,11.749,555120.49
1787630400,2026-08-25T04:00:00+00:00,11.746,11.841,11.489,11.59,245147.33000000002
1787644800,2026-08-25T08:00:00+00:00,11.591,11.694,11.524,11.551,151273.21000000002
1787659200,2026-08-25T12:00:00+00:00,11.555,11.649,11.364,11.584,252188.97
1787673600,2026-08-25T16:00:00+00:00,11.584,11.605,11.436,11.454,221259.59999999998
1787688000,2026-08-25T20:00:00+00:00,11.457,11.48,11.13,11.299,337867.95
1787702400,2026-08-26T00:00:00+00:00,11.293,11.448,11.233,11.394,170444.68
1787716800,2026-08-26T04:00:00+00:00,11.392,11.454,11.305,11.33,123142.29000000001
1787731200,2026-08-26T08:00:00+00:00,11.328,11.49,11.22,11.393,204479.78
1787745600,2026-08-26T12:00:00+00:00,11.396,11.486,11.067,11.236,298242.43
1787760000,2026-08-26T16:00:00+00:00,11.235,11.347,11.138,11.306,112860.34
1787774400,2026-08-26T20:00:00+00:00,11.305,11.629,11.21,11.612,187375.63
1787788800,2026-08-27T00:00:00+00:00,11.61,11.63,11.455,11.527,133958.13
1787803200,2026-08-27T04:00:00+00:00,11.528,11.682,11.501,11.675,94296.20999999999
1787817600,2026-08-27T08:00:00+00:00,11.677,11.922,11.65,11.745,290929.24
1787832000,2026-08-27T12:00:00+00:00,11.76,12.042,11.689,11.935,448136.4099999999
