ts,datetime,open,high,low,close,volume
1693238400,2023-08-28T16:00:00+00:00,20.53,20.68,20.36,20.47,85799.365
1693252800,2023-08-28T20:00:00+00:00,20.47,20.63,20.36,20.55,45127.394
1693267200,2023-08-29T00:00:00+00:00,20.55,20.75,20.42,20.49,52169.583
1693281600,2023-08-29T04:00:00+00:00,20.48,20.51,20.21,20.26,41831.611000000004
1693296000,2023-08-29T08:00:00+00:00,20.25,20.33,20.11,20.14,53411.842000000004
1693310400,2023-08-29T12:00:00+00:00,20.14,22.02,20.11,21.31,533986.954
1693324800,2023-08-29T16:00:00+00:00,21.33,21.95,21.18,21.58,254886.735
1693339200,2023-08-29T20:00:00+00:00,21.58,21.97,21.58,21.79,405149.24000000005
1693353600,2023-08-30T00:00:00+00:00,21.79,21.99,21.5,21.64,131711.781
1693368000,2023-08-30T04:00:00+00:00,21.63,21.75,21.55,21.63,46406.156
1693382400,2023-08-30T08:00:00+00:00,21.63,21.72,21.39,21.42,71183.25499999999
1693396800,2023-08-30T12:00:00+00:00,21.41,21.52,20.67,20.83,230042.322
1693411200,2023-08-30T16:00:00+00:00,20.83,20.85,20.6,20.68,167697.937
1693425600,2023-08-30T20:00:00+00:00,20.68,20.9,20.65,20.82,57308.225000000006
1693440000,2023-08-31T00:00:00+00:00,20.81,20.82,20.61,20.64,79085.999
1693454400,2023-08-31T04:00:00+00:00,20.65,20.84,20.63,20.78,55912.209
1693468800,2023-08-31T08:00:00+00:00,20.78,21.07,20.68,20.88,48471.819
1693483200,2023-08-31T12:00:00+00:00,20.89,20.89,20.21,20.32,376768.84899999993
1693497600,2023-08-31T16:00:00+00:00,20.34,20.34,19.42,19.83,727199.641
1693512000,2023-08-31T20:00:00+00:00,19.82,19.84,19.44,19.73,190344.508
1693526400,2023-09-01T00:00:00+00:00,19.72,19.92,19.69,19.88,85065.496
1693540800,2023-09-01T04:00:00+00:00,19.88,19.93,19.76,19.8,94930.365
1693555200,2023-09-01T08:00:00+00:00,19.79,19.91,19.72,19.84,65786.199
1693569600,2023-09-01T12:00:00+00:00,19.84,19.93,19.27,19.38,231708.266
1693584000,2023-09-01T16:00:00+00:00,19.39,19.55,19.02,19.26,230579.095
1693598400,2023-09-01T20:00:00+00:00,19.27,19.5,19.21,19.33,99677.367
1693612800,2023-09-02T00:00:00+00:00,19.32,19.59,19.31,19.57,64307.742
1693627200,2023-09-02T04:00:00+00:00,19.57,19.65,19.44,19.57,38591.210999999996
1693641600,2023-09-02T08:00:00+00:00,19.57,19.66,19.49,19.57,37530.241
1693656000,2023-09-02T12:00:00+00:00,19.57,19.69,19.37,19.56,52424.675
1693670400,2023-09-02T16:00:00+00:00,19.56,19.6,19.13,19.4,90645.99100000001
1693684800,2023-09-02T20:00:00+00:00,19.4,19.55,19.36,19.49,25802.272
1693699200,2023-09-03T00:00:00+00:00,19.49,19.67,19.46,19.63,66640.541
1693713600,2023-09-03T04:00:00+00:00,19.63,19.64,19.48,19.53,27974.185999999998
1693728000,2023-09-03T08:00:00+00:00,19.53,19.53,19.32,19.42,23868.532000000003
1693742400,2023-09-03T12:00:00+00:00,19.43,19.57,19.29,19.34,72567.467
1693756800,2023-09-03T16:00:00+00:00,19.33,19.57,19.23,19.48,51102.554
1693771200,2023-09-03T20:00:00+00:00,19.49,19.64,19.43,19.57,69878.288
1693785600,2023-09-04T00:00:00+00:00,19.57,20.03,19.56,19.75,99426.797
1693800000,2023-09-04T04:00:00+00:00,19.74,19.86,19.62,19.77,66016.003
1693814400,2023-09-04T08:00:00+00:00,19.78,19.88,19.58,19.58,47193.791000000005
1693828800,2023-09-04T12:00:00+00:00,19.57,19.63,19.23,19.39,90714.53
1693843200,2023-09-04T16:00:00+00:00,19.4,19.53,19.32,19.42,54464.274
1693857600,2023-09-04T20:00:00+00:00,19.42,19.52,19.16,19.52,53326.344000000005
1693872000,2023-09-05T00:00:00+00:00,19.51,19.56,19.03,19.21,92481.62299999999
1693886400,2023-09-05T04:00:00+00:00,19.21,19.46,19.21,19.39,35730.778000000006
1693900800,2023-09-05T08:00:00+00:00,19.4,19.61,19.24,19.54,65347.393
1693915200,2023-09-05T12:00:00+00:00,19.54,20.6,19.47,20.39,301072.892
1693929600,2023-09-05T16:00:00+00:00,20.4,20.57,20.15,20.23,174891.566
1693944000,2023-09-05T20:00:00+00:00,20.23,20.34,20.06,20.26,207696.853
1693958400,2023-09-06T00:00:00+00:00,20.26,20.37,20.08,20.14,114266.675
1693972800,2023-09-06T04:00:00+00:00,20.13,20.16,19.68,19.72,84066.46
1693987200,2023-09-06T08:00:00+00:00,19.72,19.87,19.69,19.75,78616.863
1694001600,2023-09-06T12:00:00+00:00,19.74,19.83,19.14,19.38,182630.891
1694016000,2023-09-06T16:00:00+00:00,19.38,19.86,19.14,19.46,153287.272
1694030400,2023-09-06T20:00:00+00:00,19.46,19.66,19.46,19.64,57525.189
1694044800,2023-09-07T00:00:00+00:00,19.63,19.8,19.56,19.75,73756.378
1694059200,2023-09-07T04:00:00+00:00,19.77,19.82,19.53,19.55,42399.6
1694073600,2023-09-07T08:00:00+00:00,19.54,19.61,19.35,19.39,128982.54000000001
1694088000,2023-09-07T12:00:00+00:00,19.38,19.62,19.32,19.52,53717.238
1694102400,2023-09-07T16:00:00+00:00,19.52,19.75,19.52,19.67,96077.779
1694116800,2023-09-07T20:00:00+00:00,19.66,20,19.61,19.91,145371.077
1694131200,2023-09-08T00:00:00+00:00,19.92,20.28,19.84,20.01,116255.52900000001
1694145600,2023-09-08T04:00:00+00:00,20.02,20.09,19.83,19.92,41392.255999999994
1694160000,2023-09-08T08:00:00+00:00,19.92,19.92,19.37,19.55,101624.104
1694174400,2023-09-08T12:00:00+00:00,19.54,19.69,19.49,19.52,88914.796
1694188800,2023-09-08T16:00:00+00:00,19.52,19.58,19.39,19.57,61260.861000000004
1694203200,2023-09-08T20:00:00+00:00,19.56,19.64,19.47,19.61,50942.09299999999
1694217600,2023-09-09T00:00:00+00:00,19.61,19.61,19.47,19.54,39816.559
1694232000,2023-09-09T04:00:00+00:00,19.54,19.59,19.45,19.45,40331.89
1694246400,2023-09-09T08:00:00+00:00,19.46,19.57,19.44,19.57,27192.731
1694260800,2023-09-09T12:00:00+00:00,19.57,19.58,19.47,19.53,24491.432
1694275200,2023-09-09T16:00:00+00:00,19.52,19.58,19.37,19.44,42256.443
1694289600,2023-09-09T20:00:00+00:00,19.44,19.54,19.42,19.44,27654.748999999996
1694304000,2023-09-10T00:00:00+00:00,19.44,19.44,19.2,19.21,53459.096
1694318400,2023-09-10T04:00:00+00:00,19.2,19.21,18.01,18.53,321024.353
1694332800,2023-09-10T08:00:00+00:00,18.52,18.52,18.25,18.34,71742.88
1694347200,2023-09-10T12:00:00+00:00,18.33,18.45,17.8,18.22,401569.04799999995
1694361600,2023-09-10T16:00:00+00:00,18.22,18.26,17.83,18.19,202346.287
1694376000,2023-09-10T20:00:00+00:00,18.17,18.6,18.13,18.23,175205.812
1694390400,2023-09-11T00:00:00+00:00,18.23,18.46,17.99,18.35,194740.427
1694404800,2023-09-11T04:00:00+00:00,18.35,18.43,18.14,18.2,47052.886
1694419200,2023-09-11T08:00:00+00:00,18.2,18.21,17.37,17.66,182969.34100000001
1694433600,2023-09-11T12:00:00+00:00,17.66,18,17.34,17.83,467335.658
1694448000,2023-09-11T16:00:00+00:00,17.82,17.98,17.42,17.51,169744.945
1694462400,2023-09-11T20:00:00+00:00,17.5,17.75,17.42,17.72,201305.342
1694476800,2023-09-12T00:00:00+00:00,17.72,18.5,17.56,18.18,219621.69
1694491200,2023-09-12T04:00:00+00:00,18.18,18.27,17.85,17.98,176948.948
1694505600,2023-09-12T08:00:00+00:00,17.98,18.8,17.93,18.3,119126.32699999999
1694520000,2023-09-12T12:00:00+00:00,18.31,18.41,17.91,18,304756.26
1694534400,2023-09-12T16:00:00+00:00,18,18.3,17.69,17.94,214243.39399999997
1694548800,2023-09-12T20:00:00+00:00,17.93,18.07,17.87,17.92,88354.721
1694563200,2023-09-13T00:00:00+00:00,17.92,18.18,17.79,17.83,91994.755
1694577600,2023-09-13T04:00:00+00:00,17.82,18.57,17.69,17.89,97293.55900000001
1694592000,2023-09-13T08:00:00+00:00,17.9,18.29,17.86,18.17,66810.05600000001
1694606400,2023-09-13T12:00:00+00:00,18.19,18.54,17.97,18.39,297289.532
1694620800,2023-09-13T16:00:00+00:00,18.39,18.54,17.89,18.35,380780.57000000007
1694635200,2023-09-13T20:00:00+00:00,18.35,18.52,18.25,18.4,126058.274
1694649600,2023-09-14T00:00:00+00:00,18.4,19.32,18.39,18.93,429612.26
1694664000,2023-09-14T04:00:00+00:00,18.94,18.95,18.58,18.79,117664.45499999999
1694678400,2023-09-14T08:00:00+00:00,18.79,18.91,18.54,18.85,104169.539
1694692800,2023-09-14T12:00:00+00:00,18.85,19.19,18.76,18.99,162204.054
1694707200,2023-09-14T16:00:00+00:00,18.99,19.12,18.87,19.05,85466.198
1694721600,2023-09-14T20:00:00+00:00,19.05,19.1,18.79,18.86,78909.375
1694736000,2023-09-15T00:00:00+00:00,18.86,19.19,18.73,19.16,152482.012
1694750400,2023-09-15T04:00:00+00:00,19.16,19.3,19.04,19.09,102682.98800000001
1694764800,2023-09-15T08:00:00+00:00,19.09,19.25,19,19.02,43458.486000000004
1694779200,2023-09-15T12:00:00+00:00,19.01,19.07,18.73,18.88,101687.51800000001
1694793600,2023-09-15T16:00:00+00:00,18.88,18.91,18.56,18.74,198897.24
1694808000,2023-09-15T20:00:00+00:00,18.73,19.49,18.67,19.14,220947.393
1694822400,2023-09-16T00:00:00+00:00,19.15,19.46,19.06,19.21,126243.726
1694836800,2023-09-16T04:00:00+00:00,19.22,19.38,19.06,19.11,45957.068
1694851200,2023-09-16T08:00:00+00:00,19.11,19.25,19.03,19.15,37683.07
1694865600,2023-09-16T12:00:00+00:00,19.15,19.2,18.88,18.97,100235.623
1694880000,2023-09-16T16:00:00+00:00,18.97,19.14,18.93,18.97,62657.972
1694894400,2023-09-16T20:00:00+00:00,18.96,19.15,18.96,19.13,36905.424
1694908800,2023-09-17T00:00:00+00:00,19.13,19.14,18.75,19.03,61498.10599999999
1694923200,2023-09-17T04:00:00+00:00,19.04,19.06,18.9,18.91,23828.288
1694937600,2023-09-17T08:00:00+00:00,18.9,19.11,18.88,19.02,28384.494000000002
1694952000,2023-09-17T12:00:00+00:00,19.04,19.09,18.96,19,19811.311999999998
1694966400,2023-09-17T16:00:00+00:00,18.99,19,18.77,18.9,45119.025
1694980800,2023-09-17T20:00:00+00:00,18.9,18.9,18.65,18.81,62717.099
1694995200,2023-09-18T00:00:00+00:00,18.82,19.28,18.6,19.21,133303.668
1695009600,2023-09-18T04:00:00+00:00,19.23,19.31,19,19.12,40792.252
1695024000,2023-09-18T08:00:00+00:00,19.13,19.74,19.09,19.59,155374.56100000002
1695038400,2023-09-18T12:00:00+00:00,19.6,20.16,19.55,19.95,388932.236
1695052800,2023-09-18T16:00:00+00:00,19.96,20.06,19.51,19.79,298579.20900000003
1695067200,2023-09-18T20:00:00+00:00,19.79,19.89,19.61,19.66,120986.87
1695081600,2023-09-19T00:00:00+00:00,19.64,19.99,19.58,19.98,92419.599
1695096000,2023-09-19T04:00:00+00:00,19.98,19.99,19.75,19.81,37773.297999999995
1695110400,2023-09-19T08:00:00+00:00,19.8,20.4,19.77,20.22,179649.51900000003
1695124800,2023-09-19T12:00:00+00:00,20.21,20.22,19.83,20.14,177102.75
1695139200,2023-09-19T16:00:00+00:00,20.14,20.17,19.84,19.95,96924.926
1695153600,2023-09-19T20:00:00+00:00,19.94,20.1,19.85,20.04,66723.505
1695168000,2023-09-20T00:00:00+00:00,20.03,20.24,19.85,19.92,114139.831
1695182400,2023-09-20T04:00:00+00:00,19.91,19.98,19.81,19.96,53840.716
1695196800,2023-09-20T08:00:00+00:00,19.95,20.17,19.88,20.06,48122.898
1695211200,2023-09-20T12:00:00+00:00,20.06,20.38,19.9,20.2,232167.721
1695225600,2023-09-20T16:00:00+00:00,20.2,20.5,19.89,20.12,268249.40599999996
1695240000,2023-09-20T20:00:00+00:00,20.12,20.46,20.1,20.29,127130.951
1695254400,2023-09-21T00:00:00+00:00,20.3,20.3,19.92,20.19,139784.407
1695268800,2023-09-21T04:00:00+00:00,20.19,20.19,19.76,19.93,82829.346
1695283200,2023-09-21T08:00:00+00:00,19.92,19.97,19.35,19.58,286505.02
1695297600,2023-09-21T12:00:00+00:00,19.58,19.65,19.27,19.61,408552.779
1695312000,2023-09-21T16:00:00+00:00,19.6,19.71,19.54,19.63,75833.701
1695326400,2023-09-21T20:00:00+00:00,19.62,19.63,19.43,19.46,72291.62700000001
1695340800,2023-09-22T00:00:00+00:00,19.45,19.68,19.25,19.67,184753.29400000002
1695355200,2023-09-22T04:00:00+00:00,19.66,19.73,19.54,19.64,47766.248
1695369600,2023-09-22T08:00:00+00:00,19.63,19.79,19.59,19.69,37503.485
1695384000,2023-09-22T12:00:00+00:00,19.68,19.7,19.45,19.46,76689.567
1695398400,2023-09-22T16:00:00+00:00,19.47,19.5,19.3,19.35,71183.289
1695412800,2023-09-22T20:00:00+00:00,19.36,19.49,19.16,19.42,81929.364
1695427200,2023-09-23T00:00:00+00:00,19.42,19.58,19.29,19.38,37991.411
1695441600,2023-09-23T04:00:00+00:00,19.38,19.54,19.32,19.52,95635.823
1695456000,2023-09-23T08:00:00+00:00,19.52,19.54,19.44,19.52,25915.181
1695470400,2023-09-23T12:00:00+00:00,19.52,19.54,19.3,19.32,51530.761
1695484800,2023-09-23T16:00:00+00:00,19.31,19.5,19.28,19.48,38547.419
1695499200,2023-09-23T20:00:00+00:00,19.47,19.49,19.39,19.48,23993.44
1695513600,2023-09-24T00:00:00+00:00,19.48,19.65,19.43,19.57,53616.373
1695528000,2023-09-24T04:00:00+00:00,19.57,19.64,19.49,19.63,47747.64300000001
1695542400,2023-09-24T08:00:00+00:00,19.62,19.67,19.53,19.6,18872.134000000002
1695556800,2023-09-24T12:00:00+00:00,19.6,19.65,19.44,19.52,51595.602
1695571200,2023-09-24T16:00:00+00:00,19.53,19.65,19.44,19.47,30842.976000000002
1695585600,2023-09-24T20:00:00+00:00,19.46,19.54,19.21,19.36,34702.355
1695600000,2023-09-25T00:00:00+00:00,19.36,19.61,19.09,19.47,147248.14299999998
1695614400,2023-09-25T04:00:00+00:00,19.49,19.55,19.34,19.49,42209.688
1695628800,2023-09-25T08:00:00+00:00,19.49,19.57,19.4,19.53,41376.066
1695643200,2023-09-25T12:00:00+00:00,19.54,19.67,19.44,19.56,208425.00999999998
1695657600,2023-09-25T16:00:00+00:00,19.57,19.74,19.46,19.52,51359.513
1695672000,2023-09-25T20:00:00+00:00,19.52,19.56,19.35,19.39,46250.357
1695686400,2023-09-26T00:00:00+00:00,19.39,19.52,19.28,19.44,58068.844000000005
1695700800,2023-09-26T04:00:00+00:00,19.44,19.48,19.3,19.31,56804.059
1695715200,2023-09-26T08:00:00+00:00,19.32,19.43,19.24,19.37,52641.349
1695729600,2023-09-26T12:00:00+00:00,19.38,19.4,19.11,19.16,91662.361
1695744000,2023-09-26T16:00:00+00:00,19.16,19.29,19.11,19.23,113024.095
1695758400,2023-09-26T20:00:00+00:00,19.23,19.25,18.83,19.01,149979.64299999998
1695772800,2023-09-27T00:00:00+00:00,19.01,19.12,18.92,19.02,68719.206
1695787200,2023-09-27T04:00:00+00:00,19.01,19.03,18.88,18.94,45164.055
1695801600,2023-09-27T08:00:00+00:00,18.93,19.46,18.85,19.38,132060.827
1695816000,2023-09-27T12:00:00+00:00,19.38,19.46,18.76,18.93,528507.41
1695830400,2023-09-27T16:00:00+00:00,18.93,19.02,18.73,18.96,93498.806
1695844800,2023-09-27T20:00:00+00:00,18.96,19.15,18.87,19.12,75911.53799999999
1695859200,2023-09-28T00:00:00+00:00,19.12,19.4,19.08,19.19,116242.812
1695873600,2023-09-28T04:00:00+00:00,19.19,19.22,19.15,19.2,246431.43199999997
1695888000,2023-09-28T08:00:00+00:00,19.2,19.27,19.1,19.15,226913.088
1695902400,2023-09-28T12:00:00+00:00,19.15,19.61,19.14,19.59,142875.17799999999
1695916800,2023-09-28T16:00:00+00:00,19.58,19.75,19.44,19.71,232549.53
1695931200,2023-09-28T20:00:00+00:00,19.71,20.05,19.59,19.98,205421.753
1695945600,2023-09-29T00:00:00+00:00,19.98,20.33,19.86,20.2,155440.195
1695960000,2023-09-29T04:00:00+00:00,20.2,20.35,20.04,20.26,76582.91
1695974400,2023-09-29T08:00:00+00:00,20.27,20.31,20.03,20.08,35196.739
1695988800,2023-09-29T12:00:00+00:00,20.07,20.5,20.02,20.34,162834.605
1696003200,2023-09-29T16:00:00+00:00,20.35,20.35,20.08,20.24,55251.856
1696017600,2023-09-29T20:00:00+00:00,20.24,20.38,20.2,20.27,79734.895
1696032000,2023-09-30T00:00:00+00:00,20.28,20.45,20.22,20.23,62442.896
1696046400,2023-09-30T04:00:00+00:00,20.23,20.35,20.08,20.32,37192.633
1696060800,2023-09-30T08:00:00+00:00,20.32,20.39,20.27,20.28,28953.667
1696075200,2023-09-30T12:00:00+00:00,20.29,21.65,20.29,21.44,492783.377
1696089600,2023-09-30T16:00:00+00:00,21.43,21.8,21.25,21.41,168996.646
1696104000,2023-09-30T20:00:00+00:00,21.4,21.47,21.24,21.36,57487.898
1696118400,2023-10-01T00:00:00+00:00,21.36,21.43,21.13,21.21,86794.487
1696132800,2023-10-01T04:00:00+00:00,21.21,21.41,21.17,21.38,30144.675
1696147200,2023-10-01T08:00:00+00:00,21.37,24.2,21.36,22.99,240961.04499999998
1696161600,2023-10-01T12:00:00+00:00,22.98,23.45,22.83,23.09,382546.568
1696176000,2023-10-01T16:00:00+00:00,23.09,23.09,22.45,22.73,166108.91100000002
1696190400,2023-10-01T20:00:00+00:00,22.72,24.49,22.6,23.87,443640.696
1696204800,2023-10-02T00:00:00+00:00,23.88,24.34,23.57,24.1,226460.80899999998
1696219200,2023-10-02T04:00:00+00:00,24.1,24.8,24.1,24.34,305382.98099999997
1696233600,2023-10-02T08:00:00+00:00,24.33,24.52,23.78,23.83,300878.88100000005
1696248000,2023-10-02T12:00:00+00:00,23.83,24.49,23.6,24.08,299837.551
1696262400,2023-10-02T16:00:00+00:00,24.08,24.3,23.02,23.83,363772.351
1696276800,2023-10-02T20:00:00+00:00,23.83,23.83,22.9,23.36,182941.37600000002
1696291200,2023-10-03T00:00:00+00:00,23.39,23.78,23.3,23.66,98782.114
1696305600,2023-10-03T04:00:00+00:00,23.66,24.25,23.49,23.83,97830.558
1696320000,2023-10-03T08:00:00+00:00,23.82,24.42,23.78,23.92,117069.931
1696334400,2023-10-03T12:00:00+00:00,23.93,24.76,23.77,23.98,394005.301
1696348800,2023-10-03T16:00:00+00:00,24,24.34,23.45,23.52,196927.78499999997
1696363200,2023-10-03T20:00:00+00:00,23.53,23.75,23.22,23.62,233368.35199999998
1696377600,2023-10-04T00:00:00+00:00,23.62,23.66,22.8,23.12,181534.177
1696392000,2023-10-04T04:00:00+00:00,23.11,23.23,22.79,23.17,60524.692
1696406400,2023-10-04T08:00:00+00:00,23.16,23.85,23.11,23.58,107230.69099999999
1696420800,2023-10-04T12:00:00+00:00,23.59,23.64,22.68,22.7,214151.82400000002
1696435200,2023-10-04T16:00:00+00:00,22.69,23.28,22.58,22.92,160041.88400000002
1696449600,2023-10-04T20:00:00+00:00,22.93,23.36,22.85,23.14,160062.57
1696464000,2023-10-05T00:00:00+00:00,23.14,23.97,23.03,23.24,256539.00199999998
1696478400,2023-10-05T04:00:00+00:00,23.24,23.5,22.84,23.01,69429.402
1696492800,2023-10-05T08:00:00+00:00,23,23.35,22.9,23.22,43543.723
1696507200,2023-10-05T12:00:00+00:00,23.23,23.59,22.64,22.82,160883.794
1696521600,2023-10-05T16:00:00+00:00,22.82,23.07,22.55,22.82,168679.747
1696536000,2023-10-05T20:00:00+00:00,22.81,22.87,22.63,22.7,58546.861
1696550400,2023-10-06T00:00:00+00:00,22.7,23.34,22.67,23.2,85264.928
1696564800,2023-10-06T04:00:00+00:00,23.18,23.44,22.95,23.34,80705.622
1696579200,2023-10-06T08:00:00+00:00,23.33,23.56,23.09,23.19,67943.161
1696593600,2023-10-06T12:00:00+00:00,23.18,23.73,22.71,23.52,238678.244
1696608000,2023-10-06T16:00:00+00:00,23.52,23.76,23.35,23.44,126954.95700000002
1696622400,2023-10-06T20:00:00+00:00,23.43,23.79,23.31,23.43,147920.322
1696636800,2023-10-07T00:00:00+00:00,23.42,23.75,23.35,23.7,63184.916999999994
1696651200,2023-10-07T04:00:00+00:00,23.69,24.2,23.49,23.54,134985.92200000002
1696665600,2023-10-07T08:00:00+00:00,23.54,23.85,23.4,23.5,78722.133
1696680000,2023-10-07T12:00:00+00:00,23.5,23.59,23.32,23.36,72852.157
1696694400,2023-10-07T16:00:00+00:00,23.35,23.47,23.1,23.14,64755.339
1696708800,2023-10-07T20:00:00+00:00,23.14,23.37,23.14,23.31,67510.56
1696723200,2023-10-08T00:00:00+00:00,23.3,23.64,23.18,23.54,70056.82500000001
1696737600,2023-10-08T04:00:00+00:00,23.55,23.57,23.21,23.35,36352.706000000006
1696752000,2023-10-08T08:00:00+00:00,23.35,23.54,23.18,23.24,30459.578
1696766400,2023-10-08T12:00:00+00:00,23.25,23.52,23.09,23.51,49750.853
1696780800,2023-10-08T16:00:00+00:00,23.5,23.57,23.27,23.34,57551.407
1696795200,2023-10-08T20:00:00+00:00,23.34,23.5,23.18,23.24,29078.380999999998
1696809600,2023-10-09T00:00:00+00:00,23.23,23.32,23.1,23.26,104078.254
1696824000,2023-10-09T04:00:00+00:00,23.26,23.38,22.88,23,49907.178
1696838400,2023-10-09T08:00:00+00:00,23.01,23.02,22.1,22.18,176409.745
1696852800,2023-10-09T12:00:00+00:00,22.19,22.4,22.07,22.22,119888.362
1696867200,2023-10-09T16:00:00+00:00,22.2,22.44,21.61,22.21,192265.177
1696881600,2023-10-09T20:00:00+00:00,22.21,22.26,22.01,22.1,42499.17600000001
1696896000,2023-10-10T00:00:00+00:00,22.11,22.26,21.9,22.16,104202.43600000002
1696910400,2023-10-10T04:00:00+00:00,22.15,22.4,22.05,22.33,21508.975
1696924800,2023-10-10T08:00:00+00:00,22.33,22.45,22.12,22.12,35970.575
1696939200,2023-10-10T12:00:00+00:00,22.13,22.48,21.93,21.98,111805.549
1696953600,2023-10-10T16:00:00+00:00,21.98,22.08,21.71,22.04,141715.012
1696968000,2023-10-10T20:00:00+00:00,22.03,22.2,21.81,22.11,55532.509999999995
1696982400,2023-10-11T00:00:00+00:00,22.11,22.3,21.78,21.98,110760.6
1696996800,2023-10-11T04:00:00+00:00,21.99,22.37,21.96,22.02,182139.19
1697011200,2023-10-11T08:00:00+00:00,22.01,22.42,22,22.14,158508.465
1697025600,2023-10-11T12:00:00+00:00,22.14,22.34,21.89,21.98,173468.227
1697040000,2023-10-11T16:00:00+00:00,21.98,22.04,21.61,21.9,134461.275
1697054400,2023-10-11T20:00:00+00:00,21.9,22.02,21.74,22.01,56048.619000000006
1697068800,2023-10-12T00:00:00+00:00,22.01,22.04,21.5,21.69,73320.157
1697083200,2023-10-12T04:00:00+00:00,21.69,21.83,21.64,21.64,20393.877999999997
1697097600,2023-10-12T08:00:00+00:00,21.64,21.65,21.16,21.5,104490.856
1697112000,2023-10-12T12:00:00+00:00,21.5,21.53,21.24,21.25,84093.394
1697126400,2023-10-12T16:00:00+00:00,21.27,21.36,20.93,21.21,150727.324
1697140800,2023-10-12T20:00:00+00:00,21.2,21.35,21.13,21.28,41010.797999999995
1697155200,2023-10-13T00:00:00+00:00,21.28,21.46,21.11,21.13,40075.181
1697169600,2023-10-13T04:00:00+00:00,21.12,21.45,21.11,21.39,61625.376000000004
1697184000,2023-10-13T08:00:00+00:00,21.38,21.56,21.3,21.48,54630.72099999999
1697198400,2023-10-13T12:00:00+00:00,21.48,21.61,21.35,21.42,119323.911
1697212800,2023-10-13T16:00:00+00:00,21.42,21.61,21.41,21.58,78420.244
1697227200,2023-10-13T20:00:00+00:00,21.57,22.22,21.56,21.84,216287.70699999997
1697241600,2023-10-14T00:00:00+00:00,21.85,22.06,21.8,22.05,77954.261
1697256000,2023-10-14T04:00:00+00:00,22.04,22.13,21.94,22.06,58841.46000000001
1697270400,2023-10-14T08:00:00+00:00,22.06,22.25,21.92,21.97,42066.81599999999
1697284800,2023-10-14T12:00:00+00:00,21.98,22.1,21.85,22.09,28458.367000000002
1697299200,2023-10-14T16:00:00+00:00,22.08,22.09,21.98,22.03,22563.534999999996
1697313600,2023-10-14T20:00:00+00:00,22.04,22.05,21.92,22,13571.676
1697328000,2023-10-15T00:00:00+00:00,22,22.18,21.83,21.94,36730.904
1697342400,2023-10-15T04:00:00+00:00,21.93,21.97,21.87,21.93,18755.348
1697356800,2023-10-15T08:00:00+00:00,21.94,22.02,21.82,21.87,45940.386
1697371200,2023-10-15T12:00:00+00:00,21.87,21.94,21.67,21.75,67836.51100000001
1697385600,2023-10-15T16:00:00+00:00,21.74,21.98,21.7,21.92,122353.022
1697400000,2023-10-15T20:00:00+00:00,21.91,22.11,21.84,21.94,67796.695
1697414400,2023-10-16T00:00:00+00:00,21.93,22.24,21.9,22.12,53593.862
1697428800,2023-10-16T04:00:00+00:00,22.12,22.86,22.12,22.83,171392.592
1697443200,2023-10-16T08:00:00+00:00,22.84,23.18,22.64,23.17,161137.916
1697457600,2023-10-16T12:00:00+00:00,23.18,24.78,22.92,23.16,884081.885
1697472000,2023-10-16T16:00:00+00:00,23.17,24.15,23.16,23.87,262257.017
1697486400,2023-10-16T20:00:00+00:00,23.87,24.21,23.66,23.97,166960.086
1697500800,2023-10-17T00:00:00+00:00,23.97,24.38,23.79,24.03,241869.908
1697515200,2023-10-17T04:00:00+00:00,24.01,24.23,23.77,24.11,64336.073
1697529600,2023-10-17T08:00:00+00:00,24.1,24.57,24.05,24.1,162577.71499999997
1697544000,2023-10-17T12:00:00+00:00,24.1,24.19,23.46,23.92,197422.11
1697558400,2023-10-17T16:00:00+00:00,23.92,24.41,23.74,24.18,240222.98700000002
1697572800,2023-10-17T20:00:00+00:00,24.19,24.25,23.9,23.95,155815.088
1697587200,2023-10-18T00:00:00+00:00,23.94,24.11,23.82,24.04,248983.633
1697601600,2023-10-18T04:00:00+00:00,24.04,24.44,23.89,23.91,196697.61000000002
1697616000,2023-10-18T08:00:00+00:00,23.9,24.16,23.79,23.82,44742.8
1697630400,2023-10-18T12:00:00+00:00,23.82,23.92,23.64,23.69,167682.829
1697644800,2023-10-18T16:00:00+00:00,23.69,23.78,23.57,23.7,122490.93100000001
1697659200,2023-10-18T20:00:00+00:00,23.7,23.75,23.36,23.42,226986.73700000002
1697673600,2023-10-19T00:00:00+00:00,23.41,23.59,23.13,23.46,101318.155
1697688000,2023-10-19T04:00:00+00:00,23.45,23.9,23.45,23.86,101472.363
1697702400,2023-10-19T08:00:00+00:00,23.86,24.3,23.73,24.28,148330.745
1697716800,2023-10-19T12:00:00+00:00,24.29,24.9,24.06,24.78,364583.691
1697731200,2023-10-19T16:00:00+00:00,24.78,25.79,24.68,25.16,817133.91
1697745600,2023-10-19T20:00:00+00:00,25.18,25.25,24.74,24.94,175671.6
1697760000,2023-10-20T00:00:00+00:00,24.94,25.74,24.74,25.67,269603.949
1697774400,2023-10-20T04:00:00+00:00,25.69,26.62,25.6,26.27,512900.691
1697788800,2023-10-20T08:00:00+00:00,26.26,27.4,26.26,26.9,384878.327
1697803200,2023-10-20T12:00:00+00:00,26.9,27.11,26.57,26.89,602549.137
1697817600,2023-10-20T16:00:00+00:00,26.89,27.06,26.32,26.89,415723.048
1697832000,2023-10-20T20:00:00+00:00,26.88,27.37,26.73,27.05,260222.395
1697846400,2023-10-21T00:00:00+00:00,27.05,27.15,26.66,26.81,102973.474
1697860800,2023-10-21T04:00:00+00:00,26.83,28.2,26.68,28.08,198039.497
1697875200,2023-10-21T08:00:00+00:00,28.09,29.95,27.86,29.51,369235.684
1697889600,2023-10-21T12:00:00+00:00,29.53,29.7,28.61,29.06,504061.585
1697904000,2023-10-21T16:00:00+00:00,29.04,29.93,28.89,29.52,326125.00100000005
1697918400,2023-10-21T20:00:00+00:00,29.52,30.33,29.24,29.32,395362.46
1697932800,2023-10-22T00:00:00+00:00,29.32,29.94,29.2,29.74,181265.91600000003
1697947200,2023-10-22T04:00:00+00:00,29.75,30.03,28.21,28.83,179081.175
1697961600,2023-10-22T08:00:00+00:00,28.84,29.06,28.11,28.36,148001.727
1697976000,2023-10-22T12:00:00+00:00,28.35,28.91,28.32,28.44,139746.365
1697990400,2023-10-22T16:00:00+00:00,28.44,29.15,28.41,28.7,158556.321
1698004800,2023-10-22T20:00:00+00:00,28.7,29.34,28.68,29.06,173260.739
1698019200,2023-10-23T00:00:00+00:00,29.06,30.69,28.75,30.68,497062.948
1698033600,2023-10-23T04:00:00+00:00,30.68,31.38,29.91,30.12,414078.209
1698048000,2023-10-23T08:00:00+00:00,30.12,30.34,29.33,29.73,249178.522
1698062400,2023-10-23T12:00:00+00:00,29.72,29.88,28.82,29,410470.84599999996
1698076800,2023-10-23T16:00:00+00:00,28.96,30,28.91,29.94,516213.398
1698091200,2023-10-23T20:00:00+00:00,29.93,32.69,29.76,31.91,805630.1170000001
1698105600,2023-10-24T00:00:00+00:00,31.9,32.58,31.26,31.39,602238.158
1698120000,2023-10-24T04:00:00+00:00,31.37,31.78,30.65,31.25,203416.32699999996
1698134400,2023-10-24T08:00:00+00:00,31.25,31.99,31.18,31.85,207495.72900000002
1698148800,2023-10-24T12:00:00+00:00,31.85,32.59,30.45,30.89,692799.919
1698163200,2023-10-24T16:00:00+00:00,30.89,31.21,29.98,30.5,504373.75100000005
1698177600,2023-10-24T20:00:00+00:00,30.49,30.79,29.51,30.18,402531.903
1698192000,2023-10-25T00:00:00+00:00,30.19,32.22,30,31.02,364951.193
1698206400,2023-10-25T04:00:00+00:00,31.07,31.87,30.4,30.98,151098.994
1698220800,2023-10-25T08:00:00+00:00,30.96,32.5,30.8,32.27,378623.19
1698235200,2023-10-25T12:00:00+00:00,32.27,33.9,32.27,33.42,761639.29
1698249600,2023-10-25T16:00:00+00:00,33.42,33.58,32.3,32.78,560221.8330000001
1698264000,2023-10-25T20:00:00+00:00,32.77,33.08,31.87,32.43,375297.789
1698278400,2023-10-26T00:00:00+00:00,32.44,32.81,31.74,32.77,534317.2459999999
1698292800,2023-10-26T04:00:00+00:00,32.77,33.27,32.05,32.83,214848.70299999998
1698307200,2023-10-26T08:00:00+00:00,32.82,33,31.6,31.84,548983.223
1698321600,2023-10-26T12:00:00+00:00,31.83,32.41,30.89,31.31,322181.407
1698336000,2023-10-26T16:00:00+00:00,31.31,31.69,30.71,31.56,518443.748
1698350400,2023-10-26T20:00:00+00:00,31.54,33.25,31.47,32.78,454327.542
1698364800,2023-10-27T00:00:00+00:00,32.79,32.86,31.83,32.38,342304.99899999995
1698379200,2023-10-27T04:00:00+00:00,32.39,32.89,32.13,32.35,199115.928
1698393600,2023-10-27T08:00:00+00:00,32.34,33.09,32.17,32.59,199264.63999999998
1698408000,2023-10-27T12:00:00+00:00,32.59,33.36,31.92,32.19,313421.18899999995
1698422400,2023-10-27T16:00:00+00:00,32.22,32.49,31.27,31.93,291725.273
1698436800,2023-10-27T20:00:00+00:00,31.93,32.28,31.46,31.74,255495.99299999996
1698451200,2023-10-28T00:00:00+00:00,31.75,32.38,31.66,32.34,104127.0
1698465600,2023-10-28T04:00:00+00:00,32.35,32.48,32.07,32.29,62276.42199999999
1698480000,2023-10-28T08:00:00+00:00,32.28,32.52,32.06,32.19,66291.13399999999
1698494400,2023-10-28T12:00:00+00:00,32.21,32.23,31.66,32.03,91847.591
1698508800,2023-10-28T16:00:00+00:00,32.03,32.11,31.52,31.57,101115.78600000001
1698523200,2023-10-28T20:00:00+00:00,31.59,32,31.4,31.64,106923.804
1698537600,2023-10-29T00:00:00+00:00,31.64,31.84,31.3,31.57,99599.81
1698552000,2023-10-29T04:00:00+00:00,31.58,32.36,31.51,32.29,113671.714
1698566400,2023-10-29T08:00:00+00:00,32.3,32.44,32.14,32.27,110515.981
1698580800,2023-10-29T12:00:00+00:00,32.27,32.71,32.19,32.65,165669.49
1698595200,2023-10-29T16:00:00+00:00,32.64,33.15,32.55,33,473374.05
1698609600,2023-10-29T20:00:00+00:00,33,33,32.5,32.84,226741.21600000001
1698624000,2023-10-30T00:00:00+00:00,32.85,33,32.53,32.74,234825.971
1698638400,2023-10-30T04:00:00+00:00,32.74,32.99,32.45,32.56,285312.36500000005
1698652800,2023-10-30T08:00:00+00:00,32.56,35.16,32.51,34.95,510692.013
1698667200,2023-10-30T12:00:00+00:00,34.96,35.34,34.54,35.05,331261.62200000003
1698681600,2023-10-30T16:00:00+00:00,35.05,35.05,34.24,34.89,332355.511
1698696000,2023-10-30T20:00:00+00:00,34.89,34.95,34.5,34.95,301963.647
1698710400,2023-10-31T00:00:00+00:00,34.95,36.48,34.79,35.8,851524.9439999999
1698724800,2023-10-31T04:00:00+00:00,35.81,36.6,35.58,35.72,405874.95900000003
1698739200,2023-10-31T08:00:00+00:00,35.74,36.97,35.7,36.59,312851.051
1698753600,2023-10-31T12:00:00+00:00,36.61,36.7,35.47,36.11,531169.5569999999
1698768000,2023-10-31T16:00:00+00:00,36.13,36.45,35.83,36.29,233370.68399999998
1698782400,2023-10-31T20:00:00+00:00,36.27,38.6,36.27,38.43,1161510.576
1698796800,2023-11-01T00:00:00+00:00,38.42,38.8,37.94,38.3,509189.774
1698811200,2023-11-01T04:00:00+00:00,38.3,39.32,38,38.45,451443.48699999996
1698825600,2023-11-01T08:00:00+00:00,38.46,39.8,38.01,39.31,435267.09199999995
1698840000,2023-11-01T12:00:00+00:00,39.29,41.82,38.9,40.69,1317348.457
1698854400,2023-11-01T16:00:00+00:00,40.67,46.97,39.95,42,1914860.7489999998
1698868800,2023-11-01T20:00:00+00:00,41.98,43.87,40.07,41.18,993117.176
1698883200,2023-11-02T00:00:00+00:00,41.16,42.85,40.97,42.62,424439.85800000007
1698897600,2023-11-02T04:00:00+00:00,42.6,43.46,41.15,43.21,313874.407
1698912000,2023-11-02T08:00:00+00:00,43.13,44.6,42.57,44.5,379662.068
1698926400,2023-11-02T12:00:00+00:00,44.48,44.51,39.2,40.02,856480.717
1698940800,2023-11-02T16:00:00+00:00,40,41.6,38.64,41.43,988157.996
1698955200,2023-11-02T20:00:00+00:00,41.42,42.14,39.56,40.25,482176.315
1698969600,2023-11-03T00:00:00+00:00,40.26,40.26,38.02,38.96,449337.138
1698984000,2023-11-03T04:00:00+00:00,38.94,39.12,38.02,39,589228.8559999999
1698998400,2023-11-03T08:00:00+00:00,38.99,39.76,38.1,39.16,242407.622
1699012800,2023-11-03T12:00:00+00:00,39.15,40.21,38.8,39.83,733850.97
1699027200,2023-11-03T16:00:00+00:00,39.81,40.05,38.52,39.17,343110.377
1699041600,2023-11-03T20:00:00+00:00,39.17,39.92,39.05,39.48,215999.417
1699056000,2023-11-04T00:00:00+00:00,39.46,41.26,39,41.13,404046.94899999996
1699070400,2023-11-04T04:00:00+00:00,41.15,42.09,40.43,41.74,276114.341
1699084800,2023-11-04T08:00:00+00:00,41.73,42.73,41,41.55,218027.48500000002
1699099200,2023-11-04T12:00:00+00:00,41.54,42.23,41,41.29,282413.581
1699113600,2023-11-04T16:00:00+00:00,41.29,41.9,41.06,41.42,196409.312
1699128000,2023-11-04T20:00:00+00:00,41.41,42.8,41.32,42.44,356093.565
1699142400,2023-11-05T00:00:00+00:00,42.43,42.89,41.72,42.53,306086.48400000005
1699156800,2023-11-05T04:00:00+00:00,42.53,42.55,41.47,41.6,226780.11400000003
1699171200,2023-11-05T08:00:00+00:00,41.6,41.83,41.13,41.68,187655.59600000002
1699185600,2023-11-05T12:00:00+00:00,41.67,41.9,40.53,40.75,480427.288
1699200000,2023-11-05T16:00:00+00:00,40.74,41.61,40.67,40.77,170147.887
1699214400,2023-11-05T20:00:00+00:00,40.79,41.82,40.29,41.2,290931.25899999996
1699228800,2023-11-06T00:00:00+00:00,41.21,41.87,40.94,41.14,255452.53
1699243200,2023-11-06T04:00:00+00:00,41.15,41.26,39.69,39.94,473021.321
1699257600,2023-11-06T08:00:00+00:00,39.96,40.72,39.72,40.32,200512.142
1699272000,2023-11-06T12:00:00+00:00,40.33,40.75,39.91,40.26,335131.48
1699286400,2023-11-06T16:00:00+00:00,40.25,40.55,39.89,40.49,314867.425
1699300800,2023-11-06T20:00:00+00:00,40.5,42.25,40.04,42.16,633035.133
1699315200,2023-11-07T00:00:00+00:00,42.17,42.25,40.11,40.84,466099.01800000004
1699329600,2023-11-07T04:00:00+00:00,40.83,41.68,40.68,41.55,123170.693
1699344000,2023-11-07T08:00:00+00:00,41.59,41.75,40.51,41.11,126004.221
1699358400,2023-11-07T12:00:00+00:00,41.1,42.16,40.74,41.2,700843.44
1699372800,2023-11-07T16:00:00+00:00,41.23,44.42,41.04,43.89,1288591.8260000001
1699387200,2023-11-07T20:00:00+00:00,43.89,44.75,42.78,42.95,743134.503
1699401600,2023-11-08T00:00:00+00:00,42.94,43.52,42.27,43.38,247358.171
1699416000,2023-11-08T04:00:00+00:00,43.39,43.78,43,43.49,146106.959
1699430400,2023-11-08T08:00:00+00:00,43.49,43.89,43.1,43.33,71603.5
1699444800,2023-11-08T12:00:00+00:00,43.36,43.61,42.32,42.75,217605.048
1699459200,2023-11-08T16:00:00+00:00,42.77,43.62,42.55,43.11,267862.24399999995
1699473600,2023-11-08T20:00:00+00:00,43.11,43.51,42.3,43.13,468295.129
1699488000,2023-11-09T00:00:00+00:00,43.16,44.14,42.52,44.1,586739.719
1699502400,2023-11-09T04:00:00+00:00,44.11,44.63,43.84,43.92,222492.06
1699516800,2023-11-09T08:00:00+00:00,43.91,47.45,43.91,47.13,552932.8289999999
1699531200,2023-11-09T12:00:00+00:00,47.14,48.93,45.6,46.56,1383137.5
1699545600,2023-11-09T16:00:00+00:00,46.55,46.82,43.45,44.44,1009533.198
1699560000,2023-11-09T20:00:00+00:00,44.42,45.76,43.09,45.3,502781.809
1699574400,2023-11-10T00:00:00+00:00,45.31,48,45.08,47.42,480833.404
1699588800,2023-11-10T04:00:00+00:00,47.42,48.87,46.76,47.53,497284.656
1699603200,2023-11-10T08:00:00+00:00,47.55,51.14,46.58,50.71,639467.486
1699617600,2023-11-10T12:00:00+00:00,50.72,51.94,48.64,50.91,885122.584
1699632000,2023-11-10T16:00:00+00:00,50.92,55,50.66,54.14,1082165.173
1699646400,2023-11-10T20:00:00+00:00,54.13,57.74,53.08,56.72,980489.317
1699660800,2023-11-11T00:00:00+00:00,56.7,57.73,54.33,55.87,689535.5819999999
1699675200,2023-11-11T04:00:00+00:00,55.84,56,53.6,54.24,355430.695
1699689600,2023-11-11T08:00:00+00:00,54.32,55.88,53.82,55.27,317474.076
1699704000,2023-11-11T12:00:00+00:00,55.29,63.98,55.06,60.93,1360850.309
1699718400,2023-11-11T16:00:00+00:00,60.93,62.6,58.02,60.42,1214253.306
1699732800,2023-11-11T20:00:00+00:00,60.42,60.42,55.33,56.35,925832.274
1699747200,2023-11-12T00:00:00+00:00,56.36,57.93,54.42,57.4,659853.009
1699761600,2023-11-12T04:00:00+00:00,57.39,61.89,56.47,61.13,543344.655
1699776000,2023-11-12T08:00:00+00:00,61.12,61.47,58.44,60,343141.521
1699790400,2023-11-12T12:00:00+00:00,60.01,60.43,57.74,58.66,367172.62
1699804800,2023-11-12T16:00:00+00:00,58.66,58.8,54.85,56.03,828085.738
1699819200,2023-11-12T20:00:00+00:00,56.04,57.54,55.62,56.28,548665.767
1699833600,2023-11-13T00:00:00+00:00,56.25,59.45,55.17,57.11,759014.509
1699848000,2023-11-13T04:00:00+00:00,57.08,59.49,56.7,58.27,288641.06299999997
1699862400,2023-11-13T08:00:00+00:00,58.27,59.63,56.5,57.06,246203.506
1699876800,2023-11-13T12:00:00+00:00,57.05,59.88,54.5,55.64,636021.308
1699891200,2023-11-13T16:00:00+00:00,55.64,57,52.18,54.66,740483.6610000001
1699905600,2023-11-13T20:00:00+00:00,54.68,54.69,51.54,51.6,714989.3350000001
1699920000,2023-11-14T00:00:00+00:00,51.59,54.87,51.26,54.07,697971.6209999999
1699934400,2023-11-14T04:00:00+00:00,54.05,55.46,53.81,55.23,225166.123
1699948800,2023-11-14T08:00:00+00:00,55.19,55.8,52,52.68,312181.919
1699963200,2023-11-14T12:00:00+00:00,52.67,58,52.05,56.2,819554.19
1699977600,2023-11-14T16:00:00+00:00,56.23,56.99,52.38,55.1,549442.095
1699992000,2023-11-14T20:00:00+00:00,55.11,57.5,54.82,56.84,581615.932
1700006400,2023-11-15T00:00:00+00:00,56.84,57.96,56.16,56.25,330043.17299999995
1700020800,2023-11-15T04:00:00+00:00,56.26,59.67,56.26,59.2,370310.99199999997
1700035200,2023-11-15T08:00:00+00:00,59.2,64.11,58.74,63,726227.981
1700049600,2023-11-15T12:00:00+00:00,63,63.85,61.35,62.43,709914.7010000001
1700064000,2023-11-15T16:00:00+00:00,62.44,65.9,60.59,65.39,745140.22
1700078400,2023-11-15T20:00:00+00:00,65.39,67.13,64.17,65.48,709124.387
1700092800,2023-11-16T00:00:00+00:00,65.49,66.76,64.43,65.92,473669.212
1700107200,2023-11-16T04:00:00+00:00,65.88,68.18,64.76,65.71,432315.874
1700121600,2023-11-16T08:00:00+00:00,65.68,66.12,63.28,64.04,350057.86100000003
1700136000,2023-11-16T12:00:00+00:00,64.03,64.73,60.5,61.57,981409.9450000001
1700150400,2023-11-16T16:00:00+00:00,61.62,62.9,58.99,62.34,829202.05
1700164800,2023-11-16T20:00:00+00:00,62.35,62.91,56.39,57.8,1393488.7380000001
1700179200,2023-11-17T00:00:00+00:00,57.82,60.55,57.6,58.97,689987.7799999999
1700193600,2023-11-17T04:00:00+00:00,58.96,59.98,58.01,58.15,209187.426
1700208000,2023-11-17T08:00:00+00:00,58.17,59.05,56.57,58.17,383033.351
1700222400,2023-11-17T12:00:00+00:00,58.16,59.63,54.11,55.06,613372.676
1700236800,2023-11-17T16:00:00+00:00,55.02,58.77,54.4,57.6,523190.329
1700251200,2023-11-17T20:00:00+00:00,57.6,59.47,57.51,58.55,321437.881
1700265600,2023-11-18T00:00:00+00:00,58.53,58.62,56.3,56.72,315543.251
1700280000,2023-11-18T04:00:00+00:00,56.73,57.45,54.77,56.38,203775.98200000002
1700294400,2023-11-18T08:00:00+00:00,56.37,57.66,56.08,56.98,122498.108
1700308800,2023-11-18T12:00:00+00:00,56.99,58.38,55.54,58.02,277829.618
1700323200,2023-11-18T16:00:00+00:00,58.02,59.4,57.57,59.1,673497.789
1700337600,2023-11-18T20:00:00+00:00,59.1,59.35,58.03,58.59,218997.19199999998
1700352000,2023-11-19T00:00:00+00:00,58.59,58.59,56.66,58.27,223613.037
1700366400,2023-11-19T04:00:00+00:00,58.27,60.9,57.77,60.45,274789.737
1700380800,2023-11-19T08:00:00+00:00,60.46,62,59.35,59.86,382842.54800000007
1700395200,2023-11-19T12:00:00+00:00,59.88,60.38,59.07,60.02,228497.89
1700409600,2023-11-19T16:00:00+00:00,60.01,61.33,59.44,61.21,510608.323
1700424000,2023-11-19T20:00:00+00:00,61.25,62.28,60.2,61.15,457831.571
1700438400,2023-11-20T00:00:00+00:00,61.14,61.35,59.79,59.95,300855.266
1700452800,2023-11-20T04:00:00+00:00,59.96,60.2,59.14,59.89,157515.46899999998
1700467200,2023-11-20T08:00:00+00:00,59.9,61.1,59.32,60.16,150121.58299999998
1700481600,2023-11-20T12:00:00+00:00,60.11,60.66,58,59.04,276310.64800000004
1700496000,2023-11-20T16:00:00+00:00,59.03,59.44,56.8,57.6,469136.03599999996
1700510400,2023-11-20T20:00:00+00:00,57.6,57.82,56.04,56.61,437394.56700000004
1700524800,2023-11-21T00:00:00+00:00,56.59,57.4,55.05,56.03,344124.168
1700539200,2023-11-21T04:00:00+00:00,56.03,56.47,55.33,55.37,117230.565
1700553600,2023-11-21T08:00:00+00:00,55.41,57.15,55.4,56.29,143235.57799999998
1700568000,2023-11-21T12:00:00+00:00,56.29,56.65,52.81,55.13,593049.471
1700582400,2023-11-21T16:00:00+00:00,55.14,56.24,52.4,54.8,517051.824
1700596800,2023-11-21T20:00:00+00:00,54.81,55.75,51.28,51.65,503346.18299999996
1700611200,2023-11-22T00:00:00+00:00,51.68,54.55,51.47,54.39,397123.373
1700625600,2023-11-22T04:00:00+00:00,54.4,55.3,53.89,54.71,182841.649
1700640000,2023-11-22T08:00:00+00:00,54.73,55.24,54.38,54.5,134922.997
1700654400,2023-11-22T12:00:00+00:00,54.51,55.73,54.04,54.92,304328.37
1700668800,2023-11-22T16:00:00+00:00,54.94,57.67,54.41,57.36,478123.9199999999
1700683200,2023-11-22T20:00:00+00:00,57.35,58.96,56.96,57.58,422073.148
1700697600,2023-11-23T00:00:00+00:00,57.6,58.5,57.02,57.62,278217.244
1700712000,2023-11-23T04:00:00+00:00,57.65,58.5,57.5,57.83,152127.106
1700726400,2023-11-23T08:00:00+00:00,57.82,58.99,57.16,57.99,216470.953
1700740800,2023-11-23T12:00:00+00:00,57.98,59.59,56.44,56.59,305357.618
1700755200,2023-11-23T16:00:00+00:00,56.6,57.3,56.15,56.36,208285.074
1700769600,2023-11-23T20:00:00+00:00,56.36,57.04,56.31,56.52,142468.665
1700784000,2023-11-24T00:00:00+00:00,56.52,57.6,56.2,57.29,192313.261
1700798400,2023-11-24T04:00:00+00:00,57.29,57.45,56.64,57.36,149865.128
1700812800,2023-11-24T08:00:00+00:00,57.36,58.78,57.09,58.05,234681.353
1700827200,2023-11-24T12:00:00+00:00,58.05,58.5,57.21,58.17,313108.90599999996
1700841600,2023-11-24T16:00:00+00:00,58.15,58.45,56.86,57.18,299599.69299999997
1700856000,2023-11-24T20:00:00+00:00,57.15,57.62,56.5,56.89,185664.486
1700870400,2023-11-25T00:00:00+00:00,56.89,59.8,56,58.84,477235.32
1700884800,2023-11-25T04:00:00+00:00,58.84,59.02,58.44,58.67,121663.678
1700899200,2023-11-25T08:00:00+00:00,58.66,58.87,57.38,57.87,110816.55799999999
1700913600,2023-11-25T12:00:00+00:00,57.83,58.77,57.75,58.56,130599.886
1700928000,2023-11-25T16:00:00+00:00,58.56,59.7,58.41,59.07,224815.691
1700942400,2023-11-25T20:00:00+00:00,59.06,59.33,58.65,58.83,154612.199
1700956800,2023-11-26T00:00:00+00:00,58.83,59.08,58.02,58.35,205730.608
1700971200,2023-11-26T04:00:00+00:00,58.35,58.65,58.18,58.43,150734.09100000001
1700985600,2023-11-26T08:00:00+00:00,58.43,58.62,57.77,57.83,107017.79699999999
1701000000,2023-11-26T12:00:00+00:00,57.84,58.06,56.66,57.08,206700.596
1701014400,2023-11-26T16:00:00+00:00,57.07,57.3,56.17,57.23,255000.62099999998
1701028800,2023-11-26T20:00:00+00:00,57.22,58.64,57.03,57.59,216066.109
1701043200,2023-11-27T00:00:00+00:00,57.58,58.07,56.25,56.61,235762.10100000002
1701057600,2023-11-27T04:00:00+00:00,56.6,57.32,55.53,55.96,219458.689
1701072000,2023-11-27T08:00:00+00:00,55.93,56.31,54.72,55.02,240432.23100000003
1701086400,2023-11-27T12:00:00+00:00,55.01,55.21,53.91,53.97,349246.127
1701100800,2023-11-27T16:00:00+00:00,53.95,55.19,53.47,54.11,301603.641
1701115200,2023-11-27T20:00:00+00:00,54.11,55.2,53.69,55.07,199025.61099999998
1701129600,2023-11-28T00:00:00+00:00,55.06,55.4,54.59,54.96,155206.728
1701144000,2023-11-28T04:00:00+00:00,54.95,55.33,53.95,55.08,119491.412
1701158400,2023-11-28T08:00:00+00:00,55.13,56.28,54.66,56.18,129974.00700000001
1701172800,2023-11-28T12:00:00+00:00,56.2,56.42,55.41,56.08,239002.02800000002
1701187200,2023-11-28T16:00:00+00:00,56.08,58.43,55.98,58.13,473582.206
1701201600,2023-11-28T20:00:00+00:00,58.13,58.69,57.62,58.22,352688.827
1701216000,2023-11-29T00:00:00+00:00,58.22,58.89,57.68,58.55,248021.205
1701230400,2023-11-29T04:00:00+00:00,58.55,59.68,58.25,59.39,241724.70900000003
1701244800,2023-11-29T08:00:00+00:00,59.41,61.81,59.41,60.67,415463.681
1701259200,2023-11-29T12:00:00+00:00,60.71,61.66,59.16,60.08,417573.239
1701273600,2023-11-29T16:00:00+00:00,60.08,60.41,58.86,60.08,324760.94
1701288000,2023-11-29T20:00:00+00:00,60.07,60.27,58.59,59.3,436318.35199999996
1701302400,2023-11-30T00:00:00+00:00,59.32,61,58.76,60.45,210347.603
1701316800,2023-11-30T04:00:00+00:00,60.45,61.25,59.67,60.02,149406.894
1701331200,2023-11-30T08:00:00+00:00,60.01,60.94,59.14,60.78,121797.19499999998
1701345600,2023-11-30T12:00:00+00:00,60.79,61.73,59.2,59.57,291350.435
1701360000,2023-11-30T16:00:00+00:00,59.57,60.08,58.92,60.02,159824.939
1701374400,2023-11-30T20:00:00+00:00,60.02,60.2,58.96,59.29,144928.582
1701388800,2023-12-01T00:00:00+00:00,59.31,61.13,58.62,60.77,333227.786
1701403200,2023-12-01T04:00:00+00:00,60.8,61.32,60.22,60.89,147683.814
1701417600,2023-12-01T08:00:00+00:00,60.89,61.92,60.71,61.07,150205.493
1701432000,2023-12-01T12:00:00+00:00,61.09,61.23,59.76,60.13,207566.15600000002
1701446400,2023-12-01T16:00:00+00:00,60.13,61.11,59.9,60.52,210604.2
1701460800,2023-12-01T20:00:00+00:00,60.53,60.73,59.61,59.77,184908.396
1701475200,2023-12-02T00:00:00+00:00,59.77,61.2,59.69,61.05,156699.32700000002
1701489600,2023-12-02T04:00:00+00:00,61.03,62.65,60.81,62.04,246207.36700000003
1701504000,2023-12-02T08:00:00+00:00,62.05,62.5,61.65,62.19,100334.565
1701518400,2023-12-02T12:00:00+00:00,62.2,62.59,61.51,61.89,166266.735
1701532800,2023-12-02T16:00:00+00:00,61.89,63.37,61.49,63,392185.354
1701547200,2023-12-02T20:00:00+00:00,63,63.94,62.73,63.7,328578.36100000003
1701561600,2023-12-03T00:00:00+00:00,63.69,65.56,63.54,64.11,514671.448
1701576000,2023-12-03T04:00:00+00:00,64.11,64.33,63.53,63.96,206757.085
1701590400,2023-12-03T08:00:00+00:00,63.97,64.16,63.07,63.56,194268.516
1701604800,2023-12-03T12:00:00+00:00,63.54,63.71,62.44,63,284416.78500000003
1701619200,2023-12-03T16:00:00+00:00,62.98,63.04,62.23,62.97,272185.494
1701633600,2023-12-03T20:00:00+00:00,62.97,64.13,62.47,63.01,368289.99600000004
1701648000,2023-12-04T00:00:00+00:00,63.02,64.9,62.95,64.23,446596.99199999997
1701662400,2023-12-04T04:00:00+00:00,64.23,65.26,63.55,63.7,433415.0
1701676800,2023-12-04T08:00:00+00:00,63.7,64.36,59.8,62.15,484315.902
1701691200,2023-12-04T12:00:00+00:00,62.16,62.25,59.96,60.49,537411.013
1701705600,2023-12-04T16:00:00+00:00,60.49,61.29,60.32,61.04,367763.595
1701720000,2023-12-04T20:00:00+00:00,61.04,62.09,60.66,61.59,438879.49600000004
1701734400,2023-12-05T00:00:00+00:00,61.62,62.16,59.67,60.61,407933.701
1701748800,2023-12-05T04:00:00+00:00,60.63,60.66,59.13,59.69,241686.813
1701763200,2023-12-05T08:00:00+00:00,59.67,60.46,59.45,60.17,100060.708
1701777600,2023-12-05T12:00:00+00:00,60.17,61.66,60,60.98,189420.698
1701792000,2023-12-05T16:00:00+00:00,60.95,62.57,60.42,61.38,495839.148
1701806400,2023-12-05T20:00:00+00:00,61.37,61.62,60.2,61.03,256183.28100000002
1701820800,2023-12-06T00:00:00+00:00,61.04,64.47,61.04,64.36,889496.219
1701835200,2023-12-06T04:00:00+00:00,64.37,64.67,62.62,63.36,396471.497
1701849600,2023-12-06T08:00:00+00:00,63.34,66.63,62,63.05,490563.13
1701864000,2023-12-06T12:00:00+00:00,63.03,63.75,62.41,62.62,282349.011
1701878400,2023-12-06T16:00:00+00:00,62.62,64.49,62.5,64.43,341962.375
1701892800,2023-12-06T20:00:00+00:00,64.45,64.61,61.53,61.85,306409.946
1701907200,2023-12-07T00:00:00+00:00,61.86,64.01,61.62,62.94,267899.656
1701921600,2023-12-07T04:00:00+00:00,62.93,63.86,62.85,63.37,102119.534
1701936000,2023-12-07T08:00:00+00:00,63.36,64.32,61.87,64.22,253711.764
1701950400,2023-12-07T12:00:00+00:00,64.22,66.19,63.63,65.82,478973.33400000003
1701964800,2023-12-07T16:00:00+00:00,65.83,67.5,64.52,64.77,677175.103
1701979200,2023-12-07T20:00:00+00:00,64.77,69.45,64.63,67.77,1095963.5690000001
1701993600,2023-12-08T00:00:00+00:00,67.79,72.35,67.79,71.45,661964.737
1702008000,2023-12-08T04:00:00+00:00,71.45,72.88,70.88,71.4,503475.538
1702022400,2023-12-08T08:00:00+00:00,71.39,73.75,70.5,72.97,317136.009
1702036800,2023-12-08T12:00:00+00:00,72.96,74.25,71.71,72.03,444283.12
1702051200,2023-12-08T16:00:00+00:00,72.04,74.06,72.01,72.3,437942.597
1702065600,2023-12-08T20:00:00+00:00,72.32,75.31,72.28,74.95,474919.35400000005
1702080000,2023-12-09T00:00:00+00:00,74.94,75.5,72.8,74.17,423439.506
1702094400,2023-12-09T04:00:00+00:00,74.18,77.77,73.69,76.98,381745.267
1702108800,2023-12-09T08:00:00+00:00,76.98,77.55,74.7,77.17,421562.625
1702123200,2023-12-09T12:00:00+00:00,77.12,77.47,75.15,75.6,443821.65199999994
1702137600,2023-12-09T16:00:00+00:00,75.6,75.86,72.76,74.08,491968.70499999996
1702152000,2023-12-09T20:00:00+00:00,74.11,74.3,71.56,72.24,360952.81299999997
1702166400,2023-12-10T00:00:00+00:00,72.27,74,72.25,73.01,245476.63499999998
1702180800,2023-12-10T04:00:00+00:00,73.01,73.65,71.65,72.47,318538.429
1702195200,2023-12-10T08:00:00+00:00,72.47,72.76,70.66,71.42,261724.082
1702209600,2023-12-10T12:00:00+00:00,71.43,74.67,71.36,73.72,310543.304
1702224000,2023-12-10T16:00:00+00:00,73.71,74.09,72.11,73.47,276283.518
1702238400,2023-12-10T20:00:00+00:00,73.46,74.91,73.3,74.87,355856.572
1702252800,2023-12-11T00:00:00+00:00,74.86,74.97,66,70.88,761306.165
1702267200,2023-12-11T04:00:00+00:00,70.89,71.21,67.87,68.49,488920.723
1702281600,2023-12-11T08:00:00+00:00,68.48,69.95,67.75,69.63,291844.84
1702296000,2023-12-11T12:00:00+00:00,69.59,69.84,66.9,69.25,523398.348
1702310400,2023-12-11T16:00:00+00:00,69.23,70.75,67.4,69.25,485725.66799999995
1702324800,2023-12-11T20:00:00+00:00,69.27,70.56,67.68,70.22,352073.484
1702339200,2023-12-12T00:00:00+00:00,70.2,72.48,70.2,71.17,482268.423
1702353600,2023-12-12T04:00:00+00:00,71.16,71.74,69.6,71.74,205170.928
1702368000,2023-12-12T08:00:00+00:00,71.74,72.18,70.49,70.63,139915.188
1702382400,2023-12-12T12:00:00+00:00,70.59,72.9,68.07,68.41,532849.162
1702396800,2023-12-12T16:00:00+00:00,68.41,68.73,65.71,67.56,540840.411
1702411200,2023-12-12T20:00:00+00:00,67.57,69.05,66.87,68.54,252083.137
1702425600,2023-12-13T00:00:00+00:00,68.55,68.73,65.11,65.46,321109.987
1702440000,2023-12-13T04:00:00+00:00,65.44,66.25,63.75,64.84,275172.171
1702454400,2023-12-13T08:00:00+00:00,64.87,66.55,64.75,65.35,135935.092
1702468800,2023-12-13T12:00:00+00:00,65.35,68.13,65.08,67.53,258806.80099999998
1702483200,2023-12-13T16:00:00+00:00,67.54,70.61,66.78,70.37,412995.658
1702497600,2023-12-13T20:00:00+00:00,70.35,72.64,70.1,70.62,627146.5040000001
1702512000,2023-12-14T00:00:00+00:00,70.63,71.07,69.67,70.09,236353.685
1702526400,2023-12-14T04:00:00+00:00,70.1,72,69.71,71.56,308763.627
1702540800,2023-12-14T08:00:00+00:00,71.55,73.6,71.07,73.51,187335.903
1702555200,2023-12-14T12:00:00+00:00,73.53,73.8,68.27,71.66,448619.912
1702569600,2023-12-14T16:00:00+00:00,71.66,74.49,71.66,73.32,346233.461
1702584000,2023-12-14T20:00:00+00:00,73.31,76.23,72.67,75.68,436108.9759999999
1702598400,2023-12-15T00:00:00+00:00,75.68,75.85,74,74.35,353897.29
1702612800,2023-12-15T04:00:00+00:00,74.34,77.06,74.34,76.68,332846.421
1702627200,2023-12-15T08:00:00+00:00,76.68,79.24,76.2,79.12,331973.459
1702641600,2023-12-15T12:00:00+00:00,79.12,79.45,75.19,76.04,423852.99
1702656000,2023-12-15T16:00:00+00:00,76.02,77.53,73.59,76.93,403150.53300000005
1702670400,2023-12-15T20:00:00+00:00,76.93,77.23,72.03,72.52,495561.74100000004
1702684800,2023-12-16T00:00:00+00:00,72.52,74.38,71.11,74.18,463802.851
1702699200,2023-12-16T04:00:00+00:00,74.17,74.53,73.58,74.33,128259.041
1702713600,2023-12-16T08:00:00+00:00,74.33,75.16,73.72,75.12,83850.012
1702728000,2023-12-16T12:00:00+00:00,75.11,77.18,74.87,77.09,275140.958
1702742400,2023-12-16T16:00:00+00:00,77.11,77.13,73.72,74.11,294388.928
1702756800,2023-12-16T20:00:00+00:00,74.11,74.54,72.47,73.67,454196.124
1702771200,2023-12-17T00:00:00+00:00,73.66,74.05,72.55,73.46,140539.22999999998
1702785600,2023-12-17T04:00:00+00:00,73.44,74.16,72,72.3,140566.354
1702800000,2023-12-17T08:00:00+00:00,72.3,73.23,71.8,73.02,75558.65999999999
1702814400,2023-12-17T12:00:00+00:00,73.01,73.21,71.33,72.58,342917.348
1702828800,2023-12-17T16:00:00+00:00,72.64,74.93,72.18,73.45,330963.926
1702843200,2023-12-17T20:00:00+00:00,73.46,74.08,70.44,70.79,365880.619
1702857600,2023-12-18T00:00:00+00:00,70.79,71.91,68.5,69.88,427347.828
1702872000,2023-12-18T04:00:00+00:00,69.88,70.14,68.63,68.87,199108.73100000003
1702886400,2023-12-18T08:00:00+00:00,68.87,69.87,67,68.97,309712.081
1702900800,2023-12-18T12:00:00+00:00,68.96,71.78,68.18,70.7,315965.591
1702915200,2023-12-18T16:00:00+00:00,70.7,72.65,70.36,72.32,222168.079
1702929600,2023-12-18T20:00:00+00:00,72.32,75.44,71.64,74.42,476527.54400000005
1702944000,2023-12-19T00:00:00+00:00,74.42,76,73.83,75.25,326176.381
1702958400,2023-12-19T04:00:00+00:00,75.25,76.33,74.96,75.68,155241.59100000001
1702972800,2023-12-19T08:00:00+00:00,75.69,76.07,74.47,74.59,122700.77400000002
1702987200,2023-12-19T12:00:00+00:00,74.61,75.09,72.77,73.62,270136.681
1703001600,2023-12-19T16:00:00+00:00,73.62,74.3,71.76,74.19,328395.356
1703016000,2023-12-19T20:00:00+00:00,74.2,75.35,72.25,73.01,351063.23899999994
1703030400,2023-12-20T00:00:00+00:00,72.98,75.11,72.93,74.9,207535.032
1703044800,2023-12-20T04:00:00+00:00,74.87,76.14,74.3,76.04,202678.44100000002
1703059200,2023-12-20T08:00:00+00:00,76.03,78.5,75.45,77.05,275171.115
1703073600,2023-12-20T12:00:00+00:00,77.06,81.21,76.34,80.71,675462.604
1703088000,2023-12-20T16:00:00+00:00,80.74,84.14,79.1,81.08,826782.808
1703102400,2023-12-20T20:00:00+00:00,81.09,82.47,78.99,82.26,708415.277
1703116800,2023-12-21T00:00:00+00:00,82.25,84.7,81.07,83.38,509616.3
1703131200,2023-12-21T04:00:00+00:00,83.38,87.05,83.01,86.8,349976.428
1703145600,2023-12-21T08:00:00+00:00,86.83,88.32,85.13,87.02,284194.81299999997
1703160000,2023-12-21T12:00:00+00:00,87.05,88.71,85.63,87.5,408241.755
1703174400,2023-12-21T16:00:00+00:00,87.49,95,87.49,92.86,1021502.661
1703188800,2023-12-21T20:00:00+00:00,92.87,96,91.22,93.89,607691.225
1703203200,2023-12-22T00:00:00+00:00,93.9,99.99,93.06,97.8,854777.906
1703217600,2023-12-22T04:00:00+00:00,97.81,99.3,92.21,93.73,502175.54
1703232000,2023-12-22T08:00:00+00:00,93.73,95.27,90.28,93.79,381589.521
1703246400,2023-12-22T12:00:00+00:00,93.73,96.88,91.96,96.34,488256.429
1703260800,2023-12-22T16:00:00+00:00,96.34,97.69,93.38,96.97,528724.3740000001
1703275200,2023-12-22T20:00:00+00:00,96.96,98.45,95.89,97.98,317740.49
1703289600,2023-12-23T00:00:00+00:00,98,98.29,93.4,93.8,312093.913
1703304000,2023-12-23T04:00:00+00:00,93.78,96.59,92.89,95.43,188474.995
1703318400,2023-12-23T08:00:00+00:00,95.43,96.47,94.73,95.94,120404.01000000001
1703332800,2023-12-23T12:00:00+00:00,95.93,97.36,95.34,96.84,173409.36599999998
1703347200,2023-12-23T16:00:00+00:00,96.81,103.75,96.15,102.94,650519.769
1703361600,2023-12-23T20:00:00+00:00,102.97,110,101.57,107.94,742099.143
1703376000,2023-12-24T00:00:00+00:00,107.96,117.32,107.36,116.32,1017500.5989999999
1703390400,2023-12-24T04:00:00+00:00,116.29,118,110.2,114.53,693060.495
1703404800,2023-12-24T08:00:00+00:00,114.53,114.75,107.74,110.41,363436.25399999996
1703419200,2023-12-24T12:00:00+00:00,110.43,114.69,109.09,113.58,393894.25299999997
1703433600,2023-12-24T16:00:00+00:00,113.59,117.5,112.35,115.2,541369.235
1703448000,2023-12-24T20:00:00+00:00,115.23,115.57,109.32,112.57,554066.657
1703462400,2023-12-25T00:00:00+00:00,112.52,113.07,108,112.05,383505.51300000004
1703476800,2023-12-25T04:00:00+00:00,112.06,114.44,111.4,112.96,168380.519
1703491200,2023-12-25T08:00:00+00:00,112.95,113.62,109.8,111.8,176804.847
1703505600,2023-12-25T12:00:00+00:00,111.79,123.99,110.33,123.16,645583.297
1703520000,2023-12-25T16:00:00+00:00,123.12,125.97,120.74,121.33,749751.845
1703534400,2023-12-25T20:00:00+00:00,121.28,121.86,116.47,120.95,505048.89599999995
1703548800,2023-12-26T00:00:00+00:00,120.94,121.42,116.49,119.39,309520.508
1703563200,2023-12-26T04:00:00+00:00,119.38,120.7,110.76,113.38,674480.395
1703577600,2023-12-26T08:00:00+00:00,113.39,115.66,111.2,114.76,268412.683
1703592000,2023-12-26T12:00:00+00:00,114.72,117.1,110.11,110.32,441964.684
1703606400,2023-12-26T16:00:00+00:00,110.32,112.84,102,106.64,996410.323
1703620800,2023-12-26T20:00:00+00:00,106.61,113,106.12,112.5,429197.24
1703635200,2023-12-27T00:00:00+00:00,112.5,113.67,107.86,108.55,337249.973
1703649600,2023-12-27T04:00:00+00:00,108.5,112.75,108.44,111.4,198493.962
1703664000,2023-12-27T08:00:00+00:00,111.39,115.33,110.95,112.78,292501.54099999997
1703678400,2023-12-27T12:00:00+00:00,112.76,113.25,106.21,107.8,600369.218
1703692800,2023-12-27T16:00:00+00:00,107.8,110.5,104.76,109.07,552023.596
1703707200,2023-12-27T20:00:00+00:00,109.05,110.91,106.49,106.95,291183.003
1703721600,2023-12-28T00:00:00+00:00,106.99,109.66,103.18,104.57,533634.276
1703736000,2023-12-28T04:00:00+00:00,104.57,106.48,102.3,105.9,331525.774
1703750400,2023-12-28T08:00:00+00:00,105.85,106.18,103.18,104.88,210453.901
1703764800,2023-12-28T12:00:00+00:00,104.87,105.11,96.55,99.76,775701.7239999999
1703779200,2023-12-28T16:00:00+00:00,99.77,101.68,98.42,101.1,370897.41299999994
1703793600,2023-12-28T20:00:00+00:00,101.12,104,98.86,101.81,501077.61400000006
1703808000,2023-12-29T00:00:00+00:00,101.86,105.97,99.34,104.91,390483.942
1703822400,2023-12-29T04:00:00+00:00,104.92,108.62,104.12,105.14,391932.46900000004
1703836800,2023-12-29T08:00:00+00:00,105.19,109.97,105.02,107.62,338548.26300000004
1703851200,2023-12-29T12:00:00+00:00,107.62,109.86,104.43,106,427073.488
1703865600,2023-12-29T16:00:00+00:00,106,107.96,102.61,105.8,537944.464
1703880000,2023-12-29T20:00:00+00:00,105.81,106.33,102.75,106.18,216220.913
1703894400,2023-12-30T00:00:00+00:00,106.16,107.46,102.95,103.56,143719.34600000002
1703908800,2023-12-30T04:00:00+00:00,103.6,104.95,103.16,103.47,99519.297
1703923200,2023-12-30T08:00:00+00:00,103.46,103.46,100.69,102.18,145543.164
1703937600,2023-12-30T12:00:00+00:00,102.12,104.39,102.06,104.27,101596.07800000001
1703952000,2023-12-30T16:00:00+00:00,104.22,104.95,102.59,103.23,121588.631
1703966400,2023-12-30T20:00:00+00:00,103.21,104.26,101.21,101.92,138948.816
1703980800,2023-12-31T00:00:00+00:00,101.91,102.95,99.29,100.66,210323.304
1703995200,2023-12-31T04:00:00+00:00,100.61,104.84,100.44,103.92,179650.98500000002
1704009600,2023-12-31T08:00:00+00:00,103.92,105.1,103.34,104.21,77269.601
1704024000,2023-12-31T12:00:00+00:00,104.2,105.17,102.12,102.43,110558.56899999999
1704038400,2023-12-31T16:00:00+00:00,102.43,104.45,102.24,103.73,132982.725
1704052800,2023-12-31T20:00:00+00:00,103.72,105,99.84,101.69,303834.385
1704067200,2024-01-01T00:00:00+00:00,101.7,104.69,101.52,103.07,205643.631
1704081600,2024-01-01T04:00:00+00:00,103.02,104,101.47,102.48,122071.483
1704096000,2024-01-01T08:00:00+00:00,102.48,104.85,101.81,104.34,124981.69099999999
1704110400,2024-01-01T12:00:00+00:00,104.49,106.41,103.89,106,175562.837
1704124800,2024-01-01T16:00:00+00:00,106.03,109.18,105.91,108.87,304797.694
1704139200,2024-01-01T20:00:00+00:00,108.89,110.44,107.2,110.11,253516.71199999997
1704153600,2024-01-02T00:00:00+00:00,110.11,113.23,108.63,111.5,392754.464
1704168000,2024-01-02T04:00:00+00:00,111.5,114.77,110.96,114.53,263774.273
1704182400,2024-01-02T08:00:00+00:00,114.56,117,112.76,113.96,274098.608
1704196800,2024-01-02T12:00:00+00:00,113.96,114.42,107.84,109.68,374712.1
1704211200,2024-01-02T16:00:00+00:00,109.68,110.49,106.8,107.69,280339.95300000004
1704225600,2024-01-02T20:00:00+00:00,107.7,108.95,106,106.74,239893.623
1704240000,2024-01-03T00:00:00+00:00,106.77,108.75,106.55,108.17,134933.429
1704254400,2024-01-03T04:00:00+00:00,108.18,109.97,107.18,107.83,143379.58500000002
1704268800,2024-01-03T08:00:00+00:00,107.86,109.44,102.49,103.46,190932.555
1704283200,2024-01-03T12:00:00+00:00,103.46,103.46,85.5,101.97,1621472.803
1704297600,2024-01-03T16:00:00+00:00,101.99,103.25,95.3,97.44,607171.121
1704312000,2024-01-03T20:00:00+00:00,97.42,100.57,97.29,98.59,236341.433
1704326400,2024-01-04T00:00:00+00:00,98.57,102,97.7,101.17,197299.52
1704340800,2024-01-04T04:00:00+00:00,101.2,101.74,98.79,98.94,99924.513
1704355200,2024-01-04T08:00:00+00:00,98.95,99.38,96.74,98.61,154487.09999999998
1704369600,2024-01-04T12:00:00+00:00,98.57,104.42,98.24,103.77,292022.076
1704384000,2024-01-04T16:00:00+00:00,103.77,106.95,101.62,105.31,402654.78099999996
1704398400,2024-01-04T20:00:00+00:00,105.31,108.23,104.38,105.01,348057.82
1704412800,2024-01-05T00:00:00+00:00,105.01,105.57,98.63,101.03,304308.99799999996
1704427200,2024-01-05T04:00:00+00:00,101.04,102.28,100.11,101.22,138414.864
1704441600,2024-01-05T08:00:00+00:00,101.2,103.19,99.24,99.7,155184.614
1704456000,2024-01-05T12:00:00+00:00,99.7,102.12,97,98.09,288843.713
1704470400,2024-01-05T16:00:00+00:00,98.07,98.94,95.36,98.02,252256.086
1704484800,2024-01-05T20:00:00+00:00,98.02,100.57,97.92,100.02,165423.711
1704499200,2024-01-06T00:00:00+00:00,100.02,100.35,97.85,98.76,126655.43600000002
1704513600,2024-01-06T04:00:00+00:00,98.75,99,91.57,94.61,305911.236
1704528000,2024-01-06T08:00:00+00:00,94.58,95.76,93.81,94.5,126297.788
1704542400,2024-01-06T12:00:00+00:00,94.53,96.52,92.89,95.26,132076.94199999998
1704556800,2024-01-06T16:00:00+00:00,95.25,97.35,94.6,95.13,146635.637
1704571200,2024-01-06T20:00:00+00:00,95.12,95.71,92.27,93.84,187191.863
1704585600,2024-01-07T00:00:00+00:00,93.84,96.36,91.51,92.95,256647.59900000002
1704600000,2024-01-07T04:00:00+00:00,92.94,95.58,92.88,95.31,166386.628
1704614400,2024-01-07T08:00:00+00:00,95.33,95.65,93,94.59,77860.01
1704628800,2024-01-07T12:00:00+00:00,94.6,96.88,93.42,94.01,166690.91499999998
1704643200,2024-01-07T16:00:00+00:00,94.01,95.07,93.1,94.81,137728.207
1704657600,2024-01-07T20:00:00+00:00,94.83,95.35,87.65,89.48,486798.431
1704672000,2024-01-08T00:00:00+00:00,89.52,90.94,85.46,87.27,678184.568
1704686400,2024-01-08T04:00:00+00:00,87.26,90.74,86.95,89.74,258819.035
1704700800,2024-01-08T08:00:00+00:00,89.74,92.29,88.6,92.27,133143.255
1704715200,2024-01-08T12:00:00+00:00,92.28,95.76,92.26,94.66,655006.1140000001
1704729600,2024-01-08T16:00:00+00:00,94.75,99.99,93.83,99.38,492965.698
1704744000,2024-01-08T20:00:00+00:00,99.34,99.54,96.06,98,390348.26
1704758400,2024-01-09T00:00:00+00:00,98,99.9,95.38,99.87,371850.149
1704772800,2024-01-09T04:00:00+00:00,99.91,104,99.57,101.92,367187.13300000003
1704787200,2024-01-09T08:00:00+00:00,101.92,102.7,99.6,101.89,125699.159
1704801600,2024-01-09T12:00:00+00:00,101.92,102.41,96,99.85,263893.93
1704816000,2024-01-09T16:00:00+00:00,99.85,101.5,98.32,99.33,221218.93399999998
1704830400,2024-01-09T20:00:00+00:00,99.34,104.16,95.55,99.42,488296.38600000006
1704844800,2024-01-10T00:00:00+00:00,99.36,100.2,97.55,99.69,169631.756
1704859200,2024-01-10T04:00:00+00:00,99.69,100.42,98.08,98.16,104278.0
1704873600,2024-01-10T08:00:00+00:00,98.17,98.26,96.29,97.38,107991.449
1704888000,2024-01-10T12:00:00+00:00,97.34,97.69,92.03,94.77,573399.4469999999
1704902400,2024-01-10T16:00:00+00:00,94.78,98.35,94,96.31,390552.53500000003
1704916800,2024-01-10T20:00:00+00:00,96.35,105.55,93.1,102.01,786488.239
1704931200,2024-01-11T00:00:00+00:00,102.02,102.14,99.17,100.31,314640.197
1704945600,2024-01-11T04:00:00+00:00,100.3,101.76,98,99.72,253670.15800000002
1704960000,2024-01-11T08:00:00+00:00,99.7,104.62,99.58,104.48,296004.671
1704974400,2024-01-11T12:00:00+00:00,104.5,107.25,99.61,100.75,656984.199
1704988800,2024-01-11T16:00:00+00:00,100.79,101.5,97.5,101.33,590358.82
1705003200,2024-01-11T20:00:00+00:00,101.33,102.35,99,99.91,311218.467
1705017600,2024-01-12T00:00:00+00:00,99.9,100.32,97.5,97.73,196594.149
1705032000,2024-01-12T04:00:00+00:00,97.69,100.47,97.65,98.86,98944.08799999999
1705046400,2024-01-12T08:00:00+00:00,98.86,99.1,97.61,98.25,67609.37299999999
1705060800,2024-01-12T12:00:00+00:00,98.22,99.33,95.03,95.25,285322.76
1705075200,2024-01-12T16:00:00+00:00,95.24,96.64,92.65,95.11,364324.87100000004
1705089600,2024-01-12T20:00:00+00:00,95.1,95.89,86.77,92.1,479065.424
1705104000,2024-01-13T00:00:00+00:00,92.11,92.61,89.5,91.07,220299.56999999998
1705118400,2024-01-13T04:00:00+00:00,91.04,93.28,90.88,92.56,121373.058
1705132800,2024-01-13T08:00:00+00:00,92.56,93.2,91.49,92.2,103077.084
1705147200,2024-01-13T12:00:00+00:00,92.18,93.32,91.06,92.86,117166.93
1705161600,2024-01-13T16:00:00+00:00,92.89,95.71,91.58,94.9,222321.914
1705176000,2024-01-13T20:00:00+00:00,94.9,97.51,94.77,95.87,383622.824
1705190400,2024-01-14T00:00:00+00:00,95.86,96.95,94.18,96.9,220211.84999999998
1705204800,2024-01-14T04:00:00+00:00,96.88,98.78,95.92,98.24,192646.902
1705219200,2024-01-14T08:00:00+00:00,98.23,98.53,96.59,96.69,43195.91100000001
1705233600,2024-01-14T12:00:00+00:00,96.7,100,96.25,99.49,173505.75
1705248000,2024-01-14T16:00:00+00:00,99.51,105.44,95.5,95.99,864531.652
1705262400,2024-01-14T20:00:00+00:00,95.96,97.62,93.61,93.77,414218.097
1705276800,2024-01-15T00:00:00+00:00,93.75,96.91,93.75,95.82,228036.32799999998
1705291200,2024-01-15T04:00:00+00:00,95.85,96.78,94.94,95.55,141761.529
1705305600,2024-01-15T08:00:00+00:00,95.55,95.94,94.38,95.47,71660.97499999999
1705320000,2024-01-15T12:00:00+00:00,95.47,95.77,93.01,93.45,153243.01
1705334400,2024-01-15T16:00:00+00:00,93.44,96.67,93.21,95.94,163276.54499999998
1705348800,2024-01-15T20:00:00+00:00,95.94,96.43,93.2,94.32,124790.388
1705363200,2024-01-16T00:00:00+00:00,94.3,96.14,94.3,96.09,106745.883
1705377600,2024-01-16T04:00:00+00:00,96.1,98.11,95.23,97.62,115539.887
1705392000,2024-01-16T08:00:00+00:00,97.62,98.16,96.19,96.61,90139.27799999999
1705406400,2024-01-16T12:00:00+00:00,96.61,97.71,94.09,97.2,174232.338
1705420800,2024-01-16T16:00:00+00:00,97.18,97.83,96.05,96.74,123488.35500000001
1705435200,2024-01-16T20:00:00+00:00,96.77,98.69,96.69,97.59,196584.87200000003
1705449600,2024-01-17T00:00:00+00:00,97.59,101,97.31,99.95,276276.436
1705464000,2024-01-17T04:00:00+00:00,99.95,100.3,96.23,97.22,154981.70700000002
1705478400,2024-01-17T08:00:00+00:00,97.25,102.7,96.6,101.92,201073.83000000002
1705492800,2024-01-17T12:00:00+00:00,101.92,102.65,99.07,99.33,379677.321
1705507200,2024-01-17T16:00:00+00:00,99.36,101.12,97.22,100.72,329844.68700000003
1705521600,2024-01-17T20:00:00+00:00,100.72,102.25,100.01,102.04,431440.716
1705536000,2024-01-18T00:00:00+00:00,102.01,103.49,99.44,99.78,354275.501
1705550400,2024-01-18T04:00:00+00:00,99.78,101.39,99.67,100.65,136539.332
1705564800,2024-01-18T08:00:00+00:00,100.63,101.09,98.22,98.85,120645.852
1705579200,2024-01-18T12:00:00+00:00,98.88,99.16,97.56,98.14,143267.612
1705593600,2024-01-18T16:00:00+00:00,98.14,98.14,91.37,92.23,480436.49799999996
1705608000,2024-01-18T20:00:00+00:00,92.23,94.8,92.09,94.31,287656.725
1705622400,2024-01-19T00:00:00+00:00,94.33,94.69,91.38,92.98,190603.772
1705636800,2024-01-19T04:00:00+00:00,92.98,95.28,92.74,94.37,86339.072
1705651200,2024-01-19T08:00:00+00:00,94.35,95.35,93.7,94.7,95425.471
1705665600,2024-01-19T12:00:00+00:00,94.67,94.67,90.6,91.13,231968.049
1705680000,2024-01-19T16:00:00+00:00,91.13,94.58,87,94.02,641066.9
1705694400,2024-01-19T20:00:00+00:00,94.02,94.86,92.63,93.6,170420.339
1705708800,2024-01-20T00:00:00+00:00,93.56,94.15,91.94,93.55,110529.33
1705723200,2024-01-20T04:00:00+00:00,93.55,93.65,91.7,91.82,81388.01699999999
1705737600,2024-01-20T08:00:00+00:00,91.83,92.25,91.05,91.92,52736.898
1705752000,2024-01-20T12:00:00+00:00,91.92,92.18,90.15,90.82,96176.52799999999
1705766400,2024-01-20T16:00:00+00:00,90.79,92.53,90.69,91.94,89784.384
1705780800,2024-01-20T20:00:00+00:00,91.96,93.4,91.73,92.82,95290.11300000001
1705795200,2024-01-21T00:00:00+00:00,92.82,93.23,91.76,92.88,98932.181
1705809600,2024-01-21T04:00:00+00:00,92.89,93.02,91.79,92.3,36967.691999999995
1705824000,2024-01-21T08:00:00+00:00,92.33,93.88,92.18,93.1,44084.094000000005
1705838400,2024-01-21T12:00:00+00:00,93.09,93.63,91.96,92.46,57412.132999999994
1705852800,2024-01-21T16:00:00+00:00,92.46,92.88,91.59,92.39,63021.28
1705867200,2024-01-21T20:00:00+00:00,92.41,92.55,90.74,91.02,99440.19
1705881600,2024-01-22T00:00:00+00:00,91.03,91.84,88.18,89.27,195059.84399999998
1705896000,2024-01-22T04:00:00+00:00,89.26,90.09,88.14,89.12,110438.306
1705910400,2024-01-22T08:00:00+00:00,89.12,89.12,86.2,88.32,187483.263
1705924800,2024-01-22T12:00:00+00:00,88.27,89.89,85.57,87.15,246059.878
1705939200,2024-01-22T16:00:00+00:00,87.15,87.55,81.94,83.56,510854.135
1705953600,2024-01-22T20:00:00+00:00,83.56,86.33,83.1,83.75,356861.711
1705968000,2024-01-23T00:00:00+00:00,83.74,85.83,83.53,85.14,185374.024
1705982400,2024-01-23T04:00:00+00:00,85.12,85.88,82.21,82.74,89096.789
1705996800,2024-01-23T08:00:00+00:00,82.74,83.39,78.92,80.1,406735.69800000003
1706011200,2024-01-23T12:00:00+00:00,80.12,83.28,78.14,82.62,615791.554
1706025600,2024-01-23T16:00:00+00:00,82.64,83.79,80.79,80.82,255290.38900000002
1706040000,2024-01-23T20:00:00+00:00,80.88,84.39,80.33,84.3,236281.39
1706054400,2024-01-24T00:00:00+00:00,84.34,85.73,83.33,83.49,262573.64
1706068800,2024-01-24T04:00:00+00:00,83.54,86.75,83.25,86.06,145013.271
1706083200,2024-01-24T08:00:00+00:00,86.09,88.45,85.85,87.16,183471.861
1706097600,2024-01-24T12:00:00+00:00,87.15,87.92,85.19,86.98,252837.887
1706112000,2024-01-24T16:00:00+00:00,86.98,87.8,85.56,86.32,165003.50999999998
1706126400,2024-01-24T20:00:00+00:00,86.32,89.4,85.85,88.74,280216.44
1706140800,2024-01-25T00:00:00+00:00,88.74,89.59,87.68,88.33,189359.478
1706155200,2024-01-25T04:00:00+00:00,88.29,88.62,86.69,88.16,100250.413
1706169600,2024-01-25T08:00:00+00:00,88.15,89.24,86.52,88.98,85477.97899999999
1706184000,2024-01-25T12:00:00+00:00,88.98,89.29,85.96,86.38,169129.04
1706198400,2024-01-25T16:00:00+00:00,86.35,88.13,85.03,87.72,254671.47299999997
1706212800,2024-01-25T20:00:00+00:00,87.7,87.79,86.41,86.86,72190.002
1706227200,2024-01-26T00:00:00+00:00,86.87,88.23,85.8,87.91,129660.755
1706241600,2024-01-26T04:00:00+00:00,87.93,88.4,86.7,86.99,74073.79400000001
1706256000,2024-01-26T08:00:00+00:00,86.99,92.34,86.96,91.88,179610.377
1706270400,2024-01-26T12:00:00+00:00,91.91,92.63,90.07,92.39,248805.009
1706284800,2024-01-26T16:00:00+00:00,92.41,93.69,92.17,92.82,271536.57800000004
1706299200,2024-01-26T20:00:00+00:00,92.8,93.7,91.66,92.24,172786.213
1706313600,2024-01-27T00:00:00+00:00,92.27,93.8,92.06,92.68,136855.098
1706328000,2024-01-27T04:00:00+00:00,92.68,92.75,90.77,91.16,92802.94
1706342400,2024-01-27T08:00:00+00:00,91.18,92.27,90.68,91.96,50741.035
1706356800,2024-01-27T12:00:00+00:00,91.99,92.98,91.63,92.8,77920.04400000001
1706371200,2024-01-27T16:00:00+00:00,92.8,93.43,92.21,93.13,123510.52500000001
1706385600,2024-01-27T20:00:00+00:00,93.12,94.57,92.86,94.27,175186.481
1706400000,2024-01-28T00:00:00+00:00,94.28,96.75,93.5,96.64,174464.015
1706414400,2024-01-28T04:00:00+00:00,96.62,97.35,95.25,95.78,182263.166
1706428800,2024-01-28T08:00:00+00:00,95.76,99.44,95.56,98.42,134995.354
1706443200,2024-01-28T12:00:00+00:00,98.41,99.25,96.65,97.1,168481.989
1706457600,2024-01-28T16:00:00+00:00,97.06,97.89,93.99,94.5,205584.647
1706472000,2024-01-28T20:00:00+00:00,94.48,96.35,93.43,95.98,155953.37
1706486400,2024-01-29T00:00:00+00:00,95.96,98.99,95.06,97.83,202895.972
1706500800,2024-01-29T04:00:00+00:00,97.83,97.96,96.19,96.7,108137.024
1706515200,2024-01-29T08:00:00+00:00,96.7,97.95,96.26,97.42,71600.266
1706529600,2024-01-29T12:00:00+00:00,97.44,100.15,95.47,99.88,207484.599
1706544000,2024-01-29T16:00:00+00:00,99.91,101.74,98.91,100.54,509588.116
1706558400,2024-01-29T20:00:00+00:00,100.54,101.98,100.52,101.69,165566.76299999998
1706572800,2024-01-30T00:00:00+00:00,101.69,103.81,100.96,102.12,283218.691
1706587200,2024-01-30T04:00:00+00:00,102.12,103.38,101.72,102.88,114263.68599999999
1706601600,2024-01-30T08:00:00+00:00,102.89,106.45,102.41,106.09,270165.24199999997
1706616000,2024-01-30T12:00:00+00:00,106.09,106.43,103.52,104.76,312111.89300000004
1706630400,2024-01-30T16:00:00+00:00,104.78,105.66,103.25,105.3,287762.94700000004
1706644800,2024-01-30T20:00:00+00:00,105.31,105.6,101.01,101.4,266630.378
1706659200,2024-01-31T00:00:00+00:00,101.38,101.95,98.69,101.13,352496.333
1706673600,2024-01-31T04:00:00+00:00,101.1,101.75,100.01,101.61,134479.074
1706688000,2024-01-31T08:00:00+00:00,101.6,101.87,97.25,99.08,157741.68
1706702400,2024-01-31T12:00:00+00:00,99.08,101.85,97.51,101.48,370919.397
1706716800,2024-01-31T16:00:00+00:00,101.48,102.7,99.63,100.98,322889.54000000004
1706731200,2024-01-31T20:00:00+00:00,100.98,101.16,95.88,96.91,378533.858
1706745600,2024-02-01T00:00:00+00:00,96.88,97.63,92.44,93.46,847315.904
1706760000,2024-02-01T04:00:00+00:00,93.46,95.71,93.01,94.86,190409.921
1706774400,2024-02-01T08:00:00+00:00,94.85,96.65,94.54,95.38,101263.513
1706788800,2024-02-01T12:00:00+00:00,95.36,97.43,94.63,95.92,289080.479
1706803200,2024-02-01T16:00:00+00:00,95.92,97.95,94.79,97.83,241827.628
1706817600,2024-02-01T20:00:00+00:00,97.82,98.07,96.86,97.78,160423.226
1706832000,2024-02-02T00:00:00+00:00,97.81,99.99,97.36,98.87,270181.969
1706846400,2024-02-02T04:00:00+00:00,98.87,101.45,98.36,101.16,149787.79700000002
1706860800,2024-02-02T08:00:00+00:00,101.16,102.29,99.87,101.91,103766.745
1706875200,2024-02-02T12:00:00+00:00,101.91,102.49,98.22,101.21,391234.772
1706889600,2024-02-02T16:00:00+00:00,101.2,102.08,98.3,99.44,219355.76799999998
1706904000,2024-02-02T20:00:00+00:00,99.42,100.8,98.86,100.55,109149.71800000001
1706918400,2024-02-03T00:00:00+00:00,100.55,101.2,99.12,99.19,153428.628
1706932800,2024-02-03T04:00:00+00:00,99.16,100.03,98.64,99.06,104850.02299999999
1706947200,2024-02-03T08:00:00+00:00,99.06,99.35,98.33,98.57,64445.60799999999
1706961600,2024-02-03T12:00:00+00:00,98.59,98.91,96.58,97.95,201236.26
1706976000,2024-02-03T16:00:00+00:00,97.95,98.7,97.21,98.09,143197.321
1706990400,2024-02-03T20:00:00+00:00,98.1,98.42,97.5,97.93,61273.066
1707004800,2024-02-04T00:00:00+00:00,97.92,98.57,96.83,98.3,57243.539
1707019200,2024-02-04T04:00:00+00:00,98.3,98.3,96.07,96.47,64123.892
1707033600,2024-02-04T08:00:00+00:00,96.46,98.21,95.9,97.86,54079.245
1707048000,2024-02-04T12:00:00+00:00,97.87,98.37,97.18,97.56,94002.03400000001
1707062400,2024-02-04T16:00:00+00:00,97.57,97.62,96.12,96.29,104405.501
1707076800,2024-02-04T20:00:00+00:00,96.28,96.95,95.06,95.44,117593.839
1707091200,2024-02-05T00:00:00+00:00,95.42,96.15,94.14,95.98,129331.288
1707105600,2024-02-05T04:00:00+00:00,95.97,97.85,95.59,97.51,119581.64
1707120000,2024-02-05T08:00:00+00:00,97.53,98.13,96.84,97.78,64812.23299999999
1707134400,2024-02-05T12:00:00+00:00,97.81,98.6,95.1,95.45,202899.15399999998
1707148800,2024-02-05T16:00:00+00:00,95.46,96.43,95.25,95.83,102871.67
1707163200,2024-02-05T20:00:00+00:00,95.84,95.99,94.1,95.5,147289.41199999998
1707177600,2024-02-06T00:00:00+00:00,95.52,96.67,95.09,95.89,91643.892
1707192000,2024-02-06T04:00:00+00:00,95.9,95.98,94.81,95.63,36828.319
1707206400,2024-02-06T08:00:00+00:00,95.62,96.21,93.04,94.19,267578.467
1707220800,2024-02-06T12:00:00+00:00,94.13,95.78,93.1,95.67,204037.428
1707235200,2024-02-06T16:00:00+00:00,95.66,97.66,95.09,97.56,206072.835
1707249600,2024-02-06T20:00:00+00:00,97.56,97.9,96.73,96.86,283353.353
1707264000,2024-02-07T00:00:00+00:00,96.86,97.4,95.41,95.42,114326.078
1707278400,2024-02-07T04:00:00+00:00,95.43,96.15,94.95,95.49,61092.53999999999
1707292800,2024-02-07T08:00:00+00:00,95.49,95.95,94.57,95.08,39881.989
1707307200,2024-02-07T12:00:00+00:00,95.09,96.58,95,96.22,132529.25999999998
1707321600,2024-02-07T16:00:00+00:00,96.22,98,96.08,97.01,264506.63800000004
1707336000,2024-02-07T20:00:00+00:00,97.01,101.54,96.99,101.13,426706.20800000004
1707350400,2024-02-08T00:00:00+00:00,101.14,102.52,100.91,101.72,322773.0530000001
1707364800,2024-02-08T04:00:00+00:00,101.73,102.03,100.51,100.81,218293.879
1707379200,2024-02-08T08:00:00+00:00,100.84,102.32,100.78,101.24,244741.986
1707393600,2024-02-08T12:00:00+00:00,101.24,105.22,101.02,104.84,723265.9619999999
1707408000,2024-02-08T16:00:00+00:00,104.84,104.96,101.77,102.33,255657.349
1707422400,2024-02-08T20:00:00+00:00,102.35,103.43,102.32,102.79,150836.744
1707436800,2024-02-09T00:00:00+00:00,102.81,105.78,102.81,104.32,241099.299
1707451200,2024-02-09T04:00:00+00:00,104.31,105.8,103.75,105.28,140028.139
1707465600,2024-02-09T08:00:00+00:00,105.26,106.39,104.26,105.88,134388.283
1707480000,2024-02-09T12:00:00+00:00,105.88,106.98,104.07,105.67,314728.243
1707494400,2024-02-09T16:00:00+00:00,105.65,106.64,104.37,105.08,255500.601
1707508800,2024-02-09T20:00:00+00:00,105.09,109.2,104.9,106.97,335231.453
1707523200,2024-02-10T00:00:00+00:00,106.96,110.82,106.9,110.8,286329.457
1707537600,2024-02-10T04:00:00+00:00,110.79,110.99,108.72,108.94,204333.56300000002
1707552000,2024-02-10T08:00:00+00:00,108.96,109.71,107.3,108.2,92985.185
1707566400,2024-02-10T12:00:00+00:00,108.2,108.86,107.21,108.59,90003.457
1707580800,2024-02-10T16:00:00+00:00,108.58,109.63,107.81,109.19,92779.151
1707595200,2024-02-10T20:00:00+00:00,109.19,110.47,108.6,109,175519.239
1707609600,2024-02-11T00:00:00+00:00,109.02,109.77,107.83,109.48,99186.381
1707624000,2024-02-11T04:00:00+00:00,109.5,110,108.8,109.25,132374.007
1707638400,2024-02-11T08:00:00+00:00,109.27,110.34,108.6,109.76,70973.69200000001
1707652800,2024-02-11T12:00:00+00:00,109.73,110.78,108.73,108.86,128575.722
1707667200,2024-02-11T16:00:00+00:00,108.82,109.16,107.75,108.18,92840.851
1707681600,2024-02-11T20:00:00+00:00,108.2,108.83,107.33,107.5,103257.22399999999
1707696000,2024-02-12T00:00:00+00:00,107.5,109.38,104.63,106.27,198152.685
1707710400,2024-02-12T04:00:00+00:00,106.28,106.42,104.69,105.95,71190.482
1707724800,2024-02-12T08:00:00+00:00,105.96,106.35,103.43,104.23,108582.459
1707739200,2024-02-12T12:00:00+00:00,104.21,109.03,103.84,108.89,176069.003
1707753600,2024-02-12T16:00:00+00:00,108.91,111.38,107.64,109.8,369713.554
1707768000,2024-02-12T20:00:00+00:00,109.8,112.27,109.74,111.7,257932.16999999998
1707782400,2024-02-13T00:00:00+00:00,111.72,115,111.71,113.03,374505.444
1707796800,2024-02-13T04:00:00+00:00,113.04,114.63,113.02,114.05,87855.615
1707811200,2024-02-13T08:00:00+00:00,114.03,115.17,112.9,114.15,107058.787
1707825600,2024-02-13T12:00:00+00:00,114.15,114.21,109,110.33,301973.6
1707840000,2024-02-13T16:00:00+00:00,110.31,112.37,108.29,111.56,215235.49599999998
1707854400,2024-02-13T20:00:00+00:00,111.56,113.8,111.54,112.55,184508.27000000002
1707868800,2024-02-14T00:00:00+00:00,112.54,112.61,110.66,111.92,108055.92199999999
1707883200,2024-02-14T04:00:00+00:00,111.92,113.38,111.28,113.11,83672.18400000001
1707897600,2024-02-14T08:00:00+00:00,113.12,116.35,112.84,115.7,216023.41100000002
1707912000,2024-02-14T12:00:00+00:00,115.69,118.71,115.06,116.97,369635.175
1707926400,2024-02-14T16:00:00+00:00,116.97,117.1,115.09,116.16,159961.86399999997
1707940800,2024-02-14T20:00:00+00:00,116.16,117.45,115.95,117.14,179621.401
1707955200,2024-02-15T00:00:00+00:00,117.12,118.48,116.02,117.33,208708.875
1707969600,2024-02-15T04:00:00+00:00,117.34,117.37,114.71,115.12,101614.879
1707984000,2024-02-15T08:00:00+00:00,115.12,117.11,114.8,116.16,91354.65199999999
1707998400,2024-02-15T12:00:00+00:00,116.17,117.5,113.02,114.12,297976.425
1708012800,2024-02-15T16:00:00+00:00,114.11,115.11,113,114.12,158449.749
1708027200,2024-02-15T20:00:00+00:00,114.09,114.54,111.6,113.62,201487.655
1708041600,2024-02-16T00:00:00+00:00,113.62,114.35,112.26,113.95,116622.13900000001
1708056000,2024-02-16T04:00:00+00:00,113.94,114.09,111.5,111.56,115545.60500000001
1708070400,2024-02-16T08:00:00+00:00,111.55,112.71,110.14,112.18,116648.37499999999
1708084800,2024-02-16T12:00:00+00:00,112.14,113.34,108.04,109.73,240101.755
1708099200,2024-02-16T16:00:00+00:00,109.73,110.49,108.23,108.71,147634.883
1708113600,2024-02-16T20:00:00+00:00,108.68,110.79,108.38,110.41,92144.497
1708128000,2024-02-17T00:00:00+00:00,110.41,111.16,109.21,109.96,67868.662
1708142400,2024-02-17T04:00:00+00:00,109.95,110.47,108.67,110.35,33077.24
1708156800,2024-02-17T08:00:00+00:00,110.36,110.86,108.41,109.42,63492.335999999996
1708171200,2024-02-17T12:00:00+00:00,109.4,109.58,105.69,107.24,143355.616
1708185600,2024-02-17T16:00:00+00:00,107.22,108.09,106.51,108.07,75993.583
1708200000,2024-02-17T20:00:00+00:00,108.05,109.73,107.78,108.95,63272.310999999994
1708214400,2024-02-18T00:00:00+00:00,108.97,109.81,107.54,108.42,58090.634000000005
1708228800,2024-02-18T04:00:00+00:00,108.42,109.71,108,109.22,45843.487
1708243200,2024-02-18T08:00:00+00:00,109.22,113,108.82,111.81,93661.61000000002
1708257600,2024-02-18T12:00:00+00:00,111.81,112.51,110.62,112.37,90374.886
1708272000,2024-02-18T16:00:00+00:00,112.35,114.08,111.74,112.79,105103.709
1708286400,2024-02-18T20:00:00+00:00,112.78,113.63,111.9,112.25,94110.10200000001
1708300800,2024-02-19T00:00:00+00:00,112.26,112.94,111.23,111.65,108714.728
1708315200,2024-02-19T04:00:00+00:00,111.69,113.64,111.15,113.24,72365.425
1708329600,2024-02-19T08:00:00+00:00,113.24,113.39,110.81,112.71,106690.988
1708344000,2024-02-19T12:00:00+00:00,112.67,114.86,111.75,113.7,162743.10700000002
1708358400,2024-02-19T16:00:00+00:00,113.7,114.17,111.51,111.96,221055.803
1708372800,2024-02-19T20:00:00+00:00,111.93,113.07,111.11,111.57,103284.697
1708387200,2024-02-20T00:00:00+00:00,111.57,112.14,109.01,109.5,193418.06699999998
1708401600,2024-02-20T04:00:00+00:00,109.48,111.06,109.02,109.43,58475.929
1708416000,2024-02-20T08:00:00+00:00,109.42,110.85,108,110.42,61609.16500000001
1708430400,2024-02-20T12:00:00+00:00,110.41,110.74,104,106.63,434323.862
1708444800,2024-02-20T16:00:00+00:00,106.63,107.78,104.67,107.33,356974.525
1708459200,2024-02-20T20:00:00+00:00,107.32,109.7,106.69,108.32,161789.36
1708473600,2024-02-21T00:00:00+00:00,108.35,108.42,106.4,106.63,116567.55099999999
1708488000,2024-02-21T04:00:00+00:00,106.65,107.07,104.5,104.85,78829.43299999999
1708502400,2024-02-21T08:00:00+00:00,104.83,105.6,102.28,102.75,130456.40400000001
1708516800,2024-02-21T12:00:00+00:00,102.73,104.38,101,103.83,251910.842
1708531200,2024-02-21T16:00:00+00:00,103.83,104.49,100.15,102.03,256914.82
1708545600,2024-02-21T20:00:00+00:00,102.02,105.71,101.4,105.05,381364.111
1708560000,2024-02-22T00:00:00+00:00,105.05,105.09,102.04,103.55,105696.24699999999
1708574400,2024-02-22T04:00:00+00:00,103.6,105.39,103.19,105.06,76885.073
1708588800,2024-02-22T08:00:00+00:00,105.08,107.11,104.81,105.8,130576.455
1708603200,2024-02-22T12:00:00+00:00,105.8,106.14,103.08,105.36,122956.704
1708617600,2024-02-22T16:00:00+00:00,105.36,105.43,103,103.49,189427.281
1708632000,2024-02-22T20:00:00+00:00,103.49,105.3,101.46,101.69,255587.719
1708646400,2024-02-23T00:00:00+00:00,101.68,102.84,100.97,101.77,86846.87400000001
1708660800,2024-02-23T04:00:00+00:00,101.78,103.07,101.34,101.97,65205.21600000001
1708675200,2024-02-23T08:00:00+00:00,101.95,103.03,101.23,102.64,50559.635
1708689600,2024-02-23T12:00:00+00:00,102.64,102.89,100.2,100.28,151549.623
1708704000,2024-02-23T16:00:00+00:00,100.28,101.67,98.67,101.38,192902.539
1708718400,2024-02-23T20:00:00+00:00,101.38,101.75,98.86,99.91,143502.722
1708732800,2024-02-24T00:00:00+00:00,99.89,100.76,98.46,100.21,127236.84800000001
1708747200,2024-02-24T04:00:00+00:00,100.22,102.21,100.16,102.21,60385.31100000001
1708761600,2024-02-24T08:00:00+00:00,102.21,102.77,101.51,102.1,50967.009
1708776000,2024-02-24T12:00:00+00:00,102.12,102.56,101.67,101.96,62673.868
1708790400,2024-02-24T16:00:00+00:00,101.96,104.16,101.89,104.04,115219.083
1708804800,2024-02-24T20:00:00+00:00,104.05,104.79,103.7,104.01,85479.60299999999
1708819200,2024-02-25T00:00:00+00:00,104.01,104.41,102.1,103.4,96827.214
1708833600,2024-02-25T04:00:00+00:00,103.42,103.65,102.69,103.04,53659.009
1708848000,2024-02-25T08:00:00+00:00,103.02,103.12,102.01,102.8,24939.326999999997
1708862400,2024-02-25T12:00:00+00:00,102.79,103.8,102.29,102.78,38416.651
1708876800,2024-02-25T16:00:00+00:00,102.76,103.69,102.17,103.38,56468.207
1708891200,2024-02-25T20:00:00+00:00,103.36,104.34,102.96,103.47,103872.51100000001
1708905600,2024-02-26T00:00:00+00:00,103.47,104.72,102.28,103.45,108411.68699999999
1708920000,2024-02-26T04:00:00+00:00,103.46,104.27,102.92,103.29,58615.705
1708934400,2024-02-26T08:00:00+00:00,103.28,104.15,100.6,100.95,70162.578
1708948800,2024-02-26T12:00:00+00:00,100.92,105.1,100.3,105.04,155835.32
1708963200,2024-02-26T16:00:00+00:00,105.01,110.35,104.57,109.76,633577.937
1708977600,2024-02-26T20:00:00+00:00,109.76,110.85,108.45,110,229597.838
1708992000,2024-02-27T00:00:00+00:00,110,112.37,108.36,110.26,468856.17299999995
1709006400,2024-02-27T04:00:00+00:00,110.27,111.5,109.15,110.47,132837.71099999998
1709020800,2024-02-27T08:00:00+00:00,110.47,112.16,110.45,111.55,91661.753
1709035200,2024-02-27T12:00:00+00:00,111.55,111.89,105.66,106.86,377413.05700000003
1709049600,2024-02-27T16:00:00+00:00,106.89,108.5,105.36,108.47,180999.098
1709064000,2024-02-27T20:00:00+00:00,108.45,109.45,107.61,108.41,132375.244
1709078400,2024-02-28T00:00:00+00:00,108.44,109.36,107.32,107.65,102158.43200000002
1709092800,2024-02-28T04:00:00+00:00,107.65,110.21,107.61,110.11,85367.90299999999
1709107200,2024-02-28T08:00:00+00:00,110.14,115,109.28,111.46,393009.566
1709121600,2024-02-28T12:00:00+00:00,111.45,115,110.53,113.07,404478.831
1709136000,2024-02-28T16:00:00+00:00,113.1,117,107.6,111.44,705355.027
1709150400,2024-02-28T20:00:00+00:00,111.41,119,110.23,119,572887.392
1709164800,2024-02-29T00:00:00+00:00,119,124.38,117.31,123.51,663340.905
1709179200,2024-02-29T04:00:00+00:00,123.61,126,122.17,125.54,346191.826
1709193600,2024-02-29T08:00:00+00:00,125.55,132.88,125.23,129.17,490722.26600000006
1709208000,2024-02-29T12:00:00+00:00,129.16,134.75,127,132.44,485285.51800000004
1709222400,2024-02-29T16:00:00+00:00,132.44,133.06,126.28,130.24,450483.1389861
1709236800,2024-02-29T20:00:00+00:00,130.25,131.97,122.61,125.73,404996.93438585004
1709251200,2024-03-01T00:00:00+00:00,125.74,137.19,125.68,134.01,496915.79145967995
1709265600,2024-03-01T04:00:00+00:00,134,137.84,131.58,131.92,205324.88314127002
1709280000,2024-03-01T08:00:00+00:00,131.95,135.54,130.78,135.45,95360.02600915
1709294400,2024-03-01T12:00:00+00:00,135.46,135.46,130.27,131.22,283258.89662573
1709308800,2024-03-01T16:00:00+00:00,131.22,133.44,129.37,131.11,321072.09094241
1709323200,2024-03-01T20:00:00+00:00,131.11,131.95,129.47,129.53,234928.36780905997
1709337600,2024-03-02T00:00:00+00:00,129.55,131.8,127.35,130.23,222681.57649979996
1709352000,2024-03-02T04:00:00+00:00,130.19,130.82,127.95,129.3,116413.51696807999
1709366400,2024-03-02T08:00:00+00:00,129.3,130.67,127.49,128.89,97443.41967319
1709380800,2024-03-02T12:00:00+00:00,128.84,130.57,127.5,128.06,157685.93760342
1709395200,2024-03-02T16:00:00+00:00,128.09,130.88,127.6,130.78,146363.00790737
1709409600,2024-03-02T20:00:00+00:00,130.75,131.5,128.38,130.22,145121.04112289997
1709424000,2024-03-03T00:00:00+00:00,130.13,130.84,128.32,130.25,133621.5193931
1709438400,2024-03-03T04:00:00+00:00,130.25,130.65,124.73,126.87,170874.35046839
1709452800,2024-03-03T08:00:00+00:00,126.87,131.37,125.2,128.75,144089.02395255
1709467200,2024-03-03T12:00:00+00:00,128.76,129.65,127.59,129.46,126681.08478757
1709481600,2024-03-03T16:00:00+00:00,129.46,131.25,128.87,130.24,140559.18551279002
1709496000,2024-03-03T20:00:00+00:00,130.22,132.18,129.54,130.22,131698.01663754001
1709510400,2024-03-04T00:00:00+00:00,130.22,133.01,128.55,129.06,205826.40008884
1709524800,2024-03-04T04:00:00+00:00,129.05,129.9,128.58,129.68,105661.76307859001
1709539200,2024-03-04T08:00:00+00:00,129.7,134.98,129.5,132.65,220219.70675839
1709553600,2024-03-04T12:00:00+00:00,132.64,133.76,129.56,131.91,269049.24367937
1709568000,2024-03-04T16:00:00+00:00,131.93,133,127.51,129.66,473967.0555490401
1709582400,2024-03-04T20:00:00+00:00,129.66,133.58,128.43,133.49,249676.24614747
1709596800,2024-03-05T00:00:00+00:00,133.48,134,129.4,130.29,392466.74730933004
1709611200,2024-03-05T04:00:00+00:00,130.26,132.81,128,129.56,233224.81856915
1709625600,2024-03-05T08:00:00+00:00,129.57,132.22,129.03,130.71,148142.92679775
1709640000,2024-03-05T12:00:00+00:00,130.72,143,130.71,139.27,818786.47418979
1709654400,2024-03-05T16:00:00+00:00,139.17,140.6,110,119.72,970729.71878677
1709668800,2024-03-05T20:00:00+00:00,120.02,128.04,117.22,125.55,627577.4519592
1709683200,2024-03-06T00:00:00+00:00,125.48,126.99,120.08,122.45,260149.40513787
1709697600,2024-03-06T04:00:00+00:00,122.47,133.36,122.45,133.25,360624.58273014997
1709712000,2024-03-06T08:00:00+00:00,133.27,134.95,129.22,131.98,152066.43797169
1709726400,2024-03-06T12:00:00+00:00,131.97,132.28,125.45,128.3,353906.33015424
1709740800,2024-03-06T16:00:00+00:00,128.26,132.2,128.13,131.03,296153.39581521
1709755200,2024-03-06T20:00:00+00:00,131.01,132.49,130.29,130.88,193448.91725535
1709769600,2024-03-07T00:00:00+00:00,130.91,141.75,130.64,138.25,679359.62200743
1709784000,2024-03-07T04:00:00+00:00,138.26,140.14,135.94,138.35,256491.69162335998
1709798400,2024-03-07T08:00:00+00:00,138.38,144.47,138.14,140.34,293774.86864642997
1709812800,2024-03-07T12:00:00+00:00,140.37,150,139.14,146.08,684917.58051953
1709827200,2024-03-07T16:00:00+00:00,146.11,149.48,145.44,148.96,485636.53584552
1709841600,2024-03-07T20:00:00+00:00,148.96,149.1,143.76,144.06,446766.59529363003
1709856000,2024-03-08T00:00:00+00:00,144.05,146.68,143.29,144.48,190792.53694298002
1709870400,2024-03-08T04:00:00+00:00,144.46,145.8,142.22,144.75,108202.62387541
1709884800,2024-03-08T08:00:00+00:00,144.74,149.41,144.65,149.13,170980.47672367
1709899200,2024-03-08T12:00:00+00:00,149.13,153,143.67,145.7,441690.73802201997
1709913600,2024-03-08T16:00:00+00:00,145.71,150.96,142.09,148.07,398009.92894274
1709928000,2024-03-08T20:00:00+00:00,148.09,149.4,143.8,145.12,367717.1980684499
1709942400,2024-03-09T00:00:00+00:00,145.12,147.32,144.88,146.15,134221.7635224
1709956800,2024-03-09T04:00:00+00:00,146.12,149.49,145.72,148.63,98244.20349627
1709971200,2024-03-09T08:00:00+00:00,148.62,149.07,145.38,147.11,63722.221704209995
1709985600,2024-03-09T12:00:00+00:00,147.15,147.63,145.36,147.31,80281.79204509
1710000000,2024-03-09T16:00:00+00:00,147.32,147.56,144,145.69,134748.76257012
1710014400,2024-03-09T20:00:00+00:00,145.69,147.03,144,144.58,111268.87478286999
1710028800,2024-03-10T00:00:00+00:00,144.58,148.61,144.07,147.01,171002.29979199998
1710043200,2024-03-10T04:00:00+00:00,147.01,148.73,146.87,148.51,118268.55689606999
1710057600,2024-03-10T08:00:00+00:00,148.54,148.72,145.26,145.7,127800.32476414999
1710072000,2024-03-10T12:00:00+00:00,145.7,146.13,141.91,143.27,172045.98952628
1710086400,2024-03-10T16:00:00+00:00,143.25,145.63,143.08,145.39,112733.9170641
1710100800,2024-03-10T20:00:00+00:00,145.38,145.54,140.61,144.56,280981.57245362
1710115200,2024-03-11T00:00:00+00:00,144.58,144.64,137,141.26,393864.36174033995
1710129600,2024-03-11T04:00:00+00:00,141.25,148.24,139.71,148,250472.24408147
1710144000,2024-03-11T08:00:00+00:00,148,150.18,148,148.41,309423.37691184
1710158400,2024-03-11T12:00:00+00:00,148.39,150.11,144.47,147.2,499008.80782493006
1710172800,2024-03-11T16:00:00+00:00,147.23,148.45,146,146.8,222469.12889267
1710187200,2024-03-11T20:00:00+00:00,146.81,149.29,146.59,148.9,176202.94357553998
1710201600,2024-03-12T00:00:00+00:00,148.91,155,147.21,150.94,369375.88104878995
1710216000,2024-03-12T04:00:00+00:00,150.95,154.48,149.41,151.92,291843.42386116995
1710230400,2024-03-12T08:00:00+00:00,151.9,153.31,148.14,150.5,190080.25975576
1710244800,2024-03-12T12:00:00+00:00,150.52,152.02,147.28,150.23,412551.92097874
1710259200,2024-03-12T16:00:00+00:00,150.23,150.93,141.72,149.95,529119.53814581
1710273600,2024-03-12T20:00:00+00:00,149.95,151.29,146.95,151.06,317836.50226971
1710288000,2024-03-13T00:00:00+00:00,151.1,151.6,148.78,149.34,133721.46229751
1710302400,2024-03-13T04:00:00+00:00,149.31,153,148.79,150.79,138190.45057709998
1710316800,2024-03-13T08:00:00+00:00,150.81,154.75,150.52,153.8,142306.52600245998
1710331200,2024-03-13T12:00:00+00:00,153.83,159.5,150,157.43,503079.56244972
1710345600,2024-03-13T16:00:00+00:00,157.42,162.09,154.88,161.73,550736.76705614
1710360000,2024-03-13T20:00:00+00:00,161.7,167,159.63,163.95,510258.47828134004
1710374400,2024-03-14T00:00:00+00:00,163.95,169.33,163.05,167.56,420609.65874389
1710388800,2024-03-14T04:00:00+00:00,167.5,170,165.27,168.38,202396.33916726
1710403200,2024-03-14T08:00:00+00:00,168.42,174.61,168.29,173.17,303402.19442732
1710417600,2024-03-14T12:00:00+00:00,173.24,173.53,164.23,167.59,564439.1496248799
1710432000,2024-03-14T16:00:00+00:00,167.59,170,159.2,162.22,448215.96834189
1710446400,2024-03-14T20:00:00+00:00,162.21,178.35,161.9,176.69,480722.15578996995
1710460800,2024-03-15T00:00:00+00:00,176.69,186.66,169.64,175.98,762522.78219267
1710475200,2024-03-15T04:00:00+00:00,175.95,181.78,171.14,175.93,392156.86768585996
1710489600,2024-03-15T08:00:00+00:00,175.98,177.1,164.58,169.85,457022.14919188997
1710504000,2024-03-15T12:00:00+00:00,169.85,184.77,167.89,181.81,641320.3749416999
1710518400,2024-03-15T16:00:00+00:00,181.76,188.88,178.13,183.44,554364.29678971
1710532800,2024-03-15T20:00:00+00:00,183.34,185.5,175.01,183.91,473367.09975154
1710547200,2024-03-16T00:00:00+00:00,184,189,180.44,187.6,289192.11029032
1710561600,2024-03-16T04:00:00+00:00,187.64,193.6,185.03,192.86,372064.8896601
1710576000,2024-03-16T08:00:00+00:00,192.85,197.86,190.44,192.73,302844.18469266
1710590400,2024-03-16T12:00:00+00:00,192.69,195.99,187.81,195.08,310221.78273108
1710604800,2024-03-16T16:00:00+00:00,195.07,195.46,178.55,179.98,602744.9407446
1710619200,2024-03-16T20:00:00+00:00,180.01,185.74,176.71,181.99,551312.99639547
1710633600,2024-03-17T00:00:00+00:00,181.98,189.17,181.3,186.42,358192.01234669
1710648000,2024-03-17T04:00:00+00:00,186.45,188.61,178.55,181.75,203340.86201705
1710662400,2024-03-17T08:00:00+00:00,181.66,193.41,179.61,191.71,259501.54988421
1710676800,2024-03-17T12:00:00+00:00,191.73,195.79,188.22,195.4,305567.47737717
1710691200,2024-03-17T16:00:00+00:00,195.33,198,191.97,195.63,368719.16964436
1710705600,2024-03-17T20:00:00+00:00,195.59,204.12,195.39,201.69,411816.41896215
1710720000,2024-03-18T00:00:00+00:00,201.7,205,193.6,203.8,398173.39648699004
1710734400,2024-03-18T04:00:00+00:00,203.75,204.9,200,203.07,157196.56081732002
1710748800,2024-03-18T08:00:00+00:00,203.13,209.9,198.2,207.86,452705.73197794
1710763200,2024-03-18T12:00:00+00:00,207.86,209.19,198.2,203.77,491686.26407410996
1710777600,2024-03-18T16:00:00+00:00,203.72,206.13,195.4,198.36,403368.35421693005
1710792000,2024-03-18T20:00:00+00:00,198.37,205.01,195.34,195.96,324143.555904
1710806400,2024-03-19T00:00:00+00:00,195.9,198.7,179.89,184.29,627552.54409272
1710820800,2024-03-19T04:00:00+00:00,184.25,189.1,180.5,186.05,403587.62206415
1710835200,2024-03-19T08:00:00+00:00,186.07,186.07,170.81,177.75,547028.33141058
1710849600,2024-03-19T12:00:00+00:00,177.79,186,174.4,182.8,529926.29416205
1710864000,2024-03-19T16:00:00+00:00,182.81,186.47,179.95,181.44,335667.64600735996
1710878400,2024-03-19T20:00:00+00:00,181.42,181.96,165.37,169.76,620567.12127235
1710892800,2024-03-20T00:00:00+00:00,169.76,176.92,169.08,169.86,354984.06666559004
1710907200,2024-03-20T04:00:00+00:00,169.8,174.2,162.41,173.34,317097.75142131
1710921600,2024-03-20T08:00:00+00:00,173.28,175.17,169.29,171.96,263812.92180279
1710936000,2024-03-20T12:00:00+00:00,171.95,176.73,169.79,170.56,427856.82207152003
1710950400,2024-03-20T16:00:00+00:00,170.52,184.6,165.55,182.63,668892.87292195
1710964800,2024-03-20T20:00:00+00:00,182.7,193.33,181.75,191.91,462512.20584318
1710979200,2024-03-21T00:00:00+00:00,191.81,195.79,189.4,190.3,273517.45201752
1710993600,2024-03-21T04:00:00+00:00,190.26,192.35,184.79,188.62,163540.8023074
1711008000,2024-03-21T08:00:00+00:00,188.59,191.59,186.26,189,95379.05131542002
1711022400,2024-03-21T12:00:00+00:00,189.11,191.45,183.48,185.27,229623.62368651
1711036800,2024-03-21T16:00:00+00:00,185.3,188,175.5,177.9,373594.9890505
1711051200,2024-03-21T20:00:00+00:00,177.91,181.9,175.82,179.4,163210.0022988
1711065600,2024-03-22T00:00:00+00:00,179.41,181.89,173.9,179.04,236172.20018907
1711080000,2024-03-22T04:00:00+00:00,179.03,180.83,177.48,179.09,90028.81122726
1711094400,2024-03-22T08:00:00+00:00,179.08,180.19,171.57,172,163254.43165423
1711108800,2024-03-22T12:00:00+00:00,172,173.96,167.6,171.67,375515.10752967006
1711123200,2024-03-22T16:00:00+00:00,171.65,173.79,168.76,172.86,161839.548376
1711137600,2024-03-22T20:00:00+00:00,172.87,175.24,168.21,175.24,144459.0490357
1711152000,2024-03-23T00:00:00+00:00,175.24,178.68,170.33,171.94,190975.72434851
1711166400,2024-03-23T04:00:00+00:00,171.94,177.62,171.42,175.99,83930.90245096
1711180800,2024-03-23T08:00:00+00:00,175.98,177.11,174,175.92,69701.25410451999
1711195200,2024-03-23T12:00:00+00:00,175.91,179.03,174.39,175.12,168792.272029
1711209600,2024-03-23T16:00:00+00:00,175.12,180,173.7,174.79,188386.48730213998
1711224000,2024-03-23T20:00:00+00:00,174.79,175.5,172.5,172.7,87467.64516233999
1711238400,2024-03-24T00:00:00+00:00,172.68,177.45,171.72,171.75,119749.41404953
1711252800,2024-03-24T04:00:00+00:00,171.8,173.83,171.32,173.58,56051.08047603
1711267200,2024-03-24T08:00:00+00:00,173.57,176,173.16,174.85,56210.406244750004
1711281600,2024-03-24T12:00:00+00:00,174.87,177.2,174.54,176.2,82041.14453857
1711296000,2024-03-24T16:00:00+00:00,176.21,176.94,172.46,176.1,106149.8088997
1711310400,2024-03-24T20:00:00+00:00,176.08,186.8,175.24,183.88,352961.9341221
1711324800,2024-03-25T00:00:00+00:00,183.87,185.47,180.96,184.77,233088.95328069
1711339200,2024-03-25T04:00:00+00:00,184.8,189.68,183.84,185.84,128417.40176031001
1711353600,2024-03-25T08:00:00+00:00,185.83,192,185.7,187.98,219594.81250102998
1711368000,2024-03-25T12:00:00+00:00,187.98,194.6,186.42,192.84,335080.94687105
1711382400,2024-03-25T16:00:00+00:00,192.87,194.6,190.44,192.29,301640.62765193
1711396800,2024-03-25T20:00:00+00:00,192.29,193.18,188.32,188.99,162701.7177642
1711411200,2024-03-26T00:00:00+00:00,189.04,192.15,184.56,191.69,180677.14009943
1711425600,2024-03-26T04:00:00+00:00,191.69,198.03,191.36,194.09,207515.99811173003
1711440000,2024-03-26T08:00:00+00:00,194.15,196.38,192.09,194.81,132007.43274753
1711454400,2024-03-26T12:00:00+00:00,194.81,195.3,189.47,190.4,224319.85292631
1711468800,2024-03-26T16:00:00+00:00,190.43,191.57,185.55,188.31,286258.89950689
1711483200,2024-03-26T20:00:00+00:00,188.3,192.63,188.17,190.48,146182.03576582
1711497600,2024-03-27T00:00:00+00:00,190.48,192.59,188.69,189.99,181298.97864773002
1711512000,2024-03-27T04:00:00+00:00,189.99,190.51,186.06,186.78,78517.1285428
1711526400,2024-03-27T08:00:00+00:00,186.79,188.6,182.41,188.57,225266.96437728
1711540800,2024-03-27T12:00:00+00:00,188.53,191.2,180.88,181.02,516122.73509264
1711555200,2024-03-27T16:00:00+00:00,181.06,184.1,180,182.52,147599.09944533
1711569600,2024-03-27T20:00:00+00:00,182.57,186.95,182.43,186.24,199294.77639815002
1711584000,2024-03-28T00:00:00+00:00,186.23,187.87,180.72,182.06,249152.94278154
1711598400,2024-03-28T04:00:00+00:00,182.04,187.5,181.86,187.29,76240.49092602999
1711612800,2024-03-28T08:00:00+00:00,187.28,188.38,184.62,185.27,96875.61152693999
1711627200,2024-03-28T12:00:00+00:00,185.27,189.54,182.52,187.38,269185.28254506
1711641600,2024-03-28T16:00:00+00:00,187.38,187.38,184.41,186.28,133959.59001993
1711656000,2024-03-28T20:00:00+00:00,186.3,191,186.17,189.68,151792.47740359002
1711670400,2024-03-29T00:00:00+00:00,189.66,190.75,187.62,188.4,132555.31931233
1711684800,2024-03-29T04:00:00+00:00,188.38,189.17,183.23,183.6,146585.49812314002
1711699200,2024-03-29T08:00:00+00:00,183.59,186.48,183.5,185.84,138930.33325212
1711713600,2024-03-29T12:00:00+00:00,185.86,189.85,184.23,184.86,145749.77143504
1711728000,2024-03-29T16:00:00+00:00,184.91,187.78,184.54,187.76,159184.22393342
1711742400,2024-03-29T20:00:00+00:00,187.73,193.08,187.42,192.15,206556.20558692003
1711756800,2024-03-30T00:00:00+00:00,192.14,194.55,190.85,192.95,149759.0043813
1711771200,2024-03-30T04:00:00+00:00,192.95,199.98,192.72,195.9,231238.11998162998
1711785600,2024-03-30T08:00:00+00:00,195.86,198.99,193.4,197.89,94775.25547127999
1711800000,2024-03-30T12:00:00+00:00,197.89,198.61,194.73,196.44,106872.53886146999
1711814400,2024-03-30T16:00:00+00:00,196.46,198,193.64,195.55,123635.41002372
1711828800,2024-03-30T20:00:00+00:00,195.54,196.73,193.43,194.26,116062.55483302
1711843200,2024-03-31T00:00:00+00:00,194.28,197.27,193.76,194.39,104986.30272541998
1711857600,2024-03-31T04:00:00+00:00,194.38,197.34,193.98,196.75,94367.21027646001
1711872000,2024-03-31T08:00:00+00:00,196.76,197.2,195.43,195.83,52385.85277134999
1711886400,2024-03-31T12:00:00+00:00,195.84,197.71,195.46,195.65,75594.1606626
1711900800,2024-03-31T16:00:00+00:00,195.66,200.96,195.49,200.17,280730.80070222
1711915200,2024-03-31T20:00:00+00:00,200.17,203.15,198.5,202.38,249291.10602024
1711929600,2024-04-01T00:00:00+00:00,202.41,204.25,200.89,202.64,171956.80650228
1711944000,2024-04-01T04:00:00+00:00,202.58,203.76,193.46,197.98,171137.52487402
1711958400,2024-04-01T08:00:00+00:00,198.02,198.09,194.89,195.24,115653.43484581
1711972800,2024-04-01T12:00:00+00:00,195.21,197.82,186.91,188.02,357203.04575863003
1711987200,2024-04-01T16:00:00+00:00,188.08,193.6,187.37,193.43,255841.9351146
1712001600,2024-04-01T20:00:00+00:00,193.46,194.19,191.88,192.35,158051.15224809002
1712016000,2024-04-02T00:00:00+00:00,192.37,192.39,182.02,183.82,288325.15437003
1712030400,2024-04-02T04:00:00+00:00,183.81,186.47,181.07,183.22,205712.23995443998
1712044800,2024-04-02T08:00:00+00:00,183.28,183.99,177.5,179.86,200360.25215132
1712059200,2024-04-02T12:00:00+00:00,179.86,182.27,175.89,177.44,348024.49581137
1712073600,2024-04-02T16:00:00+00:00,177.44,186.98,176.65,185.76,273837.50401063
1712088000,2024-04-02T20:00:00+00:00,185.77,186.54,180.72,181.54,223041.90710602
1712102400,2024-04-03T00:00:00+00:00,181.58,189,177,188.52,229394.66376979
1712116800,2024-04-03T04:00:00+00:00,188.54,191.96,186.96,189.64,125722.82604289
1712131200,2024-04-03T08:00:00+00:00,189.7,191.73,186.51,187.89,80419.68907752
1712145600,2024-04-03T12:00:00+00:00,187.9,191.27,186.5,189.06,131861.91326621
1712160000,2024-04-03T16:00:00+00:00,189.13,191.31,184.17,185.83,153474.45561396
1712174400,2024-04-03T20:00:00+00:00,185.84,186.63,182.19,185.11,121385.01267041
1712188800,2024-04-04T00:00:00+00:00,185.12,187.47,181.11,181.53,123404.5439009
1712203200,2024-04-04T04:00:00+00:00,181.54,185.78,180.27,184.92,97115.86298508
1712217600,2024-04-04T08:00:00+00:00,184.96,186.27,184.4,185.59,47793.3300387
1712232000,2024-04-04T12:00:00+00:00,185.59,189.6,185.36,187.06,210861.04824608
1712246400,2024-04-04T16:00:00+00:00,187.09,190.22,185.57,185.81,188388.23025518
1712260800,2024-04-04T20:00:00+00:00,185.8,188.52,181,184.15,216346.89573987003
1712275200,2024-04-05T00:00:00+00:00,184.11,185.23,177.6,179.51,174154.20665138
1712289600,2024-04-05T04:00:00+00:00,179.48,180.42,173,175.04,212612.37046214
1712304000,2024-04-05T08:00:00+00:00,175.05,177.14,169.17,169.87,186103.09343738
1712318400,2024-04-05T12:00:00+00:00,169.86,177.58,168,176.1,354939.53132486
1712332800,2024-04-05T16:00:00+00:00,176.11,176.95,172.46,175.49,164602.05478941998
1712347200,2024-04-05T20:00:00+00:00,175.49,177,174.18,174.46,103474.59835197
1712361600,2024-04-06T00:00:00+00:00,174.46,176.67,173.45,176.02,122749.74435180999
1712376000,2024-04-06T04:00:00+00:00,176,178.27,174.67,177.32,77123.16869293
1712390400,2024-04-06T08:00:00+00:00,177.32,178.48,175.36,175.77,63770.23970897
1712404800,2024-04-06T12:00:00+00:00,175.79,177.41,173.83,177.23,76818.607697
1712419200,2024-04-06T16:00:00+00:00,177.22,179,176.69,177.41,101453.57901848
1712433600,2024-04-06T20:00:00+00:00,177.41,179.87,176.77,178.73,141514.33087929
1712448000,2024-04-07T00:00:00+00:00,178.71,182.73,177.34,180.76,175648.81034553997
1712462400,2024-04-07T04:00:00+00:00,180.76,181.57,179.21,179.8,102728.17830944
1712476800,2024-04-07T08:00:00+00:00,179.8,181.03,178.7,180.75,76642.75192393
1712491200,2024-04-07T12:00:00+00:00,180.73,182.23,179.54,179.68,116027.54705021
1712505600,2024-04-07T16:00:00+00:00,179.69,182.62,177.69,178.31,109634.30941834999
1712520000,2024-04-07T20:00:00+00:00,178.31,180.04,176.84,179.53,100366.0597212
1712534400,2024-04-08T00:00:00+00:00,179.52,179.54,175.27,176.38,136847.72471801
1712548800,2024-04-08T04:00:00+00:00,176.37,181.14,175.74,180.1,89398.82746802
1712563200,2024-04-08T08:00:00+00:00,180.11,184.63,179.48,182.62,174204.05379984
1712577600,2024-04-08T12:00:00+00:00,182.63,183.49,179.31,181.42,211242.35253286
1712592000,2024-04-08T16:00:00+00:00,181.43,182.3,178.54,179.38,179540.30479517003
1712606400,2024-04-08T20:00:00+00:00,179.43,181.45,179.13,180.66,132838.02530823
1712620800,2024-04-09T00:00:00+00:00,180.65,180.9,176.76,177.44,135937.43202696
1712635200,2024-04-09T04:00:00+00:00,177.4,178.63,175.01,175.68,108293.84600733999
1712649600,2024-04-09T08:00:00+00:00,175.58,176.43,173.51,176.19,84424.66139188
1712664000,2024-04-09T12:00:00+00:00,176.19,176.54,168.89,172.48,249366.09121316997
1712678400,2024-04-09T16:00:00+00:00,172.48,177.6,171.58,174.22,261735.89073489996
1712692800,2024-04-09T20:00:00+00:00,174.21,175.84,172.1,172.31,112815.73677249
1712707200,2024-04-10T00:00:00+00:00,172.27,173,169.22,171.34,137236.86579573998
1712721600,2024-04-10T04:00:00+00:00,171.35,173.6,170.83,172.7,62404.52123867
1712736000,2024-04-10T08:00:00+00:00,172.68,172.69,168.33,170.16,90890.91648008
1712750400,2024-04-10T12:00:00+00:00,170.17,170.68,162.27,167.9,338488.64219976
1712764800,2024-04-10T16:00:00+00:00,167.88,173.17,166.86,171.3,230183.81997894
1712779200,2024-04-10T20:00:00+00:00,171.31,175.52,170.16,173.34,162901.58388135
1712793600,2024-04-11T00:00:00+00:00,173.33,174,171.1,172.76,100386.82011327999
1712808000,2024-04-11T04:00:00+00:00,172.78,175.96,171.59,174.47,73520.42805388
1712822400,2024-04-11T08:00:00+00:00,174.52,175.37,170.13,170.48,79137.72646867999
1712836800,2024-04-11T12:00:00+00:00,170.48,175.31,170.04,173.41,146460.44488971
1712851200,2024-04-11T16:00:00+00:00,173.41,176.34,171.96,174.65,154499.74510664
1712865600,2024-04-11T20:00:00+00:00,174.62,175.62,171.92,172.35,99643.57648664998
1712880000,2024-04-12T00:00:00+00:00,172.34,174.34,172.3,174.12,69587.10955939
1712894400,2024-04-12T04:00:00+00:00,174.08,175.99,172.94,173.23,64377.78058561
1712908800,2024-04-12T08:00:00+00:00,173.23,173.63,171.28,172.61,48402.83112913
1712923200,2024-04-12T12:00:00+00:00,172.61,172.65,166.55,167.25,172445.53892116
1712937600,2024-04-12T16:00:00+00:00,167.25,167.76,143,149.36,803419.6083839
1712952000,2024-04-12T20:00:00+00:00,149.28,154.99,148.77,153.24,342669.85909121
1712966400,2024-04-13T00:00:00+00:00,153.22,153.51,145.55,151.82,321804.59042589
1712980800,2024-04-13T04:00:00+00:00,151.82,154.99,150.64,151.08,164536.03532088
1712995200,2024-04-13T08:00:00+00:00,151.08,153.45,149.54,151.27,94473.57688299
1713009600,2024-04-13T12:00:00+00:00,151.24,153.04,148.4,148.98,140067.01944462
1713024000,2024-04-13T16:00:00+00:00,148.98,149.66,131.03,134.18,880584.2375424199
1713038400,2024-04-13T20:00:00+00:00,134.18,143.9,121.88,138.48,1507893.59442688
1713052800,2024-04-14T00:00:00+00:00,138.59,141.12,130,134.98,532508.49538793
1713067200,2024-04-14T04:00:00+00:00,135.07,144.64,133.94,144.16,320190.0381436
1713081600,2024-04-14T08:00:00+00:00,144.15,145.62,138.34,138.96,178003.72153137997
1713096000,2024-04-14T12:00:00+00:00,138.91,143.45,135.58,138.08,272371.92529451
1713110400,2024-04-14T16:00:00+00:00,138.06,143.21,133.54,141.83,352600.51401663
1713124800,2024-04-14T20:00:00+00:00,141.83,152.95,139.84,151.44,454441.83329882997
1713139200,2024-04-15T00:00:00+00:00,151.42,151.42,146.56,148.28,164230.21823749001
1713153600,2024-04-15T04:00:00+00:00,148.27,156.27,146.22,153.9,173547.04511594
1713168000,2024-04-15T08:00:00+00:00,153.89,155.14,151,151.12,169540.26598275
1713182400,2024-04-15T12:00:00+00:00,151.1,152.47,141.56,143.42,444367.22947743
1713196800,2024-04-15T16:00:00+00:00,143.45,144.78,133.7,137.89,400546.83943851
1713211200,2024-04-15T20:00:00+00:00,137.99,140.26,135.5,138.56,199354.00795871002
1713225600,2024-04-16T00:00:00+00:00,138.56,140.69,133.74,134.67,160153.93046222
1713240000,2024-04-16T04:00:00+00:00,134.66,138.97,130.5,137.97,180714.2139334
1713254400,2024-04-16T08:00:00+00:00,137.94,138.08,130,136.21,162706.1065322
1713268800,2024-04-16T12:00:00+00:00,136.22,136.22,127.55,127.68,440707.07091951
1713283200,2024-04-16T16:00:00+00:00,127.68,135.4,126.51,132.16,418901.89221096004
1713297600,2024-04-16T20:00:00+00:00,132.16,138.06,131.65,136.26,196041.81921629
1713312000,2024-04-17T00:00:00+00:00,136.28,138.34,134.95,137.44,142598.42350781002
1713326400,2024-04-17T04:00:00+00:00,137.4,142.77,136.74,139.48,160695.76589001002
1713340800,2024-04-17T08:00:00+00:00,139.48,140.24,134.11,134.38,99649.03380675
1713355200,2024-04-17T12:00:00+00:00,134.38,135.09,127.38,128.71,484837.17960434995
1713369600,2024-04-17T16:00:00+00:00,128.71,137.89,126.68,134.62,492212.09755025
1713384000,2024-04-17T20:00:00+00:00,134.64,137.91,131.62,131.84,236662.40066795
1713398400,2024-04-18T00:00:00+00:00,131.83,136.62,129.7,135.6,180442.20176837
1713412800,2024-04-18T04:00:00+00:00,135.55,136.79,129.09,129.43,157804.49950255
1713427200,2024-04-18T08:00:00+00:00,129.44,137,127.7,135.84,153903.10674105998
1713441600,2024-04-18T12:00:00+00:00,135.76,141.63,132,139.11,301519.56428932
1713456000,2024-04-18T16:00:00+00:00,139.11,141.68,135.69,140.42,223122.84111467
1713470400,2024-04-18T20:00:00+00:00,140.42,143.94,139.64,142.14,137130.57221459
1713484800,2024-04-19T00:00:00+00:00,142.14,142.14,128.47,136.51,642393.63727105
1713499200,2024-04-19T04:00:00+00:00,136.52,146.89,136.24,143.37,399350.69091172
1713513600,2024-04-19T08:00:00+00:00,143.44,146.23,142.59,144.56,199209.9290214
1713528000,2024-04-19T12:00:00+00:00,144.56,147.63,141.74,146.24,281382.01587015
1713542400,2024-04-19T16:00:00+00:00,146.22,147.57,143.71,145.57,179205.49928902
1713556800,2024-04-19T20:00:00+00:00,145.57,145.8,139.85,142.56,300874.06102947
1713571200,2024-04-20T00:00:00+00:00,142.54,143.63,139.7,142.45,112622.08918097
1713585600,2024-04-20T04:00:00+00:00,142.48,145.07,141.68,143.54,66286.47322862
1713600000,2024-04-20T08:00:00+00:00,143.58,143.64,140.14,141.6,58680.60728444
1713614400,2024-04-20T12:00:00+00:00,141.6,147.5,141,147.25,119444.11262419
1713628800,2024-04-20T16:00:00+00:00,147.3,151.87,146.38,151.26,242926.8901376
1713643200,2024-04-20T20:00:00+00:00,151.29,152.48,149.16,151.33,115534.23619417001
1713657600,2024-04-21T00:00:00+00:00,151.28,153.59,148.16,150.71,148341.75052455
1713672000,2024-04-21T04:00:00+00:00,150.71,151.83,149.97,151.17,54105.8344409
1713686400,2024-04-21T08:00:00+00:00,151.15,152.73,149.64,151.52,47783.90342345
1713700800,2024-04-21T12:00:00+00:00,151.53,151.8,148.61,150.14,93999.1675172
1713715200,2024-04-21T16:00:00+00:00,150.15,150.38,146.8,148,101728.94417993
1713729600,2024-04-21T20:00:00+00:00,148,150.91,147.52,148.82,121287.22119075
1713744000,2024-04-22T00:00:00+00:00,148.81,151.49,146.7,150.4,242833.58133119
1713758400,2024-04-22T04:00:00+00:00,150.4,156.71,150.02,153.67,144768.45880392
1713772800,2024-04-22T08:00:00+00:00,153.71,154.74,152.39,153.35,62220.03975041
1713787200,2024-04-22T12:00:00+00:00,153.34,155,151.66,153.54,157999.28882703
1713801600,2024-04-22T16:00:00+00:00,153.54,156.2,152.48,154.66,143168.88858698
1713816000,2024-04-22T20:00:00+00:00,154.65,158.5,154.15,157.02,158784.08890383
1713830400,2024-04-23T00:00:00+00:00,157.02,159.4,155.52,155.6,124848.02561856
1713844800,2024-04-23T04:00:00+00:00,155.6,156.93,153.15,153.65,89573.08867472
1713859200,2024-04-23T08:00:00+00:00,153.65,155.63,153.21,154.14,54075.48684012
1713873600,2024-04-23T12:00:00+00:00,154.14,159.84,153.68,157.98,216470.39210305
1713888000,2024-04-23T16:00:00+00:00,158.01,160,157.11,157.4,156874.39622494997
1713902400,2024-04-23T20:00:00+00:00,157.48,157.76,154.53,154.69,168987.97952487
1713916800,2024-04-24T00:00:00+00:00,154.69,158.93,154.42,156.72,184075.56812063002
1713931200,2024-04-24T04:00:00+00:00,156.73,159.78,156.28,157.86,116388.228003
1713945600,2024-04-24T08:00:00+00:00,157.86,159.38,156.5,159.37,63979.66211066
1713960000,2024-04-24T12:00:00+00:00,159.33,159.64,151.04,151.45,263856.78501041
1713974400,2024-04-24T16:00:00+00:00,151.43,153.8,147.34,149.75,316308.37496918
1713988800,2024-04-24T20:00:00+00:00,149.67,150.37,145.25,147.71,179934.10619303002
1714003200,2024-04-25T00:00:00+00:00,147.71,149.49,144.77,146.02,130930.56137952002
1714017600,2024-04-25T04:00:00+00:00,146,148.52,144.75,146.23,82355.22027814
1714032000,2024-04-25T08:00:00+00:00,146.25,147.5,143.13,144.79,141598.78236421
1714046400,2024-04-25T12:00:00+00:00,144.78,148.28,142.04,147.71,299942.41621957003
1714060800,2024-04-25T16:00:00+00:00,147.7,149.3,146.5,146.83,144359.98580331
1714075200,2024-04-25T20:00:00+00:00,146.83,148.92,144.68,144.83,176834.12951822998
1714089600,2024-04-26T00:00:00+00:00,144.84,145.12,141.41,143.25,128064.35000621999
1714104000,2024-04-26T04:00:00+00:00,143.21,144.85,142.37,143.46,52022.10694811
1714118400,2024-04-26T08:00:00+00:00,143.45,144.59,142.23,143.16,46497.88987888
1714132800,2024-04-26T12:00:00+00:00,143.11,146.11,141.11,142.62,172392.97885641
1714147200,2024-04-26T16:00:00+00:00,142.61,144.23,141.65,142.66,88320.54915643999
1714161600,2024-04-26T20:00:00+00:00,142.64,143.77,138.73,139.22,126275.44988397999
1714176000,2024-04-27T00:00:00+00:00,139.19,140.17,133,136.26,229789.00786200003
1714190400,2024-04-27T04:00:00+00:00,136.22,137.19,135.5,136.07,71263.47102575
1714204800,2024-04-27T08:00:00+00:00,136.08,136.74,135.19,135.83,47595.022128079996
1714219200,2024-04-27T12:00:00+00:00,135.82,139.75,135.61,137.63,101661.08530144999
1714233600,2024-04-27T16:00:00+00:00,137.64,142.4,137.37,142.23,157917.89271073998
1714248000,2024-04-27T20:00:00+00:00,142.25,142.97,139.9,141.22,81039.99637283
1714262400,2024-04-28T00:00:00+00:00,141.24,144.6,140.71,143.75,109747.03321627999
1714276800,2024-04-28T04:00:00+00:00,143.74,144.35,142.8,143.47,68617.51021414
1714291200,2024-04-28T08:00:00+00:00,143.46,143.88,140.85,141.17,53582.03710103
1714305600,2024-04-28T12:00:00+00:00,141.15,142.89,141.08,141.95,43507.9821103
1714320000,2024-04-28T16:00:00+00:00,141.94,143.91,141.76,142,61162.20396463
1714334400,2024-04-28T20:00:00+00:00,141.98,142.28,137.02,137.98,150065.33145945
1714348800,2024-04-29T00:00:00+00:00,137.98,138.9,134.65,134.9,129600.08477827
1714363200,2024-04-29T04:00:00+00:00,134.93,136.75,134.04,134.98,92541.14875892
1714377600,2024-04-29T08:00:00+00:00,134.93,136.76,133.63,134.67,94468.86156739
1714392000,2024-04-29T12:00:00+00:00,134.57,137.53,133.93,136.47,147444.34758086
1714406400,2024-04-29T16:00:00+00:00,136.47,136.65,133.37,134.91,168740.54722608003
1714420800,2024-04-29T20:00:00+00:00,134.91,138.68,133.95,137.73,162395.76038072
1714435200,2024-04-30T00:00:00+00:00,137.73,139.74,134.9,136.47,158147.41451311
1714449600,2024-04-30T04:00:00+00:00,136.48,136.69,134.64,135.05,101196.95679899
1714464000,2024-04-30T08:00:00+00:00,135.03,135.49,128.24,128.72,264789.12115539
1714478400,2024-04-30T12:00:00+00:00,128.71,130.31,126.57,127.68,279133.78513728
1714492800,2024-04-30T16:00:00+00:00,127.67,127.67,121,122.85,472239.07460889
1714507200,2024-04-30T20:00:00+00:00,122.86,128.7,122.8,126.66,232071.03920137
1714521600,2024-05-01T00:00:00+00:00,126.63,127.39,123.39,126.07,162252.7364836
1714536000,2024-05-01T04:00:00+00:00,126.1,126.66,118.68,120.44,231738.23368752
1714550400,2024-05-01T08:00:00+00:00,120.44,122.92,118.8,122.91,191777.62876361
1714564800,2024-05-01T12:00:00+00:00,122.89,124.79,121.36,123.25,295857.74644154997
1714579200,2024-05-01T16:00:00+00:00,123.24,135.86,122.48,129.53,520561.53914491
1714593600,2024-05-01T20:00:00+00:00,129.57,135.05,128.69,134.46,241956.72979155998
1714608000,2024-05-02T00:00:00+00:00,134.45,134.89,128.57,129.93,177040.83403242
1714622400,2024-05-02T04:00:00+00:00,129.92,132.89,128.16,131.28,90222.98481191
1714636800,2024-05-02T08:00:00+00:00,131.31,140,131.01,138.75,266901.19138805
1714651200,2024-05-02T12:00:00+00:00,138.75,140.43,135.04,139.13,277793.52384949
1714665600,2024-05-02T16:00:00+00:00,139.15,139.87,137.02,138.03,121986.87921655
1714680000,2024-05-02T20:00:00+00:00,138.03,141,135.61,137.57,156734.30502524
1714694400,2024-05-03T00:00:00+00:00,137.57,141.76,136.61,141.01,125768.06416745
1714708800,2024-05-03T04:00:00+00:00,141.01,141.59,136.8,137.22,104259.52665275
1714723200,2024-05-03T08:00:00+00:00,137.21,139.16,132.1,136.87,146299.60536666
1714737600,2024-05-03T12:00:00+00:00,136.86,144,136.45,142.11,361457.2543604
1714752000,2024-05-03T16:00:00+00:00,142.14,143.22,141.16,142.9,126412.16865918
1714766400,2024-05-03T20:00:00+00:00,142.84,145.03,142.55,143.73,148929.8015173
1714780800,2024-05-04T00:00:00+00:00,143.75,145,142.25,144.24,104557.27899047
1714795200,2024-05-04T04:00:00+00:00,144.24,146.4,143.77,144.02,77655.97465732999
1714809600,2024-05-04T08:00:00+00:00,144,149.11,144,146.58,104273.17892452999
1714824000,2024-05-04T12:00:00+00:00,146.56,148.34,145.59,146.22,90339.18456595001
1714838400,2024-05-04T16:00:00+00:00,146.23,147.58,145.28,147.39,76345.19083968
1714852800,2024-05-04T20:00:00+00:00,147.44,148,145.81,146.06,75582.99610439001
1714867200,2024-05-05T00:00:00+00:00,146.07,147.3,143,144.68,119643.75181805999
1714881600,2024-05-05T04:00:00+00:00,144.69,146.05,144.17,145.67,91946.97926905
1714896000,2024-05-05T08:00:00+00:00,145.68,146.7,145.13,146.64,25786.64265725
1714910400,2024-05-05T12:00:00+00:00,146.65,148,145.33,147.49,62958.21820432
1714924800,2024-05-05T16:00:00+00:00,147.5,147.88,145.69,146.04,85630.58515575
1714939200,2024-05-05T20:00:00+00:00,146.04,146.21,144.68,145.74,75441.33625073
1714953600,2024-05-06T00:00:00+00:00,145.74,148.1,145.44,146.25,89035.64116101
1714968000,2024-05-06T04:00:00+00:00,146.25,149.36,145.93,148.74,81870.26807877
1714982400,2024-05-06T08:00:00+00:00,148.73,157.03,148.73,154.06,241738.15823021
1714996800,2024-05-06T12:00:00+00:00,154.06,156.29,149.74,153.86,302819.71222665
1715011200,2024-05-06T16:00:00+00:00,153.85,154.19,151,153.51,159174.50197956
1715025600,2024-05-06T20:00:00+00:00,153.5,155.98,152.54,152.83,127253.26385018001
1715040000,2024-05-07T00:00:00+00:00,152.85,158,151.83,153.9,183120.88798608998
1715054400,2024-05-07T04:00:00+00:00,153.91,156.27,153.16,155.16,94107.17088863
1715068800,2024-05-07T08:00:00+00:00,155.11,159.18,154.82,154.98,101710.10041290999
1715083200,2024-05-07T12:00:00+00:00,154.95,157,152.18,154.72,139866.08090754
1715097600,2024-05-07T16:00:00+00:00,154.73,155.5,150.75,151.16,149427.76502794
1715112000,2024-05-07T20:00:00+00:00,151.13,152.41,148,148.05,169889.35852878
1715126400,2024-05-08T00:00:00+00:00,148.04,149.95,147.12,149.44,132795.37255318998
1715140800,2024-05-08T04:00:00+00:00,149.47,149.84,145.77,146.42,122653.59725018
1715155200,2024-05-08T08:00:00+00:00,146.39,146.97,144.8,145.32,91285.94353676
1715169600,2024-05-08T12:00:00+00:00,145.35,148.85,144.37,145.85,185664.08470873
1715184000,2024-05-08T16:00:00+00:00,145.82,149.06,144.59,145.41,119924.10065518
1715198400,2024-05-08T20:00:00+00:00,145.47,145.89,140,142.13,247212.83480554
1715212800,2024-05-09T00:00:00+00:00,142.14,144.76,141.9,144.05,145576.45044893998
1715227200,2024-05-09T04:00:00+00:00,144.04,145.74,142.49,143.19,110209.88992089
1715241600,2024-05-09T08:00:00+00:00,143.19,143.94,140.53,142.75,77414.69195028
1715256000,2024-05-09T12:00:00+00:00,142.75,147.84,141.55,146.41,168621.99629138998
1715270400,2024-05-09T16:00:00+00:00,146.41,151,145.7,150.86,240659.84869493
1715284800,2024-05-09T20:00:00+00:00,150.86,153.37,149.19,152.54,176297.16339280998
1715299200,2024-05-10T00:00:00+00:00,152.55,154.52,151.33,153.88,107246.57203822999
1715313600,2024-05-10T04:00:00+00:00,153.93,155.74,152.29,154.33,83207.20564183
1715328000,2024-05-10T08:00:00+00:00,154.36,155.17,152.96,154.97,76189.99592738
1715342400,2024-05-10T12:00:00+00:00,155,155.4,145.86,146.91,492112.94134602
1715356800,2024-05-10T16:00:00+00:00,146.89,148.58,145.24,147.11,273527.92325463
1715371200,2024-05-10T20:00:00+00:00,147.1,147.97,144.41,146.01,185373.82300494
1715385600,2024-05-11T00:00:00+00:00,146.01,147.66,143.29,143.62,264368.99940624
1715400000,2024-05-11T04:00:00+00:00,143.62,146.42,143.5,145.71,70712.58351827
1715414400,2024-05-11T08:00:00+00:00,145.72,145.8,143.05,144.18,56354.64464206
1715428800,2024-05-11T12:00:00+00:00,144.17,146.95,143.81,145.62,74018.90984602
1715443200,2024-05-11T16:00:00+00:00,145.62,146.69,144.78,146.38,65464.48255778001
1715457600,2024-05-11T20:00:00+00:00,146.38,146.48,145.02,145.37,43831.24524087
1715472000,2024-05-12T00:00:00+00:00,145.37,146.88,145.19,146.32,45496.892655710006
1715486400,2024-05-12T04:00:00+00:00,146.35,147.69,143.65,144.14,73688.10880204
1715500800,2024-05-12T08:00:00+00:00,144.13,146.26,143.8,144.96,95365.09846923
1715515200,2024-05-12T12:00:00+00:00,144.97,145.65,144,145.14,41155.37237765
1715529600,2024-05-12T16:00:00+00:00,145.14,146.33,144.32,144.88,50455.15490225
1715544000,2024-05-12T20:00:00+00:00,144.88,145.21,142.57,143.35,63008.745198879995
1715558400,2024-05-13T00:00:00+00:00,143.36,145.85,138.33,140.1,196811.8275208
1715572800,2024-05-13T04:00:00+00:00,140.09,144,137.82,143.48,113513.26844084999
1715587200,2024-05-13T08:00:00+00:00,143.5,147.34,143.5,145.56,158043.37545658
1715601600,2024-05-13T12:00:00+00:00,145.57,148.27,144.74,147.23,212247.54981564
1715616000,2024-05-13T16:00:00+00:00,147.25,150.8,145.8,148.82,256246.03171676997
1715630400,2024-05-13T20:00:00+00:00,148.78,149.74,146.71,147.49,133457.83510494
1715644800,2024-05-14T00:00:00+00:00,147.5,151.5,145.65,146.29,284470.37784204003
1715659200,2024-05-14T04:00:00+00:00,146.26,148.99,143.65,146.48,74456.14029445
1715673600,2024-05-14T08:00:00+00:00,146.48,147.36,145.28,146.49,58396.53680815
1715688000,2024-05-14T12:00:00+00:00,146.49,148.33,141.83,142.83,217430.8858674
1715702400,2024-05-14T16:00:00+00:00,142.86,144.57,141.75,143.72,95725.36635278
1715716800,2024-05-14T20:00:00+00:00,143.71,143.82,141.86,141.96,89360.19278378
1715731200,2024-05-15T00:00:00+00:00,141.98,144.06,141.22,143.87,89869.610715
1715745600,2024-05-15T04:00:00+00:00,143.86,144.59,143.11,144.26,46429.56146851999
1715760000,2024-05-15T08:00:00+00:00,144.24,146.04,143.1,144.21,117736.33443687
1715774400,2024-05-15T12:00:00+00:00,144.22,154.13,143.67,151.5,550401.3146911
1715788800,2024-05-15T16:00:00+00:00,151.5,155.06,151,155.03,304011.16352024
1715803200,2024-05-15T20:00:00+00:00,155.04,158.86,154.32,158.6,213565.62563507
1715817600,2024-05-16T00:00:00+00:00,158.6,163.87,158.22,163.13,307788.1816743
1715832000,2024-05-16T04:00:00+00:00,163.14,163.59,161.3,162.76,106246.32672996001
1715846400,2024-05-16T08:00:00+00:00,162.75,164.75,161.75,163.77,118419.77636292
1715860800,2024-05-16T12:00:00+00:00,163.73,163.82,157.46,160.46,345708.83670795
1715875200,2024-05-16T16:00:00+00:00,160.45,160.6,156.7,159.09,210438.06447463998
1715889600,2024-05-16T20:00:00+00:00,159.11,159.62,157.5,159.37,78821.4777988
1715904000,2024-05-17T00:00:00+00:00,159.37,162.85,159.34,162.23,132200.96105699
1715918400,2024-05-17T04:00:00+00:00,162.22,169.9,161.03,169.26,163555.4642236
1715932800,2024-05-17T08:00:00+00:00,169.3,170,167.23,167.46,100437.49621707
1715947200,2024-05-17T12:00:00+00:00,167.48,171.18,165.86,169.77,203195.87966953
1715961600,2024-05-17T16:00:00+00:00,169.77,172.08,166.31,168.98,180932.53251447
1715976000,2024-05-17T20:00:00+00:00,168.98,169.89,167.41,169.48,115441.02787995001
1715990400,2024-05-18T00:00:00+00:00,169.51,174.49,168.7,173.29,132291.9352553
1716004800,2024-05-18T04:00:00+00:00,173.28,173.95,172.09,172.31,72722.72130342
1716019200,2024-05-18T08:00:00+00:00,172.31,175.99,172.17,174.42,95808.3405453
1716033600,2024-05-18T12:00:00+00:00,174.42,174.71,169.79,172.47,161817.57863856002
1716048000,2024-05-18T16:00:00+00:00,172.46,172.66,170.42,172.29,94899.72608333
1716062400,2024-05-18T20:00:00+00:00,172.28,173.72,171.71,172.46,78152.60494762
1716076800,2024-05-19T00:00:00+00:00,172.45,175.16,172.02,174.35,66764.59716232
1716091200,2024-05-19T04:00:00+00:00,174.36,175.51,172.43,174.15,70325.03924737
1716105600,2024-05-19T08:00:00+00:00,174.14,174.52,170.88,171.81,61627.08664909
1716120000,2024-05-19T12:00:00+00:00,171.81,171.88,166.01,168.28,141165.75544255998
1716134400,2024-05-19T16:00:00+00:00,168.3,171.72,167.3,169.31,90855.17257749
1716148800,2024-05-19T20:00:00+00:00,169.32,171.65,168.32,169.92,66925.48647987
1716163200,2024-05-20T00:00:00+00:00,169.92,173.47,167.7,172.09,97492.54999187001
1716177600,2024-05-20T04:00:00+00:00,172.09,178.59,171.74,178.03,136655.4255802
1716192000,2024-05-20T08:00:00+00:00,178.01,179.3,176.12,177.72,88189.28148863
1716206400,2024-05-20T12:00:00+00:00,177.72,179.5,175.26,179.02,139060.00192253
1716220800,2024-05-20T16:00:00+00:00,179.01,188.41,178.15,187.31,306954.23584742
1716235200,2024-05-20T20:00:00+00:00,187.37,187.76,182.27,186.74,405961.19757013
1716249600,2024-05-21T00:00:00+00:00,186.71,188.9,182.79,184.28,204569.79106195
1716264000,2024-05-21T04:00:00+00:00,184.26,185,180.27,181.26,95387.38051871999
1716278400,2024-05-21T08:00:00+00:00,181.26,183.76,180.31,180.35,134099.08310841
1716292800,2024-05-21T12:00:00+00:00,180.37,181.21,176,176.64,378209.08223091
1716307200,2024-05-21T16:00:00+00:00,176.71,178.8,174.26,175.27,245305.83329202
1716321600,2024-05-21T20:00:00+00:00,175.26,178.57,175.12,178.12,188777.79464455
1716336000,2024-05-22T00:00:00+00:00,178.12,179.28,176.44,177.9,119134.68454398999
1716350400,2024-05-22T04:00:00+00:00,177.9,182.83,175,179.82,210248.73831963
1716364800,2024-05-22T08:00:00+00:00,179.83,181.3,178.05,178.05,97271.57641072001
1716379200,2024-05-22T12:00:00+00:00,178.06,182.71,176.22,181.33,242179.53732075
1716393600,2024-05-22T16:00:00+00:00,181.34,183.46,177.37,178.3,315860.5230682
1716408000,2024-05-22T20:00:00+00:00,178.3,180.7,176.16,176.84,210326.99544439
1716422400,2024-05-23T00:00:00+00:00,176.85,179.21,175.54,178.65,161460.13914601
1716436800,2024-05-23T04:00:00+00:00,178.65,178.65,176.2,177.36,271691.40236755
1716451200,2024-05-23T08:00:00+00:00,177.37,177.85,169.01,175.6,249134.13793875
1716465600,2024-05-23T12:00:00+00:00,175.58,176.91,168.99,172.58,406188.86234741
1716480000,2024-05-23T16:00:00+00:00,172.58,175.1,170.4,170.7,232808.22327960999
1716494400,2024-05-23T20:00:00+00:00,170.7,180.96,165.61,176.11,460934.38921319
1716508800,2024-05-24T00:00:00+00:00,176.07,176.07,171.46,171.93,165858.49590431
1716523200,2024-05-24T04:00:00+00:00,171.93,171.97,165.11,166.19,184260.36816125998
1716537600,2024-05-24T08:00:00+00:00,166.11,166.54,162.45,166.26,122713.54760799
1716552000,2024-05-24T12:00:00+00:00,166.2,169.01,164.98,167.23,359130.13917841006
1716566400,2024-05-24T16:00:00+00:00,167.22,170.29,164.62,168.28,265981.90914512
1716580800,2024-05-24T20:00:00+00:00,168.27,168.77,166.65,167.68,125368.22740214001
1716595200,2024-05-25T00:00:00+00:00,167.68,169.75,165.89,169.58,70300.14452975
1716609600,2024-05-25T04:00:00+00:00,169.58,170.11,168.07,168.94,40196.04065322
1716624000,2024-05-25T08:00:00+00:00,168.92,170.49,168.29,168.57,57437.60560334
1716638400,2024-05-25T12:00:00+00:00,168.58,168.86,166.65,167.79,79612.92965442999
1716652800,2024-05-25T16:00:00+00:00,167.79,168.05,166.35,167.17,95950.71379265
1716667200,2024-05-25T20:00:00+00:00,167.17,168.62,166.54,168.33,74912.26932246001
1716681600,2024-05-26T00:00:00+00:00,168.33,168.39,164.72,166.22,146219.20956101
1716696000,2024-05-26T04:00:00+00:00,166.21,166.89,164.5,165.26,80813.40660758
1716710400,2024-05-26T08:00:00+00:00,165.23,165.49,162.18,163.88,200638.25464658998
1716724800,2024-05-26T12:00:00+00:00,163.87,165.67,161.94,162.75,242336.32954869999
1716739200,2024-05-26T16:00:00+00:00,162.75,163.35,160.36,162.57,215944.8175158
1716753600,2024-05-26T20:00:00+00:00,162.6,164.05,160.78,163.24,129044.84119157
1716768000,2024-05-27T00:00:00+00:00,163.25,166.25,163.17,165.25,142443.74364429002
1716782400,2024-05-27T04:00:00+00:00,165.27,166.32,163.7,165.46,49186.926441330004
1716796800,2024-05-27T08:00:00+00:00,165.42,167.94,164.9,167.64,49913.18234719
1716811200,2024-05-27T12:00:00+00:00,167.63,171.3,166.55,170.9,108942.62313208
1716825600,2024-05-27T16:00:00+00:00,170.88,172.12,166.52,168.51,136904.87927019
1716840000,2024-05-27T20:00:00+00:00,168.47,171.55,168.22,170.02,99399.69066541
1716854400,2024-05-28T00:00:00+00:00,170.02,171.99,165.96,167.26,126896.06477919
1716868800,2024-05-28T04:00:00+00:00,167.27,167.46,164.82,165.94,61120.23834647001
1716883200,2024-05-28T08:00:00+00:00,165.94,170.19,165.72,169.67,56412.970481050004
1716897600,2024-05-28T12:00:00+00:00,169.65,173.11,166.56,168.05,202112.80350179
1716912000,2024-05-28T16:00:00+00:00,168.05,170.6,165.85,170.2,138303.62475332
1716926400,2024-05-28T20:00:00+00:00,170.24,170.56,168.16,168.5,78810.64516328
1716940800,2024-05-29T00:00:00+00:00,168.5,172.35,167.25,172.13,96156.82774422
1716955200,2024-05-29T04:00:00+00:00,172.14,173.8,170.6,170.65,81178.72062704
1716969600,2024-05-29T08:00:00+00:00,170.67,170.9,167.5,168.1,86199.93463577
1716984000,2024-05-29T12:00:00+00:00,168.11,169.8,167.01,168.48,303539.9374194
1716998400,2024-05-29T16:00:00+00:00,168.52,171.66,167.52,169.26,124200.9520289
1717012800,2024-05-29T20:00:00+00:00,169.31,169.77,167.72,168.13,124012.95192016
1717027200,2024-05-30T00:00:00+00:00,168.11,170.74,167.7,169.8,79315.85587262
1717041600,2024-05-30T04:00:00+00:00,169.81,170.77,164.14,164.95,92341.78117008999
1717056000,2024-05-30T08:00:00+00:00,164.88,167.17,163.48,166.06,88803.48001435999
1717070400,2024-05-30T12:00:00+00:00,166.06,169.72,165.85,168.39,356545.66680369
1717084800,2024-05-30T16:00:00+00:00,168.41,172.54,167.87,168.38,189581.23953273002
1717099200,2024-05-30T20:00:00+00:00,168.38,168.38,166.2,166.83,138224.81879068
1717113600,2024-05-31T00:00:00+00:00,166.81,167.49,165.57,167.16,81391.7280893
1717128000,2024-05-31T04:00:00+00:00,167.15,167.6,165,166.59,75123.10425549
1717142400,2024-05-31T08:00:00+00:00,166.54,168.82,166.01,168.62,87872.83691354
1717156800,2024-05-31T12:00:00+00:00,168.62,170.88,164.62,164.65,227016.7326819
1717171200,2024-05-31T16:00:00+00:00,164.65,166.74,163.75,166.1,225028.19064796
1717185600,2024-05-31T20:00:00+00:00,166.14,166.85,164.89,165.51,51941.22029799
1717200000,2024-06-01T00:00:00+00:00,165.5,167.66,165.49,166.9,90550.51363485001
1717214400,2024-06-01T04:00:00+00:00,166.89,167.35,166.31,166.7,33851.66737482
1717228800,2024-06-01T08:00:00+00:00,166.7,167.22,166.43,166.77,15248.87546192
1717243200,2024-06-01T12:00:00+00:00,166.74,167.81,166.65,167.2,41961.11669359
1717257600,2024-06-01T16:00:00+00:00,167.2,167.43,166.72,167.21,35966.344753720005
1717272000,2024-06-01T20:00:00+00:00,167.22,167.64,165.55,165.99,70942.87443343
1717286400,2024-06-02T00:00:00+00:00,165.99,166.97,165.37,166.06,43431.980026180005
1717300800,2024-06-02T04:00:00+00:00,166.05,166.35,164.8,164.85,107469.99773636999
1717315200,2024-06-02T08:00:00+00:00,164.85,166.03,163.89,165.9,49902.433660669994
1717329600,2024-06-02T12:00:00+00:00,165.9,166.12,164.51,164.99,107262.88956985
1717344000,2024-06-02T16:00:00+00:00,164.99,165.19,161.27,163.03,135952.97638464
1717358400,2024-06-02T20:00:00+00:00,163.01,163.6,161.62,163.02,130698.95263012999
1717372800,2024-06-03T00:00:00+00:00,163.03,165.11,161.5,163.5,148310.45247097
1717387200,2024-06-03T04:00:00+00:00,163.5,165.73,162.67,165.26,53747.88086872
1717401600,2024-06-03T08:00:00+00:00,165.27,166.76,164.49,164.79,35735.67609623
1717416000,2024-06-03T12:00:00+00:00,164.79,167.14,163,164.85,252029.40642488998
1717430400,2024-06-03T16:00:00+00:00,164.86,166.98,163.7,166.97,158294.00993769002
1717444800,2024-06-03T20:00:00+00:00,166.98,167.12,164.4,164.88,97499.82136046
1717459200,2024-06-04T00:00:00+00:00,164.88,166.83,164.3,166.45,74506.97284873
1717473600,2024-06-04T04:00:00+00:00,166.44,166.94,164.88,165.24,30138.812174889998
1717488000,2024-06-04T08:00:00+00:00,165.23,165.81,164.4,165.45,33252.7062505
1717502400,2024-06-04T12:00:00+00:00,165.44,167.94,165.23,167.91,241690.21553711
1717516800,2024-06-04T16:00:00+00:00,167.93,170.38,167.78,169.56,204131.06450525002
1717531200,2024-06-04T20:00:00+00:00,169.55,171.88,168.31,171.81,96868.33964368
1717545600,2024-06-05T00:00:00+00:00,171.81,174.94,171.06,172.95,202518.89157619
1717560000,2024-06-05T04:00:00+00:00,172.94,174.15,172.32,173.4,65551.92168253
1717574400,2024-06-05T08:00:00+00:00,173.46,174.1,172.03,172.81,64618.85851695
1717588800,2024-06-05T12:00:00+00:00,172.81,175.1,171.21,174.78,225718.68942819
1717603200,2024-06-05T16:00:00+00:00,174.78,175.62,172.5,172.99,127483.36119594
1717617600,2024-06-05T20:00:00+00:00,173.03,173.85,172.75,173.58,80780.27682803001
1717632000,2024-06-06T00:00:00+00:00,173.57,174.6,173.18,173.87,53393.11685147
1717646400,2024-06-06T04:00:00+00:00,173.87,174.07,171.55,172.59,51429.701049890005
1717660800,2024-06-06T08:00:00+00:00,172.58,173.38,172.13,173.06,37032.83619139
1717675200,2024-06-06T12:00:00+00:00,173.08,173.67,172.35,172.93,95811.24295824001
1717689600,2024-06-06T16:00:00+00:00,172.93,173.05,168.64,169.05,170733.78335429
1717704000,2024-06-06T20:00:00+00:00,169.04,170.82,167.59,170.1,101780.87052771
1717718400,2024-06-07T00:00:00+00:00,170.1,170.61,168.95,170.53,63348.07089213
1717732800,2024-06-07T04:00:00+00:00,170.53,172.51,170.41,171.94,46009.45952543
1717747200,2024-06-07T08:00:00+00:00,171.94,172.33,170.86,172.09,48409.27702897
1717761600,2024-06-07T12:00:00+00:00,172.08,172.72,169.07,170.01,99845.69241250999
1717776000,2024-06-07T16:00:00+00:00,170.02,170.25,153.75,161.97,525929.59844784
1717790400,2024-06-07T20:00:00+00:00,161.94,163.17,161,162.47,101741.72837278
1717804800,2024-06-08T00:00:00+00:00,162.46,163.08,161.67,162.64,49504.96457035
1717819200,2024-06-08T04:00:00+00:00,162.62,163.72,161.28,163.53,40240.3635371
1717833600,2024-06-08T08:00:00+00:00,163.48,163.57,160.02,160.4,45463.91798335
1717848000,2024-06-08T12:00:00+00:00,160.39,161.33,158.24,160.1,145655.29786626
1717862400,2024-06-08T16:00:00+00:00,160.12,161.01,158.82,159.82,63695.40061314999
1717876800,2024-06-08T20:00:00+00:00,159.82,159.97,157.3,157.79,68048.55109564
1717891200,2024-06-09T00:00:00+00:00,157.79,158.79,156.51,157.8,52591.22232623
1717905600,2024-06-09T04:00:00+00:00,157.78,159.75,157.27,159.01,29482.136044640003
1717920000,2024-06-09T08:00:00+00:00,159.01,159.8,158.66,159.42,15738.69722867
1717934400,2024-06-09T12:00:00+00:00,159.41,161.87,159.2,161.61,64963.308258720004
1717948800,2024-06-09T16:00:00+00:00,161.61,163,160.55,162.15,63327.50150786
1717963200,2024-06-09T20:00:00+00:00,162.15,162.39,161.27,162.12,35569.62970717
1717977600,2024-06-10T00:00:00+00:00,162.12,162.21,159.61,159.81,39988.28576165
1717992000,2024-06-10T04:00:00+00:00,159.81,160.52,157.48,157.62,53406.40145228
1718006400,2024-06-10T08:00:00+00:00,157.61,160.16,157.55,159.4,35120.80499228
1718020800,2024-06-10T12:00:00+00:00,159.38,163.18,157.67,162.36,85591.95363589001
1718035200,2024-06-10T16:00:00+00:00,162.39,162.88,160.03,160.42,70699.78581067
1718049600,2024-06-10T20:00:00+00:00,160.42,160.66,158.24,158.98,64532.66809426
1718064000,2024-06-11T00:00:00+00:00,158.99,159.67,155,156.01,125882.23922023
1718078400,2024-06-11T04:00:00+00:00,155.97,156.1,152.39,153.3,107285.27607179
1718092800,2024-06-11T08:00:00+00:00,153.33,155.17,152.69,153.74,61334.57267519
1718107200,2024-06-11T12:00:00+00:00,153.77,154.39,146.16,147.57,399224.4658691
1718121600,2024-06-11T16:00:00+00:00,147.51,149.77,144.95,149.25,483930.83952045004
1718136000,2024-06-11T20:00:00+00:00,149.21,150.31,148.05,149.32,162126.781311
1718150400,2024-06-12T00:00:00+00:00,149.32,149.87,145.46,149.63,114182.65252553
1718164800,2024-06-12T04:00:00+00:00,149.63,151.94,149.52,151.75,64584.11306928
1718179200,2024-06-12T08:00:00+00:00,151.74,153.52,150.98,151.71,50630.724611410005
1718193600,2024-06-12T12:00:00+00:00,151.74,161.85,151.61,158.87,279964.6533365
1718208000,2024-06-12T16:00:00+00:00,158.89,159.84,150.84,153.48,281621.42109985
1718222400,2024-06-12T20:00:00+00:00,153.33,155.61,152.8,155.18,143657.23108397
1718236800,2024-06-13T00:00:00+00:00,155.18,155.18,149.65,151.53,151447.21049326
1718251200,2024-06-13T04:00:00+00:00,151.51,152.83,150.78,152.1,53665.8790212
1718265600,2024-06-13T08:00:00+00:00,152.1,152.4,149.08,149.63,79054.17126877
1718280000,2024-06-13T12:00:00+00:00,149.6,152.15,146.05,146.81,288610.65289058
1718294400,2024-06-13T16:00:00+00:00,146.81,148.9,146.13,147.67,129375.71894081
1718308800,2024-06-13T20:00:00+00:00,147.65,148.36,145.97,147.23,101686.02361552001
1718323200,2024-06-14T00:00:00+00:00,147.23,148.44,145.83,147.44,159266.24311721002
1718337600,2024-06-14T04:00:00+00:00,147.43,148.75,146.67,147.5,62598.795257980004
1718352000,2024-06-14T08:00:00+00:00,147.5,148.67,147.05,147.94,58664.96097814
1718366400,2024-06-14T12:00:00+00:00,148,148.94,142.82,143.68,228252.74621393002
1718380800,2024-06-14T16:00:00+00:00,143.68,143.98,139.56,141.7,308623.85852942
1718395200,2024-06-14T20:00:00+00:00,141.7,145.02,141.4,142.98,127095.27013623001
1718409600,2024-06-15T00:00:00+00:00,142.98,144.85,142.84,144.84,61491.01693668999
1718424000,2024-06-15T04:00:00+00:00,144.84,145.45,143.54,143.67,45255.74923414
1718438400,2024-06-15T08:00:00+00:00,143.67,144.52,142.87,144.38,34982.06818262
1718452800,2024-06-15T12:00:00+00:00,144.39,145.33,143.92,145.09,43928.56999341
1718467200,2024-06-15T16:00:00+00:00,145.08,145.68,144.02,144.56,54645.76657615
1718481600,2024-06-15T20:00:00+00:00,144.57,145.6,143.77,145.45,44699.06868178
1718496000,2024-06-16T00:00:00+00:00,145.45,145.5,143.8,143.91,39016.734320870004
1718510400,2024-06-16T04:00:00+00:00,143.91,145.16,142.97,144.4,34084.019143469995
1718524800,2024-06-16T08:00:00+00:00,144.37,145.6,143.72,144.91,22212.67978419
1718539200,2024-06-16T12:00:00+00:00,144.92,148.73,144.69,148.44,79839.62043985
1718553600,2024-06-16T16:00:00+00:00,148.43,149.25,147.5,148.67,56000.74439559999
1718568000,2024-06-16T20:00:00+00:00,148.64,151.26,148.27,151.22,117200.74682911001
1718582400,2024-06-17T00:00:00+00:00,151.22,151.73,147.01,147.28,107016.29936092002
1718596800,2024-06-17T04:00:00+00:00,147.26,149.1,145.67,146.54,74144.95255285999
1718611200,2024-06-17T08:00:00+00:00,146.54,147.19,141.57,143.81,114587.71019576999
1718625600,2024-06-17T12:00:00+00:00,143.81,144.52,140.69,141.13,123970.80978053
1718640000,2024-06-17T16:00:00+00:00,141.14,146.72,139.77,144.47,190731.68320156
1718654400,2024-06-17T20:00:00+00:00,144.47,144.56,141.35,143.25,133623.14519955998
1718668800,2024-06-18T00:00:00+00:00,143.24,143.76,128,135.62,582614.58145206
1718683200,2024-06-18T04:00:00+00:00,135.59,137.86,134.72,136.71,129581.50451892
1718697600,2024-06-18T08:00:00+00:00,136.69,138.85,135.62,137.12,134729.35217949
1718712000,2024-06-18T12:00:00+00:00,137.12,137.73,132.82,135.97,288309.45593407
1718726400,2024-06-18T16:00:00+00:00,135.95,136.11,130.34,133.04,323135.20285522
1718740800,2024-06-18T20:00:00+00:00,133,138.43,132,137.37,264100.97629137
1718755200,2024-06-19T00:00:00+00:00,137.34,141.44,136.04,140.12,231145.02834923
1718769600,2024-06-19T04:00:00+00:00,140.13,141.88,139.47,139.95,82275.23887988
1718784000,2024-06-19T08:00:00+00:00,139.94,140.23,136.93,137.91,89164.65141788
1718798400,2024-06-19T12:00:00+00:00,137.9,138.82,135.46,136.85,120148.94272008001
1718812800,2024-06-19T16:00:00+00:00,136.85,138.98,135.62,136.61,133164.89419557998
1718827200,2024-06-19T20:00:00+00:00,136.62,136.76,134.41,135.59,117954.04905607
1718841600,2024-06-20T00:00:00+00:00,135.59,137.17,132.54,132.99,283228.19952044997
1718856000,2024-06-20T04:00:00+00:00,132.98,138.1,132.5,137.08,143744.80142084998
1718870400,2024-06-20T08:00:00+00:00,137.13,141.28,136.36,139.27,150122.11912897002
1718884800,2024-06-20T12:00:00+00:00,139.27,139.67,132.53,133.18,291323.60819434
1718899200,2024-06-20T16:00:00+00:00,133.16,135.72,131.81,134.15,167274.69900194003
1718913600,2024-06-20T20:00:00+00:00,134.12,134.81,133.34,133.49,87113.16452418
1718928000,2024-06-21T00:00:00+00:00,133.49,134.73,131.63,132.62,141774.56545457998
1718942400,2024-06-21T04:00:00+00:00,132.6,133.19,130.58,131.37,156523.07243737997
1718956800,2024-06-21T08:00:00+00:00,131.39,132.7,129.59,131.98,149699.14639183
1718971200,2024-06-21T12:00:00+00:00,131.97,133.7,129.3,131.31,248982.10476731
1718985600,2024-06-21T16:00:00+00:00,131.35,133.82,128.61,132.55,274512.97090614
1719000000,2024-06-21T20:00:00+00:00,132.55,135.34,131.89,134.54,173276.11418999
1719014400,2024-06-22T00:00:00+00:00,134.56,135.17,132.91,134.99,74426.49765244
1719028800,2024-06-22T04:00:00+00:00,135.01,136.64,134.46,134.79,68197.1274609
1719043200,2024-06-22T08:00:00+00:00,134.77,134.88,133.65,134.42,29473.56708034
1719057600,2024-06-22T12:00:00+00:00,134.43,134.7,133.82,134.2,56561.69242049
1719072000,2024-06-22T16:00:00+00:00,134.2,134.94,133.86,134.44,52054.97981368
1719086400,2024-06-22T20:00:00+00:00,134.45,134.58,133.08,133.65,38335.09151028
1719100800,2024-06-23T00:00:00+00:00,133.64,135.05,133.52,134.72,49334.35248365
1719115200,2024-06-23T04:00:00+00:00,134.7,134.96,134.16,134.64,21898.76443007
1719129600,2024-06-23T08:00:00+00:00,134.64,134.74,133.41,133.97,22380.00221423
1719144000,2024-06-23T12:00:00+00:00,133.96,134.31,131.35,131.51,69138.41668822
1719158400,2024-06-23T16:00:00+00:00,131.5,132.45,130.34,131.4,99434.88632669
1719172800,2024-06-23T20:00:00+00:00,131.38,131.44,128,128.59,191815.54603714
1719187200,2024-06-24T00:00:00+00:00,128.58,129.68,126,126.14,203312.90132741
1719201600,2024-06-24T04:00:00+00:00,126.13,126.59,123.13,125.13,345674.25216258003
1719216000,2024-06-24T08:00:00+00:00,125.13,127.4,122.18,127,267751.05838311
1719230400,2024-06-24T12:00:00+00:00,127,129.8,125.58,126.3,458250.50625081
1719244800,2024-06-24T16:00:00+00:00,126.25,130.3,125.81,127.44,531806.29322285
1719259200,2024-06-24T20:00:00+00:00,127.42,132.57,125.7,132.26,408768.25420056994
1719273600,2024-06-25T00:00:00+00:00,132.27,136.64,131.14,135.76,348752.90993535
1719288000,2024-06-25T04:00:00+00:00,135.76,136.79,134.63,134.74,196390.56902614
1719302400,2024-06-25T08:00:00+00:00,134.76,139.14,133.43,137.74,374387.22909834
1719316800,2024-06-25T12:00:00+00:00,137.74,139.89,136.38,139.41,237492.02127429
1719331200,2024-06-25T16:00:00+00:00,139.41,139.6,137,138.71,148436.46322677
1719345600,2024-06-25T20:00:00+00:00,138.74,138.98,135.86,136.53,147065.73740597
1719360000,2024-06-26T00:00:00+00:00,136.54,140.37,136.1,138.43,113884.08170563
1719374400,2024-06-26T04:00:00+00:00,138.44,138.77,136.26,137.89,55432.628033520006
1719388800,2024-06-26T08:00:00+00:00,137.91,138.14,136,137.28,57796.9118803
1719403200,2024-06-26T12:00:00+00:00,137.28,139.52,136.04,136.88,175335.04580050998
1719417600,2024-06-26T16:00:00+00:00,136.87,137.73,134.76,137.68,122006.92455053999
1719432000,2024-06-26T20:00:00+00:00,137.66,138.4,136.19,136.72,102741.95075794
1719446400,2024-06-27T00:00:00+00:00,136.73,137.83,135.53,137.42,72995.65223407
1719460800,2024-06-27T04:00:00+00:00,137.42,137.64,135.06,135.79,40648.3592698
1719475200,2024-06-27T08:00:00+00:00,135.78,139.33,135.4,138.88,73828.96538427
1719489600,2024-06-27T12:00:00+00:00,138.85,151.15,138.37,147.62,574724.36277479
1719504000,2024-06-27T16:00:00+00:00,147.64,149.3,146.45,148.23,170522.6040803
1719518400,2024-06-27T20:00:00+00:00,148.24,150.21,147.85,149.48,172361.93972326998
1719532800,2024-06-28T00:00:00+00:00,149.48,150.62,146.48,147.43,161430.38059493
1719547200,2024-06-28T04:00:00+00:00,147.42,147.46,143.63,145.19,91946.79748044
1719561600,2024-06-28T08:00:00+00:00,145.19,146.01,144.6,145.29,46412.18779979
1719576000,2024-06-28T12:00:00+00:00,145.31,146.75,140.62,142.98,369611.56861524
1719590400,2024-06-28T16:00:00+00:00,142.95,143.63,139.82,140.67,252827.62162561002
1719604800,2024-06-28T20:00:00+00:00,140.66,141.37,138.72,139.75,156549.22144182998
1719619200,2024-06-29T00:00:00+00:00,139.75,142.31,139.69,141.51,143359.59261459002
1719633600,2024-06-29T04:00:00+00:00,141.51,142.28,139.94,141.75,110228.85424118
1719648000,2024-06-29T08:00:00+00:00,141.77,142.97,141.25,142.42,71157.72855870001
1719662400,2024-06-29T12:00:00+00:00,142.42,142.76,141.09,142.44,129226.60474462999
1719676800,2024-06-29T16:00:00+00:00,142.43,142.5,140.63,141.45,124732.10814679001
1719691200,2024-06-29T20:00:00+00:00,141.45,141.55,139.45,140,154894.07777727
1719705600,2024-06-30T00:00:00+00:00,140,140.86,137.91,138.06,147648.61495662
1719720000,2024-06-30T04:00:00+00:00,138.05,140.85,136.89,140.38,132713.61555588
1719734400,2024-06-30T08:00:00+00:00,140.39,141.54,139.99,140.87,107001.92853576
1719748800,2024-06-30T12:00:00+00:00,140.88,143.74,140.29,143.54,100456.75799615
1719763200,2024-06-30T16:00:00+00:00,143.55,145.62,142.54,144.62,118909.82084565001
1719777600,2024-06-30T20:00:00+00:00,144.6,147.44,143.67,146.37,151821.69069299998
1719792000,2024-07-01T00:00:00+00:00,146.36,148.9,145.75,147.45,160993.83302209002
1719806400,2024-07-01T04:00:00+00:00,147.45,148.58,147.02,148.16,60055.60816864
1719820800,2024-07-01T08:00:00+00:00,148.16,148.99,145.67,145.95,56567.51925213
1719835200,2024-07-01T12:00:00+00:00,145.94,148.59,145.86,148.3,195026.3521894
1719849600,2024-07-01T16:00:00+00:00,148.3,149.11,146.41,147.15,291038.09945942997
1719864000,2024-07-01T20:00:00+00:00,147.16,148.11,145.8,146.52,82744.88693965999
1719878400,2024-07-02T00:00:00+00:00,146.51,149.66,145.98,149,84075.5788535
1719892800,2024-07-02T04:00:00+00:00,149.01,149.76,146.79,147.25,77882.04141002
1719907200,2024-07-02T08:00:00+00:00,147.23,149.84,146.69,149.46,54972.69254997
1719921600,2024-07-02T12:00:00+00:00,149.47,151.67,147,148.21,182490.59585573
1719936000,2024-07-02T16:00:00+00:00,148.21,153.44,147.47,152.56,198982.34182606998
1719950400,2024-07-02T20:00:00+00:00,152.58,154.8,152.03,153.81,132610.72704333998
1719964800,2024-07-03T00:00:00+00:00,153.81,154.26,149.05,150.32,133220.69883691
1719979200,2024-07-03T04:00:00+00:00,150.33,150.33,146.18,146.18,134217.53774676
1719993600,2024-07-03T08:00:00+00:00,146.18,147.05,142.56,143.85,192703.9882327
1720008000,2024-07-03T12:00:00+00:00,143.85,144.13,140.72,141.43,488633.11455445
1720022400,2024-07-03T16:00:00+00:00,141.42,143.03,138.93,140.25,250290.43127568002
1720036800,2024-07-03T20:00:00+00:00,140.25,141.91,138.91,140.69,208314.85391087
1720051200,2024-07-04T00:00:00+00:00,140.69,142.61,132.44,136.98,355189.33440334
1720065600,2024-07-04T04:00:00+00:00,136.98,137.27,133.7,134.3,145626.7582626
1720080000,2024-07-04T08:00:00+00:00,134.29,135.78,132.17,132.61,162465.96911374998
1720094400,2024-07-04T12:00:00+00:00,132.62,135.86,129.6,135.28,262150.72696997
1720108800,2024-07-04T16:00:00+00:00,135.3,135.9,133.58,133.92,122131.48107073
1720123200,2024-07-04T20:00:00+00:00,133.91,135.6,127.14,127.83,236621.37270101
1720137600,2024-07-05T00:00:00+00:00,127.83,129.22,121.04,123.64,493613.89016203
1720152000,2024-07-05T04:00:00+00:00,123.63,127.67,121.01,126.68,279099.11531884
1720166400,2024-07-05T08:00:00+00:00,126.67,131,122.08,130.09,301696.03203637
1720180800,2024-07-05T12:00:00+00:00,130.08,135,128.33,134.93,376216.38172447996
1720195200,2024-07-05T16:00:00+00:00,134.94,136.45,133.67,135.01,240701.36424994
1720209600,2024-07-05T20:00:00+00:00,134.99,135.8,133.83,134.31,107360.11326475999
1720224000,2024-07-06T00:00:00+00:00,134.31,137.9,132.36,134.43,121890.30585872
1720238400,2024-07-06T04:00:00+00:00,134.42,137.4,133.57,136.95,71699.29689331
1720252800,2024-07-06T08:00:00+00:00,136.95,140.65,136.45,138.73,88415.68483955
1720267200,2024-07-06T12:00:00+00:00,138.75,142.19,137.79,141.92,168266.83352744
1720281600,2024-07-06T16:00:00+00:00,141.92,143.57,140.75,142.83,143469.52212225
1720296000,2024-07-06T20:00:00+00:00,142.83,144.31,142.15,143.07,97746.13278324
1720310400,2024-07-07T00:00:00+00:00,143.05,143.37,140.31,142.11,122212.10578131999
1720324800,2024-07-07T04:00:00+00:00,142.12,142.12,138.06,139.1,108826.69260499
1720339200,2024-07-07T08:00:00+00:00,139.09,140.67,138.74,139.87,36293.48767667
1720353600,2024-07-07T12:00:00+00:00,139.86,140.81,135.51,137.02,144137.39662717
1720368000,2024-07-07T16:00:00+00:00,137.04,139.62,136.71,137.31,83115.36190773999
1720382400,2024-07-07T20:00:00+00:00,137.31,137.85,131.17,131.61,166712.86592565
1720396800,2024-07-08T00:00:00+00:00,131.59,132.97,127.75,130.74,275468.15481221
1720411200,2024-07-08T04:00:00+00:00,130.72,133.97,129.91,132.58,103854.08630734
1720425600,2024-07-08T08:00:00+00:00,132.61,141.87,132.36,140.57,241270.87185707997
1720440000,2024-07-08T12:00:00+00:00,140.55,141.93,133.54,137.36,340391.06954448
1720454400,2024-07-08T16:00:00+00:00,137.41,138.56,135.02,138.32,172132.99005127
1720468800,2024-07-08T20:00:00+00:00,138.31,141.08,137.28,139.77,175201.99672054997
1720483200,2024-07-09T00:00:00+00:00,139.78,141.14,136.44,140.38,159555.19200354
1720497600,2024-07-09T04:00:00+00:00,140.42,143.41,140.03,142.14,134313.02401013
1720512000,2024-07-09T08:00:00+00:00,142.11,144.28,140.28,141.92,86939.14286468
1720526400,2024-07-09T12:00:00+00:00,141.86,143.1,138.6,140.52,129053.76241303
1720540800,2024-07-09T16:00:00+00:00,140.52,143.09,140.1,142.11,222332.0719139
1720555200,2024-07-09T20:00:00+00:00,142.11,143.5,140.85,141.44,95371.58785349001
1720569600,2024-07-10T00:00:00+00:00,141.45,141.84,138.58,141.75,94087.54633782999
1720584000,2024-07-10T04:00:00+00:00,141.74,146.31,141.71,144.21,184920.10048172
1720598400,2024-07-10T08:00:00+00:00,144.2,144.53,142.28,142.78,65469.1950319
1720612800,2024-07-10T12:00:00+00:00,142.78,143.17,139.94,141.12,143512.75498425
1720627200,2024-07-10T16:00:00+00:00,141.14,142.61,140.29,141.06,86521.22319384
1720641600,2024-07-10T20:00:00+00:00,141.07,142.46,140.09,141.99,62022.76940297
1720656000,2024-07-11T00:00:00+00:00,141.98,143.2,139.09,140.28,101130.48440166001
1720670400,2024-07-11T04:00:00+00:00,140.3,142.51,140.08,142.09,35237.51321445999
1720684800,2024-07-11T08:00:00+00:00,142.09,143.98,142.09,143.52,63971.11527563
1720699200,2024-07-11T12:00:00+00:00,143.52,146,137.72,138.48,345412.74181989
1720713600,2024-07-11T16:00:00+00:00,138.47,139.02,136.4,136.55,137888.29896545003
1720728000,2024-07-11T20:00:00+00:00,136.55,137.58,135.68,135.7,164835.44247536
1720742400,2024-07-12T00:00:00+00:00,135.7,138.21,134.04,136.54,148192.65902811
1720756800,2024-07-12T04:00:00+00:00,136.54,137.06,134.51,135.43,73997.77471027001
1720771200,2024-07-12T08:00:00+00:00,135.42,135.92,133.91,135.67,42785.85998193
1720785600,2024-07-12T12:00:00+00:00,135.66,139.36,135.49,138.87,195096.59560297997
1720800000,2024-07-12T16:00:00+00:00,138.86,140.63,137.76,138.53,193388.88241912
1720814400,2024-07-12T20:00:00+00:00,138.52,139.58,136.66,139.55,78880.39194713
1720828800,2024-07-13T00:00:00+00:00,139.55,139.96,138.3,138.81,42436.31555929
1720843200,2024-07-13T04:00:00+00:00,138.8,139.54,137.99,139.4,21080.42555415
1720857600,2024-07-13T08:00:00+00:00,139.4,140.99,138.48,140.13,29699.54740865
1720872000,2024-07-13T12:00:00+00:00,140.14,140.63,139.22,140.4,52163.058231309995
1720886400,2024-07-13T16:00:00+00:00,140.4,140.89,139.25,139.86,80006.78353535
1720900800,2024-07-13T20:00:00+00:00,139.86,143.64,139.14,141.93,167190.0777925
1720915200,2024-07-14T00:00:00+00:00,141.92,145.23,141.92,144.02,216117.14320780002
1720929600,2024-07-14T04:00:00+00:00,144.01,146.04,144,144.85,77959.85843562
1720944000,2024-07-14T08:00:00+00:00,144.88,147,144.71,144.93,94057.99388304999
1720958400,2024-07-14T12:00:00+00:00,144.94,146.08,143.45,145.94,108441.5059291
1720972800,2024-07-14T16:00:00+00:00,145.94,146.04,144.6,145.27,61300.44374789001
1720987200,2024-07-14T20:00:00+00:00,145.26,148.6,145.14,147.69,125351.62449874
1721001600,2024-07-15T00:00:00+00:00,147.7,152.23,147.07,151.5,263487.61424903
1721016000,2024-07-15T04:00:00+00:00,151.49,154.17,150.81,153.33,111483.14696087
1721030400,2024-07-15T08:00:00+00:00,153.33,154.13,150.95,151.69,74777.48726656
1721044800,2024-07-15T12:00:00+00:00,151.67,154.3,151.67,153.01,109518.32011137
1721059200,2024-07-15T16:00:00+00:00,153.01,157.26,152.6,155.49,246121.79535068
1721073600,2024-07-15T20:00:00+00:00,155.48,160.13,155.39,159.55,198387.83150787998
1721088000,2024-07-16T00:00:00+00:00,159.5,160.3,156.22,157.97,169896.30709184997
1721102400,2024-07-16T04:00:00+00:00,157.97,158.86,153.74,154.53,121766.75661391
1721116800,2024-07-16T08:00:00+00:00,154.52,157.68,152.61,157.39,91202.1555021
1721131200,2024-07-16T12:00:00+00:00,157.4,161.66,154.49,161.03,192322.87765202002
1721145600,2024-07-16T16:00:00+00:00,161.03,162.62,158.9,161.96,223839.41351940998
1721160000,2024-07-16T20:00:00+00:00,161.98,162.06,159,160.69,250684.69888645
1721174400,2024-07-17T00:00:00+00:00,160.69,163.84,160.16,160.97,208420.64076985003
1721188800,2024-07-17T04:00:00+00:00,160.97,162.66,160.13,160.63,107433.46771492
1721203200,2024-07-17T08:00:00+00:00,160.66,163.72,159.62,160.88,80103.78115483
1721217600,2024-07-17T12:00:00+00:00,160.86,162.14,157.78,158.12,126772.26734746998
1721232000,2024-07-17T16:00:00+00:00,158.12,158.34,154.5,156.83,226410.46279006003
1721246400,2024-07-17T20:00:00+00:00,156.84,157.3,154.88,155.51,78932.90738335
1721260800,2024-07-18T00:00:00+00:00,155.51,159.96,155.51,158.92,84917.90624585
1721275200,2024-07-18T04:00:00+00:00,158.97,160,156.99,158.65,70401.58725573
1721289600,2024-07-18T08:00:00+00:00,158.68,159.91,158.14,159.46,28603.38745661
1721304000,2024-07-18T12:00:00+00:00,159.46,161.63,156.01,156.37,151517.325049
1721318400,2024-07-18T16:00:00+00:00,156.37,157.69,155.18,156.95,138452.4911639
1721332800,2024-07-18T20:00:00+00:00,156.95,160.35,156.29,159.21,109568.61436202
1721347200,2024-07-19T00:00:00+00:00,159.19,161.96,156.16,161.8,98969.67233343
1721361600,2024-07-19T04:00:00+00:00,161.81,165.57,159,161.43,187707.25296631
1721376000,2024-07-19T08:00:00+00:00,161.43,163.48,158.84,162.64,217515.39039326998
1721390400,2024-07-19T12:00:00+00:00,162.64,169.09,162.26,168.85,524075.60636924003
1721404800,2024-07-19T16:00:00+00:00,168.84,172.57,168.33,170.54,239599.77978605998
1721419200,2024-07-19T20:00:00+00:00,170.56,170.69,167.95,169.21,99938.4200502
1721433600,2024-07-20T00:00:00+00:00,169.21,171.91,168.37,169.67,69251.82240829
1721448000,2024-07-20T04:00:00+00:00,169.66,170.49,168.59,168.66,42197.516931289996
1721462400,2024-07-20T08:00:00+00:00,168.7,169.95,167.74,168.13,33431.36019708
1721476800,2024-07-20T12:00:00+00:00,168.15,169.83,167.27,169.36,55755.378300929995
1721491200,2024-07-20T16:00:00+00:00,169.35,174.67,169,172.51,266172.19248663
1721505600,2024-07-20T20:00:00+00:00,172.51,175,172.51,173.68,107556.86948576
1721520000,2024-07-21T00:00:00+00:00,173.68,175.57,172.84,173.22,78806.88021793001
1721534400,2024-07-21T04:00:00+00:00,173.21,173.84,171.02,171.35,66900.21763394
1721548800,2024-07-21T08:00:00+00:00,171.35,173.15,171.11,172.92,43411.90519825999
1721563200,2024-07-21T12:00:00+00:00,172.92,176.65,171.43,175.5,82847.1559904
1721577600,2024-07-21T16:00:00+00:00,175.49,178.15,170.38,178.07,276490.74499271996
1721592000,2024-07-21T20:00:00+00:00,178.06,185,177.45,184.51,322139.74027870997
1721606400,2024-07-22T00:00:00+00:00,184.52,184.99,180.61,180.97,145753.91557789
1721620800,2024-07-22T04:00:00+00:00,180.97,181.84,177.68,178.44,77221.31709987001
1721635200,2024-07-22T08:00:00+00:00,178.43,180.98,176.75,180.63,61681.958210950004
1721649600,2024-07-22T12:00:00+00:00,180.62,181.9,176.94,179.87,164296.38923307002
1721664000,2024-07-22T16:00:00+00:00,179.88,183.21,178.65,182.92,128548.47979879
1721678400,2024-07-22T20:00:00+00:00,182.93,183.45,177.13,178.98,116317.09978129
1721692800,2024-07-23T00:00:00+00:00,178.95,180.67,177.16,179.1,87748.26898590001
1721707200,2024-07-23T04:00:00+00:00,179.11,179.12,173.82,176.05,103476.09975028002
1721721600,2024-07-23T08:00:00+00:00,176.06,178.77,174.16,175.65,98233.0233503
1721736000,2024-07-23T12:00:00+00:00,175.66,179.5,172.17,176.67,188195.32103998
1721750400,2024-07-23T16:00:00+00:00,176.63,177.08,170.2,172.06,205655.60047851002
1721764800,2024-07-23T20:00:00+00:00,172.06,174.8,171.19,173.03,90981.12880249001
1721779200,2024-07-24T00:00:00+00:00,173.05,174.51,170.94,173.68,95467.47118824
1721793600,2024-07-24T04:00:00+00:00,173.68,174.6,172.22,174.25,26616.10475161
1721808000,2024-07-24T08:00:00+00:00,174.24,178.53,173.66,177.79,72137.18459672
1721822400,2024-07-24T12:00:00+00:00,177.79,182,176.23,177.78,225434.18032080997
1721836800,2024-07-24T16:00:00+00:00,177.79,182.5,176.41,178.16,226313.00952075003
1721851200,2024-07-24T20:00:00+00:00,178.2,180.29,175.55,178,130784.38377432001
1721865600,2024-07-25T00:00:00+00:00,178.03,179.81,168.25,170.55,333315.44551605004
1721880000,2024-07-25T04:00:00+00:00,170.53,172.92,169.22,169.35,162714.05319895002
1721894400,2024-07-25T08:00:00+00:00,169.38,171.21,166.79,168.76,174358.34952025002
1721908800,2024-07-25T12:00:00+00:00,168.76,172.08,165.65,170.36,253991.37300323002
1721923200,2024-07-25T16:00:00+00:00,170.41,172.64,166.61,168.09,172456.81998136
1721937600,2024-07-25T20:00:00+00:00,168.09,172.87,165.36,171.82,198716.39278658002
1721952000,2024-07-26T00:00:00+00:00,171.81,177.02,171.67,175.72,152514.4062843
1721966400,2024-07-26T04:00:00+00:00,175.73,177.73,175.59,176.75,79246.28701652001
1721980800,2024-07-26T08:00:00+00:00,176.76,180,176.75,178.8,105656.23127179
1721995200,2024-07-26T12:00:00+00:00,178.78,183.57,177.46,181.52,362061.10640228
1722009600,2024-07-26T16:00:00+00:00,181.52,183,180.7,182.26,153067.97176197002
1722024000,2024-07-26T20:00:00+00:00,182.26,183.68,181.12,183.06,101648.06759999
1722038400,2024-07-27T00:00:00+00:00,183.08,184.3,181.32,182.68,97268.64838943
1722052800,2024-07-27T04:00:00+00:00,182.68,186.25,182.55,185.86,145269.30691277
1722067200,2024-07-27T08:00:00+00:00,185.84,187.36,184.29,185.44,85007.99512472001
1722081600,2024-07-27T12:00:00+00:00,185.44,188.31,181.6,182.49,180510.66697919002
1722096000,2024-07-27T16:00:00+00:00,182.54,183.59,179.51,181.5,154111.86994712998
1722110400,2024-07-27T20:00:00+00:00,181.53,186.8,178.06,183.56,374921.07592957997
1722124800,2024-07-28T00:00:00+00:00,183.56,186.67,182.38,184.33,111754.68006678
1722139200,2024-07-28T04:00:00+00:00,184.32,184.88,180.99,183.85,113021.64327314
1722153600,2024-07-28T08:00:00+00:00,183.84,185.85,183,185.25,50137.94263633
1722168000,2024-07-28T12:00:00+00:00,185.27,186.59,183.74,184.14,112072.91904066999
1722182400,2024-07-28T16:00:00+00:00,184.13,185.54,183.11,184.76,64331.93273195
1722196800,2024-07-28T20:00:00+00:00,184.77,185.43,182.55,184.9,69560.0589787
1722211200,2024-07-29T00:00:00+00:00,184.91,193.33,184.39,192.23,357459.24710224
1722225600,2024-07-29T04:00:00+00:00,192.22,193.89,190.91,192.32,108661.31089257999
1722240000,2024-07-29T08:00:00+00:00,192.29,192.39,190.3,190.81,96769.48702069
1722254400,2024-07-29T12:00:00+00:00,190.81,193.23,185.56,186.92,276684.91244605003
1722268800,2024-07-29T16:00:00+00:00,186.91,187.45,184.09,186.85,203935.96882512
1722283200,2024-07-29T20:00:00+00:00,186.84,186.88,181.57,182.52,189625.35100619
1722297600,2024-07-30T00:00:00+00:00,182.52,183.8,179.27,182.55,184438.66909241
1722312000,2024-07-30T04:00:00+00:00,182.54,184.72,181.17,182.3,221265.17844243
1722326400,2024-07-30T08:00:00+00:00,182.3,182.82,180.04,180.98,55181.94043318
1722340800,2024-07-30T12:00:00+00:00,180.98,182.66,178.66,180.94,291904.02694051
1722355200,2024-07-30T16:00:00+00:00,180.94,181.5,176.21,177.9,180171.43521424
1722369600,2024-07-30T20:00:00+00:00,177.92,180,175.35,179.11,135455.98210281
1722384000,2024-07-31T00:00:00+00:00,179.11,181.5,178,180.91,107985.28393436
1722398400,2024-07-31T04:00:00+00:00,180.86,183.78,178.02,183.01,114779.77199091998
1722412800,2024-07-31T08:00:00+00:00,183.01,184.43,181.16,181.6,100705.73821287
1722427200,2024-07-31T12:00:00+00:00,181.59,184.25,179.64,179.99,233164.15776142
1722441600,2024-07-31T16:00:00+00:00,180.02,182.61,174.81,176.47,308670.06771345995
1722456000,2024-07-31T20:00:00+00:00,176.47,176.95,171.53,171.62,290110.5710049
1722470400,2024-08-01T00:00:00+00:00,171.61,172.93,168.33,168.52,424524.49423466995
1722484800,2024-08-01T04:00:00+00:00,168.5,169.68,165.9,168.15,171290.39961398
1722499200,2024-08-01T08:00:00+00:00,168.15,169.83,167.94,169.63,84583.52477264
1722513600,2024-08-01T12:00:00+00:00,169.63,171.37,161.18,162.56,527117.56127251
1722528000,2024-08-01T16:00:00+00:00,162.56,162.88,157.67,162.23,470047.70675763
1722542400,2024-08-01T20:00:00+00:00,162.23,168.35,161.04,167.22,276828.76305947
1722556800,2024-08-02T00:00:00+00:00,167.23,169.34,161.36,164.16,168589.40811609998
1722571200,2024-08-02T04:00:00+00:00,164.17,165.16,158.95,161.26,166527.29330317
1722585600,2024-08-02T08:00:00+00:00,161.27,165.26,160.27,164.24,216607.43720085997
1722600000,2024-08-02T12:00:00+00:00,164.22,167.51,152.62,156.64,641788.8164699799
1722614400,2024-08-02T16:00:00+00:00,156.63,157.31,149.78,151.13,359233.77256799
1722628800,2024-08-02T20:00:00+00:00,151.11,154.88,149.79,152.57,295800.93255336996
1722643200,2024-08-03T00:00:00+00:00,152.57,153.82,148.4,153.4,233144.43095141
1722657600,2024-08-03T04:00:00+00:00,153.4,153.4,151.01,151.5,76829.12555957999
1722672000,2024-08-03T08:00:00+00:00,151.48,152.48,148.21,152.28,123321.87700258999
1722686400,2024-08-03T12:00:00+00:00,152.29,153.46,145.93,146.06,170440.47440736002
1722700800,2024-08-03T16:00:00+00:00,146.11,147.49,139.73,140.33,482310.07476706
1722715200,2024-08-03T20:00:00+00:00,140.33,143.88,140,142.45,238945.41870984
1722729600,2024-08-04T00:00:00+00:00,142.44,145.99,141.81,144.26,115512.22276241
1722744000,2024-08-04T04:00:00+00:00,144.23,144.37,140.5,140.73,83993.40523616
1722758400,2024-08-04T08:00:00+00:00,140.72,144.45,139.49,143.46,115914.58154369
1722772800,2024-08-04T12:00:00+00:00,143.44,145.05,134.86,135.09,392118.93368569005
1722787200,2024-08-04T16:00:00+00:00,135.09,142.89,131.11,141.96,797486.34024927
1722801600,2024-08-04T20:00:00+00:00,141.97,143.98,137.25,138.25,298294.03267343
1722816000,2024-08-05T00:00:00+00:00,138.26,139.27,121.96,126.1,1451843.22656947
1722830400,2024-08-05T04:00:00+00:00,126.11,130.09,110,122.92,1400892.4828057801
1722844800,2024-08-05T08:00:00+00:00,122.9,123.93,110.55,115.98,716072.93840036
1722859200,2024-08-05T12:00:00+00:00,115.99,133,110.03,130.55,1399079.87376472
1722873600,2024-08-05T16:00:00+00:00,130.53,135.74,126.79,128.79,849313.9940961301
1722888000,2024-08-05T20:00:00+00:00,128.79,135.36,128.36,129.81,433680.38854102994
1722902400,2024-08-06T00:00:00+00:00,129.84,141.21,129.37,138.68,503687.57718009
1722916800,2024-08-06T04:00:00+00:00,138.69,144.11,137.58,142.08,274577.96254290995
1722931200,2024-08-06T08:00:00+00:00,142.08,142.18,136.44,139.49,188478.74408585997
1722945600,2024-08-06T12:00:00+00:00,139.5,146.42,136.13,145.96,477798.97562027
1722960000,2024-08-06T16:00:00+00:00,145.96,148.44,145,146.37,366611.50969917
1722974400,2024-08-06T20:00:00+00:00,146.35,149.61,143.31,144.46,356413.97511419
1722988800,2024-08-07T00:00:00+00:00,144.46,151.83,142.41,151.74,458282.5252179799
1723003200,2024-08-07T04:00:00+00:00,151.71,155.06,150.62,152.5,315047.73732267
1723017600,2024-08-07T08:00:00+00:00,152.52,154.99,150.84,151.73,272351.99030849
1723032000,2024-08-07T12:00:00+00:00,151.73,154.61,146.28,148.47,503972.46209467
1723046400,2024-08-07T16:00:00+00:00,148.47,149.45,142.36,143.15,444327.20744517
1723060800,2024-08-07T20:00:00+00:00,143.15,147.56,142.32,144.77,307771.8243438
1723075200,2024-08-08T00:00:00+00:00,144.78,156.34,141.43,153.05,534285.3114490301
1723089600,2024-08-08T04:00:00+00:00,153.04,155.58,151.38,153.65,398070.5214168
1723104000,2024-08-08T08:00:00+00:00,153.71,155.72,152.98,154.16,127886.15512974
1723118400,2024-08-08T12:00:00+00:00,154.16,160.84,152.59,160.67,562254.04954838
1723132800,2024-08-08T16:00:00+00:00,160.68,162.9,155.27,155.9,398053.97801058996
1723147200,2024-08-08T20:00:00+00:00,155.9,163.7,155.43,163.18,419125.59240197996
1723161600,2024-08-09T00:00:00+00:00,163.16,163.58,158.26,158.93,379216.60943585
1723176000,2024-08-09T04:00:00+00:00,158.93,159.75,154.65,157.96,244450.43751157002
1723190400,2024-08-09T08:00:00+00:00,157.96,159.7,155.3,156.65,167846.7124043
1723204800,2024-08-09T12:00:00+00:00,156.66,157.39,151.15,151.15,331258.05873657996
1723219200,2024-08-09T16:00:00+00:00,151.16,154.37,150.79,153.65,256943.37955251
1723233600,2024-08-09T20:00:00+00:00,153.64,157.4,151.48,156.32,230470.45017196002
1723248000,2024-08-10T00:00:00+00:00,156.35,158.83,153.32,154.21,216132.37847440998
1723262400,2024-08-10T04:00:00+00:00,154.21,155.48,152.54,155.45,61784.24900708
1723276800,2024-08-10T08:00:00+00:00,155.46,155.91,153.61,154.89,64694.90460717
1723291200,2024-08-10T12:00:00+00:00,154.88,155.27,152.8,154.01,74458.9813161
1723305600,2024-08-10T16:00:00+00:00,154,155.36,153.05,154.56,67235.84398241
1723320000,2024-08-10T20:00:00+00:00,154.56,155.2,153.68,154.05,54730.259195599996
1723334400,2024-08-11T00:00:00+00:00,154.06,157.01,153.69,155.71,67242.69868532999
1723348800,2024-08-11T04:00:00+00:00,155.71,156.85,154.83,156.7,36024.201672129995
1723363200,2024-08-11T08:00:00+00:00,156.72,158,153.08,153.73,49316.63305271
1723377600,2024-08-11T12:00:00+00:00,153.73,153.84,147.99,148.76,204807.66754407002
1723392000,2024-08-11T16:00:00+00:00,148.77,149.82,145.61,145.8,155702.24897685
1723406400,2024-08-11T20:00:00+00:00,145.82,145.86,141.2,141.57,371828.61469643004
1723420800,2024-08-12T00:00:00+00:00,141.56,144.85,141.21,143.92,155256.65603423002
1723435200,2024-08-12T04:00:00+00:00,143.92,146.78,142.21,145.98,101033.81112739
1723449600,2024-08-12T08:00:00+00:00,145.97,151.19,143.64,150.32,242371.07160378003
1723464000,2024-08-12T12:00:00+00:00,150.33,150.53,143.02,147.62,319917.34811984
1723478400,2024-08-12T16:00:00+00:00,147.61,148.25,142.88,143.75,164708.89066533
1723492800,2024-08-12T20:00:00+00:00,143.77,147.5,141.79,146.31,132812.88795814
1723507200,2024-08-13T00:00:00+00:00,146.31,147.37,142.89,143.71,108701.98373072
1723521600,2024-08-13T04:00:00+00:00,143.69,147.08,143.02,146,59464.05049087001
1723536000,2024-08-13T08:00:00+00:00,145.99,146.41,143.28,145.89,64949.46160587
1723550400,2024-08-13T12:00:00+00:00,145.91,147.71,144.71,146.1,122200.41702163001
1723564800,2024-08-13T16:00:00+00:00,146.09,149.98,144.88,146.58,201324.78732493
1723579200,2024-08-13T20:00:00+00:00,146.6,147.93,145.74,146.7,74602.58234827
1723593600,2024-08-14T00:00:00+00:00,146.71,147.33,143.65,145.17,90977.902931
1723608000,2024-08-14T04:00:00+00:00,145.17,145.81,144.21,145.78,44424.81667256
1723622400,2024-08-14T08:00:00+00:00,145.78,150.07,144.89,148.1,183078.33859722002
1723636800,2024-08-14T12:00:00+00:00,148.09,152.21,144.67,146.74,447504.59198613
1723651200,2024-08-14T16:00:00+00:00,146.77,147.3,143.76,144.26,137891.72284116
1723665600,2024-08-14T20:00:00+00:00,144.26,144.74,142.34,143.73,100040.48691639
1723680000,2024-08-15T00:00:00+00:00,143.74,145.43,143.21,144.69,94130.81742867999
1723694400,2024-08-15T04:00:00+00:00,144.7,144.88,140.95,142.47,142807.23099043002
1723708800,2024-08-15T08:00:00+00:00,142.49,143.53,141.29,143.13,82100.24568313001
1723723200,2024-08-15T12:00:00+00:00,143.12,146.56,142.01,145.97,173173.79442097
1723737600,2024-08-15T16:00:00+00:00,145.96,147.61,137.8,140.02,399176.98971183
1723752000,2024-08-15T20:00:00+00:00,140.01,144.92,138.75,142.57,343533.13118735
1723766400,2024-08-16T00:00:00+00:00,142.57,144.39,140.72,142,197336.27842375
1723780800,2024-08-16T04:00:00+00:00,142.02,144.85,141.61,144.56,69186.58877646
1723795200,2024-08-16T08:00:00+00:00,144.56,144.9,141.83,142,62740.071971629994
1723809600,2024-08-16T12:00:00+00:00,142.02,142.66,136.33,137.96,292032.58973338
1723824000,2024-08-16T16:00:00+00:00,137.95,141.53,136.02,140.99,206997.34027897002
1723838400,2024-08-16T20:00:00+00:00,141,141.95,139.03,139.08,95698.90599710999
1723852800,2024-08-17T00:00:00+00:00,139.07,140.35,137.66,138.96,70469.38484405
1723867200,2024-08-17T04:00:00+00:00,138.95,139.77,138.63,139.47,24476.30409557
1723881600,2024-08-17T08:00:00+00:00,139.46,140.19,138.14,139.15,33359.77696638
1723896000,2024-08-17T12:00:00+00:00,139.14,141.79,138.93,140.18,83464.47160206
1723910400,2024-08-17T16:00:00+00:00,140.19,141.66,140.12,141.1,58988.43117991999
1723924800,2024-08-17T20:00:00+00:00,141.11,142,140.71,141.96,38119.23016181
1723939200,2024-08-18T00:00:00+00:00,141.96,143.3,141.03,141.19,83731.92170605001
1723953600,2024-08-18T04:00:00+00:00,141.2,142,140.55,141.57,21664.35605064
1723968000,2024-08-18T08:00:00+00:00,141.57,147.15,141.32,144.63,220861.36275333003
1723982400,2024-08-18T12:00:00+00:00,144.62,146.74,144.01,145.81,451546.43605155003
1723996800,2024-08-18T16:00:00+00:00,145.83,146.67,144.36,146.46,137156.08791726
1724011200,2024-08-18T20:00:00+00:00,146.47,147.09,142.32,142.45,90917.2933013
1724025600,2024-08-19T00:00:00+00:00,142.41,143.47,141.57,143.22,77012.14141946
1724040000,2024-08-19T04:00:00+00:00,143.24,143.53,141.93,142.33,35974.17040954
1724054400,2024-08-19T08:00:00+00:00,142.34,143.34,140.38,142.38,68099.81834301
1724068800,2024-08-19T12:00:00+00:00,142.37,144.7,141.71,143.91,127833.82662277001
1724083200,2024-08-19T16:00:00+00:00,143.92,146.25,142.56,142.96,155189.01722459
1724097600,2024-08-19T20:00:00+00:00,142.96,144.59,142.72,144.31,108379.20827517999
1724112000,2024-08-20T00:00:00+00:00,144.3,147.91,143.5,145.67,181622.01281164
1724126400,2024-08-20T04:00:00+00:00,145.65,148.9,145.45,147.5,161659.94611227
1724140800,2024-08-20T08:00:00+00:00,147.54,147.77,145.23,145.47,61614.73659647
1724155200,2024-08-20T12:00:00+00:00,145.43,146.48,141.01,142.17,219269.79377514
1724169600,2024-08-20T16:00:00+00:00,142.17,144.41,141.65,144.04,89665.68863945
1724184000,2024-08-20T20:00:00+00:00,144.05,144.5,142.21,142.28,108019.57299978
1724198400,2024-08-21T00:00:00+00:00,142.27,143.1,141.57,142.57,71367.43494806999
1724212800,2024-08-21T04:00:00+00:00,142.57,143.89,142.25,143.19,71059.22093855
1724227200,2024-08-21T08:00:00+00:00,143.22,143.55,141,141.33,78239.87364604
1724241600,2024-08-21T12:00:00+00:00,141.32,142.49,138.81,140.36,256589.61947207
1724256000,2024-08-21T16:00:00+00:00,140.37,143.73,139.66,143.48,164579.99990679
1724270400,2024-08-21T20:00:00+00:00,143.49,144.41,142.08,142.82,177387.32280218
1724284800,2024-08-22T00:00:00+00:00,142.83,143.29,140.64,141.76,89432.71017069
1724299200,2024-08-22T04:00:00+00:00,141.76,143.7,141.45,143.36,32731.21393515
1724313600,2024-08-22T08:00:00+00:00,143.35,144.79,142.66,144.58,86222.07276382
1724328000,2024-08-22T12:00:00+00:00,144.54,144.9,142.05,142.66,155017.07621743
1724342400,2024-08-22T16:00:00+00:00,142.64,143.6,142.41,142.74,54214.02595486
1724356800,2024-08-22T20:00:00+00:00,142.75,143.77,142.7,143.25,44821.31807861
1724371200,2024-08-23T00:00:00+00:00,143.24,145.75,143.19,144.49,75998.0069041
1724385600,2024-08-23T04:00:00+00:00,144.49,145.94,144.38,145.15,81736.84539977
1724400000,2024-08-23T08:00:00+00:00,145.17,145.49,143.41,143.49,77908.78380987
1724414400,2024-08-23T12:00:00+00:00,143.49,147.26,142.75,144.4,223184.18926449
1724428800,2024-08-23T16:00:00+00:00,144.39,150.26,144.1,149.75,271225.08515742
1724443200,2024-08-23T20:00:00+00:00,149.76,154.16,149.72,153.39,236044.71330647
1724457600,2024-08-24T00:00:00+00:00,153.38,154.69,152.03,153.35,154775.82196000998
1724472000,2024-08-24T04:00:00+00:00,153.35,155.45,153.23,154.7,52925.91444861
1724486400,2024-08-24T08:00:00+00:00,154.69,158.79,154.39,157.4,147663.84492853
1724500800,2024-08-24T12:00:00+00:00,157.4,159.89,156.99,159.57,196159.03370375
1724515200,2024-08-24T16:00:00+00:00,159.55,162.36,159.5,160.61,280441.42685141996
1724529600,2024-08-24T20:00:00+00:00,160.62,161.19,157.33,160.72,178456.75186681998
1724544000,2024-08-25T00:00:00+00:00,160.71,160.79,157.36,158.31,83831.69480523
1724558400,2024-08-25T04:00:00+00:00,158.34,159.16,155.27,156.19,113227.84588971
1724572800,2024-08-25T08:00:00+00:00,156.19,157.95,155.77,157.35,43900.69843473
1724587200,2024-08-25T12:00:00+00:00,157.32,159.95,157,159.4,78683.43357213
1724601600,2024-08-25T16:00:00+00:00,159.45,160.42,158.52,159.16,69790.64434078
1724616000,2024-08-25T20:00:00+00:00,159.16,162.01,158.49,158.99,115485.62556641
1724630400,2024-08-26T00:00:00+00:00,158.98,160.23,157.48,160.16,83329.68731759
1724644800,2024-08-26T04:00:00+00:00,160.16,161.17,158.38,159.16,77924.34553115
1724659200,2024-08-26T08:00:00+00:00,159.17,162,158.53,160.41,79222.35435088999
1724673600,2024-08-26T12:00:00+00:00,160.42,161.69,155.91,157.71,211762.39713788
1724688000,2024-08-26T16:00:00+00:00,157.7,159.39,155.63,158.07,147406.72725442
1724702400,2024-08-26T20:00:00+00:00,158.05,159.34,156.46,157.12,85647.40545729
1724716800,2024-08-27T00:00:00+00:00,157.12,159.06,157.03,158.55,81288.31134478001
1724731200,2024-08-27T04:00:00+00:00,158.55,159.73,157.34,157.76,43539.65465518
1724745600,2024-08-27T08:00:00+00:00,157.75,158.03,153.35,154.24,93607.45751251001
1724760000,2024-08-27T12:00:00+00:00,154.24,155.8,152.8,153.74,187602.36040086002
1724774400,2024-08-27T16:00:00+00:00,153.74,155.57,153.22,154.96,147199.30407247003
1724788800,2024-08-27T20:00:00+00:00,154.95,155.04,145,146.81,382378.91036523
1724803200,2024-08-28T00:00:00+00:00,146.81,148.34,145.36,148.19,122081.75949029
1724817600,2024-08-28T04:00:00+00:00,148.19,148.89,143.75,143.95,91185.94503808001
1724832000,2024-08-28T08:00:00+00:00,143.98,148.12,142.73,147.16,114152.89388518
1724846400,2024-08-28T12:00:00+00:00,147.15,148.7,143.18,144.12,232437.093304
1724860800,2024-08-28T16:00:00+00:00,144.15,145.61,140.55,144.27,232521.97629673
1724875200,2024-08-28T20:00:00+00:00,144.29,146.61,141.51,143.94,115930.90608734002
1724889600,2024-08-29T00:00:00+00:00,143.97,145.05,143,143.31,68565.44364295
1724904000,2024-08-29T04:00:00+00:00,143.36,145.39,143.2,144.71,48237.123011690004
1724918400,2024-08-29T08:00:00+00:00,144.68,146.98,144.41,145.68,67937.52519399
1724932800,2024-08-29T12:00:00+00:00,145.63,147.38,144.72,146.12,104440.733597
1724947200,2024-08-29T16:00:00+00:00,146.13,146.86,138.6,140.3,216608.97142358997
1724961600,2024-08-29T20:00:00+00:00,140.29,141.43,138.1,140.04,197941.40499279997
1724976000,2024-08-30T00:00:00+00:00,140.04,141.1,138.4,138.75,115467.41347108
1724990400,2024-08-30T04:00:00+00:00,138.75,139.89,137.03,139.01,94006.94881356
1725004800,2024-08-30T08:00:00+00:00,139.03,140.03,138.32,138.66,28644.183815739998
1725019200,2024-08-30T12:00:00+00:00,138.66,140.71,132.5,133.31,274559.86119907
1725033600,2024-08-30T16:00:00+00:00,133.32,137.84,132.03,135.96,197083.85984401
1725048000,2024-08-30T20:00:00+00:00,135.98,138.49,135.62,137.96,94655.36595087001
1725062400,2024-08-31T00:00:00+00:00,138,139.22,137.5,138.27,43838.66027741
1725076800,2024-08-31T04:00:00+00:00,138.26,138.76,137.38,137.6,21004.78827417
1725091200,2024-08-31T08:00:00+00:00,137.6,137.86,135.79,136.99,24387.96084285
1725105600,2024-08-31T12:00:00+00:00,136.99,137.35,135.43,136.63,40390.503663999996
1725120000,2024-08-31T16:00:00+00:00,136.63,136.68,134.6,135,46078.47785686
1725134400,2024-08-31T20:00:00+00:00,134.98,136.31,134.49,135.32,36769.62754762
1725148800,2024-09-01T00:00:00+00:00,135.33,135.6,132.86,134.07,61683.35408946
1725163200,2024-09-01T04:00:00+00:00,134.06,134.07,131.06,132.78,106499.21819233
1725177600,2024-09-01T08:00:00+00:00,132.77,132.79,130.21,131.89,171617.66293900003
1725192000,2024-09-01T12:00:00+00:00,131.88,134.84,130,134.26,112899.69764294001
1725206400,2024-09-01T16:00:00+00:00,134.25,135.89,131.77,135.24,148442.522284
1725220800,2024-09-01T20:00:00+00:00,135.24,136.15,127.79,128.5,171759.16095669998
1725235200,2024-09-02T00:00:00+00:00,128.5,130.68,128.27,130.19,97734.53881679999
1725249600,2024-09-02T04:00:00+00:00,130.18,130.34,127,127.63,247005.91600211
1725264000,2024-09-02T08:00:00+00:00,127.63,132.91,127.25,131.8,77559.99872803
1725278400,2024-09-02T12:00:00+00:00,131.82,133.44,130,132.53,84551.47180641
1725292800,2024-09-02T16:00:00+00:00,132.54,133.87,131.75,133.04,73315.82882843999
1725307200,2024-09-02T20:00:00+00:00,133.04,135.44,132.8,134.97,101422.31843463
1725321600,2024-09-03T00:00:00+00:00,134.95,137.47,134.12,135.51,123417.0749589
1725336000,2024-09-03T04:00:00+00:00,135.5,135.89,133.3,134.61,54035.12433173
1725350400,2024-09-03T08:00:00+00:00,134.57,134.63,132.75,134.36,49728.39039163001
1725364800,2024-09-03T12:00:00+00:00,134.35,135.48,129.29,129.75,187150.04806722002
1725379200,2024-09-03T16:00:00+00:00,129.76,132.22,129.28,130.9,98156.32757832
1725393600,2024-09-03T20:00:00+00:00,130.91,131.57,126.97,127.5,138142.25616591
1725408000,2024-09-04T00:00:00+00:00,127.49,128.85,122.3,127.69,330475.54235171
1725422400,2024-09-04T04:00:00+00:00,127.68,131.38,126.49,130.27,226384.97629139
1725436800,2024-09-04T08:00:00+00:00,130.3,130.65,128.05,128.41,56454.09527474
1725451200,2024-09-04T12:00:00+00:00,128.41,134.17,127.89,133.86,236254.50283127
1725465600,2024-09-04T16:00:00+00:00,133.84,135,132.59,133.15,287137.83720522997
1725480000,2024-09-04T20:00:00+00:00,133.16,134.63,132.86,133.61,56664.81385225
1725494400,2024-09-05T00:00:00+00:00,133.61,134.42,131.22,131.56,55598.64715335
1725508800,2024-09-05T04:00:00+00:00,131.56,134.24,130.82,133.06,46927.11309437
1725523200,2024-09-05T08:00:00+00:00,133.07,133.79,131.68,132.8,38977.33297624
1725537600,2024-09-05T12:00:00+00:00,132.8,135.51,130.14,130.58,164600.91484922997
1725552000,2024-09-05T16:00:00+00:00,130.6,131.1,127.89,128.41,233130.57092494998
1725566400,2024-09-05T20:00:00+00:00,128.4,129.88,128.11,129.36,61873.83023802
1725580800,2024-09-06T00:00:00+00:00,129.36,131.53,128.61,130.64,57388.15770492
1725595200,2024-09-06T04:00:00+00:00,130.69,131.15,126.98,128,170048.13024035
1725609600,2024-09-06T08:00:00+00:00,127.99,131.03,127.87,130.21,115303.37357992
1725624000,2024-09-06T12:00:00+00:00,130.22,134.45,126.82,128,476357.49474811996
1725638400,2024-09-06T16:00:00+00:00,127.99,128.25,123.79,125.05,374796.55476387
1725652800,2024-09-06T20:00:00+00:00,125.01,125.9,120.51,125.01,285222.55736815004
1725667200,2024-09-07T00:00:00+00:00,125.01,125.8,124.1,125.13,71701.49503470001
1725681600,2024-09-07T04:00:00+00:00,125.14,128.44,125.06,127.6,58552.735749169995
1725696000,2024-09-07T08:00:00+00:00,127.59,127.79,126.72,126.98,26370.097198449996
1725710400,2024-09-07T12:00:00+00:00,126.98,129.49,126.91,128.84,57270.45976825
1725724800,2024-09-07T16:00:00+00:00,128.83,129.18,126.25,128.32,74265.53128174
1725739200,2024-09-07T20:00:00+00:00,128.34,128.41,126.42,127.71,36807.612904060006
1725753600,2024-09-08T00:00:00+00:00,127.71,128.49,126.87,128.24,46186.61251557001
1725768000,2024-09-08T04:00:00+00:00,128.24,130.08,127.84,129.57,25988.73817688
1725782400,2024-09-08T08:00:00+00:00,129.58,131.02,129.17,130.09,87330.25263391
1725796800,2024-09-08T12:00:00+00:00,130.12,130.26,126.6,126.76,58961.59909392
1725811200,2024-09-08T16:00:00+00:00,126.74,129.32,126.61,128.7,40963.958057179996
1725825600,2024-09-08T20:00:00+00:00,128.71,131.67,128.33,130.13,74841.83705076
1725840000,2024-09-09T00:00:00+00:00,130.12,131.02,127.95,128.59,73889.23904189
1725854400,2024-09-09T04:00:00+00:00,128.59,129.39,127.52,129.29,27459.60347356
1725868800,2024-09-09T08:00:00+00:00,129.28,130.98,129.21,129.42,42150.63786605
1725883200,2024-09-09T12:00:00+00:00,129.41,130.18,127,128.39,122790.97077198999
1725897600,2024-09-09T16:00:00+00:00,128.39,135.03,128.24,135.03,312444.50532582996
1725912000,2024-09-09T20:00:00+00:00,135.02,137.1,133.72,135.09,160844.60151011997
1725926400,2024-09-10T00:00:00+00:00,135.1,135.22,132.76,132.92,105254.60383842001
1725940800,2024-09-10T04:00:00+00:00,132.94,135.3,132.56,135,42936.15450287
1725955200,2024-09-10T08:00:00+00:00,134.98,135.5,134.02,135.23,48561.30676819
1725969600,2024-09-10T12:00:00+00:00,135.22,136.36,133.33,134.15,110536.66015125
1725984000,2024-09-10T16:00:00+00:00,134.14,138,133.73,136.7,173892.40833619
1725998400,2024-09-10T20:00:00+00:00,136.65,136.8,135.16,135.61,70673.6870957
1726012800,2024-09-11T00:00:00+00:00,135.64,135.91,133.3,133.61,82837.34435163
1726027200,2024-09-11T04:00:00+00:00,133.52,133.56,131.06,132.41,88027.86295473001
1726041600,2024-09-11T08:00:00+00:00,132.35,132.43,130.35,132,46832.7581709
1726056000,2024-09-11T12:00:00+00:00,131.97,133.33,128.14,131.18,184783.59724512
1726070400,2024-09-11T16:00:00+00:00,131.12,133.59,131.08,132.8,161464.25854766
1726084800,2024-09-11T20:00:00+00:00,132.8,133.23,132.04,132.42,81520.948142
1726099200,2024-09-12T00:00:00+00:00,132.42,136.03,132.39,135.65,158549.40577669
1726113600,2024-09-12T04:00:00+00:00,135.63,136.26,134.33,134.91,47527.45969274
1726128000,2024-09-12T08:00:00+00:00,134.9,135.39,134.16,134.82,34777.91483526
1726142400,2024-09-12T12:00:00+00:00,134.79,136.76,133.41,133.53,120502.57095435
1726156800,2024-09-12T16:00:00+00:00,133.54,135.78,133.48,135.77,120183.93752638
1726171200,2024-09-12T20:00:00+00:00,135.76,136.77,135.06,136.05,188699.25709232
1726185600,2024-09-13T00:00:00+00:00,136.05,136.2,134.33,134.45,41828.78355576
1726200000,2024-09-13T04:00:00+00:00,134.46,134.86,133.69,134.57,43956.84492199
1726214400,2024-09-13T08:00:00+00:00,134.59,134.67,132.52,132.58,58414.87820436001
1726228800,2024-09-13T12:00:00+00:00,132.6,136.75,131.71,136.61,147936.07033211
1726243200,2024-09-13T16:00:00+00:00,136.6,138.29,136,138.09,190057.13139867
1726257600,2024-09-13T20:00:00+00:00,138.1,139.96,137.97,139.13,183062.46591499003
1726272000,2024-09-14T00:00:00+00:00,139.13,139.9,138.57,139.48,62798.43674528001
1726286400,2024-09-14T04:00:00+00:00,139.49,139.62,137.5,137.56,99891.41479172
1726300800,2024-09-14T08:00:00+00:00,137.56,137.63,136.57,136.86,25197.80495306
1726315200,2024-09-14T12:00:00+00:00,136.86,138.23,136.57,137.42,48264.82215023
1726329600,2024-09-14T16:00:00+00:00,137.41,137.91,135.67,136.6,57269.25753458
1726344000,2024-09-14T20:00:00+00:00,136.61,137.39,136.61,137.15,21217.263761320002
1726358400,2024-09-15T00:00:00+00:00,137.15,137.99,137.08,137.49,34239.917141540005
1726372800,2024-09-15T04:00:00+00:00,137.46,137.53,136.86,137.18,20948.22624065
1726387200,2024-09-15T08:00:00+00:00,137.18,137.18,135.17,135.6,50996.342768179995
1726401600,2024-09-15T12:00:00+00:00,135.56,136.37,134.7,135.78,79918.18891463999
1726416000,2024-09-15T16:00:00+00:00,135.77,135.85,132.97,133.46,128153.84131701
1726430400,2024-09-15T20:00:00+00:00,133.47,133.53,130.42,131.4,129949.85719462001
1726444800,2024-09-16T00:00:00+00:00,131.4,131.86,129.25,130.62,86190.51033527999
1726459200,2024-09-16T04:00:00+00:00,130.61,131.41,130.4,131.24,35961.44274245
1726473600,2024-09-16T08:00:00+00:00,131.23,132.37,130.66,131.87,38442.13725828999
1726488000,2024-09-16T12:00:00+00:00,131.87,132.36,129.95,131.44,73993.90715117
1726502400,2024-09-16T16:00:00+00:00,131.45,131.75,128.84,131.11,162720.93617666
1726516800,2024-09-16T20:00:00+00:00,131.1,131.91,129.91,131.46,69468.02258615999
1726531200,2024-09-17T00:00:00+00:00,131.45,132,130.32,131.13,58054.346809669994
1726545600,2024-09-17T04:00:00+00:00,131.14,132.82,130.74,132.25,29353.20853806
1726560000,2024-09-17T08:00:00+00:00,132.25,133.4,131.76,131.94,89116.72429456
1726574400,2024-09-17T12:00:00+00:00,131.95,135.55,130.93,134.6,197194.89997661998
1726588800,2024-09-17T16:00:00+00:00,134.66,134.95,131.06,132.22,125558.07546091001
1726603200,2024-09-17T20:00:00+00:00,132.26,132.73,131.13,131.56,66303.7714964
1726617600,2024-09-18T00:00:00+00:00,131.56,132.15,130.24,131.68,67606.49818631
1726632000,2024-09-18T04:00:00+00:00,131.68,131.85,130.6,131.33,27517.299594800003
1726646400,2024-09-18T08:00:00+00:00,131.33,131.33,128.11,129.41,66802.63755346999
1726660800,2024-09-18T12:00:00+00:00,129.43,130.34,127.08,127.65,129678.58736029
1726675200,2024-09-18T16:00:00+00:00,127.68,133.08,127.25,129.46,339622.0440849799
1726689600,2024-09-18T20:00:00+00:00,129.48,134.47,128.39,134.35,133672.70576163998
1726704000,2024-09-19T00:00:00+00:00,134.37,138.68,134.3,138.04,300693.70090154
1726718400,2024-09-19T04:00:00+00:00,138.06,139.17,137.66,138.58,199255.40233496
1726732800,2024-09-19T08:00:00+00:00,138.58,139.7,138.28,139.51,128948.93597805
1726747200,2024-09-19T12:00:00+00:00,139.49,143.08,139.49,142.99,372414.58606022
1726761600,2024-09-19T16:00:00+00:00,142.99,144.03,142.51,143.07,181458.17552423998
1726776000,2024-09-19T20:00:00+00:00,143.1,143.82,141.1,142.89,157648.87954235
1726790400,2024-09-20T00:00:00+00:00,142.88,144.72,141.21,144.67,112798.14675581
1726804800,2024-09-20T04:00:00+00:00,144.67,152.41,144.5,151.05,245794.2501937
1726819200,2024-09-20T08:00:00+00:00,151.06,151.79,150,150.58,101038.05323203
1726833600,2024-09-20T12:00:00+00:00,150.59,151.15,145.91,147.88,266267.52214769
1726848000,2024-09-20T16:00:00+00:00,147.9,148.41,144.7,146.68,168878.76280711
1726862400,2024-09-20T20:00:00+00:00,146.68,147.99,146.26,146.66,78442.22334207999
1726876800,2024-09-21T00:00:00+00:00,146.66,148,145.01,145.99,68571.72531476
1726891200,2024-09-21T04:00:00+00:00,145.97,147.74,144.59,147.45,48334.46657732
1726905600,2024-09-21T08:00:00+00:00,147.45,147.93,146.45,147.21,21607.742146350003
1726920000,2024-09-21T12:00:00+00:00,147.22,149.46,146.72,147.67,104090.03233296
1726934400,2024-09-21T16:00:00+00:00,147.67,148.8,147.2,147.4,56715.766849609994
1726948800,2024-09-21T20:00:00+00:00,147.39,149.87,147.22,149.45,51526.13903066
1726963200,2024-09-22T00:00:00+00:00,149.45,149.94,147.13,148.11,55266.7013725
1726977600,2024-09-22T04:00:00+00:00,148.1,149.01,146.39,147.17,42090.81251652
1726992000,2024-09-22T08:00:00+00:00,147.17,147.59,144.12,144.85,50094.96024297
1727006400,2024-09-22T12:00:00+00:00,144.86,145.18,142.63,143.12,106357.67413649999
1727020800,2024-09-22T16:00:00+00:00,143.12,145.44,142.43,144.65,76626.73056788
1727035200,2024-09-22T20:00:00+00:00,144.66,145.8,141.04,144.64,111969.03292789
1727049600,2024-09-23T00:00:00+00:00,144.65,149.1,142.13,147.75,159349.96856128
1727064000,2024-09-23T04:00:00+00:00,147.75,148.22,145.15,145.48,81202.60072848
1727078400,2024-09-23T08:00:00+00:00,145.49,145.61,143.1,143.58,68847.24871233999
1727092800,2024-09-23T12:00:00+00:00,143.58,145.45,142.57,144.24,175675.14930426
1727107200,2024-09-23T16:00:00+00:00,144.23,145,142.76,143.32,88233.74309881999
1727121600,2024-09-23T20:00:00+00:00,143.32,145.33,142.42,144.78,170436.77799046
1727136000,2024-09-24T00:00:00+00:00,144.79,146.91,143.11,146.64,234471.13466007
1727150400,2024-09-24T04:00:00+00:00,146.64,147.34,145.36,147.19,106754.48479444
1727164800,2024-09-24T08:00:00+00:00,147.18,149.05,145.94,146.46,124320.73739227999
1727179200,2024-09-24T12:00:00+00:00,146.46,148.54,144.16,145.51,135458.51602315
1727193600,2024-09-24T16:00:00+00:00,145.51,148.58,145.32,148.28,108063.32842439
1727208000,2024-09-24T20:00:00+00:00,148.28,153.95,148.02,152.74,296597.47677969
1727222400,2024-09-25T00:00:00+00:00,152.74,153.96,151.06,151.98,164990.87929315004
1727236800,2024-09-25T04:00:00+00:00,152,152.25,148.97,149.73,73796.67193746999
1727251200,2024-09-25T08:00:00+00:00,149.77,151,149.4,150.93,41356.39879207
1727265600,2024-09-25T12:00:00+00:00,150.94,152.96,149.71,150.39,123969.76967524001
1727280000,2024-09-25T16:00:00+00:00,150.42,152.05,148.86,149.94,122519.17310227
1727294400,2024-09-25T20:00:00+00:00,149.97,150.88,147.25,147.93,79741.44274433001
1727308800,2024-09-26T00:00:00+00:00,147.95,149.55,146.52,149.18,92580.70633477
1727323200,2024-09-26T04:00:00+00:00,149.18,151.84,148.62,151.77,66052.83034469999
1727337600,2024-09-26T08:00:00+00:00,151.8,153.15,150.47,152.94,86693.06487034
1727352000,2024-09-26T12:00:00+00:00,152.91,158,151.33,157.13,312817.47659095
1727366400,2024-09-26T16:00:00+00:00,157.14,158.03,155.34,155.54,184253.87483143999
1727380800,2024-09-26T20:00:00+00:00,155.55,156.41,153.95,155.57,109551.83575419
1727395200,2024-09-27T00:00:00+00:00,155.56,156.49,154,155.71,124549.01049186
1727409600,2024-09-27T04:00:00+00:00,155.69,158.89,155.64,157.51,84578.57711857
1727424000,2024-09-27T08:00:00+00:00,157.52,159.24,155.77,156.1,75606.63150871999
1727438400,2024-09-27T12:00:00+00:00,156.08,161.36,155.5,159.07,271206.3912525
1727452800,2024-09-27T16:00:00+00:00,159.05,159.66,157.08,157.64,161358.34157762997
1727467200,2024-09-27T20:00:00+00:00,157.61,158.6,157.34,157.66,50051.44348406
1727481600,2024-09-28T00:00:00+00:00,157.67,159.44,157.61,158.69,56667.6734098
1727496000,2024-09-28T04:00:00+00:00,158.69,158.91,156.23,156.39,46283.35723934999
1727510400,2024-09-28T08:00:00+00:00,156.39,157.6,155.02,157.17,55029.486459659995
1727524800,2024-09-28T12:00:00+00:00,157.2,158.04,156.23,156.86,49637.05926177999
1727539200,2024-09-28T16:00:00+00:00,156.88,157.44,156.38,156.88,58022.47730478
1727553600,2024-09-28T20:00:00+00:00,156.88,157.06,155.62,156.77,62871.63989788
1727568000,2024-09-29T00:00:00+00:00,156.78,158.55,156.23,157.77,84128.02713953
1727582400,2024-09-29T04:00:00+00:00,157.77,158.18,155.02,155.49,68006.96323822
1727596800,2024-09-29T08:00:00+00:00,155.51,156.91,155.09,156.78,53921.71962961
1727611200,2024-09-29T12:00:00+00:00,156.77,157.61,155.68,157.29,64958.56917658
1727625600,2024-09-29T16:00:00+00:00,157.29,159.7,156.61,159.43,77317.24141925
1727640000,2024-09-29T20:00:00+00:00,159.45,161.8,157.9,158.49,141898.5381642
1727654400,2024-09-30T00:00:00+00:00,158.49,159.77,155.32,156.2,103935.88976133
1727668800,2024-09-30T04:00:00+00:00,156.2,157.74,155.12,156.85,45063.8361412
1727683200,2024-09-30T08:00:00+00:00,156.85,156.94,153.67,155.59,73907.40145787
1727697600,2024-09-30T12:00:00+00:00,155.58,157.33,154.1,154.15,91186.64357166001
1727712000,2024-09-30T16:00:00+00:00,154.15,155.68,153.91,154.98,96500.24456145
1727726400,2024-09-30T20:00:00+00:00,154.99,156.92,151.65,152.5,131087.2275836
1727740800,2024-10-01T00:00:00+00:00,152.5,155.16,151.39,154.99,187573.2004213
1727755200,2024-10-01T04:00:00+00:00,155,157.1,154.7,156.79,127834.74774292999
1727769600,2024-10-01T08:00:00+00:00,156.79,157.32,155.95,156.47,37029.537418910004
1727784000,2024-10-01T12:00:00+00:00,156.46,156.65,146.05,149.59,540656.4007313501
1727798400,2024-10-01T16:00:00+00:00,149.57,149.93,142.5,145.39,319890.48552993004
1727812800,2024-10-01T20:00:00+00:00,145.38,146.41,142.22,145.1,179947.92903613
1727827200,2024-10-02T00:00:00+00:00,145.08,148,143.39,147.21,126436.35949738999
1727841600,2024-10-02T04:00:00+00:00,147.17,149.03,146.13,147.75,106096.2549758
1727856000,2024-10-02T08:00:00+00:00,147.75,148.44,145.05,146.12,58845.99612392
1727870400,2024-10-02T12:00:00+00:00,146.12,147.74,142.68,147.48,180065.61734747997
1727884800,2024-10-02T16:00:00+00:00,147.48,148.52,138.55,139.97,472200.67029250995
1727899200,2024-10-02T20:00:00+00:00,139.96,141.68,138.59,140.16,154632.73175658
1727913600,2024-10-03T00:00:00+00:00,140.15,142.97,138.6,142.86,142594.63003899998
1727928000,2024-10-03T04:00:00+00:00,142.86,142.86,139.88,139.91,43272.69251286
1727942400,2024-10-03T08:00:00+00:00,139.88,140.06,135.25,136.83,175452.55537160998
1727956800,2024-10-03T12:00:00+00:00,136.82,138.55,133.1,135.56,368888.71807283
1727971200,2024-10-03T16:00:00+00:00,135.55,137.46,133.62,137.35,116795.17393327999
1727985600,2024-10-03T20:00:00+00:00,137.33,137.93,135.25,136.8,84814.62511932998
1728000000,2024-10-04T00:00:00+00:00,136.81,138.79,135.91,137.32,85234.18133117999
1728014400,2024-10-04T04:00:00+00:00,137.32,139.74,137.27,139.52,62370.42339477
1728028800,2024-10-04T08:00:00+00:00,139.53,141.01,139.15,140.08,75738.81189715001
1728043200,2024-10-04T12:00:00+00:00,140.09,142.62,138.08,142.42,219342.85972874
1728057600,2024-10-04T16:00:00+00:00,142.41,144.6,141.75,143.87,231227.53253147
1728072000,2024-10-04T20:00:00+00:00,143.88,144.66,142.6,143.22,95615.08105941
1728086400,2024-10-05T00:00:00+00:00,143.24,144.04,141.7,141.81,66096.73410894
1728100800,2024-10-05T04:00:00+00:00,141.79,144.55,141.55,143.8,34839.32887368
1728115200,2024-10-05T08:00:00+00:00,143.79,144.9,143.31,143.43,33313.29631585
1728129600,2024-10-05T12:00:00+00:00,143.47,144.17,142.51,142.89,43546.209890699996
1728144000,2024-10-05T16:00:00+00:00,142.89,143.05,141.99,142.16,40940.14292516
1728158400,2024-10-05T20:00:00+00:00,142.16,142.98,140.99,142.59,35777.37758021
1728172800,2024-10-06T00:00:00+00:00,142.61,143.65,142,142.68,27136.859630299998
1728187200,2024-10-06T04:00:00+00:00,142.67,143.42,142.07,142.96,13215.95551649
1728201600,2024-10-06T08:00:00+00:00,142.97,144.31,142.6,144.01,19473.66481535
1728216000,2024-10-06T12:00:00+00:00,144.03,146.64,143.94,145.94,72850.40929662
1728230400,2024-10-06T16:00:00+00:00,145.97,146.51,144.87,145.43,102290.15196945
1728244800,2024-10-06T20:00:00+00:00,145.42,146.76,144.3,146.48,57463.2131918
1728259200,2024-10-07T00:00:00+00:00,146.47,150.99,145.87,149.89,218101.88354210003
1728273600,2024-10-07T04:00:00+00:00,149.91,150.51,147.91,148,49067.42696817
1728288000,2024-10-07T08:00:00+00:00,148.02,149.18,145.64,147.37,76276.96356382
1728302400,2024-10-07T12:00:00+00:00,147.3,152.27,146.33,148.67,217447.30552783003
1728316800,2024-10-07T16:00:00+00:00,148.68,149.39,145.51,147.05,149420.8411016
1728331200,2024-10-07T20:00:00+00:00,147.08,147.24,143.41,143.94,141267.13815316
1728345600,2024-10-08T00:00:00+00:00,143.95,145.54,143.41,144.65,74429.37453031
1728360000,2024-10-08T04:00:00+00:00,144.65,145.01,142.03,143.04,55479.43708433
1728374400,2024-10-08T08:00:00+00:00,143.02,144.56,142.66,144.42,47805.61223381999
1728388800,2024-10-08T12:00:00+00:00,144.44,145.46,141.11,142.74,173646.58132965
1728403200,2024-10-08T16:00:00+00:00,142.75,144.06,141.66,143.66,66224.76386302
1728417600,2024-10-08T20:00:00+00:00,143.66,144.61,142.53,143.4,54080.98351721001
1728432000,2024-10-09T00:00:00+00:00,143.41,145.28,143.02,143.89,81510.51350498
1728446400,2024-10-09T04:00:00+00:00,143.88,144.26,142.63,143.1,48193.24246355
1728460800,2024-10-09T08:00:00+00:00,143.09,143.4,141.94,143.06,143701.47296675
1728475200,2024-10-09T12:00:00+00:00,143.07,143.21,140.09,142.7,158503.72838212
1728489600,2024-10-09T16:00:00+00:00,142.69,142.78,139.69,140.98,106655.57675231001
1728504000,2024-10-09T20:00:00+00:00,140.96,140.96,138.54,139.21,84817.53014727
1728518400,2024-10-10T00:00:00+00:00,139.21,140.24,137.55,139.76,69079.73200871001
1728532800,2024-10-10T04:00:00+00:00,139.74,140.75,139.36,139.55,38054.915453719994
1728547200,2024-10-10T08:00:00+00:00,139.56,140.34,137.31,140.25,59534.515310639996
1728561600,2024-10-10T12:00:00+00:00,140.25,140.58,136.05,138.52,109930.87788723
1728576000,2024-10-10T16:00:00+00:00,138.52,138.94,135.36,137.99,151874.76283886
1728590400,2024-10-10T20:00:00+00:00,137.98,138.97,137.03,138.95,77805.16257952999
1728604800,2024-10-11T00:00:00+00:00,138.95,141.41,138.58,140.73,102571.59303250001
1728619200,2024-10-11T04:00:00+00:00,140.74,141.98,140.54,141.08,50393.21746105001
1728633600,2024-10-11T08:00:00+00:00,141.09,142.61,140.87,141.9,78832.95892789
1728648000,2024-10-11T12:00:00+00:00,141.9,145.51,141.79,144.35,340519.4880975
1728662400,2024-10-11T16:00:00+00:00,144.37,146.5,143.89,145.45,123783.85380756
1728676800,2024-10-11T20:00:00+00:00,145.44,146.39,145.1,145.46,68340.80278674
1728691200,2024-10-12T00:00:00+00:00,145.46,146.64,144.55,145.1,70132.55733455
1728705600,2024-10-12T04:00:00+00:00,145.1,145.94,145.1,145.52,24874.43640846
1728720000,2024-10-12T08:00:00+00:00,145.52,147.19,145.42,146.21,61663.35403363
1728734400,2024-10-12T12:00:00+00:00,146.24,147.32,145.69,146.06,79406.42150897
1728748800,2024-10-12T16:00:00+00:00,146.06,147.29,146.04,146.76,58657.44869609
1728763200,2024-10-12T20:00:00+00:00,146.76,147.19,146.28,146.35,35531.89866042
1728777600,2024-10-13T00:00:00+00:00,146.37,147,145.1,145.26,44895.39678055
1728792000,2024-10-13T04:00:00+00:00,145.27,146.94,145.21,146.37,21775.777450989997
1728806400,2024-10-13T08:00:00+00:00,146.37,148.3,146.34,146.44,35318.010517949995
1728820800,2024-10-13T12:00:00+00:00,146.44,148,144.41,145.31,78255.6904756
1728835200,2024-10-13T16:00:00+00:00,145.3,146.49,144.66,145.97,52547.71156564
1728849600,2024-10-13T20:00:00+00:00,146,148.81,145.61,147.69,84155.03248104
1728864000,2024-10-14T00:00:00+00:00,147.72,152.48,146.73,152.43,163635.97983879
1728878400,2024-10-14T04:00:00+00:00,152.44,153.28,150.76,152.95,117418.59880821001
1728892800,2024-10-14T08:00:00+00:00,152.94,153.85,151.91,153.07,80923.84669867001
1728907200,2024-10-14T12:00:00+00:00,153.06,157.99,152.49,156.65,279507.56858097
1728921600,2024-10-14T16:00:00+00:00,156.65,156.87,154.54,155.63,157044.69828210003
1728936000,2024-10-14T20:00:00+00:00,155.62,158,155.36,157.52,103683.11858515999
1728950400,2024-10-15T00:00:00+00:00,157.53,158.21,155.02,155.37,140845.58337165
1728964800,2024-10-15T04:00:00+00:00,155.36,156.24,153.66,155.02,61205.614720130005
1728979200,2024-10-15T08:00:00+00:00,155.02,155.38,151.63,152.32,107469.53677755
1728993600,2024-10-15T12:00:00+00:00,152.34,159.5,150.33,153.24,390264.04380216997
1729008000,2024-10-15T16:00:00+00:00,153.25,156.31,153.01,155.15,139813.80036850003
1729022400,2024-10-15T20:00:00+00:00,155.15,155.27,152.3,154.72,95392.8960573
1729036800,2024-10-16T00:00:00+00:00,154.74,156.05,152.84,154.2,119615.18473779
1729051200,2024-10-16T04:00:00+00:00,154.2,154.9,153,153.63,59782.742373240006
1729065600,2024-10-16T08:00:00+00:00,153.63,158.39,153.38,155.85,160283.98722904
1729080000,2024-10-16T12:00:00+00:00,155.84,156.92,153.8,155.67,195840.55311166003
1729094400,2024-10-16T16:00:00+00:00,155.67,155.92,154.1,154.35,107379.97928588
1729108800,2024-10-16T20:00:00+00:00,154.35,155.1,153.54,154.24,98495.70338458
1729123200,2024-10-17T00:00:00+00:00,154.25,155.69,153.7,154.56,60507.175611130006
1729137600,2024-10-17T04:00:00+00:00,154.59,154.75,151.55,152.55,70290.54743271001
1729152000,2024-10-17T08:00:00+00:00,152.53,153.41,151.03,151.26,52040.24391792
1729166400,2024-10-17T12:00:00+00:00,151.26,153.21,150.79,152.83,162224.42213987
1729180800,2024-10-17T16:00:00+00:00,152.83,152.84,147.63,149.32,239926.80957528998
1729195200,2024-10-17T20:00:00+00:00,149.34,150.91,149.25,150.44,65136.19322492
1729209600,2024-10-18T00:00:00+00:00,150.43,153.24,149.55,151.83,102689.9165184
1729224000,2024-10-18T04:00:00+00:00,151.83,154.21,151.83,153.84,60383.55577713
1729238400,2024-10-18T08:00:00+00:00,153.83,154.27,152.74,152.95,32616.383109790004
1729252800,2024-10-18T12:00:00+00:00,152.96,155.21,152.09,154.7,130729.11548238999
1729267200,2024-10-18T16:00:00+00:00,154.71,156.69,153.62,154.82,165329.10419115002
1729281600,2024-10-18T20:00:00+00:00,154.83,155.19,153.78,154.92,52426.31976163
1729296000,2024-10-19T00:00:00+00:00,154.92,155.99,154,154.53,64294.927880079995
1729310400,2024-10-19T04:00:00+00:00,154.54,155.1,154.13,154.55,25914.871544999998
1729324800,2024-10-19T08:00:00+00:00,154.55,155.02,153.6,153.78,26193.942442569998
1729339200,2024-10-19T12:00:00+00:00,153.83,157.47,153.71,156.48,63913.560870960006
1729353600,2024-10-19T16:00:00+00:00,156.48,156.97,155.32,156.37,68557.12370068001
1729368000,2024-10-19T20:00:00+00:00,156.37,159.75,156.13,159.71,106708.73480471999
1729382400,2024-10-20T00:00:00+00:00,159.72,160.53,158.15,159.04,113867.79598007
1729396800,2024-10-20T04:00:00+00:00,159.04,160.68,158.55,158.77,37209.636143430005
1729411200,2024-10-20T08:00:00+00:00,158.77,159.41,158.37,159.17,16630.26868623
1729425600,2024-10-20T12:00:00+00:00,159.18,161.43,157.58,159.96,90960.48032171
1729440000,2024-10-20T16:00:00+00:00,159.95,161.19,159.29,160.34,53961.46415996
1729454400,2024-10-20T20:00:00+00:00,160.34,167.9,160.11,167.37,283424.17554365
1729468800,2024-10-21T00:00:00+00:00,167.34,170,167.15,169.43,239492.85880244
1729483200,2024-10-21T04:00:00+00:00,169.42,171.62,168.48,168.59,100234.55277317998
1729497600,2024-10-21T08:00:00+00:00,168.56,169.52,165.58,166.27,102787.84677005999
1729512000,2024-10-21T12:00:00+00:00,166.3,166.95,161.31,165.21,319734.86036583997
1729526400,2024-10-21T16:00:00+00:00,165.22,168,163,167.73,162410.79738076002
1729540800,2024-10-21T20:00:00+00:00,167.73,168.05,165.98,166.13,120868.49147147
1729555200,2024-10-22T00:00:00+00:00,166.07,167.8,162.95,166.34,118831.01844522
1729569600,2024-10-22T04:00:00+00:00,166.33,168.84,166.07,166.98,56138.47790922
1729584000,2024-10-22T08:00:00+00:00,166.95,169,163.43,167.79,102989.83776358
1729598400,2024-10-22T12:00:00+00:00,167.73,170.98,164.73,167.63,255772.23753681
1729612800,2024-10-22T16:00:00+00:00,167.62,169.07,165.88,168.37,145770.81268356
1729627200,2024-10-22T20:00:00+00:00,168.36,169.11,166.72,167.48,75404.43381431
1729641600,2024-10-23T00:00:00+00:00,167.48,167.85,164.4,165.35,123464.59742245
1729656000,2024-10-23T04:00:00+00:00,165.35,166.3,164.15,165.62,87143.10522226001
1729670400,2024-10-23T08:00:00+00:00,165.57,166.81,164.04,166.27,52689.984906829995
1729684800,2024-10-23T12:00:00+00:00,166.25,169.42,164.82,167.94,180942.74687952
1729699200,2024-10-23T16:00:00+00:00,168,173.51,164.48,172.77,288231.5564003
1729713600,2024-10-23T20:00:00+00:00,172.78,174,169.74,170.65,179022.18693611
1729728000,2024-10-24T00:00:00+00:00,170.65,174.8,170.27,173.96,176189.81510948
1729742400,2024-10-24T04:00:00+00:00,173.95,175,172.58,173.38,75873.36745014999
1729756800,2024-10-24T08:00:00+00:00,173.33,174.17,170.85,173.68,65004.584850089996
1729771200,2024-10-24T12:00:00+00:00,173.68,176.96,173.52,175.29,200093.68857042998
1729785600,2024-10-24T16:00:00+00:00,175.29,177.4,174.53,177.28,200265.49526732
1729800000,2024-10-24T20:00:00+00:00,177.28,179.12,176.37,177.07,161498.50232012
1729814400,2024-10-25T00:00:00+00:00,177.07,177.35,174.21,174.58,114250.20272388999
1729828800,2024-10-25T04:00:00+00:00,174.54,174.97,171.4,171.78,112933.41508110001
1729843200,2024-10-25T08:00:00+00:00,171.78,174.02,170.67,173.54,82905.54017523001
1729857600,2024-10-25T12:00:00+00:00,173.55,177.5,171.21,172.33,164161.21798155998
1729872000,2024-10-25T16:00:00+00:00,172.37,172.9,164.64,167.69,366568.29244864
1729886400,2024-10-25T20:00:00+00:00,167.69,168.5,159.05,164.6,303905.06139604
1729900800,2024-10-26T00:00:00+00:00,164.58,165.64,162.2,165.4,152596.84281637002
1729915200,2024-10-26T04:00:00+00:00,165.41,168.95,165.1,167.16,83762.60953394
1729929600,2024-10-26T08:00:00+00:00,167.16,170,167.14,168.46,55897.86688461
1729944000,2024-10-26T12:00:00+00:00,168.46,169.3,167.01,168.37,70361.17192811001
1729958400,2024-10-26T16:00:00+00:00,168.4,172.01,168.4,171.31,93383.49443213001
1729972800,2024-10-26T20:00:00+00:00,171.31,173,170.28,170.66,114607.26795545
1729987200,2024-10-27T00:00:00+00:00,170.66,172.98,170.01,171.91,57660.50374191
1730001600,2024-10-27T04:00:00+00:00,171.91,173.27,171.42,173.04,37795.73879704
1730016000,2024-10-27T08:00:00+00:00,173.03,175.4,172.94,173.78,49320.93334352
1730030400,2024-10-27T12:00:00+00:00,173.82,176.86,173.82,175.56,130858.72804818
1730044800,2024-10-27T16:00:00+00:00,175.56,177.54,174.35,176.96,118860.62683285002
1730059200,2024-10-27T20:00:00+00:00,176.96,178,176.36,176.44,111541.13315256
1730073600,2024-10-28T00:00:00+00:00,176.43,176.95,174.59,175.53,103033.54248146
1730088000,2024-10-28T04:00:00+00:00,175.52,176.45,172.87,175.45,87689.12998053
1730102400,2024-10-28T08:00:00+00:00,175.44,178.35,175.39,176.76,73890.65663278001
1730116800,2024-10-28T12:00:00+00:00,176.76,177.74,173.16,173.27,145174.38770574
1730131200,2024-10-28T16:00:00+00:00,173.25,177.95,172.27,176.34,204587.52744978
1730145600,2024-10-28T20:00:00+00:00,176.33,179.6,175.65,178.2,189246.82594487
1730160000,2024-10-29T00:00:00+00:00,178.17,182.11,176.97,181.62,248057.23952653998
1730174400,2024-10-29T04:00:00+00:00,181.62,182.58,179.17,179.98,133416.86410939
1730188800,2024-10-29T08:00:00+00:00,179.98,181.8,179.85,180.67,82729.35771643001
1730203200,2024-10-29T12:00:00+00:00,180.67,180.92,178.09,180.61,238633.22860594004
1730217600,2024-10-29T16:00:00+00:00,180.57,183.3,178.09,178.15,251298.10307411998
1730232000,2024-10-29T20:00:00+00:00,178.16,180.2,176.25,179.39,159728.91263424
1730246400,2024-10-30T00:00:00+00:00,179.35,180.8,176.93,180.03,87736.92265914001
1730260800,2024-10-30T04:00:00+00:00,180.03,181.2,178.17,178.63,53856.71508629001
1730275200,2024-10-30T08:00:00+00:00,178.63,179.27,174.93,175.5,113927.01877033
1730289600,2024-10-30T12:00:00+00:00,175.5,177.27,173.11,173.9,211563.64861965
1730304000,2024-10-30T16:00:00+00:00,173.93,175.75,173.32,174.28,101520.21954431
1730318400,2024-10-30T20:00:00+00:00,174.24,177.02,173.12,174.85,110044.24332721
1730332800,2024-10-31T00:00:00+00:00,174.82,176.46,174.1,174.29,64594.71860026
1730347200,2024-10-31T04:00:00+00:00,174.3,175.89,173.15,174.48,47831.58175931
1730361600,2024-10-31T08:00:00+00:00,174.49,176.32,173.29,175,36518.36409645
1730376000,2024-10-31T12:00:00+00:00,174.99,175.41,169.22,170.54,206968.10505544
1730390400,2024-10-31T16:00:00+00:00,170.53,170.61,168.01,168.46,172726.32822157998
1730404800,2024-10-31T20:00:00+00:00,168.45,170.09,167.31,168.43,127675.49712026
1730419200,2024-11-01T00:00:00+00:00,168.42,169.16,165.2,166.97,93984.16732441
1730433600,2024-11-01T04:00:00+00:00,166.96,167.43,164.88,165.78,37251.961949309996
1730448000,2024-11-01T08:00:00+00:00,165.78,168.73,165.4,167.75,49043.79934733
1730462400,2024-11-01T12:00:00+00:00,167.75,173.94,163.6,164.08,318766.28894832
1730476800,2024-11-01T16:00:00+00:00,164.08,167.75,163.65,166.46,147649.39799328
1730491200,2024-11-01T20:00:00+00:00,166.47,167,163.83,166.02,83319.94167336001
1730505600,2024-11-02T00:00:00+00:00,166,168.55,165.92,166.95,45485.86972447
1730520000,2024-11-02T04:00:00+00:00,166.94,167.61,165.58,167.56,23266.507168030003
1730534400,2024-11-02T08:00:00+00:00,167.53,167.79,165.72,165.97,16071.127198130001
1730548800,2024-11-02T12:00:00+00:00,165.95,166.33,162.01,163.79,75361.14254342
1730563200,2024-11-02T16:00:00+00:00,163.76,165.35,162.98,165.13,64816.07577342
1730577600,2024-11-02T20:00:00+00:00,165.11,166.91,164.88,166.12,53388.070748419996
1730592000,2024-11-03T00:00:00+00:00,166.11,166.55,160.83,161.92,111492.1706876
1730606400,2024-11-03T04:00:00+00:00,161.89,164,161.75,163.46,33329.24639392
1730620800,2024-11-03T08:00:00+00:00,163.47,164.72,162.61,163.57,26168.26556304
1730635200,2024-11-03T12:00:00+00:00,163.56,164.58,157.8,159.94,145370.26031188
1730649600,2024-11-03T16:00:00+00:00,159.89,161.75,157.97,160.99,145326.84873968002
1730664000,2024-11-03T20:00:00+00:00,160.99,163.8,160.44,162.46,122174.79905269001
1730678400,2024-11-04T00:00:00+00:00,162.43,164.92,160.39,162.71,71481.47235198
1730692800,2024-11-04T04:00:00+00:00,162.71,163.77,161.24,161.25,28371.29320555
1730707200,2024-11-04T08:00:00+00:00,161.24,164.75,159.97,163.95,45625.33702501
1730721600,2024-11-04T12:00:00+00:00,163.95,164.9,161.55,162.97,113012.18072904
1730736000,2024-11-04T16:00:00+00:00,162.97,163.44,159.01,159.45,108018.64192098
1730750400,2024-11-04T20:00:00+00:00,159.45,159.88,155.01,157.86,192028.29127136
1730764800,2024-11-05T00:00:00+00:00,157.86,159.57,156.69,159.54,72364.94105433
1730779200,2024-11-05T04:00:00+00:00,159.54,162.34,159.24,161.92,50665.24183406
1730793600,2024-11-05T08:00:00+00:00,161.93,162.98,160.96,162.29,38288.28589175
1730808000,2024-11-05T12:00:00+00:00,162.29,167.8,161.77,165.88,204738.11519608
1730822400,2024-11-05T16:00:00+00:00,165.88,169.39,163.37,164.01,172598.55483837
1730836800,2024-11-05T20:00:00+00:00,164.08,167.86,163.28,166.64,133013.40344037002
1730851200,2024-11-06T00:00:00+00:00,166.63,184.97,166.42,184.94,765846.1959645
1730865600,2024-11-06T04:00:00+00:00,184.94,188.38,182.63,183.85,501242.43182443996
1730880000,2024-11-06T08:00:00+00:00,183.9,186.9,180.01,186.74,219546.59988779
1730894400,2024-11-06T12:00:00+00:00,186.79,188.74,184.33,185.64,298615.37764754996
1730908800,2024-11-06T16:00:00+00:00,185.64,188.67,184.85,188.66,207676.85267450003
1730923200,2024-11-06T20:00:00+00:00,188.67,190.07,186.67,186.76,250431.041637
1730937600,2024-11-07T00:00:00+00:00,186.76,192,186.02,189.2,194407.45589039
1730952000,2024-11-07T04:00:00+00:00,189.2,190.18,186.07,188.1,73310.95899371999
1730966400,2024-11-07T08:00:00+00:00,188.1,189.35,186.06,186.14,74688.177578
1730980800,2024-11-07T12:00:00+00:00,186.13,192.88,186.01,192.82,158225.01563311002
1730995200,2024-11-07T16:00:00+00:00,192.82,198,191.08,197.21,519388.54091975
1731009600,2024-11-07T20:00:00+00:00,197.19,198,194.29,196.44,178731.50323760998
1731024000,2024-11-08T00:00:00+00:00,196.45,201.19,195.79,198.32,293324.34527747
1731038400,2024-11-08T04:00:00+00:00,198.34,200.99,197.53,200.6,115124.11815347
1731052800,2024-11-08T08:00:00+00:00,200.6,205,198.3,203.22,194196.06973483998
1731067200,2024-11-08T12:00:00+00:00,203.25,205.2,198.43,201.14,234781.03385752003
1731081600,2024-11-08T16:00:00+00:00,201.15,202.32,196.32,199.84,191187.31566161
1731096000,2024-11-08T20:00:00+00:00,199.81,200.47,197.31,199.99,196389.73325360997
1731110400,2024-11-09T00:00:00+00:00,200,200.36,197.34,199.1,98107.83128176
1731124800,2024-11-09T04:00:00+00:00,199.11,202.55,199.09,200.4,145575.83015229
1731139200,2024-11-09T08:00:00+00:00,200.39,203.49,198,202.3,155816.54264508002
1731153600,2024-11-09T12:00:00+00:00,202.29,202.65,197.45,198.45,133820.27668018
1731168000,2024-11-09T16:00:00+00:00,198.48,199.64,195.05,197.72,133043.05442074
1731182400,2024-11-09T20:00:00+00:00,197.8,202.09,197.26,200,169116.49079317
1731196800,2024-11-10T00:00:00+00:00,200,204.97,198.78,201.53,209274.76428949
1731211200,2024-11-10T04:00:00+00:00,201.53,209,201.01,205.08,268256.00441807
1731225600,2024-11-10T08:00:00+00:00,205.11,207.48,204.05,206.72,124144.80944667998
1731240000,2024-11-10T12:00:00+00:00,206.7,213.26,203.2,212.33,279930.85330013
1731254400,2024-11-10T16:00:00+00:00,212.36,215.62,206.45,208.63,387363.39946572
1731268800,2024-11-10T20:00:00+00:00,208.63,214,199.25,210.22,344199.25328415004
1731283200,2024-11-11T00:00:00+00:00,210.22,212.55,208.34,210.19,174323.06776377
1731297600,2024-11-11T04:00:00+00:00,210.16,210.38,204.32,208.22,117974.13422369001
1731312000,2024-11-11T08:00:00+00:00,208.21,217.89,206.79,217.81,176747.01227150002
1731326400,2024-11-11T12:00:00+00:00,217.82,221,214.65,219.43,395092.18890052
1731340800,2024-11-11T16:00:00+00:00,219.45,222.22,216.65,218.27,379383.55623011
1731355200,2024-11-11T20:00:00+00:00,218.26,225,217,222.42,417894.90928152995
1731369600,2024-11-12T00:00:00+00:00,222.41,222.78,215.53,220.94,263663.94888260996
1731384000,2024-11-12T04:00:00+00:00,220.95,222.13,216,222.03,203280.7508198
1731398400,2024-11-12T08:00:00+00:00,222.06,225.37,208.75,211.42,335107.4638055
1731412800,2024-11-12T12:00:00+00:00,211.28,214.12,205,210.73,364879.12419314
1731427200,2024-11-12T16:00:00+00:00,210.74,215.73,206.76,213.46,291088.91341198003
1731441600,2024-11-12T20:00:00+00:00,213.51,215.65,210.28,211.87,190779.08124212
1731456000,2024-11-13T00:00:00+00:00,211.88,213.5,203.46,203.5,224636.8702532
1731470400,2024-11-13T04:00:00+00:00,203.49,207.69,201,205.51,178949.58737958
1731484800,2024-11-13T08:00:00+00:00,205.51,209.55,204.18,207.99,109560.25257452001
1731499200,2024-11-13T12:00:00+00:00,208.01,217.7,206.21,216.87,528579.28857099
1731513600,2024-11-13T16:00:00+00:00,216.83,220.84,210.51,211.14,545431.06083236
1731528000,2024-11-13T20:00:00+00:00,211.15,215.81,206.2,215.46,245732.39544716
1731542400,2024-11-14T00:00:00+00:00,215.45,219.67,212.36,219.58,205477.66494371998
1731556800,2024-11-14T04:00:00+00:00,219.57,220.82,215.25,218.26,166089.60855707
1731571200,2024-11-14T08:00:00+00:00,218.19,222.83,213.66,216.21,169401.49202215002
1731585600,2024-11-14T12:00:00+00:00,216.17,218,209.24,210.9,310227.6559107
1731600000,2024-11-14T16:00:00+00:00,210.88,217.15,209.91,215.69,249537.48073421
1731614400,2024-11-14T20:00:00+00:00,215.68,215.68,206.75,209.58,254566.10695132002
1731628800,2024-11-15T00:00:00+00:00,209.57,212.97,208.1,209.13,183223.11002768
1731643200,2024-11-15T04:00:00+00:00,209.13,210.74,204.57,209.23,125518.33054746999
1731657600,2024-11-15T08:00:00+00:00,209.3,213.94,207.92,213.58,94078.64818957
1731672000,2024-11-15T12:00:00+00:00,213.58,215.35,206.72,208.27,185165.77756531
1731686400,2024-11-15T16:00:00+00:00,208.33,213.6,208,212.38,146749.62018368999
1731700800,2024-11-15T20:00:00+00:00,212.43,220.46,212.12,218.53,298483.93861715
1731715200,2024-11-16T00:00:00+00:00,218.51,221.74,215.96,221.44,156731.76801280997
1731729600,2024-11-16T04:00:00+00:00,221.45,221.95,218.57,218.99,148941.46299470004
1731744000,2024-11-16T08:00:00+00:00,218.99,219.82,216.59,218.96,61127.27934701001
1731758400,2024-11-16T12:00:00+00:00,218.96,221.78,213.82,215.07,160476.60721904
1731772800,2024-11-16T16:00:00+00:00,215.07,217.1,213.4,216.39,137178.83915676002
1731787200,2024-11-16T20:00:00+00:00,216.39,217.47,214.13,215.81,123481.12772765002
1731801600,2024-11-17T00:00:00+00:00,215.81,221.49,212.21,221.45,179683.65699619998
1731816000,2024-11-17T04:00:00+00:00,221.46,239.84,221.45,237.17,531641.25803625
1731830400,2024-11-17T08:00:00+00:00,237.13,241.99,234.12,234.81,205703.92956164002
1731844800,2024-11-17T12:00:00+00:00,234.76,236,229.7,233.95,158361.94220633
1731859200,2024-11-17T16:00:00+00:00,233.99,235.66,231.25,235.39,143108.65994098
1731873600,2024-11-17T20:00:00+00:00,235.39,238.41,231.47,237.53,209077.27922863996
1731888000,2024-11-18T00:00:00+00:00,237.5,244.1,234.03,244.09,229160.08768026
1731902400,2024-11-18T04:00:00+00:00,244.1,245,239.46,242.07,184995.17959936
1731916800,2024-11-18T08:00:00+00:00,242.06,248.52,239.71,242.45,170521.03949205
1731931200,2024-11-18T12:00:00+00:00,242.55,245.15,238,243.5,233406.4795227
1731945600,2024-11-18T16:00:00+00:00,243.44,243.95,234.39,236.5,297637.36222275
1731960000,2024-11-18T20:00:00+00:00,236.48,241.17,235.89,239.94,142896.91842695
1731974400,2024-11-19T00:00:00+00:00,239.95,243.48,237.67,240.73,123662.02005947
1731988800,2024-11-19T04:00:00+00:00,240.73,244.62,238.84,243.51,88042.86447869
1732003200,2024-11-19T08:00:00+00:00,243.49,247.1,242.07,246.23,99345.46905012999
1732017600,2024-11-19T12:00:00+00:00,246.22,247.75,238.51,240.78,195307.92386054
1732032000,2024-11-19T16:00:00+00:00,240.81,244.84,240.3,243.81,196308.9273661
1732046400,2024-11-19T20:00:00+00:00,243.79,244.51,233.74,237.99,221688.19923452
1732060800,2024-11-20T00:00:00+00:00,237.99,238.2,230.66,234.11,136093.98314261
1732075200,2024-11-20T04:00:00+00:00,234.11,236.62,231.78,236.18,159171.38470629998
1732089600,2024-11-20T08:00:00+00:00,236.18,239.05,235.02,237.82,94356.92024717
1732104000,2024-11-20T12:00:00+00:00,237.81,242.72,235.77,238.63,214016.22338431
1732118400,2024-11-20T16:00:00+00:00,238.61,239.4,231.17,233.27,237562.35508916
1732132800,2024-11-20T20:00:00+00:00,233.28,238.3,232.01,235.68,167267.72396737998
1732147200,2024-11-21T00:00:00+00:00,235.68,238.99,230.02,236.1,192017.83819307998
1732161600,2024-11-21T04:00:00+00:00,236.09,242.84,235.82,241.59,234031.12338146
1732176000,2024-11-21T08:00:00+00:00,241.59,243.55,239.99,240.02,131302.49156394
1732190400,2024-11-21T12:00:00+00:00,240,252.77,239.98,249.01,549995.02887673
1732204800,2024-11-21T16:00:00+00:00,248.97,259.89,248.35,254.15,622008.39825607
1732219200,2024-11-21T20:00:00+00:00,254.12,257.77,253.1,256.65,192539.36091311002
1732233600,2024-11-22T00:00:00+00:00,256.65,264.63,252.69,262.75,281747.04199583
1732248000,2024-11-22T04:00:00+00:00,262.76,263.09,258.15,259.47,162498.32670872
1732262400,2024-11-22T08:00:00+00:00,259.54,261.25,256.38,259.49,93772.90749785
1732276800,2024-11-22T12:00:00+00:00,259.49,260.64,252.59,256.66,211919.85626238002
1732291200,2024-11-22T16:00:00+00:00,256.65,256.65,251.75,254.33,192495.14762259
1732305600,2024-11-22T20:00:00+00:00,254.32,258.3,253.35,257.23,159670.31208884
1732320000,2024-11-23T00:00:00+00:00,257.23,258.06,253.65,257.5,135704.28143169
1732334400,2024-11-23T04:00:00+00:00,257.48,264.32,257.04,258.58,181867.64714265
1732348800,2024-11-23T08:00:00+00:00,258.58,259.72,256.12,256.4,62792.677712360004
1732363200,2024-11-23T12:00:00+00:00,256.42,263.98,256.14,260.22,154828.07811181
1732377600,2024-11-23T16:00:00+00:00,260.23,260.86,254.51,254.69,180731.93366277
1732392000,2024-11-23T20:00:00+00:00,254.68,256.41,253.01,255.12,118971.76970617002
1732406400,2024-11-24T00:00:00+00:00,255.11,260,254.7,258.89,102405.20968105999
1732420800,2024-11-24T04:00:00+00:00,258.89,259.51,254.41,256.93,61549.41300663
1732435200,2024-11-24T08:00:00+00:00,256.88,257.02,248.32,248.79,91440.15435076
1732449600,2024-11-24T12:00:00+00:00,248.74,250.48,241.2,244.3,199564.38403177
1732464000,2024-11-24T16:00:00+00:00,244.3,250.5,244,248.72,137767.64861605
1732478400,2024-11-24T20:00:00+00:00,248.71,254.99,248.32,253.03,115053.10680456
1732492800,2024-11-25T00:00:00+00:00,253.03,253.48,246,252.73,100725.96842362
1732507200,2024-11-25T04:00:00+00:00,252.71,254.39,251.96,253.59,64181.70444155
1732521600,2024-11-25T08:00:00+00:00,253.59,256.82,251.44,252.36,81095.61299448999
1732536000,2024-11-25T12:00:00+00:00,252.36,252.73,233.65,245.01,568280.40261996
1732550400,2024-11-25T16:00:00+00:00,245.01,246.21,237.3,239.67,241627.31490871002
1732564800,2024-11-25T20:00:00+00:00,239.67,241.14,231.16,234.18,319409.33310869
1732579200,2024-11-26T00:00:00+00:00,234.14,239.56,233.53,237.56,135117.9744197
1732593600,2024-11-26T04:00:00+00:00,237.53,239.91,235.03,235.74,85521.12031199998
1732608000,2024-11-26T08:00:00+00:00,235.74,236.63,221.57,227.75,241151.31183538
1732622400,2024-11-26T12:00:00+00:00,227.75,232.43,225.72,227.4,312541.25309626
1732636800,2024-11-26T16:00:00+00:00,227.48,232.81,223.5,229.1,171160.70467981003
1732651200,2024-11-26T20:00:00+00:00,229.04,232.09,227.3,230.6,133627.37980429002
1732665600,2024-11-27T00:00:00+00:00,230.6,233.69,228.04,231.43,109376.64151113998
1732680000,2024-11-27T04:00:00+00:00,231.42,234.92,227.5,234.3,103884.7039738
1732694400,2024-11-27T08:00:00+00:00,234.3,237.12,232.08,235.06,77578.93030303999
1732708800,2024-11-27T12:00:00+00:00,235.04,241.19,232.65,240.79,184123.91628661
1732723200,2024-11-27T16:00:00+00:00,240.86,241.3,237.89,239.37,181917.76109016
1732737600,2024-11-27T20:00:00+00:00,239.39,243.56,239.09,242.24,233416.47540132
1732752000,2024-11-28T00:00:00+00:00,242.24,245.49,238.21,240.25,142829.25165972998
1732766400,2024-11-28T04:00:00+00:00,240.25,241.38,236.81,238.16,57622.86878153001
1732780800,2024-11-28T08:00:00+00:00,238.18,239.25,234.48,236.98,56013.38930003
1732795200,2024-11-28T12:00:00+00:00,236.98,237.84,232.89,233.09,85051.50397639
1732809600,2024-11-28T16:00:00+00:00,233.09,237.07,233.09,235.51,74602.5294503
1732824000,2024-11-28T20:00:00+00:00,235.49,238.51,234.91,237.65,51967.41281139
1732838400,2024-11-29T00:00:00+00:00,237.64,243.12,236.6,242.04,93845.65366169
1732852800,2024-11-29T04:00:00+00:00,242.04,242.6,237.56,237.73,77198.12404336
1732867200,2024-11-29T08:00:00+00:00,237.72,245.52,237.72,245.29,62967.09571747
1732881600,2024-11-29T12:00:00+00:00,245.34,246.87,242.18,243.8,154324.52513929
1732896000,2024-11-29T16:00:00+00:00,243.81,244.87,240.13,241.3,219085.35548478
1732910400,2024-11-29T20:00:00+00:00,241.31,245.5,241.17,243.43,108513.27965026
1732924800,2024-11-30T00:00:00+00:00,243.43,243.43,239.06,243,101485.45135706
1732939200,2024-11-30T04:00:00+00:00,242.98,245.18,241.65,244.3,76877.16894263
1732953600,2024-11-30T08:00:00+00:00,244.3,245.43,240.16,241.58,56578.70680067
1732968000,2024-11-30T12:00:00+00:00,241.58,243.15,238.64,239.96,84575.43830288001
1732982400,2024-11-30T16:00:00+00:00,239.95,240.62,238.91,240.03,86006.68018314999
1732996800,2024-11-30T20:00:00+00:00,240.02,241.27,237.61,237.74,107184.54290563
1733011200,2024-12-01T00:00:00+00:00,237.74,240,234.24,235.71,122538.25330277
1733025600,2024-12-01T04:00:00+00:00,235.71,237.03,235.14,235.58,53665.21428579
1733040000,2024-12-01T08:00:00+00:00,235.6,238.81,235.48,237.23,54607.023496320006
1733054400,2024-12-01T12:00:00+00:00,237.24,239.59,236.29,238.71,69412.21557542999
1733068800,2024-12-01T16:00:00+00:00,238.7,239.5,235.11,236.41,147026.50601349003
1733083200,2024-12-01T20:00:00+00:00,236.4,239.29,234.46,236.95,163531.65009195
1733097600,2024-12-02T00:00:00+00:00,236.92,238.5,228.14,228.57,371542.27805082
1733112000,2024-12-02T04:00:00+00:00,228.57,230.43,226,228.7,221350.49156773003
1733126400,2024-12-02T08:00:00+00:00,228.7,228.86,222.9,224.79,186250.63423882
1733140800,2024-12-02T12:00:00+00:00,224.79,229.71,221.49,229.32,359782.1751393
1733155200,2024-12-02T16:00:00+00:00,229.35,230.08,220.03,223.94,389161.73290465004
1733169600,2024-12-02T20:00:00+00:00,223.94,225.93,221.2,225.79,313654.99933191994
1733184000,2024-12-03T00:00:00+00:00,225.8,229.33,223.19,227.98,197333.8825655
1733198400,2024-12-03T04:00:00+00:00,227.96,231.01,225.24,226.98,146563.32545425
1733212800,2024-12-03T08:00:00+00:00,226.96,228.53,222.95,225.53,91873.21437379
1733227200,2024-12-03T12:00:00+00:00,225.59,226.46,215,223.3,333776.86511014
1733241600,2024-12-03T16:00:00+00:00,223.3,228.47,220.37,228.25,238474.60846589
1733256000,2024-12-03T20:00:00+00:00,228.24,240.09,227.82,234.1,584386.5763771499
1733270400,2024-12-04T00:00:00+00:00,234.13,240.74,234.13,237.84,277930.65428965
1733284800,2024-12-04T04:00:00+00:00,237.84,240.99,236,236.77,114202.5960276
1733299200,2024-12-04T08:00:00+00:00,236.77,237.98,235.2,236.12,98035.10785166001
1733313600,2024-12-04T12:00:00+00:00,236.09,236.26,230,234.03,268249.07438292005
1733328000,2024-12-04T16:00:00+00:00,234.03,234.3,224.69,233.04,307988.64293044
1733342400,2024-12-04T20:00:00+00:00,233.1,236.79,226.1,229.49,520225.54855457
1733356800,2024-12-05T00:00:00+00:00,229.47,238.8,223.19,233.13,481073.72390558
1733371200,2024-12-05T04:00:00+00:00,233.12,238.71,231.5,234.03,224588.91072554997
1733385600,2024-12-05T08:00:00+00:00,234.05,242.53,233.66,241.96,185480.15790063
1733400000,2024-12-05T12:00:00+00:00,241.98,244.99,236.47,239.3,368288.24936918
1733414400,2024-12-05T16:00:00+00:00,239.31,243.11,232.43,233.16,327695.44523262
1733428800,2024-12-05T20:00:00+00:00,233.1,241,226,236.13,378027.30458626
1733443200,2024-12-06T00:00:00+00:00,236.13,247.1,234.69,242.08,313124.57065382996
1733457600,2024-12-06T04:00:00+00:00,242.1,243.2,237.98,239.47,94427.60082031999
1733472000,2024-12-06T08:00:00+00:00,239.46,240.72,233.82,234.34,113607.58560913999
1733486400,2024-12-06T12:00:00+00:00,234.26,240.09,231.11,238.29,231726.77150047
1733500800,2024-12-06T16:00:00+00:00,238.26,240.74,237.31,240.14,190298.99291642
1733515200,2024-12-06T20:00:00+00:00,240.15,241.2,235.72,237.21,166033.10401302
1733529600,2024-12-07T00:00:00+00:00,237.21,237.72,234.32,235.19,143639.19854227
1733544000,2024-12-07T04:00:00+00:00,235.19,236.86,234.6,236.47,82678.56424771
1733558400,2024-12-07T08:00:00+00:00,236.49,239.55,235.3,238.39,63876.43940964
1733572800,2024-12-07T12:00:00+00:00,238.39,243.4,237.53,241.04,121423.02967995999
1733587200,2024-12-07T16:00:00+00:00,241.04,243,238.95,241.88,150684.03102506002
1733601600,2024-12-07T20:00:00+00:00,241.88,243.8,238.08,238.35,166535.9733741
1733616000,2024-12-08T00:00:00+00:00,238.35,241.72,237.79,240.84,101524.31738210999
1733630400,2024-12-08T04:00:00+00:00,240.84,241.24,236.76,237.74,68176.1246688
1733644800,2024-12-08T08:00:00+00:00,237.73,237.91,233.32,236.13,71829.69000675
1733659200,2024-12-08T12:00:00+00:00,236.12,237.8,234.65,237.51,73837.01183793
1733673600,2024-12-08T16:00:00+00:00,237.51,237.82,234.19,236.6,91578.20868991
1733688000,2024-12-08T20:00:00+00:00,236.6,237.99,234.69,237.19,76339.64170144
1733702400,2024-12-09T00:00:00+00:00,237.19,237.45,230.3,231.95,137764.77154784
1733716800,2024-12-09T04:00:00+00:00,231.92,232.94,228.41,231.63,76912.76204829999
1733731200,2024-12-09T08:00:00+00:00,231.64,231.84,225.32,225.99,96182.47998723
1733745600,2024-12-09T12:00:00+00:00,225.98,231.81,223,224.18,206164.59769926
1733760000,2024-12-09T16:00:00+00:00,224.18,226.01,221.57,221.77,213044.04560806998
1733774400,2024-12-09T20:00:00+00:00,221.78,225.47,205,216.72,550420.23927775
1733788800,2024-12-10T00:00:00+00:00,216.71,221.09,207.1,215.94,395573.15030718
1733803200,2024-12-10T04:00:00+00:00,215.88,218.79,212.25,217.39,163200.54885741
1733817600,2024-12-10T08:00:00+00:00,217.38,218.71,215.21,216.29,85030.46721525
1733832000,2024-12-10T12:00:00+00:00,216.3,218.7,206.35,206.66,385200.60801712004
1733846400,2024-12-10T16:00:00+00:00,206.68,213,203.27,212.18,672769.23115027
1733860800,2024-12-10T20:00:00+00:00,212.18,216.47,211.4,213.75,251415.35262647
1733875200,2024-12-11T00:00:00+00:00,213.75,219.48,211.62,219.46,226786.94638824003
1733889600,2024-12-11T04:00:00+00:00,219.46,220.39,217,218.49,111573.51832603
1733904000,2024-12-11T08:00:00+00:00,218.53,225.58,218.41,224.94,120559.12566191
1733918400,2024-12-11T12:00:00+00:00,224.94,230.45,224.17,228.57,357246.47921992
1733932800,2024-12-11T16:00:00+00:00,228.57,230.76,227.38,230.04,198059.17888154002
1733947200,2024-12-11T20:00:00+00:00,230.05,230.84,226.83,227.42,193378.12883386
1733961600,2024-12-12T00:00:00+00:00,227.42,232.09,225.78,230.51,142564.75813188998
1733976000,2024-12-12T04:00:00+00:00,230.51,233,229.03,230.09,99443.86950778
1733990400,2024-12-12T08:00:00+00:00,230.08,233.57,228.39,229.62,77596.14895879
1734004800,2024-12-12T12:00:00+00:00,229.63,233.37,228.78,231.42,238692.37461991
1734019200,2024-12-12T16:00:00+00:00,231.41,234.79,226.5,227.25,265007.81041522
1734033600,2024-12-12T20:00:00+00:00,227.24,229.74,225.61,227,113293.23726183
1734048000,2024-12-13T00:00:00+00:00,226.99,228.47,224.33,227.2,118437.47137376
1734062400,2024-12-13T04:00:00+00:00,227.2,227.64,223.21,224.88,70214.05978251001
1734076800,2024-12-13T08:00:00+00:00,224.88,227.25,223.93,225.6,44391.83578887
1734091200,2024-12-13T12:00:00+00:00,225.6,226.7,220.72,221.16,465863.37717764004
1734105600,2024-12-13T16:00:00+00:00,221.15,223.88,220.6,223.28,226036.3381163
1734120000,2024-12-13T20:00:00+00:00,223.29,224.95,223.13,224.82,147462.09754742
1734134400,2024-12-14T00:00:00+00:00,224.8,227.16,223.69,226.27,114277.09532914999
1734148800,2024-12-14T04:00:00+00:00,226.25,227.48,225.13,225.99,48989.35988035
1734163200,2024-12-14T08:00:00+00:00,225.99,226.76,224.15,224.36,34266.496143569995
1734177600,2024-12-14T12:00:00+00:00,224.35,224.64,220.44,222.54,99122.99987574
1734192000,2024-12-14T16:00:00+00:00,222.54,222.55,216.71,218.07,140065.72396248
1734206400,2024-12-14T20:00:00+00:00,218.07,220.86,215.15,219.88,122739.15007027001
1734220800,2024-12-15T00:00:00+00:00,219.9,221.73,218.82,219.4,64645.92605392
1734235200,2024-12-15T04:00:00+00:00,219.39,221.8,215.67,217.24,59646.267692500005
1734249600,2024-12-15T08:00:00+00:00,217.23,220.09,216.46,218.3,159444.27895767998
1734264000,2024-12-15T12:00:00+00:00,218.31,221.35,217.29,220.81,133093.74224208
1734278400,2024-12-15T16:00:00+00:00,220.81,222.34,220.38,221.13,76903.18638084
1734292800,2024-12-15T20:00:00+00:00,221.14,225.44,216.18,224.25,149011.17899305
1734307200,2024-12-16T00:00:00+00:00,224.2,227,220.26,221.14,147313.79781696998
1734321600,2024-12-16T04:00:00+00:00,221.15,223.81,220.56,223.1,52427.59172677
1734336000,2024-12-16T08:00:00+00:00,223.06,223.26,213.53,214.01,198439.03398149
1734350400,2024-12-16T12:00:00+00:00,214.04,218.08,213.11,216.91,226442.60730992997
1734364800,2024-12-16T16:00:00+00:00,216.93,221.9,216.75,218.37,232660.50310057
1734379200,2024-12-16T20:00:00+00:00,218.4,219.02,215.92,216.27,160275.36422875
1734393600,2024-12-17T00:00:00+00:00,216.27,216.76,211.5,215.49,145186.19890702
1734408000,2024-12-17T04:00:00+00:00,215.49,216.55,213.07,215.6,89250.61326456
1734422400,2024-12-17T08:00:00+00:00,215.59,223.77,215.5,221.62,150771.09642326
1734436800,2024-12-17T12:00:00+00:00,221.59,227.55,217,220.56,222408.17769995
1734451200,2024-12-17T16:00:00+00:00,220.53,229.03,219.9,227.54,508260.48500026006
1734465600,2024-12-17T20:00:00+00:00,227.5,228.64,221.65,223.2,132429.98924268
1734480000,2024-12-18T00:00:00+00:00,223.2,226,217.12,217.48,134552.71251570998
1734494400,2024-12-18T04:00:00+00:00,217.47,218.25,213.58,215.89,97271.29320118
1734508800,2024-12-18T08:00:00+00:00,215.92,218.89,215.29,217.82,59832.86797974
1734523200,2024-12-18T12:00:00+00:00,217.8,218.74,214.54,217.67,122539.79279703
1734537600,2024-12-18T16:00:00+00:00,217.68,218.27,211.54,211.58,190388.91713026
1734552000,2024-12-18T20:00:00+00:00,211.58,212.65,204.77,206.39,508132.65131266
1734566400,2024-12-19T00:00:00+00:00,206.41,209.19,199.21,208.69,324406.48426476005
1734580800,2024-12-19T04:00:00+00:00,208.7,212.03,207.13,211.71,102268.99111214
1734595200,2024-12-19T08:00:00+00:00,211.7,211.71,207.87,210.31,61282.470020680004
1734609600,2024-12-19T12:00:00+00:00,210.37,210.93,202.23,205.29,192101.27760501998
1734624000,2024-12-19T16:00:00+00:00,205.28,206.78,186.77,191.71,681468.37759586
1734638400,2024-12-19T20:00:00+00:00,191.7,198.43,187.46,193.66,385747.11217932
1734652800,2024-12-20T00:00:00+00:00,193.66,199.53,191.5,196.22,230368.01982164
1734667200,2024-12-20T04:00:00+00:00,196.25,197.28,187.9,191.15,202327.86869621
1734681600,2024-12-20T08:00:00+00:00,191.1,191.35,175.01,175.74,691562.67955343
1734696000,2024-12-20T12:00:00+00:00,175.75,191.11,175.54,189.74,474472.14071301
1734710400,2024-12-20T16:00:00+00:00,189.74,193.16,188.17,191.59,300426.93960863
1734724800,2024-12-20T20:00:00+00:00,191.59,194.5,187.69,194.43,222066.89085114002
1734739200,2024-12-21T00:00:00+00:00,194.44,196.58,192.97,194.19,128712.07266683
1734753600,2024-12-21T04:00:00+00:00,194.19,202.14,194.1,198.67,148916.80696043
1734768000,2024-12-21T08:00:00+00:00,198.68,198.89,192.15,192.86,94842.11454152
1734782400,2024-12-21T12:00:00+00:00,192.88,193.01,183.16,186.61,237810.81160153
1734796800,2024-12-21T16:00:00+00:00,186.59,187.44,178.36,181.44,339920.09939669
1734811200,2024-12-21T20:00:00+00:00,181.43,183.33,178.51,181.34,181356.61659777
1734825600,2024-12-22T00:00:00+00:00,181.36,183.86,179.87,182.47,114138.86463344
1734840000,2024-12-22T04:00:00+00:00,182.44,184.68,177.77,184.16,135137.13090648002
1734854400,2024-12-22T08:00:00+00:00,184.17,186.88,183.57,186.59,77434.42501674
1734868800,2024-12-22T12:00:00+00:00,186.6,187.73,178.87,181.73,131233.45986872
1734883200,2024-12-22T16:00:00+00:00,181.73,183.9,177.7,178.34,120660.18235465
1734897600,2024-12-22T20:00:00+00:00,178.34,182.19,176.71,180.35,132317.27654318
1734912000,2024-12-23T00:00:00+00:00,180.33,187.21,176.33,186,239176.36122306003
1734926400,2024-12-23T04:00:00+00:00,186.04,187.51,179.73,182.07,130710.89750501
1734940800,2024-12-23T08:00:00+00:00,182.07,186.43,181.57,183.36,74281.42725939
1734955200,2024-12-23T12:00:00+00:00,183.36,185.44,180.5,180.66,130822.72627578999
1734969600,2024-12-23T16:00:00+00:00,180.64,189.45,180.5,187.19,220913.46081103
1734984000,2024-12-23T20:00:00+00:00,187.18,193.22,186.46,189.88,218114.9470275
1734998400,2024-12-24T00:00:00+00:00,189.88,190.15,185.86,189.73,108132.61279666
1735012800,2024-12-24T04:00:00+00:00,189.72,191.69,189.03,191.23,60016.6255373
1735027200,2024-12-24T08:00:00+00:00,191.22,193.69,190.25,192.65,60593.73649355
1735041600,2024-12-24T12:00:00+00:00,192.67,198.93,190.99,197.61,156511.87571774
1735056000,2024-12-24T16:00:00+00:00,197.62,198.5,195.02,195.14,156325.30127015998
1735070400,2024-12-24T20:00:00+00:00,195.18,197.91,193.09,196.95,91462.88711671
1735084800,2024-12-25T00:00:00+00:00,196.95,201.74,196.17,199.67,139261.39070328
1735099200,2024-12-25T04:00:00+00:00,199.71,200.41,197.57,197.97,59594.51005539
1735113600,2024-12-25T08:00:00+00:00,197.98,200.35,195,195.59,67530.68174598
1735128000,2024-12-25T12:00:00+00:00,195.64,199.29,194.9,198.09,52061.17478882
1735142400,2024-12-25T16:00:00+00:00,198.1,199.29,195.95,199.04,66382.84329421
1735156800,2024-12-25T20:00:00+00:00,199.08,199.93,195.27,197.31,74908.09525176001
1735171200,2024-12-26T00:00:00+00:00,197.33,199.59,195.55,196.45,113791.455641
1735185600,2024-12-26T04:00:00+00:00,196.44,196.44,193.16,193.28,114500.35823842001
1735200000,2024-12-26T08:00:00+00:00,193.28,193.71,188.01,189.57,94187.1468788
1735214400,2024-12-26T12:00:00+00:00,189.58,189.96,187.37,188.52,82925.83058485
1735228800,2024-12-26T16:00:00+00:00,188.51,190.91,187.21,189,99140.15095687
1735243200,2024-12-26T20:00:00+00:00,188.98,189.84,186.42,188.24,98361.29854227
1735257600,2024-12-27T00:00:00+00:00,188.21,190.11,187.05,189.22,69093.19635239
1735272000,2024-12-27T04:00:00+00:00,189.21,190.94,185.53,186.43,64303.51959772
1735286400,2024-12-27T08:00:00+00:00,186.42,194.12,186.4,191.11,108847.22585318
1735300800,2024-12-27T12:00:00+00:00,191.09,191.22,183.02,183.83,105086.34595039
1735315200,2024-12-27T16:00:00+00:00,183.84,187.07,182.51,186.61,131847.8062971
1735329600,2024-12-27T20:00:00+00:00,186.63,186.72,182.91,183.95,119441.54142207999
1735344000,2024-12-28T00:00:00+00:00,183.94,185.71,183.55,184.73,80249.09137016001
1735358400,2024-12-28T04:00:00+00:00,184.73,186,183.96,184.82,50966.53385036
1735372800,2024-12-28T08:00:00+00:00,184.81,187.05,184.68,186.85,44027.047526550006
1735387200,2024-12-28T12:00:00+00:00,186.84,190.95,186.19,189.87,94192.86091901001
1735401600,2024-12-28T16:00:00+00:00,189.87,194.98,189.3,193.42,132685.18891944
1735416000,2024-12-28T20:00:00+00:00,193.42,195.71,192.29,195.15,141968.18805353
1735430400,2024-12-29T00:00:00+00:00,195.16,195.38,192.08,194.46,131556.72484675
1735444800,2024-12-29T04:00:00+00:00,194.47,196.99,193.73,195.71,61911.05917446
1735459200,2024-12-29T08:00:00+00:00,195.71,196.97,194.59,195.81,41877.60748531
1735473600,2024-12-29T12:00:00+00:00,195.8,197.37,192.55,194.79,92465.80420149
1735488000,2024-12-29T16:00:00+00:00,194.79,195.17,191.78,192.32,87521.02589629
1735502400,2024-12-29T20:00:00+00:00,192.32,192.42,188.19,189.6,98574.73381472999
1735516800,2024-12-30T00:00:00+00:00,189.6,194.02,188.7,190.94,109141.23689858001
1735531200,2024-12-30T04:00:00+00:00,190.94,193.31,189.18,192.02,70737.97990934
1735545600,2024-12-30T08:00:00+00:00,192.02,193.76,191.15,193.15,56477.748209180005
1735560000,2024-12-30T12:00:00+00:00,193.15,194.52,185.54,186.95,158972.27019106
1735574400,2024-12-30T16:00:00+00:00,186.93,196.07,185.55,195.96,223989.64634809998
1735588800,2024-12-30T20:00:00+00:00,195.95,196.22,188.82,191.01,173340.99336993
1735603200,2024-12-31T00:00:00+00:00,191,191.69,188,189.61,101494.90626254
1735617600,2024-12-31T04:00:00+00:00,189.6,190.42,187.72,189.79,63860.72255302
1735632000,2024-12-31T08:00:00+00:00,189.77,194.63,189.71,193.5,89993.45968745
1735646400,2024-12-31T12:00:00+00:00,193.49,198.54,192.71,198.15,241599.18513516997
1735660800,2024-12-31T16:00:00+00:00,198.19,198.89,192.9,193.51,257500.20911718
1735675200,2024-12-31T20:00:00+00:00,193.51,194.48,188.03,188.82,171519.24933744
1735689600,2025-01-01T00:00:00+00:00,188.82,192.3,188.58,190.02,153211.88173643
1735704000,2025-01-01T04:00:00+00:00,190.02,190.42,188.9,189.67,120373.80704125999
1735718400,2025-01-01T08:00:00+00:00,189.67,191.46,187.6,190.99,78443.72401978
1735732800,2025-01-01T12:00:00+00:00,190.97,191.7,188.76,191.46,89556.7730056
1735747200,2025-01-01T16:00:00+00:00,191.46,193.5,188.8,192.7,142767.88203803002
1735761600,2025-01-01T20:00:00+00:00,192.7,194.99,192.7,193.84,126238.08064277998
1735776000,2025-01-02T00:00:00+00:00,193.84,199.27,193.04,198.16,204765.02699987998
1735790400,2025-01-02T04:00:00+00:00,198.15,206.6,198.15,205.61,208415.53812355
1735804800,2025-01-02T08:00:00+00:00,205.61,208.64,205.42,208.32,108863.11896612
1735819200,2025-01-02T12:00:00+00:00,208.3,210.23,205.25,206.54,193378.35315707
1735833600,2025-01-02T16:00:00+00:00,206.53,208.93,204.54,206.49,148748.80774511
1735848000,2025-01-02T20:00:00+00:00,206.52,208.39,205.02,208.09,100158.35701622
1735862400,2025-01-03T00:00:00+00:00,208.1,208.29,205.43,207.84,76366.90301244
1735876800,2025-01-03T04:00:00+00:00,207.85,209.78,206.78,207.79,92287.14902658001
1735891200,2025-01-03T08:00:00+00:00,207.82,214.94,207.43,214.33,106262.97607595
1735905600,2025-01-03T12:00:00+00:00,214.35,218.48,211.92,217.23,216029.64465659
1735920000,2025-01-03T16:00:00+00:00,217.25,219.69,216.27,217,193490.86682449002
1735934400,2025-01-03T20:00:00+00:00,217.01,217.93,215.67,217.93,82258.82607571
1735948800,2025-01-04T00:00:00+00:00,217.89,218,215.65,216.91,75298.61126509
1735963200,2025-01-04T04:00:00+00:00,216.9,217.92,215.51,216.66,70126.71326362
1735977600,2025-01-04T08:00:00+00:00,216.63,216.66,214.34,216.37,37992.13452649
1735992000,2025-01-04T12:00:00+00:00,216.37,217.59,213.52,214.29,74877.80954635
1736006400,2025-01-04T16:00:00+00:00,214.28,215.95,213.68,215.56,62401.766582899996
1736020800,2025-01-04T20:00:00+00:00,215.53,217.26,215.37,216.64,71196.00092933
1736035200,2025-01-05T00:00:00+00:00,216.64,218.83,215.23,217.92,85520.85387529999
1736049600,2025-01-05T04:00:00+00:00,217.93,219,215.91,216.43,51575.717039769996
1736064000,2025-01-05T08:00:00+00:00,216.43,216.55,212.73,213.87,59656.63069797999
1736078400,2025-01-05T12:00:00+00:00,213.87,214.56,211.55,213.54,73384.54638656
1736092800,2025-01-05T16:00:00+00:00,213.51,214.24,211.47,212.76,84560.33927415
1736107200,2025-01-05T20:00:00+00:00,212.74,214.53,212.52,213.35,61714.68831938
1736121600,2025-01-06T00:00:00+00:00,213.35,216.92,211.5,215.56,107149.15763598999
1736136000,2025-01-06T04:00:00+00:00,215.57,216.81,213.84,215.15,73375.42821573
1736150400,2025-01-06T08:00:00+00:00,215.13,216.19,213.18,216.17,42576.40039288
1736164800,2025-01-06T12:00:00+00:00,216.19,222.1,215.68,221.61,188299.28973953
1736179200,2025-01-06T16:00:00+00:00,221.64,223.18,217.38,220.11,167351.89026142
1736193600,2025-01-06T20:00:00+00:00,220.11,220.56,217.68,218.34,95398.19783602
1736208000,2025-01-07T00:00:00+00:00,218.33,219.23,216.29,217.37,72584.05868109
1736222400,2025-01-07T04:00:00+00:00,217.36,217.49,215.48,216.06,82384.11522087
1736236800,2025-01-07T08:00:00+00:00,216.06,216.8,212.91,214.05,66997.08627880001
1736251200,2025-01-07T12:00:00+00:00,214.05,214.35,205.31,207.68,218957.49751321
1736265600,2025-01-07T16:00:00+00:00,207.66,208.99,203.36,204.45,211070.27101571998
1736280000,2025-01-07T20:00:00+00:00,204.45,204.83,201.75,202.13,143112.90015828
1736294400,2025-01-08T00:00:00+00:00,202.13,203.23,196.64,198.65,223497.31156180997
1736308800,2025-01-08T04:00:00+00:00,198.64,199.53,193.12,195.67,171036.49208379
1736323200,2025-01-08T08:00:00+00:00,195.65,197.94,194.36,195.46,80703.42500781
1736337600,2025-01-08T12:00:00+00:00,195.47,199.53,194.82,197.74,162633.99672387
1736352000,2025-01-08T16:00:00+00:00,197.75,197.95,188.25,194.27,390163.45831793
1736366400,2025-01-08T20:00:00+00:00,194.26,198.26,193.62,197.42,112959.17534041
1736380800,2025-01-09T00:00:00+00:00,197.43,199,194.05,194.28,85728.53641916
1736395200,2025-01-09T04:00:00+00:00,194.24,195.45,189.69,189.99,69115.12953611
1736409600,2025-01-09T08:00:00+00:00,189.99,192.7,189.02,191.06,88033.98136656001
1736424000,2025-01-09T12:00:00+00:00,191.06,193.04,185,192.15,250098.59362118
1736438400,2025-01-09T16:00:00+00:00,192.15,192.79,185.69,185.84,193609.99990594
1736452800,2025-01-09T20:00:00+00:00,185.87,187.56,182.01,184.96,251066.86498019
1736467200,2025-01-10T00:00:00+00:00,184.96,189.55,184.94,189.13,98332.67213952
1736481600,2025-01-10T04:00:00+00:00,189.12,193.01,188.37,191.74,86677.59642394
1736496000,2025-01-10T08:00:00+00:00,191.76,192.88,191.14,191.97,63283.4395234
1736510400,2025-01-10T12:00:00+00:00,191.97,192.19,183.49,187.25,174042.82973403
1736524800,2025-01-10T16:00:00+00:00,187.25,192.08,183.76,190.22,291860.74169729993
1736539200,2025-01-10T20:00:00+00:00,190.21,190.5,186.53,187.63,161548.38118257
1736553600,2025-01-11T00:00:00+00:00,187.62,188.75,185.52,186.32,155251.59437995998
1736568000,2025-01-11T04:00:00+00:00,186.33,187.1,185.05,186.11,126262.9425643
1736582400,2025-01-11T08:00:00+00:00,186.12,186.78,184,186.55,129627.74777596
1736596800,2025-01-11T12:00:00+00:00,186.55,188.14,185.8,186.89,72825.66784649
1736611200,2025-01-11T16:00:00+00:00,186.89,187.88,185.57,187.61,67795.86697357
1736625600,2025-01-11T20:00:00+00:00,187.62,191.79,187.38,188.03,153664.5092924
1736640000,2025-01-12T00:00:00+00:00,188.03,188.5,186.45,187.17,66679.37375259
1736654400,2025-01-12T04:00:00+00:00,187.16,187.29,185.5,186.47,57907.41188664
1736668800,2025-01-12T08:00:00+00:00,186.46,186.86,185.07,186.58,46005.909965830004
1736683200,2025-01-12T12:00:00+00:00,186.58,190.91,186.05,190.4,54248.178705219994
1736697600,2025-01-12T16:00:00+00:00,190.4,190.64,188.56,188.8,83587.24983358
1736712000,2025-01-12T20:00:00+00:00,188.8,189.89,186.48,188.4,61141.87394802
1736726400,2025-01-13T00:00:00+00:00,188.4,191.85,184.02,184.97,186391.03890610998
1736740800,2025-01-13T04:00:00+00:00,184.96,186.85,181.3,182.3,100287.90980446
1736755200,2025-01-13T08:00:00+00:00,182.3,182.36,175,175.2,161246.29949999
1736769600,2025-01-13T12:00:00+00:00,175.2,180.31,169.22,178.71,396536.31659038004
1736784000,2025-01-13T16:00:00+00:00,178.76,179.76,174.34,177.45,213651.21151486
1736798400,2025-01-13T20:00:00+00:00,177.46,183.71,176.5,182.75,186692.33054892
1736812800,2025-01-14T00:00:00+00:00,182.76,184.51,181.77,184.16,107168.96783725
1736827200,2025-01-14T04:00:00+00:00,184.16,186.82,184.16,185.54,66109.13490595
1736841600,2025-01-14T08:00:00+00:00,185.53,190,185.53,186.97,119963.47501823
1736856000,2025-01-14T12:00:00+00:00,186.96,190.05,185.51,186.78,141027.93830186
1736870400,2025-01-14T16:00:00+00:00,186.77,187.81,185.67,186.94,204088.87953289002
1736884800,2025-01-14T20:00:00+00:00,186.97,188.76,185.68,187.49,83003.50613489
1736899200,2025-01-15T00:00:00+00:00,187.49,189.65,186.85,189.65,109946.16999398
1736913600,2025-01-15T04:00:00+00:00,189.65,190.74,188.28,189.91,78485.26758752001
1736928000,2025-01-15T08:00:00+00:00,189.91,190.63,185.76,186.93,58097.87989836
1736942400,2025-01-15T12:00:00+00:00,186.9,198.02,185.91,196.56,437204.21142449
1736956800,2025-01-15T16:00:00+00:00,196.57,202.4,196.5,201.92,362158.07000334
1736971200,2025-01-15T20:00:00+00:00,201.93,206.06,201.93,205.9,341129.00777547
1736985600,2025-01-16T00:00:00+00:00,205.9,206.31,201.21,201.94,156010.95762573002
1737000000,2025-01-16T04:00:00+00:00,201.93,203.44,201.43,203.09,57028.91911627
1737014400,2025-01-16T08:00:00+00:00,203.09,212.75,198.43,212.75,156437.76790876
1737028800,2025-01-16T12:00:00+00:00,212.68,217.07,205.2,209.01,424050.03555867996
1737043200,2025-01-16T16:00:00+00:00,209.01,215.42,208.73,214.17,395731.02769576
1737057600,2025-01-16T20:00:00+00:00,214.18,214.5,208.5,211.08,180247.76643619
1737072000,2025-01-17T00:00:00+00:00,211.13,215.25,209.82,211,250139.73369507998
1737086400,2025-01-17T04:00:00+00:00,211,213.82,210.9,213.29,99518.57976962
1737100800,2025-01-17T08:00:00+00:00,213.28,219.62,213.24,218.69,194512.3558117
1737115200,2025-01-17T12:00:00+00:00,218.68,222,216.46,218.7,371560.31689702003
1737129600,2025-01-17T16:00:00+00:00,218.67,221.98,215.72,217.34,306442.83128891996
1737144000,2025-01-17T20:00:00+00:00,217.34,221.27,216.6,219.56,173372.26069673
1737158400,2025-01-18T00:00:00+00:00,219.55,228.87,217.33,220.52,512904.0893619
1737172800,2025-01-18T04:00:00+00:00,220.46,238.37,219.55,232.8,1158611.9248898302
1737187200,2025-01-18T08:00:00+00:00,232.79,244.86,231,238.81,829528.11676601
1737201600,2025-01-18T12:00:00+00:00,238.82,259.97,238.79,257.64,947226.1111517401
1737216000,2025-01-18T16:00:00+00:00,257.51,270,242.36,255.16,1469964.78610046
1737230400,2025-01-18T20:00:00+00:00,255.16,264.77,246.9,261.99,598070.12530046
1737244800,2025-01-19T00:00:00+00:00,261.9,264.97,251.94,255.34,508941.91048425
1737259200,2025-01-19T04:00:00+00:00,255.34,277.71,253.88,271.1,1086791.31793036
1737273600,2025-01-19T08:00:00+00:00,271.02,295,266.16,285.84,1089416.8226843
1737288000,2025-01-19T12:00:00+00:00,285.74,289.22,263.24,270.83,968941.11677012
1737302400,2025-01-19T16:00:00+00:00,270.82,280,264.01,269.42,581071.03106324
1737316800,2025-01-19T20:00:00+00:00,269.42,280.43,237.12,252.34,1814891.85852236
1737331200,2025-01-20T00:00:00+00:00,252.33,252.5,229.19,241.38,1179028.13144224
1737345600,2025-01-20T04:00:00+00:00,241.38,264.88,238.94,262.32,635457.6237822
1737360000,2025-01-20T08:00:00+00:00,262.31,273.29,255.67,259.83,661463.0786121701
1737374400,2025-01-20T12:00:00+00:00,259.83,261.13,248.98,253.58,584233.28525483
1737388800,2025-01-20T16:00:00+00:00,253.67,256.38,234.26,245.99,827309.0307517699
1737403200,2025-01-20T20:00:00+00:00,245.99,250.46,241,241.65,456786.05332899
1737417600,2025-01-21T00:00:00+00:00,241.7,244.51,231.25,237.41,442024.30415179
1737432000,2025-01-21T04:00:00+00:00,237.41,238.56,230,236.33,287168.18700023
1737446400,2025-01-21T08:00:00+00:00,236.33,241.79,235.08,239.09,199647.89293626
1737460800,2025-01-21T12:00:00+00:00,239.1,244.54,235.49,240.59,318324.76120469003
1737475200,2025-01-21T16:00:00+00:00,240.58,260.24,239.46,253.33,543531.30135392
1737489600,2025-01-21T20:00:00+00:00,253.39,255.97,246.47,250.32,464353.93729364
1737504000,2025-01-22T00:00:00+00:00,250.33,258.19,248.36,254.17,463020.71759798
1737518400,2025-01-22T04:00:00+00:00,254.17,259.71,252.39,258.5,295846.47460931
1737532800,2025-01-22T08:00:00+00:00,258.49,258.9,252.21,257.71,138012.49578181998
1737547200,2025-01-22T12:00:00+00:00,257.73,264.89,254.38,257.32,418472.85462354997
1737561600,2025-01-22T16:00:00+00:00,257.33,266.45,253.25,265.21,383318.914078
1737576000,2025-01-22T20:00:00+00:00,265.23,271.96,255.35,257.23,670079.11780338
1737590400,2025-01-23T00:00:00+00:00,257.26,258.35,246.2,248.69,333147.44407016
1737604800,2025-01-23T04:00:00+00:00,248.68,250.54,244.91,249.38,180585.60118578
1737619200,2025-01-23T08:00:00+00:00,249.39,249.78,242.28,244.1,170778.31164711
1737633600,2025-01-23T12:00:00+00:00,244.11,254.73,241.98,249.36,445107.01762665005
1737648000,2025-01-23T16:00:00+00:00,249.42,256.39,245.32,246.92,352051.17132618
1737662400,2025-01-23T20:00:00+00:00,246.87,258.42,243.7,253.12,672648.18018494
1737676800,2025-01-24T00:00:00+00:00,253.17,256.43,247.23,252.2,283625.31200917
1737691200,2025-01-24T04:00:00+00:00,252.19,264.35,250.62,259.7,308534.79612841003
1737705600,2025-01-24T08:00:00+00:00,259.7,267.28,259.7,266.84,234594.54046565
1737720000,2025-01-24T12:00:00+00:00,266.85,270,260.84,262.32,343134.65994170995
1737734400,2025-01-24T16:00:00+00:00,262.33,265.58,260.55,262.14,300736.81844174
1737748800,2025-01-24T20:00:00+00:00,262.14,262.49,252.74,253.37,288919.74200204
1737763200,2025-01-25T00:00:00+00:00,253.35,253.68,248.01,252.71,261633.67491553
1737777600,2025-01-25T04:00:00+00:00,252.71,252.73,246.46,247.22,156920.63104605998
1737792000,2025-01-25T08:00:00+00:00,247.23,250.68,246.25,249.96,116523.9698332
1737806400,2025-01-25T12:00:00+00:00,249.96,254.63,248.22,253.67,155239.33927435
1737820800,2025-01-25T16:00:00+00:00,253.67,260.76,253.07,258.47,289464.72581696
1737835200,2025-01-25T20:00:00+00:00,258.45,259.73,255.53,256.36,171225.62285037
1737849600,2025-01-26T00:00:00+00:00,256.31,259.75,253.51,258.33,165587.72070073
1737864000,2025-01-26T04:00:00+00:00,258.33,259.96,257.31,258.9,122545.24120891
1737878400,2025-01-26T08:00:00+00:00,258.88,258.88,252.81,255.54,90400.17740069
1737892800,2025-01-26T12:00:00+00:00,255.52,257.5,253.03,254.52,160207.17432283002
1737907200,2025-01-26T16:00:00+00:00,254.52,257.5,253.8,256.24,125031.55413777998
1737921600,2025-01-26T20:00:00+00:00,256.23,256.58,240.1,240.39,380121.46250732
1737936000,2025-01-27T00:00:00+00:00,240.36,242.54,232.57,235.72,635067.6345333899
1737950400,2025-01-27T04:00:00+00:00,235.7,235.7,221.81,227.46,496780.65803929
1737964800,2025-01-27T08:00:00+00:00,227.41,228,220.82,225.71,264339.62002173
1737979200,2025-01-27T12:00:00+00:00,225.74,237.75,223.57,233.67,489243.38420419
1737993600,2025-01-27T16:00:00+00:00,233.68,235.95,223.84,226.44,455734.52968389005
1738008000,2025-01-27T20:00:00+00:00,226.44,237.83,226.39,234.87,274408.39167905
1738022400,2025-01-28T00:00:00+00:00,234.89,237.76,232.8,236.64,231913.17253377003
1738036800,2025-01-28T04:00:00+00:00,236.63,243.95,236.63,238.74,224494.8674407
1738051200,2025-01-28T08:00:00+00:00,238.79,239.73,235.45,238.25,135930.26929419
1738065600,2025-01-28T12:00:00+00:00,238.25,240.1,233.5,237.47,268419.05993087
1738080000,2025-01-28T16:00:00+00:00,237.47,237.75,230.27,232.11,285272.11327321996
1738094400,2025-01-28T20:00:00+00:00,232.11,232.58,224.93,226.89,415875.24605747
1738108800,2025-01-29T00:00:00+00:00,226.91,231.92,226.65,231.13,140909.40993359
1738123200,2025-01-29T04:00:00+00:00,231.11,234.71,229.73,234.3,155868.06924168998
1738137600,2025-01-29T08:00:00+00:00,234.3,235.78,230.08,231.86,78883.73938377999
1738152000,2025-01-29T12:00:00+00:00,231.86,231.93,226.01,228.37,264225.48632946
1738166400,2025-01-29T16:00:00+00:00,228.36,235.93,222.57,231.61,404245.49847366
1738180800,2025-01-29T20:00:00+00:00,231.64,238.44,227.57,228.16,415460.07566195
1738195200,2025-01-30T00:00:00+00:00,228.15,240.89,226.79,240.27,332647.65446004004
1738209600,2025-01-30T04:00:00+00:00,240.27,242,237.21,238.92,209770.18212800001
1738224000,2025-01-30T08:00:00+00:00,238.92,241.86,238.05,241.75,103393.16114159
1738238400,2025-01-30T12:00:00+00:00,241.75,244.7,239.07,241.17,331355.94935721
1738252800,2025-01-30T16:00:00+00:00,241.15,243.42,238.8,241.14,193327.8127674
1738267200,2025-01-30T20:00:00+00:00,241.13,242.25,238.27,238.32,159029.0298171
1738281600,2025-01-31T00:00:00+00:00,238.3,239.18,235.12,235.97,133441.0329762
1738296000,2025-01-31T04:00:00+00:00,235.97,238.37,235,235.73,103309.72785508001
1738310400,2025-01-31T08:00:00+00:00,235.73,239.03,234.23,238.74,80691.46621988999
1738324800,2025-01-31T12:00:00+00:00,238.78,241.82,236.07,240.18,259767.69536
1738339200,2025-01-31T16:00:00+00:00,240.13,240.26,230.06,230.42,276750.43809407
1738353600,2025-01-31T20:00:00+00:00,230.38,231.93,228.08,231.71,209619.36295321
1738368000,2025-02-01T00:00:00+00:00,231.69,234.12,230.58,231.43,108019.4210503
1738382400,2025-02-01T04:00:00+00:00,231.43,233.06,229.91,230.61,66548.28648539001
1738396800,2025-02-01T08:00:00+00:00,230.61,230.91,226.27,228.02,68052.34732706001
1738411200,2025-02-01T12:00:00+00:00,228.02,229.42,224.79,226.37,111240.82732849999
1738425600,2025-02-01T16:00:00+00:00,226.36,227.59,220.98,221.73,174209.1104436
1738440000,2025-02-01T20:00:00+00:00,221.74,221.74,212.67,212.94,365797.18554148
1738454400,2025-02-02T00:00:00+00:00,212.94,218.82,206.69,206.87,379837.83595626
1738468800,2025-02-02T04:00:00+00:00,206.96,214.03,206.31,211.72,228819.73702226
1738483200,2025-02-02T08:00:00+00:00,211.72,215.69,207.65,208.61,253360.04763294
1738497600,2025-02-02T12:00:00+00:00,208.58,214.18,208.13,211.99,231311.89363727
1738512000,2025-02-02T16:00:00+00:00,211.98,212.06,194.79,203.46,705070.8684375801
1738526400,2025-02-02T20:00:00+00:00,203.46,206.72,192.7,203.45,564213.91857134
1738540800,2025-02-03T00:00:00+00:00,203.49,203.84,176,198.04,1108187.57310976
1738555200,2025-02-03T04:00:00+00:00,198.08,200,189.34,199.29,326634.54701585
1738569600,2025-02-03T08:00:00+00:00,199.28,202.31,193.5,198.78,210517.01503792
1738584000,2025-02-03T12:00:00+00:00,198.78,210.35,190.01,207.41,837414.5127080301
1738598400,2025-02-03T16:00:00+00:00,207.37,215.65,203.93,215.57,513520.07991250994
1738612800,2025-02-03T20:00:00+00:00,215.52,218.97,210.09,216.48,406775.36445778003
1738627200,2025-02-04T00:00:00+00:00,216.48,220.14,214.06,215.67,247296.91953845002
1738641600,2025-02-04T04:00:00+00:00,215.67,216.27,202.08,204.4,375589.31036073
1738656000,2025-02-04T08:00:00+00:00,204.41,210.94,202.64,207.82,189219.49760029
1738670400,2025-02-04T12:00:00+00:00,207.85,216.87,207.85,215.81,267737.11042877
1738684800,2025-02-04T16:00:00+00:00,215.81,218.59,208.39,208.39,369089.89017441
1738699200,2025-02-04T20:00:00+00:00,208.45,210.53,202.53,206.7,414072.22225777
1738713600,2025-02-05T00:00:00+00:00,206.73,209.47,205.16,207.41,157887.35840123
1738728000,2025-02-05T04:00:00+00:00,207.4,208.38,203.56,205.17,107006.67601319001
1738742400,2025-02-05T08:00:00+00:00,205.15,207.01,203.01,206.38,79419.70159928
1738756800,2025-02-05T12:00:00+00:00,206.4,207.69,201.5,201.9,227310.30183038
1738771200,2025-02-05T16:00:00+00:00,201.86,202.21,196.39,199.62,293373.78481222
1738785600,2025-02-05T20:00:00+00:00,199.63,200.67,195.15,196.13,149818.46304145
1738800000,2025-02-06T00:00:00+00:00,196.13,201.28,195.95,200.69,146138.18717496
1738814400,2025-02-06T04:00:00+00:00,200.7,204,200.28,202.07,125987.86967249001
1738828800,2025-02-06T08:00:00+00:00,202.07,203.03,198.72,200.35,67078.44755940001
1738843200,2025-02-06T12:00:00+00:00,200.37,200.7,190.59,191.26,222892.58013532998
1738857600,2025-02-06T16:00:00+00:00,191.25,193.01,188.43,189.94,450902.49610327
1738872000,2025-02-06T20:00:00+00:00,189.92,194.72,187.5,189.57,267488.92411761
1738886400,2025-02-07T00:00:00+00:00,189.59,195.88,189.2,193.31,166121.00294463
1738900800,2025-02-07T04:00:00+00:00,193.3,195.46,189.19,192.56,130130.57628297
1738915200,2025-02-07T08:00:00+00:00,192.59,198.7,191.69,198.54,115079.40107790999
1738929600,2025-02-07T12:00:00+00:00,198.54,203.62,195.92,198.16,295858.08032258
1738944000,2025-02-07T16:00:00+00:00,198.2,199.28,194.75,195.46,305708.68366935
1738958400,2025-02-07T20:00:00+00:00,195.47,195.65,188.15,192.06,231944.99724623
1738972800,2025-02-08T00:00:00+00:00,192.04,194.29,191.44,193.03,152197.61924169998
1738987200,2025-02-08T04:00:00+00:00,193.04,193.35,189.76,192.8,105313.9889008
1739001600,2025-02-08T08:00:00+00:00,192.82,194.93,191.66,194.38,46866.329084970006
1739016000,2025-02-08T12:00:00+00:00,194.38,196.42,192.72,193.36,83837.54100047
1739030400,2025-02-08T16:00:00+00:00,193.38,198.43,193.19,196.94,174298.09912842998
1739044800,2025-02-08T20:00:00+00:00,196.94,200.97,196.79,199.41,179596.07416608
1739059200,2025-02-09T00:00:00+00:00,199.41,207.04,198.56,207.02,238870.95988872
1739073600,2025-02-09T04:00:00+00:00,207.02,207.43,203.94,204.1,239788.24877929
1739088000,2025-02-09T08:00:00+00:00,204.1,204.69,201.32,201.54,230167.46653069
1739102400,2025-02-09T12:00:00+00:00,201.54,202.92,196.55,200.79,265470.23736525
1739116800,2025-02-09T16:00:00+00:00,200.79,202.45,197.87,199.15,172136.41763391
1739131200,2025-02-09T20:00:00+00:00,199.14,200.99,193.55,200.51,204246.31722855
1739145600,2025-02-10T00:00:00+00:00,200.51,205.1,195.95,202.02,211904.43920178
1739160000,2025-02-10T04:00:00+00:00,202.02,204.63,199.97,202.8,110159.24954622
1739174400,2025-02-10T08:00:00+00:00,202.78,206,202.6,204.5,81598.21456327001
1739188800,2025-02-10T12:00:00+00:00,204.49,209.2,201.57,203.16,211610.968123
1739203200,2025-02-10T16:00:00+00:00,203.16,204.44,201.02,201.4,144083.5481939
1739217600,2025-02-10T20:00:00+00:00,201.4,202.8,199.24,200.53,103945.76185973
1739232000,2025-02-11T00:00:00+00:00,200.51,204.72,199.99,201.17,121502.27511679
1739246400,2025-02-11T04:00:00+00:00,201.15,206.22,201.04,204.44,134516.26054976002
1739260800,2025-02-11T08:00:00+00:00,204.44,205.94,201.3,203.43,93759.04690523999
1739275200,2025-02-11T12:00:00+00:00,203.43,203.43,197.87,199.48,119516.75361575001
1739289600,2025-02-11T16:00:00+00:00,199.46,200.14,195.06,195.61,206183.81596396
1739304000,2025-02-11T20:00:00+00:00,195.6,199.44,195.46,197.93,159938.71027587
1739318400,2025-02-12T00:00:00+00:00,197.94,198.5,193.7,194.25,166017.84092991
1739332800,2025-02-12T04:00:00+00:00,194.24,196.17,193.04,195.21,152092.13411421003
1739347200,2025-02-12T08:00:00+00:00,195.17,197.99,195.03,197.33,50974.37245024
1739361600,2025-02-12T12:00:00+00:00,197.36,198.58,188.42,191.99,372174.35946498
1739376000,2025-02-12T16:00:00+00:00,192.02,196.67,189.33,193.75,193850.72507715
1739390400,2025-02-12T20:00:00+00:00,193.72,198.47,193.01,196.8,234957.95137163
1739404800,2025-02-13T00:00:00+00:00,196.82,198.24,195.02,198.22,149691.21445652
1739419200,2025-02-13T04:00:00+00:00,198.21,198.49,192.76,193.11,113478.7858294
1739433600,2025-02-13T08:00:00+00:00,193.11,193.54,191.18,191.95,128646.65851825001
1739448000,2025-02-13T12:00:00+00:00,191.95,193.15,188.93,191.98,181117.16942986002
1739462400,2025-02-13T16:00:00+00:00,191.96,194.62,190.04,192.7,162036.89157598
1739476800,2025-02-13T20:00:00+00:00,192.69,195.5,192.59,194.29,191211.40807274
1739491200,2025-02-14T00:00:00+00:00,194.29,197.45,194.17,197.05,178249.28322004
1739505600,2025-02-14T04:00:00+00:00,197.04,197.39,194.78,196.63,122073.84758776
1739520000,2025-02-14T08:00:00+00:00,196.63,201.43,196.41,199.6,182481.458521
1739534400,2025-02-14T12:00:00+00:00,199.6,202.1,196.45,200.88,212714.43562055
1739548800,2025-02-14T16:00:00+00:00,200.89,205.37,198.89,201.63,315438.73795359995
1739563200,2025-02-14T20:00:00+00:00,201.63,202.31,198.12,199.43,176859.79996948
1739577600,2025-02-15T00:00:00+00:00,199.42,200.32,196.8,198.4,110768.63528786
1739592000,2025-02-15T04:00:00+00:00,198.37,198.87,195.26,195.9,91850.90510947
1739606400,2025-02-15T08:00:00+00:00,195.9,196.79,194,194.9,66138.23371252
1739620800,2025-02-15T12:00:00+00:00,194.9,196.09,193.35,194.69,120920.91630112
1739635200,2025-02-15T16:00:00+00:00,194.69,195.27,193.35,194.21,81331.70476664
1739649600,2025-02-15T20:00:00+00:00,194.21,195.1,192.64,194.53,100180.21999327
1739664000,2025-02-16T00:00:00+00:00,194.53,195.51,193.06,194.74,171744.81805597
1739678400,2025-02-16T04:00:00+00:00,194.74,196.25,192.32,192.96,85473.37203595001
1739692800,2025-02-16T08:00:00+00:00,192.95,194,192.25,193.75,33052.17611424001
1739707200,2025-02-16T12:00:00+00:00,193.77,193.84,189.28,190.35,139365.30292406998
1739721600,2025-02-16T16:00:00+00:00,190.36,191.34,187.64,189.26,150137.67123374
1739736000,2025-02-16T20:00:00+00:00,189.24,189.88,186.01,188.29,139064.32790531998
1739750400,2025-02-17T00:00:00+00:00,188.29,189.73,185.34,186.36,112711.85368950001
1739764800,2025-02-17T04:00:00+00:00,186.35,186.53,180.81,181.38,287596.04413235997
1739779200,2025-02-17T08:00:00+00:00,181.36,185.46,180.8,184.25,128420.22128634999
1739793600,2025-02-17T12:00:00+00:00,184.25,186.93,180,180.37,266960.42783874
1739808000,2025-02-17T16:00:00+00:00,180.36,181.34,174.71,177.09,491625.6304226
1739822400,2025-02-17T20:00:00+00:00,177.09,181.32,177.01,177.52,163429.39570177998
1739836800,2025-02-18T00:00:00+00:00,177.52,179.07,175.41,177.97,204751.06236811
1739851200,2025-02-18T04:00:00+00:00,177.97,177.98,163.88,165.68,531288.04361819
1739865600,2025-02-18T08:00:00+00:00,165.68,170.87,163.14,168.65,256141.95048948
1739880000,2025-02-18T12:00:00+00:00,168.64,171.46,164.29,165.9,390286.21553456
1739894400,2025-02-18T16:00:00+00:00,165.93,167.07,160.78,165.17,511289.43037336
1739908800,2025-02-18T20:00:00+00:00,165.19,170.52,163.82,169.2,332503.93526428
1739923200,2025-02-19T00:00:00+00:00,169.23,170.78,166.6,167.4,192070.26521653
1739937600,2025-02-19T04:00:00+00:00,167.4,169.77,163.67,168.89,165245.1975413
1739952000,2025-02-19T08:00:00+00:00,168.9,174.26,168.38,173.87,154750.36856719002
1739966400,2025-02-19T12:00:00+00:00,173.87,174.1,168.15,169.72,197580.36846472
1739980800,2025-02-19T16:00:00+00:00,169.7,173.4,168.14,168.66,224962.54846585
1739995200,2025-02-19T20:00:00+00:00,168.66,169.91,166.36,168.89,261576.13060830004
1740009600,2025-02-20T00:00:00+00:00,168.93,172.85,167.64,172.43,139324.01112211
1740024000,2025-02-20T04:00:00+00:00,172.43,174.97,170.85,171.78,129145.05469051
1740038400,2025-02-20T08:00:00+00:00,171.8,175.12,170.91,173.99,142948.52762329
1740052800,2025-02-20T12:00:00+00:00,173.99,176.7,171.24,171.61,241310.71373632998
1740067200,2025-02-20T16:00:00+00:00,171.61,175.48,171.25,175.04,132720.67623846
1740081600,2025-02-20T20:00:00+00:00,175.02,176.58,173.24,176.05,131558.69152501
1740096000,2025-02-21T00:00:00+00:00,176.05,176.52,173.01,173.32,84905.94393883001
1740110400,2025-02-21T04:00:00+00:00,173.32,176.85,173.3,175.89,79244.97984111999
1740124800,2025-02-21T08:00:00+00:00,175.89,180.25,175.87,177.22,116799.14897547
1740139200,2025-02-21T12:00:00+00:00,177.21,180.61,170.58,173.23,349216.23268732
1740153600,2025-02-21T16:00:00+00:00,173.18,175.7,168.2,168.37,363525.50378199003
1740168000,2025-02-21T20:00:00+00:00,168.37,169.89,166.99,168.82,177674.43702815002
1740182400,2025-02-22T00:00:00+00:00,168.82,172.79,167.98,170.32,124732.46227839001
1740196800,2025-02-22T04:00:00+00:00,170.32,172.78,170.07,171.71,78673.28014345
1740211200,2025-02-22T08:00:00+00:00,171.71,174.08,171.33,173.55,62363.811407650006
1740225600,2025-02-22T12:00:00+00:00,173.54,174.55,172.57,174.22,86713.94768812999
1740240000,2025-02-22T16:00:00+00:00,174.2,174.67,172.32,172.64,77387.5738955
1740254400,2025-02-22T20:00:00+00:00,172.63,173.7,171.89,172.08,55004.75101778
1740268800,2025-02-23T00:00:00+00:00,172.09,172.3,170.21,170.64,86534.47105566
1740283200,2025-02-23T04:00:00+00:00,170.64,173.1,170,172.87,40308.410206169996
1740297600,2025-02-23T08:00:00+00:00,172.89,172.92,169.53,169.65,40619.83029817
1740312000,2025-02-23T12:00:00+00:00,169.66,169.95,166.61,166.8,79621.41305968
1740326400,2025-02-23T16:00:00+00:00,166.8,168.74,166.79,167.71,86847.34592275
1740340800,2025-02-23T20:00:00+00:00,167.7,168.83,166.4,167.95,83338.53889232001
1740355200,2025-02-24T00:00:00+00:00,167.95,169.65,160.57,161,270964.99652571
1740369600,2025-02-24T04:00:00+00:00,161.02,161.76,157.2,161,262268.73830669996
1740384000,2025-02-24T08:00:00+00:00,161.01,161.11,155.34,159.33,181187.79626685
1740398400,2025-02-24T12:00:00+00:00,159.3,160.42,150.61,152.61,470712.98659118
1740412800,2025-02-24T16:00:00+00:00,152.66,155.17,147.91,150.1,461998.49870619003
1740427200,2025-02-24T20:00:00+00:00,150.1,152.63,137.77,141.79,761027.06587886
1740441600,2025-02-25T00:00:00+00:00,141.79,144.47,138.12,138.89,594182.89160554
1740456000,2025-02-25T04:00:00+00:00,138.95,141.78,133,136.24,474844.93458094995
1740470400,2025-02-25T08:00:00+00:00,136.23,141.32,131.89,141.22,353452.04426969
1740484800,2025-02-25T12:00:00+00:00,141.23,141.78,134.4,138.69,485083.13611104
1740499200,2025-02-25T16:00:00+00:00,138.72,145.4,137.79,145.26,538844.9561789001
1740513600,2025-02-25T20:00:00+00:00,145.24,146.95,143.09,144.16,292398.17779770005
1740528000,2025-02-26T00:00:00+00:00,144.17,144.99,141.45,143.13,221759.83409749996
1740542400,2025-02-26T04:00:00+00:00,143.14,144.5,139.37,140.06,221736.65482767997
1740556800,2025-02-26T08:00:00+00:00,140.06,142.08,137.9,138.01,197262.6279965
1740571200,2025-02-26T12:00:00+00:00,138.04,140.29,134.5,139.08,436451.55472656
1740585600,2025-02-26T16:00:00+00:00,139.08,139.6,130.43,131.77,726327.70759396
1740600000,2025-02-26T20:00:00+00:00,131.78,137.66,130.69,135.12,459192.56117628
1740614400,2025-02-27T00:00:00+00:00,135.14,138.95,134.77,138.4,232773.55828246003
1740628800,2025-02-27T04:00:00+00:00,138.42,142.73,136.91,140.84,210745.12916093002
1740643200,2025-02-27T08:00:00+00:00,140.87,142.33,139.13,140.36,145173.30117739
1740657600,2025-02-27T12:00:00+00:00,140.35,141.14,136.16,139.55,273679.28571054
1740672000,2025-02-27T16:00:00+00:00,139.54,140.04,135.48,136.08,328387.01086448
1740686400,2025-02-27T20:00:00+00:00,136.1,137.99,134.52,137.54,339900.3509946
1740700800,2025-02-28T00:00:00+00:00,137.55,137.83,127.01,127.43,546682.72246205
1740715200,2025-02-28T04:00:00+00:00,127.47,129.4,125.36,128.37,405777.75709338
1740729600,2025-02-28T08:00:00+00:00,128.36,134.61,127.75,133.42,188707.19667255
1740744000,2025-02-28T12:00:00+00:00,133.42,147.95,132.85,145.65,635490.40667134
1740758400,2025-02-28T16:00:00+00:00,145.64,147.24,143.69,146.29,363475.84475946
1740772800,2025-02-28T20:00:00+00:00,146.27,148.61,144.55,148.09,250392.37617578
1740787200,2025-03-01T00:00:00+00:00,148.09,151.1,145.48,145.67,237578.25903649998
1740801600,2025-03-01T04:00:00+00:00,145.64,147.14,142.12,142.42,195525.03890070002
1740816000,2025-03-01T08:00:00+00:00,142.42,144.19,139.49,140.3,110193.06797578999
1740830400,2025-03-01T12:00:00+00:00,140.29,141.63,138.49,140.33,212194.63021436002
1740844800,2025-03-01T16:00:00+00:00,140.33,141.42,138.75,140.47,157138.89787096
1740859200,2025-03-01T20:00:00+00:00,140.47,143.79,139.8,143.59,169977.71482313
1740873600,2025-03-02T00:00:00+00:00,143.63,145.9,142.75,143.78,186388.79127562
1740888000,2025-03-02T04:00:00+00:00,143.78,145.08,142.17,143.71,118421.82026453002
1740902400,2025-03-02T08:00:00+00:00,143.69,144.79,142.4,143.44,76622.31847302002
1740916800,2025-03-02T12:00:00+00:00,143.44,163.88,139.98,157.5,827249.6281382199
1740931200,2025-03-02T16:00:00+00:00,157.58,180,157.54,172.2,2054923.61553414
1740945600,2025-03-02T20:00:00+00:00,172.14,179.27,171.68,178.72,648510.0811458
1740960000,2025-03-03T00:00:00+00:00,178.72,179.45,168.05,169.84,544880.98501741
1740974400,2025-03-03T04:00:00+00:00,169.84,170.46,159.77,162.24,352689.51105284
1740988800,2025-03-03T08:00:00+00:00,162.22,163.31,156.74,161.03,242904.36711566997
1741003200,2025-03-03T12:00:00+00:00,161.02,167.09,154.04,157.65,669725.97964128
1741017600,2025-03-03T16:00:00+00:00,157.68,159.53,140,141.74,1107074.4916610098
1741032000,2025-03-03T20:00:00+00:00,141.73,144.84,139.01,142.05,512369.49603875
1741046400,2025-03-04T00:00:00+00:00,142.05,144.97,132.34,136.32,545201.29052149
1741060800,2025-03-04T04:00:00+00:00,136.35,139.49,135.58,135.94,184353.03890559002
1741075200,2025-03-04T08:00:00+00:00,135.94,138.46,134.56,136.91,147859.88346634
1741089600,2025-03-04T12:00:00+00:00,136.91,143.19,132.39,138.49,637941.4060618
1741104000,2025-03-04T16:00:00+00:00,138.49,144.74,130.66,143.15,700950.4871154401
1741118400,2025-03-04T20:00:00+00:00,143.15,146.92,141.56,144.78,520322.91872823006
1741132800,2025-03-05T00:00:00+00:00,144.75,145.47,141.69,141.75,328030.60122388
1741147200,2025-03-05T04:00:00+00:00,141.79,144.04,140.77,142.85,161179.62389362
1741161600,2025-03-05T08:00:00+00:00,142.86,149.72,142.72,147.13,181870.59977484
1741176000,2025-03-05T12:00:00+00:00,147.14,149.25,140.3,141.65,481814.56289934996
1741190400,2025-03-05T16:00:00+00:00,141.62,146.41,140.18,144.76,318080.66717183
1741204800,2025-03-05T20:00:00+00:00,144.77,146.81,143.93,146.31,192536.21226546
1741219200,2025-03-06T00:00:00+00:00,146.29,150.64,144.54,148.75,279488.19458285
1741233600,2025-03-06T04:00:00+00:00,148.73,150.64,147.65,148.63,177359.74229576
1741248000,2025-03-06T08:00:00+00:00,148.62,152.9,148.33,151.71,154903.1544007
1741262400,2025-03-06T12:00:00+00:00,151.71,151.87,145.09,149.05,368777.78421435005
1741276800,2025-03-06T16:00:00+00:00,149.05,149.41,142.42,143.59,237179.27044013
1741291200,2025-03-06T20:00:00+00:00,143.56,145.88,143.18,143.29,203552.68080477003
1741305600,2025-03-07T00:00:00+00:00,143.3,145.55,135.02,140.78,436930.60398723
1741320000,2025-03-07T04:00:00+00:00,140.79,144.6,140.59,144.33,108957.25031875001
1741334400,2025-03-07T08:00:00+00:00,144.32,146.2,142.62,143.58,120291.38820559999
1741348800,2025-03-07T12:00:00+00:00,143.57,148.11,141.73,144.87,284449.16768765
1741363200,2025-03-07T16:00:00+00:00,144.85,150.82,141.22,146.29,473787.64797253
1741377600,2025-03-07T20:00:00+00:00,146.28,147.6,137.4,139.33,491012.72022334003
1741392000,2025-03-08T00:00:00+00:00,139.31,141,137.72,139.63,115333.60855569
1741406400,2025-03-08T04:00:00+00:00,139.61,140.97,138.29,138.77,56961.30523555
1741420800,2025-03-08T08:00:00+00:00,138.72,139.17,136.63,137.52,45958.873194499996
1741435200,2025-03-08T12:00:00+00:00,137.53,138.69,136.08,137.14,90548.70949013
1741449600,2025-03-08T16:00:00+00:00,137.16,138.83,135.22,138.4,128669.39543905
1741464000,2025-03-08T20:00:00+00:00,138.4,138.57,136.32,136.95,74602.97807096
1741478400,2025-03-09T00:00:00+00:00,136.97,138.49,136.49,137.89,67403.19144553
1741492800,2025-03-09T04:00:00+00:00,137.89,139.82,137.65,139.59,74333.96479003
1741507200,2025-03-09T08:00:00+00:00,139.58,139.73,135.62,136.29,96526.10131661
1741521600,2025-03-09T12:00:00+00:00,136.29,136.4,129.84,130.14,293293.07125162997
1741536000,2025-03-09T16:00:00+00:00,130.13,131.51,125.8,129.18,309302.16885733
1741550400,2025-03-09T20:00:00+00:00,129.16,130.56,124.7,126.45,443427.43336893
1741564800,2025-03-10T00:00:00+00:00,126.48,129.15,124.12,126.59,250262.43919725998
1741579200,2025-03-10T04:00:00+00:00,126.59,129.18,126.46,128.09,82287.88283843
1741593600,2025-03-10T08:00:00+00:00,128.09,131.52,125.93,129.85,129951.78188927
1741608000,2025-03-10T12:00:00+00:00,129.94,130.89,120.15,121.89,722423.40036754
1741622400,2025-03-10T16:00:00+00:00,121.9,122.31,115.4,119.58,777435.5932921399
1741636800,2025-03-10T20:00:00+00:00,119.61,120.16,117.45,118.24,275972.93631769
1741651200,2025-03-11T00:00:00+00:00,118.25,121.83,112,119.92,649368.6338345001
1741665600,2025-03-11T04:00:00+00:00,119.91,123.97,119.71,123.03,174683.02064432
1741680000,2025-03-11T08:00:00+00:00,123.03,125.8,122.93,124.69,178780.76591082
1741694400,2025-03-11T12:00:00+00:00,124.68,126.17,118.51,124.94,528795.21479166
1741708800,2025-03-11T16:00:00+00:00,124.96,128.41,122.75,128.1,468134.51681247004
1741723200,2025-03-11T20:00:00+00:00,128.1,128.21,125.06,125.34,213307.06532816
1741737600,2025-03-12T00:00:00+00:00,125.32,127.07,122.47,122.51,189867.8176808
1741752000,2025-03-12T04:00:00+00:00,122.53,123.46,121.2,123.14,144547.59855383
1741766400,2025-03-12T08:00:00+00:00,123.14,126.79,122.85,126.73,137819.74152294
1741780800,2025-03-12T12:00:00+00:00,126.73,131.62,123.02,124.52,499088.68828893
1741795200,2025-03-12T16:00:00+00:00,124.51,126.28,123.28,125.01,323453.51598806
1741809600,2025-03-12T20:00:00+00:00,125,127.06,123.94,126.6,187669.61742603
1741824000,2025-03-13T00:00:00+00:00,126.59,127.39,124.68,124.97,150999.32866698998
1741838400,2025-03-13T04:00:00+00:00,124.95,125.33,123.03,124.27,92844.59890966001
1741852800,2025-03-13T08:00:00+00:00,124.26,128,123.64,126.83,138720.38189755
1741867200,2025-03-13T12:00:00+00:00,126.83,128.75,123.57,124.31,301360.93851838005
1741881600,2025-03-13T16:00:00+00:00,124.31,124.37,120.95,121.39,242718.99751103998
1741896000,2025-03-13T20:00:00+00:00,121.39,124.31,120.69,123.3,146631.98650285
1741910400,2025-03-14T00:00:00+00:00,123.33,125.42,122.92,124.45,157321.30503664
1741924800,2025-03-14T04:00:00+00:00,124.44,125.57,124.38,124.68,63905.794271369996
1741939200,2025-03-14T08:00:00+00:00,124.67,126.56,124.6,126.14,64052.59829723
1741953600,2025-03-14T12:00:00+00:00,126.14,133.66,125.44,132.12,507079.23155862
1741968000,2025-03-14T16:00:00+00:00,132.12,134.71,130.88,134.29,278566.74701992003
1741982400,2025-03-14T20:00:00+00:00,134.29,136.09,132.36,133.55,231256.69015647
1741996800,2025-03-15T00:00:00+00:00,133.52,135.29,132.91,135.02,107155.48856113001
1742011200,2025-03-15T04:00:00+00:00,135.04,135.38,132.69,132.95,110813.68128269
1742025600,2025-03-15T08:00:00+00:00,132.94,133.7,132.45,133.39,57724.10332169
1742040000,2025-03-15T12:00:00+00:00,133.38,135.84,133.13,135.12,87892.54934774
1742054400,2025-03-15T16:00:00+00:00,135.13,136.55,133.58,134.51,115895.25260941
1742068800,2025-03-15T20:00:00+00:00,134.51,136.56,134.39,135.91,101448.50354919
1742083200,2025-03-16T00:00:00+00:00,135.88,136.71,134.15,135.51,118323.46511888
1742097600,2025-03-16T04:00:00+00:00,135.5,136.24,133.83,134.67,94129.62739124
1742112000,2025-03-16T08:00:00+00:00,134.65,134.98,129.64,129.9,157985.08026172
1742126400,2025-03-16T12:00:00+00:00,129.92,130.84,127.44,128.8,180003.5424911
1742140800,2025-03-16T16:00:00+00:00,128.77,131.24,126.09,126.92,233749.03829777997
1742155200,2025-03-16T20:00:00+00:00,126.92,127.74,125.17,126.1,193865.14900672002
1742169600,2025-03-17T00:00:00+00:00,126.09,129.24,125.87,128.97,211196.85609155
1742184000,2025-03-17T04:00:00+00:00,128.96,129.49,126.52,129.21,107116.58477315001
1742198400,2025-03-17T08:00:00+00:00,129.25,129.6,128.41,129.17,70371.82095074
1742212800,2025-03-17T12:00:00+00:00,129.17,130.09,125.53,127.51,289314.23438153
1742227200,2025-03-17T16:00:00+00:00,127.51,130.65,126.64,129.84,241988.38111507002
1742241600,2025-03-17T20:00:00+00:00,129.85,129.94,127.75,128.03,105043.81722266
1742256000,2025-03-18T00:00:00+00:00,128.03,128.21,123.57,124.16,241517.04548479998
1742270400,2025-03-18T04:00:00+00:00,124.14,125.24,123.26,125.19,160385.91074197
1742284800,2025-03-18T08:00:00+00:00,125.18,125.98,123.18,123.52,149466.89200326
1742299200,2025-03-18T12:00:00+00:00,123.51,123.79,121.69,122.55,197577.74649252
1742313600,2025-03-18T16:00:00+00:00,122.55,124.49,122.44,124.18,141838.48140828
1742328000,2025-03-18T20:00:00+00:00,124.18,125.69,123.47,125.29,84746.69452287
1742342400,2025-03-19T00:00:00+00:00,125.31,126.68,124.19,126.46,106592.01031491
1742356800,2025-03-19T04:00:00+00:00,126.45,126.86,125.36,125.7,89728.59901143
1742371200,2025-03-19T08:00:00+00:00,125.71,129.5,125.7,128.67,123644.88817716
1742385600,2025-03-19T12:00:00+00:00,128.67,132.76,126.94,132.34,377285.92244631005
1742400000,2025-03-19T16:00:00+00:00,132.33,134.35,128.18,133.08,407935.09322425
1742414400,2025-03-19T20:00:00+00:00,133.08,136.13,133.02,135.39,236782.25544424003
1742428800,2025-03-20T00:00:00+00:00,135.38,136.18,132.87,133.94,170454.52845773002
1742443200,2025-03-20T04:00:00+00:00,133.94,134.97,132.81,134.04,95738.42210849999
1742457600,2025-03-20T08:00:00+00:00,134.04,134.59,130.3,130.6,139035.03594173997
1742472000,2025-03-20T12:00:00+00:00,130.61,132.23,128.4,128.89,307292.70619173
1742486400,2025-03-20T16:00:00+00:00,128.87,129.32,126.6,127.89,204600.91261166
1742500800,2025-03-20T20:00:00+00:00,127.87,128.43,127.14,127.5,92648.31725028
1742515200,2025-03-21T00:00:00+00:00,127.51,129,127.26,127.89,96594.00677060001
1742529600,2025-03-21T04:00:00+00:00,127.91,128.73,127.36,127.99,64869.03060273
1742544000,2025-03-21T08:00:00+00:00,128,129.03,125.69,126.36,120406.12662431001
1742558400,2025-03-21T12:00:00+00:00,126.35,127.71,125.34,125.92,194965.53414443997
1742572800,2025-03-21T16:00:00+00:00,125.91,129.63,124.81,128.2,240362.12220764
1742587200,2025-03-21T20:00:00+00:00,128.2,130.14,127.52,128.44,168393.50953172002
1742601600,2025-03-22T00:00:00+00:00,128.42,129.33,127.76,128.84,71835.661372
1742616000,2025-03-22T04:00:00+00:00,128.84,129.7,128.48,128.77,37389.67324384
1742630400,2025-03-22T08:00:00+00:00,128.79,131.8,128.72,130.31,113206.09783310999
1742644800,2025-03-22T12:00:00+00:00,130.31,130.51,128.62,129.21,81630.76925140999
1742659200,2025-03-22T16:00:00+00:00,129.22,130.27,128.9,129.95,70175.01729671
1742673600,2025-03-22T20:00:00+00:00,129.96,130.04,128.07,128.47,90070.9744719
1742688000,2025-03-23T00:00:00+00:00,128.47,130.82,128.2,130.81,72529.85830828
1742702400,2025-03-23T04:00:00+00:00,130.81,131.49,129.71,131.15,43008.57340224
1742716800,2025-03-23T08:00:00+00:00,131.14,134.05,130.93,133.07,124864.81117097999
1742731200,2025-03-23T12:00:00+00:00,133.07,133.8,132.23,132.5,148852.63272381
1742745600,2025-03-23T16:00:00+00:00,132.49,132.72,130.32,130.52,106678.29070313001
1742760000,2025-03-23T20:00:00+00:00,130.52,132.87,130.17,132.85,117254.68056677999
1742774400,2025-03-24T00:00:00+00:00,132.85,138.46,132.06,138.16,362033.46059678
1742788800,2025-03-24T04:00:00+00:00,138.16,139.35,137.76,138.9,225465.44584724
1742803200,2025-03-24T08:00:00+00:00,138.91,144.13,138.63,143.42,408956.65812300995
1742817600,2025-03-24T12:00:00+00:00,143.43,145.2,142.31,143.29,532667.35391332
1742832000,2025-03-24T16:00:00+00:00,143.3,143.49,141.3,142.79,209533.28894731
1742846400,2025-03-24T20:00:00+00:00,142.79,143.66,139.65,141,193948.02142412
1742860800,2025-03-25T00:00:00+00:00,141.02,142.32,138.21,138.63,146118.88547427
1742875200,2025-03-25T04:00:00+00:00,138.61,140.36,138.16,139.48,108229.63125807
1742889600,2025-03-25T08:00:00+00:00,139.48,143.42,139.45,142.21,134635.30676365
1742904000,2025-03-25T12:00:00+00:00,142.15,147.6,141.14,145.3,508764.98278016003
1742918400,2025-03-25T16:00:00+00:00,145.32,146.28,143.67,145.06,281214.20297845
1742932800,2025-03-25T20:00:00+00:00,145.05,146.13,142.51,143.69,243878.55255444
1742947200,2025-03-26T00:00:00+00:00,143.68,144.63,141.51,141.87,165908.31203799997
1742961600,2025-03-26T04:00:00+00:00,141.87,144.9,141.65,144.56,118761.39480154001
1742976000,2025-03-26T08:00:00+00:00,144.55,145.55,143.85,144.66,85426.31258823
1742990400,2025-03-26T12:00:00+00:00,144.67,145.12,138.94,139.36,321355.47737811
1743004800,2025-03-26T16:00:00+00:00,139.33,140.25,136.2,137.48,218910.11263732
1743019200,2025-03-26T20:00:00+00:00,137.45,138.53,135.9,137.38,169672.6649087
1743033600,2025-03-27T00:00:00+00:00,137.38,140.25,136.82,139.95,171075.41627899
1743048000,2025-03-27T04:00:00+00:00,139.96,140.11,137.89,138.9,110219.41691388
1743062400,2025-03-27T08:00:00+00:00,138.9,139.28,137.14,137.43,134431.31565653
1743076800,2025-03-27T12:00:00+00:00,137.41,139.8,135.64,137.76,230769.36851298
1743091200,2025-03-27T16:00:00+00:00,137.76,139.74,137.34,139.06,159898.13706563
1743105600,2025-03-27T20:00:00+00:00,139.08,139.94,138.05,138.4,88466.72350227
1743120000,2025-03-28T00:00:00+00:00,138.39,139.02,136.1,136.77,169896.36288946998
1743134400,2025-03-28T04:00:00+00:00,136.77,137.28,131.32,131.58,217285.93060874002
1743148800,2025-03-28T08:00:00+00:00,131.56,132.6,130.32,131.89,195814.82093817997
1743163200,2025-03-28T12:00:00+00:00,131.88,132.39,129.08,129.87,308081.72651053
1743177600,2025-03-28T16:00:00+00:00,129.87,130.22,128.94,129.33,171814.57469900002
1743192000,2025-03-28T20:00:00+00:00,129.32,130.35,127.67,129.44,146200.51860533
1743206400,2025-03-29T00:00:00+00:00,129.44,130.49,126.53,128.77,139444.16614469
1743220800,2025-03-29T04:00:00+00:00,128.76,129.07,125.42,126.35,96541.77052492001
1743235200,2025-03-29T08:00:00+00:00,126.34,127.05,124.29,125.22,109664.20703237
1743249600,2025-03-29T12:00:00+00:00,125.23,126.77,124.94,126.28,101564.84159935999
1743264000,2025-03-29T16:00:00+00:00,126.27,126.73,123.6,125.22,143913.77564785
1743278400,2025-03-29T20:00:00+00:00,125.24,125.38,122.68,124.54,125344.17005096999
1743292800,2025-03-30T00:00:00+00:00,124.54,126.6,123.46,125.7,122454.13196177999
1743307200,2025-03-30T04:00:00+00:00,125.7,126.52,125.11,125.47,72826.19027143
1743321600,2025-03-30T08:00:00+00:00,125.46,126.38,124.63,125.1,68629.26998837
1743336000,2025-03-30T12:00:00+00:00,125.1,125.56,123.18,124.9,120300.69073819
1743350400,2025-03-30T16:00:00+00:00,124.9,127.02,122.99,125.81,152245.57313549
1743364800,2025-03-30T20:00:00+00:00,125.81,126.34,123.11,124.8,104792.47764991001
1743379200,2025-03-31T00:00:00+00:00,124.81,127.59,122.72,124.55,213976.75252936
1743393600,2025-03-31T04:00:00+00:00,124.57,127,124.31,125.84,144494.71313649
1743408000,2025-03-31T08:00:00+00:00,125.85,126.66,123.03,124.27,145079.2598891
1743422400,2025-03-31T12:00:00+00:00,124.27,127.82,123.23,126.76,299669.27627136
1743436800,2025-03-31T16:00:00+00:00,126.76,127.36,123.83,125.23,191750.8752503
1743451200,2025-03-31T20:00:00+00:00,125.23,126.25,124.48,124.54,179909.11426892
1743465600,2025-04-01T00:00:00+00:00,124.51,126.71,123.74,126.02,169168.20572434
1743480000,2025-04-01T04:00:00+00:00,126.03,126.84,125.57,126.68,101645.85321470999
1743494400,2025-04-01T08:00:00+00:00,126.66,129.98,126.66,127.58,236143.55673693
1743508800,2025-04-01T12:00:00+00:00,127.6,130.44,124.66,129.27,361539.32217417005
1743523200,2025-04-01T16:00:00+00:00,129.26,129.62,125.52,126.82,205368.85074090998
1743537600,2025-04-01T20:00:00+00:00,126.8,127.53,125.24,126.69,131663.21573354
1743552000,2025-04-02T00:00:00+00:00,126.69,126.95,124.04,124.34,204983.57184415997
1743566400,2025-04-02T04:00:00+00:00,124.32,125,123.47,124.53,125832.24908087
1743580800,2025-04-02T08:00:00+00:00,124.52,126.72,124.29,125.68,135528.56901853002
1743595200,2025-04-02T12:00:00+00:00,125.68,131.05,125.1,130.41,534539.13315415
1743609600,2025-04-02T16:00:00+00:00,130.43,131.78,129.15,131.41,277675.65740381
1743624000,2025-04-02T20:00:00+00:00,131.42,136.18,117.23,117.4,1289203.26920435
1743638400,2025-04-03T00:00:00+00:00,117.41,120.94,116.18,119.82,416970.36714226
1743652800,2025-04-03T04:00:00+00:00,119.83,120.86,117.92,118.62,268419.28189149
1743667200,2025-04-03T08:00:00+00:00,118.62,119.26,115.14,115.72,378746.4856944
1743681600,2025-04-03T12:00:00+00:00,115.71,116,112.22,114.14,709597.9300777799
1743696000,2025-04-03T16:00:00+00:00,114.15,115.96,113.23,115.37,337349.70337184996
1743710400,2025-04-03T20:00:00+00:00,115.35,117.4,115.05,117.12,193416.939387
1743724800,2025-04-04T00:00:00+00:00,117.14,117.4,114.58,115.36,185465.18349418003
1743739200,2025-04-04T04:00:00+00:00,115.35,118.35,114.68,118.14,196465.18937207997
1743753600,2025-04-04T08:00:00+00:00,118.15,119.92,113.26,114.52,347306.86413547
1743768000,2025-04-04T12:00:00+00:00,114.5,121.01,113.94,118.56,777095.4264493501
1743782400,2025-04-04T16:00:00+00:00,118.55,124.81,118.16,122.54,679046.7068392801
1743796800,2025-04-04T20:00:00+00:00,122.55,124,121.66,122.74,196762.30997861002
1743811200,2025-04-05T00:00:00+00:00,122.74,122.81,120.58,120.69,165567.13583325
1743825600,2025-04-05T04:00:00+00:00,120.68,121.28,120.16,121.03,70988.39139707001
1743840000,2025-04-05T08:00:00+00:00,121.04,121.93,119.79,120.25,78874.92878085
1743854400,2025-04-05T12:00:00+00:00,120.25,120.29,115.81,117.5,271039.21845323
1743868800,2025-04-05T16:00:00+00:00,117.5,119.29,117.46,118.56,97257.20919043999
1743883200,2025-04-05T20:00:00+00:00,118.55,120.5,118.34,120.25,135382.48000271
1743897600,2025-04-06T00:00:00+00:00,120.25,121.05,119.36,119.92,121519.27978408
1743912000,2025-04-06T04:00:00+00:00,119.94,120.55,118.76,119.16,103224.81826020002
1743926400,2025-04-06T08:00:00+00:00,119.15,120.11,118.11,118.53,82056.76767885
1743940800,2025-04-06T12:00:00+00:00,118.53,118.79,114.23,114.93,297174.62194369
1743955200,2025-04-06T16:00:00+00:00,114.92,115.24,106.23,108.03,849112.04194279
1743969600,2025-04-06T20:00:00+00:00,108.03,108.51,103.71,105.82,698078.67935265
1743984000,2025-04-07T00:00:00+00:00,105.81,107.75,102.17,103.18,564627.51026744
1743998400,2025-04-07T04:00:00+00:00,103.19,103.69,95.16,97.03,871338.92234227
1744012800,2025-04-07T08:00:00+00:00,97.04,102.56,96.84,100.22,725630.70360281
1744027200,2025-04-07T12:00:00+00:00,100.23,113.05,99.69,106.62,1774607.2442983
1744041600,2025-04-07T16:00:00+00:00,106.6,107.94,103.52,105.66,866062.58802776
1744056000,2025-04-07T20:00:00+00:00,105.7,109.28,105.68,106.94,318088.1802959
1744070400,2025-04-08T00:00:00+00:00,106.93,112.57,106.63,111.29,513623.4940691601
1744084800,2025-04-08T04:00:00+00:00,111.28,112.16,107.94,108.67,252696.24049653
1744099200,2025-04-08T08:00:00+00:00,108.66,111.81,107.13,111.55,268486.48799746
1744113600,2025-04-08T12:00:00+00:00,111.55,112.16,106.64,107.16,656057.8059405999
1744128000,2025-04-08T16:00:00+00:00,107.15,107.26,102.86,103.92,668008.6247623899
1744142400,2025-04-08T20:00:00+00:00,103.94,106.44,103.55,105.35,625960.44301671
1744156800,2025-04-09T00:00:00+00:00,105.36,106.51,101.16,103.07,642852.94824865
1744171200,2025-04-09T04:00:00+00:00,103.04,107.76,102.93,107.33,558218.323416
1744185600,2025-04-09T08:00:00+00:00,107.32,108.21,102.69,103.37,356748.34345652
1744200000,2025-04-09T12:00:00+00:00,103.35,107.34,102.25,106.46,365340.51471768995
1744214400,2025-04-09T16:00:00+00:00,106.46,121.29,106.15,118.88,1060270.93627356
1744228800,2025-04-09T20:00:00+00:00,118.86,120.5,118.07,119.04,306959.95385885
1744243200,2025-04-10T00:00:00+00:00,119.02,119.29,114.47,115.47,257347.54911532
1744257600,2025-04-10T04:00:00+00:00,115.45,116.94,114.07,114.74,164784.55366793
1744272000,2025-04-10T08:00:00+00:00,114.76,115.21,113.37,113.91,96763.61056856
1744286400,2025-04-10T12:00:00+00:00,113.89,115.69,109.31,109.5,577694.55941707
1744300800,2025-04-10T16:00:00+00:00,109.49,111.84,108.31,111.29,674943.64400827
1744315200,2025-04-10T20:00:00+00:00,111.28,113.34,111.21,112.75,228908.5247684
1744329600,2025-04-11T00:00:00+00:00,112.73,115.84,112.07,115.34,240659.23233427
1744344000,2025-04-11T04:00:00+00:00,115.34,117.67,114.9,116.55,128428.27090953
1744358400,2025-04-11T08:00:00+00:00,116.56,119.35,115.83,117.94,248752.01015668
1744372800,2025-04-11T12:00:00+00:00,117.95,121.5,117.51,119.84,586868.24231349
1744387200,2025-04-11T16:00:00+00:00,119.85,122.07,118.6,120.86,372384.13916178
1744401600,2025-04-11T20:00:00+00:00,120.84,122.66,119.94,121.36,234205.44583819
1744416000,2025-04-12T00:00:00+00:00,121.36,122.18,119.36,120.12,155309.02319023001
1744430400,2025-04-12T04:00:00+00:00,120.12,124.54,119.77,124.2,221326.9277088
1744444800,2025-04-12T08:00:00+00:00,124.18,125.49,123.97,124.56,110870.55304149
1744459200,2025-04-12T12:00:00+00:00,124.55,131.78,124.34,130.45,480563.90247711
1744473600,2025-04-12T16:00:00+00:00,130.44,131.56,128.15,130.7,249016.64741576
1744488000,2025-04-12T20:00:00+00:00,130.69,134.11,130.65,132.22,267001.60937173
1744502400,2025-04-13T00:00:00+00:00,132.22,133.98,130.87,131.79,207392.2792234
1744516800,2025-04-13T04:00:00+00:00,131.79,132.02,128.16,128.52,149172.17519573
1744531200,2025-04-13T08:00:00+00:00,128.52,131.58,128.17,129.79,141808.84465205
1744545600,2025-04-13T12:00:00+00:00,129.77,130.4,126.79,128.68,209418.87543242
1744560000,2025-04-13T16:00:00+00:00,128.66,132.55,127.03,128.19,244757.8113481
1744574400,2025-04-13T20:00:00+00:00,128.17,129.79,125.26,128.32,371370.69219545997
1744588800,2025-04-14T00:00:00+00:00,128.32,136,127.89,131.67,426283.69360116
1744603200,2025-04-14T04:00:00+00:00,131.68,134.31,131.1,132.28,168087.85191154
1744617600,2025-04-14T08:00:00+00:00,132.28,134.13,131.48,133.48,166941.76939043996
1744632000,2025-04-14T12:00:00+00:00,133.49,134.77,128,128.77,526016.36276008
1744646400,2025-04-14T16:00:00+00:00,128.78,132,128.09,131.1,213226.70001951998
1744660800,2025-04-14T20:00:00+00:00,131.11,131.2,128.65,129.39,154239.77800197
1744675200,2025-04-15T00:00:00+00:00,129.39,130.73,127.71,130.53,333458.7235596
1744689600,2025-04-15T04:00:00+00:00,130.52,132.28,129.66,131.56,100416.78109496
1744704000,2025-04-15T08:00:00+00:00,131.58,133.86,131.38,132.13,160642.62639204
1744718400,2025-04-15T12:00:00+00:00,132.14,134.42,129.1,129.61,297124.49159639
1744732800,2025-04-15T16:00:00+00:00,129.62,130.6,127.28,127.9,265958.52722055
1744747200,2025-04-15T20:00:00+00:00,127.9,128.59,125.8,126.09,206829.41669516
1744761600,2025-04-16T00:00:00+00:00,126.1,127.32,124.8,126.44,216153.0126753
1744776000,2025-04-16T04:00:00+00:00,126.43,126.69,124.36,124.78,126471.15002492
1744790400,2025-04-16T08:00:00+00:00,124.78,126.62,123.46,126.23,193847.18346157
1744804800,2025-04-16T12:00:00+00:00,126.26,129.5,124.44,128.37,357456.57892354997
1744819200,2025-04-16T16:00:00+00:00,128.38,133.91,124.87,132.44,613557.39190513
1744833600,2025-04-16T20:00:00+00:00,132.43,133.7,130.75,131.32,257553.0395018
1744848000,2025-04-17T00:00:00+00:00,131.31,132.69,129.47,129.75,187861.69025060002
1744862400,2025-04-17T04:00:00+00:00,129.76,135.58,129.59,134.25,284321.92890009
1744876800,2025-04-17T08:00:00+00:00,134.25,134.99,132.39,133.09,162451.97942492
1744891200,2025-04-17T12:00:00+00:00,133.1,134.48,130.57,133.44,317902.28004945
1744905600,2025-04-17T16:00:00+00:00,133.44,136.15,132.01,132.94,495511.7463294
1744920000,2025-04-17T20:00:00+00:00,132.95,135.29,132.93,134.85,153665.04348812002
1744934400,2025-04-18T00:00:00+00:00,134.85,136,133.79,134.51,144492.31582123
1744948800,2025-04-18T04:00:00+00:00,134.53,135.01,133.25,134.89,96591.05910745
1744963200,2025-04-18T08:00:00+00:00,134.88,135.5,133.55,134.27,107674.94693239
1744977600,2025-04-18T12:00:00+00:00,134.26,135.16,132.46,132.9,133740.66642393998
1744992000,2025-04-18T16:00:00+00:00,132.9,134.48,132.67,134.21,84638.33699244
1745006400,2025-04-18T20:00:00+00:00,134.2,134.39,133.22,134.03,79370.06669822999
1745020800,2025-04-19T00:00:00+00:00,134.06,139.2,133.58,138.83,354398.42253033
1745035200,2025-04-19T04:00:00+00:00,138.82,139.43,137.79,138.79,175859.51393044
1745049600,2025-04-19T08:00:00+00:00,138.77,139.98,138.49,138.75,148596.82488035
1745064000,2025-04-19T12:00:00+00:00,138.77,140.5,138.51,138.96,134938.38912272
1745078400,2025-04-19T16:00:00+00:00,138.96,139.43,137.66,138.7,116071.27914501
1745092800,2025-04-19T20:00:00+00:00,138.7,139.93,138.3,139.87,84781.36783337
1745107200,2025-04-20T00:00:00+00:00,139.86,141.97,139.41,140.97,219176.56083566998
1745121600,2025-04-20T04:00:00+00:00,140.99,141.62,138.62,139.66,179881.42824631
1745136000,2025-04-20T08:00:00+00:00,139.66,139.87,135.86,136.41,276838.90229398996
1745150400,2025-04-20T12:00:00+00:00,136.4,138.05,135.67,135.98,204047.47782493
1745164800,2025-04-20T16:00:00+00:00,135.96,137.28,135.75,137.2,129317.48955368999
1745179200,2025-04-20T20:00:00+00:00,137.2,138.52,136.37,137.85,167146.32673518
1745193600,2025-04-21T00:00:00+00:00,137.86,143.13,137.64,139.4,289152.02966814
1745208000,2025-04-21T04:00:00+00:00,139.39,141.84,139.23,140.19,119251.68627198
1745222400,2025-04-21T08:00:00+00:00,140.19,141.17,138.34,139,68590.97214617999
1745236800,2025-04-21T12:00:00+00:00,138.99,140.15,136.76,138.4,269395.11901845
1745251200,2025-04-21T16:00:00+00:00,138.39,138.84,133.82,136.9,557795.19109789
1745265600,2025-04-21T20:00:00+00:00,136.9,137.41,135.34,136.56,260015.71585414003
1745280000,2025-04-22T00:00:00+00:00,136.54,139.91,134.69,139.36,194808.63979673
1745294400,2025-04-22T04:00:00+00:00,139.36,140.62,138.44,140.17,83994.86242506001
1745308800,2025-04-22T08:00:00+00:00,140.17,140.82,138.96,140.46,89632.6780411
1745323200,2025-04-22T12:00:00+00:00,140.46,145.78,140.1,145.42,428428.07776472997
1745337600,2025-04-22T16:00:00+00:00,145.42,147.8,143.57,144.38,265908.24593336
1745352000,2025-04-22T20:00:00+00:00,144.36,150.31,143.53,148.84,430224.8140344
1745366400,2025-04-23T00:00:00+00:00,148.86,149.52,147.2,149.29,227445.20937101002
1745380800,2025-04-23T04:00:00+00:00,149.29,152.37,148.63,151.65,241507.04289957997
1745395200,2025-04-23T08:00:00+00:00,151.63,153.76,151.04,152.12,199070.87675182
1745409600,2025-04-23T12:00:00+00:00,152.11,154.28,148.75,151.43,472271.39418393
1745424000,2025-04-23T16:00:00+00:00,151.44,152.52,148.96,150.23,238292.61511554
1745438400,2025-04-23T20:00:00+00:00,150.21,151.91,149.89,151.16,138001.80215986999
1745452800,2025-04-24T00:00:00+00:00,151.17,151.51,147.68,147.78,139638.18147938
1745467200,2025-04-24T04:00:00+00:00,147.79,149.18,146.98,147.19,96377.28744523998
1745481600,2025-04-24T08:00:00+00:00,147.19,147.79,145.21,147.71,123535.31212072
1745496000,2025-04-24T12:00:00+00:00,147.71,151.52,147.1,149.41,251029.3019709
1745510400,2025-04-24T16:00:00+00:00,149.43,152.5,148.89,151.61,220754.08025677002
1745524800,2025-04-24T20:00:00+00:00,151.63,152.93,150.07,152.6,177339.98806028
1745539200,2025-04-25T00:00:00+00:00,152.61,154.54,150.58,151.77,194347.40063542998
1745553600,2025-04-25T04:00:00+00:00,151.76,155,150.79,154.91,207405.65082703
1745568000,2025-04-25T08:00:00+00:00,154.89,155.04,153,154.84,216218.38977904
1745582400,2025-04-25T12:00:00+00:00,154.84,157.08,152.3,153.04,496349.49298021
1745596800,2025-04-25T16:00:00+00:00,153.06,153.34,150.53,151.49,207480.60386786
1745611200,2025-04-25T20:00:00+00:00,151.49,152.63,150.01,150.91,165260.18174938
1745625600,2025-04-26T00:00:00+00:00,150.92,153.26,150.92,151.44,111310.52685837
1745640000,2025-04-26T04:00:00+00:00,151.43,152.44,150.06,151.42,81443.22214684
1745654400,2025-04-26T08:00:00+00:00,151.41,152.44,148.04,148.56,96413.50323901001
1745668800,2025-04-26T12:00:00+00:00,148.55,149.63,147.79,149.38,101436.16187667
1745683200,2025-04-26T16:00:00+00:00,149.38,149.53,148.4,149.28,60768.61712019001
1745697600,2025-04-26T20:00:00+00:00,149.29,149.73,148.4,149.27,65112.901064980004
1745712000,2025-04-27T00:00:00+00:00,149.29,150.43,146,147.61,156070.87929197
1745726400,2025-04-27T04:00:00+00:00,147.61,147.91,145.54,147.45,73562.07695652
1745740800,2025-04-27T08:00:00+00:00,147.45,148.78,147.38,148.01,48123.317138239996
1745755200,2025-04-27T12:00:00+00:00,148,149.83,147.04,149.06,123888.9086917
1745769600,2025-04-27T16:00:00+00:00,149.07,150.3,148.27,150.09,93973.56011735002
1745784000,2025-04-27T20:00:00+00:00,150.08,150.17,147.91,148.04,89098.36675179
1745798400,2025-04-28T00:00:00+00:00,148.03,149.58,144.69,148.44,276516.14382985
1745812800,2025-04-28T04:00:00+00:00,148.44,151.54,148.43,151.13,156864.43741259997
1745827200,2025-04-28T08:00:00+00:00,151.14,153.45,149.08,151.75,251201.59885204997
1745841600,2025-04-28T12:00:00+00:00,151.74,151.89,145.58,146.37,419450.22659968
1745856000,2025-04-28T16:00:00+00:00,146.36,148.91,145.39,148.46,268485.23022618
1745870400,2025-04-28T20:00:00+00:00,148.46,148.54,146.59,147.9,141096.55071309
1745884800,2025-04-29T00:00:00+00:00,147.89,149.27,146.99,147.52,140745.69516675003
1745899200,2025-04-29T04:00:00+00:00,147.52,149,145.59,148.95,100431.87744977
1745913600,2025-04-29T08:00:00+00:00,148.93,149.53,147.66,149.06,98512.40390056
1745928000,2025-04-29T12:00:00+00:00,149.05,149.3,146.88,148.09,182954.11444647
1745942400,2025-04-29T16:00:00+00:00,148.1,150.38,147.75,149.31,221294.12926269002
1745956800,2025-04-29T20:00:00+00:00,149.3,149.55,145,146.34,208534.75713107002
1745971200,2025-04-30T00:00:00+00:00,146.33,148.7,145.13,148.22,218434.69432160998
1745985600,2025-04-30T04:00:00+00:00,148.22,148.44,146.14,146.45,126091.24125792
1746000000,2025-04-30T08:00:00+00:00,146.45,148.04,146.08,147.97,53953.11609014
1746014400,2025-04-30T12:00:00+00:00,147.98,148.04,140.4,142.23,693073.6075814201
1746028800,2025-04-30T16:00:00+00:00,142.2,146.05,141.36,145.62,276706.26589063
1746043200,2025-04-30T20:00:00+00:00,145.63,148.16,145.35,147.56,164235.73369787
1746057600,2025-05-01T00:00:00+00:00,147.57,149.71,147.56,148.73,130175.06631224
1746072000,2025-05-01T04:00:00+00:00,148.73,150.25,148.01,149.83,78191.77618069
1746086400,2025-05-01T08:00:00+00:00,149.81,152.49,149.58,151.79,140952.68756868
1746100800,2025-05-01T12:00:00+00:00,151.8,154.04,150.63,151.9,300831.994615
1746115200,2025-05-01T16:00:00+00:00,151.9,152.92,150.14,150.33,222707.20363705
1746129600,2025-05-01T20:00:00+00:00,150.33,151,149.92,150.89,80354.26475531
1746144000,2025-05-02T00:00:00+00:00,150.88,151.86,150.12,150.81,102798.4442892
1746158400,2025-05-02T04:00:00+00:00,150.82,151.09,148.42,148.55,110149.78061757
1746172800,2025-05-02T08:00:00+00:00,148.56,150.83,148.42,150.77,70263.09688081
1746187200,2025-05-02T12:00:00+00:00,150.76,151.99,149.4,149.95,248039.40816611997
1746201600,2025-05-02T16:00:00+00:00,149.96,151.47,147.82,148.13,133752.78568275
1746216000,2025-05-02T20:00:00+00:00,148.15,148.73,147.36,148.09,94824.93921574998
1746230400,2025-05-03T00:00:00+00:00,148.09,149.11,147.58,148.34,64792.54852451
1746244800,2025-05-03T04:00:00+00:00,148.35,148.64,147.45,148.16,60123.78132938
1746259200,2025-05-03T08:00:00+00:00,148.16,148.44,146.74,147.18,99238.60228795001
1746273600,2025-05-03T12:00:00+00:00,147.18,149,147.17,148.47,67212.31789189999
1746288000,2025-05-03T16:00:00+00:00,148.48,148.5,145.88,147.47,70434.65416867
1746302400,2025-05-03T20:00:00+00:00,147.46,147.97,146.66,146.75,51369.63945273
1746316800,2025-05-04T00:00:00+00:00,146.75,147.74,145.54,145.65,66908.58246095
1746331200,2025-05-04T04:00:00+00:00,145.64,146.58,145.2,145.68,51448.39053401
1746345600,2025-05-04T08:00:00+00:00,145.67,146.02,144.7,145.48,46950.709139779996
1746360000,2025-05-04T12:00:00+00:00,145.47,147.25,144.98,146.83,48286.35837642
1746374400,2025-05-04T16:00:00+00:00,146.85,147.81,146.03,146.21,62351.187373579996
1746388800,2025-05-04T20:00:00+00:00,146.21,147.19,143.59,143.97,94429.84156528
1746403200,2025-05-05T00:00:00+00:00,143.96,145.45,142.51,144.91,95138.17658656
1746417600,2025-05-05T04:00:00+00:00,144.91,147.36,144.9,146.87,58879.816194779996
1746432000,2025-05-05T08:00:00+00:00,146.87,147.08,143.58,144.21,51745.92650005
1746446400,2025-05-05T12:00:00+00:00,144.2,145.41,143.16,143.75,114907.74097777
1746460800,2025-05-05T16:00:00+00:00,143.75,147.12,143.66,146.49,119791.72462829
1746475200,2025-05-05T20:00:00+00:00,146.46,147.71,144.94,146.68,100873.42182289
1746489600,2025-05-06T00:00:00+00:00,146.68,146.81,143.77,144.61,83956.23670810001
1746504000,2025-05-06T04:00:00+00:00,144.63,145.84,144.3,145.23,39223.965387360004
1746518400,2025-05-06T08:00:00+00:00,145.23,145.25,141.94,142.57,94519.96432474
1746532800,2025-05-06T12:00:00+00:00,142.56,143.92,141.34,143.16,109926.35625312
1746547200,2025-05-06T16:00:00+00:00,143.17,145.28,142.41,144.87,114564.72383681999
1746561600,2025-05-06T20:00:00+00:00,144.86,147.23,143.52,146.89,144793.35266659
1746576000,2025-05-07T00:00:00+00:00,146.89,149.64,145.44,146.23,176932.39688954002
1746590400,2025-05-07T04:00:00+00:00,146.23,147.32,145.41,147.28,72179.88402409
1746604800,2025-05-07T08:00:00+00:00,147.26,148.28,146.93,147.58,46351.13286354
1746619200,2025-05-07T12:00:00+00:00,147.59,147.75,145.46,145.76,125310.52732123
1746633600,2025-05-07T16:00:00+00:00,145.76,147.36,144.67,145.8,155466.45641728
1746648000,2025-05-07T20:00:00+00:00,145.77,148.34,145.5,147.37,122970.24860487
1746662400,2025-05-08T00:00:00+00:00,147.36,151.21,147.11,150.91,190530.92918788
1746676800,2025-05-08T04:00:00+00:00,150.92,151.98,150.03,151.58,130495.90110685
1746691200,2025-05-08T08:00:00+00:00,151.59,155.32,151.55,154.58,172683.17446289
1746705600,2025-05-08T12:00:00+00:00,154.58,163.05,154.19,160.23,560521.11797833
1746720000,2025-05-08T16:00:00+00:00,160.24,161.09,158.58,160.56,384825.95324455
1746734400,2025-05-08T20:00:00+00:00,160.57,164.57,159.8,164.45,262284.74503374
1746748800,2025-05-09T00:00:00+00:00,164.44,164.48,161.27,161.33,200838.27555455998
1746763200,2025-05-09T04:00:00+00:00,161.33,166.95,161.02,165.11,190279.70370099
1746777600,2025-05-09T08:00:00+00:00,165.11,176.14,164.28,172.3,505556.05891849997
1746792000,2025-05-09T12:00:00+00:00,172.29,173.41,167.32,170.75,439077.04353755
1746806400,2025-05-09T16:00:00+00:00,170.76,172.6,168.57,171.96,270699.68282505
1746820800,2025-05-09T20:00:00+00:00,171.99,173.83,171.18,172.8,135051.68850967
1746835200,2025-05-10T00:00:00+00:00,172.81,175.16,170.66,171.61,156310.74262031
1746849600,2025-05-10T04:00:00+00:00,171.62,172.56,169.8,172.33,126912.36967577
1746864000,2025-05-10T08:00:00+00:00,172.34,173.44,168.75,168.98,147413.14127018
1746878400,2025-05-10T12:00:00+00:00,168.99,172.06,168.99,171.08,96146.00806331
1746892800,2025-05-10T16:00:00+00:00,171.09,173.86,170.87,172.2,133999.15832073
1746907200,2025-05-10T20:00:00+00:00,172.21,178.93,171.38,177.91,268064.81740788
1746921600,2025-05-11T00:00:00+00:00,177.88,180.16,172.76,175.86,408380.67267875
1746936000,2025-05-11T04:00:00+00:00,175.87,177.64,172.34,172.65,142863.29512486001
1746950400,2025-05-11T08:00:00+00:00,172.64,175.04,172.62,174.8,62547.45228533001
1746964800,2025-05-11T12:00:00+00:00,174.78,175.26,169.41,170.56,201415.23339697
1746979200,2025-05-11T16:00:00+00:00,170.55,173.53,169.45,172.8,216039.82670449
1746993600,2025-05-11T20:00:00+00:00,172.78,173.93,171.31,173.23,102011.48654946001
1747008000,2025-05-12T00:00:00+00:00,173.22,176.91,171.76,174.92,294615.63909861003
1747022400,2025-05-12T04:00:00+00:00,174.91,179.59,173.66,176.07,842206.74278815
1747036800,2025-05-12T08:00:00+00:00,176.12,177.07,173.68,174.09,157528.13174376
1747051200,2025-05-12T12:00:00+00:00,174.09,181.45,174,174.41,460261.26950105
1747065600,2025-05-12T16:00:00+00:00,174.38,176.68,168.3,171.19,295891.30105962
1747080000,2025-05-12T20:00:00+00:00,171.19,174.95,170.42,174.22,151374.81674778
1747094400,2025-05-13T00:00:00+00:00,174.23,174.38,166.93,166.98,201407.59333025
1747108800,2025-05-13T04:00:00+00:00,167,172.4,166.17,171.49,108263.45418110001
1747123200,2025-05-13T08:00:00+00:00,171.5,175.19,170.93,174.02,117803.28633791
1747137600,2025-05-13T12:00:00+00:00,174.03,176.32,172.17,176.1,282304.7025913
1747152000,2025-05-13T16:00:00+00:00,176.11,184.48,175.72,182.13,455800.87810316
1747166400,2025-05-13T20:00:00+00:00,182.13,184.8,180.45,183.76,287500.02205893997
1747180800,2025-05-14T00:00:00+00:00,183.76,184.86,179.07,180.3,265580.40347883
1747195200,2025-05-14T04:00:00+00:00,180.3,183.98,179.86,181.73,136188.55844949998
1747209600,2025-05-14T08:00:00+00:00,181.74,182.66,177.6,181.05,172664.61667658002
1747224000,2025-05-14T12:00:00+00:00,181.06,181.88,175.64,177.39,257073.24036254
1747238400,2025-05-14T16:00:00+00:00,177.39,177.73,173.12,177.13,250375.08331728997
1747252800,2025-05-14T20:00:00+00:00,177.14,177.77,175.27,176.69,147398.81045957998
1747267200,2025-05-15T00:00:00+00:00,176.69,178.39,174.05,174.1,174134.48131278
1747281600,2025-05-15T04:00:00+00:00,174.1,175.32,169.81,170.43,145968.33857756
1747296000,2025-05-15T08:00:00+00:00,170.39,173.09,168.75,171.12,158143.88556301
1747310400,2025-05-15T12:00:00+00:00,171.12,172.86,167,172.29,358496.61325701
1747324800,2025-05-15T16:00:00+00:00,172.29,174.54,167.73,169.77,336365.11564899003
1747339200,2025-05-15T20:00:00+00:00,169.79,170.66,166.8,169.19,198355.50003629999
1747353600,2025-05-16T00:00:00+00:00,169.18,173.69,168.73,172.66,140821.23905789998
1747368000,2025-05-16T04:00:00+00:00,172.67,173.58,171.13,172.17,72666.53687940001
1747382400,2025-05-16T08:00:00+00:00,172.19,174.28,169.45,172.88,127081.7987574
1747396800,2025-05-16T12:00:00+00:00,172.9,174.2,170.9,172.16,184489.78538979
1747411200,2025-05-16T16:00:00+00:00,172.17,172.8,169.83,171.5,139985.60940080002
1747425600,2025-05-16T20:00:00+00:00,171.47,171.47,166.43,167.48,171126.28529767
1747440000,2025-05-17T00:00:00+00:00,167.47,168.61,164.1,168.31,202329.60151735
1747454400,2025-05-17T04:00:00+00:00,168.29,170.01,167.22,168.59,81235.78823420001
1747468800,2025-05-17T08:00:00+00:00,168.59,169.42,166.74,167.65,66725.36021051
1747483200,2025-05-17T12:00:00+00:00,167.66,168.27,165.85,167.36,98613.47861969
1747497600,2025-05-17T16:00:00+00:00,167.35,167.58,164.48,165.3,154795.83708031
1747512000,2025-05-17T20:00:00+00:00,165.29,167.95,164.4,166.03,150212.94333252
1747526400,2025-05-18T00:00:00+00:00,166.01,167.94,165.93,166.95,85956.59220574002
1747540800,2025-05-18T04:00:00+00:00,166.95,170.76,166.91,170.7,84930.20744442
1747555200,2025-05-18T08:00:00+00:00,170.71,172.03,170.64,170.8,62996.42677516
1747569600,2025-05-18T12:00:00+00:00,170.83,176.74,170.23,176.29,157017.65426458
1747584000,2025-05-18T16:00:00+00:00,176.3,176.83,166.6,166.71,366442.15672708
1747598400,2025-05-18T20:00:00+00:00,166.71,174.39,164.7,173.39,271674.42413115
1747612800,2025-05-19T00:00:00+00:00,173.39,174.01,165.01,165.37,192508.09619552997
1747627200,2025-05-19T04:00:00+00:00,165.37,166.83,159.48,161.96,236546.7478359
1747641600,2025-05-19T08:00:00+00:00,161.96,162.72,160.49,162.23,111274.05029121999
1747656000,2025-05-19T12:00:00+00:00,162.23,164.79,160.15,164.22,242807.16197529
1747670400,2025-05-19T16:00:00+00:00,164.23,167.43,162.82,166.65,232621.5723341
1747684800,2025-05-19T20:00:00+00:00,166.63,167.83,165.21,166.88,115945.55158254
1747699200,2025-05-20T00:00:00+00:00,166.91,173.13,166.81,169.23,244346.71512034
1747713600,2025-05-20T04:00:00+00:00,169.23,170.67,167.12,167.42,103994.38757223
1747728000,2025-05-20T08:00:00+00:00,167.4,168.17,165.28,166.55,82019.88093043
1747742400,2025-05-20T12:00:00+00:00,166.53,167.44,164.57,166.68,141688.27678797
1747756800,2025-05-20T16:00:00+00:00,166.69,169.25,164.63,168.24,190879.93285525
1747771200,2025-05-20T20:00:00+00:00,168.26,169.46,166.34,168.64,170695.62516142
1747785600,2025-05-21T00:00:00+00:00,168.65,170.97,166.87,170.04,126461.45360229
1747800000,2025-05-21T04:00:00+00:00,170.04,171.83,168.37,168.91,174703.19548728
1747814400,2025-05-21T08:00:00+00:00,168.9,169.75,167.44,169.42,78825.43317348
1747828800,2025-05-21T12:00:00+00:00,169.42,173.74,168.44,172.25,263561.17810885
1747843200,2025-05-21T16:00:00+00:00,172.25,175.14,165.61,171.27,640486.8356108901
1747857600,2025-05-21T20:00:00+00:00,171.26,176,169.19,173.61,239072.30900447
1747872000,2025-05-22T00:00:00+00:00,173.65,177.54,172.63,176.85,277803.02351090004
1747886400,2025-05-22T04:00:00+00:00,176.87,178.83,175.21,178.54,147601.72688248003
1747900800,2025-05-22T08:00:00+00:00,178.54,180.85,177.19,178.12,196682.44523108
1747915200,2025-05-22T12:00:00+00:00,178.1,179.97,177.02,179.06,308879.80913234
1747929600,2025-05-22T16:00:00+00:00,179.09,180.44,177.61,177.96,228277.16385679
1747944000,2025-05-22T20:00:00+00:00,177.95,180.11,177.32,179.72,123234.9395407
1747958400,2025-05-23T00:00:00+00:00,179.73,185.54,179.3,185.01,327842.72442414
1747972800,2025-05-23T04:00:00+00:00,185.01,185.34,179.86,182.57,274015.48183094
1747987200,2025-05-23T08:00:00+00:00,182.6,187.73,177.14,177.94,305121.58162384
1748001600,2025-05-23T12:00:00+00:00,177.95,183.82,173.27,180.73,542525.62703732
1748016000,2025-05-23T16:00:00+00:00,180.72,182.25,178.37,179.18,225456.302
1748030400,2025-05-23T20:00:00+00:00,179.19,179.31,173.31,174.03,223174.74738034
1748044800,2025-05-24T00:00:00+00:00,174.02,176.19,172.66,175.18,197931.5858373
1748059200,2025-05-24T04:00:00+00:00,175.18,176.44,173.52,173.98,66879.54394994
1748073600,2025-05-24T08:00:00+00:00,173.98,178.37,173.3,176.95,92513.74172851999
1748088000,2025-05-24T12:00:00+00:00,176.95,177.19,175.15,176.38,80651.35451232
1748102400,2025-05-24T16:00:00+00:00,176.38,177.74,175.37,177.2,66699.29098753
1748116800,2025-05-24T20:00:00+00:00,177.2,177.99,175.4,175.96,83138.47264777
1748131200,2025-05-25T00:00:00+00:00,175.96,176.96,170.3,173.71,236375.01309691
1748145600,2025-05-25T04:00:00+00:00,173.71,174.48,171.94,172.4,60588.931409979996
1748160000,2025-05-25T08:00:00+00:00,172.39,172.42,170.2,172.01,99552.99327109
1748174400,2025-05-25T12:00:00+00:00,172.02,172.7,169.2,170.36,116383.73871814
1748188800,2025-05-25T16:00:00+00:00,170.36,172.89,169.24,172.59,77386.58921168
1748203200,2025-05-25T20:00:00+00:00,172.58,175.99,171,175.8,186555.51697825
1748217600,2025-05-26T00:00:00+00:00,175.81,177.9,175.22,177.11,145874.99519961
1748232000,2025-05-26T04:00:00+00:00,177.11,179.12,176.68,178.28,108600.2695711
1748246400,2025-05-26T08:00:00+00:00,178.27,178.48,176.5,178,75174.32356379
1748260800,2025-05-26T12:00:00+00:00,178,178.88,175.99,177.54,125078.63000204001
1748275200,2025-05-26T16:00:00+00:00,177.57,178.14,173.55,174.14,139988.25780394
1748289600,2025-05-26T20:00:00+00:00,174.13,176.09,173.71,174.97,92124.45916890001
1748304000,2025-05-27T00:00:00+00:00,174.99,175.83,171.29,173.58,122629.16746003
1748318400,2025-05-27T04:00:00+00:00,173.58,175.94,172.56,175.5,75138.61161411
1748332800,2025-05-27T08:00:00+00:00,175.52,177.23,175.07,176.84,71436.72359714
1748347200,2025-05-27T12:00:00+00:00,176.83,179.5,175.06,178.54,332688.15555500996
1748361600,2025-05-27T16:00:00+00:00,178.55,179.41,177.42,177.56,206190.45433223
1748376000,2025-05-27T20:00:00+00:00,177.56,178.72,175.64,176.8,141161.39088026
1748390400,2025-05-28T00:00:00+00:00,176.77,177.5,174.33,175.19,125395.67573197001
1748404800,2025-05-28T04:00:00+00:00,175.2,175.42,173.8,173.99,46017.30177075
1748419200,2025-05-28T08:00:00+00:00,174.01,174.65,172.96,174.61,96450.78015139
1748433600,2025-05-28T12:00:00+00:00,174.61,175.21,168.99,169.72,339343.44501339
1748448000,2025-05-28T16:00:00+00:00,169.74,172.09,169.18,169.44,116517.89651009
1748462400,2025-05-28T20:00:00+00:00,169.45,172.71,169.2,172.28,111367.43540039999
1748476800,2025-05-29T00:00:00+00:00,172.27,175.43,171.4,173.76,200038.46618993
1748491200,2025-05-29T04:00:00+00:00,173.75,174.02,170.24,172.31,98143.64094418
1748505600,2025-05-29T08:00:00+00:00,172.31,173.52,171.71,172.94,74203.93635501999
1748520000,2025-05-29T12:00:00+00:00,172.94,172.99,169.09,169.8,191520.9009018
1748534400,2025-05-29T16:00:00+00:00,169.79,170.34,166.05,166.82,253150.46054901002
1748548800,2025-05-29T20:00:00+00:00,166.81,168.55,165.96,166.71,113029.12384184002
1748563200,2025-05-30T00:00:00+00:00,166.7,167.5,160.1,165.18,275685.36177282
1748577600,2025-05-30T04:00:00+00:00,165.17,165.95,162.64,162.76,91570.00730651
1748592000,2025-05-30T08:00:00+00:00,162.78,164.21,161.57,163.86,101806.25121765
1748606400,2025-05-30T12:00:00+00:00,163.87,164.01,160.13,161.24,180240.11760351
1748620800,2025-05-30T16:00:00+00:00,161.25,161.81,156.11,160.88,320767.07329737
1748635200,2025-05-30T20:00:00+00:00,160.86,161.04,155.27,156.28,109976.26032095999
1748649600,2025-05-31T00:00:00+00:00,156.3,157.31,152.2,154.25,248107.00494888
1748664000,2025-05-31T04:00:00+00:00,154.21,155.96,153.1,154.95,60681.52754432
1748678400,2025-05-31T08:00:00+00:00,154.95,155.34,152.69,153.02,71636.27811788
1748692800,2025-05-31T12:00:00+00:00,153.01,156.86,152.71,155.73,135672.63761682
1748707200,2025-05-31T16:00:00+00:00,155.71,158.07,155.28,157.59,99598.90120763
1748721600,2025-05-31T20:00:00+00:00,157.61,158.1,156.38,156.53,82327.4425816
1748736000,2025-06-01T00:00:00+00:00,156.55,156.84,153.5,154.8,112926.19147428998
1748750400,2025-06-01T04:00:00+00:00,154.82,156.03,154.21,154.52,40478.47677944999
1748764800,2025-06-01T08:00:00+00:00,154.54,154.73,150.65,152.13,122318.07967025
1748779200,2025-06-01T12:00:00+00:00,152.14,154.65,150.73,154.25,92657.26881475
1748793600,2025-06-01T16:00:00+00:00,154.25,156.84,153.55,155.96,166044.92891706
1748808000,2025-06-01T20:00:00+00:00,155.96,158.01,155.25,157.76,100186.11936766
1748822400,2025-06-02T00:00:00+00:00,157.78,159,155.43,155.53,128523.21799521
1748836800,2025-06-02T04:00:00+00:00,155.52,156.81,154.75,155.6,77158.22794482
1748851200,2025-06-02T08:00:00+00:00,155.59,156.61,153.01,153.53,127712.48149151
1748865600,2025-06-02T12:00:00+00:00,153.51,154.57,151.71,153.25,291833.27176416
1748880000,2025-06-02T16:00:00+00:00,153.26,155.22,151.85,153.01,133302.61310736
1748894400,2025-06-02T20:00:00+00:00,153.03,157.32,153.01,156.9,132105.48492992998
1748908800,2025-06-03T00:00:00+00:00,156.91,162.47,156.46,159.52,178301.29747716
1748923200,2025-06-03T04:00:00+00:00,159.52,160.28,158.31,159.89,49414.69018886
1748937600,2025-06-03T08:00:00+00:00,159.9,161.76,158.38,160.66,65247.76046932
1748952000,2025-06-03T12:00:00+00:00,160.66,163.76,159.57,162.36,157833.92640162
1748966400,2025-06-03T16:00:00+00:00,162.34,162.6,160.03,160.69,111946.75001004999
1748980800,2025-06-03T20:00:00+00:00,160.67,160.71,154.23,155.29,186113.13410024997
1748995200,2025-06-04T00:00:00+00:00,155.31,157.76,154.29,156.67,94804.78965256
1749009600,2025-06-04T04:00:00+00:00,156.69,157.14,155.84,156.51,38038.72201837
1749024000,2025-06-04T08:00:00+00:00,156.51,158,155.84,155.99,41126.80024959
1749038400,2025-06-04T12:00:00+00:00,156.01,158.04,154.66,157.2,121135.25086794999
1749052800,2025-06-04T16:00:00+00:00,157.19,157.67,155.33,155.45,83609.37286840001
1749067200,2025-06-04T20:00:00+00:00,155.44,155.67,153,153.33,139756.98941972
1749081600,2025-06-05T00:00:00+00:00,153.31,154.69,153.07,153.91,74665.43536865
1749096000,2025-06-05T04:00:00+00:00,153.91,154.23,152,152.54,82332.06046999
1749110400,2025-06-05T08:00:00+00:00,152.54,153.13,151.33,152.45,92874.86508314
1749124800,2025-06-05T12:00:00+00:00,152.45,154.5,148.67,150.95,242917.62905539002
1749139200,2025-06-05T16:00:00+00:00,150.96,151.16,144.18,146.22,268538.86324415007
1749153600,2025-06-05T20:00:00+00:00,146.21,146.63,141.53,144.36,337180.58765899
1749168000,2025-06-06T00:00:00+00:00,144.38,146.97,144.19,146.94,122259.33354125
1749182400,2025-06-06T04:00:00+00:00,146.92,148.37,146.72,147.47,67034.78351846
1749196800,2025-06-06T08:00:00+00:00,147.48,149.69,147.29,149.22,82966.2940254
1749211200,2025-06-06T12:00:00+00:00,149.22,152.5,149.22,151.18,178209.77599847002
1749225600,2025-06-06T16:00:00+00:00,151.2,151.67,148.59,149.24,105044.66477421
1749240000,2025-06-06T20:00:00+00:00,149.22,150.1,147.78,147.96,71876.6304265
1749254400,2025-06-07T00:00:00+00:00,147.96,149.84,146.92,149.6,88306.26486982999
1749268800,2025-06-07T04:00:00+00:00,149.6,152.93,149.1,152.5,78668.36326974
1749283200,2025-06-07T08:00:00+00:00,152.49,152.8,151.32,151.52,45780.73149754
1749297600,2025-06-07T12:00:00+00:00,151.53,152.5,150.81,151.11,62963.67327079999
1749312000,2025-06-07T16:00:00+00:00,151.07,151.7,150.24,150.66,53390.75452544
1749326400,2025-06-07T20:00:00+00:00,150.65,151.58,149.85,150.15,48867.55591663001
1749340800,2025-06-08T00:00:00+00:00,150.13,150.43,149.25,149.95,35541.33607813
1749355200,2025-06-08T04:00:00+00:00,149.96,150.59,149.17,149.4,29855.99509425
1749369600,2025-06-08T08:00:00+00:00,149.41,149.79,148,149.69,54836.37898926
1749384000,2025-06-08T12:00:00+00:00,149.71,151.25,149.1,150.81,61144.027359700005
1749398400,2025-06-08T16:00:00+00:00,150.81,154.59,150.69,154.56,78311.27964586999
1749412800,2025-06-08T20:00:00+00:00,154.54,155.35,152.22,152.53,69198.24329725001
1749427200,2025-06-09T00:00:00+00:00,152.54,153.28,150.88,151.63,65313.98101296
1749441600,2025-06-09T04:00:00+00:00,151.62,151.97,149.68,150.97,53651.37290816
1749456000,2025-06-09T08:00:00+00:00,150.96,156.71,150.48,155.7,99960.42544905999
1749470400,2025-06-09T12:00:00+00:00,155.69,155.98,153.15,155.09,104601.04589026999
1749484800,2025-06-09T16:00:00+00:00,155.11,157.07,155.03,155.82,106558.47397829
1749499200,2025-06-09T20:00:00+00:00,155.85,161.8,155.81,161.24,156935.55947256
1749513600,2025-06-10T00:00:00+00:00,161.22,161.89,158.77,159.22,92749.27644828001
1749528000,2025-06-10T04:00:00+00:00,159.25,159.68,157.48,158.55,54432.99557880001
1749542400,2025-06-10T08:00:00+00:00,158.57,161.55,157.21,160.89,99237.63780177999
1749556800,2025-06-10T12:00:00+00:00,160.88,162.02,156.35,158.1,156160.20101933
1749571200,2025-06-10T16:00:00+00:00,158.09,165.53,157.12,163.64,302319.89088005
1749585600,2025-06-10T20:00:00+00:00,163.65,165.71,162.87,165.15,234278.46856219
1749600000,2025-06-11T00:00:00+00:00,165.13,167.47,163.44,166.72,230644.69853524
1749614400,2025-06-11T04:00:00+00:00,166.71,167.16,164.41,166.68,211975.27898273
1749628800,2025-06-11T08:00:00+00:00,166.67,167.22,163.97,164.49,131469.03720815
1749643200,2025-06-11T12:00:00+00:00,164.5,168.38,163.7,167.29,321666.67279531003
1749657600,2025-06-11T16:00:00+00:00,167.3,167.48,162.37,162.71,290516.08110085
1749672000,2025-06-11T20:00:00+00:00,162.68,163.99,159.25,161.01,186636.89672619
1749686400,2025-06-12T00:00:00+00:00,161.01,161.35,159.28,159.86,120446.32174833
1749700800,2025-06-12T04:00:00+00:00,159.88,160.58,158.27,158.8,94194.03339314
1749715200,2025-06-12T08:00:00+00:00,158.79,159.96,157.46,157.78,84629.89283787001
1749729600,2025-06-12T12:00:00+00:00,157.79,160.71,156.5,157.05,209052.36545742
1749744000,2025-06-12T16:00:00+00:00,157.05,160.6,154.55,154.88,146819.72651616
1749758400,2025-06-12T20:00:00+00:00,154.88,155.46,152.08,152.39,175337.60540732002
1749772800,2025-06-13T00:00:00+00:00,152.39,152.67,140.89,144.89,810478.85857027
1749787200,2025-06-13T04:00:00+00:00,144.86,145.54,142.71,145.1,130002.40844745
1749801600,2025-06-13T08:00:00+00:00,145.1,146.76,143.73,145.57,162188.36193151
1749816000,2025-06-13T12:00:00+00:00,145.57,147.9,144.01,147.28,193079.29729984
1749830400,2025-06-13T16:00:00+00:00,147.27,148.66,144.39,145.24,202368.82079204
1749844800,2025-06-13T20:00:00+00:00,145.23,149,144.79,148.66,116750.32368073
1749859200,2025-06-14T00:00:00+00:00,148.68,148.76,146.41,146.78,89653.10532460001
1749873600,2025-06-14T04:00:00+00:00,146.77,147.22,145.59,146.25,56856.26239586
1749888000,2025-06-14T08:00:00+00:00,146.24,146.27,145.02,145.9,60442.64608598
1749902400,2025-06-14T12:00:00+00:00,145.9,146.01,143.91,144.65,134344.70171945
1749916800,2025-06-14T16:00:00+00:00,144.64,145.23,143.02,143.59,75914.78562628
1749931200,2025-06-14T20:00:00+00:00,143.59,145.13,142.03,144.72,75458.83979307
1749945600,2025-06-15T00:00:00+00:00,144.71,146.15,144.66,145.82,48461.28410316999
1749960000,2025-06-15T04:00:00+00:00,145.82,148.17,145.75,145.96,72443.43968224
1749974400,2025-06-15T08:00:00+00:00,145.96,146.77,144.29,146.4,52914.47877721
1749988800,2025-06-15T12:00:00+00:00,146.41,153.08,146.21,150.9,229499.89490374
1750003200,2025-06-15T16:00:00+00:00,150.9,153.58,150.23,152.28,112570.87815128
1750017600,2025-06-15T20:00:00+00:00,152.28,153.04,148.19,152.99,143591.1111024
1750032000,2025-06-16T00:00:00+00:00,153,157.35,151.02,155.59,169290.80273512998
1750046400,2025-06-16T04:00:00+00:00,155.62,157.95,155.52,157.3,101392.32154625
1750060800,2025-06-16T08:00:00+00:00,157.31,157.54,154.82,156.49,72135.69562906
1750075200,2025-06-16T12:00:00+00:00,156.48,157.83,154.69,156.64,249556.75797050004
1750089600,2025-06-16T16:00:00+00:00,156.65,158.82,156.42,157.86,166077.38287940001
1750104000,2025-06-16T20:00:00+00:00,157.87,158.01,150.37,150.77,271586.04660238
1750118400,2025-06-17T00:00:00+00:00,150.78,154.11,147.51,153.42,248755.69544762
1750132800,2025-06-17T04:00:00+00:00,153.42,154.38,152.43,152.72,75311.19414987
1750147200,2025-06-17T08:00:00+00:00,152.71,152.94,150.19,150.57,76042.30709302
1750161600,2025-06-17T12:00:00+00:00,150.57,151.45,146.55,147.66,143411.20792573
1750176000,2025-06-17T16:00:00+00:00,147.66,150.44,145.6,148.94,201126.42622395
1750190400,2025-06-17T20:00:00+00:00,148.93,149.34,146.31,147.61,111459.41126466
1750204800,2025-06-18T00:00:00+00:00,147.61,149.15,146.54,148.41,77822.41228046
1750219200,2025-06-18T04:00:00+00:00,148.41,149.32,146.92,148.03,52115.07126662
1750233600,2025-06-18T08:00:00+00:00,148.03,148.57,145.38,146.54,70116.74757395999
1750248000,2025-06-18T12:00:00+00:00,146.54,146.81,143.83,145.8,216414.53508643998
1750262400,2025-06-18T16:00:00+00:00,145.79,146.54,143.69,144.73,194307.29092731
1750276800,2025-06-18T20:00:00+00:00,144.77,147.96,144.13,146.41,117398.00902836
1750291200,2025-06-19T00:00:00+00:00,146.4,147.96,145.02,146.64,92252.48500694
1750305600,2025-06-19T04:00:00+00:00,146.63,147.21,145.04,145.13,62254.14524625
1750320000,2025-06-19T08:00:00+00:00,145.13,146.55,144.87,145.14,36553.802679579996
1750334400,2025-06-19T12:00:00+00:00,145.13,145.55,142.98,143.21,98669.15061913998
1750348800,2025-06-19T16:00:00+00:00,143.21,146.06,143.1,145.52,99346.00551617
1750363200,2025-06-19T20:00:00+00:00,145.52,147.49,145.06,147.04,74570.43321603
1750377600,2025-06-20T00:00:00+00:00,147.08,147.56,145.43,145.45,44446.05290946
1750392000,2025-06-20T04:00:00+00:00,145.47,147.8,144.32,147.48,46930.1485293
1750406400,2025-06-20T08:00:00+00:00,147.49,148.83,146.97,148.2,66170.72478964
1750420800,2025-06-20T12:00:00+00:00,148.2,148.4,142.38,142.88,181895.70556553
1750435200,2025-06-20T16:00:00+00:00,142.89,143.01,135.72,139.86,414926.46227426
1750449600,2025-06-20T20:00:00+00:00,139.85,141.73,138.68,140.15,158954.13988203
1750464000,2025-06-21T00:00:00+00:00,140.14,141.39,139.55,140.8,90144.29858147001
1750478400,2025-06-21T04:00:00+00:00,140.78,141.02,139.89,140.67,39220.99991201
1750492800,2025-06-21T08:00:00+00:00,140.68,142.63,140.32,142.1,59316.194048549994
1750507200,2025-06-21T12:00:00+00:00,142.09,142.5,139.19,140.35,81672.28435374
1750521600,2025-06-21T16:00:00+00:00,140.34,141.11,137.26,137.29,129940.91221024
1750536000,2025-06-21T20:00:00+00:00,137.32,138.9,131,135.46,299510.20188258
1750550400,2025-06-22T00:00:00+00:00,135.48,137.69,133.26,135.14,219678.42577759997
1750564800,2025-06-22T04:00:00+00:00,135.17,136.55,134.66,134.86,64326.333186829994
1750579200,2025-06-22T08:00:00+00:00,134.88,135.41,132.01,133.3,78086.14165675
1750593600,2025-06-22T12:00:00+00:00,133.28,133.92,126.56,128.58,444796.27265378
1750608000,2025-06-22T16:00:00+00:00,128.58,131.52,128.32,129.11,169004.50198723003
1750622400,2025-06-22T20:00:00+00:00,129.13,132.61,126.03,131.76,220554.65498099
1750636800,2025-06-23T00:00:00+00:00,131.76,133.59,131.58,132.72,90026.02250373
1750651200,2025-06-23T04:00:00+00:00,132.74,135.07,132.4,134.42,79515.99344093
1750665600,2025-06-23T08:00:00+00:00,134.44,134.94,133.3,134.17,62765.84007001
1750680000,2025-06-23T12:00:00+00:00,134.16,137.52,132.96,133.48,219892.20422487
1750694400,2025-06-23T16:00:00+00:00,133.48,140.3,130.72,139.87,355950.23759602004
1750708800,2025-06-23T20:00:00+00:00,139.9,147.03,139.34,144.59,378983.72797309
1750723200,2025-06-24T00:00:00+00:00,144.62,144.86,142.4,143.33,106874.74676515
1750737600,2025-06-24T04:00:00+00:00,143.33,146.9,142.94,144.1,112582.96024185001
1750752000,2025-06-24T08:00:00+00:00,144.11,145.91,143.11,144.65,232700.85572778
1750766400,2025-06-24T12:00:00+00:00,144.64,145.8,143.51,144.38,190950.32402979
1750780800,2025-06-24T16:00:00+00:00,144.39,146.69,142.91,143.68,192167.45924672
1750795200,2025-06-24T20:00:00+00:00,143.67,146,143.26,145.98,79196.17231416
1750809600,2025-06-25T00:00:00+00:00,145.97,146.96,145.11,145.61,85484.42587432
1750824000,2025-06-25T04:00:00+00:00,145.61,147.51,144.96,147.08,106828.32707173
1750838400,2025-06-25T08:00:00+00:00,147.07,147.19,145.08,146.35,120648.39577799001
1750852800,2025-06-25T12:00:00+00:00,146.36,148.02,143.18,143.76,216298.02971489
1750867200,2025-06-25T16:00:00+00:00,143.76,144.82,142.9,144.82,160435.01052921
1750881600,2025-06-25T20:00:00+00:00,144.8,145.68,142.35,143.65,92345.55426519
1750896000,2025-06-26T00:00:00+00:00,143.65,148.06,143.48,146.01,126581.58986787999
1750910400,2025-06-26T04:00:00+00:00,146,146.17,144.11,145.24,60651.291768589996
1750924800,2025-06-26T08:00:00+00:00,145.24,145.89,143.21,143.7,61847.78653545
1750939200,2025-06-26T12:00:00+00:00,143.71,144.03,141.46,143.06,144177.55170304
1750953600,2025-06-26T16:00:00+00:00,143.06,143.32,140.96,142.34,108266.64805891001
1750968000,2025-06-26T20:00:00+00:00,142.33,144.04,138.7,139.14,163762.96754322998
1750982400,2025-06-27T00:00:00+00:00,139.14,141.65,137.21,141.43,107186.73486056
1750996800,2025-06-27T04:00:00+00:00,141.43,142.3,140.26,140.38,72357.02581868
1751011200,2025-06-27T08:00:00+00:00,140.39,142.85,140.39,142.19,59718.697008589996
1751025600,2025-06-27T12:00:00+00:00,142.19,143.91,141.2,143.55,144335.02772692003
1751040000,2025-06-27T16:00:00+00:00,143.55,144.91,140.18,141.84,152475.29772747
1751054400,2025-06-27T20:00:00+00:00,141.84,143.45,141.7,142.17,63825.94124683
1751068800,2025-06-28T00:00:00+00:00,142.18,143.63,141.2,143.46,85929.64765356001
1751083200,2025-06-28T04:00:00+00:00,143.46,146.85,143.15,146.6,72584.4503182
1751097600,2025-06-28T08:00:00+00:00,146.61,147.6,145.68,147.2,79421.94517392
1751112000,2025-06-28T12:00:00+00:00,147.21,148.69,145.96,148.22,90136.1513937
1751126400,2025-06-28T16:00:00+00:00,148.21,152.73,148.14,150.74,238710.9439019
1751140800,2025-06-28T20:00:00+00:00,150.74,151.44,150.12,150.81,65788.48598622001
1751155200,2025-06-29T00:00:00+00:00,150.82,151.15,149.48,149.56,67754.92699082999
1751169600,2025-06-29T04:00:00+00:00,149.56,150.39,149.44,150.39,34522.83771061
1751184000,2025-06-29T08:00:00+00:00,150.39,152.31,150.01,151.79,66171.35558879
1751198400,2025-06-29T12:00:00+00:00,151.74,152.62,150.77,150.82,101780.8469999
1751212800,2025-06-29T16:00:00+00:00,150.81,152.27,149.74,151.22,71519.50477915
1751227200,2025-06-29T20:00:00+00:00,151.22,154.8,150.36,153.34,157942.6559169
1751241600,2025-06-30T00:00:00+00:00,153.34,154.12,151.34,151.84,110412.37134256
1751256000,2025-06-30T04:00:00+00:00,151.84,152.15,149.75,150.68,133885.77967
1751270400,2025-06-30T08:00:00+00:00,150.69,151.11,149.48,150.41,59467.27159477
1751284800,2025-06-30T12:00:00+00:00,150.41,163.9,149.77,157.89,495923.93483022996
1751299200,2025-06-30T16:00:00+00:00,157.89,158.5,155.38,157.8,282327.29052722
1751313600,2025-06-30T20:00:00+00:00,157.85,157.85,154.58,154.88,125473.18086315
1751328000,2025-07-01T00:00:00+00:00,154.88,155.69,153.2,153.98,88632.22310575
1751342400,2025-07-01T04:00:00+00:00,153.97,153.98,148.75,150.13,130620.66495410999
1751356800,2025-07-01T08:00:00+00:00,150.13,150.13,148.27,148.89,78790.13514006
1751371200,2025-07-01T12:00:00+00:00,148.89,149.34,146.3,147.27,183157.45138180003
1751385600,2025-07-01T16:00:00+00:00,147.27,148.5,145.33,145.49,135199.87151868
1751400000,2025-07-01T20:00:00+00:00,145.48,147.06,144.86,146.92,92180.02535716
1751414400,2025-07-02T00:00:00+00:00,146.91,149.28,145.86,148.9,81470.38602643
1751428800,2025-07-02T04:00:00+00:00,148.89,149.95,148.36,149.15,46996.77540351
1751443200,2025-07-02T08:00:00+00:00,149.16,150.02,148.42,148.65,62097.944366330004
1751457600,2025-07-02T12:00:00+00:00,148.64,151.66,147.17,151.4,176372.89573779
1751472000,2025-07-02T16:00:00+00:00,151.4,153.74,150.42,153.12,198049.30704898998
1751486400,2025-07-02T20:00:00+00:00,153.11,154.53,151.95,152.32,114992.25818618
1751500800,2025-07-03T00:00:00+00:00,152.35,154.1,151.87,153.46,64073.32366697
1751515200,2025-07-03T04:00:00+00:00,153.47,155.98,153.26,155.66,78794.20447647
1751529600,2025-07-03T08:00:00+00:00,155.67,156.42,154.2,154.57,75506.43276408
1751544000,2025-07-03T12:00:00+00:00,154.58,155.36,149.95,150.23,291810.12223221996
1751558400,2025-07-03T16:00:00+00:00,150.23,152.12,149.97,151.87,133050.87078679
1751572800,2025-07-03T20:00:00+00:00,151.87,153.3,151.87,152.39,66319.53680309001
1751587200,2025-07-04T00:00:00+00:00,152.39,153.23,150.94,151.78,68457.17347596
1751601600,2025-07-04T04:00:00+00:00,151.76,153.92,150.33,150.54,57754.42040472
1751616000,2025-07-04T08:00:00+00:00,150.53,151.02,149.08,150.26,37658.89487265
1751630400,2025-07-04T12:00:00+00:00,150.27,151.3,146.36,146.65,110536.4584419
1751644800,2025-07-04T16:00:00+00:00,146.63,147.07,145.25,146.75,97052.12941019
1751659200,2025-07-04T20:00:00+00:00,146.74,148.41,146.41,147.74,60893.20204278
1751673600,2025-07-05T00:00:00+00:00,147.74,148.49,147.24,147.81,41698.26087903
1751688000,2025-07-05T04:00:00+00:00,147.82,148.58,146.76,147.89,35704.118127919995
1751702400,2025-07-05T08:00:00+00:00,147.89,148.59,146.85,148.23,24286.19582481
1751716800,2025-07-05T12:00:00+00:00,148.24,148.71,147.12,147.17,41307.430394740004
1751731200,2025-07-05T16:00:00+00:00,147.17,147.31,145.95,146.92,51450.39612646
1751745600,2025-07-05T20:00:00+00:00,146.92,148.08,146.5,147.61,30513.85577305
1751760000,2025-07-06T00:00:00+00:00,147.61,147.7,146.87,147.41,27631.354680800003
1751774400,2025-07-06T04:00:00+00:00,147.4,148.54,147.12,147.93,40900.88062721
1751788800,2025-07-06T08:00:00+00:00,147.93,148.09,146.82,148.05,18628.91157264
1751803200,2025-07-06T12:00:00+00:00,148.04,152.12,147.92,151.55,111450.33025496
1751817600,2025-07-06T16:00:00+00:00,151.56,153.25,150.72,151.32,82423.71869966
1751832000,2025-07-06T20:00:00+00:00,151.32,153.9,151.27,151.9,107123.24618730001
1751846400,2025-07-07T00:00:00+00:00,151.9,152.92,150.26,151.91,104103.94083040999
1751860800,2025-07-07T04:00:00+00:00,151.91,152.48,150.86,152.41,46878.34200992
1751875200,2025-07-07T08:00:00+00:00,152.39,153.61,151.67,152.81,63750.14366114
1751889600,2025-07-07T12:00:00+00:00,152.8,153.4,150.98,151.09,185183.75606956
1751904000,2025-07-07T16:00:00+00:00,151.09,151.61,148.59,148.97,243933.40701595
1751918400,2025-07-07T20:00:00+00:00,148.95,148.97,147.7,148.9,120562.70665580999
1751932800,2025-07-08T00:00:00+00:00,148.9,150.14,147.84,148.66,110252.68577662
1751947200,2025-07-08T04:00:00+00:00,148.66,149.77,148.21,149.69,34999.769015449994
1751961600,2025-07-08T08:00:00+00:00,149.68,151.66,149.55,151.31,43734.13611721
1751976000,2025-07-08T12:00:00+00:00,151.31,152.89,149.8,149.86,97689.34248122999
1751990400,2025-07-08T16:00:00+00:00,149.89,152.88,149.39,151.67,132212.33093999
1752004800,2025-07-08T20:00:00+00:00,151.66,151.98,150.01,151.72,71165.62536288
1752019200,2025-07-09T00:00:00+00:00,151.72,152.38,151.12,151.33,62198.852808469994
1752033600,2025-07-09T04:00:00+00:00,151.31,153.88,150.57,153.04,70990.82092811
1752048000,2025-07-09T08:00:00+00:00,153.03,154.47,152.34,153.76,91415.57480815
1752062400,2025-07-09T12:00:00+00:00,153.76,155.55,152.89,154.01,209282.32419560003
1752076800,2025-07-09T16:00:00+00:00,154.01,157.88,151.25,157.34,310741.05737199
1752091200,2025-07-09T20:00:00+00:00,157.32,157.99,155.46,157.11,182065.87559137002
1752105600,2025-07-10T00:00:00+00:00,157.11,159.38,155.98,157.42,97080.96571019
1752120000,2025-07-10T04:00:00+00:00,157.4,158.69,156.74,157.99,46239.07598906
1752134400,2025-07-10T08:00:00+00:00,157.96,159.24,157.25,157.71,54915.06251557999
1752148800,2025-07-10T12:00:00+00:00,157.71,158.44,155.71,156.52,107624.63313259999
1752163200,2025-07-10T16:00:00+00:00,156.52,161.25,156.11,159.42,249945.48818292998
1752177600,2025-07-10T20:00:00+00:00,159.44,165.4,159.35,164.35,292073.61518233
1752192000,2025-07-11T00:00:00+00:00,164.35,165.49,161.89,165.28,134649.54321868
1752206400,2025-07-11T04:00:00+00:00,165.26,166.88,163.23,163.35,163920.17090584998
1752220800,2025-07-11T08:00:00+00:00,163.36,165.42,163.36,163.9,103204.79670037
1752235200,2025-07-11T12:00:00+00:00,163.91,168.23,161.8,162.35,351187.00835762
1752249600,2025-07-11T16:00:00+00:00,162.36,165.08,161.31,164.7,223330.87422278
1752264000,2025-07-11T20:00:00+00:00,164.65,164.9,159.63,162.97,165518.15124854998
1752278400,2025-07-12T00:00:00+00:00,162.96,163.98,161.79,163.53,81201.97899245001
1752292800,2025-07-12T04:00:00+00:00,163.53,163.93,162.11,163.3,63785.606745150006
1752307200,2025-07-12T08:00:00+00:00,163.3,163.51,161.48,161.68,45147.716065
1752321600,2025-07-12T12:00:00+00:00,161.67,161.87,157.77,158.21,136296.28063214
1752336000,2025-07-12T16:00:00+00:00,158.21,160.85,157.97,160.78,85219.79228105998
1752350400,2025-07-12T20:00:00+00:00,160.79,160.99,158.99,160.76,57750.75241721001
1752364800,2025-07-13T00:00:00+00:00,160.76,161.82,160.23,161.23,69830.96726364999
1752379200,2025-07-13T04:00:00+00:00,161.25,162.84,161.07,162.71,52877.91913719001
1752393600,2025-07-13T08:00:00+00:00,162.72,162.81,161.64,162.11,36783.92319472
1752408000,2025-07-13T12:00:00+00:00,162.11,164.23,161.87,162.12,129362.88229092999
1752422400,2025-07-13T16:00:00+00:00,162.12,163.6,160.55,162.59,112246.94910322
1752436800,2025-07-13T20:00:00+00:00,162.6,163.14,159.7,161.22,131993.18750458
1752451200,2025-07-14T00:00:00+00:00,161.22,168.23,160.69,167.13,196785.55121253
1752465600,2025-07-14T04:00:00+00:00,167.13,168.69,165.39,167.29,166198.48018821998
1752480000,2025-07-14T08:00:00+00:00,167.3,168.2,166.1,166.55,121078.15717985
1752494400,2025-07-14T12:00:00+00:00,166.56,168.66,163.04,163.98,248647.959149
1752508800,2025-07-14T16:00:00+00:00,163.97,165.36,162.42,164.28,178456.69649281
1752523200,2025-07-14T20:00:00+00:00,164.28,164.28,161.72,162.25,115753.33550282
1752537600,2025-07-15T00:00:00+00:00,162.26,162.96,158.19,159.13,163211.4451463
1752552000,2025-07-15T04:00:00+00:00,159.15,160.88,158.24,159.52,79737.17390904999
1752566400,2025-07-15T08:00:00+00:00,159.53,160.12,158.36,159.83,65163.1943222
1752580800,2025-07-15T12:00:00+00:00,159.85,162.17,157.13,160.43,203184.82743211003
1752595200,2025-07-15T16:00:00+00:00,160.44,163.68,159.95,160.19,176690.81994460002
1752609600,2025-07-15T20:00:00+00:00,160.19,164.29,159.69,164.03,113689.02784768
1752624000,2025-07-16T00:00:00+00:00,164.01,165.29,161.53,162.55,118848.59986330001
1752638400,2025-07-16T04:00:00+00:00,162.52,164.65,161.79,164.06,65041.62332695
1752652800,2025-07-16T08:00:00+00:00,164.04,167.55,163.83,166.66,210771.33595774
1752667200,2025-07-16T12:00:00+00:00,166.65,168.84,165.39,168.49,640191.66247505
1752681600,2025-07-16T16:00:00+00:00,168.45,174.8,168.41,174.33,376387.77056478
1752696000,2025-07-16T20:00:00+00:00,174.24,176.1,172.46,173.71,385671.15078204
1752710400,2025-07-17T00:00:00+00:00,173.71,174.93,168.8,169.6,135436.30392878
1752724800,2025-07-17T04:00:00+00:00,169.6,174.23,169.33,174.08,107723.65702952
1752739200,2025-07-17T08:00:00+00:00,174.09,178.23,172.71,176.24,265520.50321717
1752753600,2025-07-17T12:00:00+00:00,176.24,177.64,172.87,174.25,226581.37838103998
1752768000,2025-07-17T16:00:00+00:00,174.23,175.48,171.22,173.18,239898.87669052999
1752782400,2025-07-17T20:00:00+00:00,173.17,177.5,171.41,175.99,283383.40896783
1752796800,2025-07-18T00:00:00+00:00,175.99,181.31,175.39,180.97,261919.00128804
1752811200,2025-07-18T04:00:00+00:00,180.97,184.79,179.98,181.1,255752.40485662
1752825600,2025-07-18T08:00:00+00:00,181.08,182.06,177.18,178.53,247764.66474179004
1752840000,2025-07-18T12:00:00+00:00,178.55,182.27,175,177.1,308031.34439348
1752854400,2025-07-18T16:00:00+00:00,177.1,179.27,176.23,177.09,382367.33121405006
1752868800,2025-07-18T20:00:00+00:00,177.1,177.69,173.3,177.34,319994.10685054003
1752883200,2025-07-19T00:00:00+00:00,177.35,177.75,174.09,177.57,351052.30443286
1752897600,2025-07-19T04:00:00+00:00,177.57,177.85,176.23,177.15,98571.4892271
1752912000,2025-07-19T08:00:00+00:00,177.13,177.85,175.51,176.7,73120.56017389
1752926400,2025-07-19T12:00:00+00:00,176.69,177.85,174.89,177.48,132248.85207197
1752940800,2025-07-19T16:00:00+00:00,177.47,178.14,176.14,177.14,239739.76504021
1752955200,2025-07-19T20:00:00+00:00,177.13,178.74,175.12,177.04,233024.12348756
1752969600,2025-07-20T00:00:00+00:00,177.05,179.82,176.4,178.03,259999.16476664
1752984000,2025-07-20T04:00:00+00:00,178.02,178.73,177,178.01,175118.27367419
1752998400,2025-07-20T08:00:00+00:00,178.02,181.64,178.02,180.51,126411.54310915
1753012800,2025-07-20T12:00:00+00:00,180.5,183.23,180.02,182.06,195023.07587135
1753027200,2025-07-20T16:00:00+00:00,182.06,183.72,180.32,182.07,243684.48388474
1753041600,2025-07-20T20:00:00+00:00,182.06,182.44,177.85,181.52,257141.85896854004
1753056000,2025-07-21T00:00:00+00:00,181.54,187.11,178.36,186.77,256555.7535245
1753070400,2025-07-21T04:00:00+00:00,186.76,191.08,185.11,190.11,254919.17163671
1753084800,2025-07-21T08:00:00+00:00,190.12,193,189.76,191.48,226837.89137278998
1753099200,2025-07-21T12:00:00+00:00,191.48,199.48,190.31,196.97,853114.50147317
1753113600,2025-07-21T16:00:00+00:00,196.94,197.39,193.11,194.75,526493.4100467
1753128000,2025-07-21T20:00:00+00:00,194.77,197.9,193.72,195.83,266573.78775192
1753142400,2025-07-22T00:00:00+00:00,195.83,204.8,193.82,200.18,607980.18532053
1753156800,2025-07-22T04:00:00+00:00,200.16,201.37,194.21,198.19,320381.10440385
1753171200,2025-07-22T08:00:00+00:00,198.18,200.27,194.1,200.04,242757.12604666
1753185600,2025-07-22T12:00:00+00:00,200.04,205.13,197,201.92,575283.23865624
1753200000,2025-07-22T16:00:00+00:00,201.91,204.35,198.36,199,445952.07423038
1753214400,2025-07-22T20:00:00+00:00,198.97,206.42,198.48,205.8,251127.618631
1753228800,2025-07-23T00:00:00+00:00,205.8,205.88,201.09,201.52,154581.96279043
1753243200,2025-07-23T04:00:00+00:00,201.5,202.39,198.97,199.55,110885.38361677
1753257600,2025-07-23T08:00:00+00:00,199.53,200.1,196,197.51,107777.09412658
1753272000,2025-07-23T12:00:00+00:00,197.5,197.66,187.69,192.86,531203.14335615
1753286400,2025-07-23T16:00:00+00:00,192.83,192.87,185.68,188.25,424631.75017363
1753300800,2025-07-23T20:00:00+00:00,188.16,190.19,184.06,189.49,312025.88035467
1753315200,2025-07-24T00:00:00+00:00,189.5,192.06,188.57,189.98,127768.77481485001
1753329600,2025-07-24T04:00:00+00:00,189.98,190.22,179.29,184.3,323468.82261507004
1753344000,2025-07-24T08:00:00+00:00,184.29,187.02,183,186.5,143364.6949148
1753358400,2025-07-24T12:00:00+00:00,186.49,192,183.44,188.63,334678.30662934
1753372800,2025-07-24T16:00:00+00:00,188.64,190.16,184.94,188.07,354227.71169579006
1753387200,2025-07-24T20:00:00+00:00,188.07,189.15,182.13,182.96,246489.99042419
1753401600,2025-07-25T00:00:00+00:00,182.97,183.59,175.73,177.8,346943.97110183
1753416000,2025-07-25T04:00:00+00:00,177.78,179.81,175.96,177.52,189883.27322379002
1753430400,2025-07-25T08:00:00+00:00,177.53,182.16,176.9,181.14,202191.19437336002
1753444800,2025-07-25T12:00:00+00:00,181.13,181.9,176.25,178.24,753358.11531898
1753459200,2025-07-25T16:00:00+00:00,178.24,182.88,177.51,182.18,207336.78976769
1753473600,2025-07-25T20:00:00+00:00,182.2,186.99,182.12,186.81,178100.28520851
1753488000,2025-07-26T00:00:00+00:00,186.8,186.97,184.4,186.01,101139.2628344
1753502400,2025-07-26T04:00:00+00:00,186,187.16,185.67,186.5,53552.54580933
1753516800,2025-07-26T08:00:00+00:00,186.49,189.8,186.49,187.79,86547.16594254
1753531200,2025-07-26T12:00:00+00:00,187.8,188.52,186.13,187.58,80209.1447753
1753545600,2025-07-26T16:00:00+00:00,187.59,187.83,185.11,186.47,110155.55299207
1753560000,2025-07-26T20:00:00+00:00,186.46,186.82,184.37,184.94,78622.79656081999
1753574400,2025-07-27T00:00:00+00:00,184.92,187.66,184.57,187.28,74003.18292980999
1753588800,2025-07-27T04:00:00+00:00,187.28,188.41,186.69,187.3,56597.53275713
1753603200,2025-07-27T08:00:00+00:00,187.29,188.62,186.24,187.07,46252.57154971
1753617600,2025-07-27T12:00:00+00:00,187.07,187.39,184.93,186.52,80987.38192622
1753632000,2025-07-27T16:00:00+00:00,186.51,189.86,186,186.99,146161.56945985998
1753646400,2025-07-27T20:00:00+00:00,186.99,190.76,186.51,188.71,173359.70016826998
1753660800,2025-07-28T00:00:00+00:00,188.72,193.85,187.73,193.38,195599.28134024
1753675200,2025-07-28T04:00:00+00:00,193.37,195.37,191.68,192.36,171326.69623958
1753689600,2025-07-28T08:00:00+00:00,192.36,193.38,190.64,191.98,68202.8517635
1753704000,2025-07-28T12:00:00+00:00,191.99,193.56,186.55,187.16,304142.8662338
1753718400,2025-07-28T16:00:00+00:00,187.16,188.04,183.46,185.29,272458.02441285
1753732800,2025-07-28T20:00:00+00:00,185.29,185.53,182.2,183.13,179233.53587957998
1753747200,2025-07-29T00:00:00+00:00,183.1,184.73,180.66,184.33,148922.41915429998
1753761600,2025-07-29T04:00:00+00:00,184.34,186.7,183.22,186.03,65996.02880966
1753776000,2025-07-29T08:00:00+00:00,186.04,186.53,182.25,182.93,66238.92981036
1753790400,2025-07-29T12:00:00+00:00,182.93,184.98,179.26,180.81,203540.13327852
1753804800,2025-07-29T16:00:00+00:00,180.81,182.45,178.19,181.04,155790.40072877
1753819200,2025-07-29T20:00:00+00:00,181.08,181.97,179.24,181.46,144444.76627891
1753833600,2025-07-30T00:00:00+00:00,181.45,182.33,178.77,181.68,87374.34289803
1753848000,2025-07-30T04:00:00+00:00,181.66,182.53,179.33,180.82,50236.72829513
1753862400,2025-07-30T08:00:00+00:00,180.81,181.49,176.43,177.26,92668.86221307999
1753876800,2025-07-30T12:00:00+00:00,177.28,180.64,176.63,179.17,151675.25712951
1753891200,2025-07-30T16:00:00+00:00,179.18,180.19,170.38,176.1,266058.38185531
1753905600,2025-07-30T20:00:00+00:00,176.09,178.08,174.74,177.76,147131.10181524
1753920000,2025-07-31T00:00:00+00:00,177.76,180.62,177.6,180.3,95438.79504531
1753934400,2025-07-31T04:00:00+00:00,180.3,181.62,179.79,181.25,56812.35866754
1753948800,2025-07-31T08:00:00+00:00,181.23,182.69,180.23,180.7,55239.02599205
1753963200,2025-07-31T12:00:00+00:00,180.7,180.89,175.23,177.32,151311.98198422
1753977600,2025-07-31T16:00:00+00:00,177.32,179.73,174.69,175.25,180061.93404211
1753992000,2025-07-31T20:00:00+00:00,175.27,175.68,171.41,172.19,148592.72479341
1754006400,2025-08-01T00:00:00+00:00,172.18,172.26,167.42,171.12,328351.61132455
1754020800,2025-08-01T04:00:00+00:00,171.1,171.11,168,169.35,205885.82548970002
1754035200,2025-08-01T08:00:00+00:00,169.34,169.34,166.13,169.13,148094.46606073
1754049600,2025-08-01T12:00:00+00:00,169.13,170.3,164.5,168.51,258377.51687096
1754064000,2025-08-01T16:00:00+00:00,168.51,169.71,165.03,166.4,189734.67050294002
1754078400,2025-08-01T20:00:00+00:00,166.39,166.74,159.11,162.66,267587.90165722
1754092800,2025-08-02T00:00:00+00:00,162.64,164.97,162.46,164.34,72623.29110315
1754107200,2025-08-02T04:00:00+00:00,164.33,165.21,161.77,164.39,48797.20559388
1754121600,2025-08-02T08:00:00+00:00,164.41,165.08,162.2,164.43,41163.652673599994
1754136000,2025-08-02T12:00:00+00:00,164.45,165.01,161.01,161.47,85758.60312314
1754150400,2025-08-02T16:00:00+00:00,161.48,162.45,155.75,157.41,210673.57532041
1754164800,2025-08-02T20:00:00+00:00,157.41,159.78,157.03,158.46,100249.97721127002
1754179200,2025-08-03T00:00:00+00:00,158.46,161.24,156.27,160.83,92332.77767298
1754193600,2025-08-03T04:00:00+00:00,160.83,161.59,159.99,161.37,41688.37893484
1754208000,2025-08-03T08:00:00+00:00,161.37,162.89,160.65,161.47,52736.48536348
1754222400,2025-08-03T12:00:00+00:00,161.46,162.34,160.38,162.1,66440.17221508
1754236800,2025-08-03T16:00:00+00:00,162.09,162.78,161.11,161.68,75059.59762146999
1754251200,2025-08-03T20:00:00+00:00,161.64,163.14,160.74,162.02,99862.3124861
1754265600,2025-08-04T00:00:00+00:00,162.02,164.98,161.43,163,108462.22491104
1754280000,2025-08-04T04:00:00+00:00,163.01,163.46,161.29,163.05,42904.426207540004
1754294400,2025-08-04T08:00:00+00:00,163.07,164.07,161.64,162.39,56771.50773794
1754308800,2025-08-04T12:00:00+00:00,162.39,166.94,162.16,165.51,288327.0501685
1754323200,2025-08-04T16:00:00+00:00,165.51,169.84,165,165.64,196158.87989181004
1754337600,2025-08-04T20:00:00+00:00,165.62,169.8,165.26,169.57,117936.14403785
1754352000,2025-08-05T00:00:00+00:00,169.59,169.97,167.53,167.91,77143.32149211
1754366400,2025-08-05T04:00:00+00:00,167.89,169.25,165.76,166.2,67332.62095433
1754380800,2025-08-05T08:00:00+00:00,166.2,171.7,165.64,170.86,67254.57012503
1754395200,2025-08-05T12:00:00+00:00,170.88,171.04,162.93,163.76,201144.06541873998
1754409600,2025-08-05T16:00:00+00:00,163.74,164.94,162.25,162.74,107571.55428017
1754424000,2025-08-05T20:00:00+00:00,162.74,164.57,161.26,164.07,97218.70133009
1754438400,2025-08-06T00:00:00+00:00,164.07,164.12,161.15,161.85,85841.4388665
1754452800,2025-08-06T04:00:00+00:00,161.85,164.75,161.2,164.24,66226.06255265999
1754467200,2025-08-06T08:00:00+00:00,164.23,164.63,162.73,164.19,56653.55337321
1754481600,2025-08-06T12:00:00+00:00,164.19,169.42,162.59,169.04,166696.86393837002
1754496000,2025-08-06T16:00:00+00:00,169.04,169.99,167.19,168.81,130101.33208038998
1754510400,2025-08-06T20:00:00+00:00,168.82,168.89,167.35,168.14,76365.32947785
1754524800,2025-08-07T00:00:00+00:00,168.15,169.02,166.68,166.91,62967.59328545
1754539200,2025-08-07T04:00:00+00:00,166.9,170.4,166.78,170.05,69727.33157921
1754553600,2025-08-07T08:00:00+00:00,170.04,173.51,169.09,172.85,129279.99625999
1754568000,2025-08-07T12:00:00+00:00,172.85,173.19,169.73,170.54,145804.46877367003
1754582400,2025-08-07T16:00:00+00:00,170.51,172.01,167.07,171.83,139746.83770619
1754596800,2025-08-07T20:00:00+00:00,171.83,175.55,171.6,175.41,159321.75322739998
1754611200,2025-08-08T00:00:00+00:00,175.41,175.97,173.47,174.74,140574.38615037
1754625600,2025-08-08T04:00:00+00:00,174.74,177.89,173.89,177.17,79146.31509589
1754640000,2025-08-08T08:00:00+00:00,177.15,177.98,174.91,177.71,77143.31593312
1754654400,2025-08-08T12:00:00+00:00,177.7,179.26,174.2,175.26,241455.02297458999
1754668800,2025-08-08T16:00:00+00:00,175.24,179.69,175.23,178.52,215459.99181599
1754683200,2025-08-08T20:00:00+00:00,178.5,178.81,176.65,176.84,99908.19093541
1754697600,2025-08-09T00:00:00+00:00,176.82,179.05,176.62,177.28,89566.98311572
1754712000,2025-08-09T04:00:00+00:00,177.3,182.14,176.95,180.65,167236.58372818
1754726400,2025-08-09T08:00:00+00:00,180.65,183.35,180.41,180.78,107041.56842628999
1754740800,2025-08-09T12:00:00+00:00,180.78,182.54,178.96,180.11,128047.22643363001
1754755200,2025-08-09T16:00:00+00:00,180.11,182.72,179.48,182.14,117155.29782082999
1754769600,2025-08-09T20:00:00+00:00,182.13,183.46,179.74,179.96,146075.66116187
1754784000,2025-08-10T00:00:00+00:00,179.96,185.98,179.83,184.96,197894.86027067
1754798400,2025-08-10T04:00:00+00:00,184.97,186.18,177.77,178.95,244000.99881545999
1754812800,2025-08-10T08:00:00+00:00,178.94,181.05,177.49,179.95,91628.44121579
1754827200,2025-08-10T12:00:00+00:00,179.95,182.4,178.51,181.54,88165.36312135
1754841600,2025-08-10T16:00:00+00:00,181.54,183.33,181.22,182.8,77594.20782606001
1754856000,2025-08-10T20:00:00+00:00,182.81,183.96,181.29,182.7,134155.22384997
1754870400,2025-08-11T00:00:00+00:00,182.71,185.82,181.3,185.15,186279.38181998
1754884800,2025-08-11T04:00:00+00:00,185.14,186.78,182.77,182.96,108500.06002403
1754899200,2025-08-11T08:00:00+00:00,182.94,184.63,178.33,178.98,93444.21733411
1754913600,2025-08-11T12:00:00+00:00,178.98,180.5,177.22,180.18,188828.93018549
1754928000,2025-08-11T16:00:00+00:00,180.16,181.76,175.55,176.38,141918.83731442998
1754942400,2025-08-11T20:00:00+00:00,176.38,176.91,173.42,174.89,148879.4120516
1754956800,2025-08-12T00:00:00+00:00,174.88,176.81,174.67,175.55,96959.7854744
1754971200,2025-08-12T04:00:00+00:00,175.53,176.66,173.63,175.92,76513.69495443
1754985600,2025-08-12T08:00:00+00:00,175.93,176.54,173.7,175.24,65022.33228311
1755000000,2025-08-12T12:00:00+00:00,175.23,182.05,174.69,181.7,296593.38853844
1755014400,2025-08-12T16:00:00+00:00,181.69,191.15,180.7,190.66,464544.87623026
1755028800,2025-08-12T20:00:00+00:00,190.67,193.72,189.57,191.73,316535.84669507
1755043200,2025-08-13T00:00:00+00:00,191.7,199.47,191.41,197.69,369693.03168641
1755057600,2025-08-13T04:00:00+00:00,197.68,200,195.16,198.71,215060.68728274
1755072000,2025-08-13T08:00:00+00:00,198.74,202.67,197.62,200.97,270792.46284871
1755086400,2025-08-13T12:00:00+00:00,200.97,204.94,194.54,197.48,753622.17250859
1755100800,2025-08-13T16:00:00+00:00,197.47,202.28,197.06,202.14,376533.33113014
1755115200,2025-08-13T20:00:00+00:00,202.17,203.4,199.85,201.62,194231.42622782
1755129600,2025-08-14T00:00:00+00:00,201.6,209.3,200.1,207.99,540132.18757555
1755144000,2025-08-14T04:00:00+00:00,207.98,210,204.14,205.69,402646.67811854
1755158400,2025-08-14T08:00:00+00:00,205.72,205.95,201.88,203.7,221054.5770352
1755172800,2025-08-14T12:00:00+00:00,203.67,205.54,186.81,194.93,802658.88258183
1755187200,2025-08-14T16:00:00+00:00,194.92,195.61,190.47,193.01,303244.32388102997
1755201600,2025-08-14T20:00:00+00:00,193.03,193.35,187.47,192.61,237968.73734074
1755216000,2025-08-15T00:00:00+00:00,192.59,195.81,192.08,195.32,140176.93485704
1755230400,2025-08-15T04:00:00+00:00,195.33,198.2,194.61,197.09,112122.16760064001
1755244800,2025-08-15T08:00:00+00:00,197.09,197.75,193.75,194.43,90200.19123506
1755259200,2025-08-15T12:00:00+00:00,194.44,196.29,182.63,185.61,479256.6929578
1755273600,2025-08-15T16:00:00+00:00,185.6,187,183.25,184.01,283343.30527435
1755288000,2025-08-15T20:00:00+00:00,184,188.41,183.48,185.86,170815.19671286998
1755302400,2025-08-16T00:00:00+00:00,185.83,188.49,185.47,187.24,110239.65724966
1755316800,2025-08-16T04:00:00+00:00,187.24,189.73,186.24,189.26,89668.73384100999
1755331200,2025-08-16T08:00:00+00:00,189.27,189.37,185.52,185.87,72755.57196112
1755345600,2025-08-16T12:00:00+00:00,185.88,189.59,185.31,188.91,108349.60366117
1755360000,2025-08-16T16:00:00+00:00,188.91,189.5,187.22,188.8,68904.37761935999
1755374400,2025-08-16T20:00:00+00:00,188.79,190.15,188.05,189.72,61353.47303971
1755388800,2025-08-17T00:00:00+00:00,189.72,192.06,187.47,191.72,144274.71745574998
1755403200,2025-08-17T04:00:00+00:00,191.72,193.65,191.45,192.02,97403.95703538001
1755417600,2025-08-17T08:00:00+00:00,192.02,193.79,191.61,193.65,93367.76908345001
1755432000,2025-08-17T12:00:00+00:00,193.65,195.57,191.97,195.54,92461.22247413
1755446400,2025-08-17T16:00:00+00:00,195.56,195.91,190.58,191.33,213351.91547969
1755460800,2025-08-17T20:00:00+00:00,191.32,193.53,191,191.15,233405.81382094
1755475200,2025-08-18T00:00:00+00:00,191.13,191.45,181.91,182.82,356377.6879644
1755489600,2025-08-18T04:00:00+00:00,182.8,183.66,180.33,180.72,189808.97860116
1755504000,2025-08-18T08:00:00+00:00,180.71,182.05,180.05,181.46,102262.46392856
1755518400,2025-08-18T12:00:00+00:00,181.45,183.5,180.61,183.19,220342.07584287
1755532800,2025-08-18T16:00:00+00:00,183.19,185.86,181.88,183.31,195476.84487009
1755547200,2025-08-18T20:00:00+00:00,183.27,185.11,182.05,183.02,102293.24834950999
1755561600,2025-08-19T00:00:00+00:00,182.99,185.95,178.29,178.62,201997.62755267002
1755576000,2025-08-19T04:00:00+00:00,178.62,180.67,177.43,180.19,114449.05956567999
1755590400,2025-08-19T08:00:00+00:00,180.18,182.89,179.17,182.72,71566.03805918
1755604800,2025-08-19T12:00:00+00:00,182.73,183.49,177.51,178,264553.43203579
1755619200,2025-08-19T16:00:00+00:00,178,178.78,175.65,176.71,210675.00222993002
1755633600,2025-08-19T20:00:00+00:00,176.72,179.52,175.87,176.2,227746.89245734998
1755648000,2025-08-20T00:00:00+00:00,176.2,181.49,176.03,180.51,170076.25556418
1755662400,2025-08-20T04:00:00+00:00,180.51,181.7,179.84,180.52,73269.68075118
1755676800,2025-08-20T08:00:00+00:00,180.53,182.33,178.21,180.25,141346.33239192
1755691200,2025-08-20T12:00:00+00:00,180.23,185.11,177.55,183.04,377591.31081096
1755705600,2025-08-20T16:00:00+00:00,183.04,188.05,182.59,187.64,287417.88193692
1755720000,2025-08-20T20:00:00+00:00,187.64,187.98,185.81,187.96,132530.72797431
1755734400,2025-08-21T00:00:00+00:00,187.96,190.09,185.51,188.44,217707.48457118002
1755748800,2025-08-21T04:00:00+00:00,188.43,188.67,185.8,186.97,87855.99226946
1755763200,2025-08-21T08:00:00+00:00,186.97,187.02,183.44,184,179960.75525995
1755777600,2025-08-21T12:00:00+00:00,183.99,186.38,181.42,181.59,375800.33810484
1755792000,2025-08-21T16:00:00+00:00,181.61,182.9,179.84,180.09,276364.90718633
1755806400,2025-08-21T20:00:00+00:00,180.07,181.83,179.35,180.27,122083.90588496
1755820800,2025-08-22T00:00:00+00:00,180.26,183.48,179.93,181.72,137994.41622335
1755835200,2025-08-22T04:00:00+00:00,181.71,184.28,181.69,183.92,86460.72773024
1755849600,2025-08-22T08:00:00+00:00,183.91,185,179.57,179.57,94342.83566725001
1755864000,2025-08-22T12:00:00+00:00,179.61,195.47,177.24,193.49,690449.75324641
1755878400,2025-08-22T16:00:00+00:00,193.49,199.7,193.49,198.91,411975.76260995
1755892800,2025-08-22T20:00:00+00:00,198.95,202.34,198.33,200.62,316758.30733921
1755907200,2025-08-23T00:00:00+00:00,200.6,200.74,195.21,198.07,249062.71945344
1755921600,2025-08-23T04:00:00+00:00,198.06,208.43,198,205.03,463238.41115263
1755936000,2025-08-23T08:00:00+00:00,205.04,205.53,201.43,201.89,138902.93345799
1755950400,2025-08-23T12:00:00+00:00,201.9,203.73,200.48,202.5,215540.29689821997
1755964800,2025-08-23T16:00:00+00:00,202.53,204.54,202.12,204,184534.01787871
1755979200,2025-08-23T20:00:00+00:00,204.01,204.81,202.61,204.06,147003.4781558
1755993600,2025-08-24T00:00:00+00:00,204.07,211.82,204.06,208.92,570497.37206619
1756008000,2025-08-24T04:00:00+00:00,208.94,210.78,206.49,206.56,214281.47767485998
1756022400,2025-08-24T08:00:00+00:00,206.57,208.88,203.36,204.45,129652.92213434
1756036800,2025-08-24T12:00:00+00:00,204.45,209.31,203.52,205.59,214909.70570829
1756051200,2025-08-24T16:00:00+00:00,205.59,211.98,201.37,204.93,614578.6494052401
1756065600,2025-08-24T20:00:00+00:00,204.93,207.12,201.02,205.98,325349.48686387
1756080000,2025-08-25T00:00:00+00:00,205.96,213.49,202.24,209.24,664149.28192542
1756094400,2025-08-25T04:00:00+00:00,209.21,209.65,198.38,199.76,480154.19366026
1756108800,2025-08-25T08:00:00+00:00,199.77,200.77,195,197.49,411819.30680703
1756123200,2025-08-25T12:00:00+00:00,197.49,199.42,195.54,196.56,313319.02491424
1756137600,2025-08-25T16:00:00+00:00,196.56,198.41,190.93,191.43,391016.89422263
1756152000,2025-08-25T20:00:00+00:00,191.43,192.08,185.41,187.21,472329.54345958994
1756166400,2025-08-26T00:00:00+00:00,187.21,189.38,185.61,186.94,225918.77596689
1756180800,2025-08-26T04:00:00+00:00,186.94,189.96,186.94,188.94,144868.85622060002
1756195200,2025-08-26T08:00:00+00:00,188.95,190.4,186.69,187.97,121141.21256931001
1756209600,2025-08-26T12:00:00+00:00,187.98,192.56,187.19,190.76,312647.46294921
1756224000,2025-08-26T16:00:00+00:00,190.77,197.51,190.61,197.46,264060.34010077
1756238400,2025-08-26T20:00:00+00:00,197.46,198.1,195.39,195.87,169789.35334779
1756252800,2025-08-27T00:00:00+00:00,195.87,202.79,193.77,201.93,223598.69171177002
1756267200,2025-08-27T04:00:00+00:00,201.93,206,200.8,202.43,312858.06509406003
1756281600,2025-08-27T08:00:00+00:00,202.44,205.67,201.54,205.03,185674.3737888
1756296000,2025-08-27T12:00:00+00:00,205.02,209.43,202.64,208.7,583577.13818208
1756310400,2025-08-27T16:00:00+00:00,208.69,212.09,205.72,206.39,624118.73755836
1756324800,2025-08-27T20:00:00+00:00,206.4,209.45,202.52,202.93,710188.95235294
1756339200,2025-08-28T00:00:00+00:00,202.94,208.36,201.65,208.18,356060.27217328
1756353600,2025-08-28T04:00:00+00:00,208.19,213.27,207.48,213.11,472303.31008376
1756368000,2025-08-28T08:00:00+00:00,213.1,216.51,211.38,213.16,387280.12209665996
1756382400,2025-08-28T12:00:00+00:00,213.16,216.88,210.19,211.07,789760.8036142299
1756396800,2025-08-28T16:00:00+00:00,211.07,214.01,207.19,209.91,363555.73063125997
1756411200,2025-08-28T20:00:00+00:00,209.94,215.74,209.64,214.43,400140.28521071
1756425600,2025-08-29T00:00:00+00:00,214.44,217.9,212.07,216.9,493673.46653941
1756440000,2025-08-29T04:00:00+00:00,216.89,217.95,207.88,208.8,428827.11741969
1756454400,2025-08-29T08:00:00+00:00,208.79,210.03,205.23,207.6,358322.44018813997
1756468800,2025-08-29T12:00:00+00:00,207.61,214.9,203.88,204.46,1069874.99847284
1756483200,2025-08-29T16:00:00+00:00,204.45,205.52,201.29,202.99,492146.95603964
1756497600,2025-08-29T20:00:00+00:00,202.97,205.54,199.86,205.1,333414.79385669995
1756512000,2025-08-30T00:00:00+00:00,205.1,206.66,200.76,205.63,221399.30761080998
1756526400,2025-08-30T04:00:00+00:00,205.63,207.04,204.4,205.14,142813.91776711
1756540800,2025-08-30T08:00:00+00:00,205.14,205.55,201.67,202.65,105246.54099471
1756555200,2025-08-30T12:00:00+00:00,202.65,202.69,197.57,201.07,215195.12302504
1756569600,2025-08-30T16:00:00+00:00,201.05,201.63,199.73,201.25,104050.2602483
1756584000,2025-08-30T20:00:00+00:00,201.26,203.32,199.69,202.74,97265.2497226
1756598400,2025-08-31T00:00:00+00:00,202.74,206.67,202.72,205.57,235010.87333993998
1756612800,2025-08-31T04:00:00+00:00,205.57,205.65,202.76,203.52,104828.87944243001
1756627200,2025-08-31T08:00:00+00:00,203.53,205.85,202.27,203.66,88293.27844654
1756641600,2025-08-31T12:00:00+00:00,203.66,204.9,201.55,204.55,114753.06754163001
1756656000,2025-08-31T16:00:00+00:00,204.56,205.96,203.66,204.59,131872.11594631
1756670400,2025-08-31T20:00:00+00:00,204.59,205.79,200.29,200.63,173954.81441083
1756684800,2025-09-01T00:00:00+00:00,200.62,202.49,196.13,198.44,340622.81548821006
1756699200,2025-09-01T04:00:00+00:00,198.43,202.93,196.64,202.93,222277.92002612998
1756713600,2025-09-01T08:00:00+00:00,202.93,204.57,198.35,199.4,176286.53335156
1756728000,2025-09-01T12:00:00+00:00,199.39,201.19,197.63,198.37,173280.65012627
1756742400,2025-09-01T16:00:00+00:00,198.37,200.16,197.29,200.12,137762.62343243
1756756800,2025-09-01T20:00:00+00:00,200.14,200.16,194.2,197.32,289877.9362146
1756771200,2025-09-02T00:00:00+00:00,197.3,203.35,196.74,201.83,258917.96297835
1756785600,2025-09-02T04:00:00+00:00,201.83,204.46,201.37,202.13,147259.85807796998
1756800000,2025-09-02T08:00:00+00:00,202.09,204.42,201.69,201.98,133809.44878642
1756814400,2025-09-02T12:00:00+00:00,201.96,205.11,197.42,200.29,704211.4219861199
1756828800,2025-09-02T16:00:00+00:00,200.31,207.1,199.5,205.5,327969.99545719
1756843200,2025-09-02T20:00:00+00:00,205.5,209.7,204.91,209.64,243201.88959853
1756857600,2025-09-03T00:00:00+00:00,209.63,211.99,207.43,210.02,311637.46280734
1756872000,2025-09-03T04:00:00+00:00,210.02,210.48,207.92,209.36,93312.5923551
1756886400,2025-09-03T08:00:00+00:00,209.34,211.44,208.17,210.42,109391.92420267
1756900800,2025-09-03T12:00:00+00:00,210.41,213,208.8,211.44,278606.48043175996
1756915200,2025-09-03T16:00:00+00:00,211.44,212.04,208.86,210.5,151876.26014542
1756929600,2025-09-03T20:00:00+00:00,210.44,211.03,208.44,210.83,120765.81343996999
1756944000,2025-09-04T00:00:00+00:00,210.83,212,207.52,208.27,165817.78747103
1756958400,2025-09-04T04:00:00+00:00,208.25,208.59,205.75,206.74,83904.54835376
1756972800,2025-09-04T08:00:00+00:00,206.74,208.86,206.61,207.28,67534.14968847
1756987200,2025-09-04T12:00:00+00:00,207.28,208.58,203.4,203.8,284785.22889916
1757001600,2025-09-04T16:00:00+00:00,203.8,205.19,201.81,202.11,185712.48808118998
1757016000,2025-09-04T20:00:00+00:00,202.1,204.83,201.89,202.32,150779.73993629002
1757030400,2025-09-05T00:00:00+00:00,202.3,204.08,201,203.56,125105.02565246
1757044800,2025-09-05T04:00:00+00:00,203.57,208.46,203.02,207.94,80548.18993557
1757059200,2025-09-05T08:00:00+00:00,207.88,208,204.53,206.68,100191.53026206001
1757073600,2025-09-05T12:00:00+00:00,206.68,210.07,201.62,203.57,523658.11530723
1757088000,2025-09-05T16:00:00+00:00,203.57,205.56,201.84,205.4,217294.18803756
1757102400,2025-09-05T20:00:00+00:00,205.4,205.7,202.71,203.37,156997.28845379
1757116800,2025-09-06T00:00:00+00:00,203.37,204.66,203.15,204.05,131701.90539299
1757131200,2025-09-06T04:00:00+00:00,204.06,204.07,202.12,203.03,55075.78213069
1757145600,2025-09-06T08:00:00+00:00,203.02,203.54,201.91,202.4,55060.661389990004
1757160000,2025-09-06T12:00:00+00:00,202.4,202.87,201.02,201.24,96064.17256983
1757174400,2025-09-06T16:00:00+00:00,201.25,202.35,199.34,199.74,178476.44636536998
1757188800,2025-09-06T20:00:00+00:00,199.74,201.23,199.73,200.18,71684.06473437
1757203200,2025-09-07T00:00:00+00:00,200.19,203.28,200.13,202.87,128529.85373884
1757217600,2025-09-07T04:00:00+00:00,202.86,203.32,202.25,203.03,39294.65093854
1757232000,2025-09-07T08:00:00+00:00,203.01,203.98,202.74,203.97,44087.12584216
1757246400,2025-09-07T12:00:00+00:00,203.96,205.5,203.06,205.19,155252.02461905
1757260800,2025-09-07T16:00:00+00:00,205.17,205.48,201.27,203.06,229260.57249897
1757275200,2025-09-07T20:00:00+00:00,203.07,207.95,202.47,206.34,239675.82147676998
1757289600,2025-09-08T00:00:00+00:00,206.33,209,205.56,207.63,175605.42165084998
1757304000,2025-09-08T04:00:00+00:00,207.6,208.82,206.6,207.9,108410.70552185999
1757318400,2025-09-08T08:00:00+00:00,207.89,215.74,207.35,214.25,448590.73491308
1757332800,2025-09-08T12:00:00+00:00,214.24,216.78,212.92,215.05,525317.59464431
1757347200,2025-09-08T16:00:00+00:00,215.06,217.17,213.87,216.23,566143.7142101601
1757361600,2025-09-08T20:00:00+00:00,216.22,216.31,213.55,214.15,210304.44298292004
1757376000,2025-09-09T00:00:00+00:00,214.15,214.91,210.81,214.6,176103.83474699
1757390400,2025-09-09T04:00:00+00:00,214.61,219.77,213.98,219.24,261826.70897476
1757404800,2025-09-09T08:00:00+00:00,219.23,219.51,217.02,217.26,139928.0753739
1757419200,2025-09-09T12:00:00+00:00,217.25,218.58,211.73,213.05,492301.93063515995
1757433600,2025-09-09T16:00:00+00:00,213.07,217.01,213.01,216.35,214242.41255649
1757448000,2025-09-09T20:00:00+00:00,216.33,217.93,215.02,217.26,146783.61786191
1757462400,2025-09-10T00:00:00+00:00,217.23,219.64,215.09,219.19,263685.74796193
1757476800,2025-09-10T04:00:00+00:00,219.17,222.91,217.8,222.23,244982.43967503
1757491200,2025-09-10T08:00:00+00:00,222.22,222.45,218.86,220.28,172009.07408607
1757505600,2025-09-10T12:00:00+00:00,220.27,225.96,219.8,223.18,589163.55410351
1757520000,2025-09-10T16:00:00+00:00,223.19,224.17,220.61,221.29,225580.76628505002
1757534400,2025-09-10T20:00:00+00:00,221.3,224.74,220.99,224.14,157223.10001417
1757548800,2025-09-11T00:00:00+00:00,224.13,225.7,223.05,224.22,135932.71057195
1757563200,2025-09-11T04:00:00+00:00,224.22,224.31,221.78,223.31,88360.57629155001
1757577600,2025-09-11T08:00:00+00:00,223.31,225.88,222.37,225.12,100304.14697947999
1757592000,2025-09-11T12:00:00+00:00,225.12,229,222.84,226.9,495495.37355204
1757606400,2025-09-11T16:00:00+00:00,226.87,228.4,225.37,226.66,206260.84298085002
1757620800,2025-09-11T20:00:00+00:00,226.66,229.05,225.52,228.85,198910.04842118
1757635200,2025-09-12T00:00:00+00:00,228.83,235.81,228.21,235.19,694625.31663505
1757649600,2025-09-12T04:00:00+00:00,235.17,239.84,234.23,237.38,389080.98723406
1757664000,2025-09-12T08:00:00+00:00,237.39,239.62,236.73,239.22,187340.78366172
1757678400,2025-09-12T12:00:00+00:00,239.22,241.88,237.66,239.4,400364.16871555
1757692800,2025-09-12T16:00:00+00:00,239.4,241.7,238.02,241.33,520170.71765481995
1757707200,2025-09-12T20:00:00+00:00,241.3,244.31,238.53,242.36,395325.76522932
1757721600,2025-09-13T00:00:00+00:00,242.35,244.34,240.88,243.72,260952.81190865
1757736000,2025-09-13T04:00:00+00:00,243.73,243.88,241.4,242.61,190899.03235270001
1757750400,2025-09-13T08:00:00+00:00,242.61,243.89,241.42,242.09,172652.32188675
1757764800,2025-09-13T12:00:00+00:00,242.09,243.29,238.06,239.55,283595.14581554
1757779200,2025-09-13T16:00:00+00:00,239.55,239.87,235.35,239.11,267826.50555974
1757793600,2025-09-13T20:00:00+00:00,239.11,243.29,238.98,242.5,234505.50329723
1757808000,2025-09-14T00:00:00+00:00,242.5,250,242.33,246.99,491064.36951161
1757822400,2025-09-14T04:00:00+00:00,247,248.46,244.57,246.55,281827.85343358
1757836800,2025-09-14T08:00:00+00:00,246.55,248.32,245.71,246.23,189841.83494215
1757851200,2025-09-14T12:00:00+00:00,246.24,246.93,241.63,243.93,384850.51104069
1757865600,2025-09-14T16:00:00+00:00,243.9,248.56,242.24,242.62,235293.6557156
1757880000,2025-09-14T20:00:00+00:00,242.61,244.81,239.25,239.86,226086.84423119997
1757894400,2025-09-15T00:00:00+00:00,239.85,243.5,239.23,242.71,163475.46186369998
1757908800,2025-09-15T04:00:00+00:00,242.71,244.09,236.25,238.01,223334.28735058004
1757923200,2025-09-15T08:00:00+00:00,238.02,238.15,231.6,236.5,383774.39050350996
1757937600,2025-09-15T12:00:00+00:00,236.5,238.17,232,233.05,371328.19531329
1757952000,2025-09-15T16:00:00+00:00,233.04,234.68,230.18,233.04,484687.86915148003
1757966400,2025-09-15T20:00:00+00:00,233.02,235.44,232.74,234.35,196880.17255098
1757980800,2025-09-16T00:00:00+00:00,234.33,235.86,232.8,235.11,227540.24530898003
1757995200,2025-09-16T04:00:00+00:00,235.1,237.04,233,235.8,130554.92480534999
1758009600,2025-09-16T08:00:00+00:00,235.81,236.95,234.8,235.4,83000.06554678999
1758024000,2025-09-16T12:00:00+00:00,235.41,238.15,231.34,237.81,250753.64535920002
1758038400,2025-09-16T16:00:00+00:00,237.79,241,236.27,237.93,410698.32346286
1758052800,2025-09-16T20:00:00+00:00,237.92,239.04,236.55,237.01,175341.86804827
1758067200,2025-09-17T00:00:00+00:00,237.01,237.9,233.95,234.19,248347.17684678
1758081600,2025-09-17T04:00:00+00:00,234.19,238.15,233.28,237.8,178576.47919992998
1758096000,2025-09-17T08:00:00+00:00,237.79,237.8,233.74,234.25,142051.65360627
1758110400,2025-09-17T12:00:00+00:00,234.25,236.05,233.62,233.93,169595.1001056
1758124800,2025-09-17T16:00:00+00:00,233.94,239.21,232.2,238.87,505022.54864901997
1758139200,2025-09-17T20:00:00+00:00,238.81,246.73,236.11,244.91,327502.66708420997
1758153600,2025-09-18T00:00:00+00:00,244.92,247.95,244.21,246.77,212363.55294655
1758168000,2025-09-18T04:00:00+00:00,246.79,247.08,242.63,244.78,97325.80776264
1758182400,2025-09-18T08:00:00+00:00,244.79,247.23,244.41,246.06,99064.30978613
1758196800,2025-09-18T12:00:00+00:00,246.05,249.05,245.12,248.34,271595.10182534996
1758211200,2025-09-18T16:00:00+00:00,248.34,253.61,247.4,248.45,570870.78037404
1758225600,2025-09-18T20:00:00+00:00,248.46,249.22,245.71,247.56,164492.00026712
1758240000,2025-09-19T00:00:00+00:00,247.59,248.63,244.8,245.14,131450.0794458
1758254400,2025-09-19T04:00:00+00:00,245.11,245.85,242.94,243.93,100799.21555410001
1758268800,2025-09-19T08:00:00+00:00,243.92,244.96,240.25,241.01,128220.50968648
1758283200,2025-09-19T12:00:00+00:00,241.02,242.81,235.88,237.65,314143.47237348
1758297600,2025-09-19T16:00:00+00:00,237.66,239,235.24,236.04,263987.56244589004
1758312000,2025-09-19T20:00:00+00:00,236.07,238.97,236.03,238.67,101431.48006741001
1758326400,2025-09-20T00:00:00+00:00,238.66,240.11,237.51,238.21,78879.51869929
1758340800,2025-09-20T04:00:00+00:00,238.22,239.92,237.89,239.89,38707.41005295
1758355200,2025-09-20T08:00:00+00:00,239.88,239.88,237.03,238.29,58194.311169040004
1758369600,2025-09-20T12:00:00+00:00,238.27,241.33,237.18,240.22,85552.1324671
1758384000,2025-09-20T16:00:00+00:00,240.22,241.21,238.1,238.76,79291.12151581001
1758398400,2025-09-20T20:00:00+00:00,238.75,240.49,238.57,239.58,39505.26586642
1758412800,2025-09-21T00:00:00+00:00,239.57,241.88,239.07,241.88,64019.729626240005
1758427200,2025-09-21T04:00:00+00:00,241.89,241.93,239.63,240.02,35427.75582081
1758441600,2025-09-21T08:00:00+00:00,240.02,240.22,237.24,238.79,43580.94726212
1758456000,2025-09-21T12:00:00+00:00,238.8,240.39,237.82,238.03,49473.54830628
1758470400,2025-09-21T16:00:00+00:00,238.02,238.58,236.2,238.11,75352.64061801
1758484800,2025-09-21T20:00:00+00:00,238.11,238.22,235.47,236.31,80426.94645868
1758499200,2025-09-22T00:00:00+00:00,236.28,237.08,230.67,232.94,240823.48846797997
1758513600,2025-09-22T04:00:00+00:00,232.92,233.28,213.71,222.04,436761.65571413
1758528000,2025-09-22T08:00:00+00:00,222.06,222.94,219.5,221.63,242301.74055699998
1758542400,2025-09-22T12:00:00+00:00,221.64,224.22,220.11,220.89,423843.94139384
1758556800,2025-09-22T16:00:00+00:00,220.9,221.73,216.61,217.25,457292.14938248997
1758571200,2025-09-22T20:00:00+00:00,217.21,221.27,216.56,220.56,187559.45891699
1758585600,2025-09-23T00:00:00+00:00,220.56,221.58,212.46,217.12,278024.03657182003
1758600000,2025-09-23T04:00:00+00:00,217.1,220.39,214.19,219.12,153700.08130721998
1758614400,2025-09-23T08:00:00+00:00,219.13,220.96,217.95,219.49,66147.45729431
1758628800,2025-09-23T12:00:00+00:00,219.49,220.77,217.13,219.4,151125.18744816
1758643200,2025-09-23T16:00:00+00:00,219.39,221.79,214.38,214.58,199367.94605000998
1758657600,2025-09-23T20:00:00+00:00,214.57,216.66,213.24,213.31,156371.01802869
1758672000,2025-09-24T00:00:00+00:00,213.31,216.49,207.45,208.6,257627.62412599998
1758686400,2025-09-24T04:00:00+00:00,208.59,211.5,204.94,210.68,314231.23706771
1758700800,2025-09-24T08:00:00+00:00,210.68,212.6,209.83,212.36,249421.75211355
1758715200,2025-09-24T12:00:00+00:00,212.36,216.31,211.5,213.71,231388.58394923003
1758729600,2025-09-24T16:00:00+00:00,213.69,215.57,212.5,213.3,244850.68903354
1758744000,2025-09-24T20:00:00+00:00,213.31,213.35,210.84,211.67,135085.30287602998
1758758400,2025-09-25T00:00:00+00:00,211.65,212.53,206.02,207.26,332281.08196006
1758772800,2025-09-25T04:00:00+00:00,207.25,207.61,202.8,204.21,265156.97393221996
1758787200,2025-09-25T08:00:00+00:00,204.22,205.95,200.76,201.39,230917.49032768002
1758801600,2025-09-25T12:00:00+00:00,201.38,204.95,197.07,201.21,620553.0650342901
1758816000,2025-09-25T16:00:00+00:00,201.23,202.07,193.71,198.18,790501.3358406
1758830400,2025-09-25T20:00:00+00:00,198.19,198.79,191.49,192.8,346025.11637120997
1758844800,2025-09-26T00:00:00+00:00,192.81,197.64,192.62,196.6,235771.98125318
1758859200,2025-09-26T04:00:00+00:00,196.58,197.53,193.89,196.46,173728.45348039002
1758873600,2025-09-26T08:00:00+00:00,196.44,197.13,190.82,193.54,359784.8715368
1758888000,2025-09-26T12:00:00+00:00,193.54,198.39,192.26,196.14,752484.98018378
1758902400,2025-09-26T16:00:00+00:00,196.13,202.9,195.85,200.83,646230.03678646
1758916800,2025-09-26T20:00:00+00:00,200.83,205.62,199.65,205.26,405886.96149824
1758931200,2025-09-27T00:00:00+00:00,205.26,205.56,203.68,204.03,107436.47188354
1758945600,2025-09-27T04:00:00+00:00,204.02,204.25,201.64,202.15,80653.0390392
1758960000,2025-09-27T08:00:00+00:00,202.14,202.32,200,201.79,139947.70999864998
1758974400,2025-09-27T12:00:00+00:00,201.8,203.93,201.08,203.66,69444.23504921999
1758988800,2025-09-27T16:00:00+00:00,203.65,203.74,200.97,202.32,114243.28173212
1759003200,2025-09-27T20:00:00+00:00,202.32,205,201.98,203.56,49952.783012019994
1759017600,2025-09-28T00:00:00+00:00,203.56,204.18,200.88,201.52,80900.04660398999
1759032000,2025-09-28T04:00:00+00:00,201.52,202.53,200.46,202.2,40730.53441424
1759046400,2025-09-28T08:00:00+00:00,202.2,202.76,199.3,199.92,57513.54374077
1759060800,2025-09-28T12:00:00+00:00,199.92,203.65,198.04,203.5,133834.61375415
1759075200,2025-09-28T16:00:00+00:00,203.5,206.75,203.3,206.27,160579.07419827
1759089600,2025-09-28T20:00:00+00:00,206.27,211.04,206.09,210.89,226089.61532828
1759104000,2025-09-29T00:00:00+00:00,210.9,210.98,208.84,210.36,128289.06367196002
1759118400,2025-09-29T04:00:00+00:00,210.37,210.71,207.39,209,98672.14823301
1759132800,2025-09-29T08:00:00+00:00,209,209.8,206.06,207.18,70737.76501886999
1759147200,2025-09-29T12:00:00+00:00,207.16,213.67,204.74,210.18,392067.67793573
1759161600,2025-09-29T16:00:00+00:00,210.18,213.75,207.77,213.05,189678.8629001
1759176000,2025-09-29T20:00:00+00:00,213.05,214.89,212.57,212.85,148133.09747447
1759190400,2025-09-30T00:00:00+00:00,212.84,213.83,210,210.82,199224.8548398
1759204800,2025-09-30T04:00:00+00:00,210.83,211.85,208.66,209.12,57519.07068158001
1759219200,2025-09-30T08:00:00+00:00,209.11,209.11,205.64,207.19,104844.27225425
1759233600,2025-09-30T12:00:00+00:00,207.18,209.72,204.71,206.06,277853.15342552
1759248000,2025-09-30T16:00:00+00:00,206.06,209.22,204.25,208.92,286822.78751481
1759262400,2025-09-30T20:00:00+00:00,208.93,210.99,207.44,208.74,226688.89071866998
1759276800,2025-10-01T00:00:00+00:00,208.75,210.99,206.47,206.74,223848.68200782
1759291200,2025-10-01T04:00:00+00:00,206.74,210.42,206.32,210.21,118340.30967355
1759305600,2025-10-01T08:00:00+00:00,210.21,218,209.93,217.89,325033.8534821
1759320000,2025-10-01T12:00:00+00:00,217.88,220.91,217.27,220.38,320820.25491502
1759334400,2025-10-01T16:00:00+00:00,220.39,221.13,217.51,220.2,217857.64982744
1759348800,2025-10-01T20:00:00+00:00,220.2,222.88,218.55,222.15,171680.50177303
1759363200,2025-10-02T00:00:00+00:00,222.17,225.2,219.64,223.91,269818.67294652003
1759377600,2025-10-02T04:00:00+00:00,223.89,226.79,222.58,223.03,143692.4015124
1759392000,2025-10-02T08:00:00+00:00,223.05,226.84,222.82,225.39,100466.03952025001
1759406400,2025-10-02T12:00:00+00:00,225.4,227.58,222.71,227.32,294190.48151392
1759420800,2025-10-02T16:00:00+00:00,227.32,233.99,226.38,232.46,541059.93120717
1759435200,2025-10-02T20:00:00+00:00,232.46,235.07,230.95,234.87,290925.55853475
1759449600,2025-10-03T00:00:00+00:00,234.87,235.02,230.69,232.43,204320.8249792
1759464000,2025-10-03T04:00:00+00:00,232.44,233.43,227.78,229.57,144893.59298294998
1759478400,2025-10-03T08:00:00+00:00,229.58,231.98,228.03,230.94,117864.41312561001
1759492800,2025-10-03T12:00:00+00:00,230.96,235.2,227.26,235,267824.70105125
1759507200,2025-10-03T16:00:00+00:00,235.03,237.15,228.61,233.29,549135.80862792
1759521600,2025-10-03T20:00:00+00:00,233.32,234.14,230.86,232.98,159189.97377512002
1759536000,2025-10-04T00:00:00+00:00,232.98,234.21,228.07,229.38,193518.61751581
1759550400,2025-10-04T04:00:00+00:00,229.38,230.69,228.9,229.27,63775.49619176
1759564800,2025-10-04T08:00:00+00:00,229.26,230.05,228.36,229.31,49533.57854873
1759579200,2025-10-04T12:00:00+00:00,229.31,230.03,224.5,225.02,149666.40799287
1759593600,2025-10-04T16:00:00+00:00,225.02,227.14,224.29,227.04,117212.21082274
1759608000,2025-10-04T20:00:00+00:00,227.04,228.37,227.04,227.96,44380.85993784
1759622400,2025-10-05T00:00:00+00:00,227.95,232.37,226.62,231,163649.52662959
1759636800,2025-10-05T04:00:00+00:00,231,236.97,231,236.64,179812.93166041
1759651200,2025-10-05T08:00:00+00:00,236.65,237.27,230.8,232.71,124869.31999133
1759665600,2025-10-05T12:00:00+00:00,232.7,232.7,228.52,230.23,92426.91566586
1759680000,2025-10-05T16:00:00+00:00,230.22,231.57,226.75,227.13,122846.60850562
1759694400,2025-10-05T20:00:00+00:00,227.13,229.33,226.75,228.68,85163.59857683
1759708800,2025-10-06T00:00:00+00:00,228.68,233.41,227.63,232.35,258418.61423097
1759723200,2025-10-06T04:00:00+00:00,232.35,234.93,230.25,231.44,135552.63476861
1759737600,2025-10-06T08:00:00+00:00,231.45,234.23,231.45,233.11,92882.43740756999
1759752000,2025-10-06T12:00:00+00:00,233.11,236.84,232.76,235.75,293315.20280301
1759766400,2025-10-06T16:00:00+00:00,235.74,237.96,234.18,235.49,269409.91931119
1759780800,2025-10-06T20:00:00+00:00,235.48,236.27,231.82,232.45,234487.27326158
1759795200,2025-10-07T00:00:00+00:00,232.46,234.12,231.1,234.05,155543.21686383
1759809600,2025-10-07T04:00:00+00:00,234.03,235.28,229.54,231.16,156548.01060349
1759824000,2025-10-07T08:00:00+00:00,231.16,231.85,228.42,230.63,102537.37458787
1759838400,2025-10-07T12:00:00+00:00,230.63,231.87,221.49,223.89,382018.85391378996
1759852800,2025-10-07T16:00:00+00:00,223.89,225.46,220.78,221.78,317923.88139694004
1759867200,2025-10-07T20:00:00+00:00,221.81,224.37,219.81,220.05,186217.10095028
1759881600,2025-10-08T00:00:00+00:00,220.06,222.91,218.08,218.44,188537.45131402003
1759896000,2025-10-08T04:00:00+00:00,218.45,221.04,217.44,221.02,130263.52421074998
1759910400,2025-10-08T08:00:00+00:00,221.02,222.71,220.76,221.26,103683.96563174
1759924800,2025-10-08T12:00:00+00:00,221.27,224.22,218.89,221.27,185589.88779340003
1759939200,2025-10-08T16:00:00+00:00,221.27,229.73,220.76,229.36,331538.23429845
1759953600,2025-10-08T20:00:00+00:00,229.36,229.77,227.4,229.14,247250.80073329998
1759968000,2025-10-09T00:00:00+00:00,229.1,229.73,223.92,226.2,209597.94132893998
1759982400,2025-10-09T04:00:00+00:00,226.22,228.84,224.21,224.58,117159.55874027
1759996800,2025-10-09T08:00:00+00:00,224.57,224.87,219.39,223.23,136857.85740504
1760011200,2025-10-09T12:00:00+00:00,223.23,226.41,218.72,219.21,276515.45224962
1760025600,2025-10-09T16:00:00+00:00,219.21,220.22,216.75,218.37,236602.32150405
1760040000,2025-10-09T20:00:00+00:00,218.39,221.83,217.7,221.03,161773.17356874997
1760054400,2025-10-10T00:00:00+00:00,221.03,222.96,219.61,221.74,149329.84623217
1760068800,2025-10-10T04:00:00+00:00,221.73,222.98,218,218.2,86965.40798676001
1760083200,2025-10-10T08:00:00+00:00,218.19,221.62,217.45,221.21,136323.70294762
1760097600,2025-10-10T12:00:00+00:00,221.21,224.52,209.01,210.76,558695.5102734
1760112000,2025-10-10T16:00:00+00:00,210.76,213.13,203.4,205.36,661997.43317396
1760126400,2025-10-10T20:00:00+00:00,205.36,210,176.85,188.82,1614812.73835993
1760140800,2025-10-11T00:00:00+00:00,188.83,191.24,181,185.01,675910.96957557
1760155200,2025-10-11T04:00:00+00:00,185.05,187.2,180.18,182.96,490646.85387042
1760169600,2025-10-11T08:00:00+00:00,182.99,188.49,181.88,184.01,238477.82449208002
1760184000,2025-10-11T12:00:00+00:00,183.99,185.23,181,184,308411.59353368
1760198400,2025-10-11T16:00:00+00:00,184,185,176.77,177.77,349588.50699792
1760212800,2025-10-11T20:00:00+00:00,177.75,178.95,172.78,177.82,455597.74995925004
1760227200,2025-10-12T00:00:00+00:00,177.83,178.72,173.17,177.22,336353.19252287
1760241600,2025-10-12T04:00:00+00:00,177.23,183.18,176.8,182.73,211821.98372928
1760256000,2025-10-12T08:00:00+00:00,182.73,182.95,180.44,181.02,107958.56431517
1760270400,2025-10-12T12:00:00+00:00,181.01,191.96,178.25,191.36,504877.72250638995
1760284800,2025-10-12T16:00:00+00:00,191.31,196.66,191.31,195.99,430780.64443174994
1760299200,2025-10-12T20:00:00+00:00,196.02,199.19,193.34,197.2,425363.23147723003
1760313600,2025-10-13T00:00:00+00:00,197.2,200.17,194.51,195.01,203603.57341466
1760328000,2025-10-13T04:00:00+00:00,195,199.75,193.05,196.96,183029.41293497
1760342400,2025-10-13T08:00:00+00:00,196.93,198.85,190.34,192.74,140703.94046117
1760356800,2025-10-13T12:00:00+00:00,192.73,197.9,191.48,196.6,288269.10946003
1760371200,2025-10-13T16:00:00+00:00,196.62,208.88,196.42,207.3,522953.99351954996
1760385600,2025-10-13T20:00:00+00:00,207.31,209.48,207,208.87,171838.09744913
1760400000,2025-10-14T00:00:00+00:00,208.87,211.47,205.15,205.9,393360.7447502
1760414400,2025-10-14T04:00:00+00:00,205.88,206.07,192.1,194.6,526451.52817256
1760428800,2025-10-14T08:00:00+00:00,194.6,197.82,191.23,195.48,564663.5992747
1760443200,2025-10-14T12:00:00+00:00,195.48,202.74,191.69,202.36,637326.29892507
1760457600,2025-10-14T16:00:00+00:00,202.38,208.97,197.19,198.55,611085.16004759
1760472000,2025-10-14T20:00:00+00:00,198.55,203.51,198.25,202.55,223834.41836959
1760486400,2025-10-15T00:00:00+00:00,202.54,205.96,201,201.78,188147.10624699
1760500800,2025-10-15T04:00:00+00:00,201.79,205.5,200.6,204.76,124928.32227554
1760515200,2025-10-15T08:00:00+00:00,204.76,209,202.23,202.76,223103.19225469002
1760529600,2025-10-15T12:00:00+00:00,202.75,205,196.3,197.27,577924.47780241
1760544000,2025-10-15T16:00:00+00:00,197.27,198.94,194.26,194.89,318464.86813592
1760558400,2025-10-15T20:00:00+00:00,194.88,196.7,192.18,193.94,238711.59385396997
1760572800,2025-10-16T00:00:00+00:00,193.93,196.23,193.19,193.72,144488.77108914
1760587200,2025-10-16T04:00:00+00:00,193.7,195.68,191.46,192.94,154279.76358512
1760601600,2025-10-16T08:00:00+00:00,192.96,197.25,186.93,196.89,218102.24361642002
1760616000,2025-10-16T12:00:00+00:00,196.91,198.5,186.64,187.66,425886.65909939003
1760630400,2025-10-16T16:00:00+00:00,187.67,192.41,183.85,185.15,513273.24979871
1760644800,2025-10-16T20:00:00+00:00,185.16,186.21,182,184.88,367246.80819520005
1760659200,2025-10-17T00:00:00+00:00,184.85,187.58,184.3,187.11,148864.44260311002
1760673600,2025-10-17T04:00:00+00:00,187.12,187.49,177.33,177.74,298524.22848376003
1760688000,2025-10-17T08:00:00+00:00,177.78,182.64,174.1,181.43,583770.66519572
1760702400,2025-10-17T12:00:00+00:00,181.43,182.83,176.32,182.74,450401.47743478
1760716800,2025-10-17T16:00:00+00:00,182.74,185.5,181.5,181.99,352712.58496638
1760731200,2025-10-17T20:00:00+00:00,181.99,186.1,181.5,182.05,180822.72386823
1760745600,2025-10-18T00:00:00+00:00,182.01,185.57,181.81,184.88,115798.57163156
1760760000,2025-10-18T04:00:00+00:00,184.85,188.42,183.09,186.36,110406.14874511
1760774400,2025-10-18T08:00:00+00:00,186.34,187.27,184.5,186.17,84234.00192284
1760788800,2025-10-18T12:00:00+00:00,186.18,187.5,184.05,185.12,90763.34202546
1760803200,2025-10-18T16:00:00+00:00,185.11,186.48,183.38,186.4,97123.8059952
1760817600,2025-10-18T20:00:00+00:00,186.41,187.91,185.95,187.63,89660.61918268
1760832000,2025-10-19T00:00:00+00:00,187.62,187.96,184.88,187.08,100380.2467819
1760846400,2025-10-19T04:00:00+00:00,187.08,187.74,185.24,185.93,58627.480783629995
1760860800,2025-10-19T08:00:00+00:00,185.95,190.05,183.22,189.05,189851.23429122998
1760875200,2025-10-19T12:00:00+00:00,189.06,191.8,188.2,190.86,150919.26880673
1760889600,2025-10-19T16:00:00+00:00,190.87,192.33,188.31,188.98,198101.74514067004
1760904000,2025-10-19T20:00:00+00:00,188.96,190.2,186.99,187.94,152442.41723507
1760918400,2025-10-20T00:00:00+00:00,187.94,191.87,183.89,191.28,185766.69691527
1760932800,2025-10-20T04:00:00+00:00,191.28,194.63,190.66,193.14,112995.27508950999
1760947200,2025-10-20T08:00:00+00:00,193.13,194.16,191.07,192.26,87443.12069438
1760961600,2025-10-20T12:00:00+00:00,192.25,193.05,190.5,190.57,154055.63905343
1760976000,2025-10-20T16:00:00+00:00,190.56,190.57,185.61,188.85,209332.18080083
1760990400,2025-10-20T20:00:00+00:00,188.84,191.23,188.31,189.79,148306.45178596
1761004800,2025-10-21T00:00:00+00:00,189.79,190.32,185.33,185.65,149208.39621191
1761019200,2025-10-21T04:00:00+00:00,185.62,185.69,182.66,185.08,169349.41556882998
1761033600,2025-10-21T08:00:00+00:00,185.07,186.78,183.81,186.32,60676.963919910006
1761048000,2025-10-21T12:00:00+00:00,186.33,197.27,184.03,196.39,425499.34315165004
1761062400,2025-10-21T16:00:00+00:00,196.37,197.81,192.18,194.05,306488.99714972003
1761076800,2025-10-21T20:00:00+00:00,194.06,194.31,185.08,185.71,401150.50201726
1761091200,2025-10-22T00:00:00+00:00,185.7,187.53,184.19,185.35,179900.11648914
1761105600,2025-10-22T04:00:00+00:00,185.33,186.38,183.42,185.05,95723.8040307
1761120000,2025-10-22T08:00:00+00:00,185.06,186.06,182.06,185.12,118685.05541629001
1761134400,2025-10-22T12:00:00+00:00,185.12,186.98,181.34,184.01,387378.79275448003
1761148800,2025-10-22T16:00:00+00:00,184.01,184.97,177.4,180.21,400478.10514936
1761163200,2025-10-22T20:00:00+00:00,180.21,180.79,177.24,180.16,280367.90852275
1761177600,2025-10-23T00:00:00+00:00,180.15,183.42,179.71,182.89,206068.4338619
1761192000,2025-10-23T04:00:00+00:00,182.89,188.02,182.73,187.52,120627.52798279
1761206400,2025-10-23T08:00:00+00:00,187.53,189.52,187.53,188.02,105749.56499027
1761220800,2025-10-23T12:00:00+00:00,188.01,192.62,186.66,191.08,283570.49467866
1761235200,2025-10-23T16:00:00+00:00,191.09,193.5,190.13,191.24,215242.31176163003
1761249600,2025-10-23T20:00:00+00:00,191.22,191.58,188.39,191.43,123752.02916154999
1761264000,2025-10-24T00:00:00+00:00,191.42,193.97,190.91,191.37,127571.13973689999
1761278400,2025-10-24T04:00:00+00:00,191.38,194.6,190.84,192.27,133769.44249704998
1761292800,2025-10-24T08:00:00+00:00,192.26,193.54,190.63,192.21,89208.63225414
1761307200,2025-10-24T12:00:00+00:00,192.21,196.79,188.83,189.49,346183.58635815
1761321600,2025-10-24T16:00:00+00:00,189.48,193.65,188.84,193.1,129031.5325063
1761336000,2025-10-24T20:00:00+00:00,193.11,194.17,192.85,193.63,122347.15301571999
1761350400,2025-10-25T00:00:00+00:00,193.62,194.52,192.38,193.5,76439.64881246
1761364800,2025-10-25T04:00:00+00:00,193.49,194.93,193.47,193.99,48466.64263032
1761379200,2025-10-25T08:00:00+00:00,193.99,195.29,191.26,192.78,73216.61751481
1761393600,2025-10-25T12:00:00+00:00,192.78,194.29,191.88,191.99,37054.36524148
1761422400,2025-10-25T20:00:00+00:00,194.08,195,193.86,193.87,53456.270419939996
1761436800,2025-10-26T00:00:00+00:00,193.86,194.42,191.96,193.04,54689.77872879
1761451200,2025-10-26T04:00:00+00:00,193.04,194.33,192.77,193.89,30716.45574099
1761465600,2025-10-26T08:00:00+00:00,193.91,197.9,193.75,197.74,107809.35902028001
1761480000,2025-10-26T12:00:00+00:00,197.75,199.89,196.91,199.52,124604.7413732
1761494400,2025-10-26T16:00:00+00:00,199.51,199.7,198.24,198.89,87154.81189314999
1761508800,2025-10-26T20:00:00+00:00,198.88,202.19,196.85,200.07,229998.94254599
1761523200,2025-10-27T00:00:00+00:00,200.05,205.07,199.52,204.36,193404.11800962003
1761537600,2025-10-27T04:00:00+00:00,204.35,205.32,202.25,202.54,101800.00607305
1761552000,2025-10-27T08:00:00+00:00,202.54,202.56,198.25,200.17,140609.45163751
1761566400,2025-10-27T12:00:00+00:00,200.17,200.65,198.33,200.11,173664.6138616
1761580800,2025-10-27T16:00:00+00:00,200.11,203.3,199.85,200.05,210368.8479278
1761595200,2025-10-27T20:00:00+00:00,200.05,200.3,197.25,198.68,123630.18521860999
1761609600,2025-10-28T00:00:00+00:00,198.67,202.05,198.41,201.27,133267.86786034
1761624000,2025-10-28T04:00:00+00:00,201.27,202.99,198.64,202.35,130476.16747126
1761638400,2025-10-28T08:00:00+00:00,202.35,203.95,199.25,199.72,82913.26333293
1761652800,2025-10-28T12:00:00+00:00,199.73,203.06,196.7,198.83,346861.48490169
1761667200,2025-10-28T16:00:00+00:00,198.85,201.3,194.53,195.44,211098.21826857002
1761681600,2025-10-28T20:00:00+00:00,195.44,195.44,190.37,194.21,269042.86765245
1761696000,2025-10-29T00:00:00+00:00,194.21,195.1,192.78,193.96,112282.6636192
1761710400,2025-10-29T04:00:00+00:00,193.94,196.11,193.78,195.67,47404.446581410004
1761724800,2025-10-29T08:00:00+00:00,195.68,199.4,193.78,198.77,84033.30013876001
1761739200,2025-10-29T12:00:00+00:00,198.76,201.71,196.42,196.76,284032.97215065
1761753600,2025-10-29T16:00:00+00:00,196.79,198.75,189.55,192.83,558277.5130153699
1761768000,2025-10-29T20:00:00+00:00,192.83,197.04,191.95,193.95,260203.00420749997
1761782400,2025-10-30T00:00:00+00:00,193.92,198.2,192.15,197.12,144451.85460032
1761796800,2025-10-30T04:00:00+00:00,197.1,197.23,190.24,195.76,199065.78647383003
1761811200,2025-10-30T08:00:00+00:00,195.75,196.11,191.1,191.87,109446.04824193999
1761825600,2025-10-30T12:00:00+00:00,191.86,192.06,184.45,185.05,387707.40132357995
1761840000,2025-10-30T16:00:00+00:00,185.02,186.34,178.58,179.02,469096.3068191
1761854400,2025-10-30T20:00:00+00:00,178.97,184.8,178.71,184.67,266180.67079983
1761868800,2025-10-31T00:00:00+00:00,184.69,186.89,183.69,185.14,163100.4810129
1761883200,2025-10-31T04:00:00+00:00,185.14,186.99,184.75,185.31,82566.72528829
1761897600,2025-10-31T08:00:00+00:00,185.32,189.12,184.53,188.79,70037.73287423
1761912000,2025-10-31T12:00:00+00:00,188.78,190.2,185.85,188.14,392654.69531853
1761926400,2025-10-31T16:00:00+00:00,188.13,189.04,184.29,188.31,393358.46086602006
1761940800,2025-10-31T20:00:00+00:00,188.28,188.7,186.43,187.14,87342.62731671
1761955200,2025-11-01T00:00:00+00:00,187.12,187.39,185.42,187.09,93702.28880211
1761969600,2025-11-01T04:00:00+00:00,187.1,187.42,184.89,185.71,105912.43067553
1761984000,2025-11-01T08:00:00+00:00,185.7,186.62,185.18,186.11,38743.79917961
1761998400,2025-11-01T12:00:00+00:00,186.12,186.53,183.7,186.31,87038.25442344001
1762012800,2025-11-01T16:00:00+00:00,186.32,187.05,184.81,186.17,70706.79165804
1762027200,2025-11-01T20:00:00+00:00,186.16,186.85,184.9,186.26,66106.77449938
1762041600,2025-11-02T00:00:00+00:00,186.26,186.3,184.62,185.28,58287.51672911
1762056000,2025-11-02T04:00:00+00:00,185.23,188.26,184.96,187.65,73029.89817967001
1762070400,2025-11-02T08:00:00+00:00,187.66,187.87,184.39,186.11,70439.59111632
1762084800,2025-11-02T12:00:00+00:00,186.09,186.49,183.51,183.78,84199.89447455
1762099200,2025-11-02T16:00:00+00:00,183.76,184.66,182.04,184,88721.3640461
1762113600,2025-11-02T20:00:00+00:00,184.01,188.09,183.55,187.67,87906.20885956999
1762128000,2025-11-03T00:00:00+00:00,187.67,189.05,176.86,177.55,264989.49451806
1762142400,2025-11-03T04:00:00+00:00,177.53,178.78,174.23,176.49,251152.06206876002
1762156800,2025-11-03T08:00:00+00:00,176.48,176.9,173.66,175.29,154325.54704164
1762171200,2025-11-03T12:00:00+00:00,175.28,176.92,164.85,166.76,400393.2188794
1762185600,2025-11-03T16:00:00+00:00,166.79,171.02,165.57,166.68,452480.66613502003
1762200000,2025-11-03T20:00:00+00:00,166.68,167.19,163.2,166.01,418879.22433237
1762214400,2025-11-04T00:00:00+00:00,166.01,168.36,164.13,167.6,251571.82686839
1762228800,2025-11-04T04:00:00+00:00,167.6,168.07,155.8,157,692573.9978048301
1762243200,2025-11-04T08:00:00+00:00,156.99,162.16,156.34,161.64,250390.71881915
1762257600,2025-11-04T12:00:00+00:00,161.66,165.2,158.77,161.42,408926.86553527997
1762272000,2025-11-04T16:00:00+00:00,161.42,162.28,152.14,154.5,736519.80202509
1762286400,2025-11-04T20:00:00+00:00,154.51,155.87,146.44,154.99,879288.56605243
1762300800,2025-11-05T00:00:00+00:00,154.99,157.6,147.24,156.91,619207.4360928
1762315200,2025-11-05T04:00:00+00:00,156.92,158.54,155.64,156.47,223698.85256482003
1762329600,2025-11-05T08:00:00+00:00,156.47,157.94,153.68,157.51,174552.33654762
1762344000,2025-11-05T12:00:00+00:00,157.51,160.5,156.81,160.43,447056.85647435
1762358400,2025-11-05T16:00:00+00:00,160.47,163.99,158.52,162.52,321949.34444647
1762372800,2025-11-05T20:00:00+00:00,162.53,163.98,161.09,162.35,207902.2659959
1762387200,2025-11-06T00:00:00+00:00,162.35,162.94,159.62,162.41,167103.39114413
1762401600,2025-11-06T04:00:00+00:00,162.42,162.76,158.2,158.8,112195.67064216
1762416000,2025-11-06T08:00:00+00:00,158.79,159.86,157.65,158.83,96664.02819688
1762430400,2025-11-06T12:00:00+00:00,158.81,161.46,155.3,155.84,367311.23685707
1762444800,2025-11-06T16:00:00+00:00,155.84,158.59,147.68,156.79,351065.63574786007
1762459200,2025-11-06T20:00:00+00:00,156.81,157.75,153.37,155.2,185192.08007196
1762473600,2025-11-07T00:00:00+00:00,155.18,158.53,154.13,156.79,194996.75280098998
1762488000,2025-11-07T04:00:00+00:00,156.79,158.2,155.19,157.71,123438.83097943
1762502400,2025-11-07T08:00:00+00:00,157.71,158.13,151.59,153.77,142475.42145681
1762516800,2025-11-07T12:00:00+00:00,153.77,156.18,149.72,155.31,390767.56857286
1762531200,2025-11-07T16:00:00+00:00,155.31,164.4,154.27,164.11,453422.68083861994
1762545600,2025-11-07T20:00:00+00:00,164.09,164.32,161.52,161.71,245573.48560451
1762560000,2025-11-08T00:00:00+00:00,161.69,164.83,160.37,162.41,204611.04723387002
1762574400,2025-11-08T04:00:00+00:00,162.43,163.59,159.47,160.96,138102.17647669
1762588800,2025-11-08T08:00:00+00:00,160.96,162.28,158.97,159.31,72922.77845506
1762603200,2025-11-08T12:00:00+00:00,159.32,159.64,155.87,156.6,124448.30943296
1762617600,2025-11-08T16:00:00+00:00,156.61,158.15,155.75,157.31,122818.34046228998
1762632000,2025-11-08T20:00:00+00:00,157.31,158.41,157.16,157.97,62813.065175619995
1762646400,2025-11-09T00:00:00+00:00,157.98,158.26,155.08,155.85,85595.88380484
1762660800,2025-11-09T04:00:00+00:00,155.85,159.53,155.82,159.25,96479.34007211
1762675200,2025-11-09T08:00:00+00:00,159.27,159.88,157.23,159.03,65487.78895046
1762689600,2025-11-09T12:00:00+00:00,159.03,163.95,158.56,162.52,233684.42555415002
1762704000,2025-11-09T16:00:00+00:00,162.5,166.29,161.15,166.14,160855.85664001998
1762718400,2025-11-09T20:00:00+00:00,166.16,166.54,163.87,164.52,192728.89020992
1762732800,2025-11-10T00:00:00+00:00,164.5,168.74,163.38,168.11,267165.43549781
1762747200,2025-11-10T04:00:00+00:00,168.12,168.93,166.38,167.35,103118.54924268
1762761600,2025-11-10T08:00:00+00:00,167.37,169.74,166.11,168.29,106529.05667845
1762776000,2025-11-10T12:00:00+00:00,168.29,170.45,165.12,166.25,220410.00055066
1762790400,2025-11-10T16:00:00+00:00,166.22,168.4,165.19,167.16,172471.90770852
1762804800,2025-11-10T20:00:00+00:00,167.15,168.4,164.72,167.31,155898.6417834
1762819200,2025-11-11T00:00:00+00:00,167.31,171.89,165.93,169.87,229835.59683517
1762833600,2025-11-11T04:00:00+00:00,169.87,170.05,163.54,163.95,184834.26470132
1762848000,2025-11-11T08:00:00+00:00,163.93,164.9,162.72,163.65,148238.14746664
1762862400,2025-11-11T12:00:00+00:00,163.66,164.37,159.94,160.78,282324.27949351
1762876800,2025-11-11T16:00:00+00:00,160.85,161.2,157.38,157.56,177847.99950436
1762891200,2025-11-11T20:00:00+00:00,157.56,157.81,153.84,154.54,222091.27551126003
1762905600,2025-11-12T00:00:00+00:00,154.54,155.54,153.49,154.53,174308.62975127
1762920000,2025-11-12T04:00:00+00:00,154.51,156.53,154.11,154.99,82401.18035105
1762934400,2025-11-12T08:00:00+00:00,154.99,161.16,154.97,160.02,191427.49283884
1762948800,2025-11-12T12:00:00+00:00,160.03,161.05,155.2,155.69,242136.59772321
1762963200,2025-11-12T16:00:00+00:00,155.7,156.21,151.16,153.03,331419.07743531
1762977600,2025-11-12T20:00:00+00:00,153.03,154.65,152.51,153.36,137609.8394354
1762992000,2025-11-13T00:00:00+00:00,153.39,155.76,150.23,154.29,218376.14808626997
1763006400,2025-11-13T04:00:00+00:00,154.31,157.19,153.38,155.3,140979.19211143
1763020800,2025-11-13T08:00:00+00:00,155.27,156.49,153.82,156.23,83281.99055263
1763035200,2025-11-13T12:00:00+00:00,156.24,156.93,152.18,153.08,283561.58672278
1763049600,2025-11-13T16:00:00+00:00,153.06,153.32,142.06,142.65,517852.55924676
1763064000,2025-11-13T20:00:00+00:00,142.64,146.19,141.01,144.7,542459.54611002
1763078400,2025-11-14T00:00:00+00:00,144.7,145.63,142.71,144.23,243417.46448523
1763092800,2025-11-14T04:00:00+00:00,144.22,144.36,138.72,142.74,361370.73139425
1763107200,2025-11-14T08:00:00+00:00,142.76,143.11,139.75,140.69,204191.65023959999
1763121600,2025-11-14T12:00:00+00:00,140.69,143.65,135.64,142.11,726179.52772661
1763136000,2025-11-14T16:00:00+00:00,142.12,144.12,140.5,143.04,245456.68048061
1763150400,2025-11-14T20:00:00+00:00,143.05,143.14,137.13,138.8,240614.3796265
1763164800,2025-11-15T00:00:00+00:00,138.81,143.25,138.63,142.46,118683.35281693
1763179200,2025-11-15T04:00:00+00:00,142.45,143.5,141.21,142.66,104575.29921766999
1763193600,2025-11-15T08:00:00+00:00,142.66,142.77,139.87,140.12,74313.20468809
1763208000,2025-11-15T12:00:00+00:00,140.12,142.17,139.88,141.63,84905.11052314
1763222400,2025-11-15T16:00:00+00:00,141.63,144.63,140.74,141.68,145674.8049851
1763236800,2025-11-15T20:00:00+00:00,141.68,141.87,138.5,139.55,117342.14668066999
1763251200,2025-11-16T00:00:00+00:00,139.56,141.41,137.3,141.31,120120.8785932
1763265600,2025-11-16T04:00:00+00:00,141.31,142.35,140.6,142.21,59782.992310400004
1763280000,2025-11-16T08:00:00+00:00,142.21,143.25,139.46,139.88,72701.51757969
1763294400,2025-11-16T12:00:00+00:00,139.85,140.75,137.01,137.39,135099.14507594
1763308800,2025-11-16T16:00:00+00:00,137.36,138.43,134.34,136.77,378819.25016686
1763323200,2025-11-16T20:00:00+00:00,136.77,138.07,134.8,137.07,176842.42122607998
1763337600,2025-11-17T00:00:00+00:00,137.07,140.52,135.98,140.18,189057.03468728001
1763352000,2025-11-17T04:00:00+00:00,140.18,141.74,139.55,141.24,110033.91806898001
1763366400,2025-11-17T08:00:00+00:00,141.23,142.7,140.85,141.77,136955.80071559
1763380800,2025-11-17T12:00:00+00:00,141.78,143.23,136.68,137.04,294965.62039674004
1763395200,2025-11-17T16:00:00+00:00,137.04,137.09,129.22,129.5,706711.2826184799
1763409600,2025-11-17T20:00:00+00:00,129.49,131.81,128.64,130.82,307267.40863900003
1763424000,2025-11-18T00:00:00+00:00,130.84,135.06,128.87,134.34,373139.38979768
1763438400,2025-11-18T04:00:00+00:00,134.34,137.63,132.36,136.77,326097.6946563
1763452800,2025-11-18T08:00:00+00:00,136.78,139,136.33,137.69,179631.25001412
1763467200,2025-11-18T12:00:00+00:00,137.71,142.03,136.65,139.55,439288.96521365
1763481600,2025-11-18T16:00:00+00:00,139.59,142,138.65,141.39,349079.85946876
1763496000,2025-11-18T20:00:00+00:00,141.37,142.06,139.55,140.63,243478.92656394996
1763510400,2025-11-19T00:00:00+00:00,140.62,142.74,139.17,139.73,219446.04199504
1763524800,2025-11-19T04:00:00+00:00,139.72,141.02,137.01,140.49,169480.78267863998
1763539200,2025-11-19T08:00:00+00:00,140.48,140.93,138.26,138.48,88046.37701414
1763553600,2025-11-19T12:00:00+00:00,138.48,139.12,134.24,134.5,412268.73658893
1763568000,2025-11-19T16:00:00+00:00,134.5,135.35,130,131.61,516111.46682435
1763582400,2025-11-19T20:00:00+00:00,131.58,136.94,131.22,136.93,466060.65046075
1763596800,2025-11-20T00:00:00+00:00,136.93,144.32,136.23,143.06,639104.5868930101
1763611200,2025-11-20T04:00:00+00:00,143.06,144.66,142.06,143.64,216372.37002011
1763625600,2025-11-20T08:00:00+00:00,143.64,143.83,140.95,141.96,125728.51206186999
1763640000,2025-11-20T12:00:00+00:00,141.96,143.27,138.12,138.41,433159.45949768997
1763654400,2025-11-20T16:00:00+00:00,138.41,138.59,131,133.76,1252831.2198404
1763668800,2025-11-20T20:00:00+00:00,133.73,136.52,132.5,133.48,560290.0037603
1763683200,2025-11-21T00:00:00+00:00,133.49,134.95,130.86,132.46,401254.08052492
1763697600,2025-11-21T04:00:00+00:00,132.46,132.97,122,127.35,543965.13329412
1763712000,2025-11-21T08:00:00+00:00,127.38,129.25,123.6,124.14,580497.05354805
1763726400,2025-11-21T12:00:00+00:00,124.13,129.45,121.47,125.29,1101230.88532289
1763740800,2025-11-21T16:00:00+00:00,125.27,130.5,123.44,128.02,707959.5391458799
1763755200,2025-11-21T20:00:00+00:00,128.01,129.25,125,128.57,504282.33695803
1763769600,2025-11-22T00:00:00+00:00,128.59,129.87,126.74,127.05,273200.86090629
1763784000,2025-11-22T04:00:00+00:00,127.05,128.29,125.26,127.64,219592.79376554996
1763798400,2025-11-22T08:00:00+00:00,127.64,127.65,125.26,126.57,129349.3356135
1763812800,2025-11-22T12:00:00+00:00,126.6,127.67,125.03,127.06,176837.01785987
1763827200,2025-11-22T16:00:00+00:00,127.06,128.51,126.71,127.12,164938.97849398
1763841600,2025-11-22T20:00:00+00:00,127.13,128.8,126.02,127.52,130534.42735584002
1763856000,2025-11-23T00:00:00+00:00,127.51,130.78,127.47,129.89,208341.24194651
1763870400,2025-11-23T04:00:00+00:00,129.89,131.85,128.03,128.8,171448.93016273002
1763884800,2025-11-23T08:00:00+00:00,128.8,130.84,128.75,129.66,114788.91226449
1763899200,2025-11-23T12:00:00+00:00,129.69,133.04,129.6,132.82,189808.97078366
1763913600,2025-11-23T16:00:00+00:00,132.82,133.4,130.8,132.34,167894.19402459
1763928000,2025-11-23T20:00:00+00:00,132.34,133.47,130.45,130.53,175639.38144441
1763942400,2025-11-24T00:00:00+00:00,130.54,134.35,129.25,133.36,260906.75075659002
1763956800,2025-11-24T04:00:00+00:00,133.36,133.89,130.12,130.28,242373.77478921
1763971200,2025-11-24T08:00:00+00:00,130.27,130.69,128.35,129.55,191123.49955235
1763985600,2025-11-24T12:00:00+00:00,129.54,132.53,128.46,131.86,267961.14129239
1764000000,2025-11-24T16:00:00+00:00,131.85,137.96,131.75,137.2,445080.92829286
1764014400,2025-11-24T20:00:00+00:00,137.2,139.85,137.2,138.4,336859.34035135
1764028800,2025-11-25T00:00:00+00:00,138.38,138.97,137.21,137.75,124799.46977001999
1764043200,2025-11-25T04:00:00+00:00,137.76,138.92,136.26,136.32,100182.15869175999
1764057600,2025-11-25T08:00:00+00:00,136.28,136.82,134.73,136.27,273966.40922994004
1764072000,2025-11-25T12:00:00+00:00,136.27,136.97,133.11,134.79,360836.62391766004
1764086400,2025-11-25T16:00:00+00:00,134.78,137.99,134.14,136.63,338765.97623828
1764100800,2025-11-25T20:00:00+00:00,136.65,140.47,135.93,138.9,279425.02639104996
1764115200,2025-11-26T00:00:00+00:00,138.89,140.63,137.85,138.11,185188.88849337003
1764129600,2025-11-26T04:00:00+00:00,138.09,139.89,137.65,139.84,129868.90122098
1764144000,2025-11-26T08:00:00+00:00,139.84,139.88,136.15,136.85,120419.38449803
1764158400,2025-11-26T12:00:00+00:00,136.84,138.26,135.45,136.65,283820.86944016
1764172800,2025-11-26T16:00:00+00:00,136.62,144.74,136.41,143.94,524379.08774376
1764187200,2025-11-26T20:00:00+00:00,143.95,144.21,142.48,143,217699.99404815002
1764201600,2025-11-27T00:00:00+00:00,143,144.14,142.04,142.52,195728.09436735
1764216000,2025-11-27T04:00:00+00:00,142.52,144.25,142.3,143.73,114462.06480881
1764230400,2025-11-27T08:00:00+00:00,143.73,143.86,141.5,142.05,158953.11860853
1764244800,2025-11-27T12:00:00+00:00,142.05,142.54,140.66,142.12,130340.81812248999
1764259200,2025-11-27T16:00:00+00:00,142.11,143.11,141.19,142.69,162806.80161559998
1764273600,2025-11-27T20:00:00+00:00,142.69,142.86,140.45,140.83,90682.13373401
1764288000,2025-11-28T00:00:00+00:00,140.82,141.44,138.56,139.65,158663.55547686998
1764302400,2025-11-28T04:00:00+00:00,139.65,140.52,138.94,138.96,89397.55329006001
1764316800,2025-11-28T08:00:00+00:00,138.93,142.66,138.9,140.98,140504.43125958
1764331200,2025-11-28T12:00:00+00:00,140.98,143.6,140.43,141.61,391004.5995676
1764345600,2025-11-28T16:00:00+00:00,141.61,141.65,136,137.54,271962.61503918003
1764360000,2025-11-28T20:00:00+00:00,137.53,138.3,136.64,137.36,95786.60585527
1764374400,2025-11-29T00:00:00+00:00,137.33,137.92,136.76,136.84,60273.5327162
1764388800,2025-11-29T04:00:00+00:00,136.85,137.76,136.3,137.3,61931.77917337
1764403200,2025-11-29T08:00:00+00:00,137.29,137.49,136.45,137.36,50088.039403270006
1764417600,2025-11-29T12:00:00+00:00,137.36,137.7,136.51,137.62,48772.95726665
1764432000,2025-11-29T16:00:00+00:00,137.62,138.1,134.86,135.74,113902.56872503001
1764446400,2025-11-29T20:00:00+00:00,135.72,136.57,135.24,135.95,91568.45966303001
1764460800,2025-11-30T00:00:00+00:00,135.95,136.83,135.28,136.45,82656.49049752
1764475200,2025-11-30T04:00:00+00:00,136.43,136.98,135.55,136.56,65908.42677377
1764489600,2025-11-30T08:00:00+00:00,136.54,137.11,136.15,136.46,53264.80127588
1764504000,2025-11-30T12:00:00+00:00,136.46,140.19,136.21,138.38,99938.69905375999
1764518400,2025-11-30T16:00:00+00:00,138.35,139.88,137.38,137.62,241204.71171057998
1764532800,2025-11-30T20:00:00+00:00,137.61,137.94,133.26,133.47,160486.0493126
1764547200,2025-12-01T00:00:00+00:00,133.48,133.74,126.51,126.98,487013.8592588399
1764561600,2025-12-01T04:00:00+00:00,126.96,127.45,125.77,127.39,156343.55919848
1764576000,2025-12-01T08:00:00+00:00,127.41,128,126.85,127.1,120008.59272964
1764590400,2025-12-01T12:00:00+00:00,127.09,127.68,123.08,125.06,771859.6040655901
1764604800,2025-12-01T16:00:00+00:00,125.08,125.31,123.26,123.85,280027.66790409
1764619200,2025-12-01T20:00:00+00:00,123.85,127.93,123.8,126.66,320087.56429062
1764633600,2025-12-02T00:00:00+00:00,126.65,128.53,126.01,127.25,198150.76329742
1764648000,2025-12-02T04:00:00+00:00,127.25,127.86,126.44,127.26,100162.27667299
1764662400,2025-12-02T08:00:00+00:00,127.25,128.8,126,128.31,99356.61210443
1764676800,2025-12-02T12:00:00+00:00,128.3,140,128.19,137.83,552516.82832443
1764691200,2025-12-02T16:00:00+00:00,137.83,140.93,137.33,140.28,307539.15681778
1764705600,2025-12-02T20:00:00+00:00,140.28,140.4,138.21,138.7,165995.53412494
1764720000,2025-12-03T00:00:00+00:00,138.69,140.67,137.78,140.37,141498.11363337998
1764734400,2025-12-03T04:00:00+00:00,140.35,144.3,140.19,141.91,224016.43360477
1764748800,2025-12-03T08:00:00+00:00,141.92,142.69,140.79,141.75,73955.70794311
1764763200,2025-12-03T12:00:00+00:00,141.75,143.57,138.81,141.01,249100.25089025
1764777600,2025-12-03T16:00:00+00:00,141.02,142.37,139.9,141.27,215066.78453332998
1764792000,2025-12-03T20:00:00+00:00,141.28,146.1,140.74,144.68,324621.24177336995
1764806400,2025-12-04T00:00:00+00:00,144.68,146.92,143.67,144.67,192967.43494504
1764820800,2025-12-04T04:00:00+00:00,144.67,144.93,142.67,143.47,98686.37033909999
1764835200,2025-12-04T08:00:00+00:00,143.48,144.2,142.69,143.06,103486.04302433
1764849600,2025-12-04T12:00:00+00:00,143.05,144.29,141.3,143.24,277690.57727319
1764864000,2025-12-04T16:00:00+00:00,143.23,143.87,137.81,139.68,299124.59608197
1764878400,2025-12-04T20:00:00+00:00,139.67,140.55,138.57,139.06,176789.75149564
1764892800,2025-12-05T00:00:00+00:00,139.05,140.25,138.34,138.59,137028.98626848
1764907200,2025-12-05T04:00:00+00:00,138.58,140.76,137.85,139.7,122105.53283641001
1764921600,2025-12-05T08:00:00+00:00,139.7,139.7,136.17,137.03,149946.99494395
1764936000,2025-12-05T12:00:00+00:00,137.02,137.21,134.41,135.06,296431.60211201
1764950400,2025-12-05T16:00:00+00:00,135.07,135.22,130.81,132.53,282001.96410137
1764964800,2025-12-05T20:00:00+00:00,132.51,133.4,132,133.33,134774.75569289998
1764979200,2025-12-06T00:00:00+00:00,133.32,134.2,132.82,133.77,87868.78153975
1764993600,2025-12-06T04:00:00+00:00,133.77,133.8,132.58,132.77,66205.19970774
1765008000,2025-12-06T08:00:00+00:00,132.74,133.31,131.86,133.24,47286.84509944
1765022400,2025-12-06T12:00:00+00:00,133.23,133.99,132.25,132.91,79396.1438513
1765036800,2025-12-06T16:00:00+00:00,132.91,133.56,131.82,132.12,80041.68705173
1765051200,2025-12-06T20:00:00+00:00,132.12,132.96,131.33,132.23,82394.06980526
1765065600,2025-12-07T00:00:00+00:00,132.23,133.59,131.93,133.52,53299.7505845
1765080000,2025-12-07T04:00:00+00:00,133.53,133.55,131.93,132.11,57478.06300946
1765094400,2025-12-07T08:00:00+00:00,132.1,132.59,131.56,132.44,41271.28399497
1765108800,2025-12-07T12:00:00+00:00,132.43,133.08,127.73,132.03,185763.14366325
1765123200,2025-12-07T16:00:00+00:00,132.01,136.29,130.51,135.74,228097.03756429005
1765137600,2025-12-07T20:00:00+00:00,135.75,136.37,129.8,132.28,176391.78793854002
1765152000,2025-12-08T00:00:00+00:00,132.28,134.73,131.54,134.33,152498.03380263998
1765166400,2025-12-08T04:00:00+00:00,134.33,135.99,134.06,135.86,156924.84917710998
1765180800,2025-12-08T08:00:00+00:00,135.85,139.36,135.66,138.39,205809.80779489997
1765195200,2025-12-08T12:00:00+00:00,138.4,139.35,135.24,135.54,287904.12067067
1765209600,2025-12-08T16:00:00+00:00,135.53,136.55,133.03,133.68,181710.21538478998
1765224000,2025-12-08T20:00:00+00:00,133.66,134.97,132.47,133.28,146247.7823127
1765238400,2025-12-09T00:00:00+00:00,133.26,134.44,132.5,134.17,99767.31420227
1765252800,2025-12-09T04:00:00+00:00,134.18,134.28,131.81,133.2,77071.52706268
1765267200,2025-12-09T08:00:00+00:00,133.21,133.41,132.02,132.93,63250.46639604
1765281600,2025-12-09T12:00:00+00:00,132.94,138.5,131.6,138.43,316545.01987146
1765296000,2025-12-09T16:00:00+00:00,138.44,144.9,138.44,142.1,503482.58004527993
1765310400,2025-12-09T20:00:00+00:00,142.11,142.35,136.73,137.88,220177.68110801
1765324800,2025-12-10T00:00:00+00:00,137.87,138.63,137.21,138.17,121924.92542103
1765339200,2025-12-10T04:00:00+00:00,138.18,140.23,138.08,139.2,95528.62748933
1765353600,2025-12-10T08:00:00+00:00,139.21,139.83,136.3,137.22,136907.85409302
1765368000,2025-12-10T12:00:00+00:00,137.2,138.17,135.72,136.17,167408.76407983998
1765382400,2025-12-10T16:00:00+00:00,136.15,139.64,135.73,138.7,322244.11331932
1765396800,2025-12-10T20:00:00+00:00,138.73,142.62,135.41,136.31,454990.32292633003
1765411200,2025-12-11T00:00:00+00:00,136.29,136.47,129.04,129.43,301208.70447199
1765425600,2025-12-11T04:00:00+00:00,129.39,131.59,129.06,131.06,123110.14938361001
1765440000,2025-12-11T08:00:00+00:00,131.05,131.44,130.21,130.94,50887.9885171
1765454400,2025-12-11T12:00:00+00:00,130.96,132.91,129.87,131.18,279920.65164595
1765468800,2025-12-11T16:00:00+00:00,131.19,135.6,130.12,133.92,402221.86448312993
1765483200,2025-12-11T20:00:00+00:00,133.92,137.84,133.83,136.44,327218.34376512
1765497600,2025-12-12T00:00:00+00:00,136.43,137.98,135.38,137.1,123735.53821604
1765512000,2025-12-12T04:00:00+00:00,137.09,140.16,136.57,139.09,105410.71998221
1765526400,2025-12-12T08:00:00+00:00,139.09,139.17,137.23,138.74,81425.22090896999
1765540800,2025-12-12T12:00:00+00:00,138.74,139.87,132.87,133.51,218514.51699723
1765555200,2025-12-12T16:00:00+00:00,133.49,133.93,130.35,131.29,444172.58597496
1765569600,2025-12-12T20:00:00+00:00,131.29,133.07,131.01,132.32,143557.67887521
1765584000,2025-12-13T00:00:00+00:00,132.31,133.01,132.28,132.89,81661.88905463
1765598400,2025-12-13T04:00:00+00:00,132.89,133.02,132.33,132.96,42065.2900971
1765612800,2025-12-13T08:00:00+00:00,132.96,134.29,132.96,133.32,47565.493090769996
1765627200,2025-12-13T12:00:00+00:00,133.33,133.71,132.63,133.32,59234.715396080006
1765641600,2025-12-13T16:00:00+00:00,133.3,133.83,132.15,132.77,66301.94365069001
1765656000,2025-12-13T20:00:00+00:00,132.76,133.3,131.65,133.17,63621.842142040005
1765670400,2025-12-14T00:00:00+00:00,133.16,133.69,132.74,132.98,61327.15861113
1765684800,2025-12-14T04:00:00+00:00,132.98,133.41,132.08,133.3,40696.21602293
1765699200,2025-12-14T08:00:00+00:00,133.28,133.51,130.2,131.52,93190.43107099
1765713600,2025-12-14T12:00:00+00:00,131.48,131.92,130.34,130.68,73867.09000577
1765728000,2025-12-14T16:00:00+00:00,130.67,131.64,129.43,130.32,126111.27720429
1765742400,2025-12-14T20:00:00+00:00,130.31,130.79,128,129.41,169436.11666558002
1765756800,2025-12-15T00:00:00+00:00,129.39,133.26,129.31,131.17,193176.82289132001
1765771200,2025-12-15T04:00:00+00:00,131.18,132.68,130.88,132.34,68633.72211789
1765785600,2025-12-15T08:00:00+00:00,132.33,133.03,132.06,132.27,42590.223606349995
1765800000,2025-12-15T12:00:00+00:00,132.28,135.43,126.41,126.86,517000.53264046
1765814400,2025-12-15T16:00:00+00:00,126.88,127.31,123.58,124.98,500346.58357714
1765828800,2025-12-15T20:00:00+00:00,124.98,127.86,123.81,127.8,243392.46172022002
1765843200,2025-12-16T00:00:00+00:00,127.79,128.05,124.9,126.48,183065.28538935003
1765857600,2025-12-16T04:00:00+00:00,126.47,127.45,124.87,125.54,106887.75907363
1765872000,2025-12-16T08:00:00+00:00,125.55,129.01,125.4,128.61,102949.39641674
1765886400,2025-12-16T12:00:00+00:00,128.6,130.11,126.07,129.72,413260.93778409995
1765900800,2025-12-16T16:00:00+00:00,129.71,129.81,126.69,127.7,276947.7040375
1765915200,2025-12-16T20:00:00+00:00,127.69,129.53,127.42,129.11,195287.56767691
1765929600,2025-12-17T00:00:00+00:00,129.13,129.8,128.17,128.23,132171.06122784
1765944000,2025-12-17T04:00:00+00:00,128.23,128.52,126.99,128.23,79127.22781066
1765958400,2025-12-17T08:00:00+00:00,128.22,128.22,125.92,127.55,86009.81483659
1765972800,2025-12-17T12:00:00+00:00,127.55,133.97,126.57,126.71,511055.06238291
1765987200,2025-12-17T16:00:00+00:00,126.69,127.93,121.26,122.35,620823.51888631
1766001600,2025-12-17T20:00:00+00:00,122.35,123.75,121.92,123.21,186778.67419708997
1766016000,2025-12-18T00:00:00+00:00,123.22,124.1,122.92,123.61,156458.49396665997
1766030400,2025-12-18T04:00:00+00:00,123.6,124.08,122.16,122.78,106987.70625489001
1766044800,2025-12-18T08:00:00+00:00,122.78,124.1,122.39,123.97,83784.6797633
1766059200,2025-12-18T12:00:00+00:00,123.97,128.97,123.58,127.34,517325.03152803995
1766073600,2025-12-18T16:00:00+00:00,127.32,127.4,117.37,117.49,671481.27388123
1766088000,2025-12-18T20:00:00+00:00,117.48,120.11,116.82,119.52,375100.91253994004
1766102400,2025-12-19T00:00:00+00:00,119.52,122.42,117.55,121.49,275093.99856890005
1766116800,2025-12-19T04:00:00+00:00,121.48,125.24,121.27,124.37,244892.28009803
1766131200,2025-12-19T08:00:00+00:00,124.35,125.67,123.79,125.29,104365.93061955
1766145600,2025-12-19T12:00:00+00:00,125.3,127.65,124.6,125,282128.46513944
1766160000,2025-12-19T16:00:00+00:00,125,126.89,123.53,126.17,241879.35022987
1766174400,2025-12-19T20:00:00+00:00,126.17,127.79,126.01,126.19,133874.05465215
1766188800,2025-12-20T00:00:00+00:00,126.2,126.44,125.22,126.15,62751.51417753
1766203200,2025-12-20T04:00:00+00:00,126.15,126.62,125.77,126.11,42964.566144070006
1766217600,2025-12-20T08:00:00+00:00,126.12,126.83,125.82,126.41,26591.755124720003
1766232000,2025-12-20T12:00:00+00:00,126.42,126.6,125.39,126.5,71748.94596633001
1766246400,2025-12-20T16:00:00+00:00,126.5,126.67,125.68,125.99,45710.70582745
1766260800,2025-12-20T20:00:00+00:00,125.99,126.49,125.54,125.75,65677.14136457
1766275200,2025-12-21T00:00:00+00:00,125.75,126.08,124.56,125.18,62298.31835482
1766289600,2025-12-21T04:00:00+00:00,125.18,125.49,125.03,125.26,23125.21277099
1766304000,2025-12-21T08:00:00+00:00,125.25,126.58,124.75,125.44,51031.525211449996
1766318400,2025-12-21T12:00:00+00:00,125.44,126.03,123.37,125.02,105904.62140052
1766332800,2025-12-21T16:00:00+00:00,125.01,126.29,124.33,125.63,95297.59345233
1766347200,2025-12-21T20:00:00+00:00,125.64,126.26,124.66,126,61342.5751322
1766361600,2025-12-22T00:00:00+00:00,126,128.49,124.5,125.98,187052.34984518
1766376000,2025-12-22T04:00:00+00:00,125.98,126.68,125.51,126.24,59828.24333771
1766390400,2025-12-22T08:00:00+00:00,126.24,127.4,125.42,126.97,92821.73248808
1766404800,2025-12-22T12:00:00+00:00,126.95,128.7,126.27,128,212306.1549594
1766419200,2025-12-22T16:00:00+00:00,128.02,128.32,124.54,124.58,197293.83156276
1766433600,2025-12-22T20:00:00+00:00,124.6,125.96,124.13,125.85,163022.21459425
1766448000,2025-12-23T00:00:00+00:00,125.84,126.86,124.82,125.56,78201.93276350999
1766462400,2025-12-23T04:00:00+00:00,125.57,125.99,123.68,124.12,81969.4887457
1766476800,2025-12-23T08:00:00+00:00,124.11,125.15,123.84,124.8,45806.23113289
1766491200,2025-12-23T12:00:00+00:00,124.79,124.85,122.11,123.29,163538.35661651
1766505600,2025-12-23T16:00:00+00:00,123.29,124.93,122.72,123.9,228484.53277316998
1766520000,2025-12-23T20:00:00+00:00,123.92,125.55,123.38,123.92,129616.35336286
1766534400,2025-12-24T00:00:00+00:00,123.92,124.22,121.68,122.61,103861.90137323999
1766548800,2025-12-24T04:00:00+00:00,122.62,122.96,120.47,121.21,108066.72107334
1766563200,2025-12-24T08:00:00+00:00,121.22,122.15,121,121.97,89138.16005848
1766577600,2025-12-24T12:00:00+00:00,121.97,122.86,120.58,122.65,200166.07961736
1766592000,2025-12-24T16:00:00+00:00,122.65,123.37,121.68,122.77,143184.77643626
1766606400,2025-12-24T20:00:00+00:00,122.77,123.31,122.36,122.44,62550.045789879994
1766620800,2025-12-25T00:00:00+00:00,122.44,123.07,121.97,122.59,41499.93637802
1766635200,2025-12-25T04:00:00+00:00,122.61,122.78,122.02,122.17,24902.377300530003
1766649600,2025-12-25T08:00:00+00:00,122.17,122.58,121.21,121.59,59013.17065656
1766664000,2025-12-25T12:00:00+00:00,121.58,124.01,121.51,123.57,83509.51433558
1766678400,2025-12-25T16:00:00+00:00,123.58,124.37,122.72,123.39,85857.74942114
1766692800,2025-12-25T20:00:00+00:00,123.39,123.45,119.68,119.99,146559.46439223
1766707200,2025-12-26T00:00:00+00:00,119.98,124.28,119.17,122.56,250004.12103978998
1766721600,2025-12-26T04:00:00+00:00,122.57,123.94,121.68,122.62,126675.89570342001
1766736000,2025-12-26T08:00:00+00:00,122.62,124.06,122.18,123.76,108389.31098567002
1766750400,2025-12-26T12:00:00+00:00,123.75,125.04,120.38,121.46,306304.62969977
1766764800,2025-12-26T16:00:00+00:00,121.47,122.28,121.03,122.07,181326.18514534
1766779200,2025-12-26T20:00:00+00:00,122.07,122.56,121.71,122.19,103641.63342924001
1766793600,2025-12-27T00:00:00+00:00,122.18,123.72,121.78,123.59,73451.42510873
1766808000,2025-12-27T04:00:00+00:00,123.57,123.66,122.66,123.07,39683.86694564
1766822400,2025-12-27T08:00:00+00:00,123.07,123.26,122.44,122.91,20447.59706084
1766836800,2025-12-27T12:00:00+00:00,122.91,123.57,122.67,123.25,46187.11042806
1766851200,2025-12-27T16:00:00+00:00,123.25,123.38,122.69,123.19,54359.33040941
1766865600,2025-12-27T20:00:00+00:00,123.2,124.98,123.2,124.64,113914.50967356999
1766880000,2025-12-28T00:00:00+00:00,124.64,124.8,123.79,124.02,38629.13466326
1766894400,2025-12-28T04:00:00+00:00,124.02,124.22,123.52,124.12,29785.954429119996
1766908800,2025-12-28T08:00:00+00:00,124.13,124.74,123.87,124.55,22853.66780509
1766923200,2025-12-28T12:00:00+00:00,124.54,124.95,124.18,124.35,49087.147252170005
1766937600,2025-12-28T16:00:00+00:00,124.35,124.66,122.97,123.2,57063.153068490006
1766952000,2025-12-28T20:00:00+00:00,123.2,125.53,123,125.17,90639.38749096001
1766966400,2025-12-29T00:00:00+00:00,125.17,129.96,124.9,128.45,420228.17145795
1766980800,2025-12-29T04:00:00+00:00,128.44,129.1,127.07,127.73,132782.72142988
1766995200,2025-12-29T08:00:00+00:00,127.73,128.34,124.88,124.93,130099.94351436
1767009600,2025-12-29T12:00:00+00:00,124.93,125.28,122.21,123.32,294469.06074567
1767024000,2025-12-29T16:00:00+00:00,123.3,123.86,122.51,122.92,152215.86507287
1767038400,2025-12-29T20:00:00+00:00,122.92,123.47,122.71,123.09,98960.98756372
1767052800,2025-12-30T00:00:00+00:00,123.08,123.76,122.43,123.63,94707.01766734
1767067200,2025-12-30T04:00:00+00:00,123.63,124.19,123.01,123.86,62849.32008043
1767081600,2025-12-30T08:00:00+00:00,123.86,124.97,123.82,124.13,61043.134730620004
1767096000,2025-12-30T12:00:00+00:00,124.13,125.23,123.38,125.02,132269.54345525
1767110400,2025-12-30T16:00:00+00:00,125.03,126.38,123.63,124.6,216801.90707756003
1767124800,2025-12-30T20:00:00+00:00,124.57,124.99,123.35,124.88,117784.70096757001
1767139200,2025-12-31T00:00:00+00:00,124.87,125.93,124.25,125.65,146000.86158025
1767153600,2025-12-31T04:00:00+00:00,125.66,125.9,125.22,125.8,104471.06529039
1767168000,2025-12-31T08:00:00+00:00,125.79,126.67,125.26,126.57,113358.32066283
1767182400,2025-12-31T12:00:00+00:00,126.56,127.24,124.79,125.43,281188.74773689
1767196800,2025-12-31T16:00:00+00:00,125.43,125.56,123.99,124.2,286826.32295621
1767211200,2025-12-31T20:00:00+00:00,124.2,125.75,123.07,124.45,277408.18404272
1767225600,2026-01-01T00:00:00+00:00,124.44,125.58,124.38,124.98,152007.80476664
1767240000,2026-01-01T04:00:00+00:00,124.96,125.1,124.02,124.04,66792.90815996
1767254400,2026-01-01T08:00:00+00:00,124.04,125.09,123.94,125.03,34365.042547569996
1767268800,2026-01-01T12:00:00+00:00,125.03,125.07,124.25,124.79,78873.76847873
1767283200,2026-01-01T16:00:00+00:00,124.79,125.63,124.12,125.57,93560.86840521
1767297600,2026-01-01T20:00:00+00:00,125.58,127.08,125.13,126.73,135503.06843663
1767312000,2026-01-02T00:00:00+00:00,126.74,127.83,125.68,127.38,117236.42243965002
1767326400,2026-01-02T04:00:00+00:00,127.39,127.56,126.57,126.97,68892.15478246
1767340800,2026-01-02T08:00:00+00:00,126.97,129.84,126.96,128.08,134175.97023004
1767355200,2026-01-02T12:00:00+00:00,128.06,129.5,126.7,128.89,391003.44738093996
1767369600,2026-01-02T16:00:00+00:00,128.87,133,128.58,131.56,589907.6020755899
1767384000,2026-01-02T20:00:00+00:00,131.57,133.19,130.77,132.25,199949.23554623002
1767398400,2026-01-03T00:00:00+00:00,132.24,133.14,132,132.79,124702.40092992
1767412800,2026-01-03T04:00:00+00:00,132.8,132.87,129.54,130.06,105139.11660882
1767427200,2026-01-03T08:00:00+00:00,130.05,131.41,129.74,130.64,86577.64051828
1767441600,2026-01-03T12:00:00+00:00,130.64,132.12,130.43,131.4,81651.92634362
1767456000,2026-01-03T16:00:00+00:00,131.4,132.07,131.4,131.71,69652.54992697
1767470400,2026-01-03T20:00:00+00:00,131.72,133.92,131.28,133.32,116080.51902681001
1767484800,2026-01-04T00:00:00+00:00,133.32,134.89,133.27,134.57,184783.79776587998
1767499200,2026-01-04T04:00:00+00:00,134.57,134.95,133.62,133.78,103091.75717244
1767513600,2026-01-04T08:00:00+00:00,133.77,134.81,133.17,134.33,88538.16118882
1767528000,2026-01-04T12:00:00+00:00,134.32,135.4,133.7,134.86,109350.06813561
1767542400,2026-01-04T16:00:00+00:00,134.85,135.49,133.05,133.51,138627.05351681
1767556800,2026-01-04T20:00:00+00:00,133.5,134.81,133.34,134.04,104195.93157889
1767571200,2026-01-05T00:00:00+00:00,134.05,137.66,133.89,136.58,235467.88141415
1767585600,2026-01-05T04:00:00+00:00,136.58,136.74,134.56,135.38,113513.84741904
1767600000,2026-01-05T08:00:00+00:00,135.37,135.98,134.66,135.69,75708.69510305
1767614400,2026-01-05T12:00:00+00:00,135.69,136.45,133.08,136.08,269187.74722839
1767628800,2026-01-05T16:00:00+00:00,136.07,138.81,134.28,138.21,235276.15042015
1767643200,2026-01-05T20:00:00+00:00,138.2,139.85,137.72,137.9,175410.95151326002
1767657600,2026-01-06T00:00:00+00:00,137.89,138.6,136.89,138.38,145111.2281708
1767672000,2026-01-06T04:00:00+00:00,138.37,140,137.3,137.56,167747.04812897
1767686400,2026-01-06T08:00:00+00:00,137.56,139.64,137.35,139.46,126399.75975447
1767700800,2026-01-06T12:00:00+00:00,139.46,143.44,138.68,141.56,383477.26490249
1767715200,2026-01-06T16:00:00+00:00,141.55,141.94,136.06,137.47,346466.5499479
1767729600,2026-01-06T20:00:00+00:00,137.46,141.88,137.43,141.04,186376.71432039002
1767744000,2026-01-07T00:00:00+00:00,141.04,141.32,138.4,139.49,144161.19442647998
1767758400,2026-01-07T04:00:00+00:00,139.49,139.62,138.05,139.27,71009.19768188
1767772800,2026-01-07T08:00:00+00:00,139.28,139.7,136.45,137.83,102568.31459674
1767787200,2026-01-07T12:00:00+00:00,137.83,138.46,135.12,135.59,192570.77947192
1767801600,2026-01-07T16:00:00+00:00,135.6,136.54,134.28,135.6,175872.18887081
1767816000,2026-01-07T20:00:00+00:00,135.61,136.93,134.86,136.25,226966.59440009
1767830400,2026-01-08T00:00:00+00:00,136.25,138.16,135.86,136.58,155293.58042743
1767844800,2026-01-08T04:00:00+00:00,136.59,138.16,133.62,135.7,141613.94099873
1767859200,2026-01-08T08:00:00+00:00,135.71,136.02,133.74,134.6,96351.23428229
1767873600,2026-01-08T12:00:00+00:00,134.6,136.39,132.54,136.27,296450.05806926
1767888000,2026-01-08T16:00:00+00:00,136.27,138.94,136.11,137.41,195383.40653856
1767902400,2026-01-08T20:00:00+00:00,137.38,139.95,136.39,138.25,179231.90669539
1767916800,2026-01-09T00:00:00+00:00,138.24,140.99,137.57,140.63,161661.27316332
1767931200,2026-01-09T04:00:00+00:00,140.62,140.9,139.22,139.37,221374.1330922
1767945600,2026-01-09T08:00:00+00:00,139.38,139.53,136.86,138.14,126769.3786331
1767960000,2026-01-09T12:00:00+00:00,138.11,140.72,136.06,138.66,223521.29144436
1767974400,2026-01-09T16:00:00+00:00,138.66,140.11,135.28,135.64,373330.43784589996
1767988800,2026-01-09T20:00:00+00:00,135.62,136.27,134.79,135.79,170210.51026244002
1768003200,2026-01-10T00:00:00+00:00,135.79,136.5,135.5,135.95,81573.63885039
1768017600,2026-01-10T04:00:00+00:00,135.96,136.18,135.55,135.91,31193.582942120003
1768032000,2026-01-10T08:00:00+00:00,135.91,136.85,135.79,136.42,38930.43849436
1768046400,2026-01-10T12:00:00+00:00,136.41,136.86,135.84,136.25,51487.480761700004
1768060800,2026-01-10T16:00:00+00:00,136.25,136.58,135.71,136.04,43204.62174051
1768075200,2026-01-10T20:00:00+00:00,136.04,136.11,135.18,135.67,39151.88590926
1768089600,2026-01-11T00:00:00+00:00,135.66,136.35,135.56,136.08,73647.27407714
1768104000,2026-01-11T04:00:00+00:00,136.08,136.23,135.7,136.01,36543.390996660004
1768118400,2026-01-11T08:00:00+00:00,136.01,136.69,135.9,136.37,39153.10131203
1768132800,2026-01-11T12:00:00+00:00,136.37,139.34,136.32,138.23,155034.25451424
1768147200,2026-01-11T16:00:00+00:00,138.24,141.36,138,139.21,252063.81287469002
1768161600,2026-01-11T20:00:00+00:00,139.21,139.58,137.3,139.5,339483.97185255
1768176000,2026-01-12T00:00:00+00:00,139.5,144.17,138.71,142.34,426724.30687175
1768190400,2026-01-12T04:00:00+00:00,142.34,143.14,141.16,141.22,123893.65081729999
1768204800,2026-01-12T08:00:00+00:00,141.22,141.85,138.86,139.86,217649.40690135
1768219200,2026-01-12T12:00:00+00:00,139.85,142.82,138.5,142.44,198927.24488348002
1768233600,2026-01-12T16:00:00+00:00,142.42,144.7,140.47,140.87,273493.24683914
1768248000,2026-01-12T20:00:00+00:00,140.88,141.73,138.2,139.05,264870.71413733
1768262400,2026-01-13T00:00:00+00:00,139.04,139.41,137.66,138.55,124207.33923269999
1768276800,2026-01-13T04:00:00+00:00,138.55,140.56,138.19,139.79,121260.71083798
1768291200,2026-01-13T08:00:00+00:00,139.79,142.94,139.77,141.68,176915.56015105
1768305600,2026-01-13T12:00:00+00:00,141.68,143.77,141.07,143.41,301185.63097149
1768320000,2026-01-13T16:00:00+00:00,143.41,144.5,142.4,144.19,371031.98120162997
1768334400,2026-01-13T20:00:00+00:00,144.19,148.9,143,145.43,374059.94216832
1768348800,2026-01-14T00:00:00+00:00,145.42,146.51,144.2,146.2,224496.1972808
1768363200,2026-01-14T04:00:00+00:00,146.19,146.36,143.8,144.78,168306.04060781002
1768377600,2026-01-14T08:00:00+00:00,144.78,145.75,143.45,143.69,76948.31423157
1768392000,2026-01-14T12:00:00+00:00,143.68,147.55,143.32,147.07,382242.48261207
1768406400,2026-01-14T16:00:00+00:00,147.06,148.41,145.32,146.77,359292.08110755996
1768420800,2026-01-14T20:00:00+00:00,146.78,147.77,145.82,146.7,237098.87443137
1768435200,2026-01-15T00:00:00+00:00,146.68,146.71,143.19,143.44,182938.44355849
1768449600,2026-01-15T04:00:00+00:00,143.44,145.24,143.23,144.97,90710.97465593001
1768464000,2026-01-15T08:00:00+00:00,144.98,145.96,143.9,144.69,80529.34803180001
1768478400,2026-01-15T12:00:00+00:00,144.69,145.66,141.75,143.45,320379.72337541997
1768492800,2026-01-15T16:00:00+00:00,143.42,144.14,140.88,141.47,225865.67463159002
1768507200,2026-01-15T20:00:00+00:00,141.47,142.7,141.01,142.37,173427.32906979
1768521600,2026-01-16T00:00:00+00:00,142.36,142.78,141.65,141.91,75132.49850108
1768536000,2026-01-16T04:00:00+00:00,141.91,143.53,141.4,142.88,82507.46339333
1768550400,2026-01-16T08:00:00+00:00,142.88,143.49,142.65,143.09,40874.22822664
1768564800,2026-01-16T12:00:00+00:00,143.08,143.8,140.15,140.69,171383.94495464
1768579200,2026-01-16T16:00:00+00:00,140.69,144.49,140.59,144.12,301252.16498703
1768593600,2026-01-16T20:00:00+00:00,144.12,145.5,143.41,144.83,152212.06122119003
1768608000,2026-01-17T00:00:00+00:00,144.84,144.93,144.12,144.3,78910.1333109
1768622400,2026-01-17T04:00:00+00:00,144.29,144.43,143.55,143.55,51735.56718489
1768636800,2026-01-17T08:00:00+00:00,143.58,144.59,143.26,143.95,61555.28921549
1768651200,2026-01-17T12:00:00+00:00,143.95,144.29,143.51,144.26,55166.81390247
1768665600,2026-01-17T16:00:00+00:00,144.25,144.44,143.61,144.19,43432.68906965
1768680000,2026-01-17T20:00:00+00:00,144.19,144.5,143.44,143.66,43470.714382670005
1768694400,2026-01-18T00:00:00+00:00,143.66,143.93,141.9,142.76,96680.79019376
1768708800,2026-01-18T04:00:00+00:00,142.76,142.97,142,142.08,31632.42080628
1768723200,2026-01-18T08:00:00+00:00,142.08,142.59,141.9,142.34,23290.428374400002
1768737600,2026-01-18T12:00:00+00:00,142.33,142.68,141.44,141.94,62068.575589579996
1768752000,2026-01-18T16:00:00+00:00,141.93,143.2,141.7,142.23,76340.13421978
1768766400,2026-01-18T20:00:00+00:00,142.24,142.99,137.62,137.81,282831.01720825
1768780800,2026-01-19T00:00:00+00:00,137.78,137.78,130.05,133.88,510808.51819187
1768795200,2026-01-19T04:00:00+00:00,133.87,133.99,132.64,133.39,97286.70633701
1768809600,2026-01-19T08:00:00+00:00,133.36,134.3,133.21,134.05,62389.09832491
1768824000,2026-01-19T12:00:00+00:00,134.02,134.11,133.17,133.48,60435.873475
1768838400,2026-01-19T16:00:00+00:00,133.47,134.65,133.38,134.37,155770.00962538
1768852800,2026-01-19T20:00:00+00:00,134.37,135.09,132.63,133.36,157328.95866373
1768867200,2026-01-20T00:00:00+00:00,133.34,134.54,132.96,134.16,167982.42650165
1768881600,2026-01-20T04:00:00+00:00,134.16,134.17,130.36,130.43,248765.03625511003
1768896000,2026-01-20T08:00:00+00:00,130.43,130.6,128.21,128.69,285385.71193449
1768910400,2026-01-20T12:00:00+00:00,128.69,129.57,127.11,127.72,396411.29532606
1768924800,2026-01-20T16:00:00+00:00,127.72,128.47,126.16,127.07,337683.92812933
1768939200,2026-01-20T20:00:00+00:00,127.07,127.94,124.72,125.66,312290.41007095
1768953600,2026-01-21T00:00:00+00:00,125.66,127.7,125.58,127.43,137625.1056405
1768968000,2026-01-21T04:00:00+00:00,127.43,128.6,127.29,127.47,103587.20840027001
1768982400,2026-01-21T08:00:00+00:00,127.46,128.05,126.68,126.8,106345.56535510998
1768996800,2026-01-21T12:00:00+00:00,126.8,131.02,126.01,130.33,340335.39464729
1769011200,2026-01-21T16:00:00+00:00,130.32,131.59,125.14,131.41,417619.32899137004
1769025600,2026-01-21T20:00:00+00:00,131.41,132.07,129.05,129.44,204390.62693585
1769040000,2026-01-22T00:00:00+00:00,129.44,130.52,129.41,129.75,55255.25194795
1769054400,2026-01-22T04:00:00+00:00,129.72,130.37,129.6,129.68,55752.58785027
1769068800,2026-01-22T08:00:00+00:00,129.68,130.24,129.21,130,110350.11622078001
1769083200,2026-01-22T12:00:00+00:00,130,130.9,126.58,127.27,217738.71232305001
1769097600,2026-01-22T16:00:00+00:00,127.28,129.27,126.78,129.15,141057.46389291
1769112000,2026-01-22T20:00:00+00:00,129.14,129.65,127.87,128.35,108386.12238202
1769126400,2026-01-23T00:00:00+00:00,128.35,128.84,127.92,128.59,56970.10975527
1769140800,2026-01-23T04:00:00+00:00,128.6,129.15,127.08,127.75,79625.81281919
1769155200,2026-01-23T08:00:00+00:00,127.75,127.84,126.75,127.38,37271.14371142
1769169600,2026-01-23T12:00:00+00:00,127.38,127.95,125.15,127.76,164115.72625652
1769184000,2026-01-23T16:00:00+00:00,127.76,130.05,127.29,127.94,212388.57303318998
1769198400,2026-01-23T20:00:00+00:00,127.94,128.1,126.33,127.28,115188.70563150001
1769212800,2026-01-24T00:00:00+00:00,127.29,127.92,127.11,127.71,60102.46928820999
1769227200,2026-01-24T04:00:00+00:00,127.72,127.92,126.82,126.93,41756.35172118
1769241600,2026-01-24T08:00:00+00:00,126.91,127.2,126.74,126.95,15797.450809169999
1769256000,2026-01-24T12:00:00+00:00,126.98,127.22,126.55,126.67,36036.57232837
1769270400,2026-01-24T16:00:00+00:00,126.66,127.33,126.46,127.11,42792.19921893
1769284800,2026-01-24T20:00:00+00:00,127.11,127.56,126.9,127.02,38004.925471509996
1769299200,2026-01-25T00:00:00+00:00,127.02,127.28,126.14,126.45,33004.52370194
1769313600,2026-01-25T04:00:00+00:00,126.45,126.81,126.17,126.29,23678.42866723
1769328000,2026-01-25T08:00:00+00:00,126.29,126.98,125.77,126.57,35911.97774704
1769342400,2026-01-25T12:00:00+00:00,126.56,126.93,125.26,125.39,55635.65354138
1769356800,2026-01-25T16:00:00+00:00,125.39,125.39,117.12,117.85,448427.00311029004
1769371200,2026-01-25T20:00:00+00:00,117.85,119.29,117.18,118.73,456784.40093521
1769385600,2026-01-26T00:00:00+00:00,118.73,122.62,118.41,121.39,245718.75467147998
1769400000,2026-01-26T04:00:00+00:00,121.4,123.46,121.4,122.76,123778.67440003
1769414400,2026-01-26T08:00:00+00:00,122.78,123.47,121.64,122.39,80184.52755844001
1769428800,2026-01-26T12:00:00+00:00,122.39,125.09,122.24,123.42,212986.6998238
1769443200,2026-01-26T16:00:00+00:00,123.41,125.46,122.92,124.18,259796.81303855998
1769457600,2026-01-26T20:00:00+00:00,124.17,124.75,123.27,124.09,144950.8862212
1769472000,2026-01-27T00:00:00+00:00,124.09,125,123.54,124.37,131183.61865467002
1769486400,2026-01-27T04:00:00+00:00,124.35,124.99,123.84,124.38,44430.1164379
1769500800,2026-01-27T08:00:00+00:00,124.38,124.64,123.39,123.96,51060.281056730004
1769515200,2026-01-27T12:00:00+00:00,123.95,124.9,122.93,124.9,114787.26503632
1769529600,2026-01-27T16:00:00+00:00,124.85,126.67,123.4,125.68,196379.84924284
1769544000,2026-01-27T20:00:00+00:00,125.65,127.71,125.56,127.02,153225.75247442
1769558400,2026-01-28T00:00:00+00:00,127.02,127.38,126.48,126.78,85171.13550147
1769572800,2026-01-28T04:00:00+00:00,126.78,127.36,126.28,126.91,56209.106589510004
1769587200,2026-01-28T08:00:00+00:00,126.92,128.16,125.8,128,74561.6024798
1769601600,2026-01-28T12:00:00+00:00,127.99,128.05,125.36,125.91,139898.12173138
1769616000,2026-01-28T16:00:00+00:00,125.91,126.87,125.05,125.82,169589.95329892
1769630400,2026-01-28T20:00:00+00:00,125.81,126.5,124.59,125.16,167387.49183574002
1769644800,2026-01-29T00:00:00+00:00,125.16,125.31,122.47,122.88,190356.58522556
1769659200,2026-01-29T04:00:00+00:00,122.88,123.8,122.29,123.59,57823.32858306001
1769673600,2026-01-29T08:00:00+00:00,123.59,123.73,122.5,122.56,48568.45682375
1769688000,2026-01-29T12:00:00+00:00,122.57,122.99,115.93,117.46,469967.37614182
1769702400,2026-01-29T16:00:00+00:00,117.47,119.81,115.17,116.62,543081.0752392199
1769716800,2026-01-29T20:00:00+00:00,116.62,117.73,116.32,117.61,167244.06359447
1769731200,2026-01-30T00:00:00+00:00,117.62,117.95,111.79,114.25,436223.83733373
1769745600,2026-01-30T04:00:00+00:00,114.25,115.94,112.82,115.6,192498.8088336
1769760000,2026-01-30T08:00:00+00:00,115.59,117.11,114.44,116.87,175320.10909417
1769774400,2026-01-30T12:00:00+00:00,116.88,117.46,114.41,116.66,335145.50351469
1769788800,2026-01-30T16:00:00+00:00,116.63,118.94,114.14,118.11,442264.21872023
1769803200,2026-01-30T20:00:00+00:00,118.1,118.26,116.32,117.42,244074.428649
1769817600,2026-01-31T00:00:00+00:00,117.43,118.46,117.21,118.21,245334.7741509
1769832000,2026-01-31T04:00:00+00:00,118.21,118.72,117.03,117.19,263250.38452245
1769846400,2026-01-31T08:00:00+00:00,117.19,117.36,114,115.86,337995.61421078
1769860800,2026-01-31T12:00:00+00:00,115.85,116,108.06,108.5,529227.45461306
1769875200,2026-01-31T16:00:00+00:00,108.5,109.64,96.52,101.63,1300581.2457151199
1769889600,2026-01-31T20:00:00+00:00,101.63,106.47,100.28,105.44,556352.90063045
1769904000,2026-02-01T00:00:00+00:00,105.44,106.32,104.1,104.86,190420.63046008
1769918400,2026-02-01T04:00:00+00:00,104.87,105.92,103.81,105.07,171289.11448994
1769932800,2026-02-01T08:00:00+00:00,105.06,105.92,103.41,104.97,150312.44699396
1769947200,2026-02-01T12:00:00+00:00,104.96,106.58,100.12,101.62,449528.76224828005
1769961600,2026-02-01T16:00:00+00:00,101.62,104.15,100.79,101.85,372429.05407545
1769976000,2026-02-01T20:00:00+00:00,101.84,102.76,97.93,100.66,579245.7171479
1769990400,2026-02-02T00:00:00+00:00,100.67,103.04,95.83,99.96,716283.30667018
1770004800,2026-02-02T04:00:00+00:00,99.95,102.31,97.03,101.32,587280.40066799
1770019200,2026-02-02T08:00:00+00:00,101.31,103.34,101.28,102.67,262321.69982788
1770033600,2026-02-02T12:00:00+00:00,102.68,106.04,102.33,104.64,607057.21807392
1770048000,2026-02-02T16:00:00+00:00,104.62,105.68,103.41,103.84,459315.36372425
1770062400,2026-02-02T20:00:00+00:00,103.82,105.1,103.22,104.46,268361.25394476997
1770076800,2026-02-03T00:00:00+00:00,104.45,104.58,102.08,104.06,165992.71545634
1770091200,2026-02-03T04:00:00+00:00,104.05,104.99,102.86,104.61,128801.90296224
1770105600,2026-02-03T08:00:00+00:00,104.61,104.93,102.4,102.91,177695.79206379
1770120000,2026-02-03T12:00:00+00:00,102.92,103.56,100.32,102.45,353020.29872908996
1770134400,2026-02-03T16:00:00+00:00,102.46,102.47,96.59,98.87,869248.2587740901
1770148800,2026-02-03T20:00:00+00:00,98.89,101.93,97.09,97.76,430429.18927466
1770163200,2026-02-04T00:00:00+00:00,97.74,99.52,97.03,99,248376.06468954
1770177600,2026-02-04T04:00:00+00:00,99,99.22,96.37,97.78,247474.92476112
1770192000,2026-02-04T08:00:00+00:00,97.78,97.84,94.77,95.97,296563.93843586
1770206400,2026-02-04T12:00:00+00:00,95.99,96.6,91.17,92.63,876507.16722313
1770220800,2026-02-04T16:00:00+00:00,92.66,94.52,89.81,94.17,1357536.2196346298
1770235200,2026-02-04T20:00:00+00:00,94.17,94.29,89.11,91.92,606184.73832974
1770249600,2026-02-05T00:00:00+00:00,91.91,92.73,90.04,90.96,434388.02757917996
1770264000,2026-02-05T04:00:00+00:00,90.97,91.92,89.51,90.35,559558.9001020901
1770278400,2026-02-05T08:00:00+00:00,90.36,93.25,88.5,89.82,372894.01411034004
1770292800,2026-02-05T12:00:00+00:00,89.81,91.26,83.25,84.47,1235242.82152572
1770307200,2026-02-05T16:00:00+00:00,84.47,86.02,81.06,81.51,1599854.89417244
1770321600,2026-02-05T20:00:00+00:00,81.51,82.16,77.43,78.19,2016918.2672384197
1770336000,2026-02-06T00:00:00+00:00,78.19,80.19,67.48,76.62,2189984.30467667
1770350400,2026-02-06T04:00:00+00:00,76.61,81.54,76.13,79.48,791853.93107827
1770364800,2026-02-06T08:00:00+00:00,79.48,81.94,78.59,81.27,435403.54126537003
1770379200,2026-02-06T12:00:00+00:00,81.25,85.13,80.75,84.45,1156194.1178831
1770393600,2026-02-06T16:00:00+00:00,84.43,88.69,83.66,86.99,1054830.07689842
1770408000,2026-02-06T20:00:00+00:00,86.99,89.77,86.51,87.4,672761.42809311
1770422400,2026-02-07T00:00:00+00:00,87.38,88.32,85.84,88.04,317695.95673102
1770436800,2026-02-07T04:00:00+00:00,88.01,88.99,84.12,85.23,437325.28841933
1770451200,2026-02-07T08:00:00+00:00,85.23,85.68,84.46,84.83,190262.97172901
1770465600,2026-02-07T12:00:00+00:00,84.83,87.11,84.77,86.48,402276.6246519
1770480000,2026-02-07T16:00:00+00:00,86.49,89.13,86.1,88.25,468123.98581874
1770494400,2026-02-07T20:00:00+00:00,88.22,89.16,86.81,87.54,212488.83544127
1770508800,2026-02-08T00:00:00+00:00,87.55,88.16,86.64,86.74,138868.59696858
1770523200,2026-02-08T04:00:00+00:00,86.76,87.49,86.57,87.35,98738.36865743
1770537600,2026-02-08T08:00:00+00:00,87.34,88.89,86.37,88.17,202130.69295826
1770552000,2026-02-08T12:00:00+00:00,88.19,88.84,87.29,87.72,199735.51426693003
1770566400,2026-02-08T16:00:00+00:00,87.72,88.54,85.7,88.33,224148.97161985
1770580800,2026-02-08T20:00:00+00:00,88.34,89.03,86.01,86.92,326337.7032993
1770595200,2026-02-09T00:00:00+00:00,86.93,87.92,85.77,87.6,294128.85377765
1770609600,2026-02-09T04:00:00+00:00,87.6,87.66,85.11,85.42,178872.49645271
1770624000,2026-02-09T08:00:00+00:00,85.42,85.56,82.77,83.4,274891.12222491
1770638400,2026-02-09T12:00:00+00:00,83.41,85.76,83.37,85.23,369383.6771871
1770652800,2026-02-09T16:00:00+00:00,85.22,88.65,84.76,87.91,457227.61390816
1770667200,2026-02-09T20:00:00+00:00,87.91,88.26,86.51,86.72,254233.86691135
1770681600,2026-02-10T00:00:00+00:00,86.72,87.46,85.21,85.78,175596.30793761002
1770696000,2026-02-10T04:00:00+00:00,85.78,86.61,84.23,84.54,142588.7038548
1770710400,2026-02-10T08:00:00+00:00,84.55,85,83.69,83.77,124316.95032019001
1770724800,2026-02-10T12:00:00+00:00,83.77,85.17,83.14,84.25,308409.98113853
1770739200,2026-02-10T16:00:00+00:00,84.25,85.09,82.4,83.04,336434.41394623
1770753600,2026-02-10T20:00:00+00:00,83.04,83.17,81.84,82.95,232962.48204378
1770768000,2026-02-11T00:00:00+00:00,82.96,84.35,82.54,83.28,192223.88574365
1770782400,2026-02-11T04:00:00+00:00,83.28,83.48,80.2,80.95,324384.7500305
1770796800,2026-02-11T08:00:00+00:00,80.94,81.42,80.34,81.21,128483.6918343
1770811200,2026-02-11T12:00:00+00:00,81.2,83.12,78.55,79.68,618723.41357544
1770825600,2026-02-11T16:00:00+00:00,79.67,80.88,78,79.68,451777.28597147
1770840000,2026-02-11T20:00:00+00:00,79.67,81.04,78.79,79.23,323661.12021694996
1770854400,2026-02-12T00:00:00+00:00,79.24,80.73,79.22,80.57,228573.27211023
1770868800,2026-02-12T04:00:00+00:00,80.57,80.93,79.37,80.72,230762.15244377
1770883200,2026-02-12T08:00:00+00:00,80.71,82.19,80.26,81.83,167318.78733551
1770897600,2026-02-12T12:00:00+00:00,81.82,82.08,80.06,80.1,318972.98943679
1770912000,2026-02-12T16:00:00+00:00,80.09,80.19,76.75,77.56,679967.5647912701
1770926400,2026-02-12T20:00:00+00:00,77.56,78.44,76.53,78.33,378109.9200993
1770940800,2026-02-13T00:00:00+00:00,78.32,79.4,77.46,79,274387.34195667
1770955200,2026-02-13T04:00:00+00:00,78.99,79.2,77.8,78.93,164969.39300655
1770969600,2026-02-13T08:00:00+00:00,78.93,80.57,78.79,80.25,214001.90751212
1770984000,2026-02-13T12:00:00+00:00,80.25,84.29,79.66,83.14,540978.97834495
1770998400,2026-02-13T16:00:00+00:00,83.14,85.59,82.87,84.6,479521.89661085996
1771012800,2026-02-13T20:00:00+00:00,84.61,85.14,84.09,84.27,208431.56185138001
1771027200,2026-02-14T00:00:00+00:00,84.29,85.26,84.17,85,134496.16757363002
1771041600,2026-02-14T04:00:00+00:00,85.01,85.22,84.3,85.15,71756.41233416
1771056000,2026-02-14T08:00:00+00:00,85.15,87.29,85.11,87.26,160388.94231885
1771070400,2026-02-14T12:00:00+00:00,87.25,87.66,85.98,87.39,396558.84181547
1771084800,2026-02-14T16:00:00+00:00,87.4,88.42,87.01,88.16,335722.05891285
1771099200,2026-02-14T20:00:00+00:00,88.17,88.85,87.25,88.03,205163.54333535
1771113600,2026-02-15T00:00:00+00:00,88.02,88.74,87.29,88.56,275317.27830185
1771128000,2026-02-15T04:00:00+00:00,88.56,90.94,88.33,90.7,296082.35594563
1771142400,2026-02-15T08:00:00+00:00,90.69,91.21,88.96,89.12,199586.74399831
1771156800,2026-02-15T12:00:00+00:00,89.12,89.58,86.6,87.36,402014.8528343
1771171200,2026-02-15T16:00:00+00:00,87.36,87.82,85.14,85.27,302177.2192561
1771185600,2026-02-15T20:00:00+00:00,85.29,86.68,84.85,86.1,399107.62988340005
1771200000,2026-02-16T00:00:00+00:00,86.1,86.57,84.78,85.11,197260.13502673001
1771214400,2026-02-16T04:00:00+00:00,85.11,85.84,84.41,85.01,224119.92848737998
1771228800,2026-02-16T08:00:00+00:00,85.02,86.22,84.46,85.44,127421.77016103
1771243200,2026-02-16T12:00:00+00:00,85.48,86.89,82.51,83.15,415592.01745445
1771257600,2026-02-16T16:00:00+00:00,83.16,85.12,83.06,84.59,274171.43356674
1771272000,2026-02-16T20:00:00+00:00,84.57,86.62,84.46,86.4,204172.62100091
1771286400,2026-02-17T00:00:00+00:00,86.41,87.63,85.72,86.29,153591.42943857
1771300800,2026-02-17T04:00:00+00:00,86.29,86.75,85.4,86.43,114267.63977967
1771315200,2026-02-17T08:00:00+00:00,86.42,86.71,84.7,85.05,104730.73160520001
1771329600,2026-02-17T12:00:00+00:00,85.05,85.52,82.88,83.78,343616.28150869
1771344000,2026-02-17T16:00:00+00:00,83.77,85.71,83.09,84.81,311661.85094545
1771358400,2026-02-17T20:00:00+00:00,84.81,85.41,84.5,85.05,178619.68063202998
1771372800,2026-02-18T00:00:00+00:00,85.05,85.44,83.89,85.27,127674.3249213
1771387200,2026-02-18T04:00:00+00:00,85.29,85.5,84.64,85.22,91117.22097589
1771401600,2026-02-18T08:00:00+00:00,85.23,86.03,82.8,82.82,157483.58482143
1771416000,2026-02-18T12:00:00+00:00,82.83,83.98,81.71,82.97,306636.29621756996
1771430400,2026-02-18T16:00:00+00:00,82.95,83.06,80.44,80.89,303321.56931459997
1771444800,2026-02-18T20:00:00+00:00,80.89,81.62,80.82,81.56,246502.61244673003
1771459200,2026-02-19T00:00:00+00:00,81.56,82.02,81.2,81.73,122668.31237721999
1771473600,2026-02-19T04:00:00+00:00,81.73,82.64,81.33,82.37,110308.01753571001
1771488000,2026-02-19T08:00:00+00:00,82.36,82.38,80.86,81.2,89280.52674649999
1771502400,2026-02-19T12:00:00+00:00,81.21,81.29,79.58,80.6,267202.84029136
1771516800,2026-02-19T16:00:00+00:00,80.59,82.18,79.9,81.92,281635.44421352
1771531200,2026-02-19T20:00:00+00:00,81.91,82.51,81.66,82.46,160416.50141643002
1771545600,2026-02-20T00:00:00+00:00,82.46,83.53,82.28,83,194754.57154570002
1771560000,2026-02-20T04:00:00+00:00,83.01,83.88,82.35,83.42,128634.96207667
1771574400,2026-02-20T08:00:00+00:00,83.42,84.82,83.27,83.56,246051.3211919
1771588800,2026-02-20T12:00:00+00:00,83.56,84.8,81.74,84.37,430675.73222938
1771603200,2026-02-20T16:00:00+00:00,84.37,85.44,82.78,84.72,468964.67943936
1771617600,2026-02-20T20:00:00+00:00,84.73,85.2,84.08,84.64,152322.80470987
1771632000,2026-02-21T00:00:00+00:00,84.65,85,84.17,84.32,73127.15344931
1771646400,2026-02-21T04:00:00+00:00,84.33,84.76,83.95,84.22,51502.189414199995
1771660800,2026-02-21T08:00:00+00:00,84.21,85.65,84.17,85.36,91802.8638373
1771675200,2026-02-21T12:00:00+00:00,85.36,86.69,84.99,86.56,141140.56707852997
1771689600,2026-02-21T16:00:00+00:00,86.57,86.74,85.81,86.2,115697.73759456
1771704000,2026-02-21T20:00:00+00:00,86.2,86.2,85.12,85.15,122013.64133181
1771718400,2026-02-22T00:00:00+00:00,85.14,85.58,84.69,85.05,138375.64286626
1771732800,2026-02-22T04:00:00+00:00,85.05,85.58,84.77,85.23,67465.04920462999
1771747200,2026-02-22T08:00:00+00:00,85.22,85.42,84.85,85.24,43676.45795628
1771761600,2026-02-22T12:00:00+00:00,85.23,85.29,82.98,83.48,179790.72877167998
1771776000,2026-02-22T16:00:00+00:00,83.48,83.6,82.79,83.26,73296.21882907
1771790400,2026-02-22T20:00:00+00:00,83.26,83.63,82.41,82.75,143162.45378578998
1771804800,2026-02-23T00:00:00+00:00,82.75,82.81,77.2,77.64,640242.42006738
1771819200,2026-02-23T04:00:00+00:00,77.65,79.68,77.12,79.4,233148.15715012
1771833600,2026-02-23T08:00:00+00:00,79.39,80.67,78.51,80.04,210496.49975454996
1771848000,2026-02-23T12:00:00+00:00,80.04,81.12,79.2,79.38,414280.6842300501
1771862400,2026-02-23T16:00:00+00:00,79.38,79.79,77.25,78.27,431678.2771008
1771876800,2026-02-23T20:00:00+00:00,78.28,78.91,77.6,77.88,150222.22826978
1771891200,2026-02-24T00:00:00+00:00,77.87,78.49,75.72,76.84,302098.85949462
1771905600,2026-02-24T04:00:00+00:00,76.84,77.3,76.07,76.83,189005.34822386998
1771920000,2026-02-24T08:00:00+00:00,76.82,77.19,75.97,76.75,105203.26196068
1771934400,2026-02-24T12:00:00+00:00,76.76,77.49,75.63,77.3,274472.91266324
1771948800,2026-02-24T16:00:00+00:00,77.3,78.56,77.23,78.39,312934.99842812
1771963200,2026-02-24T20:00:00+00:00,78.39,79.62,78.14,78.99,254681.17827713
1771977600,2026-02-25T00:00:00+00:00,79,82.94,78.73,81.74,461826.29495088005
1771992000,2026-02-25T04:00:00+00:00,81.74,82.43,80.98,82.18,274974.85953016
1772006400,2026-02-25T08:00:00+00:00,82.18,83.39,81.92,83.37,270547.06707422005
1772020800,2026-02-25T12:00:00+00:00,83.37,86.46,82.86,85.99,520584.00540693
1772035200,2026-02-25T16:00:00+00:00,85.99,89.66,85.98,89.43,609028.05958487
1772049600,2026-02-25T20:00:00+00:00,89.46,92.12,87.09,88.06,688000.03801124
1772064000,2026-02-26T00:00:00+00:00,88.04,89.27,87.57,87.94,279606.73396011
1772078400,2026-02-26T04:00:00+00:00,87.95,89.04,87.22,87.25,132135.78424029998
1772092800,2026-02-26T08:00:00+00:00,87.25,88.69,86.61,86.83,174988.14519777
1772107200,2026-02-26T12:00:00+00:00,86.84,88.24,85.28,86.57,397339.75474664
1772121600,2026-02-26T16:00:00+00:00,86.58,86.77,84.36,86.46,717022.2114503
1772136000,2026-02-26T20:00:00+00:00,86.46,86.88,85.74,85.91,167344.25325313
1772150400,2026-02-27T00:00:00+00:00,85.91,87.81,85.19,87.63,204052.70279116998
1772164800,2026-02-27T04:00:00+00:00,87.63,88.29,86.82,87.32,180113.79505159
1772179200,2026-02-27T08:00:00+00:00,87.31,87.95,83.31,83.62,241894.91456926998
1772193600,2026-02-27T12:00:00+00:00,83.59,83.77,81.98,82.71,612649.6973019401
1772208000,2026-02-27T16:00:00+00:00,82.7,82.7,81.11,81.55,312544.57146919
1772222400,2026-02-27T20:00:00+00:00,81.56,82.13,80.31,81.84,327720.69050107
1772236800,2026-02-28T00:00:00+00:00,81.84,82.26,81.55,81.75,72382.77727773
1772251200,2026-02-28T04:00:00+00:00,81.74,81.9,77.13,78.72,534115.7115408
1772265600,2026-02-28T08:00:00+00:00,78.71,79.59,77.75,78.78,327778.54893751
1772280000,2026-02-28T12:00:00+00:00,78.77,81.53,78.61,80.93,388501.13737710996
1772294400,2026-02-28T16:00:00+00:00,80.92,82.91,80.5,82.22,359170.71261547
1772308800,2026-02-28T20:00:00+00:00,82.21,85.7,81.96,84.37,436589.76998880005
1772323200,2026-03-01T00:00:00+00:00,84.37,88.89,84.28,88.01,443948.31292358995
1772337600,2026-03-01T04:00:00+00:00,88.01,88.25,86.16,86.63,184416.00888165
1772352000,2026-03-01T08:00:00+00:00,86.63,86.82,84.71,85.18,183596.502492
1772366400,2026-03-01T12:00:00+00:00,85.17,86.97,84.52,85.65,335317.93848332996
1772380800,2026-03-01T16:00:00+00:00,85.66,86.08,83.04,83.25,456556.06290638004
1772395200,2026-03-01T20:00:00+00:00,83.24,84.08,81.71,83.6,412225.69330715
1772409600,2026-03-02T00:00:00+00:00,83.61,86.17,83.47,84.77,264799.59055227
1772424000,2026-03-02T04:00:00+00:00,84.78,84.83,82.37,82.94,184550.13459198998
1772438400,2026-03-02T08:00:00+00:00,82.94,84.28,82.36,83.89,217655.63064485
1772452800,2026-03-02T12:00:00+00:00,83.89,88.99,82.75,88.79,825382.2441748001
1772467200,2026-03-02T16:00:00+00:00,88.79,90.31,86.41,87.67,838224.42679322
1772481600,2026-03-02T20:00:00+00:00,87.67,88.23,86.36,86.64,417078.05087053
1772496000,2026-03-03T00:00:00+00:00,86.63,87.34,85.23,86.29,298220.84913603
1772510400,2026-03-03T04:00:00+00:00,86.29,86.78,85.38,85.57,156196.34479747998
1772524800,2026-03-03T08:00:00+00:00,85.57,85.76,83.7,84.19,264818.70050604
1772539200,2026-03-03T12:00:00+00:00,84.2,85.34,82.47,85.04,652838.0987177
1772553600,2026-03-03T16:00:00+00:00,85.03,87.34,84.16,85.06,590236.3842519
1772568000,2026-03-03T20:00:00+00:00,85.09,87.5,84.17,86.99,472327.88959592
1772582400,2026-03-04T00:00:00+00:00,86.98,88.07,85.17,85.77,330972.93792452
1772596800,2026-03-04T04:00:00+00:00,85.76,87.53,84.77,87.43,242776.12816398998
1772611200,2026-03-04T08:00:00+00:00,87.41,91.47,86.98,89.77,604562.12707751
1772625600,2026-03-04T12:00:00+00:00,89.77,93.13,88.7,92.96,834091.29039081
1772640000,2026-03-04T16:00:00+00:00,92.96,94.11,90.7,93.25,464678.32972245995
1772654400,2026-03-04T20:00:00+00:00,93.24,93.8,90.32,90.88,345732.88734803995
1772668800,2026-03-05T00:00:00+00:00,90.89,91.45,89.64,90.04,276237.98070888
1772683200,2026-03-05T04:00:00+00:00,90.03,91.34,89.7,90.2,125709.21456650998
1772697600,2026-03-05T08:00:00+00:00,90.18,92.99,89.7,91.84,197670.29962196
1772712000,2026-03-05T12:00:00+00:00,91.84,92.23,88.79,89.63,419904.31068595
1772726400,2026-03-05T16:00:00+00:00,89.62,89.65,87.84,88.74,298200.82018244
1772740800,2026-03-05T20:00:00+00:00,88.73,89.86,88.55,88.78,185786.36891358002
1772755200,2026-03-06T00:00:00+00:00,88.78,89.32,88.03,88.43,177519.89658032998
1772769600,2026-03-06T04:00:00+00:00,88.41,88.92,87.52,88.71,139804.71954254003
1772784000,2026-03-06T08:00:00+00:00,88.69,88.69,87.06,87.26,112213.54943589
1772798400,2026-03-06T12:00:00+00:00,87.27,87.27,83.97,84.65,630081.95347773
1772812800,2026-03-06T16:00:00+00:00,84.64,85.89,83.64,85.21,456071.65818595997
1772827200,2026-03-06T20:00:00+00:00,85.22,85.47,84.42,84.67,283761.15005682997
1772841600,2026-03-07T00:00:00+00:00,84.67,85.07,84.31,84.52,117142.24885721
1772856000,2026-03-07T04:00:00+00:00,84.53,84.55,83.89,84.31,79132.81095923
1772870400,2026-03-07T08:00:00+00:00,84.3,84.94,84.12,84.67,36533.45926493
1772884800,2026-03-07T12:00:00+00:00,84.65,84.78,83.47,83.76,111129.4157367
1772899200,2026-03-07T16:00:00+00:00,83.75,84.07,82.27,82.53,147189.65842301998
1772913600,2026-03-07T20:00:00+00:00,82.52,83.32,82.51,83.22,63497.73136359
1772928000,2026-03-08T00:00:00+00:00,83.22,83.48,82.07,82.33,81444.84263743
1772942400,2026-03-08T04:00:00+00:00,82.33,83.08,81.75,82.96,70192.25989325
1772956800,2026-03-08T08:00:00+00:00,82.95,84.11,82.53,82.82,59476.44139481
1772971200,2026-03-08T12:00:00+00:00,82.81,83.01,81.2,82.07,129195.07071166999
1772985600,2026-03-08T16:00:00+00:00,82.06,82.66,81.3,82.5,126970.20320172
1773000000,2026-03-08T20:00:00+00:00,82.49,82.95,80.25,81.59,312955.85729326
1773014400,2026-03-09T00:00:00+00:00,81.6,84.49,81.54,83.16,275278.22956001
1773028800,2026-03-09T04:00:00+00:00,83.15,84.59,82.31,83.15,167098.29016715
1773043200,2026-03-09T08:00:00+00:00,83.15,84.59,82.92,83.57,80146.10317533
1773057600,2026-03-09T12:00:00+00:00,83.58,85.74,83.39,85.06,428251.13088739
1773072000,2026-03-09T16:00:00+00:00,85.07,87.06,84.33,85.98,427888.94918870996
1773086400,2026-03-09T20:00:00+00:00,85.98,86.38,84.85,84.96,277404.07466059003
1773100800,2026-03-10T00:00:00+00:00,84.95,86.92,84.84,85.57,158651.89146632
1773115200,2026-03-10T04:00:00+00:00,85.57,86.96,85.4,86.71,119380.36982618
1773129600,2026-03-10T08:00:00+00:00,86.72,87.68,86.58,86.81,155029.77629837
1773144000,2026-03-10T12:00:00+00:00,86.82,88.62,84.93,88.35,309478.13374472
1773158400,2026-03-10T16:00:00+00:00,88.36,88.81,85.65,86.01,290973.72044253
1773172800,2026-03-10T20:00:00+00:00,86.01,86.45,85,85.89,207263.32161740004
1773187200,2026-03-11T00:00:00+00:00,85.9,86.27,85.5,85.64,111865.45701109001
1773201600,2026-03-11T04:00:00+00:00,85.64,86.88,85.12,85.46,127025.87867422999
1773216000,2026-03-11T08:00:00+00:00,85.47,85.62,84.36,84.54,131840.11103247
1773230400,2026-03-11T12:00:00+00:00,84.54,87.41,84.34,85.42,289858.72381317004
1773244800,2026-03-11T16:00:00+00:00,85.42,88.12,85.32,87.3,353324.94702433003
1773259200,2026-03-11T20:00:00+00:00,87.3,87.81,86.49,86.58,123128.76151705
1773273600,2026-03-12T00:00:00+00:00,86.59,86.79,84.72,85.03,150507.07737284
1773288000,2026-03-12T04:00:00+00:00,85.03,85.9,84.89,85.82,173277.19921533
1773302400,2026-03-12T08:00:00+00:00,85.83,87.12,85.36,86.81,148301.79028501
1773316800,2026-03-12T12:00:00+00:00,86.82,87.73,85.11,86.59,399206.52575909
1773331200,2026-03-12T16:00:00+00:00,86.59,87.11,85.68,86.8,175785.71906231
1773345600,2026-03-12T20:00:00+00:00,86.8,87.22,85.97,86.84,106617.55966399
1773360000,2026-03-13T00:00:00+00:00,86.83,91.13,86.7,89.69,492424.2051380699
1773374400,2026-03-13T04:00:00+00:00,89.7,89.74,88.15,88.68,174450.08078488
1773388800,2026-03-13T08:00:00+00:00,88.68,90.47,88.34,90.34,193722.99530195998
1773403200,2026-03-13T12:00:00+00:00,90.33,93.06,89.33,89.5,693501.6592261301
1773417600,2026-03-13T16:00:00+00:00,89.5,90.15,88.37,88.93,393298.58130784996
1773432000,2026-03-13T20:00:00+00:00,88.92,89.17,87.73,88.19,199075.47529364002
1773446400,2026-03-14T00:00:00+00:00,88.18,88.66,87.82,88.43,84007.33979208
1773460800,2026-03-14T04:00:00+00:00,88.43,88.71,86.94,87.34,102361.48738161
1773475200,2026-03-14T08:00:00+00:00,87.34,87.59,86.54,86.98,61155.54274941
1773489600,2026-03-14T12:00:00+00:00,86.95,87.39,86.64,86.74,60526.24594131
1773504000,2026-03-14T16:00:00+00:00,86.74,87.16,86.63,87.03,46932.41985951
1773518400,2026-03-14T20:00:00+00:00,87.02,88.2,86.88,88.07,84503.25028779
1773532800,2026-03-15T00:00:00+00:00,88.07,88.69,87.6,87.88,178763.80833689
1773547200,2026-03-15T04:00:00+00:00,87.88,88.66,87.88,88.23,73670.77150562001
1773561600,2026-03-15T08:00:00+00:00,88.23,88.89,88.16,88.58,50060.67951783
1773576000,2026-03-15T12:00:00+00:00,88.57,88.58,87.34,87.91,101520.39029275
1773590400,2026-03-15T16:00:00+00:00,87.91,88.82,87.46,88.2,127728.10628814998
1773604800,2026-03-15T20:00:00+00:00,88.2,93.23,88,92.33,421975.16009635
1773619200,2026-03-16T00:00:00+00:00,92.33,93.97,91.19,93.16,347783.81429322
1773633600,2026-03-16T04:00:00+00:00,93.17,94.35,92.95,93.57,316486.15051259
1773648000,2026-03-16T08:00:00+00:00,93.59,94.02,92.59,93.77,165479.06403061002
1773662400,2026-03-16T12:00:00+00:00,93.77,95.12,92.38,93.2,513895.06867892004
1773676800,2026-03-16T16:00:00+00:00,93.19,95.5,93.13,95.22,346769.73659429
1773691200,2026-03-16T20:00:00+00:00,95.22,97.7,95.08,96.2,409872.95081588
1773705600,2026-03-17T00:00:00+00:00,96.21,96.96,93.72,94.09,337611.59830079
1773720000,2026-03-17T04:00:00+00:00,94.09,94.65,93.21,94.44,115456.34025245998
1773734400,2026-03-17T08:00:00+00:00,94.44,95.1,93.26,93.68,156791.80131751
1773748800,2026-03-17T12:00:00+00:00,93.67,95.16,93.17,93.86,258126.55749331
1773763200,2026-03-17T16:00:00+00:00,93.86,95.64,93.76,94.67,228197.37570302
1773777600,2026-03-17T20:00:00+00:00,94.67,95.66,94.46,94.65,127398.45256281001
1773792000,2026-03-18T00:00:00+00:00,94.64,95.68,94.12,95.08,93687.75379477
1773806400,2026-03-18T04:00:00+00:00,95.09,95.15,93.72,93.98,92952.99409159
1773820800,2026-03-18T08:00:00+00:00,93.99,94.47,91.77,92.03,144614.68539235002
1773835200,2026-03-18T12:00:00+00:00,92.02,92.06,88.56,89.39,499726.01996147
1773849600,2026-03-18T16:00:00+00:00,89.38,90.87,88.65,89.71,361553.43129016
1773864000,2026-03-18T20:00:00+00:00,89.71,90.61,88.99,90.08,221750.16297589
1773878400,2026-03-19T00:00:00+00:00,90.07,91.41,89.78,90.75,118869.28600607
1773892800,2026-03-19T04:00:00+00:00,90.74,90.74,88.62,89.42,102037.22412099
1773907200,2026-03-19T08:00:00+00:00,89.41,90.48,89.1,89.61,112234.64538377999
1773921600,2026-03-19T12:00:00+00:00,89.6,89.61,87.15,87.62,401467.44808359
1773936000,2026-03-19T16:00:00+00:00,87.62,89.26,87.01,88.69,274523.20800435997
1773950400,2026-03-19T20:00:00+00:00,88.69,89.31,88.37,88.9,139529.97003356
1773964800,2026-03-20T00:00:00+00:00,88.9,89.79,88.87,89.57,95034.95122535
1773979200,2026-03-20T04:00:00+00:00,89.58,89.76,88.47,89.38,90730.73802376
1773993600,2026-03-20T08:00:00+00:00,89.38,90.44,88.62,89.16,85531.00052426
1774008000,2026-03-20T12:00:00+00:00,89.16,89.75,88.46,88.93,204832.70562709
1774022400,2026-03-20T16:00:00+00:00,88.93,89.2,88.12,89,132125.83996481
1774036800,2026-03-20T20:00:00+00:00,88.98,90.3,88.65,89.82,102078.42400287
1774051200,2026-03-21T00:00:00+00:00,89.83,90.64,89.71,90.44,53863.85631776
1774065600,2026-03-21T04:00:00+00:00,90.44,90.79,89.91,90.12,49504.832999269995
1774080000,2026-03-21T08:00:00+00:00,90.11,90.38,89.79,89.94,22387.649451529996
1774094400,2026-03-21T12:00:00+00:00,89.94,90.4,89.37,89.82,62523.28945398
1774108800,2026-03-21T16:00:00+00:00,89.83,90,89.4,89.79,39571.32897829999
1774123200,2026-03-21T20:00:00+00:00,89.81,90.29,87.13,87.55,96300.68012366
1774137600,2026-03-22T00:00:00+00:00,87.55,89.16,86.27,88.66,210799.44825113
1774152000,2026-03-22T04:00:00+00:00,88.65,89.2,87.65,87.69,70331.73516244
1774166400,2026-03-22T08:00:00+00:00,87.69,87.72,86.79,86.83,71729.21977031999
1774180800,2026-03-22T12:00:00+00:00,86.83,87.71,86.8,87.57,74683.56195869
1774195200,2026-03-22T16:00:00+00:00,87.57,87.71,86.48,86.87,79557.28282406999
1774209600,2026-03-22T20:00:00+00:00,86.88,87.18,85.12,86.2,243537.24476167
1774224000,2026-03-23T00:00:00+00:00,86.2,87.2,85.45,86.38,82318.4010921
1774238400,2026-03-23T04:00:00+00:00,86.38,87.29,85.08,85.98,148764.27820874
1774252800,2026-03-23T08:00:00+00:00,85.98,91.9,85.17,88.75,430213.84282841
1774267200,2026-03-23T12:00:00+00:00,88.75,92.27,88.32,89.94,517440.11454119
1774281600,2026-03-23T16:00:00+00:00,89.93,91.88,89.38,91.35,299753.09927966
1774296000,2026-03-23T20:00:00+00:00,91.34,92,90.95,91.42,115915.54809914
1774310400,2026-03-24T00:00:00+00:00,91.43,91.64,89.94,90.32,119319.59543188999
1774324800,2026-03-24T04:00:00+00:00,90.31,91.85,89.96,91.7,107593.69680408
1774339200,2026-03-24T08:00:00+00:00,91.7,92.2,91.12,91.75,155126.26142104
1774353600,2026-03-24T12:00:00+00:00,91.75,91.85,88.66,89.72,393651.10356803
1774368000,2026-03-24T16:00:00+00:00,89.71,89.96,88.38,88.47,298994.1604744
1774382400,2026-03-24T20:00:00+00:00,88.48,91.08,88.46,90.76,262542.55125357
1774396800,2026-03-25T00:00:00+00:00,90.76,91.9,90.7,91.65,150778.35189264
1774411200,2026-03-25T04:00:00+00:00,91.64,92.91,91.53,91.85,161528.13549744
1774425600,2026-03-25T08:00:00+00:00,91.84,93.44,91.79,92.97,161322.48757761
1774440000,2026-03-25T12:00:00+00:00,92.98,93.4,91,91.75,316029.00108489
1774454400,2026-03-25T16:00:00+00:00,91.74,92.71,91.37,91.72,191957.72884563
1774468800,2026-03-25T20:00:00+00:00,91.73,91.91,90.98,91.68,165063.22162022002
1774483200,2026-03-26T00:00:00+00:00,91.67,91.98,90.57,91.04,110634.40381227
1774497600,2026-03-26T04:00:00+00:00,91.04,91.04,88.77,89.05,152167.33978999
1774512000,2026-03-26T08:00:00+00:00,89.04,89.06,87.41,87.53,170352.60159398
1774526400,2026-03-26T12:00:00+00:00,87.54,88.18,86.65,87.49,255746.21121848002
1774540800,2026-03-26T16:00:00+00:00,87.49,87.68,85.36,85.4,252356.38447944
1774555200,2026-03-26T20:00:00+00:00,85.39,87.08,85.37,86.47,255260.94422822003
1774569600,2026-03-27T00:00:00+00:00,86.48,86.99,86.13,86.36,145721.79021076
1774584000,2026-03-27T04:00:00+00:00,86.37,86.71,85.65,85.87,89198.01094492
1774598400,2026-03-27T08:00:00+00:00,85.87,86.08,82.58,83.34,288177.93375382
1774612800,2026-03-27T12:00:00+00:00,83.35,83.97,82.45,83.28,482890.2049688
1774627200,2026-03-27T16:00:00+00:00,83.29,83.39,81.78,82.72,281815.7221514
1774641600,2026-03-27T20:00:00+00:00,82.74,83.09,82.31,83.05,73158.22392149
1774656000,2026-03-28T00:00:00+00:00,83.04,83.04,82.16,82.54,84581.23999001
1774670400,2026-03-28T04:00:00+00:00,82.54,83.59,82.31,83.54,80914.5965591
1774684800,2026-03-28T08:00:00+00:00,83.53,83.64,82.64,82.89,35920.618987710004
1774699200,2026-03-28T12:00:00+00:00,82.89,84.2,82.56,83.77,170862.95251641
1774713600,2026-03-28T16:00:00+00:00,83.77,83.89,82.97,83.23,64815.24434335
1774728000,2026-03-28T20:00:00+00:00,83.23,83.47,81.67,82.02,82941.74546683
1774742400,2026-03-29T00:00:00+00:00,82.02,83.17,81.8,82.94,65274.66928873
1774756800,2026-03-29T04:00:00+00:00,82.93,82.96,82.15,82.39,30725.81364505
1774771200,2026-03-29T08:00:00+00:00,82.38,82.77,81.92,82.53,31515.77549698
1774785600,2026-03-29T12:00:00+00:00,82.53,82.58,81.18,81.76,73739.16375812999
1774800000,2026-03-29T16:00:00+00:00,81.76,82.09,81.1,81.54,82344.40344882
1774814400,2026-03-29T20:00:00+00:00,81.54,82.16,79,81.37,233636.01973617
1774828800,2026-03-30T00:00:00+00:00,81.37,83.87,81.09,83.21,198890.34284409
1774843200,2026-03-30T04:00:00+00:00,83.22,84.2,83.21,83.95,150007.20625000002
1774857600,2026-03-30T08:00:00+00:00,83.94,84.86,83.52,84.19,155139.96106681
1774872000,2026-03-30T12:00:00+00:00,84.2,84.97,83.62,84.45,260982.47086462998
1774886400,2026-03-30T16:00:00+00:00,84.45,84.5,81.87,82.32,202563.72493457998
1774900800,2026-03-30T20:00:00+00:00,82.32,83.6,82.06,82.48,165015.27868037
1774915200,2026-03-31T00:00:00+00:00,82.49,84.53,82.07,83.52,224484.00837595
1774929600,2026-03-31T04:00:00+00:00,83.53,83.84,82.6,83.02,82178.43413082001
1774944000,2026-03-31T08:00:00+00:00,83.03,83.26,80.06,80.78,335556.78078679
1774958400,2026-03-31T12:00:00+00:00,80.78,82.51,80.3,80.79,346154.81251668
1774972800,2026-03-31T16:00:00+00:00,80.79,83.39,80.79,82.6,446138.60956258
1774987200,2026-03-31T20:00:00+00:00,82.62,83.3,82.26,83.12,149688.28686243
1775001600,2026-04-01T00:00:00+00:00,83.12,83.5,82.42,83.37,101081.78598141001
1775016000,2026-04-01T04:00:00+00:00,83.37,84.72,83.18,83.82,141777.46711323998
1775030400,2026-04-01T08:00:00+00:00,83.82,84.02,83.04,83.36,100022.79979123
1775044800,2026-04-01T12:00:00+00:00,83.35,83.84,82.36,83.6,363715.46353201
1775059200,2026-04-01T16:00:00+00:00,83.59,86.63,83,83.81,401055.1307067501
1775073600,2026-04-01T20:00:00+00:00,83.82,83.88,80.76,81.17,395931.58492537
1775088000,2026-04-02T00:00:00+00:00,81.16,81.77,78.3,78.99,570787.55631366
1775102400,2026-04-02T04:00:00+00:00,78.99,79.65,78.59,79.63,103474.10714357
1775116800,2026-04-02T08:00:00+00:00,79.61,79.61,78.17,78.29,135182.14905029
1775131200,2026-04-02T12:00:00+00:00,78.3,79.71,76.69,79.02,609090.8841302199
1775145600,2026-04-02T16:00:00+00:00,79.02,79.88,78.41,78.98,338757.90037265
1775160000,2026-04-02T20:00:00+00:00,78.97,79.37,78.62,78.95,113695.29447661998
1775174400,2026-04-03T00:00:00+00:00,78.95,79.8,78.86,79.01,133661.93233662
1775188800,2026-04-03T04:00:00+00:00,79.01,80.14,78.99,79.95,122649.55524947
1775203200,2026-04-03T08:00:00+00:00,79.95,80.46,79.63,80.18,184175.88993523997
1775217600,2026-04-03T12:00:00+00:00,80.17,80.91,79.16,80.33,210216.65819008
1775232000,2026-04-03T16:00:00+00:00,80.32,80.65,79.86,80.19,102317.43454272
1775246400,2026-04-03T20:00:00+00:00,80.17,80.69,79.95,80.39,73437.42616807
1775260800,2026-04-04T00:00:00+00:00,80.39,80.39,80.05,80.17,54561.24413091
1775275200,2026-04-04T04:00:00+00:00,80.16,80.53,80.09,80.3,34684.58670253
1775289600,2026-04-04T08:00:00+00:00,80.31,80.38,79.89,80.18,41956.49760831
1775304000,2026-04-04T12:00:00+00:00,80.19,81.59,79.59,81.08,154933.99148060998
1775318400,2026-04-04T16:00:00+00:00,81.07,81.36,80.6,80.84,128829.62271086001
1775332800,2026-04-04T20:00:00+00:00,80.84,81.07,80.61,80.83,56746.491699289996
1775347200,2026-04-05T00:00:00+00:00,80.83,80.84,80.36,80.55,45647.56781678
1775361600,2026-04-05T04:00:00+00:00,80.54,80.56,79.39,79.59,91730.74379171
1775376000,2026-04-05T08:00:00+00:00,79.59,80.21,79.53,79.89,35790.5674729
1775390400,2026-04-05T12:00:00+00:00,79.89,80.29,78.48,79.59,200829.35477351001
1775404800,2026-04-05T16:00:00+00:00,79.59,80.21,79.35,79.81,114978.47408598001
1775419200,2026-04-05T20:00:00+00:00,79.81,82.1,79.08,81.85,294946.91281495
1775433600,2026-04-06T00:00:00+00:00,81.86,82.94,81.63,82.09,244887.69663396
1775448000,2026-04-06T04:00:00+00:00,82.09,82.32,80.95,81.81,90344.54041314
1775462400,2026-04-06T08:00:00+00:00,81.81,83.17,81.7,82.45,154098.13703202002
1775476800,2026-04-06T12:00:00+00:00,82.44,82.82,81.72,82.3,243297.74233685998
1775491200,2026-04-06T16:00:00+00:00,82.29,82.49,81.2,81.92,224073.12505175002
1775505600,2026-04-06T20:00:00+00:00,81.92,82.16,79.6,80.03,228993.92504333
1775520000,2026-04-07T00:00:00+00:00,80.01,80.22,79.38,79.81,228276.48271788
1775534400,2026-04-07T04:00:00+00:00,79.8,80.18,79.31,79.85,130315.84215969002
1775548800,2026-04-07T08:00:00+00:00,79.85,80.59,78.93,79.21,259368.17085919
1775563200,2026-04-07T12:00:00+00:00,79.21,79.38,78.36,78.83,353159.94838611
1775577600,2026-04-07T16:00:00+00:00,78.83,81.84,78.63,81.61,435320.37229187996
1775592000,2026-04-07T20:00:00+00:00,81.61,87,81.61,85.56,776073.8287423099
1775606400,2026-04-08T00:00:00+00:00,85.55,85.9,84.25,84.54,230203.07480714002
1775620800,2026-04-08T04:00:00+00:00,84.55,85.03,83.83,84.5,170584.52227896
1775635200,2026-04-08T08:00:00+00:00,84.5,84.98,84.15,84.48,163313.17637272
1775649600,2026-04-08T12:00:00+00:00,84.48,85,82.52,83.34,280436.4510093
1775664000,2026-04-08T16:00:00+00:00,83.33,84.2,82.75,83.2,182024.44166383
1775678400,2026-04-08T20:00:00+00:00,83.2,83.62,82.25,82.57,137893.30298004998
1775692800,2026-04-09T00:00:00+00:00,82.57,82.68,81.71,82.04,169716.20658303998
1775707200,2026-04-09T04:00:00+00:00,82.04,82.49,81.74,82.29,89525.87149321001
1775721600,2026-04-09T08:00:00+00:00,82.28,82.71,82.04,82.18,155101.40973159
1775736000,2026-04-09T12:00:00+00:00,82.18,83.93,81.41,83.75,216706.09080444
1775750400,2026-04-09T16:00:00+00:00,83.76,84.75,82.93,84.3,286242.2701903
1775764800,2026-04-09T20:00:00+00:00,84.14,85.9,83.15,83.34,218225.35784265999
1775779200,2026-04-10T00:00:00+00:00,83.35,83.78,82.68,82.91,186621.89203443
1775793600,2026-04-10T04:00:00+00:00,82.9,83.59,82.89,82.97,66597.87182647
1775808000,2026-04-10T08:00:00+00:00,82.97,83.76,82.72,83.54,82492.97445387999
1775822400,2026-04-10T12:00:00+00:00,83.54,85.62,83.38,84.27,274567.00636341
1775836800,2026-04-10T16:00:00+00:00,84.28,85.52,84.16,85.47,141587.01543407
1775851200,2026-04-10T20:00:00+00:00,85.48,85.68,84.68,84.86,125948.99939758999
1775865600,2026-04-11T00:00:00+00:00,84.86,84.96,84.35,84.44,67774.09674857999
1775880000,2026-04-11T04:00:00+00:00,84.43,84.66,83.91,84.31,40088.90871895
1775894400,2026-04-11T08:00:00+00:00,84.29,84.81,83.82,84.27,50079.521951200004
1775908800,2026-04-11T12:00:00+00:00,84.28,84.9,83.89,84.69,74324.86338694001
1775923200,2026-04-11T16:00:00+00:00,84.7,86.29,84.62,86.04,133455.79773087002
1775937600,2026-04-11T20:00:00+00:00,86.04,86.14,84.56,84.97,147668.01202238
1775952000,2026-04-12T00:00:00+00:00,84.97,85.04,81.92,82.36,240414.40418686
1775966400,2026-04-12T04:00:00+00:00,82.35,82.52,82.1,82.31,67030.04916169
1775980800,2026-04-12T08:00:00+00:00,82.32,82.43,81.98,82.24,56206.12535617
1775995200,2026-04-12T12:00:00+00:00,82.23,82.56,81.33,81.63,169542.54078994
1776009600,2026-04-12T16:00:00+00:00,81.62,82.35,81.56,82.02,65330.315058
1776024000,2026-04-12T20:00:00+00:00,82.01,82.91,81.29,81.54,278721.72366781
1776038400,2026-04-13T00:00:00+00:00,81.54,82.46,81.4,81.91,123770.56105338
1776052800,2026-04-13T04:00:00+00:00,81.91,82.63,81.53,82.19,142155.78942711
1776067200,2026-04-13T08:00:00+00:00,82.18,82.31,81.66,81.88,101265.12691508
1776081600,2026-04-13T12:00:00+00:00,81.87,83.86,81.83,82.69,361790.90086235997
1776096000,2026-04-13T16:00:00+00:00,82.69,84.29,82.38,84.13,304542.93140490004
1776110400,2026-04-13T20:00:00+00:00,84.15,86.83,83.87,86.56,437685.14020061994
1776124800,2026-04-14T00:00:00+00:00,86.55,86.79,85.71,86.08,257896.91478496
1776139200,2026-04-14T04:00:00+00:00,86.09,86.23,85.46,85.92,108100.35443754
1776153600,2026-04-14T08:00:00+00:00,85.93,86.58,85.62,85.81,153639.13740304002
1776168000,2026-04-14T12:00:00+00:00,85.81,87.71,85.31,86,444730.37237031
1776182400,2026-04-14T16:00:00+00:00,85.98,86.2,83.79,84,337196.88594206003
1776196800,2026-04-14T20:00:00+00:00,84,84.19,83.34,83.76,265428.37208019
1776211200,2026-04-15T00:00:00+00:00,83.75,84.11,83.16,83.49,200679.70583731
1776225600,2026-04-15T04:00:00+00:00,83.49,83.83,82.69,82.96,86401.90852437
1776240000,2026-04-15T08:00:00+00:00,82.97,83.75,82.77,83.62,195911.01466709
1776254400,2026-04-15T12:00:00+00:00,83.62,84.53,83.21,84.02,312494.93225511
1776268800,2026-04-15T16:00:00+00:00,84.01,85.85,83.92,85.53,337617.63727966
1776283200,2026-04-15T20:00:00+00:00,85.53,85.62,84.22,84.92,156639.04516443
1776297600,2026-04-16T00:00:00+00:00,84.92,85.6,84.49,85.3,106866.28592006999
1776312000,2026-04-16T04:00:00+00:00,85.3,85.68,84.99,85.22,72104.90782559
1776326400,2026-04-16T08:00:00+00:00,85.21,85.53,84.65,85.1,133022.12069825002
1776340800,2026-04-16T12:00:00+00:00,85.09,87.12,83.85,86.64,403042.36180841
1776355200,2026-04-16T16:00:00+00:00,86.65,90.17,85.66,90.11,619051.73982419
1776369600,2026-04-16T20:00:00+00:00,90.13,90.53,88.76,89.09,331747.40384607
1776384000,2026-04-17T00:00:00+00:00,89.08,89.22,87.46,87.74,209295.03513645002
1776398400,2026-04-17T04:00:00+00:00,87.74,88.5,87.39,88.15,88252.95475397
1776412800,2026-04-17T08:00:00+00:00,88.16,89.65,87.4,88.24,226924.45748194001
1776427200,2026-04-17T12:00:00+00:00,88.24,90.8,87.94,90,734300.92267017
1776441600,2026-04-17T16:00:00+00:00,90.01,90.65,88.92,89.26,308568.55996626
1776456000,2026-04-17T20:00:00+00:00,89.28,89.5,88.53,88.8,175677.17927699
1776470400,2026-04-18T00:00:00+00:00,88.8,89.2,88.27,88.36,93991.25141129999
1776484800,2026-04-18T04:00:00+00:00,88.37,88.7,88.22,88.47,65763.52923944
1776499200,2026-04-18T08:00:00+00:00,88.49,88.54,86.3,86.54,212273.31259709998
1776513600,2026-04-18T12:00:00+00:00,86.56,87.02,86.44,86.79,129638.37266452
1776528000,2026-04-18T16:00:00+00:00,86.78,87.02,85.82,86.16,145493.21755149998
1776542400,2026-04-18T20:00:00+00:00,86.16,86.5,85.97,86.21,92552.61083782
1776556800,2026-04-19T00:00:00+00:00,86.2,86.42,85.32,85.64,132808.76218975
1776571200,2026-04-19T04:00:00+00:00,85.64,85.99,84.47,84.91,175211.55851107
1776585600,2026-04-19T08:00:00+00:00,84.9,85.73,84.47,85.65,120618.82201797
1776600000,2026-04-19T12:00:00+00:00,85.65,87.15,85.59,86.4,142270.9376545
1776614400,2026-04-19T16:00:00+00:00,86.4,86.54,84.91,85.36,164152.60698688
1776628800,2026-04-19T20:00:00+00:00,85.36,85.39,82.96,83.48,375109.15071985003
1776643200,2026-04-20T00:00:00+00:00,83.5,84.65,83.36,84.62,148535.25646884
1776657600,2026-04-20T04:00:00+00:00,84.62,85.79,83.78,84.76,99337.44466793
1776672000,2026-04-20T08:00:00+00:00,84.76,85.44,84.59,85.11,146991.42604857998
1776686400,2026-04-20T12:00:00+00:00,85.1,85.91,84.46,85.89,281147.85962461005
1776700800,2026-04-20T16:00:00+00:00,85.89,86.25,85.29,85.82,201416.37857131002
1776715200,2026-04-20T20:00:00+00:00,85.82,86.24,85.24,85.31,98609.77847249
1776729600,2026-04-21T00:00:00+00:00,85.33,85.87,85.02,85.2,139336.19234207
1776744000,2026-04-21T04:00:00+00:00,85.2,86.01,85.05,85.74,146851.93354517999
1776758400,2026-04-21T08:00:00+00:00,85.75,86.42,85.56,85.88,102743.66780498
1776772800,2026-04-21T12:00:00+00:00,85.87,86.93,85.21,86.07,304518.38042292
1776787200,2026-04-21T16:00:00+00:00,86.08,86.32,84.33,84.58,320898.5810336
1776801600,2026-04-21T20:00:00+00:00,84.58,86.16,84.43,86.07,228208.91807833
1776816000,2026-04-22T00:00:00+00:00,86.08,87.91,86.03,87.29,316258.85252434004
1776830400,2026-04-22T04:00:00+00:00,87.29,88.33,86.99,88.08,166256.43022044003
1776844800,2026-04-22T08:00:00+00:00,88.08,88.89,87.64,88.35,175892.10559056
1776859200,2026-04-22T12:00:00+00:00,88.36,89.36,88.07,88.22,376512.69742636
1776873600,2026-04-22T16:00:00+00:00,88.22,88.5,87.12,87.4,263804.34166432
1776888000,2026-04-22T20:00:00+00:00,87.42,87.75,86.85,86.91,93872.30832782999
1776902400,2026-04-23T00:00:00+00:00,86.9,87.19,85.48,85.81,219285.89827935
1776916800,2026-04-23T04:00:00+00:00,85.79,86.25,85.53,85.94,153394.82180156
1776931200,2026-04-23T08:00:00+00:00,85.93,85.98,85.24,85.85,116822.4210461
1776945600,2026-04-23T12:00:00+00:00,85.86,86.67,85.56,86.37,340532.70061314
1776960000,2026-04-23T16:00:00+00:00,86.37,86.43,84.5,85.32,340574.96658419
1776974400,2026-04-23T20:00:00+00:00,85.35,86.3,85.3,86.17,222530.66695552
1776988800,2026-04-24T00:00:00+00:00,86.17,86.41,85.43,85.74,96492.45035410998
1777003200,2026-04-24T04:00:00+00:00,85.73,85.85,85.17,85.5,168460.51930965
1777017600,2026-04-24T08:00:00+00:00,85.52,86.31,84.97,86.23,196294.87575168
1777032000,2026-04-24T12:00:00+00:00,86.24,86.84,85.57,86.56,586870.30370059
1777046400,2026-04-24T16:00:00+00:00,86.55,86.62,85.98,86.32,94228.19285706998
1777060800,2026-04-24T20:00:00+00:00,86.33,86.99,86.13,86.22,209672.87673336998
1777075200,2026-04-25T00:00:00+00:00,86.22,86.53,86.05,86.5,35692.67018369
1777089600,2026-04-25T04:00:00+00:00,86.49,86.68,86.14,86.38,61668.584803369995
1777104000,2026-04-25T08:00:00+00:00,86.37,86.83,86.28,86.4,54124.98492755
1777118400,2026-04-25T12:00:00+00:00,86.4,86.7,86.15,86.25,43059.96870561
1777132800,2026-04-25T16:00:00+00:00,86.24,86.35,85.54,85.71,85991.76827316
1777147200,2026-04-25T20:00:00+00:00,85.71,86.2,85.63,86.2,58613.512662170004
1777161600,2026-04-26T00:00:00+00:00,86.2,86.47,85.86,86.01,52044.50137523
1777176000,2026-04-26T04:00:00+00:00,86,86.74,85.95,86.65,82443.86838839001
1777190400,2026-04-26T08:00:00+00:00,86.66,86.79,86.46,86.51,31756.82382394
1777204800,2026-04-26T12:00:00+00:00,86.51,86.61,85.92,86.59,87022.10429083
1777219200,2026-04-26T16:00:00+00:00,86.59,87.22,86.3,86.91,94950.07882915
1777233600,2026-04-26T20:00:00+00:00,86.92,87.34,86.21,86.95,159626.8682773
1777248000,2026-04-27T00:00:00+00:00,86.96,88.1,86.57,87.75,207996.95031718
1777262400,2026-04-27T04:00:00+00:00,87.75,87.85,85.25,85.27,155923.83486008
1777276800,2026-04-27T08:00:00+00:00,85.27,85.62,85.02,85.27,201569.87273334
1777291200,2026-04-27T12:00:00+00:00,85.26,85.84,83.65,84.16,359983.56828031
1777305600,2026-04-27T16:00:00+00:00,84.17,84.69,83.82,84.17,222381.47016107
1777320000,2026-04-27T20:00:00+00:00,84.16,84.89,84.09,84.8,114501.76082205001
1777334400,2026-04-28T00:00:00+00:00,84.81,84.92,83.89,84.17,101989.08534940999
1777348800,2026-04-28T04:00:00+00:00,84.17,84.43,83.65,84.01,130296.29082736
1777363200,2026-04-28T08:00:00+00:00,84.01,84.19,83.28,83.4,72614.87666509
1777377600,2026-04-28T12:00:00+00:00,83.41,83.98,82.96,83.46,205110.05573254003
1777392000,2026-04-28T16:00:00+00:00,83.46,84.02,83.3,83.88,102555.43192937001
1777406400,2026-04-28T20:00:00+00:00,83.88,84.18,83.57,84.05,106489.26354011
1777420800,2026-04-29T00:00:00+00:00,84.05,84.72,83.8,84.58,104232.10671522
1777435200,2026-04-29T04:00:00+00:00,84.58,85.05,84.42,84.7,111685.76999710001
1777449600,2026-04-29T08:00:00+00:00,84.7,85.56,84.35,84.91,109880.94074335
1777464000,2026-04-29T12:00:00+00:00,84.91,84.91,82.99,83.24,296846.4650136
1777478400,2026-04-29T16:00:00+00:00,83.24,83.66,81.35,82.16,371589.31685234
1777492800,2026-04-29T20:00:00+00:00,82.16,83.18,82.13,83.02,239050.59269295
1777507200,2026-04-30T00:00:00+00:00,83.02,83.98,82.66,83.02,224566.3848527
1777521600,2026-04-30T04:00:00+00:00,83.03,83.33,82.14,83.31,130661.86403584
1777536000,2026-04-30T08:00:00+00:00,83.31,83.51,82.75,82.98,95427.76184518001
1777550400,2026-04-30T12:00:00+00:00,82.97,83.81,82.66,83.31,227735.8091261
1777564800,2026-04-30T16:00:00+00:00,83.31,83.41,82.84,83.01,165408.07328160998
1777579200,2026-04-30T20:00:00+00:00,83,83.16,82.74,83.05,67704.42833316
1777593600,2026-05-01T00:00:00+00:00,83.05,84.35,83.05,83.87,140009.78791485
1777608000,2026-05-01T04:00:00+00:00,83.87,84.24,83.64,83.94,133360.62064223
1777622400,2026-05-01T08:00:00+00:00,83.94,84.28,83.7,84,72480.99762642
1777636800,2026-05-01T12:00:00+00:00,84,84.86,83.88,84.45,243666.04129036
1777651200,2026-05-01T16:00:00+00:00,84.45,84.62,83.77,83.89,145666.80129037
1777665600,2026-05-01T20:00:00+00:00,83.88,83.92,83.31,83.76,109716.80720203
1777680000,2026-05-02T00:00:00+00:00,83.75,84.18,83.43,83.8,79557.91151537
1777694400,2026-05-02T04:00:00+00:00,83.81,83.84,83.53,83.71,29387.60235403
1777708800,2026-05-02T08:00:00+00:00,83.72,84.14,83.52,83.68,38969.653776980005
1777723200,2026-05-02T12:00:00+00:00,83.69,84.08,83.67,84.02,58971.772895869995
1777737600,2026-05-02T16:00:00+00:00,84.03,84.29,83.93,84.22,44327.44603506
1777752000,2026-05-02T20:00:00+00:00,84.22,84.96,84.06,84.26,77918.77022745
1777766400,2026-05-03T00:00:00+00:00,84.26,84.31,83.57,83.66,59694.157517629996
1777780800,2026-05-03T04:00:00+00:00,83.65,84.01,83.57,83.86,22973.676826560004
1777795200,2026-05-03T08:00:00+00:00,83.87,84.17,83.72,83.94,29965.79183571
1777809600,2026-05-03T12:00:00+00:00,83.94,84.43,83.94,84.14,43163.48502547
1777824000,2026-05-03T16:00:00+00:00,84.14,84.47,83.97,84.36,49125.80077149
1777838400,2026-05-03T20:00:00+00:00,84.36,84.96,83.85,83.91,169949.65275880002
1777852800,2026-05-04T00:00:00+00:00,83.9,85.6,83.34,85.4,312952.85615765
1777867200,2026-05-04T04:00:00+00:00,85.4,85.88,84.51,84.87,89260.60894305001
1777881600,2026-05-04T08:00:00+00:00,84.86,85.18,83.24,83.94,129821.01573201
1777896000,2026-05-04T12:00:00+00:00,83.94,85.33,83.58,84.47,250676.96507861998
1777910400,2026-05-04T16:00:00+00:00,84.49,85.19,83.97,84.43,189633.03329731
1777924800,2026-05-04T20:00:00+00:00,84.43,84.54,84,84.09,118217.84785785
1777939200,2026-05-05T00:00:00+00:00,84.09,84.96,84.02,84.78,64283.10464798
1777953600,2026-05-05T04:00:00+00:00,84.77,85.12,84.54,84.85,121872.99122752
1777968000,2026-05-05T08:00:00+00:00,84.85,85.01,84.42,84.98,52243.833270079995
1777982400,2026-05-05T12:00:00+00:00,84.98,86.1,84.91,85.5,296681.02358331997
1777996800,2026-05-05T16:00:00+00:00,85.52,86.57,85.04,86.5,216645.12042166002
1778011200,2026-05-05T20:00:00+00:00,86.49,86.98,86.13,86.27,195893.43974684
1778025600,2026-05-06T00:00:00+00:00,86.26,87.46,86.09,87.32,171078.35716672998
1778040000,2026-05-06T04:00:00+00:00,87.33,87.88,86.66,87.69,109566.53530814001
1778054400,2026-05-06T08:00:00+00:00,87.69,90.01,87.65,89.87,205363.43029838
1778068800,2026-05-06T12:00:00+00:00,89.87,89.97,87.47,88.97,366086.49049970997
1778083200,2026-05-06T16:00:00+00:00,88.96,89.5,88.48,89.26,227762.78146108
1778097600,2026-05-06T20:00:00+00:00,89.26,89.61,88.65,89.15,111641.46754789
1778112000,2026-05-07T00:00:00+00:00,89.15,89.26,87.62,87.77,121592.57205579999
1778126400,2026-05-07T04:00:00+00:00,87.76,90.43,87.69,90.17,146186.18145342998
1778140800,2026-05-07T08:00:00+00:00,90.16,90.26,88.74,89.56,94050.89845159001
1778155200,2026-05-07T12:00:00+00:00,89.55,90.08,87.8,88.32,197723.78430022002
1778169600,2026-05-07T16:00:00+00:00,88.31,89.05,87.96,88.43,223652.15556991
1778184000,2026-05-07T20:00:00+00:00,88.44,88.84,87.65,88.4,132933.29673567
1778227200,2026-05-08T08:00:00+00:00,88.22,88.73,88,88.63,38890.07324709
1778241600,2026-05-08T12:00:00+00:00,88.63,89.58,87.99,89.57,134529.49921339
1778256000,2026-05-08T16:00:00+00:00,89.58,92.84,89.34,92.63,365762.05557061
1778270400,2026-05-08T20:00:00+00:00,92.66,92.75,91.74,92.02,105587.04075178
1778284800,2026-05-09T00:00:00+00:00,92.02,93.89,91.85,93.64,156385.02598524003
1778299200,2026-05-09T04:00:00+00:00,93.64,94.16,92.84,93.74,85502.99541527
1778313600,2026-05-09T08:00:00+00:00,93.74,93.93,93.05,93.63,49398.59838978
1778328000,2026-05-09T12:00:00+00:00,93.61,93.74,92.4,92.98,76767.14326585
1778342400,2026-05-09T16:00:00+00:00,92.98,93.64,92.68,93.51,100163.37267030001
1778356800,2026-05-09T20:00:00+00:00,93.51,93.55,93.04,93.11,32810.35853065
1778371200,2026-05-10T00:00:00+00:00,93.12,93.53,92.59,93.42,66453.40457376999
1778385600,2026-05-10T04:00:00+00:00,93.41,93.66,93.22,93.45,33497.65295748
1778400000,2026-05-10T08:00:00+00:00,93.44,94.78,92.93,93.55,100967.07466387001
1778414400,2026-05-10T12:00:00+00:00,93.55,94.74,93.11,94.51,140498.05082905001
1778428800,2026-05-10T16:00:00+00:00,94.53,96.9,94.15,96.45,276389.62099443
1778443200,2026-05-10T20:00:00+00:00,96.47,96.84,93.42,96.44,493819.30422524
1778457600,2026-05-11T00:00:00+00:00,96.44,96.66,94.47,94.76,364879.05597583007
1778472000,2026-05-11T04:00:00+00:00,94.75,96.14,94.43,95.31,168192.05735062
1778486400,2026-05-11T08:00:00+00:00,95.33,95.56,94.56,95.29,88335.79184762
1778500800,2026-05-11T12:00:00+00:00,95.3,96.8,94.25,96.78,421636.40374073
1778515200,2026-05-11T16:00:00+00:00,96.78,98.39,96.48,98.19,496393.3904738501
1778529600,2026-05-11T20:00:00+00:00,98.2,98.38,97.06,97.36,148980.53431329
1778544000,2026-05-12T00:00:00+00:00,97.35,97.66,95.52,96.12,192923.98211297998
1778558400,2026-05-12T04:00:00+00:00,96.12,96.98,95.79,96.02,59098.904804339996
1778572800,2026-05-12T08:00:00+00:00,96.02,96.11,94.56,94.95,179890.60642091
1778587200,2026-05-12T12:00:00+00:00,94.94,95.52,93.58,93.81,282559.20899773
1778601600,2026-05-12T16:00:00+00:00,93.82,94.97,93.56,94.89,164896.72857917
1778616000,2026-05-12T20:00:00+00:00,94.9,95.02,94.22,94.27,65401.77150844
1778630400,2026-05-13T00:00:00+00:00,94.26,95.55,94.04,95.54,81916.8137143
1778644800,2026-05-13T04:00:00+00:00,95.54,95.96,94.86,95.12,76310.20963185
1778659200,2026-05-13T08:00:00+00:00,95.12,95.85,94.22,94.29,56222.46288707999
1778673600,2026-05-13T12:00:00+00:00,94.29,94.6,90.22,90.39,450257.7723414
1778688000,2026-05-13T16:00:00+00:00,90.38,91.4,90.36,90.94,291557.06002445
1778702400,2026-05-13T20:00:00+00:00,90.92,91.32,90.62,91.14,66828.13721434999
1778716800,2026-05-14T00:00:00+00:00,91.14,91.39,89.77,89.9,120700.96658417
1778731200,2026-05-14T04:00:00+00:00,89.92,91.63,89.83,90.85,64190.621995049994
1778745600,2026-05-14T08:00:00+00:00,90.86,91.26,90.54,90.61,46185.02362819
1778760000,2026-05-14T12:00:00+00:00,90.59,93.23,90.48,93.2,167907.01924907998
1778774400,2026-05-14T16:00:00+00:00,93.21,93.66,92.29,92.89,285622.20271637
1778788800,2026-05-14T20:00:00+00:00,92.89,92.98,92.1,92.13,129456.17382149
1778803200,2026-05-15T00:00:00+00:00,92.14,92.65,91.46,92.04,143051.32902939
1778817600,2026-05-15T04:00:00+00:00,92.03,92.03,90.24,91.58,165850.18231877
1778832000,2026-05-15T08:00:00+00:00,91.59,91.61,90.91,91.25,104437.10845613999
1778846400,2026-05-15T12:00:00+00:00,91.23,91.26,88.49,89,351681.29286103003
1778860800,2026-05-15T16:00:00+00:00,89,90.05,88.75,89.39,177913.46965951
1778875200,2026-05-15T20:00:00+00:00,89.38,89.47,88.56,89.19,138722.08299672
1778889600,2026-05-16T00:00:00+00:00,89.19,89.38,88.9,89.01,51139.238601779994
1778904000,2026-05-16T04:00:00+00:00,89,89.06,86.68,87.41,124635.17128598
1778918400,2026-05-16T08:00:00+00:00,87.41,87.59,85.48,86.07,120959.20264663998
1778932800,2026-05-16T12:00:00+00:00,86.07,86.66,85.96,86.45,62040.70958626999
1778947200,2026-05-16T16:00:00+00:00,86.44,86.94,86.34,86.66,56566.990700500006
1778961600,2026-05-16T20:00:00+00:00,86.68,86.87,86.42,86.51,38463.7102072
1778976000,2026-05-17T00:00:00+00:00,86.51,86.69,85.55,86.48,106435.76784145001
1778990400,2026-05-17T04:00:00+00:00,86.47,87.25,86.42,86.95,40202.35407498
1779004800,2026-05-17T08:00:00+00:00,86.95,87.23,86.56,86.86,47527.799872849995
1779019200,2026-05-17T12:00:00+00:00,86.87,86.98,85.93,86.42,54553.538107249995
1779033600,2026-05-17T16:00:00+00:00,86.42,86.9,85.97,86.75,73022.30813735
1779048000,2026-05-17T20:00:00+00:00,86.75,86.95,83.41,85.19,194698.50785500003
1779062400,2026-05-18T00:00:00+00:00,85.19,85.42,84.35,84.81,163070.23648546002
1779076800,2026-05-18T04:00:00+00:00,84.81,85.33,84.24,84.71,154031.04822365998
1779091200,2026-05-18T08:00:00+00:00,84.7,85.27,84.03,84.94,106033.12332423999
1779105600,2026-05-18T12:00:00+00:00,84.94,85.75,83.56,84.14,267786.27140932
1779120000,2026-05-18T16:00:00+00:00,84.15,85.16,83.43,84.93,186865.35077167
1779134400,2026-05-18T20:00:00+00:00,84.95,85.72,84.73,85.31,103282.39258308
1779148800,2026-05-19T00:00:00+00:00,85.32,85.9,84.56,85.01,77013.10660728
1779163200,2026-05-19T04:00:00+00:00,85.02,85.58,84.4,85.44,110850.87230732999
1779177600,2026-05-19T08:00:00+00:00,85.43,85.51,84.17,84.32,120056.64780414
1779192000,2026-05-19T12:00:00+00:00,84.31,85.04,83.63,84.3,200644.15316404
1779206400,2026-05-19T16:00:00+00:00,84.32,84.97,84.06,84.27,146618.62561618
1779220800,2026-05-19T20:00:00+00:00,84.27,84.58,83.93,84.23,107113.64792589
1779235200,2026-05-20T00:00:00+00:00,84.22,84.46,83.76,84.02,61982.63458825
1779249600,2026-05-20T04:00:00+00:00,84.02,85.04,83.8,84.67,99599.15504687
1779264000,2026-05-20T08:00:00+00:00,84.67,85.15,84.51,84.63,33894.44972148
1779278400,2026-05-20T12:00:00+00:00,84.62,86.19,84.11,85.84,232569.4836629
1779292800,2026-05-20T16:00:00+00:00,85.84,87,85.45,86.08,228761.35713139002
1779307200,2026-05-20T20:00:00+00:00,86.07,86.23,85.46,86.09,120644.90213294001
1779321600,2026-05-21T00:00:00+00:00,86.09,86.95,86.01,86.76,109502.19249893
1779336000,2026-05-21T04:00:00+00:00,86.76,87.12,86.11,86.56,81974.96785474
1779350400,2026-05-21T08:00:00+00:00,86.56,87.12,85.48,85.5,83434.53635113
1779364800,2026-05-21T12:00:00+00:00,85.51,86.8,85.23,86.37,159090.12259816
1779379200,2026-05-21T16:00:00+00:00,86.37,87.91,85.96,87.74,301970.30121611
1779393600,2026-05-21T20:00:00+00:00,87.74,87.84,86.93,87.27,99807.46353804998
1779408000,2026-05-22T00:00:00+00:00,87.26,87.28,86.51,86.95,63643.43530114001
1779422400,2026-05-22T04:00:00+00:00,86.95,87.3,86.41,86.89,76613.84322598
1779436800,2026-05-22T08:00:00+00:00,86.88,87.43,86.63,87.24,56988.584719009996
1779451200,2026-05-22T12:00:00+00:00,87.24,87.77,86.16,86.67,211194.75974862
1779465600,2026-05-22T16:00:00+00:00,86.66,87.1,83.87,84.43,300372.60771939997
1779480000,2026-05-22T20:00:00+00:00,84.45,85.22,83.89,84.29,126720.05108959999
1779494400,2026-05-23T00:00:00+00:00,84.3,84.65,83.98,84.58,91851.79184906
1779508800,2026-05-23T04:00:00+00:00,84.58,84.61,81.31,82.15,169986.51943188
1779523200,2026-05-23T08:00:00+00:00,82.14,82.38,81.61,82.21,187803.50422278
1779537600,2026-05-23T12:00:00+00:00,82.2,84.44,82.02,84,212738.60354004003
1779552000,2026-05-23T16:00:00+00:00,84,85.04,83.83,84.86,146550.87970361
1779566400,2026-05-23T20:00:00+00:00,84.87,87.42,84.69,85.65,256435.77639268
1779580800,2026-05-24T00:00:00+00:00,85.66,86.12,85.51,85.71,82290.09632054
1779595200,2026-05-24T04:00:00+00:00,85.71,86.58,85.46,85.97,103012.27686014
1779609600,2026-05-24T08:00:00+00:00,85.97,86.86,85.91,86.55,134002.76857985
1779624000,2026-05-24T12:00:00+00:00,86.56,86.58,84.37,85.21,102917.84392711
1779638400,2026-05-24T16:00:00+00:00,85.21,85.74,85.08,85.27,84545.62944487
1779652800,2026-05-24T20:00:00+00:00,85.27,85.42,83.58,85.17,145445.34415205003
1779667200,2026-05-25T00:00:00+00:00,85.17,85.66,84.69,84.84,61517.274957140005
1779681600,2026-05-25T04:00:00+00:00,84.83,86.09,84.82,85.87,75180.86049665
1779696000,2026-05-25T08:00:00+00:00,85.86,86.13,85.62,85.69,39902.86352133
1779710400,2026-05-25T12:00:00+00:00,85.69,86.44,85.58,86.16,52592.27012092
1779724800,2026-05-25T16:00:00+00:00,86.17,86.36,85.45,85.56,62333.25177352999
1779739200,2026-05-25T20:00:00+00:00,85.56,85.8,84.63,84.97,89332.25260745
1779753600,2026-05-26T00:00:00+00:00,84.98,85.02,83.76,84.13,89509.86322226
1779768000,2026-05-26T04:00:00+00:00,84.12,84.88,83.92,84.26,41527.2055405
1779782400,2026-05-26T08:00:00+00:00,84.26,85.71,84.2,85.13,74912.59773805001
1779796800,2026-05-26T12:00:00+00:00,85.13,86.03,83.93,84.39,203754.56169854
1779811200,2026-05-26T16:00:00+00:00,84.39,84.47,83.03,83.64,186001.85736449
1779825600,2026-05-26T20:00:00+00:00,83.65,83.86,83.41,83.59,76532.5947746
1779840000,2026-05-27T00:00:00+00:00,83.61,84.08,83.37,83.51,57491.43137371
1779854400,2026-05-27T04:00:00+00:00,83.5,84.08,82.74,84.07,52310.95906561
1779868800,2026-05-27T08:00:00+00:00,84.07,84.29,83.5,83.81,34721.73528369
1779883200,2026-05-27T12:00:00+00:00,83.82,84.68,82.83,84.28,225975.63395490998
1779897600,2026-05-27T16:00:00+00:00,84.29,84.6,83.01,83.76,149822.70766005001
1779912000,2026-05-27T20:00:00+00:00,83.76,83.97,82,82.3,157067.02571950998
1779926400,2026-05-28T00:00:00+00:00,82.28,82.63,80.37,80.59,230481.06906422
1779940800,2026-05-28T04:00:00+00:00,80.59,81.15,79.89,81.11,150721.43720591
1779955200,2026-05-28T08:00:00+00:00,81.11,81.19,80.47,80.74,86758.81351049
1779969600,2026-05-28T12:00:00+00:00,80.73,81.52,79.88,81.01,225120.09492389997
1779984000,2026-05-28T16:00:00+00:00,80.99,82.95,80.78,82.04,237851.20502795003
1779998400,2026-05-28T20:00:00+00:00,82.06,82.56,81.64,82,101727.912089
1780012800,2026-05-29T00:00:00+00:00,81.99,82.37,81.36,81.5,65903.64399439
1780027200,2026-05-29T04:00:00+00:00,81.5,82.37,81.26,82.13,93291.24271535
1780041600,2026-05-29T08:00:00+00:00,82.11,82.52,81.4,81.66,49303.62229311
1780056000,2026-05-29T12:00:00+00:00,81.65,83.1,80.24,82.46,318193.22460562
1780070400,2026-05-29T16:00:00+00:00,82.46,83.1,81.47,81.94,234783.20250472001
1780084800,2026-05-29T20:00:00+00:00,81.93,82.28,81.5,81.92,111505.77474665
1780099200,2026-05-30T00:00:00+00:00,81.91,82.98,81.83,82.55,79003.54973195
1780113600,2026-05-30T04:00:00+00:00,82.56,82.7,81.77,82.27,61141.814335539995
1780128000,2026-05-30T08:00:00+00:00,82.26,82.43,82.08,82.22,20456.848892820002
1780142400,2026-05-30T12:00:00+00:00,82.21,82.8,82.14,82.57,47180.08779196
1780156800,2026-05-30T16:00:00+00:00,82.57,83.02,82.5,82.86,53903.89746414
1780171200,2026-05-30T20:00:00+00:00,82.87,83.05,82.34,82.61,48288.98966897
1780185600,2026-05-31T00:00:00+00:00,82.61,83.27,82.5,83.11,33735.939357819996
1780200000,2026-05-31T04:00:00+00:00,83.1,83.18,82.4,82.54,24830.10207076
1780214400,2026-05-31T08:00:00+00:00,82.54,82.93,82.36,82.65,24852.3856908
1780228800,2026-05-31T12:00:00+00:00,82.64,83,81.69,81.78,63519.207895529995
1780243200,2026-05-31T16:00:00+00:00,81.77,81.93,81.22,81.47,53135.35020254
1780257600,2026-05-31T20:00:00+00:00,81.47,82.79,81.47,82.32,82609.01790852999
1780272000,2026-06-01T00:00:00+00:00,82.31,82.98,81.5,82.5,107781.91434726001
1780286400,2026-06-01T04:00:00+00:00,82.5,82.65,80.54,80.63,61211.62234723
1780300800,2026-06-01T08:00:00+00:00,80.63,81.18,80.36,80.72,64308.18338816
1780315200,2026-06-01T12:00:00+00:00,80.73,80.97,79.06,79.47,294664.20752881
1780329600,2026-06-01T16:00:00+00:00,79.48,81.21,78.97,81.08,170765.2838279
1780344000,2026-06-01T20:00:00+00:00,81.09,81.52,80.21,81.16,95087.04053722002
1780358400,2026-06-02T00:00:00+00:00,81.16,81.18,79.31,80.79,111969.63727772
1780372800,2026-06-02T04:00:00+00:00,80.79,80.91,79.04,79.55,121983.0140148
1780387200,2026-06-02T08:00:00+00:00,79.55,79.69,78.66,78.83,111461.42847188
1780401600,2026-06-02T12:00:00+00:00,78.83,79.11,75.35,76.25,374382.55881212
1780416000,2026-06-02T16:00:00+00:00,76.25,77.54,74.37,75.43,427102.16113795
1780430400,2026-06-02T20:00:00+00:00,75.43,75.97,72.64,74.12,302043.21459234
1780444800,2026-06-03T00:00:00+00:00,74.13,75.05,72.18,72.62,197000.481215
1780459200,2026-06-03T04:00:00+00:00,72.62,75.32,72.59,75.16,163268.03953391
1780473600,2026-06-03T08:00:00+00:00,75.15,75.61,74.62,75.03,107299.14923886
1780488000,2026-06-03T12:00:00+00:00,75.03,75.27,73.12,73.2,199984.98672945998
1780502400,2026-06-03T16:00:00+00:00,73.2,74.03,71.61,71.9,419016.5243277
1780516800,2026-06-03T20:00:00+00:00,71.89,73.06,70.83,71.52,290923.25324765
1780531200,2026-06-04T00:00:00+00:00,71.5,72,66.67,71.39,575103.62667604
1780545600,2026-06-04T04:00:00+00:00,71.41,71.71,69.02,69.09,143410.31282485
1780560000,2026-06-04T08:00:00+00:00,69.08,69.37,67.32,68.61,229185.07358327002
1780574400,2026-06-04T12:00:00+00:00,68.62,70.56,68.24,69.56,351154.86879054003
1780588800,2026-06-04T16:00:00+00:00,69.56,69.79,68.39,68.99,216943.67440278
1780603200,2026-06-04T20:00:00+00:00,69,69.05,67.5,68.79,200646.93846176
1780617600,2026-06-05T00:00:00+00:00,68.78,69.02,66.88,67.02,212162.16091478002
1780632000,2026-06-05T04:00:00+00:00,67.03,68.01,63.79,66.11,565825.81290307
1780646400,2026-06-05T08:00:00+00:00,66.12,66.74,65,66.02,220530.57410713
1780660800,2026-06-05T12:00:00+00:00,66.01,66.77,63.73,64.21,468644.32498088
1780675200,2026-06-05T16:00:00+00:00,64.2,66.02,61.42,63.4,648663.95777934
1780689600,2026-06-05T20:00:00+00:00,63.4,65.38,62.64,63.62,387817.36705452
1780704000,2026-06-06T00:00:00+00:00,63.63,64.83,62.54,62.81,145854.77885337
1780718400,2026-06-06T04:00:00+00:00,62.82,63.3,60.11,62.76,284383.10920177
1780732800,2026-06-06T08:00:00+00:00,62.75,63.55,61.17,62.41,169470.27800418
1780747200,2026-06-06T12:00:00+00:00,62.42,63.06,61.28,62.02,202413.44781852997
1780761600,2026-06-06T16:00:00+00:00,62.01,62.37,61.35,61.61,219581.77096787002
1780776000,2026-06-06T20:00:00+00:00,61.6,62.32,61.34,62.15,163849.11983763002
1780790400,2026-06-07T00:00:00+00:00,62.17,64.44,61.91,63.81,208055.66287278
1780804800,2026-06-07T04:00:00+00:00,63.8,65,63.27,64.9,152092.33066937
1780819200,2026-06-07T08:00:00+00:00,64.88,66.09,64.41,65.01,156503.52573783
1780833600,2026-06-07T12:00:00+00:00,65.01,65.32,63.64,64.95,172112.46740897
1780848000,2026-06-07T16:00:00+00:00,64.95,65.59,63.62,63.92,138861.44033799
1780862400,2026-06-07T20:00:00+00:00,63.92,67.9,63.72,66.46,274764.69227836
1780876800,2026-06-08T00:00:00+00:00,66.47,67.08,65.37,66.33,189418.28601125002
1780891200,2026-06-08T04:00:00+00:00,66.34,66.38,64.91,66.06,108545.51962037
1780905600,2026-06-08T08:00:00+00:00,66.03,67.02,65.4,66.62,129509.46648403001
1780920000,2026-06-08T12:00:00+00:00,66.64,67.8,65.95,67.14,267561.82806638
1780934400,2026-06-08T16:00:00+00:00,67.15,67.8,66.52,67.45,215966.53201814002
1780948800,2026-06-08T20:00:00+00:00,67.44,68.16,66.63,66.81,209395.34910857
1780963200,2026-06-09T00:00:00+00:00,66.8,66.87,65.27,65.99,181006.26879963998
1780977600,2026-06-09T04:00:00+00:00,65.99,67.43,65.8,66.86,140351.23063260003
1780992000,2026-06-09T08:00:00+00:00,66.86,66.9,65.87,66.09,118682.15318123001
1781006400,2026-06-09T12:00:00+00:00,66.08,66.49,64.21,64.28,296967.88148643996
1781020800,2026-06-09T16:00:00+00:00,64.28,65.63,63.46,65.36,303650.1361024
1781035200,2026-06-09T20:00:00+00:00,65.36,65.65,64.65,64.92,108546.08074616999
1781049600,2026-06-10T00:00:00+00:00,64.93,65.26,64.2,64.47,110459.89306901001
1781064000,2026-06-10T04:00:00+00:00,64.47,64.72,63.78,64.45,63494.00762533
1781078400,2026-06-10T08:00:00+00:00,64.45,64.47,62.91,63.45,125320.71320569
1781092800,2026-06-10T12:00:00+00:00,63.47,65.71,63.27,65.39,303707.56187218
1781107200,2026-06-10T16:00:00+00:00,65.39,65.42,63.31,63.49,225318.92011752998
1781121600,2026-06-10T20:00:00+00:00,63.48,63.59,62.28,63.13,183884.77484715
1781136000,2026-06-11T00:00:00+00:00,63.14,65.4,63.13,65.17,160673.13234584
1781150400,2026-06-11T04:00:00+00:00,65.18,65.36,64.71,64.97,73757.14348302
1781164800,2026-06-11T08:00:00+00:00,64.97,66.12,64.95,65.82,148009.10296321998
1781179200,2026-06-11T12:00:00+00:00,65.82,65.86,64.83,65.48,189078.39714924002
1781193600,2026-06-11T16:00:00+00:00,65.49,67.32,64.96,66.87,314650.30431374
1781208000,2026-06-11T20:00:00+00:00,66.87,67.08,66.3,66.85,148288.85975086
1781222400,2026-06-12T00:00:00+00:00,66.86,67.21,66.32,66.94,92873.18706036
1781236800,2026-06-12T04:00:00+00:00,66.95,67.16,65.84,66.23,80800.64967975
1781251200,2026-06-12T08:00:00+00:00,66.24,67.41,66.23,66.85,65913.4397962
1781265600,2026-06-12T12:00:00+00:00,66.83,68.76,66.3,67.22,281893.5713662
1781280000,2026-06-12T16:00:00+00:00,67.22,68.18,66.65,66.77,147117.88768359
1781294400,2026-06-12T20:00:00+00:00,66.77,66.91,66.43,66.79,87691.22674872
1781308800,2026-06-13T00:00:00+00:00,66.77,67.48,66.67,66.84,77364.50464659
1781323200,2026-06-13T04:00:00+00:00,66.85,67.43,66.56,67.33,83747.9708209
1781337600,2026-06-13T08:00:00+00:00,67.32,67.93,67.22,67.87,49111.298460620004
1781352000,2026-06-13T12:00:00+00:00,67.87,68.69,67.74,68.57,141201.50893925002
1781366400,2026-06-13T16:00:00+00:00,68.57,68.59,67.79,68.2,100745.83675953001
1781380800,2026-06-13T20:00:00+00:00,68.2,69.53,68.01,68.9,88005.13355196001
1781395200,2026-06-14T00:00:00+00:00,68.9,69.07,68.62,68.93,49199.09315349
1781409600,2026-06-14T04:00:00+00:00,68.92,68.99,67.98,68.19,57674.91507756
1781424000,2026-06-14T08:00:00+00:00,68.2,68.48,67.83,68.06,25796.50162979
1781438400,2026-06-14T12:00:00+00:00,68.07,68.13,66.92,67.39,58182.72843086
1781452800,2026-06-14T16:00:00+00:00,67.39,67.71,67.16,67.52,44416.53566365
1781467200,2026-06-14T20:00:00+00:00,67.53,71.24,67.41,71.24,309764.42878521
1781481600,2026-06-15T00:00:00+00:00,71.24,71.68,70.65,71.21,168847.28313301
1781496000,2026-06-15T04:00:00+00:00,71.19,71.47,70.77,71.23,42790.81790178
1781510400,2026-06-15T08:00:00+00:00,71.24,72.79,70.76,72.57,124685.49189406
1781524800,2026-06-15T12:00:00+00:00,72.57,75.23,72.27,75.23,352757.95664371003
1781539200,2026-06-15T16:00:00+00:00,75.2,76.05,74.55,75.23,307310.69589504
1781553600,2026-06-15T20:00:00+00:00,75.2,75.41,73.58,73.93,139943.97172764002
1781568000,2026-06-16T00:00:00+00:00,73.93,74.35,72.74,73.69,113201.11383092
1781582400,2026-06-16T04:00:00+00:00,73.69,74.49,73.15,74.43,87282.45042837999
1781596800,2026-06-16T08:00:00+00:00,74.4,75.59,74.3,74.59,88697.42174240001
1781611200,2026-06-16T12:00:00+00:00,74.61,75.48,72.27,73.23,262958.9782307
1781625600,2026-06-16T16:00:00+00:00,73.22,74.27,72.93,73.79,140231.60887086001
1781640000,2026-06-16T20:00:00+00:00,73.78,74.18,73.34,73.46,92416.10894099
1781654400,2026-06-17T00:00:00+00:00,73.46,74.39,73.1,73.63,96522.54839019
1781668800,2026-06-17T04:00:00+00:00,73.63,74.04,72.85,73.2,66348.94946094
1781683200,2026-06-17T08:00:00+00:00,73.19,73.23,71.65,71.97,94778.708339
1781697600,2026-06-17T12:00:00+00:00,71.97,73.81,71.54,73.76,178147.34077889996
1781712000,2026-06-17T16:00:00+00:00,73.75,74.62,71.37,71.6,399212.09933945
1781726400,2026-06-17T20:00:00+00:00,71.61,72.18,70.72,71.98,184245.30643857998
1781740800,2026-06-18T00:00:00+00:00,71.99,72.61,71.47,71.58,79394.20157276999
1781755200,2026-06-18T04:00:00+00:00,71.58,71.77,70.57,71.7,65230.32364307
1781769600,2026-06-18T08:00:00+00:00,71.69,72.09,70.66,70.86,85559.61515424
1781784000,2026-06-18T12:00:00+00:00,70.87,71.73,68.28,68.36,301982.05385302
1781798400,2026-06-18T16:00:00+00:00,68.35,69.44,68.12,69.32,197236.82128399002
1781812800,2026-06-18T20:00:00+00:00,69.3,69.87,69.18,69.63,96070.9952582
1781827200,2026-06-19T00:00:00+00:00,69.63,70,68.57,68.98,81989.79953585999
1781841600,2026-06-19T04:00:00+00:00,68.98,69.2,67.86,68.31,110955.28318433999
1781856000,2026-06-19T08:00:00+00:00,68.3,68.68,67.99,68.19,61394.78673417
1781870400,2026-06-19T12:00:00+00:00,68.19,69.5,67.86,69.26,93684.02734562999
1781884800,2026-06-19T16:00:00+00:00,69.27,69.5,68.57,68.89,73641.95851928
1781899200,2026-06-19T20:00:00+00:00,68.91,69.8,68.66,69.68,70780.56597049
1781913600,2026-06-20T00:00:00+00:00,69.67,70.06,69.43,69.93,53083.435758
1781928000,2026-06-20T04:00:00+00:00,69.94,72.39,69.83,71.51,137229.69231563
1781942400,2026-06-20T08:00:00+00:00,71.52,72.01,71.15,71.71,42301.78085664
1781956800,2026-06-20T12:00:00+00:00,71.71,72.54,70.4,71.95,123421.31745023999
1781971200,2026-06-20T16:00:00+00:00,71.96,71.99,71.01,71.78,67493.58130563
1781985600,2026-06-20T20:00:00+00:00,71.78,74.21,71.63,73.14,139186.37940143
1782000000,2026-06-21T00:00:00+00:00,73.16,73.78,72.8,73.55,79062.20349682998
1782014400,2026-06-21T04:00:00+00:00,73.55,73.75,72.93,73.12,64156.60185861999
1782028800,2026-06-21T08:00:00+00:00,73.12,74.3,72.65,73.09,80577.39740337
1782043200,2026-06-21T12:00:00+00:00,73.09,74.21,72.84,74.06,81504.76453423
1782057600,2026-06-21T16:00:00+00:00,74.04,74.58,73.71,74.33,93739.78552978
1782072000,2026-06-21T20:00:00+00:00,74.33,74.46,72.22,72.38,125920.88947064
1782086400,2026-06-22T00:00:00+00:00,72.37,74.89,72.37,73.43,137915.19639158
1782100800,2026-06-22T04:00:00+00:00,73.43,74.39,73.27,74.02,53166.5726441
1782115200,2026-06-22T08:00:00+00:00,74.02,74.36,73.49,74.1,81676.62874369
1782129600,2026-06-22T12:00:00+00:00,74.11,74.92,72.9,73.07,234966.36706942
1782144000,2026-06-22T16:00:00+00:00,73.07,73.49,72.38,72.62,161011.55110027
1782158400,2026-06-22T20:00:00+00:00,72.62,72.88,71.33,71.88,106584.19295152
1782172800,2026-06-23T00:00:00+00:00,71.87,71.97,71.23,71.91,70537.07870057001
1782187200,2026-06-23T04:00:00+00:00,71.91,71.93,69.6,69.92,99430.42439642001
1782201600,2026-06-23T08:00:00+00:00,69.93,70.03,68.08,69.22,137587.34512038
1782216000,2026-06-23T12:00:00+00:00,69.23,69.6,68.3,68.83,171644.69638691
1782230400,2026-06-23T16:00:00+00:00,68.82,69.32,68.55,68.76,107024.92481496
1782244800,2026-06-23T20:00:00+00:00,68.75,69.75,68.75,69.6,70143.87185385
1782259200,2026-06-24T00:00:00+00:00,69.6,70.33,69.01,69.48,72005.65468323
1782273600,2026-06-24T04:00:00+00:00,69.5,70.13,68.92,69.29,34679.40048
1782288000,2026-06-24T08:00:00+00:00,69.29,70.33,68.69,69.72,65394.759057510004
1782302400,2026-06-24T12:00:00+00:00,69.73,69.82,67.15,67.22,277691.72295788996
1782316800,2026-06-24T16:00:00+00:00,67.23,67.92,64.62,66.02,429060.98702626996
1782331200,2026-06-24T20:00:00+00:00,66.02,68.44,65.87,68.01,177523.33296267
1782345600,2026-06-25T00:00:00+00:00,68,68.22,67.28,67.57,82504.39967754
1782360000,2026-06-25T04:00:00+00:00,67.6,69.55,67.38,69.34,97833.09717814
1782374400,2026-06-25T08:00:00+00:00,69.34,69.34,67.91,68.08,82917.56279324
1782388800,2026-06-25T12:00:00+00:00,68.08,68.79,63.94,66.22,579923.87427975
1782403200,2026-06-25T16:00:00+00:00,66.23,67.25,65.56,66.11,277394.59616258
1782417600,2026-06-25T20:00:00+00:00,66.12,68.69,65.98,67.61,227198.45592839003
1782432000,2026-06-26T00:00:00+00:00,67.62,68.4,65.82,68.1,219386.94833374
1782446400,2026-06-26T04:00:00+00:00,68.11,70.87,67.84,70.66,252338.12886448
1782460800,2026-06-26T08:00:00+00:00,70.67,70.77,68.28,68.5,175812.19967059
1782475200,2026-06-26T12:00:00+00:00,68.51,72.14,68.09,71.96,787457.3904649799
1782489600,2026-06-26T16:00:00+00:00,71.98,73.82,71.91,72.89,445350.56773742
1782504000,2026-06-26T20:00:00+00:00,72.94,73.57,71.33,71.79,167365.41932234002
1782518400,2026-06-27T00:00:00+00:00,71.8,72.36,71.25,72.15,84830.84131639
1782532800,2026-06-27T04:00:00+00:00,72.15,72.48,71.39,72.2,51094.957563949996
1782547200,2026-06-27T08:00:00+00:00,72.2,72.21,71.42,71.7,57372.957392439996
1782561600,2026-06-27T12:00:00+00:00,71.69,73.07,71.54,72.71,91255.89784505
1782576000,2026-06-27T16:00:00+00:00,72.72,72.89,70.84,71,97371.25221996
1782590400,2026-06-27T20:00:00+00:00,70.99,71.53,70.11,70.39,64823.45956692
1782604800,2026-06-28T00:00:00+00:00,70.39,70.92,70.34,70.76,39185.648892360005
1782619200,2026-06-28T04:00:00+00:00,70.77,70.99,70.05,70.97,40213.72851131
1782633600,2026-06-28T08:00:00+00:00,70.98,72.08,70.95,71.82,75384.59531544
1782648000,2026-06-28T12:00:00+00:00,71.81,72.27,71.24,71.98,73749.34974567
1782662400,2026-06-28T16:00:00+00:00,71.99,72.02,70.17,70.6,100058.7435313
1782676800,2026-06-28T20:00:00+00:00,70.61,71.65,69.64,71.28,168691.34434166
1782691200,2026-06-29T00:00:00+00:00,71.28,73.19,70.24,72.56,258159.71357221
1782705600,2026-06-29T04:00:00+00:00,72.56,72.99,70.91,72.61,135683.66141219
1782720000,2026-06-29T08:00:00+00:00,72.59,73.57,72.14,72.42,144022.26270109002
1782734400,2026-06-29T12:00:00+00:00,72.42,74.42,72.02,73.78,573706.33155507
1782748800,2026-06-29T16:00:00+00:00,73.79,76.33,72.77,75.86,470702.77674826
1782763200,2026-06-29T20:00:00+00:00,75.86,75.88,74.8,75.05,149329.67937546
1782777600,2026-06-30T00:00:00+00:00,75.05,75.12,73.86,74.07,128419.35631460001
1782792000,2026-06-30T04:00:00+00:00,74.07,74.14,73.55,74.04,59926.144972489994
1782806400,2026-06-30T08:00:00+00:00,74.03,74.1,73.17,73.28,160181.45801444998
1782820800,2026-06-30T12:00:00+00:00,73.28,73.96,71.86,73.01,355356.33832008
1782835200,2026-06-30T16:00:00+00:00,73.01,73.85,72.6,73.62,208283.34630725998
1782849600,2026-06-30T20:00:00+00:00,73.61,73.81,73.06,73.55,115194.35068886999
1782864000,2026-07-01T00:00:00+00:00,73.54,75.57,72.16,75.37,247946.07150038
1782878400,2026-07-01T04:00:00+00:00,75.37,75.76,73.83,74.78,157500.49102709998
1782892800,2026-07-01T08:00:00+00:00,74.77,75.48,74.36,74.74,173633.91951644
1782907200,2026-07-01T12:00:00+00:00,74.75,77.73,74.18,77.36,467098.42228123004
1782921600,2026-07-01T16:00:00+00:00,77.36,78.15,76.73,76.93,270874.87043385
1782936000,2026-07-01T20:00:00+00:00,76.93,78.87,76.52,77.38,236958.45686818002
1782950400,2026-07-02T00:00:00+00:00,77.38,78.89,76.82,78.62,158239.14154654
1782964800,2026-07-02T04:00:00+00:00,78.63,78.63,77.5,77.88,104962.11405706001
1782979200,2026-07-02T08:00:00+00:00,77.9,82.68,77.85,82.28,338657.61580479
1782993600,2026-07-02T12:00:00+00:00,82.28,82.36,79.98,80.77,349347.90138655005
1783008000,2026-07-02T16:00:00+00:00,80.78,81.22,80.08,80.75,235442.82270385
1783022400,2026-07-02T20:00:00+00:00,80.75,81.11,80.32,80.63,116297.75055384001
1783036800,2026-07-03T00:00:00+00:00,80.62,81.6,80.25,80.63,73486.38729285
1783051200,2026-07-03T04:00:00+00:00,80.63,81.42,80.39,81.15,67265.42398829
1783065600,2026-07-03T08:00:00+00:00,81.15,81.78,80.59,81.47,79113.98727658999
1783080000,2026-07-03T12:00:00+00:00,81.47,81.98,80.84,81.14,156102.20267487
1783094400,2026-07-03T16:00:00+00:00,81.14,83.14,81,82.4,156099.16872824
1783108800,2026-07-03T20:00:00+00:00,82.4,82.96,82.07,82.28,145124.79635412002
1783123200,2026-07-04T00:00:00+00:00,82.28,82.76,81.73,82.66,86298.55890696999
1783137600,2026-07-04T04:00:00+00:00,82.66,83.91,82.19,82.64,112822.61757762001
1783152000,2026-07-04T08:00:00+00:00,82.65,82.7,81.35,81.74,70230.55072599
1783166400,2026-07-04T12:00:00+00:00,81.74,82.36,81.29,82.17,106705.32785712
1783180800,2026-07-04T16:00:00+00:00,82.17,82.74,81.64,81.81,148120.48484739
1783195200,2026-07-04T20:00:00+00:00,81.8,82.15,81.37,81.72,71665.5566416
1783209600,2026-07-05T00:00:00+00:00,81.72,81.76,80.13,80.49,107914.58428519
1783224000,2026-07-05T04:00:00+00:00,80.48,80.79,80.18,80.63,39230.78216042
1783238400,2026-07-05T08:00:00+00:00,80.63,80.78,79.6,80.49,49184.78653654001
1783252800,2026-07-05T12:00:00+00:00,80.49,81.68,80.29,81.28,78327.76467055999
1783267200,2026-07-05T16:00:00+00:00,81.29,81.44,80.74,80.97,59486.07715984
1783281600,2026-07-05T20:00:00+00:00,80.96,82.35,80.71,81.52,132001.54339245
1783296000,2026-07-06T00:00:00+00:00,81.52,82.25,80.38,80.73,122121.03803321
1783310400,2026-07-06T04:00:00+00:00,80.72,80.93,80.08,80.75,71298.06427706999
1783324800,2026-07-06T08:00:00+00:00,80.75,81,79.97,80.33,71038.99971315
1783339200,2026-07-06T12:00:00+00:00,80.32,81.49,79.16,81.44,344738.63805715996
1783353600,2026-07-06T16:00:00+00:00,81.43,82.35,81.22,82.03,186187.83149024
1783368000,2026-07-06T20:00:00+00:00,82.03,83.65,81.63,81.89,159019.53202689
1783382400,2026-07-07T00:00:00+00:00,81.9,82.44,80.91,81,125579.80642875
1783396800,2026-07-07T04:00:00+00:00,80.99,81.69,80.4,81.43,91372.36872397
1783411200,2026-07-07T08:00:00+00:00,81.45,81.52,80.7,81.25,63517.98506787
1783425600,2026-07-07T12:00:00+00:00,81.25,82.29,80.43,82.04,239009.58986526
1783440000,2026-07-07T16:00:00+00:00,82.05,82.74,80.7,81.31,188479.27387526998
1783454400,2026-07-07T20:00:00+00:00,81.31,81.43,80.29,80.52,113578.64494089999
1783468800,2026-07-08T00:00:00+00:00,80.53,80.72,78.16,78.65,166515.51996391
1783483200,2026-07-08T04:00:00+00:00,78.66,78.87,77.72,78.22,94802.39690414001
1783497600,2026-07-08T08:00:00+00:00,78.24,78.36,76.83,77.48,183651.67809445
1783512000,2026-07-08T12:00:00+00:00,77.48,77.58,76.18,76.68,298300.62417833
1783526400,2026-07-08T16:00:00+00:00,76.69,77.59,76.68,77.36,264337.37933086
1783540800,2026-07-08T20:00:00+00:00,77.36,77.88,76.87,77.76,160016.49837946
1783555200,2026-07-09T00:00:00+00:00,77.76,78.73,76.64,77.32,169430.73569709001
1783569600,2026-07-09T04:00:00+00:00,77.32,78.76,77.16,78.15,182226.70616488002
1783584000,2026-07-09T08:00:00+00:00,78.14,78.35,77.25,77.54,93599.16974105
1783598400,2026-07-09T12:00:00+00:00,77.55,78.42,77.25,77.55,183892.39311286
1783612800,2026-07-09T16:00:00+00:00,77.55,78.36,77.18,78.1,136794.12575178
1783627200,2026-07-09T20:00:00+00:00,78.12,78.25,77.72,77.99,67234.61969879
1783641600,2026-07-10T00:00:00+00:00,77.99,79.38,77.75,79.01,108923.38994704
1783656000,2026-07-10T04:00:00+00:00,79.02,79.3,78.7,78.82,73329.79650286
1783670400,2026-07-10T08:00:00+00:00,78.83,79.6,78.76,79.31,128900.0891846
1783684800,2026-07-10T12:00:00+00:00,79.31,79.5,77.01,78.07,346476.05740086996
1783699200,2026-07-10T16:00:00+00:00,78.08,78.2,77.27,77.83,140675.98292529
1783713600,2026-07-10T20:00:00+00:00,77.83,78.16,77.64,78.07,46966.795274979995
1783728000,2026-07-11T00:00:00+00:00,78.06,78.08,77.41,77.74,77139.72452089
1783742400,2026-07-11T04:00:00+00:00,77.73,78.05,77.53,77.92,34590.36180535
1783756800,2026-07-11T08:00:00+00:00,77.93,78.3,77.68,78.02,44537.75396316
1783771200,2026-07-11T12:00:00+00:00,78.03,78.8,77.87,78.32,71505.52513718
1783785600,2026-07-11T16:00:00+00:00,78.32,78.35,77.61,78.08,92322.13508836001
1783800000,2026-07-11T20:00:00+00:00,78.08,78.27,76.7,76.74,89551.7466539
1783814400,2026-07-12T00:00:00+00:00,76.73,77.02,75.6,77,154078.20280797
1783828800,2026-07-12T04:00:00+00:00,76.99,77.03,75.81,76.45,52125.10001451
1783843200,2026-07-12T08:00:00+00:00,76.43,77.22,76.34,76.88,34244.13373277
1783857600,2026-07-12T12:00:00+00:00,76.88,77.65,76.73,77.41,51448.77288201
1783872000,2026-07-12T16:00:00+00:00,77.42,77.73,77.18,77.63,35148.96616609
1783886400,2026-07-12T20:00:00+00:00,77.63,77.69,76.42,76.88,87259.63522661
1783900800,2026-07-13T00:00:00+00:00,76.86,78.15,75.39,75.82,163709.92657900002
1783915200,2026-07-13T04:00:00+00:00,75.8,76.64,75.67,76.39,53841.626325100005
1783929600,2026-07-13T08:00:00+00:00,76.39,76.84,76.03,76.28,72859.2083306
1783944000,2026-07-13T12:00:00+00:00,76.3,76.33,75.03,75.74,172875.76709226
1783958400,2026-07-13T16:00:00+00:00,75.74,75.96,74.44,75.1,267160.72835669
1783972800,2026-07-13T20:00:00+00:00,75.1,75.26,74.02,74.91,102323.70653032
1783987200,2026-07-14T00:00:00+00:00,74.92,75.46,74.47,75.07,95485.35330950998
1784001600,2026-07-14T04:00:00+00:00,75.07,75.4,74.8,74.88,130863.44592947
1784016000,2026-07-14T08:00:00+00:00,74.85,75.5,74.76,75.31,38841.76959623
1784030400,2026-07-14T12:00:00+00:00,75.31,77.86,75.1,77.31,375808.33341876004
1784044800,2026-07-14T16:00:00+00:00,77.33,77.6,76.76,77.13,139843.0803267
1784059200,2026-07-14T20:00:00+00:00,77.14,77.9,76.9,77.81,100008.27849740001
1784073600,2026-07-15T00:00:00+00:00,77.82,77.88,76.99,77.73,67787.08535903
1784088000,2026-07-15T04:00:00+00:00,77.73,78.64,77.35,77.35,101807.19968086999
1784102400,2026-07-15T08:00:00+00:00,77.38,77.85,77.17,77.44,43534.417959160004
1784116800,2026-07-15T12:00:00+00:00,77.44,78.96,77.18,77.99,208363.03064338
1784131200,2026-07-15T16:00:00+00:00,78.01,78.06,76.89,77.13,158245.36933395
1784145600,2026-07-15T20:00:00+00:00,77.13,77.69,77.07,77.24,88971.71903202
1784160000,2026-07-16T00:00:00+00:00,77.23,77.44,76.65,76.89,84770.61828093999
1784174400,2026-07-16T04:00:00+00:00,76.89,77.57,76.15,76.36,101405.49053505999
1784188800,2026-07-16T08:00:00+00:00,76.35,76.42,75.57,76.21,71423.22867298
1784203200,2026-07-16T12:00:00+00:00,76.2,76.8,75.63,76.56,100035.05811734
1784217600,2026-07-16T16:00:00+00:00,76.56,76.56,75.34,75.75,122978.23621432
1784232000,2026-07-16T20:00:00+00:00,75.72,75.99,74.97,75.26,100435.22939876001
1784246400,2026-07-17T00:00:00+00:00,75.24,75.69,74.67,75.16,57576.831090930005
1784260800,2026-07-17T04:00:00+00:00,75.16,75.27,74.22,74.55,139652.89777149
1784275200,2026-07-17T08:00:00+00:00,74.55,74.94,74.12,74.78,42756.092155469996
1784289600,2026-07-17T12:00:00+00:00,74.79,74.81,73.31,74.72,226577.56006901
1784304000,2026-07-17T16:00:00+00:00,74.73,75.55,74.55,75.14,146060.29421067
1784318400,2026-07-17T20:00:00+00:00,75.14,75.19,74.79,74.98,67679.78559187
1784332800,2026-07-18T00:00:00+00:00,74.98,75.4,74.93,75.33,44572.2692437
1784347200,2026-07-18T04:00:00+00:00,75.33,75.34,74.81,74.9,27413.01593381
1784361600,2026-07-18T08:00:00+00:00,74.91,74.99,74.61,74.91,23618.289346550002
1784376000,2026-07-18T12:00:00+00:00,74.9,75.14,74.46,74.9,42993.884367520004
1784390400,2026-07-18T16:00:00+00:00,74.91,75.57,74.78,75.39,91979.9493557
1784404800,2026-07-18T20:00:00+00:00,75.4,75.58,75.28,75.46,42064.02582035
1784419200,2026-07-19T00:00:00+00:00,75.47,76.5,75.4,75.9,96602.30900639
1784433600,2026-07-19T04:00:00+00:00,75.89,76.27,75.69,76.08,24196.209473860003
1784448000,2026-07-19T08:00:00+00:00,76.09,76.45,75.85,76.02,25195.83109848
1784462400,2026-07-19T12:00:00+00:00,76.01,76.62,75.69,76.17,49898.90614808999
1784476800,2026-07-19T16:00:00+00:00,76.15,76.23,75.29,75.82,47715.13872222
1784491200,2026-07-19T20:00:00+00:00,75.83,76.52,75.58,76.33,61196.27960864
1784505600,2026-07-20T00:00:00+00:00,76.33,77.35,76.08,76.69,116440.87219182999
1784520000,2026-07-20T04:00:00+00:00,76.69,76.87,75.4,76.15,71639.48086525
1784534400,2026-07-20T08:00:00+00:00,76.15,77.17,75.83,77.07,69635.45555398
1784548800,2026-07-20T12:00:00+00:00,77.08,77.87,75.72,77.72,182285.23303837999
1784563200,2026-07-20T16:00:00+00:00,77.73,78.32,77.24,77.58,222400.85288418
1784577600,2026-07-20T20:00:00+00:00,77.59,78,77.37,77.7,59501.625101390004
1784592000,2026-07-21T00:00:00+00:00,77.7,78.49,77.59,78.14,58987.70853651001
1784606400,2026-07-21T04:00:00+00:00,78.14,78.81,77.96,78.51,88369.59344942
1784620800,2026-07-21T08:00:00+00:00,78.5,78.69,78.02,78.32,81408.46232944999
1784635200,2026-07-21T12:00:00+00:00,78.32,78.59,77.73,78.1,225975.63892194
1784649600,2026-07-21T16:00:00+00:00,78.09,78.22,77.42,77.84,118543.97364976999
1784664000,2026-07-21T20:00:00+00:00,77.84,78.17,77.76,78.09,71221.5772608
1784678400,2026-07-22T00:00:00+00:00,78.1,78.54,77.76,77.82,59506.957302669995
1784692800,2026-07-22T04:00:00+00:00,77.81,78.18,76.96,77.05,73178.90115424001
1784707200,2026-07-22T08:00:00+00:00,77.06,77.76,77,77.52,57852.95387051
1784721600,2026-07-22T12:00:00+00:00,77.52,78.74,76.93,78.42,130007.42547073
1784736000,2026-07-22T16:00:00+00:00,78.44,78.78,77.26,77.61,132945.88193485
1784750400,2026-07-22T20:00:00+00:00,77.61,78.09,77.47,77.95,92101.5879676
1784764800,2026-07-23T00:00:00+00:00,77.95,78.5,77.37,77.58,80149.71814823001
1784779200,2026-07-23T04:00:00+00:00,77.58,77.77,77.01,77.11,52683.33489951
1784793600,2026-07-23T08:00:00+00:00,77.12,77.83,77.07,77.62,41843.44630723
1784808000,2026-07-23T12:00:00+00:00,77.62,77.7,75.8,76.32,222214.75922693
1784822400,2026-07-23T16:00:00+00:00,76.32,76.32,75.36,75.68,124669.93155205
1784836800,2026-07-23T20:00:00+00:00,75.68,76.21,75.65,75.83,64604.49529393
1784851200,2026-07-24T00:00:00+00:00,75.82,76.06,75.24,75.77,48883.34875772
1784865600,2026-07-24T04:00:00+00:00,75.78,76.4,75.54,76.02,38437.69626407
1784880000,2026-07-24T08:00:00+00:00,76.01,76.03,74.94,75.14,54387.28993527
1784894400,2026-07-24T12:00:00+00:00,75.13,75.23,73.53,73.96,141261.66831213
1784908800,2026-07-24T16:00:00+00:00,73.97,74.15,73.64,73.88,103173.59731161
1784923200,2026-07-24T20:00:00+00:00,73.87,73.97,73.38,73.9,70840.57893684
1784937600,2026-07-25T00:00:00+00:00,73.9,74.26,73.87,74.06,49440.20028273
1784952000,2026-07-25T04:00:00+00:00,74.06,74.3,73.71,73.73,36509.37351482001
1784966400,2026-07-25T08:00:00+00:00,73.72,73.99,73.48,73.86,27029.24711621
1784980800,2026-07-25T12:00:00+00:00,73.86,74.24,73.71,74.11,50164.77345728999
1784995200,2026-07-25T16:00:00+00:00,74.11,74.67,74.03,74.51,49709.23745265
1785009600,2026-07-25T20:00:00+00:00,74.5,74.53,74.22,74.46,27379.742927
1785024000,2026-07-26T00:00:00+00:00,74.47,74.99,74.4,74.96,40533.67382935
1785038400,2026-07-26T04:00:00+00:00,74.97,75.17,74.67,74.82,24893.51597738
1785052800,2026-07-26T08:00:00+00:00,74.81,75.23,74.77,74.89,24018.90747431
1785067200,2026-07-26T12:00:00+00:00,74.89,75.44,74.71,75.42,45305.92511523
1785081600,2026-07-26T16:00:00+00:00,75.42,75.91,75.18,75.28,52403.848072
1785096000,2026-07-26T20:00:00+00:00,75.28,77.02,75.25,76.69,73823.07407963
1785110400,2026-07-27T00:00:00+00:00,76.71,76.73,75.93,76.34,41138.71155953
1785124800,2026-07-27T04:00:00+00:00,76.35,76.91,76.19,76.4,41174.65860376
1785139200,2026-07-27T08:00:00+00:00,76.41,76.63,76.06,76.5,35426.12758037
1785153600,2026-07-27T12:00:00+00:00,76.51,77.42,74.96,75.2,187286.17984401
1785168000,2026-07-27T16:00:00+00:00,75.19,76.17,75.06,75.92,129483.58311107999
1785182400,2026-07-27T20:00:00+00:00,75.92,76.07,73.67,74.13,98652.08782846999
1785196800,2026-07-28T00:00:00+00:00,74.14,74.23,72.79,73.22,95605.44575971
1785211200,2026-07-28T04:00:00+00:00,73.2,73.47,72.92,73.18,47084.42430307
1785225600,2026-07-28T08:00:00+00:00,73.17,73.44,72.82,73.12,66469.98962176
1785240000,2026-07-28T12:00:00+00:00,73.12,74.51,72.27,74.27,210764.58995939
1785254400,2026-07-28T16:00:00+00:00,74.25,74.49,73.46,74.23,170808.12665629003
1785268800,2026-07-28T20:00:00+00:00,74.24,74.29,73.1,73.73,92608.31536333999
1785283200,2026-07-29T00:00:00+00:00,73.73,74.1,72.92,72.97,75883.96144486
1785297600,2026-07-29T04:00:00+00:00,72.98,74.2,72.64,74.16,52183.88947245
1785312000,2026-07-29T08:00:00+00:00,74.16,74.25,73.61,73.87,42435.58797147
1785326400,2026-07-29T12:00:00+00:00,73.87,73.87,72.88,73.04,106224.51832356
1785340800,2026-07-29T16:00:00+00:00,73.02,74.44,72.62,72.67,233535.48843351
1785355200,2026-07-29T20:00:00+00:00,72.68,73.72,72.24,73.6,146789.53600859002
1785369600,2026-07-30T00:00:00+00:00,73.59,74.1,73.06,73.61,74649.17695295
1785384000,2026-07-30T04:00:00+00:00,73.62,73.76,73.29,73.32,45190.68818199
1785398400,2026-07-30T08:00:00+00:00,73.33,74.22,73.19,74.12,65710.85720736999
1785412800,2026-07-30T12:00:00+00:00,74.13,74.82,73.99,74.57,178897.27965530002
1785427200,2026-07-30T16:00:00+00:00,74.57,74.9,74.36,74.69,88918.06981377999
1785441600,2026-07-30T20:00:00+00:00,74.69,74.94,74.34,74.44,91545.33634213
1785456000,2026-07-31T00:00:00+00:00,74.44,75.22,73.81,74.07,116928.14822281999
1785470400,2026-07-31T04:00:00+00:00,74.07,74.45,73.42,73.6,87840.9126527
1785484800,2026-07-31T08:00:00+00:00,73.6,73.73,73.24,73.49,67918.9946629
1785499200,2026-07-31T12:00:00+00:00,73.48,73.73,72.72,73,299429.16040478
1785513600,2026-07-31T16:00:00+00:00,73,73.39,72.83,73,128962.72868485
1785528000,2026-07-31T20:00:00+00:00,73,73.13,72.48,72.79,77653.95200594
1785542400,2026-08-01T00:00:00+00:00,72.81,73.09,72.79,72.96,46826.52119495
1785556800,2026-08-01T04:00:00+00:00,72.96,73.14,72.79,72.9,38350.263126159996
1785571200,2026-08-01T08:00:00+00:00,72.91,73.01,72.6,72.83,17943.74709786
1785585600,2026-08-01T12:00:00+00:00,72.83,72.97,72.65,72.73,36228.48923033
1785600000,2026-08-01T16:00:00+00:00,72.73,72.87,70.51,71.2,168382.80011145
1785614400,2026-08-01T20:00:00+00:00,71.18,72.02,71.14,71.88,79855.79382702001
1785628800,2026-08-02T00:00:00+00:00,71.88,73.32,71.86,73.12,101223.5295312
1785643200,2026-08-02T04:00:00+00:00,73.13,73.59,73.13,73.4,69257.40961509
1785657600,2026-08-02T08:00:00+00:00,73.4,73.48,72.89,72.97,47035.33256655
1785672000,2026-08-02T12:00:00+00:00,72.98,73.17,72.63,72.96,51829.45223205
1785686400,2026-08-02T16:00:00+00:00,72.96,73.77,72.85,73.65,42435.27476175
1785700800,2026-08-02T20:00:00+00:00,73.65,74.25,73.38,73.54,49262.2533881
1785715200,2026-08-03T00:00:00+00:00,73.55,73.6,72.61,72.81,48615.65038555
1785729600,2026-08-03T04:00:00+00:00,72.8,72.99,72.34,72.43,40454.27205783
1785744000,2026-08-03T08:00:00+00:00,72.43,72.71,71.88,72.36,44202.2122618
1785758400,2026-08-03T12:00:00+00:00,72.37,73.74,72.23,73.54,203930.81365537998
1785772800,2026-08-03T16:00:00+00:00,73.54,74.21,73.14,73.96,202475.58630192
1785787200,2026-08-03T20:00:00+00:00,73.97,74.09,73.31,73.49,56565.031223039994
1785801600,2026-08-04T00:00:00+00:00,73.48,74.07,72.98,73.63,65642.21795183
1785816000,2026-08-04T04:00:00+00:00,73.63,74.03,73.13,73.6,30606.03091666
1785830400,2026-08-04T08:00:00+00:00,73.61,73.9,73.02,73.87,50184.970992899995
1785844800,2026-08-04T12:00:00+00:00,73.86,74.13,73.26,73.92,98379.32809269
1785859200,2026-08-04T16:00:00+00:00,73.93,74.34,73.54,74.14,132638.29574287002
1785873600,2026-08-04T20:00:00+00:00,74.14,74.4,73.68,73.7,96740.48689673
1785888000,2026-08-05T00:00:00+00:00,73.69,74.43,73.32,73.73,82237.97013305
1785902400,2026-08-05T04:00:00+00:00,73.73,74.23,73.56,73.9,42958.96542175
1785916800,2026-08-05T08:00:00+00:00,73.92,74.13,73.67,73.7,36367.6725727
1785931200,2026-08-05T12:00:00+00:00,73.71,74.32,73.19,73.88,133872.58553831
1785945600,2026-08-05T16:00:00+00:00,73.88,74.74,73.87,74.41,172625.39456438998
1785960000,2026-08-05T20:00:00+00:00,74.41,74.54,73.77,73.97,74827.61829104999
1785974400,2026-08-06T00:00:00+00:00,73.97,74.21,73.31,73.42,61562.63486204999
1785988800,2026-08-06T04:00:00+00:00,73.43,74.3,73.32,73.8,32247.538706400002
1786003200,2026-08-06T08:00:00+00:00,73.8,74.03,73.08,73.38,55083.55931974
1786017600,2026-08-06T12:00:00+00:00,73.37,73.59,72.78,73.23,122942.66536793999
1786032000,2026-08-06T16:00:00+00:00,73.25,73.48,72.48,72.73,116011.11476478
1786046400,2026-08-06T20:00:00+00:00,72.74,72.95,72.28,72.63,71101.09657449
1786060800,2026-08-07T00:00:00+00:00,72.62,72.86,72.43,72.56,55796.51629066
1786075200,2026-08-07T04:00:00+00:00,72.55,73.01,72.38,72.87,32245.83168665
1786089600,2026-08-07T08:00:00+00:00,72.87,73.71,72.86,73.58,64376.52768322999
1786104000,2026-08-07T12:00:00+00:00,73.58,74.31,73.52,73.84,234673.37841695
1786118400,2026-08-07T16:00:00+00:00,73.85,74.08,73.13,73.98,186109.85919185
1786132800,2026-08-07T20:00:00+00:00,73.98,74.06,73.55,73.63,69002.90752702
1786147200,2026-08-08T00:00:00+00:00,73.62,74.95,73.54,74.79,59539.3643572
1786161600,2026-08-08T04:00:00+00:00,74.8,75.08,74.44,74.77,49997.87642165
1786176000,2026-08-08T08:00:00+00:00,74.78,75.65,74.65,75.55,67492.54492869
1786190400,2026-08-08T12:00:00+00:00,75.55,76.75,75.31,76.33,110650.80376350001
1786204800,2026-08-08T16:00:00+00:00,76.33,76.44,75.92,76.09,70113.47127851
1786219200,2026-08-08T20:00:00+00:00,76.09,76.31,75.72,75.96,43699.453235149995
1786233600,2026-08-09T00:00:00+00:00,75.94,76.03,75.69,75.93,42463.98634125
1786248000,2026-08-09T04:00:00+00:00,75.92,76.43,75.82,76.29,36322.32464769
1786262400,2026-08-09T08:00:00+00:00,76.28,76.58,76.05,76.44,52816.41108074
1786276800,2026-08-09T12:00:00+00:00,76.43,77.4,76.25,77.36,118327.20635076
1786291200,2026-08-09T16:00:00+00:00,77.36,77.51,77.02,77.17,81335.71138795
1786305600,2026-08-09T20:00:00+00:00,77.17,77.75,76.16,76.21,90758.53640892
1786320000,2026-08-10T00:00:00+00:00,76.2,77.09,76.16,76.58,108521.30862575
1786334400,2026-08-10T04:00:00+00:00,76.58,77.04,76.38,76.93,46524.376533220006
1786348800,2026-08-10T08:00:00+00:00,76.92,77.09,76.48,76.98,54577.96032352
1786363200,2026-08-10T12:00:00+00:00,76.98,77.06,75.76,75.91,128089.08588827
1786377600,2026-08-10T16:00:00+00:00,75.89,76.2,75.48,76.12,170819.80751706002
1786392000,2026-08-10T20:00:00+00:00,76.12,76.42,75.9,75.92,85547.97040301
1786406400,2026-08-11T00:00:00+00:00,75.93,76.17,75.65,76,70150.98533236
1786420800,2026-08-11T04:00:00+00:00,76,76.15,75.36,75.62,76422.70006919
1786435200,2026-08-11T08:00:00+00:00,75.63,76.3,75.56,76.14,89077.50379612
1786449600,2026-08-11T12:00:00+00:00,76.15,76.19,74.58,74.87,199455.67591741998
1786464000,2026-08-11T16:00:00+00:00,74.85,75.64,74.72,75.59,133068.89150087998
1786478400,2026-08-11T20:00:00+00:00,75.59,76.6,75.58,76.22,139963.14142439
1786492800,2026-08-12T00:00:00+00:00,76.22,76.54,76.14,76.35,49435.082896320004
1786507200,2026-08-12T04:00:00+00:00,76.35,76.51,75.88,76.18,38582.02456477
1786521600,2026-08-12T08:00:00+00:00,76.18,76.82,76.06,76.77,59957.840206479996
1786536000,2026-08-12T12:00:00+00:00,76.77,77.23,75.3,75.68,244284.76596737
1786550400,2026-08-12T16:00:00+00:00,75.68,76.03,75.49,75.69,126623.68267375999
1786564800,2026-08-12T20:00:00+00:00,75.68,75.94,75.24,75.56,65053.706823689994
1786579200,2026-08-13T00:00:00+00:00,75.55,76.25,75.41,76.18,78873.25406452
1786593600,2026-08-13T04:00:00+00:00,76.19,76.54,75.95,76.37,36881.32185553
1786608000,2026-08-13T08:00:00+00:00,76.37,76.41,75.49,75.59,48466.2925752
1786622400,2026-08-13T12:00:00+00:00,75.59,76.52,75.56,75.58,105923.48529304
1786636800,2026-08-13T16:00:00+00:00,75.58,76.2,75.04,76.14,139609.01221313
1786651200,2026-08-13T20:00:00+00:00,76.13,76.38,76.05,76.21,75927.65337916999
1786665600,2026-08-14T00:00:00+00:00,76.2,76.26,75.63,75.69,78657.4492321
1786680000,2026-08-14T04:00:00+00:00,75.68,75.96,75.42,75.51,40204.4779044
1786694400,2026-08-14T08:00:00+00:00,75.51,75.8,75.27,75.45,30016.85237876
1786708800,2026-08-14T12:00:00+00:00,75.44,75.69,74.97,75.57,106207.54986941998
1786723200,2026-08-14T16:00:00+00:00,75.56,75.63,74.59,74.92,85634.2313327
1786737600,2026-08-14T20:00:00+00:00,74.92,75.34,74.9,75.33,54435.39876724999
1786752000,2026-08-15T00:00:00+00:00,75.32,75.64,75.22,75.35,48571.39925004
1786766400,2026-08-15T04:00:00+00:00,75.37,75.54,75.14,75.17,36003.09194951
1786780800,2026-08-15T08:00:00+00:00,75.17,75.27,74.96,75.17,20274.94026311
1786795200,2026-08-15T12:00:00+00:00,75.17,75.51,75.13,75.45,30624.94960496
1786809600,2026-08-15T16:00:00+00:00,75.45,75.6,75.31,75.48,48806.376375349995
1786824000,2026-08-15T20:00:00+00:00,75.48,75.66,75.23,75.28,41650.5538113
1786838400,2026-08-16T00:00:00+00:00,75.27,75.58,75.19,75.51,34130.51823409
1786852800,2026-08-16T04:00:00+00:00,75.51,75.55,75.21,75.39,18466.229800319998
1786867200,2026-08-16T08:00:00+00:00,75.39,75.42,75.09,75.21,15883.66045988
1786881600,2026-08-16T12:00:00+00:00,75.21,75.58,75.12,75.49,37295.68368246
1786896000,2026-08-16T16:00:00+00:00,75.49,75.63,74.96,75.16,36526.95139607
1786910400,2026-08-16T20:00:00+00:00,75.16,75.24,74.09,74.54,81399.18882823
1786924800,2026-08-17T00:00:00+00:00,74.54,75.51,74.36,75.44,64045.0009064
1786939200,2026-08-17T04:00:00+00:00,75.44,75.93,75.28,75.71,43813.238007759996
1786953600,2026-08-17T08:00:00+00:00,75.71,75.86,75.11,75.62,53146.98166154
1786968000,2026-08-17T12:00:00+00:00,75.62,76.16,75.2,76.03,112376.64116955
1786982400,2026-08-17T16:00:00+00:00,76.04,76.13,75.64,75.75,100863.25669509
1786996800,2026-08-17T20:00:00+00:00,75.74,76.06,75.58,75.95,80649.79486448
1787011200,2026-08-18T00:00:00+00:00,75.95,76.03,75.15,75.43,73704.11630157
1787025600,2026-08-18T04:00:00+00:00,75.43,76.18,75.34,76.02,41912.39298121999
1787040000,2026-08-18T08:00:00+00:00,76.02,76.37,75.73,76.24,63937.97268774
1787054400,2026-08-18T12:00:00+00:00,76.25,77.28,75.97,77.14,188681.58161711998
1787068800,2026-08-18T16:00:00+00:00,77.15,77.39,76.79,77.13,98437.17095763999
1787083200,2026-08-18T20:00:00+00:00,77.14,77.18,76.69,77.01,70801.55424359
1787097600,2026-08-19T00:00:00+00:00,77.01,77.05,76.65,76.93,77303.27232978
1787112000,2026-08-19T04:00:00+00:00,76.93,77.08,76.58,76.89,46476.701550490005
1787126400,2026-08-19T08:00:00+00:00,76.88,77.58,76.84,77.48,67976.91061791
1787140800,2026-08-19T12:00:00+00:00,77.48,82.97,77.36,81.79,591601.9358052199
1787155200,2026-08-19T16:00:00+00:00,81.79,82.52,80.98,82.35,353411.35745758
1787169600,2026-08-19T20:00:00+00:00,82.35,87.26,82.25,85.34,575502.4828589801
1787184000,2026-08-20T00:00:00+00:00,85.34,85.74,83.94,84.42,167301.48480532
1787198400,2026-08-20T04:00:00+00:00,84.43,86.14,84.36,86.1,107255.70986233
1787212800,2026-08-20T08:00:00+00:00,86.1,88.05,85.99,87.17,281120.9550485
1787227200,2026-08-20T12:00:00+00:00,87.16,87.44,86.09,87.32,232773.28688685
1787241600,2026-08-20T16:00:00+00:00,87.32,87.94,86.65,87.3,302938.76569072995
1787256000,2026-08-20T20:00:00+00:00,87.3,87.97,87.17,87.64,156624.45406726998
1787270400,2026-08-21T00:00:00+00:00,87.63,90.16,87.55,89.07,391765.34809609
1787284800,2026-08-21T04:00:00+00:00,89.07,91.28,88.84,90.38,276273.89660015004
1787299200,2026-08-21T08:00:00+00:00,90.38,93.38,89.89,90.26,503484.78597998
1787313600,2026-08-21T12:00:00+00:00,90.27,92.1,89.75,91.32,287456.54563013
1787328000,2026-08-21T16:00:00+00:00,91.33,92.02,90.72,90.94,320996.87153389
1787342400,2026-08-21T20:00:00+00:00,90.94,95,90.55,93.72,404497.38683044
1787356800,2026-08-22T00:00:00+00:00,93.73,97.54,92.84,96.76,383024.03676982
1787371200,2026-08-22T04:00:00+00:00,96.77,102.7,87.8,94.45,1298906.5651975998
1787385600,2026-08-22T08:00:00+00:00,94.46,94.99,91.32,93.27,383304.29317598
1787400000,2026-08-22T12:00:00+00:00,93.27,94.37,92.81,93.07,175312.6072817
1787414400,2026-08-22T16:00:00+00:00,93.06,94.8,93.05,94.48,146446.45768388
1787428800,2026-08-22T20:00:00+00:00,94.49,94.79,92.57,93.79,140828.56052438
1787443200,2026-08-23T00:00:00+00:00,93.8,97.4,93.41,93.69,458441.13013233
1787457600,2026-08-23T04:00:00+00:00,93.69,94.08,91.54,92.46,246710.02207071
1787472000,2026-08-23T08:00:00+00:00,92.46,94.78,92.3,94.6,130081.44935673001
1787486400,2026-08-23T12:00:00+00:00,94.6,95.87,93.41,95.33,240026.35988968
1787500800,2026-08-23T16:00:00+00:00,95.34,95.71,94.81,95.07,148853.48063179
1787515200,2026-08-23T20:00:00+00:00,95.07,96.25,94.75,95.43,184099.64663337002
1787529600,2026-08-24T00:00:00+00:00,95.44,95.56,93.47,93.67,214229.37733725004
1787544000,2026-08-24T04:00:00+00:00,93.67,95.42,93.46,94.1,279464.1591624
1787558400,2026-08-24T08:00:00+00:00,94.1,96.3,93.22,95.82,265014.95404009
1787572800,2026-08-24T12:00:00+00:00,95.83,97.58,94.19,96.45,493677.37327394995
1787587200,2026-08-24T16:00:00+00:00,96.45,97.61,94.81,96.55,496309.9201927299
1787601600,2026-08-24T20:00:00+00:00,96.55,98.99,95.73,98.97,276444.19793191
1787616000,2026-08-25T00:00:00+00:00,98.98,102.76,98.55,101.6,744707.9278219199
1787630400,2026-08-25T04:00:00+00:00,101.59,102.97,99.49,100.22,340152.94911695
1787644800,2026-08-25T08:00:00+00:00,100.23,101.09,98.45,98.59,243610.48169389
1787659200,2026-08-25T12:00:00+00:00,98.6,98.81,96.21,98.38,414873.65758711996
1787673600,2026-08-25T16:00:00+00:00,98.38,98.84,97.45,97.97,230183.46903342
1787688000,2026-08-25T20:00:00+00:00,97.97,98.06,95.34,96.59,189965.37177417002
1787702400,2026-08-26T00:00:00+00:00,96.6,97.54,96.17,97.04,90703.43156566
1787716800,2026-08-26T04:00:00+00:00,97.02,97.31,96.24,96.93,96264.78164046
1787731200,2026-08-26T08:00:00+00:00,96.92,97.87,95.79,97.02,102305.27593872
1787745600,2026-08-26T12:00:00+00:00,97.03,97.56,94.99,95.94,272625.61576072
1787760000,2026-08-26T16:00:00+00:00,95.92,97.26,95.48,96.8,224754.71454526
1787774400,2026-08-26T20:00:00+00:00,96.8,102.45,96.31,102.09,383769.60871016
1787788800,2026-08-27T00:00:00+00:00,102.09,102.15,100.52,101.05,203030.60762270997
1787803200,2026-08-27T04:00:00+00:00,101.06,102.25,100.67,101.78,220819.38540609
1787817600,2026-08-27T08:00:00+00:00,101.8,105.8,101.71,103.94,553416.87657071
1787832000,2026-08-27T12:00:00+00:00,103.94,108,103.92,107.2,621893.97994159
