ts,datetime,open,high,low,close,volume
1693238400,2023-08-28T16:00:00+00:00,0.5197,0.5239,0.5183,0.5213,5614241.726973999
1693252800,2023-08-28T20:00:00+00:00,0.5212,0.5245,0.5198,0.5227,4277327.411936
1693267200,2023-08-29T00:00:00+00:00,0.5228,0.523,0.5192,0.5204,5526415.913121
1693281600,2023-08-29T04:00:00+00:00,0.5204,0.521,0.5152,0.5162,5578800.841554
1693296000,2023-08-29T08:00:00+00:00,0.5161,0.5183,0.5126,0.5154,7335593.389901999
1693310400,2023-08-29T12:00:00+00:00,0.5154,0.5498,0.5142,0.5348,24794259.449924998
1693324800,2023-08-29T16:00:00+00:00,0.5347,0.5443,0.5333,0.5384,12142800.662782
1693339200,2023-08-29T20:00:00+00:00,0.5384,0.5434,0.5384,0.5398,5132231.126321
1693353600,2023-08-30T00:00:00+00:00,0.5397,0.5405,0.5303,0.5338,11278787.55933
1693368000,2023-08-30T04:00:00+00:00,0.5339,0.5359,0.5292,0.5321,6544471.320373
1693382400,2023-08-30T08:00:00+00:00,0.5322,0.5335,0.5276,0.5295,5154944.540992
1693396800,2023-08-30T12:00:00+00:00,0.5296,0.5314,0.5216,0.5241,10122415.087189
1693411200,2023-08-30T16:00:00+00:00,0.524,0.5282,0.5233,0.5271,7250088.186098
1693425600,2023-08-30T20:00:00+00:00,0.5271,0.5297,0.5271,0.5284,4419021.059047
1693440000,2023-08-31T00:00:00+00:00,0.5283,0.5285,0.5241,0.5264,4249040.179699
1693454400,2023-08-31T04:00:00+00:00,0.5262,0.5287,0.524,0.5261,2599617.442969
1693468800,2023-08-31T08:00:00+00:00,0.526,0.5287,0.5228,0.5262,5616542.826254001
1693483200,2023-08-31T12:00:00+00:00,0.5264,0.5265,0.5149,0.5177,12362319.588935
1693497600,2023-08-31T16:00:00+00:00,0.5178,0.5201,0.4961,0.51,17171763.395201
1693512000,2023-08-31T20:00:00+00:00,0.5101,0.5125,0.5029,0.511,6976496.530912
1693526400,2023-09-01T00:00:00+00:00,0.5109,0.5116,0.5072,0.5099,4845611.605312
1693540800,2023-09-01T04:00:00+00:00,0.5099,0.5104,0.5023,0.5043,6600218.8433260005
1693555200,2023-09-01T08:00:00+00:00,0.5042,0.5075,0.502,0.5068,4932571.891892
1693569600,2023-09-01T12:00:00+00:00,0.5068,0.5082,0.4988,0.5014,9507939.26768
1693584000,2023-09-01T16:00:00+00:00,0.5015,0.5019,0.4865,0.492,14424482.366386
1693598400,2023-09-01T20:00:00+00:00,0.4921,0.4986,0.4914,0.4979,4233755.751596
1693612800,2023-09-02T00:00:00+00:00,0.4979,0.4985,0.4942,0.4979,2319110.865601
1693627200,2023-09-02T04:00:00+00:00,0.4979,0.4988,0.495,0.4961,1819356.412397
1693641600,2023-09-02T08:00:00+00:00,0.4961,0.4981,0.495,0.4972,1903321.893551
1693656000,2023-09-02T12:00:00+00:00,0.4972,0.5027,0.4958,0.5005,4763335.387907
1693670400,2023-09-02T16:00:00+00:00,0.5005,0.5012,0.4943,0.4972,3724328.7924709995
1693684800,2023-09-02T20:00:00+00:00,0.4971,0.4999,0.4953,0.4989,2381868.196161
1693699200,2023-09-03T00:00:00+00:00,0.4991,0.5023,0.4972,0.5023,2115010.662897
1693713600,2023-09-03T04:00:00+00:00,0.5022,0.5054,0.5008,0.5039,3614235.441884
1693728000,2023-09-03T08:00:00+00:00,0.5039,0.5042,0.5014,0.5027,1189433.504324
1693742400,2023-09-03T12:00:00+00:00,0.5026,0.5045,0.4998,0.5017,2571907.6498499997
1693756800,2023-09-03T16:00:00+00:00,0.5018,0.5107,0.5016,0.5059,6964980.157262
1693771200,2023-09-03T20:00:00+00:00,0.5061,0.5074,0.5035,0.5047,2547192.455046
1693785600,2023-09-04T00:00:00+00:00,0.5046,0.5125,0.5044,0.5097,5591683.552100999
1693800000,2023-09-04T04:00:00+00:00,0.5096,0.5125,0.5006,0.5035,5923104.531211
1693814400,2023-09-04T08:00:00+00:00,0.5036,0.5062,0.5002,0.5008,5972728.5879689995
1693828800,2023-09-04T12:00:00+00:00,0.5008,0.504,0.4965,0.5033,10379539.325291
1693843200,2023-09-04T16:00:00+00:00,0.5032,0.5093,0.5019,0.5089,7099343.152993999
1693857600,2023-09-04T20:00:00+00:00,0.5087,0.5106,0.5037,0.5085,4260964.928658
1693872000,2023-09-05T00:00:00+00:00,0.5085,0.5085,0.5018,0.5053,6243699.433309
1693886400,2023-09-05T04:00:00+00:00,0.5054,0.5077,0.5015,0.5044,3779859.7402239996
1693900800,2023-09-05T08:00:00+00:00,0.5044,0.5055,0.5011,0.5033,4613965.7347989995
1693915200,2023-09-05T12:00:00+00:00,0.5034,0.5048,0.4988,0.5021,9109180.258106
1693929600,2023-09-05T16:00:00+00:00,0.502,0.5038,0.5001,0.5024,6301537.544962001
1693944000,2023-09-05T20:00:00+00:00,0.5024,0.5063,0.5017,0.5054,3073127.385505
1693958400,2023-09-06T00:00:00+00:00,0.5054,0.5057,0.5029,0.5043,4786872.359697
1693972800,2023-09-06T04:00:00+00:00,0.5042,0.505,0.4999,0.5017,4670030.519925999
1693987200,2023-09-06T08:00:00+00:00,0.5018,0.502,0.4997,0.5013,5008575.482694
1694001600,2023-09-06T12:00:00+00:00,0.5012,0.5023,0.4935,0.4975,10637928.332622001
1694016000,2023-09-06T16:00:00+00:00,0.4974,0.5044,0.4909,0.5009,14746813.173135001
1694030400,2023-09-06T20:00:00+00:00,0.5009,0.5037,0.5004,0.5032,4416652.882297
1694044800,2023-09-07T00:00:00+00:00,0.5031,0.5035,0.4995,0.5028,5516311.668508001
1694059200,2023-09-07T04:00:00+00:00,0.5028,0.5042,0.4981,0.4999,6372593.194376
1694073600,2023-09-07T08:00:00+00:00,0.4999,0.5002,0.4962,0.498,7248945.204206
1694088000,2023-09-07T12:00:00+00:00,0.4979,0.4998,0.497,0.4992,9677093.786439002
1694102400,2023-09-07T16:00:00+00:00,0.4991,0.5017,0.4987,0.501,7435812.920027001
1694116800,2023-09-07T20:00:00+00:00,0.501,0.5066,0.5004,0.5049,10612098.995793
1694131200,2023-09-08T00:00:00+00:00,0.5048,0.5074,0.5026,0.5047,5106587.752979
1694145600,2023-09-08T04:00:00+00:00,0.5047,0.5067,0.5019,0.5035,5669067.307094
1694160000,2023-09-08T08:00:00+00:00,0.5034,0.5048,0.4942,0.4981,8087409.988081999
1694174400,2023-09-08T12:00:00+00:00,0.4979,0.5025,0.4976,0.5014,8995993.487893999
1694188800,2023-09-08T16:00:00+00:00,0.5013,0.5057,0.5,0.5049,6256911.0666310005
1694203200,2023-09-08T20:00:00+00:00,0.5049,0.5063,0.503,0.5049,4659096.387653999
1694217600,2023-09-09T00:00:00+00:00,0.5048,0.5049,0.5014,0.5023,2603162.039519
1694232000,2023-09-09T04:00:00+00:00,0.5024,0.5042,0.5012,0.5038,2979221.109062
1694246400,2023-09-09T08:00:00+00:00,0.504,0.5045,0.503,0.5038,1926729.586259
1694260800,2023-09-09T12:00:00+00:00,0.5037,0.5044,0.5019,0.5041,2739791.947163
1694275200,2023-09-09T16:00:00+00:00,0.5042,0.5046,0.5026,0.5038,2143854.192471
1694289600,2023-09-09T20:00:00+00:00,0.5038,0.5041,0.503,0.5039,2176809.5979119996
1694304000,2023-09-10T00:00:00+00:00,0.5038,0.5039,0.4996,0.5018,3394916.8776900005
1694318400,2023-09-10T04:00:00+00:00,0.5018,0.5018,0.4954,0.4999,5305640.266597001
1694332800,2023-09-10T08:00:00+00:00,0.5,0.5006,0.4985,0.4995,1139388.244058
1694347200,2023-09-10T12:00:00+00:00,0.4992,0.4999,0.4924,0.4962,4726669.827476
1694361600,2023-09-10T16:00:00+00:00,0.4962,0.4993,0.4935,0.4981,5958125.399529
1694376000,2023-09-10T20:00:00+00:00,0.4979,0.5009,0.4967,0.4968,4191839.2711879998
1694390400,2023-09-11T00:00:00+00:00,0.4968,0.498,0.4916,0.4966,8824345.735086
1694404800,2023-09-11T04:00:00+00:00,0.4966,0.4966,0.4764,0.4854,13949387.954796
1694419200,2023-09-11T08:00:00+00:00,0.4854,0.4855,0.4595,0.4694,24072089.490433
1694433600,2023-09-11T12:00:00+00:00,0.4693,0.4769,0.469,0.472,21595767.670639
1694448000,2023-09-11T16:00:00+00:00,0.4719,0.4742,0.4645,0.4691,14372320.154753
1694462400,2023-09-11T20:00:00+00:00,0.469,0.4755,0.467,0.4743,8574016.777002
1694476800,2023-09-12T00:00:00+00:00,0.4743,0.4841,0.4699,0.4788,12233789.181704
1694491200,2023-09-12T04:00:00+00:00,0.4788,0.481,0.4711,0.4748,8067245.54654
1694505600,2023-09-12T08:00:00+00:00,0.4748,0.4841,0.4702,0.4787,13019092.765027002
1694520000,2023-09-12T12:00:00+00:00,0.4789,0.483,0.4763,0.4825,13707377.25272
1694534400,2023-09-12T16:00:00+00:00,0.4827,0.4867,0.4774,0.4819,11178106.372953001
1694548800,2023-09-12T20:00:00+00:00,0.4817,0.4847,0.4799,0.4803,5244996.954058999
1694563200,2023-09-13T00:00:00+00:00,0.4804,0.4815,0.4773,0.4789,5430336.439590001
1694577600,2023-09-13T04:00:00+00:00,0.4787,0.4895,0.4724,0.4748,16050445.337235
1694592000,2023-09-13T08:00:00+00:00,0.4749,0.4823,0.4744,0.4814,9021051.409175
1694606400,2023-09-13T12:00:00+00:00,0.4818,0.4845,0.4783,0.4831,9299307.098773
1694620800,2023-09-13T16:00:00+00:00,0.4832,0.4847,0.4795,0.4818,8121824.160577999
1694635200,2023-09-13T20:00:00+00:00,0.4818,0.4857,0.4818,0.4834,5801905.983305
1694649600,2023-09-14T00:00:00+00:00,0.4833,0.4864,0.4811,0.485,6891539.275875
1694664000,2023-09-14T04:00:00+00:00,0.4849,0.4854,0.4799,0.4811,4839807.926093999
1694678400,2023-09-14T08:00:00+00:00,0.4811,0.4839,0.4801,0.4835,5340226.683685999
1694692800,2023-09-14T12:00:00+00:00,0.4835,0.4901,0.4817,0.4881,11438561.909273
1694707200,2023-09-14T16:00:00+00:00,0.4882,0.4941,0.4857,0.4932,7665084.615102
1694721600,2023-09-14T20:00:00+00:00,0.4932,0.4937,0.4886,0.4892,5207652.341773001
1694736000,2023-09-15T00:00:00+00:00,0.4892,0.5,0.4891,0.498,7732539.90375
1694750400,2023-09-15T04:00:00+00:00,0.4979,0.5085,0.4933,0.4936,14227587.21839
1694764800,2023-09-15T08:00:00+00:00,0.4935,0.4989,0.4929,0.4938,7606775.364483
1694779200,2023-09-15T12:00:00+00:00,0.4939,0.4947,0.4876,0.4934,11102608.060106
1694793600,2023-09-15T16:00:00+00:00,0.4935,0.5003,0.4929,0.4981,7320191.257687
1694808000,2023-09-15T20:00:00+00:00,0.4981,0.5038,0.4978,0.5006,7547063.998286
1694822400,2023-09-16T00:00:00+00:00,0.5005,0.5035,0.4981,0.5005,4230237.347237
1694836800,2023-09-16T04:00:00+00:00,0.5005,0.5014,0.4984,0.4991,2922825.6408229996
1694851200,2023-09-16T08:00:00+00:00,0.4992,0.5023,0.4989,0.5008,3075385.663233
1694865600,2023-09-16T12:00:00+00:00,0.5007,0.5022,0.4972,0.4992,3981097.4102140004
1694880000,2023-09-16T16:00:00+00:00,0.4992,0.5026,0.4985,0.5004,3900432.9520520004
1694894400,2023-09-16T20:00:00+00:00,0.5003,0.5011,0.4989,0.4999,2430234.0373400003
1694908800,2023-09-17T00:00:00+00:00,0.5,0.5,0.4925,0.4973,7134009.089136001
1694923200,2023-09-17T04:00:00+00:00,0.4975,0.4977,0.4935,0.4948,2974502.010001
1694937600,2023-09-17T08:00:00+00:00,0.4947,0.4987,0.4946,0.4975,1952411.997881
1694952000,2023-09-17T12:00:00+00:00,0.4974,0.5006,0.4967,0.5,2861925.076706
1694966400,2023-09-17T16:00:00+00:00,0.4999,0.5003,0.4951,0.4972,3252880.7577710003
1694980800,2023-09-17T20:00:00+00:00,0.4972,0.4975,0.4898,0.4927,5381818.429842
1694995200,2023-09-18T00:00:00+00:00,0.4927,0.4981,0.4869,0.4975,8063796.125469999
1695009600,2023-09-18T04:00:00+00:00,0.4977,0.4988,0.4908,0.4912,5598103.940928999
1695024000,2023-09-18T08:00:00+00:00,0.4912,0.502,0.4908,0.5016,7636166.205804
1695038400,2023-09-18T12:00:00+00:00,0.5016,0.5075,0.4995,0.5041,10252909.162725
1695052800,2023-09-18T16:00:00+00:00,0.5041,0.5052,0.4981,0.5041,10026230.28931
1695067200,2023-09-18T20:00:00+00:00,0.504,0.5073,0.5019,0.5032,4829480.398858
1695081600,2023-09-19T00:00:00+00:00,0.5032,0.5154,0.5006,0.5089,8535261.297649
1695096000,2023-09-19T04:00:00+00:00,0.5089,0.5112,0.5034,0.5038,5665111.676924
1695110400,2023-09-19T08:00:00+00:00,0.5038,0.5107,0.5035,0.5096,6574910.747592
1695124800,2023-09-19T12:00:00+00:00,0.5096,0.5119,0.5064,0.5117,8819730.449168
1695139200,2023-09-19T16:00:00+00:00,0.5118,0.5167,0.5082,0.5156,10627915.086865999
1695153600,2023-09-19T20:00:00+00:00,0.5155,0.5157,0.5112,0.5141,5440005.091778
1695168000,2023-09-20T00:00:00+00:00,0.5141,0.5256,0.5116,0.5239,13476955.608892001
1695182400,2023-09-20T04:00:00+00:00,0.5238,0.5239,0.5131,0.5142,13926158.879661998
1695196800,2023-09-20T08:00:00+00:00,0.5142,0.5169,0.5068,0.5157,12029380.302186
1695211200,2023-09-20T12:00:00+00:00,0.5158,0.5195,0.5102,0.5179,9548173.607092999
1695225600,2023-09-20T16:00:00+00:00,0.5181,0.5224,0.5116,0.5163,13283711.635017
1695240000,2023-09-20T20:00:00+00:00,0.5162,0.5251,0.5138,0.5213,7753186.940224
1695254400,2023-09-21T00:00:00+00:00,0.5215,0.5215,0.5131,0.5186,5453520.404622
1695268800,2023-09-21T04:00:00+00:00,0.5186,0.5186,0.5085,0.5094,7005712.105029
1695283200,2023-09-21T08:00:00+00:00,0.5095,0.5117,0.5008,0.5053,14567322.318615
1695297600,2023-09-21T12:00:00+00:00,0.5053,0.5068,0.5,0.5051,8136926.907299
1695312000,2023-09-21T16:00:00+00:00,0.505,0.5114,0.5038,0.5112,9325331.129871
1695326400,2023-09-21T20:00:00+00:00,0.5111,0.5115,0.5054,0.5073,5202955.7858420005
1695340800,2023-09-22T00:00:00+00:00,0.5071,0.5129,0.5039,0.5125,4249914.20989
1695355200,2023-09-22T04:00:00+00:00,0.5127,0.514,0.5072,0.5114,4760741.899148
1695369600,2023-09-22T08:00:00+00:00,0.5115,0.5138,0.5069,0.5096,5633121.092878
1695384000,2023-09-22T12:00:00+00:00,0.5097,0.5122,0.5089,0.5106,7389508.213168001
1695398400,2023-09-22T16:00:00+00:00,0.5106,0.5169,0.5084,0.5148,9778889.343696
1695412800,2023-09-22T20:00:00+00:00,0.5149,0.5157,0.5101,0.5122,8703292.017670998
1695427200,2023-09-23T00:00:00+00:00,0.5123,0.5133,0.5104,0.5115,3407878.001015
1695441600,2023-09-23T04:00:00+00:00,0.5114,0.5137,0.5105,0.5121,1544571.0124790003
1695456000,2023-09-23T08:00:00+00:00,0.5121,0.5134,0.5112,0.5127,1963849.0495179999
1695470400,2023-09-23T12:00:00+00:00,0.5127,0.5128,0.5085,0.51,4063973.40802
1695484800,2023-09-23T16:00:00+00:00,0.5099,0.511,0.5085,0.5101,2360121.591602
1695499200,2023-09-23T20:00:00+00:00,0.51,0.5104,0.5056,0.5077,2509213.591178
1695513600,2023-09-24T00:00:00+00:00,0.5077,0.51,0.5061,0.5077,5481317.719285
1695528000,2023-09-24T04:00:00+00:00,0.5078,0.5092,0.5074,0.5081,1548708.4618849999
1695542400,2023-09-24T08:00:00+00:00,0.5081,0.5117,0.508,0.5112,1300174.004915
1695556800,2023-09-24T12:00:00+00:00,0.5112,0.5117,0.5084,0.5094,2834984.9600649998
1695571200,2023-09-24T16:00:00+00:00,0.5094,0.5109,0.5056,0.5067,3599076.8359210007
1695585600,2023-09-24T20:00:00+00:00,0.5066,0.5079,0.4992,0.502,7937107.953384
1695600000,2023-09-25T00:00:00+00:00,0.502,0.5039,0.4956,0.5019,11677558.564263
1695614400,2023-09-25T04:00:00+00:00,0.5019,0.5035,0.4912,0.496,9413874.931352999
1695628800,2023-09-25T08:00:00+00:00,0.4959,0.4966,0.4929,0.4955,5709525.935999
1695643200,2023-09-25T12:00:00+00:00,0.4955,0.4998,0.4941,0.499,12722003.642363999
1695657600,2023-09-25T16:00:00+00:00,0.4992,0.507,0.4991,0.506,10593288.621819
1695672000,2023-09-25T20:00:00+00:00,0.5061,0.5071,0.5017,0.5054,4784226.819881001
1695686400,2023-09-26T00:00:00+00:00,0.5053,0.5072,0.5017,0.5055,5911078.050441001
1695700800,2023-09-26T04:00:00+00:00,0.5054,0.5064,0.4986,0.5016,5318822.596851
1695715200,2023-09-26T08:00:00+00:00,0.5017,0.5022,0.4978,0.5009,8931583.028899
1695729600,2023-09-26T12:00:00+00:00,0.501,0.5026,0.4993,0.5,7542541.86423
1695744000,2023-09-26T16:00:00+00:00,0.5,0.5056,0.4997,0.5048,7384236.757747999
1695758400,2023-09-26T20:00:00+00:00,0.5048,0.506,0.4963,0.5016,6113470.797009
1695772800,2023-09-27T00:00:00+00:00,0.5016,0.5038,0.4993,0.5028,4874839.683422
1695787200,2023-09-27T04:00:00+00:00,0.5028,0.5031,0.4965,0.4996,7867515.704046
1695801600,2023-09-27T08:00:00+00:00,0.4996,0.5067,0.4967,0.5057,9691427.40181
1695816000,2023-09-27T12:00:00+00:00,0.5059,0.5067,0.4994,0.5012,11054924.355565999
1695830400,2023-09-27T16:00:00+00:00,0.5011,0.5048,0.5,0.5041,7540445.991446
1695844800,2023-09-27T20:00:00+00:00,0.5041,0.5049,0.4983,0.4989,6368452.598346001
1695859200,2023-09-28T00:00:00+00:00,0.4988,0.5009,0.4973,0.4975,5611873.0756210005
1695873600,2023-09-28T04:00:00+00:00,0.4975,0.4985,0.4947,0.4967,5363985.369826
1695888000,2023-09-28T08:00:00+00:00,0.4968,0.5028,0.4956,0.5012,8023069.174948
1695902400,2023-09-28T12:00:00+00:00,0.5012,0.505,0.499,0.5047,8748672.080748
1695916800,2023-09-28T16:00:00+00:00,0.5048,0.51,0.5044,0.5079,10454880.727477001
1695931200,2023-09-28T20:00:00+00:00,0.5078,0.5099,0.5059,0.5098,6150470.024232
1695945600,2023-09-29T00:00:00+00:00,0.5099,0.513,0.5091,0.5092,5550232.752735999
1695960000,2023-09-29T04:00:00+00:00,0.5091,0.5101,0.506,0.508,5251214.96861
1695974400,2023-09-29T08:00:00+00:00,0.5079,0.5123,0.5064,0.5118,5942246.184412
1695988800,2023-09-29T12:00:00+00:00,0.5117,0.5494,0.5116,0.532,52326620.96256401
1696003200,2023-09-29T16:00:00+00:00,0.532,0.536,0.5267,0.5326,16853711.119590003
1696017600,2023-09-29T20:00:00+00:00,0.5325,0.537,0.5171,0.5214,15442437.369471999
1696032000,2023-09-30T00:00:00+00:00,0.5213,0.5216,0.5134,0.5172,6710630.46515
1696046400,2023-09-30T04:00:00+00:00,0.5172,0.5183,0.5152,0.5155,2433076.489308
1696060800,2023-09-30T08:00:00+00:00,0.5155,0.52,0.5148,0.5173,2265895.581489
1696075200,2023-09-30T12:00:00+00:00,0.5173,0.5182,0.515,0.5168,3094187.1530999998
1696089600,2023-09-30T16:00:00+00:00,0.5167,0.5192,0.5156,0.5182,2803230.6380809997
1696104000,2023-09-30T20:00:00+00:00,0.5181,0.5185,0.514,0.5151,2942001.477013
1696118400,2023-10-01T00:00:00+00:00,0.5151,0.517,0.5138,0.5169,2369166.287997
1696132800,2023-10-01T04:00:00+00:00,0.5169,0.5183,0.5156,0.5179,1153448.487015
1696147200,2023-10-01T08:00:00+00:00,0.5178,0.5231,0.5168,0.5214,2254522.606219
1696161600,2023-10-01T12:00:00+00:00,0.5213,0.5218,0.517,0.5191,4140183.178767
1696176000,2023-10-01T16:00:00+00:00,0.5191,0.5192,0.5148,0.5162,2727269.420441
1696190400,2023-10-01T20:00:00+00:00,0.5162,0.526,0.5151,0.524,5192149.399144
1696204800,2023-10-02T00:00:00+00:00,0.5241,0.5266,0.5211,0.5258,4806978.267746
1696219200,2023-10-02T04:00:00+00:00,0.5257,0.5259,0.5197,0.5224,6719470.900617
1696233600,2023-10-02T08:00:00+00:00,0.5225,0.5251,0.5209,0.521,4524361.566101
1696248000,2023-10-02T12:00:00+00:00,0.521,0.5246,0.5165,0.5177,6144395.057174999
1696262400,2023-10-02T16:00:00+00:00,0.5175,0.5236,0.507,0.5164,15411714.664118998
1696276800,2023-10-02T20:00:00+00:00,0.5164,0.5166,0.5093,0.5123,6017624.589149
1696291200,2023-10-03T00:00:00+00:00,0.5124,0.5148,0.5098,0.5137,3070690.9749680003
1696305600,2023-10-03T04:00:00+00:00,0.5136,0.5139,0.5065,0.51,5188036.862562
1696320000,2023-10-03T08:00:00+00:00,0.51,0.5114,0.5069,0.5097,5064884.361699
1696334400,2023-10-03T12:00:00+00:00,0.5097,0.513,0.5056,0.5075,5978272.459596
1696348800,2023-10-03T16:00:00+00:00,0.5076,0.5143,0.5068,0.5142,6020802.218239
1696363200,2023-10-03T20:00:00+00:00,0.5144,0.5489,0.5089,0.5391,43214829.129668996
1696377600,2023-10-04T00:00:00+00:00,0.5391,0.5427,0.5196,0.5358,50354245.12681
1696392000,2023-10-04T04:00:00+00:00,0.5357,0.5361,0.5249,0.5323,11003063.655605001
1696406400,2023-10-04T08:00:00+00:00,0.5323,0.5367,0.5279,0.5332,11245966.539402
1696420800,2023-10-04T12:00:00+00:00,0.5331,0.5354,0.5271,0.529,10136883.988149
1696435200,2023-10-04T16:00:00+00:00,0.529,0.5396,0.5264,0.5298,17982270.992901
1696449600,2023-10-04T20:00:00+00:00,0.53,0.5343,0.5288,0.5329,7274057.45671
1696464000,2023-10-05T00:00:00+00:00,0.5327,0.5328,0.527,0.5297,6671266.436298
1696478400,2023-10-05T04:00:00+00:00,0.5297,0.5303,0.5208,0.5234,10953376.189629
1696492800,2023-10-05T08:00:00+00:00,0.5234,0.5254,0.5213,0.5228,7242121.98395
1696507200,2023-10-05T12:00:00+00:00,0.5227,0.5274,0.5159,0.5192,12735061.224151
1696521600,2023-10-05T16:00:00+00:00,0.5193,0.5258,0.5178,0.5225,12326565.940725
1696536000,2023-10-05T20:00:00+00:00,0.5225,0.5252,0.522,0.523,4306899.223231
1696550400,2023-10-06T00:00:00+00:00,0.5229,0.5272,0.5225,0.5257,3394443.5306479996
1696564800,2023-10-06T04:00:00+00:00,0.5256,0.5259,0.5187,0.52,4645210.739506001
1696579200,2023-10-06T08:00:00+00:00,0.52,0.5231,0.5192,0.5207,5556517.095535001
1696593600,2023-10-06T12:00:00+00:00,0.5207,0.5256,0.517,0.5247,6145246.822206
1696608000,2023-10-06T16:00:00+00:00,0.5247,0.5269,0.523,0.5261,4934834.487987
1696622400,2023-10-06T20:00:00+00:00,0.5261,0.5299,0.5254,0.5257,5571643.110593
1696636800,2023-10-07T00:00:00+00:00,0.5257,0.5261,0.5236,0.5238,2663047.596926
1696651200,2023-10-07T04:00:00+00:00,0.5238,0.5246,0.5211,0.5227,2977590.6562559996
1696665600,2023-10-07T08:00:00+00:00,0.5227,0.524,0.5217,0.5225,1355008.8076999998
1696680000,2023-10-07T12:00:00+00:00,0.5225,0.524,0.5218,0.5228,1738000.3958720001
1696694400,2023-10-07T16:00:00+00:00,0.5228,0.5236,0.5201,0.5211,2383880.32649
1696708800,2023-10-07T20:00:00+00:00,0.5211,0.5227,0.5208,0.5221,1559424.690436
1696723200,2023-10-08T00:00:00+00:00,0.522,0.5238,0.5214,0.5232,1585021.733617
1696737600,2023-10-08T04:00:00+00:00,0.5233,0.5233,0.5205,0.5221,1428044.917092
1696752000,2023-10-08T08:00:00+00:00,0.522,0.5223,0.5194,0.5195,1302315.81947
1696766400,2023-10-08T12:00:00+00:00,0.5195,0.5219,0.5156,0.518,2829254.332781
1696780800,2023-10-08T16:00:00+00:00,0.518,0.519,0.5172,0.5184,2724301.784018
1696795200,2023-10-08T20:00:00+00:00,0.5184,0.5196,0.5165,0.5177,1559838.72505
1696809600,2023-10-09T00:00:00+00:00,0.5177,0.5204,0.5141,0.5189,4385722.892961
1696824000,2023-10-09T04:00:00+00:00,0.519,0.5197,0.5118,0.5147,3671766.139572
1696838400,2023-10-09T08:00:00+00:00,0.5146,0.5148,0.488,0.4982,11285196.904198
1696852800,2023-10-09T12:00:00+00:00,0.498,0.5026,0.4975,0.4985,5499746.983785
1696867200,2023-10-09T16:00:00+00:00,0.4986,0.5022,0.4915,0.5014,8035959.408249
1696881600,2023-10-09T20:00:00+00:00,0.5013,0.5065,0.5009,0.5029,4048135.276616
1696896000,2023-10-10T00:00:00+00:00,0.503,0.503,0.4981,0.5002,4939444.663239
1696910400,2023-10-10T04:00:00+00:00,0.5003,0.5016,0.4954,0.5001,4844362.922118
1696924800,2023-10-10T08:00:00+00:00,0.5002,0.5017,0.4958,0.4968,5784985.409169001
1696939200,2023-10-10T12:00:00+00:00,0.4967,0.4978,0.4919,0.4942,5199912.952776
1696953600,2023-10-10T16:00:00+00:00,0.4942,0.4997,0.4932,0.4997,7622036.715679
1696968000,2023-10-10T20:00:00+00:00,0.4996,0.5001,0.4954,0.4964,4164291.4888279997
1696982400,2023-10-11T00:00:00+00:00,0.4963,0.4976,0.4868,0.4898,10302709.199029
1696996800,2023-10-11T04:00:00+00:00,0.49,0.4912,0.4817,0.4827,12140300.173037
1697011200,2023-10-11T08:00:00+00:00,0.4827,0.4891,0.4817,0.4872,7200248.891365001
1697025600,2023-10-11T12:00:00+00:00,0.4872,0.4888,0.4821,0.4832,11712642.949997999
1697040000,2023-10-11T16:00:00+00:00,0.4832,0.4881,0.4788,0.4853,13253751.324404
1697054400,2023-10-11T20:00:00+00:00,0.4852,0.4892,0.4848,0.4888,5242454.756863
1697068800,2023-10-12T00:00:00+00:00,0.4888,0.4888,0.4837,0.4857,6065878.198837999
1697083200,2023-10-12T04:00:00+00:00,0.4858,0.4868,0.4814,0.482,9407248.352598
1697097600,2023-10-12T08:00:00+00:00,0.482,0.4822,0.4741,0.4801,13968484.328768998
1697112000,2023-10-12T12:00:00+00:00,0.4801,0.4808,0.4768,0.4777,9769950.1139
1697126400,2023-10-12T16:00:00+00:00,0.4776,0.4835,0.4733,0.4814,12002003.548395
1697140800,2023-10-12T20:00:00+00:00,0.4813,0.4846,0.4808,0.483,4712323.385489
1697155200,2023-10-13T00:00:00+00:00,0.4828,0.4852,0.4821,0.4827,3996260.0055609997
1697169600,2023-10-13T04:00:00+00:00,0.4828,0.483,0.4787,0.4823,5509805.2923409995
1697184000,2023-10-13T08:00:00+00:00,0.4822,0.483,0.4786,0.4795,3629332.663315
1697198400,2023-10-13T12:00:00+00:00,0.4794,0.4848,0.4784,0.4808,7406021.032394
1697212800,2023-10-13T16:00:00+00:00,0.4808,0.4836,0.4794,0.4835,4458619.853918
1697227200,2023-10-13T20:00:00+00:00,0.4835,0.4905,0.4828,0.4851,7651071.959664
1697241600,2023-10-14T00:00:00+00:00,0.4851,0.4864,0.4842,0.4854,2471693.307708
1697256000,2023-10-14T04:00:00+00:00,0.4854,0.4862,0.4835,0.4838,1717427.967462
1697270400,2023-10-14T08:00:00+00:00,0.4838,0.4861,0.4838,0.4854,1026862.741408
1697284800,2023-10-14T12:00:00+00:00,0.4854,0.4876,0.4845,0.4873,2287250.2157880003
1697299200,2023-10-14T16:00:00+00:00,0.4873,0.4883,0.4856,0.4862,2224917.5998870004
1697313600,2023-10-14T20:00:00+00:00,0.4864,0.4873,0.4857,0.4867,1739780.355018
1697328000,2023-10-15T00:00:00+00:00,0.4867,0.4878,0.4852,0.4858,1454577.956522
1697342400,2023-10-15T04:00:00+00:00,0.4858,0.4865,0.4853,0.4865,900463.2071690001
1697356800,2023-10-15T08:00:00+00:00,0.4865,0.4882,0.4859,0.4867,1119309.8405280001
1697371200,2023-10-15T12:00:00+00:00,0.4868,0.4881,0.4851,0.487,2890791.0686729997
1697385600,2023-10-15T16:00:00+00:00,0.487,0.4902,0.4866,0.488,2736123.979221
1697400000,2023-10-15T20:00:00+00:00,0.4881,0.4904,0.4868,0.4874,5652897.864034
1697414400,2023-10-16T00:00:00+00:00,0.4875,0.4887,0.486,0.4877,2984892.235238
1697428800,2023-10-16T04:00:00+00:00,0.4877,0.4984,0.4848,0.4932,9679298.29366
1697443200,2023-10-16T08:00:00+00:00,0.4932,0.4952,0.4899,0.4943,2934371.553382
1697457600,2023-10-16T12:00:00+00:00,0.4942,0.5109,0.4902,0.492,29462674.143747002
1697472000,2023-10-16T16:00:00+00:00,0.4919,0.4981,0.4899,0.4963,19559898.158159003
1697486400,2023-10-16T20:00:00+00:00,0.4965,0.4993,0.4943,0.4978,5417075.22341
1697500800,2023-10-17T00:00:00+00:00,0.4978,0.4983,0.4925,0.4929,4863020.244912
1697515200,2023-10-17T04:00:00+00:00,0.4929,0.4929,0.4888,0.4916,6721777.491731999
1697529600,2023-10-17T08:00:00+00:00,0.4915,0.4929,0.4875,0.4926,5447489.415689
1697544000,2023-10-17T12:00:00+00:00,0.4926,0.4927,0.4844,0.4903,7798716.731891
1697558400,2023-10-17T16:00:00+00:00,0.4902,0.4933,0.4897,0.4931,3775504.5581340003
1697572800,2023-10-17T20:00:00+00:00,0.4931,0.4941,0.4905,0.4913,2607710.863792
1697587200,2023-10-18T00:00:00+00:00,0.4912,0.4916,0.4888,0.4907,3676067.8470309996
1697601600,2023-10-18T04:00:00+00:00,0.4907,0.4925,0.4882,0.4894,3671838.365841
1697616000,2023-10-18T08:00:00+00:00,0.4893,0.4911,0.4867,0.4907,6084326.350354999
1697630400,2023-10-18T12:00:00+00:00,0.4907,0.4912,0.4872,0.4875,5098167.282665
1697644800,2023-10-18T16:00:00+00:00,0.4875,0.4925,0.4874,0.4894,7404964.419478
1697659200,2023-10-18T20:00:00+00:00,0.4894,0.4908,0.4861,0.488,7029303.193753
1697673600,2023-10-19T00:00:00+00:00,0.488,0.4884,0.4804,0.4834,6035293.288236
1697688000,2023-10-19T04:00:00+00:00,0.4835,0.4841,0.4773,0.4801,5907103.7967840005
1697702400,2023-10-19T08:00:00+00:00,0.4801,0.4836,0.4782,0.4824,5552295.941486
1697716800,2023-10-19T12:00:00+00:00,0.4827,0.4874,0.482,0.487,5738853.429692
1697731200,2023-10-19T16:00:00+00:00,0.487,0.4896,0.4854,0.4891,5669190.233557001
1697745600,2023-10-19T20:00:00+00:00,0.4891,0.5252,0.4883,0.5201,36926590.566697
1697760000,2023-10-20T00:00:00+00:00,0.5201,0.5317,0.5125,0.5209,20640091.699134
1697774400,2023-10-20T04:00:00+00:00,0.5209,0.5213,0.5086,0.5098,13714415.382411998
1697788800,2023-10-20T08:00:00+00:00,0.5098,0.5213,0.5098,0.5162,10476011.444682
1697803200,2023-10-20T12:00:00+00:00,0.5162,0.5303,0.5148,0.5241,10962351.623624
1697817600,2023-10-20T16:00:00+00:00,0.524,0.5245,0.5163,0.5217,8005228.340173
1697832000,2023-10-20T20:00:00+00:00,0.5217,0.5241,0.5145,0.515,5633895.1705370005
1697846400,2023-10-21T00:00:00+00:00,0.515,0.5156,0.5112,0.5143,3762558.489735
1697860800,2023-10-21T04:00:00+00:00,0.5143,0.5177,0.5127,0.5177,2084895.8383449998
1697875200,2023-10-21T08:00:00+00:00,0.5177,0.5191,0.5158,0.518,1934054.836498
1697889600,2023-10-21T12:00:00+00:00,0.518,0.5329,0.5151,0.5238,8193024.364125
1697904000,2023-10-21T16:00:00+00:00,0.5237,0.5275,0.5217,0.522,5668939.679223
1697918400,2023-10-21T20:00:00+00:00,0.5219,0.5245,0.5189,0.5211,3874626.921619001
1697932800,2023-10-22T00:00:00+00:00,0.5212,0.5242,0.5167,0.5205,3083555.114835
1697947200,2023-10-22T04:00:00+00:00,0.5204,0.5243,0.512,0.5167,6218048.279769
1697961600,2023-10-22T08:00:00+00:00,0.5164,0.5191,0.5152,0.5166,1892374.101233
1697976000,2023-10-22T12:00:00+00:00,0.5164,0.5194,0.5162,0.5188,2514191.516464
1697990400,2023-10-22T16:00:00+00:00,0.5188,0.5233,0.5183,0.5208,3011013.44016
1698004800,2023-10-22T20:00:00+00:00,0.5207,0.5239,0.5174,0.5229,3005724.5760040004
1698019200,2023-10-23T00:00:00+00:00,0.5228,0.5276,0.52,0.5244,8772771.315283999
1698033600,2023-10-23T04:00:00+00:00,0.5247,0.5303,0.5211,0.524,8391540.134559998
1698048000,2023-10-23T08:00:00+00:00,0.5238,0.5359,0.5225,0.5315,10454492.082133
1698062400,2023-10-23T12:00:00+00:00,0.5315,0.5382,0.5251,0.5325,12882779.737726
1698076800,2023-10-23T16:00:00+00:00,0.5324,0.5362,0.5296,0.5359,11689900.621306
1698091200,2023-10-23T20:00:00+00:00,0.5359,0.554,0.5339,0.5479,31634960.199998002
1698105600,2023-10-24T00:00:00+00:00,0.5479,0.5572,0.5432,0.5447,22018771.726214
1698120000,2023-10-24T04:00:00+00:00,0.5446,0.5492,0.5358,0.5404,12774204.628676
1698134400,2023-10-24T08:00:00+00:00,0.5404,0.5539,0.5392,0.5522,13044373.653508
1698148800,2023-10-24T12:00:00+00:00,0.5522,0.587,0.5362,0.5539,50314611.292548
1698163200,2023-10-24T16:00:00+00:00,0.554,0.5647,0.5462,0.5602,17348773.439379
1698177600,2023-10-24T20:00:00+00:00,0.5599,0.5631,0.5524,0.5591,8177027.789994
1698192000,2023-10-25T00:00:00+00:00,0.5588,0.5613,0.5509,0.5534,8052247.897497
1698206400,2023-10-25T04:00:00+00:00,0.5535,0.5576,0.5404,0.5441,8899559.703836
1698220800,2023-10-25T08:00:00+00:00,0.5441,0.5549,0.5408,0.552,9349584.417239001
1698235200,2023-10-25T12:00:00+00:00,0.552,0.5613,0.5506,0.5588,11001207.202762999
1698249600,2023-10-25T16:00:00+00:00,0.5589,0.5641,0.5505,0.5566,18486625.869789
1698264000,2023-10-25T20:00:00+00:00,0.5564,0.5576,0.5516,0.5556,8161609.496177
1698278400,2023-10-26T00:00:00+00:00,0.5555,0.5587,0.5525,0.5571,5026977.759525999
1698292800,2023-10-26T04:00:00+00:00,0.5572,0.5587,0.5493,0.5576,7647646.229648
1698307200,2023-10-26T08:00:00+00:00,0.5577,0.5695,0.5517,0.5562,13678383.314135
1698321600,2023-10-26T12:00:00+00:00,0.556,0.5613,0.5429,0.5475,13690904.314912
1698336000,2023-10-26T16:00:00+00:00,0.5474,0.5543,0.5448,0.551,8485657.185739
1698350400,2023-10-26T20:00:00+00:00,0.551,0.5551,0.5498,0.5536,5317348.884405999
1698364800,2023-10-27T00:00:00+00:00,0.5534,0.5588,0.5488,0.5526,4467188.0355
1698379200,2023-10-27T04:00:00+00:00,0.5525,0.5527,0.5453,0.5454,5049146.407486
1698393600,2023-10-27T08:00:00+00:00,0.5452,0.552,0.5452,0.549,4430969.761853999
1698408000,2023-10-27T12:00:00+00:00,0.549,0.5553,0.548,0.5547,7464024.455832001
1698422400,2023-10-27T16:00:00+00:00,0.5546,0.5549,0.5354,0.5451,10083377.524976999
1698436800,2023-10-27T20:00:00+00:00,0.545,0.5473,0.5426,0.5431,3668116.5609210003
1698451200,2023-10-28T00:00:00+00:00,0.5432,0.5456,0.5405,0.5455,3716332.079945
1698465600,2023-10-28T04:00:00+00:00,0.5455,0.5468,0.5438,0.5451,1580227.983397
1698480000,2023-10-28T08:00:00+00:00,0.545,0.5506,0.5449,0.547,2551623.623122
1698494400,2023-10-28T12:00:00+00:00,0.5472,0.5479,0.5435,0.5477,2895167.894745
1698508800,2023-10-28T16:00:00+00:00,0.5476,0.5479,0.5445,0.5447,2536398.212463
1698523200,2023-10-28T20:00:00+00:00,0.5447,0.5479,0.5442,0.5449,1954284.032256
1698537600,2023-10-29T00:00:00+00:00,0.5448,0.5458,0.5407,0.5428,2014370.06557
1698552000,2023-10-29T04:00:00+00:00,0.5427,0.548,0.5422,0.5471,1887688.16313
1698566400,2023-10-29T08:00:00+00:00,0.5471,0.5561,0.5471,0.5555,2651602.5681069996
1698580800,2023-10-29T12:00:00+00:00,0.5554,0.5575,0.5521,0.5569,4329961.178069
1698595200,2023-10-29T16:00:00+00:00,0.5568,0.5616,0.5556,0.5587,4983780.177149
1698609600,2023-10-29T20:00:00+00:00,0.5586,0.5601,0.5547,0.5562,3089372.961784
1698624000,2023-10-30T00:00:00+00:00,0.5564,0.5577,0.5515,0.555,4061507.0310779996
1698638400,2023-10-30T04:00:00+00:00,0.5547,0.555,0.5497,0.5528,4514867.629702
1698652800,2023-10-30T08:00:00+00:00,0.5527,0.5672,0.5515,0.5628,7175581.1345029995
1698667200,2023-10-30T12:00:00+00:00,0.5628,0.5842,0.5619,0.5779,22193455.121587
1698681600,2023-10-30T16:00:00+00:00,0.5779,0.584,0.5691,0.5826,11883727.900362
1698696000,2023-10-30T20:00:00+00:00,0.5825,0.5825,0.5752,0.5785,5541540.304651
1698710400,2023-10-31T00:00:00+00:00,0.5785,0.5808,0.5733,0.5743,7050342.856997
1698724800,2023-10-31T04:00:00+00:00,0.5744,0.5765,0.5667,0.5683,5428830.306442
1698739200,2023-10-31T08:00:00+00:00,0.5683,0.6224,0.563,0.6042,20645812.70877
1698753600,2023-10-31T12:00:00+00:00,0.6043,0.6141,0.5822,0.5954,22781901.789913997
1698768000,2023-10-31T16:00:00+00:00,0.5953,0.6048,0.5922,0.5992,13211723.877983
1698782400,2023-10-31T20:00:00+00:00,0.5992,0.6035,0.5939,0.5999,7693211.82188
1698796800,2023-11-01T00:00:00+00:00,0.5998,0.6002,0.5922,0.5927,7754350.595291
1698811200,2023-11-01T04:00:00+00:00,0.5927,0.6095,0.5802,0.5987,15890109.688400999
1698825600,2023-11-01T08:00:00+00:00,0.5988,0.605,0.5964,0.6033,8682568.837155
1698840000,2023-11-01T12:00:00+00:00,0.6032,0.6115,0.5933,0.597,15354925.746382
1698854400,2023-11-01T16:00:00+00:00,0.597,0.6139,0.5945,0.6091,18774781.163094997
1698868800,2023-11-01T20:00:00+00:00,0.609,0.617,0.6076,0.6091,14845285.40831
1698883200,2023-11-02T00:00:00+00:00,0.609,0.6139,0.6054,0.6121,10866111.681047
1698897600,2023-11-02T04:00:00+00:00,0.6119,0.6125,0.6029,0.6052,10549358.108475
1698912000,2023-11-02T08:00:00+00:00,0.6053,0.6248,0.6014,0.6174,15271655.340383
1698926400,2023-11-02T12:00:00+00:00,0.6174,0.6264,0.6015,0.6038,17512816.758589998
1698940800,2023-11-02T16:00:00+00:00,0.604,0.6137,0.5867,0.6097,17180063.720183
1698955200,2023-11-02T20:00:00+00:00,0.61,0.6119,0.6028,0.6053,9028640.686823
1698969600,2023-11-03T00:00:00+00:00,0.6055,0.606,0.5915,0.6011,8151043.912547
1698984000,2023-11-03T04:00:00+00:00,0.601,0.6017,0.5926,0.5965,6245390.274506999
1698998400,2023-11-03T08:00:00+00:00,0.5964,0.6077,0.5948,0.6022,11230805.837329
1699012800,2023-11-03T12:00:00+00:00,0.6023,0.6131,0.6007,0.6116,12999011.673520999
1699027200,2023-11-03T16:00:00+00:00,0.6117,0.6121,0.6039,0.6105,8594988.048113
1699041600,2023-11-03T20:00:00+00:00,0.6107,0.6154,0.61,0.6124,6097079.999644
1699056000,2023-11-04T00:00:00+00:00,0.6124,0.6127,0.609,0.6118,3248668.217592
1699070400,2023-11-04T04:00:00+00:00,0.6117,0.6172,0.6103,0.6146,4026618.3074789997
1699084800,2023-11-04T08:00:00+00:00,0.6146,0.6183,0.6131,0.6145,3864956.557674
1699099200,2023-11-04T12:00:00+00:00,0.6146,0.6154,0.609,0.6107,4597451.674826
1699113600,2023-11-04T16:00:00+00:00,0.6105,0.614,0.6101,0.6127,4356880.91009
1699128000,2023-11-04T20:00:00+00:00,0.6129,0.6179,0.6122,0.6154,4322912.222994
1699142400,2023-11-05T00:00:00+00:00,0.6154,0.6301,0.6144,0.6254,10141958.225898
1699156800,2023-11-05T04:00:00+00:00,0.6254,0.6264,0.6197,0.6224,4092480.95898
1699171200,2023-11-05T08:00:00+00:00,0.6225,0.6551,0.6205,0.646,18236970.155331
1699185600,2023-11-05T12:00:00+00:00,0.646,0.6504,0.6293,0.6449,19026581.055509
1699200000,2023-11-05T16:00:00+00:00,0.6449,0.66,0.6432,0.6549,15657814.412705
1699214400,2023-11-05T20:00:00+00:00,0.6549,0.6633,0.6443,0.6614,13140043.205828
1699228800,2023-11-06T00:00:00+00:00,0.6614,0.6892,0.6591,0.6818,30236665.105688002
1699243200,2023-11-06T04:00:00+00:00,0.6817,0.6845,0.668,0.6816,15918147.351121001
1699257600,2023-11-06T08:00:00+00:00,0.6817,0.7032,0.6771,0.7028,23056677.701532997
1699272000,2023-11-06T12:00:00+00:00,0.703,0.7333,0.7004,0.7175,46660419.084690005
1699286400,2023-11-06T16:00:00+00:00,0.7173,0.7193,0.7035,0.7161,27155593.237917
1699300800,2023-11-06T20:00:00+00:00,0.7159,0.7261,0.7088,0.7149,15979774.421596002
1699315200,2023-11-07T00:00:00+00:00,0.7147,0.7156,0.6478,0.6902,42359845.824894
1699329600,2023-11-07T04:00:00+00:00,0.6902,0.6959,0.6788,0.6943,16043238.091304999
1699344000,2023-11-07T08:00:00+00:00,0.6944,0.7012,0.6685,0.6832,19065122.69132
1699358400,2023-11-07T12:00:00+00:00,0.683,0.6895,0.6648,0.6719,19903989.503164
1699372800,2023-11-07T16:00:00+00:00,0.6719,0.6912,0.6549,0.689,25556861.655768998
1699387200,2023-11-07T20:00:00+00:00,0.6894,0.6968,0.6778,0.6855,15330446.536591
1699401600,2023-11-08T00:00:00+00:00,0.6852,0.6923,0.679,0.6854,10512747.285705
1699416000,2023-11-08T04:00:00+00:00,0.6853,0.6875,0.6727,0.6742,14267206.586275
1699430400,2023-11-08T08:00:00+00:00,0.6742,0.6993,0.6728,0.6931,20357643.962767
1699444800,2023-11-08T12:00:00+00:00,0.6928,0.6963,0.6799,0.6842,13854664.52303
1699459200,2023-11-08T16:00:00+00:00,0.684,0.6935,0.6817,0.6902,13342832.4832
1699473600,2023-11-08T20:00:00+00:00,0.69,0.6943,0.683,0.6873,11395171.356033
1699488000,2023-11-09T00:00:00+00:00,0.6871,0.695,0.6808,0.6915,14359953.781642001
1699502400,2023-11-09T04:00:00+00:00,0.6914,0.7073,0.691,0.6953,21484453.199721
1699516800,2023-11-09T08:00:00+00:00,0.6953,0.7055,0.69,0.6951,19847085.372703
1699531200,2023-11-09T12:00:00+00:00,0.6951,0.7039,0.6651,0.6867,46389188.50294
1699545600,2023-11-09T16:00:00+00:00,0.6867,0.6897,0.6238,0.658,51486388.123583
1699560000,2023-11-09T20:00:00+00:00,0.6579,0.6685,0.6445,0.6668,22118609.863890003
1699574400,2023-11-10T00:00:00+00:00,0.667,0.671,0.6579,0.6661,18364500.428179
1699588800,2023-11-10T04:00:00+00:00,0.6659,0.6671,0.6522,0.6534,14885202.360142
1699603200,2023-11-10T08:00:00+00:00,0.6535,0.662,0.645,0.6612,12175413.40782
1699617600,2023-11-10T12:00:00+00:00,0.6609,0.6611,0.6362,0.6471,19272686.113048
1699632000,2023-11-10T16:00:00+00:00,0.6471,0.6636,0.6466,0.6595,19265603.92549
1699646400,2023-11-10T20:00:00+00:00,0.6595,0.6654,0.6561,0.6596,11134796.872859001
1699660800,2023-11-11T00:00:00+00:00,0.6598,0.6654,0.6475,0.6496,16603438.629887
1699675200,2023-11-11T04:00:00+00:00,0.6495,0.6619,0.6405,0.6609,16103129.68703
1699689600,2023-11-11T08:00:00+00:00,0.6609,0.6877,0.6602,0.6676,15345370.380352002
1699704000,2023-11-11T12:00:00+00:00,0.6677,0.6803,0.6655,0.6735,11968739.83301
1699718400,2023-11-11T16:00:00+00:00,0.6735,0.681,0.6668,0.6744,9686335.085026
1699732800,2023-11-11T20:00:00+00:00,0.6745,0.6745,0.6556,0.6628,10595731.230556998
1699747200,2023-11-12T00:00:00+00:00,0.6629,0.664,0.6461,0.6608,7295924.930429
1699761600,2023-11-12T04:00:00+00:00,0.6608,0.6694,0.6572,0.668,5784766.811550999
1699776000,2023-11-12T08:00:00+00:00,0.668,0.6711,0.664,0.6653,6913551.705389
1699790400,2023-11-12T12:00:00+00:00,0.6654,0.6673,0.6579,0.6645,6848715.976867
1699804800,2023-11-12T16:00:00+00:00,0.6646,0.6657,0.6587,0.661,5782000.137579001
1699819200,2023-11-12T20:00:00+00:00,0.661,0.6672,0.6573,0.6616,6737726.211149
1699833600,2023-11-13T00:00:00+00:00,0.6617,0.6679,0.6531,0.6542,9945226.56483
1699848000,2023-11-13T04:00:00+00:00,0.6543,0.6599,0.6487,0.6565,11708785.991603
1699862400,2023-11-13T08:00:00+00:00,0.6564,0.6598,0.6462,0.651,6548941.646143001
1699876800,2023-11-13T12:00:00+00:00,0.6509,0.6539,0.64,0.6503,11009247.349295001
1699891200,2023-11-13T16:00:00+00:00,0.6502,0.6543,0.643,0.652,9296292.432867
1699905600,2023-11-13T20:00:00+00:00,0.6521,0.7471,0.6389,0.6702,122552825.64129199
1699920000,2023-11-14T00:00:00+00:00,0.6701,0.6727,0.6561,0.66,19182316.302778
1699934400,2023-11-14T04:00:00+00:00,0.66,0.67,0.6589,0.6641,9219841.226545
1699948800,2023-11-14T08:00:00+00:00,0.6641,0.6704,0.6471,0.6508,14808737.649323002
1699963200,2023-11-14T12:00:00+00:00,0.6508,0.6645,0.6467,0.6539,17430220.701302998
1699977600,2023-11-14T16:00:00+00:00,0.6539,0.6563,0.5962,0.6228,39434366.363587
1699992000,2023-11-14T20:00:00+00:00,0.6228,0.6333,0.5939,0.6295,26651512.508218
1700006400,2023-11-15T00:00:00+00:00,0.6296,0.631,0.6251,0.6263,10997090.40555
1700020800,2023-11-15T04:00:00+00:00,0.6264,0.6349,0.6263,0.6291,9388466.026864
1700035200,2023-11-15T08:00:00+00:00,0.6293,0.6409,0.6293,0.6406,11312894.369456
1700049600,2023-11-15T12:00:00+00:00,0.6403,0.6406,0.6052,0.6399,16582726.713891001
1700064000,2023-11-15T16:00:00+00:00,0.6397,0.6467,0.6064,0.6463,33987385.709713
1700078400,2023-11-15T20:00:00+00:00,0.6463,0.6507,0.6406,0.6484,14688278.212697
1700092800,2023-11-16T00:00:00+00:00,0.6483,0.6497,0.6435,0.6466,9451318.973369
1700107200,2023-11-16T04:00:00+00:00,0.6465,0.6532,0.6458,0.6513,11375410.635754
1700121600,2023-11-16T08:00:00+00:00,0.6513,0.6523,0.6387,0.6414,12994370.475542001
1700136000,2023-11-16T12:00:00+00:00,0.6412,0.6419,0.6157,0.6223,22825181.052072
1700150400,2023-11-16T16:00:00+00:00,0.6227,0.6274,0.6034,0.6163,18433744.289235
1700164800,2023-11-16T20:00:00+00:00,0.6163,0.6195,0.5977,0.6119,25003679.229515
1700179200,2023-11-17T00:00:00+00:00,0.612,0.6238,0.6109,0.6219,11405299.879351
1700193600,2023-11-17T04:00:00+00:00,0.6219,0.6244,0.615,0.6153,7922212.689261001
1700208000,2023-11-17T08:00:00+00:00,0.6154,0.6191,0.6077,0.6127,8974700.533358
1700222400,2023-11-17T12:00:00+00:00,0.6126,0.6142,0.5861,0.5902,20929373.882599004
1700236800,2023-11-17T16:00:00+00:00,0.5903,0.6097,0.5877,0.607,12454580.379772
1700251200,2023-11-17T20:00:00+00:00,0.607,0.6163,0.6062,0.6135,5765382.182249
1700265600,2023-11-18T00:00:00+00:00,0.6134,0.6135,0.6025,0.6028,5276042.025143
1700280000,2023-11-18T04:00:00+00:00,0.603,0.6063,0.5895,0.6007,7582760.004176
1700294400,2023-11-18T08:00:00+00:00,0.6008,0.6084,0.5988,0.6035,4056297.1698889993
1700308800,2023-11-18T12:00:00+00:00,0.6034,0.6091,0.5977,0.6076,5812113.096650001
1700323200,2023-11-18T16:00:00+00:00,0.6076,0.6148,0.606,0.6137,8148445.7728039995
1700337600,2023-11-18T20:00:00+00:00,0.6136,0.6142,0.607,0.6111,4703582.531831
1700352000,2023-11-19T00:00:00+00:00,0.6109,0.6109,0.6017,0.6078,5938689.202120999
1700366400,2023-11-19T04:00:00+00:00,0.6079,0.611,0.607,0.6106,3990773.847379
1700380800,2023-11-19T08:00:00+00:00,0.6105,0.614,0.6078,0.6095,4013047.879778
1700395200,2023-11-19T12:00:00+00:00,0.6093,0.6257,0.6089,0.6213,11486954.010364998
1700409600,2023-11-19T16:00:00+00:00,0.6212,0.6269,0.6182,0.6246,6238128.462514
1700424000,2023-11-19T20:00:00+00:00,0.6252,0.629,0.6211,0.6262,6288203.009737
1700438400,2023-11-20T00:00:00+00:00,0.6264,0.6273,0.6218,0.6232,7933797.987299
1700452800,2023-11-20T04:00:00+00:00,0.6231,0.6248,0.6156,0.6226,9019423.771177001
1700467200,2023-11-20T08:00:00+00:00,0.6226,0.6286,0.619,0.6237,6624683.336645001
1700481600,2023-11-20T12:00:00+00:00,0.6236,0.6243,0.6113,0.6193,10135718.811664
1700496000,2023-11-20T16:00:00+00:00,0.6194,0.6234,0.6127,0.6192,11078376.730339002
1700510400,2023-11-20T20:00:00+00:00,0.6191,0.6204,0.607,0.6126,6989177.01271
1700524800,2023-11-21T00:00:00+00:00,0.6126,0.618,0.6061,0.6139,11941597.823152
1700539200,2023-11-21T04:00:00+00:00,0.6139,0.6166,0.6058,0.6098,10464049.174153
1700553600,2023-11-21T08:00:00+00:00,0.6098,0.6176,0.6078,0.6112,13335781.205555001
1700568000,2023-11-21T12:00:00+00:00,0.6112,0.6157,0.5925,0.6042,19852003.570455
1700582400,2023-11-21T16:00:00+00:00,0.6042,0.6062,0.5804,0.595,19097052.178106
1700596800,2023-11-21T20:00:00+00:00,0.5951,0.6024,0.5734,0.5788,15875135.133407
1700611200,2023-11-22T00:00:00+00:00,0.579,0.5933,0.5778,0.5932,9481477.559182
1700625600,2023-11-22T04:00:00+00:00,0.5932,0.5974,0.5885,0.5934,9228468.060170999
1700640000,2023-11-22T08:00:00+00:00,0.5935,0.5982,0.5913,0.5943,10486180.565582
1700654400,2023-11-22T12:00:00+00:00,0.5943,0.5986,0.5916,0.5936,9060598.233955
1700668800,2023-11-22T16:00:00+00:00,0.5935,0.6134,0.5921,0.6094,14847098.807558
1700683200,2023-11-22T20:00:00+00:00,0.6094,0.6166,0.6083,0.6111,10387530.613580998
1700697600,2023-11-23T00:00:00+00:00,0.6114,0.6151,0.6087,0.6113,5583814.88875
1700712000,2023-11-23T04:00:00+00:00,0.6113,0.6115,0.606,0.6114,7297932.170302
1700726400,2023-11-23T08:00:00+00:00,0.6114,0.6232,0.6109,0.6137,10733635.410849001
1700740800,2023-11-23T12:00:00+00:00,0.6136,0.6226,0.6096,0.6162,11283837.664148
1700755200,2023-11-23T16:00:00+00:00,0.6161,0.624,0.6134,0.6217,9457939.499117
1700769600,2023-11-23T20:00:00+00:00,0.6217,0.6234,0.6179,0.6208,6505587.21691
1700784000,2023-11-24T00:00:00+00:00,0.6211,0.6251,0.6205,0.6206,6355593.213098
1700798400,2023-11-24T04:00:00+00:00,0.6205,0.6248,0.6173,0.6239,9272100.95046
1700812800,2023-11-24T08:00:00+00:00,0.6241,0.6258,0.6194,0.6203,6883508.818976
1700827200,2023-11-24T12:00:00+00:00,0.6204,0.625,0.6156,0.6224,9544351.903068
1700841600,2023-11-24T16:00:00+00:00,0.6223,0.625,0.6161,0.6193,8054833.647772
1700856000,2023-11-24T20:00:00+00:00,0.6194,0.6229,0.6179,0.6216,5187678.209561
1700870400,2023-11-25T00:00:00+00:00,0.6216,0.6236,0.6191,0.6221,4091411.96886
1700884800,2023-11-25T04:00:00+00:00,0.622,0.6228,0.6199,0.6228,2338498.27128
1700899200,2023-11-25T08:00:00+00:00,0.6228,0.6232,0.6161,0.6182,3632211.59702
1700913600,2023-11-25T12:00:00+00:00,0.6181,0.6208,0.6168,0.6195,3652960.164692
1700928000,2023-11-25T16:00:00+00:00,0.6195,0.622,0.6195,0.6208,3729065.4098229995
1700942400,2023-11-25T20:00:00+00:00,0.6208,0.6241,0.6193,0.623,3197417.840645
1700956800,2023-11-26T00:00:00+00:00,0.6231,0.6234,0.6187,0.6202,3742320.24784
1700971200,2023-11-26T04:00:00+00:00,0.6202,0.6221,0.6194,0.6219,1895574.578458
1700985600,2023-11-26T08:00:00+00:00,0.6219,0.6366,0.62,0.6302,7783668.124808
1701000000,2023-11-26T12:00:00+00:00,0.6303,0.638,0.6187,0.6224,9514819.440256
1701014400,2023-11-26T16:00:00+00:00,0.6224,0.6235,0.607,0.6183,12163697.680564
1701028800,2023-11-26T20:00:00+00:00,0.6183,0.6203,0.6157,0.616,5090686.446664999
1701043200,2023-11-27T00:00:00+00:00,0.6162,0.617,0.6056,0.6102,6771659.02214
1701057600,2023-11-27T04:00:00+00:00,0.6101,0.6118,0.601,0.6073,7861667.852021
1701072000,2023-11-27T08:00:00+00:00,0.6073,0.609,0.5989,0.6038,7168979.960007001
1701086400,2023-11-27T12:00:00+00:00,0.6039,0.6054,0.5971,0.5981,13217204.332774
1701100800,2023-11-27T16:00:00+00:00,0.598,0.6049,0.5939,0.5987,9796866.663132
1701115200,2023-11-27T20:00:00+00:00,0.5987,0.6042,0.5952,0.6039,6449567.605938001
1701129600,2023-11-28T00:00:00+00:00,0.6041,0.6051,0.6012,0.6045,4791602.762263
1701144000,2023-11-28T04:00:00+00:00,0.6045,0.6053,0.5958,0.6027,7443400.657978999
1701158400,2023-11-28T08:00:00+00:00,0.6027,0.6071,0.5971,0.6045,9372973.332067
1701172800,2023-11-28T12:00:00+00:00,0.6046,0.6119,0.6034,0.6086,7095804.849792
1701187200,2023-11-28T16:00:00+00:00,0.6085,0.6142,0.6068,0.6113,11617675.987409
1701201600,2023-11-28T20:00:00+00:00,0.6114,0.6134,0.6097,0.6109,5480391.9431570005
1701216000,2023-11-29T00:00:00+00:00,0.6108,0.6132,0.6089,0.6126,6356076.759769
1701230400,2023-11-29T04:00:00+00:00,0.6126,0.6163,0.6095,0.6139,9556595.549492002
1701244800,2023-11-29T08:00:00+00:00,0.6139,0.618,0.6092,0.6112,12924074.983681
1701259200,2023-11-29T12:00:00+00:00,0.6113,0.6129,0.6042,0.6081,10063791.285342999
1701273600,2023-11-29T16:00:00+00:00,0.6081,0.61,0.604,0.6093,7791218.522953
1701288000,2023-11-29T20:00:00+00:00,0.6093,0.61,0.606,0.6092,6005058.801412
1701302400,2023-11-30T00:00:00+00:00,0.6091,0.6093,0.6051,0.6085,5961000.328212
1701316800,2023-11-30T04:00:00+00:00,0.6086,0.6099,0.6034,0.604,7598314.457884001
1701331200,2023-11-30T08:00:00+00:00,0.6039,0.6059,0.5981,0.6056,10436879.218024999
1701345600,2023-11-30T12:00:00+00:00,0.6056,0.6064,0.6004,0.6021,7153266.517151
1701360000,2023-11-30T16:00:00+00:00,0.6021,0.6049,0.5998,0.6037,5645864.698802
1701374400,2023-11-30T20:00:00+00:00,0.6036,0.6081,0.6033,0.6064,5296859.45199
1701388800,2023-12-01T00:00:00+00:00,0.6065,0.6131,0.6031,0.6105,6315939.202467
1701403200,2023-12-01T04:00:00+00:00,0.6105,0.6124,0.6088,0.6103,3936437.4964980003
1701417600,2023-12-01T08:00:00+00:00,0.6103,0.6145,0.6087,0.6111,6357895.643494
1701432000,2023-12-01T12:00:00+00:00,0.6112,0.6121,0.6057,0.6079,6851446.957668
1701446400,2023-12-01T16:00:00+00:00,0.6079,0.6124,0.6073,0.6123,8209028.902651
1701460800,2023-12-01T20:00:00+00:00,0.6123,0.6138,0.6107,0.6129,4335219.721517
1701475200,2023-12-02T00:00:00+00:00,0.6128,0.6138,0.6113,0.6131,3311166.057905
1701489600,2023-12-02T04:00:00+00:00,0.613,0.6163,0.613,0.614,2880430.226788
1701504000,2023-12-02T08:00:00+00:00,0.614,0.6157,0.6131,0.6134,1964976.281363
1701518400,2023-12-02T12:00:00+00:00,0.6135,0.6167,0.6121,0.6141,3365623.439609
1701532800,2023-12-02T16:00:00+00:00,0.614,0.6227,0.6122,0.6192,6750382.738446
1701547200,2023-12-02T20:00:00+00:00,0.6193,0.6232,0.6175,0.621,6410666.009006999
1701561600,2023-12-03T00:00:00+00:00,0.6211,0.6228,0.6172,0.6185,4734752.570113
1701576000,2023-12-03T04:00:00+00:00,0.6184,0.6207,0.6181,0.6205,1856742.831834
1701590400,2023-12-03T08:00:00+00:00,0.6206,0.6345,0.6191,0.6282,7081777.392554
1701604800,2023-12-03T12:00:00+00:00,0.6283,0.6283,0.618,0.6215,8518560.053354
1701619200,2023-12-03T16:00:00+00:00,0.6215,0.6219,0.6173,0.6217,4421244.0811560005
1701633600,2023-12-03T20:00:00+00:00,0.6218,0.6277,0.6207,0.6233,6360858.947830001
1701648000,2023-12-04T00:00:00+00:00,0.6233,0.6315,0.6221,0.6277,8798163.967643
1701662400,2023-12-04T04:00:00+00:00,0.6279,0.6353,0.6278,0.6334,10896743.734234001
1701676800,2023-12-04T08:00:00+00:00,0.6333,0.644,0.585,0.6202,25554641.054453
1701691200,2023-12-04T12:00:00+00:00,0.6202,0.6241,0.6095,0.6159,12711307.720968999
1701705600,2023-12-04T16:00:00+00:00,0.6157,0.645,0.615,0.6214,13004571.655246
1701720000,2023-12-04T20:00:00+00:00,0.6213,0.6267,0.6196,0.6245,8921174.254702
1701734400,2023-12-05T00:00:00+00:00,0.6244,0.6305,0.6159,0.6184,9399995.823169
1701748800,2023-12-05T04:00:00+00:00,0.6185,0.6209,0.6076,0.6126,7427471.373021999
1701763200,2023-12-05T08:00:00+00:00,0.6126,0.614,0.6085,0.6108,6728734.765255
1701777600,2023-12-05T12:00:00+00:00,0.6107,0.6154,0.6081,0.6143,8611392.398692999
1701792000,2023-12-05T16:00:00+00:00,0.6145,0.6273,0.6129,0.6223,16129117.758306
1701806400,2023-12-05T20:00:00+00:00,0.6223,0.6237,0.6171,0.6212,8908904.220072001
1701820800,2023-12-06T00:00:00+00:00,0.6212,0.6267,0.6184,0.6224,10626312.807481002
1701835200,2023-12-06T04:00:00+00:00,0.6224,0.6287,0.6104,0.6274,12747671.818187999
1701849600,2023-12-06T08:00:00+00:00,0.6275,0.6414,0.6108,0.6205,20012442.128001
1701864000,2023-12-06T12:00:00+00:00,0.6204,0.6287,0.6204,0.6275,13735942.641836999
1701878400,2023-12-06T16:00:00+00:00,0.6275,0.6317,0.625,0.6309,12245710.08153
1701892800,2023-12-06T20:00:00+00:00,0.6309,0.6439,0.6281,0.6401,17808250.303912
1701907200,2023-12-07T00:00:00+00:00,0.64,0.6425,0.6301,0.633,9582419.135339
1701921600,2023-12-07T04:00:00+00:00,0.6329,0.6546,0.6327,0.6482,21663605.531591002
1701936000,2023-12-07T08:00:00+00:00,0.6481,0.6482,0.6218,0.6318,15990583.800911
1701950400,2023-12-07T12:00:00+00:00,0.6315,0.6384,0.629,0.637,13439327.909040999
1701964800,2023-12-07T16:00:00+00:00,0.637,0.6462,0.6352,0.642,14854501.322739
1701979200,2023-12-07T20:00:00+00:00,0.6421,0.6469,0.6399,0.6434,9340452.864543
1701993600,2023-12-08T00:00:00+00:00,0.6435,0.6509,0.6406,0.6469,8614591.874387
1702008000,2023-12-08T04:00:00+00:00,0.6469,0.6509,0.6375,0.6412,7998035.66557
1702022400,2023-12-08T08:00:00+00:00,0.6411,0.65,0.6392,0.6486,7114231.742618999
1702036800,2023-12-08T12:00:00+00:00,0.6486,0.66,0.647,0.6597,18046417.250806
1702051200,2023-12-08T16:00:00+00:00,0.6592,0.6722,0.659,0.6708,24856925.235632997
1702065600,2023-12-08T20:00:00+00:00,0.6708,0.6759,0.6668,0.6723,12048539.77547
1702080000,2023-12-09T00:00:00+00:00,0.6724,0.6793,0.6671,0.676,10369144.181148
1702094400,2023-12-09T04:00:00+00:00,0.6761,0.7008,0.6761,0.6918,23144683.609001
1702108800,2023-12-09T08:00:00+00:00,0.6918,0.6958,0.6702,0.687,22327282.263051998
1702123200,2023-12-09T12:00:00+00:00,0.687,0.6926,0.6716,0.6806,16650496.607892998
1702137600,2023-12-09T16:00:00+00:00,0.6807,0.6815,0.6634,0.6711,13921791.954698
1702152000,2023-12-09T20:00:00+00:00,0.6711,0.6748,0.652,0.6585,14935871.982391
1702166400,2023-12-10T00:00:00+00:00,0.6586,0.6691,0.6586,0.6656,6433547.742747
1702180800,2023-12-10T04:00:00+00:00,0.6656,0.6715,0.6605,0.6657,5311500.820927
1702195200,2023-12-10T08:00:00+00:00,0.6656,0.6665,0.6469,0.6561,8373319.853347001
1702209600,2023-12-10T12:00:00+00:00,0.6561,0.6624,0.6559,0.6611,4749389.029123001
1702224000,2023-12-10T16:00:00+00:00,0.6611,0.6655,0.6539,0.6626,6708970.661875
1702238400,2023-12-10T20:00:00+00:00,0.6627,0.6697,0.6582,0.6616,7738120.627459
1702252800,2023-12-11T00:00:00+00:00,0.6616,0.6629,0.6,0.6276,25278768.202621
1702267200,2023-12-11T04:00:00+00:00,0.6274,0.63,0.6177,0.6216,10952865.744215
1702281600,2023-12-11T08:00:00+00:00,0.6212,0.627,0.6157,0.6266,8688419.547922
1702296000,2023-12-11T12:00:00+00:00,0.6265,0.6271,0.6139,0.6197,9836512.901428
1702310400,2023-12-11T16:00:00+00:00,0.6195,0.6218,0.6013,0.6119,19799100.935505
1702324800,2023-12-11T20:00:00+00:00,0.6118,0.6205,0.6096,0.6185,8645468.928964
1702339200,2023-12-12T00:00:00+00:00,0.6185,0.6261,0.6179,0.6234,9059673.956239
1702353600,2023-12-12T04:00:00+00:00,0.6235,0.626,0.6155,0.6247,5759206.419124001
1702368000,2023-12-12T08:00:00+00:00,0.6245,0.6253,0.619,0.6195,5874198.488962
1702382400,2023-12-12T12:00:00+00:00,0.6196,0.6246,0.6129,0.6168,10428193.350623999
1702396800,2023-12-12T16:00:00+00:00,0.6168,0.62,0.606,0.6165,11559547.535379
1702411200,2023-12-12T20:00:00+00:00,0.6166,0.621,0.612,0.6189,6179946.538554
1702425600,2023-12-13T00:00:00+00:00,0.6191,0.6192,0.6023,0.6044,12099652.218537
1702440000,2023-12-13T04:00:00+00:00,0.6046,0.6075,0.5933,0.6047,14236015.810720999
1702454400,2023-12-13T08:00:00+00:00,0.6047,0.6088,0.5998,0.6009,7464880.951443001
1702468800,2023-12-13T12:00:00+00:00,0.6009,0.6161,0.6006,0.6145,10815551.676283
1702483200,2023-12-13T16:00:00+00:00,0.6145,0.6266,0.6109,0.6255,13426515.819677
1702497600,2023-12-13T20:00:00+00:00,0.6256,0.6351,0.6229,0.6276,15657065.378219001
1702512000,2023-12-14T00:00:00+00:00,0.6281,0.6288,0.6208,0.6233,6883447.327279001
1702526400,2023-12-14T04:00:00+00:00,0.6233,0.6282,0.6226,0.6261,5598271.995297
1702540800,2023-12-14T08:00:00+00:00,0.6261,0.6343,0.623,0.6342,8063566.145579999
1702555200,2023-12-14T12:00:00+00:00,0.6341,0.6344,0.6051,0.6233,16754011.751435999
1702569600,2023-12-14T16:00:00+00:00,0.6231,0.6342,0.623,0.6324,10347469.231999
1702584000,2023-12-14T20:00:00+00:00,0.6321,0.6384,0.6291,0.6318,11982338.188574
1702598400,2023-12-15T00:00:00+00:00,0.6317,0.6444,0.6303,0.635,9298870.315667
1702612800,2023-12-15T04:00:00+00:00,0.6349,0.6357,0.6282,0.6309,9243229.38944
1702627200,2023-12-15T08:00:00+00:00,0.6308,0.6352,0.629,0.6293,7899012.419019001
1702641600,2023-12-15T12:00:00+00:00,0.6293,0.63,0.6156,0.6191,15411105.025349002
1702656000,2023-12-15T16:00:00+00:00,0.6192,0.6252,0.6174,0.6232,8504589.424959
1702670400,2023-12-15T20:00:00+00:00,0.6231,0.6249,0.6121,0.6156,8006718.916941001
1702684800,2023-12-16T00:00:00+00:00,0.6155,0.6219,0.61,0.6215,7137066.928332
1702699200,2023-12-16T04:00:00+00:00,0.6216,0.6219,0.6185,0.6195,3448178.180555
1702713600,2023-12-16T08:00:00+00:00,0.6195,0.6232,0.6194,0.6232,2243790.963194
1702728000,2023-12-16T12:00:00+00:00,0.6232,0.6244,0.6204,0.6243,3752815.0296829995
1702742400,2023-12-16T16:00:00+00:00,0.6242,0.6254,0.617,0.6189,7160641.106350999
1702756800,2023-12-16T20:00:00+00:00,0.619,0.6208,0.617,0.62,4438437.581274999
1702771200,2023-12-17T00:00:00+00:00,0.6198,0.622,0.6155,0.6183,4428904.04282
1702785600,2023-12-17T04:00:00+00:00,0.6184,0.62,0.6123,0.613,3461747.1876190007
1702800000,2023-12-17T08:00:00+00:00,0.6129,0.623,0.6121,0.6195,5574182.648572
1702814400,2023-12-17T12:00:00+00:00,0.6192,0.6198,0.6118,0.6179,4236635.7815930005
1702828800,2023-12-17T16:00:00+00:00,0.6178,0.6214,0.6156,0.6181,4082489.7995729996
1702843200,2023-12-17T20:00:00+00:00,0.6181,0.6189,0.608,0.6098,7714981.669233
1702857600,2023-12-18T00:00:00+00:00,0.6098,0.6129,0.6006,0.6053,10277042.009574998
1702872000,2023-12-18T04:00:00+00:00,0.6054,0.6089,0.5998,0.6007,8784184.964549
1702886400,2023-12-18T08:00:00+00:00,0.6007,0.6016,0.5785,0.5889,19277834.36354
1702900800,2023-12-18T12:00:00+00:00,0.589,0.5999,0.586,0.5961,8196696.47761
1702915200,2023-12-18T16:00:00+00:00,0.5962,0.6067,0.5941,0.6049,6389381.010956
1702929600,2023-12-18T20:00:00+00:00,0.6048,0.6144,0.6031,0.6125,7846045.640854999
1702944000,2023-12-19T00:00:00+00:00,0.6126,0.6166,0.6088,0.6122,7426045.583837
1702958400,2023-12-19T04:00:00+00:00,0.6122,0.6141,0.609,0.611,5221170.972463
1702972800,2023-12-19T08:00:00+00:00,0.611,0.6123,0.6065,0.6078,4957956.273936
1702987200,2023-12-19T12:00:00+00:00,0.608,0.6109,0.6017,0.6052,6651973.308467001
1703001600,2023-12-19T16:00:00+00:00,0.6051,0.6073,0.5967,0.6046,8656654.897766002
1703016000,2023-12-19T20:00:00+00:00,0.6046,0.6076,0.6027,0.6044,5240152.483511
1703030400,2023-12-20T00:00:00+00:00,0.6045,0.6088,0.6008,0.6083,7934697.861525
1703044800,2023-12-20T04:00:00+00:00,0.6083,0.6117,0.6061,0.6098,8733120.581535
1703059200,2023-12-20T08:00:00+00:00,0.6097,0.6143,0.6081,0.6111,6903519.646261999
1703073600,2023-12-20T12:00:00+00:00,0.611,0.6254,0.6102,0.6221,16789536.772751
1703088000,2023-12-20T16:00:00+00:00,0.6221,0.6266,0.617,0.6211,14055911.328205
1703102400,2023-12-20T20:00:00+00:00,0.6211,0.6218,0.6078,0.617,12476270.913040001
1703116800,2023-12-21T00:00:00+00:00,0.617,0.6171,0.6107,0.6146,5759785.262715
1703131200,2023-12-21T04:00:00+00:00,0.6147,0.6177,0.6115,0.6164,7736875.077547
1703145600,2023-12-21T08:00:00+00:00,0.6165,0.621,0.6133,0.6184,6624215.591224999
1703160000,2023-12-21T12:00:00+00:00,0.6186,0.6213,0.6103,0.6157,8616396.49481
1703174400,2023-12-21T16:00:00+00:00,0.6156,0.6195,0.6129,0.6187,10734742.969414
1703188800,2023-12-21T20:00:00+00:00,0.6187,0.625,0.6185,0.6241,9554063.497838
1703203200,2023-12-22T00:00:00+00:00,0.6242,0.6268,0.6181,0.6205,7776897.819461
1703217600,2023-12-22T04:00:00+00:00,0.6205,0.6238,0.6164,0.6191,7337222.341736
1703232000,2023-12-22T08:00:00+00:00,0.619,0.6317,0.6174,0.6215,9927056.733691
1703246400,2023-12-22T12:00:00+00:00,0.6215,0.622,0.6156,0.6201,6918136.317449
1703260800,2023-12-22T16:00:00+00:00,0.6201,0.6218,0.6158,0.6185,8732356.755389
1703275200,2023-12-22T20:00:00+00:00,0.6185,0.6261,0.6181,0.6249,6224832.051126
1703289600,2023-12-23T00:00:00+00:00,0.6249,0.6254,0.6132,0.6147,6929943.928066
1703304000,2023-12-23T04:00:00+00:00,0.6145,0.6172,0.611,0.6156,4170740.043149
1703318400,2023-12-23T08:00:00+00:00,0.6158,0.6178,0.6139,0.6156,1901329.667547
1703332800,2023-12-23T12:00:00+00:00,0.6156,0.6195,0.6154,0.6185,3585503.626995
1703347200,2023-12-23T16:00:00+00:00,0.6184,0.6209,0.6177,0.6188,4476490.849067001
1703361600,2023-12-23T20:00:00+00:00,0.6188,0.6205,0.6169,0.6199,5142709.24717
1703376000,2023-12-24T00:00:00+00:00,0.6198,0.623,0.6168,0.6203,7739965.561523
1703390400,2023-12-24T04:00:00+00:00,0.6203,0.6233,0.6108,0.6168,8563121.620319001
1703404800,2023-12-24T08:00:00+00:00,0.6167,0.6214,0.6136,0.6188,5046081.062058
1703419200,2023-12-24T12:00:00+00:00,0.6189,0.6243,0.6172,0.6216,5160738.796924001
1703433600,2023-12-24T16:00:00+00:00,0.6219,0.6239,0.62,0.6238,4683453.158073001
1703448000,2023-12-24T20:00:00+00:00,0.624,0.6299,0.6049,0.6127,13988839.530955
1703462400,2023-12-25T00:00:00+00:00,0.6127,0.6172,0.6086,0.6166,5176481.539978
1703476800,2023-12-25T04:00:00+00:00,0.6166,0.6174,0.6154,0.6159,2381151.5465410003
1703491200,2023-12-25T08:00:00+00:00,0.6163,0.6489,0.616,0.6423,22231552.755424
1703505600,2023-12-25T12:00:00+00:00,0.6422,0.6471,0.6323,0.6331,13743929.013714999
1703520000,2023-12-25T16:00:00+00:00,0.6334,0.6389,0.6311,0.6377,8286946.403132001
1703534400,2023-12-25T20:00:00+00:00,0.6377,0.6478,0.6352,0.6463,8902689.145228
1703548800,2023-12-26T00:00:00+00:00,0.6462,0.647,0.6329,0.6386,7852227.750957
1703563200,2023-12-26T04:00:00+00:00,0.6385,0.6388,0.6186,0.6216,14738114.809770998
1703577600,2023-12-26T08:00:00+00:00,0.6215,0.6256,0.6155,0.6241,8344634.827334
1703592000,2023-12-26T12:00:00+00:00,0.6239,0.6316,0.6182,0.6198,10872733.71975
1703606400,2023-12-26T16:00:00+00:00,0.62,0.6277,0.6,0.6161,27122211.774214
1703620800,2023-12-26T20:00:00+00:00,0.6162,0.6224,0.6155,0.622,6666420.253783
1703635200,2023-12-27T00:00:00+00:00,0.6218,0.6219,0.6128,0.6166,7821491.486165
1703649600,2023-12-27T04:00:00+00:00,0.6162,0.624,0.6162,0.6194,9562208.367060998
1703664000,2023-12-27T08:00:00+00:00,0.6195,0.6317,0.618,0.6274,10879080.469177
1703678400,2023-12-27T12:00:00+00:00,0.6275,0.6348,0.6257,0.6337,12737241.35991
1703692800,2023-12-27T16:00:00+00:00,0.6336,0.6407,0.6313,0.6395,16055823.416629001
1703707200,2023-12-27T20:00:00+00:00,0.6395,0.6427,0.6307,0.6348,11405260.313628
1703721600,2023-12-28T00:00:00+00:00,0.6347,0.65,0.6332,0.6418,20670066.347552
1703736000,2023-12-28T04:00:00+00:00,0.6418,0.6584,0.6319,0.6368,25226804.135113
1703750400,2023-12-28T08:00:00+00:00,0.6368,0.6503,0.6336,0.6437,15030346.157724
1703764800,2023-12-28T12:00:00+00:00,0.6436,0.6452,0.6247,0.6299,20211865.961569
1703779200,2023-12-28T16:00:00+00:00,0.6298,0.6343,0.6269,0.6322,12614556.096708
1703793600,2023-12-28T20:00:00+00:00,0.6322,0.6369,0.626,0.635,8754493.075381
1703808000,2023-12-29T00:00:00+00:00,0.635,0.6359,0.6211,0.6314,11912606.346478
1703822400,2023-12-29T04:00:00+00:00,0.6315,0.6332,0.6232,0.6244,6987508.045489
1703836800,2023-12-29T08:00:00+00:00,0.6245,0.633,0.624,0.6318,8843422.605001
1703851200,2023-12-29T12:00:00+00:00,0.6318,0.6367,0.6213,0.6246,12451533.695345998
1703865600,2023-12-29T16:00:00+00:00,0.6248,0.6265,0.6159,0.6235,18738165.292515
1703880000,2023-12-29T20:00:00+00:00,0.6235,0.6237,0.6122,0.623,8542411.096506
1703894400,2023-12-30T00:00:00+00:00,0.6228,0.6247,0.6187,0.6204,5107096.866142
1703908800,2023-12-30T04:00:00+00:00,0.6205,0.6258,0.6202,0.6222,4690818.209179
1703923200,2023-12-30T08:00:00+00:00,0.6222,0.623,0.6159,0.6205,4184157.7021399997
1703937600,2023-12-30T12:00:00+00:00,0.6205,0.6297,0.6201,0.6281,5825551.973949
1703952000,2023-12-30T16:00:00+00:00,0.628,0.6296,0.6244,0.6246,4380800.231844
1703966400,2023-12-30T20:00:00+00:00,0.6246,0.6256,0.62,0.6208,4378012.387344
1703980800,2023-12-31T00:00:00+00:00,0.6207,0.6234,0.618,0.6203,3472926.806533
1703995200,2023-12-31T04:00:00+00:00,0.6203,0.6245,0.6198,0.6235,3389744.4742409997
1704009600,2023-12-31T08:00:00+00:00,0.6234,0.6283,0.6219,0.623,4443007.561542001
1704024000,2023-12-31T12:00:00+00:00,0.623,0.6251,0.6201,0.6222,4201110.328358
1704038400,2023-12-31T16:00:00+00:00,0.6221,0.6236,0.6193,0.6205,7778585.907939
1704052800,2023-12-31T20:00:00+00:00,0.6204,0.6206,0.6078,0.6154,10683641.120475
1704067200,2024-01-01T00:00:00+00:00,0.6154,0.6188,0.6112,0.6128,4911637.897691
1704081600,2024-01-01T04:00:00+00:00,0.6129,0.6153,0.6083,0.615,4901400.029064
1704096000,2024-01-01T08:00:00+00:00,0.615,0.6205,0.6142,0.6204,2357625.0914479997
1704110400,2024-01-01T12:00:00+00:00,0.6204,0.622,0.6183,0.6214,4302018.829894001
1704124800,2024-01-01T16:00:00+00:00,0.6214,0.6262,0.6198,0.6262,5892086.320349
1704139200,2024-01-01T20:00:00+00:00,0.6262,0.6312,0.6256,0.6299,6253096.112252
1704153600,2024-01-02T00:00:00+00:00,0.6298,0.6359,0.629,0.6345,13130164.456963
1704168000,2024-01-02T04:00:00+00:00,0.6345,0.6349,0.6283,0.6311,7863713.375841001
1704182400,2024-01-02T08:00:00+00:00,0.631,0.641,0.6296,0.6324,8194437.737563001
1704196800,2024-01-02T12:00:00+00:00,0.6327,0.6346,0.6225,0.6261,12273847.440136
1704211200,2024-01-02T16:00:00+00:00,0.6261,0.6296,0.6216,0.6278,11022113.600504
1704225600,2024-01-02T20:00:00+00:00,0.6279,0.6293,0.6238,0.6247,7888241.674445
1704240000,2024-01-03T00:00:00+00:00,0.6248,0.6281,0.6228,0.6265,7635620.3629870005
1704254400,2024-01-03T04:00:00+00:00,0.6264,0.6397,0.6264,0.6321,16489423.841208
1704268800,2024-01-03T08:00:00+00:00,0.6322,0.6364,0.612,0.619,17904886.720781
1704283200,2024-01-03T12:00:00+00:00,0.6189,0.6189,0.4869,0.5773,102476634.772499
1704297600,2024-01-03T16:00:00+00:00,0.5773,0.5804,0.5671,0.574,33717799.254272
1704312000,2024-01-03T20:00:00+00:00,0.574,0.5903,0.5737,0.5826,16407090.829603
1704326400,2024-01-04T00:00:00+00:00,0.5826,0.5839,0.5699,0.5819,11047645.258974
1704340800,2024-01-04T04:00:00+00:00,0.5818,0.585,0.5746,0.5747,10726560.786284
1704355200,2024-01-04T08:00:00+00:00,0.5748,0.5794,0.5709,0.5772,10460556.547377
1704369600,2024-01-04T12:00:00+00:00,0.5773,0.5887,0.5757,0.5863,15770767.167472001
1704384000,2024-01-04T16:00:00+00:00,0.5863,0.5901,0.5805,0.5872,14681017.005963
1704398400,2024-01-04T20:00:00+00:00,0.5872,0.5947,0.5857,0.5874,14033293.952032
1704412800,2024-01-05T00:00:00+00:00,0.5876,0.5893,0.5524,0.5767,18827076.863266
1704427200,2024-01-05T04:00:00+00:00,0.5766,0.5786,0.5726,0.5738,12483929.034079
1704441600,2024-01-05T08:00:00+00:00,0.5738,0.5795,0.5659,0.5695,12368787.492422998
1704456000,2024-01-05T12:00:00+00:00,0.5693,0.5731,0.5598,0.5637,18982729.221958
1704470400,2024-01-05T16:00:00+00:00,0.5636,0.5705,0.554,0.5682,19114961.210869998
1704484800,2024-01-05T20:00:00+00:00,0.5681,0.577,0.5681,0.5763,10298398.710607
1704499200,2024-01-06T00:00:00+00:00,0.5764,0.5764,0.5713,0.5722,5897724.95723
1704513600,2024-01-06T04:00:00+00:00,0.5721,0.574,0.5573,0.5648,8023755.0625
1704528000,2024-01-06T08:00:00+00:00,0.5649,0.5678,0.5617,0.5664,3913210.337938
1704542400,2024-01-06T12:00:00+00:00,0.5664,0.574,0.5652,0.5715,6065715.861189
1704556800,2024-01-06T16:00:00+00:00,0.5714,0.5728,0.5673,0.5697,4608007.889186
1704571200,2024-01-06T20:00:00+00:00,0.5699,0.5706,0.5643,0.5684,4573749.768476
1704585600,2024-01-07T00:00:00+00:00,0.5682,0.5713,0.5652,0.5669,5079825.123311
1704600000,2024-01-07T04:00:00+00:00,0.567,0.5703,0.5658,0.5695,3502862.0627840003
1704614400,2024-01-07T08:00:00+00:00,0.5696,0.5733,0.5644,0.5671,4290670.403555
1704628800,2024-01-07T12:00:00+00:00,0.567,0.5709,0.5641,0.5676,4467667.043495
1704643200,2024-01-07T16:00:00+00:00,0.5677,0.5688,0.5607,0.5676,5829332.872807001
1704657600,2024-01-07T20:00:00+00:00,0.5676,0.5681,0.5462,0.5519,13680429.719965
1704672000,2024-01-08T00:00:00+00:00,0.5518,0.5821,0.5446,0.5602,33363383.576849
1704686400,2024-01-08T04:00:00+00:00,0.5603,0.566,0.5539,0.5568,13557648.363968002
1704700800,2024-01-08T08:00:00+00:00,0.5567,0.563,0.5507,0.5624,9541010.246376999
1704715200,2024-01-08T12:00:00+00:00,0.5624,0.5699,0.5616,0.5658,12286493.432547001
1704729600,2024-01-08T16:00:00+00:00,0.566,0.5824,0.5646,0.5811,16097960.817018999
1704744000,2024-01-08T20:00:00+00:00,0.5813,0.5817,0.5747,0.5782,10011526.247559
1704758400,2024-01-09T00:00:00+00:00,0.5782,0.5789,0.5667,0.5731,10443517.925123
1704772800,2024-01-09T04:00:00+00:00,0.5731,0.5755,0.5681,0.5718,9102863.419553999
1704787200,2024-01-09T08:00:00+00:00,0.5717,0.5733,0.5622,0.5689,8993466.882327
1704801600,2024-01-09T12:00:00+00:00,0.569,0.5698,0.5535,0.5599,17981407.015556
1704816000,2024-01-09T16:00:00+00:00,0.5598,0.5774,0.5557,0.5729,29789194.081100002
1704830400,2024-01-09T20:00:00+00:00,0.573,0.5793,0.5627,0.567,38083966.248900004
1704844800,2024-01-10T00:00:00+00:00,0.567,0.5726,0.5656,0.5694,10301989.308473
1704859200,2024-01-10T04:00:00+00:00,0.5693,0.5721,0.5628,0.5632,11067368.95442
1704873600,2024-01-10T08:00:00+00:00,0.5632,0.568,0.5585,0.5637,11642020.441081
1704888000,2024-01-10T12:00:00+00:00,0.5633,0.5798,0.5491,0.571,26488365.411978
1704902400,2024-01-10T16:00:00+00:00,0.5706,0.5803,0.563,0.5792,19057525.672137
1704916800,2024-01-10T20:00:00+00:00,0.5792,0.6149,0.5635,0.6006,54680571.462048
1704931200,2024-01-11T00:00:00+00:00,0.6009,0.6029,0.5932,0.6028,14097141.380691
1704945600,2024-01-11T04:00:00+00:00,0.6029,0.6062,0.5857,0.5974,14192725.206846999
1704960000,2024-01-11T08:00:00+00:00,0.5973,0.615,0.5952,0.6119,12292465.095674999
1704974400,2024-01-11T12:00:00+00:00,0.6119,0.6241,0.5949,0.601,34698688.868598
1704988800,2024-01-11T16:00:00+00:00,0.601,0.6066,0.5915,0.6049,14502191.375237
1705003200,2024-01-11T20:00:00+00:00,0.6048,0.6073,0.5983,0.6019,8975070.990381999
1705017600,2024-01-12T00:00:00+00:00,0.6019,0.6035,0.5904,0.5978,10822213.536021
1705032000,2024-01-12T04:00:00+00:00,0.5976,0.6007,0.5933,0.5948,10387505.421112001
1705046400,2024-01-12T08:00:00+00:00,0.5947,0.6025,0.5887,0.6004,8234234.382900001
1705060800,2024-01-12T12:00:00+00:00,0.6004,0.6013,0.5832,0.587,14861186.908496
1705075200,2024-01-12T16:00:00+00:00,0.5867,0.5911,0.5656,0.5793,23556684.606220998
1705089600,2024-01-12T20:00:00+00:00,0.5794,0.5833,0.5545,0.5697,17766131.40143
1705104000,2024-01-13T00:00:00+00:00,0.5697,0.5724,0.5629,0.5717,5365820.2889519995
1705118400,2024-01-13T04:00:00+00:00,0.5716,0.5764,0.5711,0.5748,4066521.9942600005
1705132800,2024-01-13T08:00:00+00:00,0.5748,0.5772,0.5701,0.5742,3126766.0906649996
1705147200,2024-01-13T12:00:00+00:00,0.5743,0.5767,0.5712,0.5741,4665980.087788
1705161600,2024-01-13T16:00:00+00:00,0.5741,0.576,0.5709,0.5743,4909873.7456600005
1705176000,2024-01-13T20:00:00+00:00,0.5744,0.5775,0.5738,0.5746,3904857.8526790002
1705190400,2024-01-14T00:00:00+00:00,0.5745,0.5756,0.5714,0.5738,3929410.916537
1705204800,2024-01-14T04:00:00+00:00,0.5738,0.5762,0.5717,0.5755,3254521.1751820003
1705219200,2024-01-14T08:00:00+00:00,0.5754,0.5797,0.5747,0.5765,2435190.6947149998
1705233600,2024-01-14T12:00:00+00:00,0.5765,0.5782,0.5741,0.5773,2821083.1110610003
1705248000,2024-01-14T16:00:00+00:00,0.5773,0.5871,0.5737,0.5765,8382818.825083999
1705262400,2024-01-14T20:00:00+00:00,0.5764,0.5927,0.5719,0.5758,21203315.983524002
1705276800,2024-01-15T00:00:00+00:00,0.5761,0.5892,0.5761,0.5858,8934778.325625
1705291200,2024-01-15T04:00:00+00:00,0.5857,0.5871,0.5757,0.5771,9418456.429701
1705305600,2024-01-15T08:00:00+00:00,0.5771,0.5813,0.576,0.5784,7556619.059025
1705320000,2024-01-15T12:00:00+00:00,0.5787,0.5796,0.5684,0.5695,9276991.927338
1705334400,2024-01-15T16:00:00+00:00,0.5694,0.5815,0.5693,0.5806,9352192.602928
1705348800,2024-01-15T20:00:00+00:00,0.5806,0.581,0.5735,0.5752,7443135.412242
1705363200,2024-01-16T00:00:00+00:00,0.5754,0.5786,0.5712,0.5773,6890590.358855001
1705377600,2024-01-16T04:00:00+00:00,0.5774,0.5778,0.5711,0.5759,6622098.369782
1705392000,2024-01-16T08:00:00+00:00,0.5759,0.5765,0.5722,0.5739,5786823.634556
1705406400,2024-01-16T12:00:00+00:00,0.5737,0.5776,0.5657,0.5754,10246906.498262
1705420800,2024-01-16T16:00:00+00:00,0.5755,0.5785,0.5728,0.5781,6665947.158986
1705435200,2024-01-16T20:00:00+00:00,0.5781,0.5798,0.5751,0.5755,5004150.471721
1705449600,2024-01-17T00:00:00+00:00,0.5757,0.5762,0.5729,0.5747,5199078.823614
1705464000,2024-01-17T04:00:00+00:00,0.5747,0.5755,0.5687,0.5718,7398865.261044
1705478400,2024-01-17T08:00:00+00:00,0.5716,0.5728,0.5688,0.5698,5763812.119268999
1705492800,2024-01-17T12:00:00+00:00,0.5699,0.5714,0.5662,0.5685,10982670.346401
1705507200,2024-01-17T16:00:00+00:00,0.5687,0.5712,0.5606,0.5708,12786724.685746001
1705521600,2024-01-17T20:00:00+00:00,0.5708,0.5725,0.5666,0.568,9969574.326961
1705536000,2024-01-18T00:00:00+00:00,0.568,0.568,0.5624,0.5658,8907658.412106
1705550400,2024-01-18T04:00:00+00:00,0.5658,0.568,0.5641,0.568,7736586.343343001
1705564800,2024-01-18T08:00:00+00:00,0.568,0.5684,0.5611,0.5627,6420339.91879
1705579200,2024-01-18T12:00:00+00:00,0.5626,0.5635,0.5582,0.5618,8890393.442381999
1705593600,2024-01-18T16:00:00+00:00,0.5617,0.5622,0.5423,0.5462,28382680.808256
1705608000,2024-01-18T20:00:00+00:00,0.546,0.5523,0.5451,0.5516,13596998.631968
1705622400,2024-01-19T00:00:00+00:00,0.5517,0.5533,0.544,0.5492,13533658.749457002
1705636800,2024-01-19T04:00:00+00:00,0.5492,0.5518,0.5461,0.5464,8302530.0103130005
1705651200,2024-01-19T08:00:00+00:00,0.5465,0.5507,0.5451,0.5498,7246855.864956001
1705665600,2024-01-19T12:00:00+00:00,0.5498,0.5504,0.5367,0.5381,18589898.529185
1705680000,2024-01-19T16:00:00+00:00,0.5383,0.5464,0.5213,0.5455,51626434.081644
1705694400,2024-01-19T20:00:00+00:00,0.5454,0.549,0.5432,0.5438,14264976.551587
1705708800,2024-01-20T00:00:00+00:00,0.5438,0.5438,0.5386,0.543,9693442.959275
1705723200,2024-01-20T04:00:00+00:00,0.543,0.5524,0.543,0.5489,8489513.122588001
1705737600,2024-01-20T08:00:00+00:00,0.5489,0.552,0.5436,0.549,12867685.822660001
1705752000,2024-01-20T12:00:00+00:00,0.5488,0.5505,0.5466,0.5477,10171424.904552
1705766400,2024-01-20T16:00:00+00:00,0.5475,0.5487,0.5443,0.5463,11168194.087965
1705780800,2024-01-20T20:00:00+00:00,0.5462,0.5548,0.5454,0.5531,8469591.814347
1705795200,2024-01-21T00:00:00+00:00,0.553,0.5549,0.5482,0.5537,7569465.377806
1705809600,2024-01-21T04:00:00+00:00,0.5536,0.5543,0.5504,0.552,4684979.9044
1705824000,2024-01-21T08:00:00+00:00,0.552,0.5543,0.5509,0.552,2350415.86382
1705838400,2024-01-21T12:00:00+00:00,0.552,0.5546,0.5499,0.5512,2286218.675983
1705852800,2024-01-21T16:00:00+00:00,0.5512,0.5525,0.5487,0.5507,2592298.8977389997
1705867200,2024-01-21T20:00:00+00:00,0.5508,0.5513,0.545,0.5462,4103021.454666
1705881600,2024-01-22T00:00:00+00:00,0.546,0.5493,0.5395,0.5414,10370413.866438
1705896000,2024-01-22T04:00:00+00:00,0.5415,0.5416,0.5342,0.5365,8489322.717639001
1705910400,2024-01-22T08:00:00+00:00,0.5365,0.5374,0.5255,0.5307,13211331.610151
1705924800,2024-01-22T12:00:00+00:00,0.5307,0.534,0.5222,0.5281,11161686.284457
1705939200,2024-01-22T16:00:00+00:00,0.5281,0.5351,0.5168,0.525,16163840.043095
1705953600,2024-01-22T20:00:00+00:00,0.525,0.5319,0.5247,0.527,10137878.191434002
1705968000,2024-01-23T00:00:00+00:00,0.5269,0.5304,0.5218,0.5295,7468959.694086999
1705982400,2024-01-23T04:00:00+00:00,0.5296,0.5313,0.5202,0.5217,7442467.84155
1705996800,2024-01-23T08:00:00+00:00,0.5219,0.5234,0.5009,0.5046,18706522.681216
1706011200,2024-01-23T12:00:00+00:00,0.5043,0.5125,0.4957,0.51,16129871.683505999
1706025600,2024-01-23T16:00:00+00:00,0.51,0.5135,0.5062,0.5077,9398155.667778
1706040000,2024-01-23T20:00:00+00:00,0.5077,0.5191,0.5059,0.5179,10256406.906163
1706054400,2024-01-24T00:00:00+00:00,0.5179,0.5187,0.5125,0.5142,10595810.551958
1706068800,2024-01-24T04:00:00+00:00,0.5143,0.5174,0.5105,0.5152,10588166.628203
1706083200,2024-01-24T08:00:00+00:00,0.5153,0.5189,0.5107,0.5166,10573563.075300999
1706097600,2024-01-24T12:00:00+00:00,0.5165,0.518,0.5121,0.5159,10423756.437587999
1706112000,2024-01-24T16:00:00+00:00,0.5159,0.5175,0.5118,0.5146,7056414.069363001
1706126400,2024-01-24T20:00:00+00:00,0.5144,0.5191,0.5128,0.5181,5160735.72058
1706140800,2024-01-25T00:00:00+00:00,0.518,0.5182,0.5137,0.5149,8185281.465667
1706155200,2024-01-25T04:00:00+00:00,0.5149,0.5156,0.509,0.5136,9405363.158077
1706169600,2024-01-25T08:00:00+00:00,0.5135,0.5143,0.5101,0.5117,6290901.95066
1706184000,2024-01-25T12:00:00+00:00,0.5119,0.5126,0.5053,0.5069,8614515.016038
1706198400,2024-01-25T16:00:00+00:00,0.5069,0.5147,0.5035,0.5137,8511412.469767999
1706212800,2024-01-25T20:00:00+00:00,0.5137,0.5153,0.5098,0.5136,5883324.905381001
1706227200,2024-01-26T00:00:00+00:00,0.5136,0.5136,0.5081,0.5131,6349572.3003010005
1706241600,2024-01-26T04:00:00+00:00,0.5132,0.5149,0.5096,0.5111,6430007.407774
1706256000,2024-01-26T08:00:00+00:00,0.511,0.5225,0.5106,0.5208,5688708.283106
1706270400,2024-01-26T12:00:00+00:00,0.5209,0.5216,0.5164,0.521,9269756.554101001
1706284800,2024-01-26T16:00:00+00:00,0.521,0.5368,0.521,0.5324,13041393.807461
1706299200,2024-01-26T20:00:00+00:00,0.5322,0.5345,0.5293,0.5321,6851914.079286001
1706313600,2024-01-27T00:00:00+00:00,0.5321,0.5346,0.5297,0.5325,5133327.6842290005
1706328000,2024-01-27T04:00:00+00:00,0.5325,0.5347,0.5276,0.5285,2962011.088825
1706342400,2024-01-27T08:00:00+00:00,0.5283,0.53,0.5262,0.5297,2102431.709753
1706356800,2024-01-27T12:00:00+00:00,0.5297,0.5318,0.5289,0.5299,2432960.222232
1706371200,2024-01-27T16:00:00+00:00,0.5299,0.5311,0.5283,0.53,2670385.5725919995
1706385600,2024-01-27T20:00:00+00:00,0.5301,0.5325,0.5296,0.5303,3182862.5788550004
1706400000,2024-01-28T00:00:00+00:00,0.5305,0.533,0.5289,0.533,4181153.7423709994
1706414400,2024-01-28T04:00:00+00:00,0.5329,0.5355,0.53,0.5305,4368276.335925
1706428800,2024-01-28T08:00:00+00:00,0.5304,0.5333,0.5297,0.5304,2339594.9672290003
1706443200,2024-01-28T12:00:00+00:00,0.5304,0.5312,0.528,0.5293,2747412.755758
1706457600,2024-01-28T16:00:00+00:00,0.5294,0.5304,0.5217,0.5238,5582180.065998
1706472000,2024-01-28T20:00:00+00:00,0.5238,0.5271,0.5208,0.5241,4870629.777247
1706486400,2024-01-29T00:00:00+00:00,0.524,0.5292,0.5211,0.5284,6038316.14091
1706500800,2024-01-29T04:00:00+00:00,0.5283,0.5293,0.5238,0.5247,6915541.1051630005
1706515200,2024-01-29T08:00:00+00:00,0.5247,0.5287,0.521,0.5258,8603561.084569
1706529600,2024-01-29T12:00:00+00:00,0.5256,0.5275,0.5192,0.5275,5995166.363221001
1706544000,2024-01-29T16:00:00+00:00,0.5275,0.5383,0.5254,0.5354,11557867.732972
1706558400,2024-01-29T20:00:00+00:00,0.5354,0.5399,0.5347,0.5351,6023099.495431
1706572800,2024-01-30T00:00:00+00:00,0.5351,0.5392,0.5333,0.5375,5207258.561247
1706587200,2024-01-30T04:00:00+00:00,0.5375,0.5381,0.5308,0.5341,6116844.82082
1706601600,2024-01-30T08:00:00+00:00,0.5342,0.5348,0.5308,0.5337,5647500.450392
1706616000,2024-01-30T12:00:00+00:00,0.5337,0.5354,0.5231,0.5258,8148219.689677
1706630400,2024-01-30T16:00:00+00:00,0.5257,0.5291,0.5137,0.5143,16596205.576459
1706644800,2024-01-30T20:00:00+00:00,0.5141,0.5162,0.5078,0.5109,22397113.213009
1706659200,2024-01-31T00:00:00+00:00,0.5107,0.511,0.5026,0.5105,9944162.703641001
1706673600,2024-01-31T04:00:00+00:00,0.5105,0.5143,0.5097,0.5107,7571097.675484
1706688000,2024-01-31T08:00:00+00:00,0.5107,0.5122,0.5012,0.5069,7717677.734003
1706702400,2024-01-31T12:00:00+00:00,0.5067,0.5097,0.4853,0.5086,24199964.621323
1706716800,2024-01-31T16:00:00+00:00,0.5084,0.514,0.5069,0.5108,12083065.470245002
1706731200,2024-01-31T20:00:00+00:00,0.5108,0.5112,0.499,0.5029,8838292.236140002
1706745600,2024-02-01T00:00:00+00:00,0.5028,0.5039,0.4914,0.4975,11544942.320743
1706760000,2024-02-01T04:00:00+00:00,0.4974,0.4983,0.4912,0.4923,7307323.341779999
1706774400,2024-02-01T08:00:00+00:00,0.4923,0.4972,0.4896,0.4924,8629344.268317001
1706788800,2024-02-01T12:00:00+00:00,0.4924,0.5022,0.4923,0.4992,9197147.357572999
1706803200,2024-02-01T16:00:00+00:00,0.4993,0.5105,0.4975,0.5094,11595805.160242
1706817600,2024-02-01T20:00:00+00:00,0.5094,0.5097,0.5038,0.5058,8056024.492794
1706832000,2024-02-02T00:00:00+00:00,0.5058,0.5075,0.5038,0.5058,5849335.140573001
1706846400,2024-02-02T04:00:00+00:00,0.5058,0.5072,0.5031,0.5065,5181671.903344
1706860800,2024-02-02T08:00:00+00:00,0.5066,0.5069,0.5025,0.5041,5130791.995385
1706875200,2024-02-02T12:00:00+00:00,0.5043,0.5049,0.4985,0.5024,7835796.6832449995
1706889600,2024-02-02T16:00:00+00:00,0.5024,0.5061,0.5006,0.504,6934262.1835239995
1706904000,2024-02-02T20:00:00+00:00,0.5041,0.5139,0.5036,0.5103,7234897.102699
1706918400,2024-02-03T00:00:00+00:00,0.5104,0.5104,0.505,0.5074,5244932.741364
1706932800,2024-02-03T04:00:00+00:00,0.5074,0.5087,0.5063,0.5077,3629319.964355
1706947200,2024-02-03T08:00:00+00:00,0.5077,0.5268,0.5071,0.5215,9327155.401978001
1706961600,2024-02-03T12:00:00+00:00,0.5212,0.5263,0.5162,0.5199,6517827.191457
1706976000,2024-02-03T16:00:00+00:00,0.5199,0.5217,0.5169,0.521,6329851.472753
1706990400,2024-02-03T20:00:00+00:00,0.5209,0.522,0.5178,0.5186,4825578.884188
1707004800,2024-02-04T00:00:00+00:00,0.5186,0.519,0.5151,0.5173,2456374.666276
1707019200,2024-02-04T04:00:00+00:00,0.5174,0.5177,0.5087,0.5098,3321671.68284
1707033600,2024-02-04T08:00:00+00:00,0.5097,0.5141,0.5092,0.5126,2316087.5152
1707048000,2024-02-04T12:00:00+00:00,0.5126,0.5137,0.5099,0.5106,2577678.891791
1707062400,2024-02-04T16:00:00+00:00,0.5106,0.5125,0.5035,0.5066,4865430.664246
1707076800,2024-02-04T20:00:00+00:00,0.5063,0.5096,0.5001,0.5028,5204725.587092
1707091200,2024-02-05T00:00:00+00:00,0.5028,0.5059,0.4966,0.5056,7264959.6977969995
1707105600,2024-02-05T04:00:00+00:00,0.5056,0.5061,0.5027,0.504,3869262.31093
1707120000,2024-02-05T08:00:00+00:00,0.5039,0.507,0.5017,0.5051,5775017.024555
1707134400,2024-02-05T12:00:00+00:00,0.5051,0.5085,0.5003,0.5021,4811399.491684999
1707148800,2024-02-05T16:00:00+00:00,0.502,0.5136,0.5019,0.5094,12442194.728945
1707163200,2024-02-05T20:00:00+00:00,0.5093,0.5097,0.5038,0.5062,6595387.041527
1707177600,2024-02-06T00:00:00+00:00,0.5062,0.508,0.5036,0.5063,3937593.7235429995
1707192000,2024-02-06T04:00:00+00:00,0.5063,0.507,0.5008,0.5033,4619225.446733
1707206400,2024-02-06T08:00:00+00:00,0.5034,0.5048,0.4996,0.5007,7815944.458569
1707220800,2024-02-06T12:00:00+00:00,0.5006,0.5049,0.498,0.5038,6463233.348723
1707235200,2024-02-06T16:00:00+00:00,0.5038,0.5098,0.5023,0.5095,7865038.466543
1707249600,2024-02-06T20:00:00+00:00,0.5095,0.5109,0.5046,0.505,5884007.536551001
1707264000,2024-02-07T00:00:00+00:00,0.5049,0.5061,0.5026,0.5033,6051357.825762
1707278400,2024-02-07T04:00:00+00:00,0.5035,0.5051,0.4998,0.5007,7946905.979632
1707292800,2024-02-07T08:00:00+00:00,0.5007,0.5035,0.499,0.5018,5568901.583324
1707307200,2024-02-07T12:00:00+00:00,0.5017,0.5045,0.5012,0.5032,5178426.227641
1707321600,2024-02-07T16:00:00+00:00,0.5032,0.51,0.5025,0.5089,8432055.684209
1707336000,2024-02-07T20:00:00+00:00,0.509,0.5155,0.5089,0.5138,9358217.942532001
1707350400,2024-02-08T00:00:00+00:00,0.5137,0.5183,0.5109,0.5138,10678588.036206
1707364800,2024-02-08T04:00:00+00:00,0.5137,0.5152,0.5101,0.5122,8092634.527556
1707379200,2024-02-08T08:00:00+00:00,0.5121,0.5174,0.5116,0.5134,9337711.918883
1707393600,2024-02-08T12:00:00+00:00,0.5134,0.5193,0.5118,0.5174,8827957.038644
1707408000,2024-02-08T16:00:00+00:00,0.5173,0.5186,0.5117,0.5152,8314800.122472
1707422400,2024-02-08T20:00:00+00:00,0.5153,0.5176,0.5132,0.5148,6200297.852437
1707436800,2024-02-09T00:00:00+00:00,0.5147,0.5205,0.5141,0.5187,4887039.35984
1707451200,2024-02-09T04:00:00+00:00,0.5188,0.5197,0.5157,0.5176,4770319.716884
1707465600,2024-02-09T08:00:00+00:00,0.5176,0.5263,0.5165,0.5249,6470223.39825
1707480000,2024-02-09T12:00:00+00:00,0.5247,0.5265,0.5178,0.5217,10889716.637269001
1707494400,2024-02-09T16:00:00+00:00,0.5218,0.5269,0.5196,0.5261,7486013.083775
1707508800,2024-02-09T20:00:00+00:00,0.5262,0.5286,0.5239,0.5264,7540857.090727
1707523200,2024-02-10T00:00:00+00:00,0.5264,0.5284,0.5234,0.5275,3849954.970555
1707537600,2024-02-10T04:00:00+00:00,0.5275,0.5278,0.5238,0.5241,2014978.0804929999
1707552000,2024-02-10T08:00:00+00:00,0.524,0.5259,0.519,0.5215,2952666.1117849997
1707566400,2024-02-10T12:00:00+00:00,0.5215,0.5231,0.5197,0.5224,3561696.539637
1707580800,2024-02-10T16:00:00+00:00,0.5223,0.5238,0.5212,0.523,3892902.015758
1707595200,2024-02-10T20:00:00+00:00,0.523,0.526,0.5226,0.5241,4162392.921641
1707609600,2024-02-11T00:00:00+00:00,0.5242,0.5273,0.5218,0.527,4397629.781684999
1707624000,2024-02-11T04:00:00+00:00,0.5269,0.5291,0.5264,0.5286,4441546.796181
1707638400,2024-02-11T08:00:00+00:00,0.5285,0.5362,0.5276,0.5337,5959474.042788999
1707652800,2024-02-11T12:00:00+00:00,0.5337,0.5339,0.5264,0.5292,5815819.070861001
1707667200,2024-02-11T16:00:00+00:00,0.5291,0.53,0.5248,0.5291,4394090.211193999
1707681600,2024-02-11T20:00:00+00:00,0.5292,0.5297,0.5237,0.5263,4710416.786037
1707696000,2024-02-12T00:00:00+00:00,0.5263,0.5289,0.5186,0.5232,5410694.969559
1707710400,2024-02-12T04:00:00+00:00,0.5233,0.5254,0.515,0.5195,5817955.4857210005
1707724800,2024-02-12T08:00:00+00:00,0.5196,0.5204,0.5144,0.5182,4015520.234802
1707739200,2024-02-12T12:00:00+00:00,0.5181,0.529,0.5171,0.528,6044887.564009
1707753600,2024-02-12T16:00:00+00:00,0.5281,0.5382,0.5248,0.5311,11626667.193122
1707768000,2024-02-12T20:00:00+00:00,0.531,0.5355,0.5292,0.5317,7513145.572521
1707782400,2024-02-13T00:00:00+00:00,0.5316,0.5341,0.5277,0.5285,5581729.5791609995
1707796800,2024-02-13T04:00:00+00:00,0.5287,0.5312,0.5276,0.5308,4607322.887921
1707811200,2024-02-13T08:00:00+00:00,0.5308,0.5311,0.5265,0.5288,4735099.51647
1707825600,2024-02-13T12:00:00+00:00,0.5288,0.5288,0.5143,0.52,15115572.248198
1707840000,2024-02-13T16:00:00+00:00,0.52,0.527,0.5189,0.5253,6966512.447794
1707854400,2024-02-13T20:00:00+00:00,0.5253,0.5298,0.5208,0.5248,4660904.974751
1707868800,2024-02-14T00:00:00+00:00,0.5248,0.5258,0.5206,0.5251,5442318.560623
1707883200,2024-02-14T04:00:00+00:00,0.5251,0.5254,0.5219,0.5251,5188825.243512
1707897600,2024-02-14T08:00:00+00:00,0.5251,0.5332,0.5244,0.5319,8884680.834401
1707912000,2024-02-14T12:00:00+00:00,0.5318,0.5384,0.5287,0.5329,12089036.9472
1707926400,2024-02-14T16:00:00+00:00,0.533,0.54,0.5298,0.539,8979826.427873
1707940800,2024-02-14T20:00:00+00:00,0.539,0.5424,0.5378,0.5384,8671141.092232
1707955200,2024-02-15T00:00:00+00:00,0.5384,0.5595,0.5376,0.5533,15612398.920134
1707969600,2024-02-15T04:00:00+00:00,0.5534,0.558,0.5422,0.5498,14679594.333845
1707984000,2024-02-15T08:00:00+00:00,0.55,0.5553,0.5466,0.5505,11942374.058457999
1707998400,2024-02-15T12:00:00+00:00,0.5504,0.5554,0.5438,0.547,13409129.598804
1708012800,2024-02-15T16:00:00+00:00,0.547,0.5553,0.5422,0.5542,9819460.838143
1708027200,2024-02-15T20:00:00+00:00,0.5543,0.5794,0.5512,0.5627,29942184.957562
1708041600,2024-02-16T00:00:00+00:00,0.5628,0.5796,0.5584,0.5793,14708297.072115999
1708056000,2024-02-16T04:00:00+00:00,0.5794,0.5795,0.563,0.5663,17263190.539565
1708070400,2024-02-16T08:00:00+00:00,0.5662,0.5745,0.5601,0.5714,7517041.307519
1708084800,2024-02-16T12:00:00+00:00,0.5714,0.5738,0.5527,0.5605,15266854.902660001
1708099200,2024-02-16T16:00:00+00:00,0.5604,0.5664,0.5591,0.5612,9688640.13987
1708113600,2024-02-16T20:00:00+00:00,0.5613,0.5692,0.5604,0.5647,8454612.649670001
1708128000,2024-02-17T00:00:00+00:00,0.5644,0.5659,0.5581,0.5601,6728176.721189001
1708142400,2024-02-17T04:00:00+00:00,0.5602,0.5618,0.5579,0.5612,2833631.526889
1708156800,2024-02-17T08:00:00+00:00,0.5612,0.5614,0.5508,0.5539,4037146.0259319996
1708171200,2024-02-17T12:00:00+00:00,0.5539,0.5549,0.5395,0.5464,16044517.693909999
1708185600,2024-02-17T16:00:00+00:00,0.5463,0.5511,0.5447,0.5495,4514007.063045001
1708200000,2024-02-17T20:00:00+00:00,0.5493,0.5533,0.5489,0.5498,3855364.630222
1708214400,2024-02-18T00:00:00+00:00,0.5498,0.5532,0.5472,0.5505,6202692.146819
1708228800,2024-02-18T04:00:00+00:00,0.5506,0.5594,0.5504,0.5552,3989862.3806240004
1708243200,2024-02-18T08:00:00+00:00,0.5552,0.559,0.5532,0.5588,2998600.09037
1708257600,2024-02-18T12:00:00+00:00,0.5589,0.56,0.5535,0.5596,3534325.768173
1708272000,2024-02-18T16:00:00+00:00,0.5596,0.5627,0.5572,0.5584,6288741.513168
1708286400,2024-02-18T20:00:00+00:00,0.5583,0.5622,0.555,0.5574,4300941.006461999
1708300800,2024-02-19T00:00:00+00:00,0.5572,0.5629,0.557,0.5596,7055008.130037
1708315200,2024-02-19T04:00:00+00:00,0.5596,0.5643,0.5562,0.5638,6698547.513857
1708329600,2024-02-19T08:00:00+00:00,0.5637,0.5641,0.5562,0.5591,5541362.382038
1708344000,2024-02-19T12:00:00+00:00,0.5592,0.5612,0.5553,0.5583,6237151.525386
1708358400,2024-02-19T16:00:00+00:00,0.5583,0.564,0.5536,0.5624,10133369.247964
1708372800,2024-02-19T20:00:00+00:00,0.5623,0.5681,0.5606,0.5629,9250553.470351
1708387200,2024-02-20T00:00:00+00:00,0.5628,0.5732,0.555,0.5674,12808868.598396
1708401600,2024-02-20T04:00:00+00:00,0.5677,0.574,0.5646,0.5672,12518283.705239002
1708416000,2024-02-20T08:00:00+00:00,0.5673,0.5719,0.5576,0.5707,13230397.447115999
1708430400,2024-02-20T12:00:00+00:00,0.5708,0.5752,0.5452,0.5547,20544656.356182
1708444800,2024-02-20T16:00:00+00:00,0.5549,0.5608,0.5451,0.5605,16752087.728983998
1708459200,2024-02-20T20:00:00+00:00,0.5604,0.5674,0.5591,0.5624,7340315.360522999
1708473600,2024-02-21T00:00:00+00:00,0.5624,0.5631,0.5562,0.5592,6819564.534953
1708488000,2024-02-21T04:00:00+00:00,0.5592,0.5595,0.5452,0.547,7032821.395382
1708502400,2024-02-21T08:00:00+00:00,0.5471,0.5508,0.5329,0.539,12511969.154849
1708516800,2024-02-21T12:00:00+00:00,0.539,0.545,0.5342,0.5399,13509827.266598001
1708531200,2024-02-21T16:00:00+00:00,0.5399,0.5436,0.5351,0.5424,9234459.648112
1708545600,2024-02-21T20:00:00+00:00,0.5423,0.5495,0.5408,0.5492,5677440.022974
1708560000,2024-02-22T00:00:00+00:00,0.5491,0.5491,0.5386,0.5429,7751562.012138
1708574400,2024-02-22T04:00:00+00:00,0.5429,0.5475,0.54,0.5457,5896573.944774
1708588800,2024-02-22T08:00:00+00:00,0.5457,0.5503,0.5443,0.5451,6512244.101195999
1708603200,2024-02-22T12:00:00+00:00,0.5452,0.5463,0.5362,0.5438,9229935.460598
1708617600,2024-02-22T16:00:00+00:00,0.5439,0.5504,0.54,0.5479,9361039.673818
1708632000,2024-02-22T20:00:00+00:00,0.5478,0.5516,0.54,0.5408,10605322.944480002
1708646400,2024-02-23T00:00:00+00:00,0.5409,0.5434,0.5362,0.5376,6646081.6457279995
1708660800,2024-02-23T04:00:00+00:00,0.5378,0.5409,0.5355,0.5369,5819580.56852
1708675200,2024-02-23T08:00:00+00:00,0.5369,0.5383,0.5294,0.5363,6451265.402783999
1708689600,2024-02-23T12:00:00+00:00,0.5365,0.5375,0.531,0.5318,8417912.359403
1708704000,2024-02-23T16:00:00+00:00,0.532,0.5388,0.5253,0.5388,11335090.001736
1708718400,2024-02-23T20:00:00+00:00,0.5388,0.541,0.5304,0.5341,6218821.315982
1708732800,2024-02-24T00:00:00+00:00,0.534,0.537,0.5313,0.5364,3696259.816919
1708747200,2024-02-24T04:00:00+00:00,0.5364,0.5435,0.5359,0.5425,5980523.319909
1708761600,2024-02-24T08:00:00+00:00,0.5425,0.5467,0.54,0.5458,3991017.5143540003
1708776000,2024-02-24T12:00:00+00:00,0.5459,0.5462,0.5427,0.5431,3354426.4051329996
1708790400,2024-02-24T16:00:00+00:00,0.543,0.5479,0.5428,0.546,4329714.471009
1708804800,2024-02-24T20:00:00+00:00,0.5461,0.5468,0.5434,0.545,4026271.5109440004
1708819200,2024-02-25T00:00:00+00:00,0.5449,0.5482,0.5415,0.5453,4711989.43406
1708833600,2024-02-25T04:00:00+00:00,0.5455,0.5468,0.5439,0.5465,2188696.265401
1708848000,2024-02-25T08:00:00+00:00,0.5465,0.5488,0.5441,0.5442,2894335.533621
1708862400,2024-02-25T12:00:00+00:00,0.5443,0.5463,0.542,0.5437,2374972.4158099997
1708876800,2024-02-25T16:00:00+00:00,0.5438,0.5461,0.5419,0.5454,4017649.147492
1708891200,2024-02-25T20:00:00+00:00,0.5455,0.547,0.542,0.5426,5066918.678986
1708905600,2024-02-26T00:00:00+00:00,0.5427,0.5429,0.5378,0.5409,5510661.583253
1708920000,2024-02-26T04:00:00+00:00,0.5408,0.5409,0.5361,0.5371,4811382.610968
1708934400,2024-02-26T08:00:00+00:00,0.537,0.5394,0.5302,0.5303,4910772.917931
1708948800,2024-02-26T12:00:00+00:00,0.5304,0.5428,0.5287,0.5416,9127958.280271
1708963200,2024-02-26T16:00:00+00:00,0.5416,0.5531,0.5411,0.5504,17273598.310385
1708977600,2024-02-26T20:00:00+00:00,0.5504,0.5532,0.5482,0.551,9507033.22335
1708992000,2024-02-27T00:00:00+00:00,0.551,0.5609,0.548,0.5532,15683173.050673
1709006400,2024-02-27T04:00:00+00:00,0.5533,0.5574,0.55,0.5523,9651944.573093
1709020800,2024-02-27T08:00:00+00:00,0.5522,0.565,0.552,0.5598,12633639.742864002
1709035200,2024-02-27T12:00:00+00:00,0.5598,0.5701,0.5547,0.5616,19299034.467974
1709049600,2024-02-27T16:00:00+00:00,0.5612,0.5975,0.5576,0.5941,43940780.485718995
1709064000,2024-02-27T20:00:00+00:00,0.5939,0.594,0.5779,0.5865,18914620.8606
1709078400,2024-02-28T00:00:00+00:00,0.5865,0.5906,0.5777,0.5786,16559097.455164999
1709092800,2024-02-28T04:00:00+00:00,0.5786,0.5841,0.5756,0.5836,14831627.063901
1709107200,2024-02-28T08:00:00+00:00,0.5836,0.5926,0.5762,0.5807,16066262.337161
1709121600,2024-02-28T12:00:00+00:00,0.5808,0.5907,0.5798,0.5877,18183842.801243
1709136000,2024-02-28T16:00:00+00:00,0.5877,0.6069,0.528,0.5655,61145232.439043
1709150400,2024-02-28T20:00:00+00:00,0.5653,0.5776,0.5601,0.5758,16881500.259409
1709164800,2024-02-29T00:00:00+00:00,0.5757,0.588,0.568,0.5871,22934802.173285
1709179200,2024-02-29T04:00:00+00:00,0.5871,0.608,0.5816,0.5939,33328033.792633
1709193600,2024-02-29T08:00:00+00:00,0.5938,0.6016,0.5884,0.5965,19697079.44147
1709208000,2024-02-29T12:00:00+00:00,0.5966,0.6095,0.5904,0.6065,25386741.802642
1709222400,2024-02-29T16:00:00+00:00,0.6066,0.6262,0.5917,0.6098,44382944.927139
1709236800,2024-02-29T20:00:00+00:00,0.6097,0.6119,0.5773,0.5872,22840389.523752
1709251200,2024-03-01T00:00:00+00:00,0.5873,0.5956,0.5865,0.5917,15683676.455263002
1709265600,2024-03-01T04:00:00+00:00,0.5918,0.5967,0.5831,0.585,10571695.642882
1709280000,2024-03-01T08:00:00+00:00,0.5851,0.5957,0.5833,0.5893,8902043.622654
1709294400,2024-03-01T12:00:00+00:00,0.5893,0.599,0.5852,0.588,16951322.509108998
1709308800,2024-03-01T16:00:00+00:00,0.5879,0.5972,0.5866,0.596,12904475.214658
1709323200,2024-03-01T20:00:00+00:00,0.5961,0.604,0.5934,0.6017,13058146.925060999
1709337600,2024-03-02T00:00:00+00:00,0.6018,0.64,0.6,0.6316,46367338.019862
1709352000,2024-03-02T04:00:00+00:00,0.6317,0.6346,0.6204,0.6316,18346827.01342
1709366400,2024-03-02T08:00:00+00:00,0.6313,0.644,0.6208,0.6437,22111209.929448
1709380800,2024-03-02T12:00:00+00:00,0.6438,0.6518,0.6287,0.6301,19931791.094311
1709395200,2024-03-02T16:00:00+00:00,0.6303,0.6397,0.6261,0.6342,11683892.784007
1709409600,2024-03-02T20:00:00+00:00,0.6343,0.6458,0.6281,0.6448,7975232.282779001
1709424000,2024-03-03T00:00:00+00:00,0.6447,0.645,0.6285,0.636,17782574.764588
1709438400,2024-03-03T04:00:00+00:00,0.6361,0.6402,0.5867,0.611,22629035.706864998
1709452800,2024-03-03T08:00:00+00:00,0.6109,0.625,0.6069,0.6243,15228833.83551
1709467200,2024-03-03T12:00:00+00:00,0.6243,0.6301,0.6179,0.6233,9557338.198687
1709481600,2024-03-03T16:00:00+00:00,0.6233,0.6298,0.6204,0.627,9356151.778908
1709496000,2024-03-03T20:00:00+00:00,0.6269,0.633,0.6246,0.627,9820175.344437
1709510400,2024-03-04T00:00:00+00:00,0.627,0.6396,0.6167,0.6351,23933747.394543
1709524800,2024-03-04T04:00:00+00:00,0.6351,0.6442,0.6233,0.6371,15001126.307934001
1709539200,2024-03-04T08:00:00+00:00,0.6373,0.6659,0.6334,0.6602,29197115.462215
1709553600,2024-03-04T12:00:00+00:00,0.6603,0.6657,0.6444,0.6625,22652980.703787997
1709568000,2024-03-04T16:00:00+00:00,0.6625,0.6634,0.6348,0.6561,34438007.921294995
1709582400,2024-03-04T20:00:00+00:00,0.6559,0.6561,0.6467,0.6488,15511202.629741
1709596800,2024-03-05T00:00:00+00:00,0.6486,0.6699,0.6446,0.6539,33452256.424285006
1709611200,2024-03-05T04:00:00+00:00,0.6538,0.6573,0.6183,0.6407,34747417.888275996
1709625600,2024-03-05T08:00:00+00:00,0.6408,0.6534,0.632,0.6501,14518934.820099
1709640000,2024-03-05T12:00:00+00:00,0.65,0.6554,0.6329,0.6391,33973065.691705
1709654400,2024-03-05T16:00:00+00:00,0.6392,0.6424,0.5364,0.5689,83993676.237763
1709668800,2024-03-05T20:00:00+00:00,0.5688,0.5963,0.56,0.5921,46800418.945133
1709683200,2024-03-06T00:00:00+00:00,0.5922,0.6006,0.576,0.5842,33855672.066122
1709697600,2024-03-06T04:00:00+00:00,0.5842,0.6177,0.5838,0.615,20722642.440771
1709712000,2024-03-06T08:00:00+00:00,0.6152,0.6242,0.6079,0.6147,16381517.371144
1709726400,2024-03-06T12:00:00+00:00,0.6143,0.6154,0.5873,0.5992,41465514.185249
1709740800,2024-03-06T16:00:00+00:00,0.5993,0.615,0.5982,0.6125,16715390.437025
1709755200,2024-03-06T20:00:00+00:00,0.6125,0.6168,0.6092,0.612,14751624.156509
1709769600,2024-03-07T00:00:00+00:00,0.6125,0.6281,0.6066,0.6279,22077888.179117
1709784000,2024-03-07T04:00:00+00:00,0.6273,0.6306,0.6135,0.6254,23167350.218945
1709798400,2024-03-07T08:00:00+00:00,0.6255,0.6286,0.6179,0.6224,14152139.244022
1709812800,2024-03-07T12:00:00+00:00,0.6222,0.6292,0.6152,0.6259,23816464.408569
1709827200,2024-03-07T16:00:00+00:00,0.626,0.6356,0.6205,0.6334,17914994.970370002
1709841600,2024-03-07T20:00:00+00:00,0.6334,0.6403,0.628,0.6282,15407475.72137
1709856000,2024-03-08T00:00:00+00:00,0.6282,0.6348,0.6261,0.6289,10824341.129236002
1709870400,2024-03-08T04:00:00+00:00,0.6291,0.6304,0.6202,0.6223,9899217.809608
1709884800,2024-03-08T08:00:00+00:00,0.6223,0.6315,0.6192,0.6291,7673227.152647
1709899200,2024-03-08T12:00:00+00:00,0.6292,0.6323,0.6014,0.615,25945217.060489
1709913600,2024-03-08T16:00:00+00:00,0.6151,0.6261,0.6029,0.6211,26540513.097142998
1709928000,2024-03-08T20:00:00+00:00,0.6213,0.625,0.6189,0.6211,11044381.876429
1709942400,2024-03-09T00:00:00+00:00,0.6213,0.6314,0.6195,0.6272,9520561.406089
1709956800,2024-03-09T04:00:00+00:00,0.6272,0.6339,0.6264,0.6301,8736392.832069
1709971200,2024-03-09T08:00:00+00:00,0.6301,0.6312,0.6174,0.6242,11573696.903242001
1709985600,2024-03-09T12:00:00+00:00,0.6241,0.6269,0.6192,0.6232,9776706.117675
1710000000,2024-03-09T16:00:00+00:00,0.6231,0.6252,0.6177,0.621,10559251.501194
1710014400,2024-03-09T20:00:00+00:00,0.6211,0.6248,0.6201,0.6211,5497293.611965
1710028800,2024-03-10T00:00:00+00:00,0.6212,0.626,0.6205,0.6235,9268147.525196001
1710043200,2024-03-10T04:00:00+00:00,0.6236,0.6285,0.6227,0.6272,4969260.303505
1710057600,2024-03-10T08:00:00+00:00,0.6273,0.6289,0.6183,0.6202,7384415.318431
1710072000,2024-03-10T12:00:00+00:00,0.6202,0.6218,0.6031,0.6115,13340462.356950998
1710086400,2024-03-10T16:00:00+00:00,0.6115,0.6162,0.6107,0.6132,8399896.951308
1710100800,2024-03-10T20:00:00+00:00,0.6131,0.6153,0.5975,0.6086,10036950.751044
1710115200,2024-03-11T00:00:00+00:00,0.6088,0.61,0.5832,0.6088,18545689.515539
1710129600,2024-03-11T04:00:00+00:00,0.6088,0.6243,0.6035,0.6196,10155591.716423
1710144000,2024-03-11T08:00:00+00:00,0.6198,0.6301,0.6196,0.6233,13255872.360551002
1710158400,2024-03-11T12:00:00+00:00,0.6233,0.6969,0.6157,0.6938,42447129.672257
1710172800,2024-03-11T16:00:00+00:00,0.6939,0.785,0.6781,0.7314,132413941.23991899
1710187200,2024-03-11T20:00:00+00:00,0.7313,0.7375,0.71,0.7229,38367670.297345
1710201600,2024-03-12T00:00:00+00:00,0.7229,0.7332,0.6873,0.6893,34763226.08814201
1710216000,2024-03-12T04:00:00+00:00,0.6894,0.7101,0.6854,0.7034,25099570.384102
1710230400,2024-03-12T08:00:00+00:00,0.7032,0.7054,0.6789,0.7014,22920965.264863998
1710244800,2024-03-12T12:00:00+00:00,0.7013,0.7135,0.6874,0.7027,28891378.35396
1710259200,2024-03-12T16:00:00+00:00,0.7026,0.7035,0.6586,0.6914,44883053.49536
1710273600,2024-03-12T20:00:00+00:00,0.6914,0.6915,0.6828,0.6882,10532725.47296
1710288000,2024-03-13T00:00:00+00:00,0.6882,0.7,0.6813,0.699,17784565.323833
1710302400,2024-03-13T04:00:00+00:00,0.699,0.7029,0.694,0.6963,12715198.609828
1710316800,2024-03-13T08:00:00+00:00,0.6962,0.6992,0.686,0.6892,12961625.692727
1710331200,2024-03-13T12:00:00+00:00,0.6889,0.6911,0.6692,0.6778,15791788.286747001
1710345600,2024-03-13T16:00:00+00:00,0.6778,0.69,0.6744,0.6854,13330617.05467
1710360000,2024-03-13T20:00:00+00:00,0.6855,0.6925,0.6806,0.6897,11206190.899983
1710374400,2024-03-14T00:00:00+00:00,0.6896,0.6901,0.6809,0.6853,11934618.814012999
1710388800,2024-03-14T04:00:00+00:00,0.6853,0.6858,0.673,0.6808,11495697.856886
1710403200,2024-03-14T08:00:00+00:00,0.6808,0.708,0.6778,0.686,16159149.365869
1710417600,2024-03-14T12:00:00+00:00,0.6859,0.6905,0.6601,0.6689,33011975.739842
1710432000,2024-03-14T16:00:00+00:00,0.6687,0.6774,0.6379,0.6507,35203146.451042
1710446400,2024-03-14T20:00:00+00:00,0.6509,0.673,0.65,0.6689,12928095.926389
1710460800,2024-03-15T00:00:00+00:00,0.6688,0.6754,0.6104,0.6363,35875494.91577
1710475200,2024-03-15T04:00:00+00:00,0.6367,0.6401,0.6227,0.6353,20841307.295626
1710489600,2024-03-15T08:00:00+00:00,0.6354,0.6366,0.5951,0.6216,32767513.103594996
1710504000,2024-03-15T12:00:00+00:00,0.6215,0.6318,0.6178,0.6273,14421781.847838
1710518400,2024-03-15T16:00:00+00:00,0.6272,0.6446,0.6181,0.6309,19816457.360067
1710532800,2024-03-15T20:00:00+00:00,0.6308,0.639,0.6194,0.6345,12897983.714698
1710547200,2024-03-16T00:00:00+00:00,0.6344,0.6475,0.6334,0.641,10997305.149461
1710561600,2024-03-16T04:00:00+00:00,0.6411,0.6426,0.6303,0.6401,5872927.113798999
1710576000,2024-03-16T08:00:00+00:00,0.64,0.6425,0.6244,0.6303,8117533.48466
1710590400,2024-03-16T12:00:00+00:00,0.6305,0.6311,0.6128,0.6243,10755118.707998
1710604800,2024-03-16T16:00:00+00:00,0.6244,0.6253,0.597,0.607,16533907.369681
1710619200,2024-03-16T20:00:00+00:00,0.6069,0.6144,0.5926,0.6025,13690904.495184
1710633600,2024-03-17T00:00:00+00:00,0.6026,0.6156,0.5995,0.6149,11356297.653703
1710648000,2024-03-17T04:00:00+00:00,0.6149,0.615,0.5865,0.5999,10295452.500806
1710662400,2024-03-17T08:00:00+00:00,0.5997,0.6195,0.5967,0.6139,8332450.546559
1710676800,2024-03-17T12:00:00+00:00,0.6137,0.6215,0.6053,0.6198,8527079.614665
1710691200,2024-03-17T16:00:00+00:00,0.6197,0.6237,0.6172,0.6217,10490845.482573
1710705600,2024-03-17T20:00:00+00:00,0.6218,0.6247,0.616,0.6188,7474190.741772
1710720000,2024-03-18T00:00:00+00:00,0.6187,0.6245,0.6019,0.6201,11694917.452892
1710734400,2024-03-18T04:00:00+00:00,0.6202,0.6278,0.6158,0.6211,7203916.553329
1710748800,2024-03-18T08:00:00+00:00,0.621,0.621,0.6072,0.6112,10491589.959192
1710763200,2024-03-18T12:00:00+00:00,0.6113,0.6131,0.5971,0.6064,13865071.544213999
1710777600,2024-03-18T16:00:00+00:00,0.6061,0.6105,0.5944,0.6036,10951834.977283001
1710792000,2024-03-18T20:00:00+00:00,0.6038,0.6699,0.6035,0.6454,42611953.307347
1710806400,2024-03-19T00:00:00+00:00,0.6452,0.649,0.6045,0.615,37777558.927644
1710820800,2024-03-19T04:00:00+00:00,0.6148,0.6165,0.5777,0.5991,25842930.658791
1710835200,2024-03-19T08:00:00+00:00,0.599,0.5995,0.5713,0.59,30771683.641416
1710849600,2024-03-19T12:00:00+00:00,0.5901,0.6067,0.5883,0.6054,20130286.666657
1710864000,2024-03-19T16:00:00+00:00,0.6057,0.6108,0.6014,0.607,14824909.014734
1710878400,2024-03-19T20:00:00+00:00,0.607,0.608,0.575,0.5844,22482179.594763
1710892800,2024-03-20T00:00:00+00:00,0.5844,0.5945,0.5791,0.583,16121244.135931998
1710907200,2024-03-20T04:00:00+00:00,0.5833,0.5961,0.5686,0.5948,17721837.075657997
1710921600,2024-03-20T08:00:00+00:00,0.5943,0.5995,0.5904,0.596,10871142.183955
1710936000,2024-03-20T12:00:00+00:00,0.5958,0.6004,0.5848,0.5864,13883109.669301
1710950400,2024-03-20T16:00:00+00:00,0.5864,0.6087,0.5683,0.6066,26958902.533923004
1710964800,2024-03-20T20:00:00+00:00,0.6066,0.6188,0.6046,0.6108,19981792.606744
1710979200,2024-03-21T00:00:00+00:00,0.6109,0.6139,0.6049,0.6072,11750179.692506999
1710993600,2024-03-21T04:00:00+00:00,0.6075,0.6094,0.5974,0.6047,8596495.418644
1711008000,2024-03-21T08:00:00+00:00,0.6047,0.6244,0.6044,0.6179,14376353.420923
1711022400,2024-03-21T12:00:00+00:00,0.618,0.655,0.6135,0.636,27190006.5251
1711036800,2024-03-21T16:00:00+00:00,0.636,0.6466,0.6273,0.6359,24834893.501989
1711051200,2024-03-21T20:00:00+00:00,0.6359,0.6436,0.6287,0.6403,14662854.628733
1711065600,2024-03-22T00:00:00+00:00,0.6403,0.6453,0.623,0.6362,12647524.505657999
1711080000,2024-03-22T04:00:00+00:00,0.6359,0.6384,0.6292,0.6349,9356729.684342
1711094400,2024-03-22T08:00:00+00:00,0.635,0.6378,0.6141,0.6161,14587331.476683
1711108800,2024-03-22T12:00:00+00:00,0.616,0.6223,0.5986,0.6107,20689052.693556998
1711123200,2024-03-22T16:00:00+00:00,0.6107,0.6146,0.6039,0.6126,9418186.294868
1711137600,2024-03-22T20:00:00+00:00,0.6127,0.6149,0.6044,0.6117,11592414.071675
1711152000,2024-03-23T00:00:00+00:00,0.6115,0.6172,0.6034,0.6088,7034466.028086
1711166400,2024-03-23T04:00:00+00:00,0.6086,0.6184,0.6083,0.6161,3857145.396292
1711180800,2024-03-23T08:00:00+00:00,0.6159,0.6214,0.615,0.6192,2608773.196968
1711195200,2024-03-23T12:00:00+00:00,0.6191,0.6331,0.6187,0.6279,8681159.114409
1711209600,2024-03-23T16:00:00+00:00,0.6279,0.6316,0.6243,0.6246,7636820.550959
1711224000,2024-03-23T20:00:00+00:00,0.6247,0.6256,0.6157,0.6167,4851630.046494
1711238400,2024-03-24T00:00:00+00:00,0.6168,0.6219,0.6141,0.6156,4347493.146275999
1711252800,2024-03-24T04:00:00+00:00,0.6154,0.6339,0.6136,0.6269,9171793.073962
1711267200,2024-03-24T08:00:00+00:00,0.6268,0.6339,0.6256,0.6308,4788384.528538
1711281600,2024-03-24T12:00:00+00:00,0.6306,0.634,0.6269,0.6316,8128779.601939
1711296000,2024-03-24T16:00:00+00:00,0.6315,0.6324,0.6236,0.6297,7618865.451072
1711310400,2024-03-24T20:00:00+00:00,0.6298,0.6357,0.6282,0.6325,8607713.710498
1711324800,2024-03-25T00:00:00+00:00,0.6326,0.634,0.6285,0.6312,7743086.822182
1711339200,2024-03-25T04:00:00+00:00,0.6313,0.6373,0.628,0.6292,8657460.275089
1711353600,2024-03-25T08:00:00+00:00,0.6292,0.6346,0.6267,0.6272,8267938.823047999
1711368000,2024-03-25T12:00:00+00:00,0.6272,0.6461,0.6271,0.6424,15528072.951217
1711382400,2024-03-25T16:00:00+00:00,0.6422,0.663,0.6363,0.6557,27912739.376668997
1711396800,2024-03-25T20:00:00+00:00,0.6557,0.6585,0.6381,0.6406,13716219.80519
1711411200,2024-03-26T00:00:00+00:00,0.6405,0.6476,0.6395,0.6439,8446218.03171
1711425600,2024-03-26T04:00:00+00:00,0.6439,0.6531,0.6432,0.6471,8136712.040369
1711440000,2024-03-26T08:00:00+00:00,0.6469,0.6503,0.643,0.6445,8458123.109069
1711454400,2024-03-26T12:00:00+00:00,0.6444,0.6453,0.6263,0.6344,15150070.29539
1711468800,2024-03-26T16:00:00+00:00,0.6344,0.6359,0.6254,0.6297,10293382.668610001
1711483200,2024-03-26T20:00:00+00:00,0.6295,0.6343,0.629,0.6318,7835622.010066
1711497600,2024-03-27T00:00:00+00:00,0.6317,0.6348,0.6286,0.6319,9701434.573433999
1711512000,2024-03-27T04:00:00+00:00,0.6319,0.6325,0.6184,0.6204,11173619.734363
1711526400,2024-03-27T08:00:00+00:00,0.6204,0.6232,0.6115,0.6221,12305447.948785
1711540800,2024-03-27T12:00:00+00:00,0.6222,0.6298,0.6057,0.6107,20938665.844225
1711555200,2024-03-27T16:00:00+00:00,0.6107,0.618,0.6069,0.6137,12352444.802194
1711569600,2024-03-27T20:00:00+00:00,0.6138,0.6156,0.6088,0.6116,6092873.590095
1711584000,2024-03-28T00:00:00+00:00,0.6115,0.6159,0.6029,0.6091,10830449.386907
1711598400,2024-03-28T04:00:00+00:00,0.6089,0.624,0.6087,0.622,9333247.157006
1711612800,2024-03-28T08:00:00+00:00,0.622,0.6245,0.6183,0.6211,10908192.805213999
1711627200,2024-03-28T12:00:00+00:00,0.6211,0.6249,0.6167,0.6223,12217070.371594999
1711641600,2024-03-28T16:00:00+00:00,0.6225,0.6379,0.6194,0.6272,24410381.206517998
1711656000,2024-03-28T20:00:00+00:00,0.6273,0.6301,0.6235,0.6246,9073314.346103
1711670400,2024-03-29T00:00:00+00:00,0.6244,0.6255,0.6195,0.6212,8814389.437595
1711684800,2024-03-29T04:00:00+00:00,0.6211,0.6234,0.6088,0.6106,11155772.937487999
1711699200,2024-03-29T08:00:00+00:00,0.6104,0.632,0.6103,0.6293,10649491.828460999
1711713600,2024-03-29T12:00:00+00:00,0.6294,0.6453,0.6205,0.6246,20959324.088239998
1711728000,2024-03-29T16:00:00+00:00,0.6249,0.6362,0.6237,0.6264,17399645.294368
1711742400,2024-03-29T20:00:00+00:00,0.6264,0.6325,0.6213,0.6305,7003858.722401001
1711756800,2024-03-30T00:00:00+00:00,0.6303,0.6321,0.6241,0.6258,5800803.470683999
1711771200,2024-03-30T04:00:00+00:00,0.626,0.6283,0.6226,0.6227,4029997.62911
1711785600,2024-03-30T08:00:00+00:00,0.6227,0.6281,0.621,0.6276,3250628.520089
1711800000,2024-03-30T12:00:00+00:00,0.6275,0.6373,0.6256,0.6292,10366596.967854999
1711814400,2024-03-30T16:00:00+00:00,0.6292,0.6336,0.6236,0.6268,8684949.078707
1711828800,2024-03-30T20:00:00+00:00,0.627,0.6277,0.618,0.6216,10764170.767698
1711843200,2024-03-31T00:00:00+00:00,0.6215,0.6261,0.6207,0.6224,4908335.6840780005
1711857600,2024-03-31T04:00:00+00:00,0.6225,0.6282,0.6214,0.6274,3716123.8285999997
1711872000,2024-03-31T08:00:00+00:00,0.6273,0.629,0.6245,0.6264,2621229.339524
1711886400,2024-03-31T12:00:00+00:00,0.6265,0.629,0.6255,0.6267,4681548.657648001
1711900800,2024-03-31T16:00:00+00:00,0.6266,0.6301,0.6247,0.6287,5114937.486158
1711915200,2024-03-31T20:00:00+00:00,0.6286,0.6298,0.6251,0.6291,6719392.994829999
1711929600,2024-04-01T00:00:00+00:00,0.6292,0.6337,0.627,0.6274,8034213.620591001
1711944000,2024-04-01T04:00:00+00:00,0.6274,0.6292,0.6005,0.6153,18177441.77404
1711958400,2024-04-01T08:00:00+00:00,0.6154,0.6155,0.6074,0.6098,7212938.829694001
1711972800,2024-04-01T12:00:00+00:00,0.6096,0.6147,0.5945,0.5997,14388792.955169
1711987200,2024-04-01T16:00:00+00:00,0.5997,0.6122,0.5983,0.6114,12732318.834908001
1712001600,2024-04-01T20:00:00+00:00,0.6116,0.6146,0.6105,0.6111,5526202.4475650005
1712016000,2024-04-02T00:00:00+00:00,0.6112,0.6186,0.5844,0.596,28767221.104418002
1712030400,2024-04-02T04:00:00+00:00,0.5959,0.6034,0.5938,0.6001,10806523.507046
1712044800,2024-04-02T08:00:00+00:00,0.5999,0.6022,0.58,0.5886,22488875.034528
1712059200,2024-04-02T12:00:00+00:00,0.5885,0.5938,0.5791,0.5817,20236285.775546998
1712073600,2024-04-02T16:00:00+00:00,0.5818,0.5937,0.5798,0.5911,14546216.235888
1712088000,2024-04-02T20:00:00+00:00,0.5911,0.5947,0.5845,0.5856,11455524.857326
1712102400,2024-04-03T00:00:00+00:00,0.5856,0.5881,0.5672,0.5854,17652693.453127
1712116800,2024-04-03T04:00:00+00:00,0.5853,0.5914,0.5834,0.5886,7797097.604161
1712131200,2024-04-03T08:00:00+00:00,0.5884,0.5933,0.5807,0.5832,10063597.761237
1712145600,2024-04-03T12:00:00+00:00,0.5832,0.586,0.576,0.5802,15317439.271930002
1712160000,2024-04-03T16:00:00+00:00,0.5801,0.5847,0.5727,0.5758,11796356.274379
1712174400,2024-04-03T20:00:00+00:00,0.5759,0.5769,0.5662,0.5744,13964693.985039
1712188800,2024-04-04T00:00:00+00:00,0.5744,0.5787,0.5654,0.5688,10280819.160039
1712203200,2024-04-04T04:00:00+00:00,0.5688,0.5766,0.5623,0.5732,10802906.220143
1712217600,2024-04-04T08:00:00+00:00,0.5732,0.5794,0.5726,0.5751,9275125.861999
1712232000,2024-04-04T12:00:00+00:00,0.5751,0.62,0.5749,0.5941,45150534.091557
1712246400,2024-04-04T16:00:00+00:00,0.5943,0.6054,0.594,0.5965,14962244.581432002
1712260800,2024-04-04T20:00:00+00:00,0.5965,0.5968,0.5852,0.5937,12469587.881719
1712275200,2024-04-05T00:00:00+00:00,0.5937,0.5943,0.5793,0.5881,9353801.21505
1712289600,2024-04-05T04:00:00+00:00,0.5881,0.5882,0.5763,0.5817,12688847.969183
1712304000,2024-04-05T08:00:00+00:00,0.5817,0.5877,0.5719,0.5723,9917236.757612001
1712318400,2024-04-05T12:00:00+00:00,0.5724,0.5838,0.5689,0.5835,11625641.203413
1712332800,2024-04-05T16:00:00+00:00,0.5833,0.5912,0.5807,0.5888,10069176.20298
1712347200,2024-04-05T20:00:00+00:00,0.5888,0.5915,0.5866,0.5872,7004084.510464
1712361600,2024-04-06T00:00:00+00:00,0.5873,0.5913,0.5856,0.5894,4828946.140402
1712376000,2024-04-06T04:00:00+00:00,0.5895,0.5924,0.5891,0.5902,3502127.7589680003
1712390400,2024-04-06T08:00:00+00:00,0.5902,0.5923,0.5877,0.5882,3008000.136643
1712404800,2024-04-06T12:00:00+00:00,0.5882,0.5971,0.5869,0.5944,5795282.055746
1712419200,2024-04-06T16:00:00+00:00,0.5943,0.595,0.5888,0.5908,6345549.2725329995
1712433600,2024-04-06T20:00:00+00:00,0.5909,0.599,0.5891,0.5931,6516428.549644
1712448000,2024-04-07T00:00:00+00:00,0.5931,0.5982,0.5925,0.5951,6146454.399596
1712462400,2024-04-07T04:00:00+00:00,0.5953,0.5969,0.5943,0.5958,3158668.711137
1712476800,2024-04-07T08:00:00+00:00,0.5959,0.599,0.5951,0.5974,4200042.928618999
1712491200,2024-04-07T12:00:00+00:00,0.5973,0.6031,0.5949,0.5965,8095850.552444
1712505600,2024-04-07T16:00:00+00:00,0.5966,0.6008,0.5896,0.591,7961125.315892
1712520000,2024-04-07T20:00:00+00:00,0.591,0.5953,0.5895,0.5945,5771926.571031
1712534400,2024-04-08T00:00:00+00:00,0.5945,0.5947,0.5883,0.5919,4920166.144876
1712548800,2024-04-08T04:00:00+00:00,0.5922,0.605,0.5897,0.6018,9101981.234099
1712563200,2024-04-08T08:00:00+00:00,0.6019,0.6119,0.6009,0.6073,13047151.350422
1712577600,2024-04-08T12:00:00+00:00,0.6074,0.6188,0.6028,0.6154,18190298.427675
1712592000,2024-04-08T16:00:00+00:00,0.6153,0.6265,0.6145,0.6247,17553591.417553
1712606400,2024-04-08T20:00:00+00:00,0.6248,0.6258,0.6146,0.6147,7998993.345577
1712620800,2024-04-09T00:00:00+00:00,0.6147,0.6169,0.6118,0.6134,7492106.159673
1712635200,2024-04-09T04:00:00+00:00,0.6135,0.6209,0.6073,0.6085,11520123.78726
1712649600,2024-04-09T08:00:00+00:00,0.6085,0.6266,0.6015,0.6243,9950830.339786
1712664000,2024-04-09T12:00:00+00:00,0.6244,0.6429,0.6114,0.622,37333981.312579006
1712678400,2024-04-09T16:00:00+00:00,0.6219,0.625,0.6108,0.6241,10756170.374118
1712692800,2024-04-09T20:00:00+00:00,0.6238,0.6274,0.6105,0.6137,9148602.410091002
1712707200,2024-04-10T00:00:00+00:00,0.6138,0.615,0.6009,0.6069,12010540.107771998
1712721600,2024-04-10T04:00:00+00:00,0.607,0.6163,0.6058,0.6145,10462994.497166999
1712736000,2024-04-10T08:00:00+00:00,0.6146,0.6161,0.605,0.6124,11217292.569783999
1712750400,2024-04-10T12:00:00+00:00,0.6126,0.6138,0.592,0.6073,18454321.775013003
1712764800,2024-04-10T16:00:00+00:00,0.6073,0.6201,0.604,0.6189,11594821.259228
1712779200,2024-04-10T20:00:00+00:00,0.6189,0.6204,0.6128,0.6171,7775878.983036
1712793600,2024-04-11T00:00:00+00:00,0.6172,0.6212,0.6149,0.62,9373360.361010998
1712808000,2024-04-11T04:00:00+00:00,0.62,0.6212,0.6143,0.6189,6820038.066675
1712822400,2024-04-11T08:00:00+00:00,0.619,0.6214,0.6077,0.6092,9574013.920347
1712836800,2024-04-11T12:00:00+00:00,0.6093,0.6156,0.6054,0.6083,9870759.286516
1712851200,2024-04-11T16:00:00+00:00,0.6082,0.6126,0.603,0.6124,10779464.049837999
1712865600,2024-04-11T20:00:00+00:00,0.6124,0.6142,0.6067,0.6087,7170503.457301
1712880000,2024-04-12T00:00:00+00:00,0.6087,0.6122,0.6064,0.612,6693963.214492999
1712894400,2024-04-12T04:00:00+00:00,0.612,0.6158,0.609,0.6103,7430780.3522459995
1712908800,2024-04-12T08:00:00+00:00,0.61,0.6125,0.6062,0.608,6254232.436144999
1712923200,2024-04-12T12:00:00+00:00,0.608,0.6081,0.5906,0.5932,14860155.781856
1712937600,2024-04-12T16:00:00+00:00,0.5929,0.5966,0.5001,0.5386,82609393.075232
1712952000,2024-04-12T20:00:00+00:00,0.5385,0.5499,0.5361,0.5474,27231218.613500997
1712966400,2024-04-13T00:00:00+00:00,0.5474,0.548,0.5289,0.5433,17654469.080994
1712980800,2024-04-13T04:00:00+00:00,0.5431,0.5492,0.5414,0.5428,8872030.794953
1712995200,2024-04-13T08:00:00+00:00,0.5428,0.5462,0.5388,0.5425,5561513.912799
1713009600,2024-04-13T12:00:00+00:00,0.5425,0.5483,0.5408,0.5432,10106324.229137
1713024000,2024-04-13T16:00:00+00:00,0.5432,0.5438,0.4776,0.4926,62968859.605724
1713038400,2024-04-13T20:00:00+00:00,0.4925,0.5294,0.4315,0.4801,100188000.709062
1713052800,2024-04-14T00:00:00+00:00,0.4801,0.4847,0.4641,0.4702,32828401.314637996
1713067200,2024-04-14T04:00:00+00:00,0.4701,0.4993,0.468,0.4959,23917851.998669
1713081600,2024-04-14T08:00:00+00:00,0.4957,0.4992,0.4802,0.483,16460403.581017
1713096000,2024-04-14T12:00:00+00:00,0.4827,0.4934,0.4794,0.4869,25035748.071864
1713110400,2024-04-14T16:00:00+00:00,0.4869,0.4961,0.4736,0.4902,33886757.815329
1713124800,2024-04-14T20:00:00+00:00,0.49,0.5076,0.4846,0.5039,20706514.298005998
1713139200,2024-04-15T00:00:00+00:00,0.504,0.5051,0.4944,0.4988,13022154.785945
1713153600,2024-04-15T04:00:00+00:00,0.4988,0.5193,0.4949,0.5141,15956383.576228
1713168000,2024-04-15T08:00:00+00:00,0.5141,0.5194,0.5114,0.512,13623183.087982
1713182400,2024-04-15T12:00:00+00:00,0.512,0.5149,0.4887,0.4975,21503593.45372
1713196800,2024-04-15T16:00:00+00:00,0.4973,0.5004,0.4814,0.4978,31694367.247071005
1713211200,2024-04-15T20:00:00+00:00,0.4978,0.5003,0.4893,0.4979,10966751.986932
1713225600,2024-04-16T00:00:00+00:00,0.4978,0.4983,0.4864,0.4892,10546121.285624
1713240000,2024-04-16T04:00:00+00:00,0.4893,0.5023,0.476,0.4988,13784911.449854001
1713254400,2024-04-16T08:00:00+00:00,0.4989,0.4994,0.4789,0.4913,16714266.994394999
1713268800,2024-04-16T12:00:00+00:00,0.4913,0.4927,0.4812,0.4882,13120183.532387998
1713283200,2024-04-16T16:00:00+00:00,0.4881,0.4976,0.4872,0.4916,12055045.420385
1713297600,2024-04-16T20:00:00+00:00,0.4917,0.4989,0.4909,0.4968,8484868.762444
1713312000,2024-04-17T00:00:00+00:00,0.4966,0.4981,0.4924,0.4978,6279640.086983
1713326400,2024-04-17T04:00:00+00:00,0.4978,0.508,0.4956,0.5043,9776614.931017
1713340800,2024-04-17T08:00:00+00:00,0.5044,0.5056,0.4875,0.4878,11394259.166155
1713355200,2024-04-17T12:00:00+00:00,0.4879,0.4938,0.4733,0.4779,18534535.402602002
1713369600,2024-04-17T16:00:00+00:00,0.4779,0.528,0.4718,0.4991,21364947.730359
1713384000,2024-04-17T20:00:00+00:00,0.4989,0.4993,0.4905,0.4952,8118353.1883499995
1713398400,2024-04-18T00:00:00+00:00,0.4952,0.4994,0.4874,0.4973,7442599.655522
1713412800,2024-04-18T04:00:00+00:00,0.4974,0.4982,0.4878,0.4902,8053943.328633
1713427200,2024-04-18T08:00:00+00:00,0.4902,0.4989,0.4856,0.4956,8644257.20827
1713441600,2024-04-18T12:00:00+00:00,0.4956,0.5065,0.4882,0.5008,15060967.412999
1713456000,2024-04-18T16:00:00+00:00,0.5008,0.5039,0.4944,0.5034,8305286.215688001
1713470400,2024-04-18T20:00:00+00:00,0.5033,0.5044,0.5004,0.503,7680779.211469
1713484800,2024-04-19T00:00:00+00:00,0.503,0.503,0.4669,0.4848,23829980.179416
1713499200,2024-04-19T04:00:00+00:00,0.4848,0.5038,0.483,0.4953,19686293.546725
1713513600,2024-04-19T08:00:00+00:00,0.4952,0.5035,0.4946,0.5018,12795053.442662
1713528000,2024-04-19T12:00:00+00:00,0.502,0.5042,0.4934,0.5036,12264091.704046
1713542400,2024-04-19T16:00:00+00:00,0.5034,0.5077,0.4975,0.5066,8846104.659777
1713556800,2024-04-19T20:00:00+00:00,0.5068,0.511,0.4962,0.5033,12199121.104073
1713571200,2024-04-20T00:00:00+00:00,0.5031,0.5152,0.4983,0.5125,10207250.521061001
1713585600,2024-04-20T04:00:00+00:00,0.5121,0.5165,0.5104,0.5141,7213080.1099539995
1713600000,2024-04-20T08:00:00+00:00,0.5143,0.526,0.5125,0.5202,14515050.216901
1713614400,2024-04-20T12:00:00+00:00,0.5201,0.5222,0.5154,0.5214,8430686.191379
1713628800,2024-04-20T16:00:00+00:00,0.5214,0.5306,0.52,0.5274,12388719.873808999
1713643200,2024-04-20T20:00:00+00:00,0.5273,0.5302,0.5258,0.5291,5397468.0947859995
1713657600,2024-04-21T00:00:00+00:00,0.5291,0.5304,0.5218,0.527,6705951.139448
1713672000,2024-04-21T04:00:00+00:00,0.5269,0.5357,0.5256,0.534,5376420.272032
1713686400,2024-04-21T08:00:00+00:00,0.534,0.5369,0.5279,0.5304,5788786.702137999
1713700800,2024-04-21T12:00:00+00:00,0.5303,0.5312,0.5233,0.5277,6579276.825433001
1713715200,2024-04-21T16:00:00+00:00,0.5277,0.5281,0.5179,0.523,6714508.576651
1713729600,2024-04-21T20:00:00+00:00,0.523,0.5295,0.5215,0.5246,5538945.875082
1713744000,2024-04-22T00:00:00+00:00,0.5247,0.5365,0.5222,0.5333,8273141.156517999
1713758400,2024-04-22T04:00:00+00:00,0.5335,0.5402,0.5321,0.5324,10945785.483366001
1713772800,2024-04-22T08:00:00+00:00,0.5324,0.5359,0.5308,0.5333,6414568.647203
1713787200,2024-04-22T12:00:00+00:00,0.5333,0.544,0.5313,0.5391,11749374.597576
1713801600,2024-04-22T16:00:00+00:00,0.5392,0.5542,0.5387,0.5517,22084989.409676
1713816000,2024-04-22T20:00:00+00:00,0.5518,0.572,0.5516,0.5561,20604962.155399
1713830400,2024-04-23T00:00:00+00:00,0.5562,0.5578,0.5473,0.5493,7401337.213974999
1713844800,2024-04-23T04:00:00+00:00,0.5491,0.5521,0.5454,0.5494,6606706.039949
1713859200,2024-04-23T08:00:00+00:00,0.5498,0.5513,0.5419,0.5441,9127406.121809
1713873600,2024-04-23T12:00:00+00:00,0.5441,0.55,0.5423,0.5469,8719829.148781002
1713888000,2024-04-23T16:00:00+00:00,0.547,0.5645,0.5463,0.5545,10931573.22673
1713902400,2024-04-23T20:00:00+00:00,0.5546,0.5548,0.5433,0.5445,17709548.295586
1713916800,2024-04-24T00:00:00+00:00,0.5445,0.5481,0.5409,0.5466,11052809.511609001
1713931200,2024-04-24T04:00:00+00:00,0.5466,0.5519,0.5454,0.5495,8433816.171826001
1713945600,2024-04-24T08:00:00+00:00,0.5494,0.5519,0.5424,0.5445,7543536.775044001
1713960000,2024-04-24T12:00:00+00:00,0.5444,0.546,0.5241,0.5259,17825457.37993
1713974400,2024-04-24T16:00:00+00:00,0.5261,0.5376,0.5252,0.5367,8117362.7044400005
1713988800,2024-04-24T20:00:00+00:00,0.5367,0.5376,0.521,0.5273,9301565.908321
1714003200,2024-04-25T00:00:00+00:00,0.5272,0.5307,0.5194,0.5257,6242773.164169
1714017600,2024-04-25T04:00:00+00:00,0.5257,0.5293,0.5186,0.5223,5770985.667044
1714032000,2024-04-25T08:00:00+00:00,0.5222,0.5269,0.5151,0.5188,9631107.97003
1714046400,2024-04-25T12:00:00+00:00,0.5189,0.5254,0.5135,0.5243,11244932.439745
1714060800,2024-04-25T16:00:00+00:00,0.5243,0.5315,0.5232,0.5304,5599471.8402
1714075200,2024-04-25T20:00:00+00:00,0.5302,0.5326,0.5243,0.5254,6632830.456377
1714089600,2024-04-26T00:00:00+00:00,0.5254,0.5298,0.5171,0.5278,5981709.417576999
1714104000,2024-04-26T04:00:00+00:00,0.528,0.5361,0.5252,0.5258,7689620.788787
1714118400,2024-04-26T08:00:00+00:00,0.5258,0.5272,0.5207,0.5226,5519857.97346
1714132800,2024-04-26T12:00:00+00:00,0.5224,0.5263,0.5142,0.5203,10945943.487301
1714147200,2024-04-26T16:00:00+00:00,0.5203,0.5281,0.5191,0.5265,6436287.424611
1714161600,2024-04-26T20:00:00+00:00,0.5264,0.5297,0.5224,0.5258,7043129.665829999
1714176000,2024-04-27T00:00:00+00:00,0.5258,0.5264,0.5077,0.5186,14720151.115506
1714190400,2024-04-27T04:00:00+00:00,0.5185,0.5201,0.5143,0.5144,3527810.920086
1714204800,2024-04-27T08:00:00+00:00,0.5145,0.5155,0.5103,0.5129,3553332.566735
1714219200,2024-04-27T12:00:00+00:00,0.513,0.519,0.5122,0.5157,4624045.365064
1714233600,2024-04-27T16:00:00+00:00,0.5157,0.5227,0.5146,0.5199,6319864.000491001
1714248000,2024-04-27T20:00:00+00:00,0.5199,0.5201,0.5165,0.5177,4328207.14521
1714262400,2024-04-28T00:00:00+00:00,0.5176,0.5242,0.5172,0.5221,5347552.076044
1714276800,2024-04-28T04:00:00+00:00,0.5223,0.5249,0.5211,0.5232,2677196.054115
1714291200,2024-04-28T08:00:00+00:00,0.5235,0.5235,0.5163,0.5171,3476065.284461
1714305600,2024-04-28T12:00:00+00:00,0.517,0.5207,0.5169,0.52,2203901.416866
1714320000,2024-04-28T16:00:00+00:00,0.5199,0.5218,0.5185,0.5194,3143503.0010169996
1714334400,2024-04-28T20:00:00+00:00,0.5193,0.5196,0.5084,0.5104,5859936.410026999
1714348800,2024-04-29T00:00:00+00:00,0.5104,0.5143,0.5032,0.5039,12378995.687208999
1714363200,2024-04-29T04:00:00+00:00,0.5038,0.5083,0.4986,0.5024,8890169.439605
1714377600,2024-04-29T08:00:00+00:00,0.5021,0.509,0.4999,0.5058,5545046.481923
1714392000,2024-04-29T12:00:00+00:00,0.5057,0.5139,0.5027,0.5121,9819528.848017
1714406400,2024-04-29T16:00:00+00:00,0.5123,0.5174,0.5112,0.5161,8933843.63951
1714420800,2024-04-29T20:00:00+00:00,0.5159,0.5172,0.5095,0.5148,6019754.575561
1714435200,2024-04-30T00:00:00+00:00,0.515,0.5197,0.5076,0.5145,6440253.632931001
1714449600,2024-04-30T04:00:00+00:00,0.5147,0.5174,0.5099,0.5101,5784700.5268129995
1714464000,2024-04-30T08:00:00+00:00,0.5101,0.5107,0.495,0.497,10732762.877133
1714478400,2024-04-30T12:00:00+00:00,0.4968,0.5007,0.4879,0.4957,15059739.571343001
1714492800,2024-04-30T16:00:00+00:00,0.4958,0.4987,0.4878,0.4954,12748320.371158
1714507200,2024-04-30T20:00:00+00:00,0.4955,0.5018,0.4955,0.5003,8516623.288279999
1714521600,2024-05-01T00:00:00+00:00,0.5002,0.5034,0.4955,0.5028,6507599.851613
1714536000,2024-05-01T04:00:00+00:00,0.5028,0.5041,0.4847,0.4902,15897693.961835999
1714550400,2024-05-01T08:00:00+00:00,0.4902,0.4953,0.478,0.4937,16302144.28605
1714564800,2024-05-01T12:00:00+00:00,0.4936,0.499,0.4919,0.4984,10916238.436064001
1714579200,2024-05-01T16:00:00+00:00,0.4984,0.5209,0.4975,0.51,27763979.684922002
1714593600,2024-05-01T20:00:00+00:00,0.5102,0.5185,0.5068,0.5169,11550787.515627
1714608000,2024-05-02T00:00:00+00:00,0.5167,0.5194,0.5074,0.5102,11553921.579808
1714622400,2024-05-02T04:00:00+00:00,0.5104,0.5144,0.5062,0.5132,7723279.489582
1714636800,2024-05-02T08:00:00+00:00,0.5132,0.5183,0.5107,0.5173,9213873.686728
1714651200,2024-05-02T12:00:00+00:00,0.5174,0.5225,0.5129,0.52,14205440.297016
1714665600,2024-05-02T16:00:00+00:00,0.5201,0.5238,0.5183,0.5234,9179881.029176
1714680000,2024-05-02T20:00:00+00:00,0.5232,0.5247,0.5178,0.5181,8609920.474484
1714694400,2024-05-03T00:00:00+00:00,0.5181,0.523,0.5158,0.5223,4742536.178811
1714708800,2024-05-03T04:00:00+00:00,0.5223,0.5225,0.5171,0.5181,7935280.454329001
1714723200,2024-05-03T08:00:00+00:00,0.5183,0.5266,0.5146,0.5162,9332409.353103999
1714737600,2024-05-03T12:00:00+00:00,0.5162,0.528,0.5154,0.5269,11518768.887616
1714752000,2024-05-03T16:00:00+00:00,0.5269,0.5313,0.5253,0.531,7679531.758984
1714766400,2024-05-03T20:00:00+00:00,0.5308,0.537,0.5297,0.5319,9701093.260968
1714780800,2024-05-04T00:00:00+00:00,0.5319,0.5331,0.5275,0.5297,5125529.40787
1714795200,2024-05-04T04:00:00+00:00,0.5296,0.5313,0.5278,0.5282,3146441.56095
1714809600,2024-05-04T08:00:00+00:00,0.528,0.5375,0.5278,0.5347,5090584.657909
1714824000,2024-05-04T12:00:00+00:00,0.5348,0.5411,0.534,0.5362,7597470.446037999
1714838400,2024-05-04T16:00:00+00:00,0.5362,0.5362,0.5317,0.5338,3678012.229407
1714852800,2024-05-04T20:00:00+00:00,0.5338,0.5354,0.5286,0.5303,3885898.640363
1714867200,2024-05-05T00:00:00+00:00,0.5303,0.531,0.5241,0.5279,5260674.586572001
1714881600,2024-05-05T04:00:00+00:00,0.5282,0.5303,0.5263,0.5288,2183843.192814
1714896000,2024-05-05T08:00:00+00:00,0.5287,0.5322,0.5282,0.5295,2500936.3839809997
1714910400,2024-05-05T12:00:00+00:00,0.5296,0.5325,0.5263,0.5318,3782459.3455020003
1714924800,2024-05-05T16:00:00+00:00,0.532,0.5334,0.5285,0.5303,3305785.325252
1714939200,2024-05-05T20:00:00+00:00,0.5301,0.5307,0.5277,0.5297,2863694.8566550002
1714953600,2024-05-06T00:00:00+00:00,0.5297,0.5336,0.5285,0.5318,4788914.235045
1714968000,2024-05-06T04:00:00+00:00,0.5318,0.5402,0.5307,0.5398,5867912.541629
1714982400,2024-05-06T08:00:00+00:00,0.5398,0.5478,0.531,0.535,11510651.148435
1714996800,2024-05-06T12:00:00+00:00,0.535,0.56,0.5248,0.5595,14675837.838963
1715011200,2024-05-06T16:00:00+00:00,0.5594,0.57,0.5426,0.5465,47176805.562793
1715025600,2024-05-06T20:00:00+00:00,0.5466,0.5481,0.5388,0.5403,7196195.612755001
1715040000,2024-05-07T00:00:00+00:00,0.5401,0.5443,0.533,0.5388,7867179.463963
1715054400,2024-05-07T04:00:00+00:00,0.5387,0.5402,0.5313,0.5379,6775842.936256001
1715068800,2024-05-07T08:00:00+00:00,0.5377,0.5436,0.5344,0.5345,8177203.4520270005
1715083200,2024-05-07T12:00:00+00:00,0.5346,0.5421,0.5344,0.5402,8291292.058762
1715097600,2024-05-07T16:00:00+00:00,0.54,0.5427,0.5351,0.5359,7133916.709874999
1715112000,2024-05-07T20:00:00+00:00,0.5358,0.5373,0.5217,0.5245,8340148.873966999
1715126400,2024-05-08T00:00:00+00:00,0.5244,0.5264,0.5188,0.5252,7024906.770363
1715140800,2024-05-08T04:00:00+00:00,0.5253,0.5269,0.5174,0.5208,9228587.165746
1715155200,2024-05-08T08:00:00+00:00,0.5208,0.5236,0.5184,0.5198,5100057.267126
1715169600,2024-05-08T12:00:00+00:00,0.5198,0.5297,0.5178,0.5274,9292020.001354
1715184000,2024-05-08T16:00:00+00:00,0.5274,0.5292,0.5227,0.5251,4934095.219178
1715198400,2024-05-08T20:00:00+00:00,0.5253,0.5264,0.5151,0.5168,9438143.714942
1715212800,2024-05-09T00:00:00+00:00,0.5169,0.5222,0.5169,0.5219,4584511.230638
1715227200,2024-05-09T04:00:00+00:00,0.5219,0.5235,0.5143,0.5155,4674481.271755
1715241600,2024-05-09T08:00:00+00:00,0.5154,0.5195,0.5094,0.5137,6505554.107639001
1715256000,2024-05-09T12:00:00+00:00,0.5136,0.5177,0.5086,0.5167,8616816.634057
1715270400,2024-05-09T16:00:00+00:00,0.5169,0.5199,0.5134,0.5194,5311359.302257
1715284800,2024-05-09T20:00:00+00:00,0.5192,0.5218,0.5161,0.5208,5343362.896719
1715299200,2024-05-10T00:00:00+00:00,0.5209,0.5209,0.5163,0.5175,3805568.7434989996
1715313600,2024-05-10T04:00:00+00:00,0.5177,0.5189,0.5146,0.5175,5196475.227743
1715328000,2024-05-10T08:00:00+00:00,0.5175,0.5177,0.5127,0.5163,4302316.028778
1715342400,2024-05-10T12:00:00+00:00,0.5163,0.5172,0.497,0.5012,15973709.288341
1715356800,2024-05-10T16:00:00+00:00,0.5011,0.506,0.4973,0.5048,7261068.959253999
1715371200,2024-05-10T20:00:00+00:00,0.5049,0.5064,0.4996,0.5022,5837625.474176
1715385600,2024-05-11T00:00:00+00:00,0.5021,0.5057,0.5017,0.5031,4366886.304346001
1715400000,2024-05-11T04:00:00+00:00,0.5031,0.5061,0.5025,0.5056,2767824.140955
1715414400,2024-05-11T08:00:00+00:00,0.5055,0.5059,0.5004,0.502,3671770.532534
1715428800,2024-05-11T12:00:00+00:00,0.5022,0.5076,0.5016,0.5066,3850005.927874
1715443200,2024-05-11T16:00:00+00:00,0.5065,0.5073,0.5054,0.5064,2803461.4735990004
1715457600,2024-05-11T20:00:00+00:00,0.5064,0.5072,0.5043,0.5059,2590591.716005
1715472000,2024-05-12T00:00:00+00:00,0.5059,0.5079,0.5048,0.5074,2894583.502938
1715486400,2024-05-12T04:00:00+00:00,0.5073,0.5086,0.5031,0.504,1878599.902089
1715500800,2024-05-12T08:00:00+00:00,0.5041,0.5068,0.5028,0.5042,2193749.580116
1715515200,2024-05-12T12:00:00+00:00,0.5043,0.5052,0.5031,0.5046,2262184.090739
1715529600,2024-05-12T16:00:00+00:00,0.5046,0.5062,0.5003,0.5012,2980998.272616
1715544000,2024-05-12T20:00:00+00:00,0.5011,0.5014,0.4956,0.4991,4940225.017622001
1715558400,2024-05-13T00:00:00+00:00,0.4993,0.5027,0.4866,0.4933,9644107.516442
1715572800,2024-05-13T04:00:00+00:00,0.4933,0.5044,0.4903,0.5033,6776370.144805
1715587200,2024-05-13T08:00:00+00:00,0.5033,0.5107,0.5002,0.5063,8063751.071334
1715601600,2024-05-13T12:00:00+00:00,0.5064,0.5098,0.5041,0.5093,7956662.775623
1715616000,2024-05-13T16:00:00+00:00,0.5091,0.5119,0.5042,0.5078,7348035.768204001
1715630400,2024-05-13T20:00:00+00:00,0.5078,0.508,0.5025,0.5052,3637223.412712
1715644800,2024-05-14T00:00:00+00:00,0.5052,0.516,0.5033,0.5067,8340548.426607
1715659200,2024-05-14T04:00:00+00:00,0.5067,0.5076,0.497,0.5055,5929734.49387
1715673600,2024-05-14T08:00:00+00:00,0.5053,0.509,0.5029,0.5062,5048930.268895
1715688000,2024-05-14T12:00:00+00:00,0.5062,0.5129,0.4974,0.5079,10951318.33955
1715702400,2024-05-14T16:00:00+00:00,0.508,0.5084,0.5018,0.5052,5882834.587904999
1715716800,2024-05-14T20:00:00+00:00,0.505,0.5058,0.4986,0.4999,5739390.2528760005
1715731200,2024-05-15T00:00:00+00:00,0.5001,0.502,0.4964,0.5013,3951865.3005179996
1715745600,2024-05-15T04:00:00+00:00,0.5016,0.5025,0.4978,0.4995,5073612.727458
1715760000,2024-05-15T08:00:00+00:00,0.4996,0.5035,0.4979,0.5006,3988514.595389
1715774400,2024-05-15T12:00:00+00:00,0.5006,0.5133,0.4987,0.5109,15169078.861299999
1715788800,2024-05-15T16:00:00+00:00,0.5109,0.5193,0.51,0.5191,10145042.776929
1715803200,2024-05-15T20:00:00+00:00,0.5189,0.52,0.5168,0.5192,7663139.094617
1715817600,2024-05-16T00:00:00+00:00,0.5192,0.5196,0.5155,0.5176,8517707.52511
1715832000,2024-05-16T04:00:00+00:00,0.5177,0.5207,0.5165,0.5206,5324846.98749
1715846400,2024-05-16T08:00:00+00:00,0.5206,0.5226,0.5161,0.5188,6734817.090999
1715860800,2024-05-16T12:00:00+00:00,0.5188,0.5197,0.5123,0.5186,10746425.424984999
1715875200,2024-05-16T16:00:00+00:00,0.5185,0.5216,0.516,0.5181,8359558.964627
1715889600,2024-05-16T20:00:00+00:00,0.5181,0.5183,0.5134,0.5159,5707687.4801509995
1715904000,2024-05-17T00:00:00+00:00,0.5159,0.5178,0.5134,0.5168,3810175.745074
1715918400,2024-05-17T04:00:00+00:00,0.5169,0.5228,0.515,0.5219,5903177.784454
1715932800,2024-05-17T08:00:00+00:00,0.5218,0.5229,0.518,0.5205,6015754.270685
1715947200,2024-05-17T12:00:00+00:00,0.5205,0.5273,0.5197,0.5257,9097612.683187
1715961600,2024-05-17T16:00:00+00:00,0.5257,0.5294,0.5217,0.5242,7512060.334028
1715976000,2024-05-17T20:00:00+00:00,0.5241,0.525,0.5221,0.5237,3176384.440339
1715990400,2024-05-18T00:00:00+00:00,0.5238,0.5245,0.5218,0.5243,2931041.652441
1716004800,2024-05-18T04:00:00+00:00,0.5243,0.5246,0.5222,0.523,2634950.44463
1716019200,2024-05-18T08:00:00+00:00,0.5229,0.5258,0.5228,0.5241,2231545.360583
1716033600,2024-05-18T12:00:00+00:00,0.5239,0.5248,0.5189,0.5221,3926598.8873440004
1716048000,2024-05-18T16:00:00+00:00,0.5222,0.523,0.5205,0.5206,2516804.995922
1716062400,2024-05-18T20:00:00+00:00,0.5207,0.5222,0.5202,0.5213,2063710.310857
1716076800,2024-05-19T00:00:00+00:00,0.5213,0.5237,0.5203,0.5224,3899295.4757709997
1716091200,2024-05-19T04:00:00+00:00,0.5224,0.5228,0.5194,0.5207,3939115.5658569997
1716105600,2024-05-19T08:00:00+00:00,0.5209,0.521,0.5158,0.5179,2232859.242712
1716120000,2024-05-19T12:00:00+00:00,0.5178,0.5179,0.5117,0.5127,4453154.908705
1716134400,2024-05-19T16:00:00+00:00,0.5127,0.5132,0.5071,0.5078,5357904.725737
1716148800,2024-05-19T20:00:00+00:00,0.5078,0.5105,0.5064,0.5096,4151606.097701
1716163200,2024-05-20T00:00:00+00:00,0.5096,0.5138,0.5064,0.5131,4188225.087933
1716177600,2024-05-20T04:00:00+00:00,0.513,0.5183,0.5062,0.514,5997964.291557999
1716192000,2024-05-20T08:00:00+00:00,0.514,0.5147,0.5101,0.5123,5099553.801085
1716206400,2024-05-20T12:00:00+00:00,0.5125,0.5178,0.5104,0.5166,7813391.325928
1716220800,2024-05-20T16:00:00+00:00,0.5168,0.5346,0.5163,0.534,23737149.276626
1716235200,2024-05-20T20:00:00+00:00,0.5342,0.5381,0.529,0.5378,20239410.19805
1716249600,2024-05-21T00:00:00+00:00,0.5378,0.5433,0.5334,0.5353,14509551.815846998
1716264000,2024-05-21T04:00:00+00:00,0.5354,0.5407,0.533,0.5407,9360555.988874
1716278400,2024-05-21T08:00:00+00:00,0.5406,0.5465,0.5383,0.5426,11519654.535507
1716292800,2024-05-21T12:00:00+00:00,0.5426,0.5571,0.5406,0.5422,25493786.898043998
1716307200,2024-05-21T16:00:00+00:00,0.5423,0.5467,0.5337,0.5369,11577455.424987
1716321600,2024-05-21T20:00:00+00:00,0.537,0.5414,0.5317,0.5369,8348487.340825999
1716336000,2024-05-22T00:00:00+00:00,0.5369,0.5374,0.5326,0.5364,7114253.2362049995
1716350400,2024-05-22T04:00:00+00:00,0.5364,0.5364,0.5285,0.5344,8336171.512058999
1716364800,2024-05-22T08:00:00+00:00,0.5344,0.5381,0.5308,0.5328,7402994.039616
1716379200,2024-05-22T12:00:00+00:00,0.5325,0.5366,0.5263,0.5355,9634951.009987999
1716393600,2024-05-22T16:00:00+00:00,0.5354,0.5378,0.5263,0.5286,9149056.504126
1716408000,2024-05-22T20:00:00+00:00,0.5286,0.5302,0.5224,0.5266,9303349.351363
1716422400,2024-05-23T00:00:00+00:00,0.5267,0.5295,0.525,0.5292,4865406.831016
1716436800,2024-05-23T04:00:00+00:00,0.5292,0.5296,0.5243,0.5287,5401867.3015560005
1716451200,2024-05-23T08:00:00+00:00,0.5287,0.5304,0.5222,0.5289,7422438.165771
1716465600,2024-05-23T12:00:00+00:00,0.5288,0.5483,0.5117,0.5287,34894504.943599
1716480000,2024-05-23T16:00:00+00:00,0.5287,0.5296,0.5159,0.5201,16976218.469917
1716494400,2024-05-23T20:00:00+00:00,0.5199,0.53,0.5026,0.5286,25346026.537405003
1716508800,2024-05-24T00:00:00+00:00,0.5285,0.5348,0.5257,0.5301,6977384.063034
1716523200,2024-05-24T04:00:00+00:00,0.5302,0.5315,0.5166,0.5227,7140687.384512
1716537600,2024-05-24T08:00:00+00:00,0.5227,0.5315,0.5177,0.5276,8398434.850009
1716552000,2024-05-24T12:00:00+00:00,0.5275,0.5372,0.5265,0.5324,11868130.16568
1716566400,2024-05-24T16:00:00+00:00,0.5324,0.5339,0.5298,0.5332,7258133.262781
1716580800,2024-05-24T20:00:00+00:00,0.5331,0.5363,0.5312,0.5359,5612725.1389959995
1716595200,2024-05-25T00:00:00+00:00,0.5359,0.536,0.5331,0.5345,4083708.6725790002
1716609600,2024-05-25T04:00:00+00:00,0.5346,0.5377,0.5339,0.5348,3263785.7350749997
1716624000,2024-05-25T08:00:00+00:00,0.5349,0.5416,0.5339,0.5376,4447943.449243
1716638400,2024-05-25T12:00:00+00:00,0.5376,0.5425,0.5331,0.5396,5842987.531565
1716652800,2024-05-25T16:00:00+00:00,0.5396,0.5406,0.5374,0.5394,4412423.380763
1716667200,2024-05-25T20:00:00+00:00,0.5393,0.5425,0.5384,0.5416,4529435.326219999
1716681600,2024-05-26T00:00:00+00:00,0.5416,0.5419,0.5385,0.54,3618428.6999280006
1716696000,2024-05-26T04:00:00+00:00,0.5397,0.5397,0.5374,0.5392,4995012.738465
1716710400,2024-05-26T08:00:00+00:00,0.5392,0.5398,0.5339,0.5362,3353382.694842
1716724800,2024-05-26T12:00:00+00:00,0.5362,0.5362,0.5293,0.5311,4204267.042716
1716739200,2024-05-26T16:00:00+00:00,0.531,0.5318,0.529,0.5305,3898699.572658
1716753600,2024-05-26T20:00:00+00:00,0.5306,0.5306,0.5251,0.528,3496706.907424
1716768000,2024-05-27T00:00:00+00:00,0.5281,0.5335,0.5271,0.5312,3873220.8066579998
1716782400,2024-05-27T04:00:00+00:00,0.5312,0.5321,0.5232,0.5275,5660846.08397
1716796800,2024-05-27T08:00:00+00:00,0.5275,0.5319,0.5263,0.5276,3802239.475918
1716811200,2024-05-27T12:00:00+00:00,0.5277,0.5405,0.5275,0.5388,7668761.613153
1716825600,2024-05-27T16:00:00+00:00,0.5388,0.5404,0.5282,0.5312,8283226.417714
1716840000,2024-05-27T20:00:00+00:00,0.5309,0.5361,0.5306,0.5335,5011001.511831
1716854400,2024-05-28T00:00:00+00:00,0.5336,0.535,0.525,0.5271,7148982.094981
1716868800,2024-05-28T04:00:00+00:00,0.5271,0.5274,0.5208,0.5258,7706646.2968460005
1716883200,2024-05-28T08:00:00+00:00,0.5258,0.5326,0.5251,0.53,5080982.911137
1716897600,2024-05-28T12:00:00+00:00,0.53,0.5329,0.5252,0.5294,8763840.556927001
1716912000,2024-05-28T16:00:00+00:00,0.5294,0.5299,0.5216,0.5266,6159258.107926
1716926400,2024-05-28T20:00:00+00:00,0.5265,0.5297,0.5249,0.5283,4671220.205027
1716940800,2024-05-29T00:00:00+00:00,0.5282,0.5289,0.5242,0.5282,5987076.338082001
1716955200,2024-05-29T04:00:00+00:00,0.5283,0.5313,0.5246,0.5253,5167253.402563
1716969600,2024-05-29T08:00:00+00:00,0.5255,0.5327,0.5209,0.5287,5843083.9767310005
1716984000,2024-05-29T12:00:00+00:00,0.5286,0.5319,0.527,0.5277,6039673.562275
1716998400,2024-05-29T16:00:00+00:00,0.5277,0.5286,0.5225,0.5228,6450332.196165999
1717012800,2024-05-29T20:00:00+00:00,0.5227,0.5246,0.5195,0.523,5131027.159241
1717027200,2024-05-30T00:00:00+00:00,0.523,0.5271,0.5223,0.5267,4900523.507131999
1717041600,2024-05-30T04:00:00+00:00,0.5269,0.5278,0.5135,0.5155,7798011.482008999
1717056000,2024-05-30T08:00:00+00:00,0.5156,0.5218,0.5124,0.5201,6977768.741622999
1717070400,2024-05-30T12:00:00+00:00,0.52,0.5246,0.5193,0.5244,7558327.83244
1717084800,2024-05-30T16:00:00+00:00,0.5245,0.526,0.5212,0.5219,8068563.187701
1717099200,2024-05-30T20:00:00+00:00,0.5218,0.5219,0.5166,0.5186,7604025.650661999
1717113600,2024-05-31T00:00:00+00:00,0.5185,0.5218,0.5175,0.5216,4654368.953896
1717128000,2024-05-31T04:00:00+00:00,0.5216,0.5218,0.5158,0.5162,3300283.257159
1717142400,2024-05-31T08:00:00+00:00,0.5161,0.5232,0.5161,0.521,6384448.867789
1717156800,2024-05-31T12:00:00+00:00,0.5211,0.5255,0.5167,0.5171,9382698.322899
1717171200,2024-05-31T16:00:00+00:00,0.5169,0.5189,0.5115,0.5176,7657978.734131999
1717185600,2024-05-31T20:00:00+00:00,0.5174,0.5188,0.5163,0.5171,4055549.3663029997
1717200000,2024-06-01T00:00:00+00:00,0.5171,0.5197,0.5168,0.5188,3883330.7080180002
1717214400,2024-06-01T04:00:00+00:00,0.5188,0.5197,0.5177,0.5184,1982340.353877
1717228800,2024-06-01T08:00:00+00:00,0.5185,0.5209,0.5179,0.5198,1701913.3593140002
1717243200,2024-06-01T12:00:00+00:00,0.5198,0.5214,0.5194,0.5198,2452298.684492
1717257600,2024-06-01T16:00:00+00:00,0.5198,0.5204,0.5178,0.5191,2638162.450321
1717272000,2024-06-01T20:00:00+00:00,0.5192,0.5202,0.5176,0.5184,2603902.907548
1717286400,2024-06-02T00:00:00+00:00,0.5184,0.5194,0.5176,0.5186,2590691.1350279995
1717300800,2024-06-02T04:00:00+00:00,0.5186,0.5191,0.516,0.5161,1890066.973377
1717315200,2024-06-02T08:00:00+00:00,0.5162,0.5175,0.5125,0.517,4001343.184582
1717329600,2024-06-02T12:00:00+00:00,0.517,0.5205,0.5154,0.5172,3392410.591662
1717344000,2024-06-02T16:00:00+00:00,0.5173,0.5176,0.5079,0.5123,5934967.707989001
1717358400,2024-06-02T20:00:00+00:00,0.5121,0.5147,0.51,0.5133,3553071.74078
1717372800,2024-06-03T00:00:00+00:00,0.5133,0.5189,0.5115,0.5163,4665659.148521
1717387200,2024-06-03T04:00:00+00:00,0.5163,0.5218,0.5148,0.5207,5574562.084725
1717401600,2024-06-03T08:00:00+00:00,0.5208,0.5225,0.5186,0.5187,3928068.966787
1717416000,2024-06-03T12:00:00+00:00,0.5187,0.5229,0.5165,0.5218,6274181.070437999
1717430400,2024-06-03T16:00:00+00:00,0.5217,0.522,0.5177,0.5216,6118352.782543001
1717444800,2024-06-03T20:00:00+00:00,0.5217,0.5228,0.5196,0.5198,11633803.012251
1717459200,2024-06-04T00:00:00+00:00,0.5198,0.5221,0.5182,0.5214,4368305.8114249995
1717473600,2024-06-04T04:00:00+00:00,0.5214,0.5217,0.5182,0.5202,2639613.968088
1717488000,2024-06-04T08:00:00+00:00,0.5201,0.5254,0.5183,0.5224,7282760.035087
1717502400,2024-06-04T12:00:00+00:00,0.5224,0.5298,0.5219,0.5295,7711933.710937
1717516800,2024-06-04T16:00:00+00:00,0.5295,0.5304,0.5246,0.5272,12124619.44059
1717531200,2024-06-04T20:00:00+00:00,0.5273,0.5273,0.5243,0.5258,5156139.737062001
1717545600,2024-06-05T00:00:00+00:00,0.5258,0.5278,0.5244,0.5257,5870259.647766
1717560000,2024-06-05T04:00:00+00:00,0.5257,0.5273,0.5243,0.5269,6186855.001067
1717574400,2024-06-05T08:00:00+00:00,0.5267,0.5331,0.5253,0.5286,7279404.156499
1717588800,2024-06-05T12:00:00+00:00,0.5285,0.5302,0.5257,0.5293,5915071.544658
1717603200,2024-06-05T16:00:00+00:00,0.5293,0.5305,0.5254,0.5275,6958905.384598
1717617600,2024-06-05T20:00:00+00:00,0.5274,0.5277,0.5239,0.526,5171012.841332
1717632000,2024-06-06T00:00:00+00:00,0.526,0.5273,0.5242,0.5257,4543922.336458
1717646400,2024-06-06T04:00:00+00:00,0.5256,0.5261,0.522,0.5246,5023019.502526
1717660800,2024-06-06T08:00:00+00:00,0.5247,0.5272,0.5229,0.5261,4098819.350628
1717675200,2024-06-06T12:00:00+00:00,0.526,0.5279,0.5249,0.5263,7039088.650063
1717689600,2024-06-06T16:00:00+00:00,0.5263,0.5278,0.519,0.5199,8669556.662835
1717704000,2024-06-06T20:00:00+00:00,0.5199,0.5222,0.5163,0.5214,6104651.052089999
1717718400,2024-06-07T00:00:00+00:00,0.5213,0.5227,0.5197,0.5225,4138495.797888
1717732800,2024-06-07T04:00:00+00:00,0.5225,0.526,0.5222,0.525,5957600.339736001
1717747200,2024-06-07T08:00:00+00:00,0.525,0.5276,0.522,0.5269,4435243.713877
1717761600,2024-06-07T12:00:00+00:00,0.527,0.5277,0.5213,0.5235,7529877.995728
1717776000,2024-06-07T16:00:00+00:00,0.5236,0.5237,0.4543,0.4931,39180008.741233
1717790400,2024-06-07T20:00:00+00:00,0.493,0.5033,0.4916,0.4988,13034088.545742001
1717804800,2024-06-08T00:00:00+00:00,0.4988,0.5004,0.4966,0.4999,5304923.554081
1717819200,2024-06-08T04:00:00+00:00,0.4998,0.5007,0.4982,0.5001,3536733.622884
1717833600,2024-06-08T08:00:00+00:00,0.5,0.5002,0.4912,0.4932,3296446.4395749997
1717848000,2024-06-08T12:00:00+00:00,0.4931,0.4956,0.4903,0.4931,8377149.535049
1717862400,2024-06-08T16:00:00+00:00,0.4931,0.4954,0.4898,0.4931,6077406.813835001
1717876800,2024-06-08T20:00:00+00:00,0.493,0.4946,0.4913,0.4927,5454358.335597999
1717891200,2024-06-09T00:00:00+00:00,0.4926,0.4945,0.4909,0.493,4258325.107550999
1717905600,2024-06-09T04:00:00+00:00,0.4929,0.4945,0.4923,0.4939,2721862.677046
1717920000,2024-06-09T08:00:00+00:00,0.4938,0.4951,0.4927,0.4943,1989283.2574820002
1717934400,2024-06-09T12:00:00+00:00,0.4944,0.4971,0.4934,0.4951,3227566.087099
1717948800,2024-06-09T16:00:00+00:00,0.4951,0.4981,0.4948,0.4977,3061466.711542
1717963200,2024-06-09T20:00:00+00:00,0.4976,0.4994,0.497,0.4987,3163273.495995
1717977600,2024-06-10T00:00:00+00:00,0.4986,0.5012,0.4966,0.5009,5159625.190231999
1717992000,2024-06-10T04:00:00+00:00,0.5007,0.5008,0.4932,0.4935,3567376.63028
1718006400,2024-06-10T08:00:00+00:00,0.4935,0.4998,0.4934,0.4967,4907903.980165999
1718020800,2024-06-10T12:00:00+00:00,0.4967,0.5059,0.4959,0.5044,8924965.36634
1718035200,2024-06-10T16:00:00+00:00,0.5046,0.5049,0.4961,0.4967,8253208.596419999
1718049600,2024-06-10T20:00:00+00:00,0.4965,0.498,0.4945,0.4967,6490034.215169
1718064000,2024-06-11T00:00:00+00:00,0.4967,0.4969,0.4816,0.4879,20071625.577167
1718078400,2024-06-11T04:00:00+00:00,0.4879,0.5021,0.4797,0.4856,14947648.970709
1718092800,2024-06-11T08:00:00+00:00,0.4857,0.4876,0.483,0.4837,7085443.5359
1718107200,2024-06-11T12:00:00+00:00,0.4837,0.4845,0.4709,0.4762,14493811.993182998
1718121600,2024-06-11T16:00:00+00:00,0.4761,0.482,0.4712,0.4798,12084352.272197999
1718136000,2024-06-11T20:00:00+00:00,0.4796,0.4812,0.4788,0.4803,5511612.726683
1718150400,2024-06-12T00:00:00+00:00,0.4803,0.4819,0.474,0.4816,7589950.93493
1718164800,2024-06-12T04:00:00+00:00,0.4817,0.483,0.4777,0.481,5316283.076877
1718179200,2024-06-12T08:00:00+00:00,0.481,0.4849,0.4799,0.4816,6141552.685126999
1718193600,2024-06-12T12:00:00+00:00,0.4816,0.4981,0.4816,0.4963,19693711.070857
1718208000,2024-06-12T16:00:00+00:00,0.4965,0.4977,0.4817,0.4842,12405624.022582
1718222400,2024-06-12T20:00:00+00:00,0.4842,0.4922,0.4826,0.4916,5174789.367399
1718236800,2024-06-13T00:00:00+00:00,0.4916,0.4916,0.4826,0.4859,6079440.947705001
1718251200,2024-06-13T04:00:00+00:00,0.486,0.4892,0.4832,0.4884,5143454.103708
1718265600,2024-06-13T08:00:00+00:00,0.4884,0.4884,0.4839,0.4846,6526680.775877001
1718280000,2024-06-13T12:00:00+00:00,0.4846,0.4889,0.4794,0.4804,12136505.676145002
1718294400,2024-06-13T16:00:00+00:00,0.4803,0.4846,0.4788,0.4817,6913007.998454001
1718308800,2024-06-13T20:00:00+00:00,0.4817,0.4828,0.4754,0.4766,8002531.509989999
1718323200,2024-06-14T00:00:00+00:00,0.4767,0.481,0.4745,0.4784,9407219.200485
1718337600,2024-06-14T04:00:00+00:00,0.4786,0.4811,0.4771,0.4778,6360422.67507
1718352000,2024-06-14T08:00:00+00:00,0.4779,0.4795,0.476,0.4779,7351200.700232001
1718366400,2024-06-14T12:00:00+00:00,0.478,0.4805,0.4723,0.474,7888975.912353
1718380800,2024-06-14T16:00:00+00:00,0.4741,0.4746,0.4601,0.4689,22775209.305758003
1718395200,2024-06-14T20:00:00+00:00,0.4689,0.4786,0.4685,0.4744,6929852.586028
1718409600,2024-06-15T00:00:00+00:00,0.4743,0.4767,0.4737,0.4766,6343971.3938420005
1718424000,2024-06-15T04:00:00+00:00,0.4766,0.4796,0.4765,0.4781,3171296.0182499997
1718438400,2024-06-15T08:00:00+00:00,0.4782,0.4804,0.478,0.4798,2790031.528941
1718452800,2024-06-15T12:00:00+00:00,0.4798,0.4851,0.4788,0.4845,6692598.446749999
1718467200,2024-06-15T16:00:00+00:00,0.4845,0.5049,0.4835,0.494,11528418.409584
1718481600,2024-06-15T20:00:00+00:00,0.4939,0.4972,0.4887,0.4905,8575699.746659
1718496000,2024-06-16T00:00:00+00:00,0.4905,0.4915,0.4879,0.4909,4758563.806974
1718510400,2024-06-16T04:00:00+00:00,0.4907,0.4912,0.488,0.4883,2589388.464501
1718524800,2024-06-16T08:00:00+00:00,0.4883,0.4993,0.4882,0.496,7041786.2595029995
1718539200,2024-06-16T12:00:00+00:00,0.4958,0.4963,0.4888,0.4907,5083003.355847
1718553600,2024-06-16T16:00:00+00:00,0.4907,0.4909,0.4875,0.4894,3078829.336723
1718568000,2024-06-16T20:00:00+00:00,0.4895,0.4909,0.4876,0.4889,5810968.742775
1718582400,2024-06-17T00:00:00+00:00,0.489,0.4908,0.484,0.4888,6582507.430111
1718596800,2024-06-17T04:00:00+00:00,0.489,0.5007,0.4837,0.499,12335622.110214
1718611200,2024-06-17T08:00:00+00:00,0.499,0.5038,0.4909,0.4983,15009781.920849
1718625600,2024-06-17T12:00:00+00:00,0.4983,0.5209,0.497,0.5091,36639443.050537005
1718640000,2024-06-17T16:00:00+00:00,0.5091,0.519,0.4959,0.5178,21016698.796436
1718654400,2024-06-17T20:00:00+00:00,0.5177,0.5186,0.5032,0.5046,11930626.037553001
1718668800,2024-06-18T00:00:00+00:00,0.5045,0.508,0.4703,0.49,25567891.495546997
1718683200,2024-06-18T04:00:00+00:00,0.49,0.5566,0.4872,0.5007,21732610.900243998
1718697600,2024-06-18T08:00:00+00:00,0.5007,0.5097,0.4927,0.4957,21552709.660487
1718712000,2024-06-18T12:00:00+00:00,0.4959,0.4967,0.4819,0.4849,25968597.129121
1718726400,2024-06-18T16:00:00+00:00,0.4848,0.4848,0.4762,0.4821,16545941.973717
1718740800,2024-06-18T20:00:00+00:00,0.4822,0.4916,0.4807,0.4908,10049472.152447
1718755200,2024-06-19T00:00:00+00:00,0.4908,0.4973,0.489,0.4955,11683978.176322
1718769600,2024-06-19T04:00:00+00:00,0.4955,0.4967,0.4903,0.4915,9396073.605374001
1718784000,2024-06-19T08:00:00+00:00,0.4915,0.4939,0.4867,0.4922,12694401.168336999
1718798400,2024-06-19T12:00:00+00:00,0.4922,0.4957,0.4901,0.4923,8527270.531068001
1718812800,2024-06-19T16:00:00+00:00,0.4922,0.4994,0.4914,0.4958,9418906.010225
1718827200,2024-06-19T20:00:00+00:00,0.4958,0.4978,0.4912,0.4932,9129887.230328
1718841600,2024-06-20T00:00:00+00:00,0.4932,0.4979,0.4915,0.4933,7520683.38855
1718856000,2024-06-20T04:00:00+00:00,0.4934,0.5021,0.4921,0.4995,11379813.957431
1718870400,2024-06-20T08:00:00+00:00,0.4995,0.502,0.4939,0.5009,12559009.564879
1718884800,2024-06-20T12:00:00+00:00,0.5008,0.5014,0.4912,0.4918,11661413.577008
1718899200,2024-06-20T16:00:00+00:00,0.4918,0.4933,0.488,0.4911,7342692.329514
1718913600,2024-06-20T20:00:00+00:00,0.491,0.492,0.4882,0.4885,4173710.185521
1718928000,2024-06-21T00:00:00+00:00,0.4884,0.4906,0.4862,0.4883,3674591.8879930004
1718942400,2024-06-21T04:00:00+00:00,0.4883,0.4928,0.4872,0.4903,5084413.180287
1718956800,2024-06-21T08:00:00+00:00,0.4902,0.4954,0.4841,0.4937,12607426.980136
1718971200,2024-06-21T12:00:00+00:00,0.4937,0.4942,0.4825,0.4854,14881920.977648
1718985600,2024-06-21T16:00:00+00:00,0.4855,0.486,0.4793,0.4856,6925581.369771
1719000000,2024-06-21T20:00:00+00:00,0.4858,0.4924,0.4839,0.4888,7323345.220101
1719014400,2024-06-22T00:00:00+00:00,0.4887,0.4895,0.4868,0.487,3398781.535987
1719028800,2024-06-22T04:00:00+00:00,0.487,0.4884,0.478,0.4864,5830032.25306
1719043200,2024-06-22T08:00:00+00:00,0.4863,0.4864,0.4839,0.4855,2679805.5537839998
1719057600,2024-06-22T12:00:00+00:00,0.4856,0.4877,0.4848,0.4858,3593747.109941
1719072000,2024-06-22T16:00:00+00:00,0.4857,0.4878,0.4854,0.4878,2821696.6051120004
1719086400,2024-06-22T20:00:00+00:00,0.4877,0.4879,0.4862,0.4865,2710795.9011859996
1719100800,2024-06-23T00:00:00+00:00,0.4865,0.4888,0.4859,0.4885,2737474.6208230006
1719115200,2024-06-23T04:00:00+00:00,0.4885,0.489,0.4871,0.4876,1923638.5477029998
1719129600,2024-06-23T08:00:00+00:00,0.4874,0.4884,0.4844,0.4859,2392763.745335
1719144000,2024-06-23T12:00:00+00:00,0.4859,0.486,0.4808,0.4824,3583285.585535
1719158400,2024-06-23T16:00:00+00:00,0.4823,0.4827,0.4799,0.4819,3909803.174465
1719172800,2024-06-23T20:00:00+00:00,0.482,0.4823,0.4743,0.4795,6646574.939981999
1719187200,2024-06-24T00:00:00+00:00,0.4794,0.4802,0.4721,0.4758,10927597.33656
1719201600,2024-06-24T04:00:00+00:00,0.4756,0.477,0.4677,0.4734,11323223.733309
1719216000,2024-06-24T08:00:00+00:00,0.4736,0.4781,0.4638,0.4754,14338592.145831
1719230400,2024-06-24T12:00:00+00:00,0.4751,0.4821,0.472,0.4729,11791275.163602
1719244800,2024-06-24T16:00:00+00:00,0.4729,0.4749,0.4656,0.4668,13612911.52478
1719259200,2024-06-24T20:00:00+00:00,0.4668,0.4747,0.4616,0.4737,10959059.614046998
1719273600,2024-06-25T00:00:00+00:00,0.4738,0.4792,0.4728,0.4777,6052009.237721
1719288000,2024-06-25T04:00:00+00:00,0.4777,0.479,0.4729,0.4757,6117187.975059
1719302400,2024-06-25T08:00:00+00:00,0.4757,0.4774,0.4729,0.4761,9304252.087755
1719316800,2024-06-25T12:00:00+00:00,0.4761,0.4799,0.4734,0.4769,9355873.89736
1719331200,2024-06-25T16:00:00+00:00,0.4768,0.4793,0.4752,0.4777,6343797.3753309995
1719345600,2024-06-25T20:00:00+00:00,0.4776,0.4785,0.4743,0.4758,4023039.110872
1719360000,2024-06-26T00:00:00+00:00,0.4757,0.4781,0.474,0.4748,4467723.983823
1719374400,2024-06-26T04:00:00+00:00,0.475,0.4756,0.4721,0.4733,3526794.947592
1719388800,2024-06-26T08:00:00+00:00,0.4732,0.4772,0.4706,0.4746,10334384.319379
1719403200,2024-06-26T12:00:00+00:00,0.4748,0.4759,0.4685,0.4697,8402203.69845
1719417600,2024-06-26T16:00:00+00:00,0.4697,0.472,0.4651,0.4715,7989182.905739
1719432000,2024-06-26T20:00:00+00:00,0.4716,0.4723,0.4692,0.4694,5940644.5260850005
1719446400,2024-06-27T00:00:00+00:00,0.4694,0.4703,0.4673,0.4689,3796901.341197
1719460800,2024-06-27T04:00:00+00:00,0.4689,0.4698,0.4653,0.4667,3301186.825177
1719475200,2024-06-27T08:00:00+00:00,0.4665,0.4713,0.4657,0.4699,8456951.286596
1719489600,2024-06-27T12:00:00+00:00,0.4699,0.4766,0.4699,0.4717,12101105.916201
1719504000,2024-06-27T16:00:00+00:00,0.4718,0.4751,0.4709,0.473,5846512.355134001
1719518400,2024-06-27T20:00:00+00:00,0.473,0.475,0.4725,0.4747,5360417.112388
1719532800,2024-06-28T00:00:00+00:00,0.4746,0.4775,0.4736,0.4758,5024831.193243
1719547200,2024-06-28T04:00:00+00:00,0.4758,0.4786,0.4741,0.4771,6323896.485182
1719561600,2024-06-28T08:00:00+00:00,0.4771,0.4803,0.4755,0.4794,8314806.49074
1719576000,2024-06-28T12:00:00+00:00,0.4793,0.4804,0.4743,0.4752,10726194.638453
1719590400,2024-06-28T16:00:00+00:00,0.4753,0.4755,0.4695,0.4728,9886887.167113
1719604800,2024-06-28T20:00:00+00:00,0.473,0.4743,0.4685,0.4708,4459356.554919001
1719619200,2024-06-29T00:00:00+00:00,0.4709,0.4742,0.4707,0.4738,3287533.738157
1719633600,2024-06-29T04:00:00+00:00,0.4737,0.476,0.4732,0.4751,1616057.825242
1719648000,2024-06-29T08:00:00+00:00,0.4753,0.4761,0.4745,0.4757,1624206.953512
1719662400,2024-06-29T12:00:00+00:00,0.4758,0.4759,0.4735,0.4745,3064967.6035129996
1719676800,2024-06-29T16:00:00+00:00,0.4744,0.4745,0.4728,0.4737,2677818.5183780002
1719691200,2024-06-29T20:00:00+00:00,0.4736,0.474,0.4712,0.4719,3233097.3180360002
1719705600,2024-06-30T00:00:00+00:00,0.472,0.4732,0.4694,0.4709,3488621.2635889994
1719720000,2024-06-30T04:00:00+00:00,0.4709,0.4747,0.4699,0.4739,2853830.4339539995
1719734400,2024-06-30T08:00:00+00:00,0.4738,0.4745,0.4708,0.4717,2882048.679852
1719748800,2024-06-30T12:00:00+00:00,0.4717,0.4731,0.4711,0.4727,3047651.516483
1719763200,2024-06-30T16:00:00+00:00,0.4728,0.4743,0.4715,0.4735,3421943.9621139998
1719777600,2024-06-30T20:00:00+00:00,0.4736,0.4776,0.4731,0.4753,4816682.080190999
1719792000,2024-07-01T00:00:00+00:00,0.4753,0.4791,0.4747,0.478,5388297.393797
1719806400,2024-07-01T04:00:00+00:00,0.478,0.4815,0.4763,0.4793,4894572.137843
1719820800,2024-07-01T08:00:00+00:00,0.4795,0.4843,0.478,0.479,7164692.019534
1719835200,2024-07-01T12:00:00+00:00,0.4788,0.4819,0.4779,0.4791,9679838.21334
1719849600,2024-07-01T16:00:00+00:00,0.4792,0.4797,0.4756,0.4764,6061145.381386
1719864000,2024-07-01T20:00:00+00:00,0.4765,0.4784,0.4752,0.4767,4345463.927014
1719878400,2024-07-02T00:00:00+00:00,0.4767,0.4786,0.4754,0.4779,4024294.134133
1719892800,2024-07-02T04:00:00+00:00,0.4779,0.4802,0.4774,0.4779,3921410.450706
1719907200,2024-07-02T08:00:00+00:00,0.4779,0.4881,0.4775,0.4856,11406224.956082001
1719921600,2024-07-02T12:00:00+00:00,0.4856,0.4882,0.4809,0.4812,10443706.033834
1719936000,2024-07-02T16:00:00+00:00,0.4812,0.4833,0.4803,0.4823,4564032.81446
1719950400,2024-07-02T20:00:00+00:00,0.4823,0.4852,0.4821,0.4846,5369550.981603
1719964800,2024-07-03T00:00:00+00:00,0.4848,0.4861,0.4767,0.4797,7494897.887143
1719979200,2024-07-03T04:00:00+00:00,0.4799,0.4831,0.4783,0.482,5478047.07526
1719993600,2024-07-03T08:00:00+00:00,0.4819,0.4851,0.4802,0.4816,11243960.457092999
1720008000,2024-07-03T12:00:00+00:00,0.4816,0.4817,0.4705,0.4708,12575928.163222
1720022400,2024-07-03T16:00:00+00:00,0.4708,0.4712,0.4607,0.4623,14874148.57364
1720036800,2024-07-03T20:00:00+00:00,0.4623,0.4673,0.4617,0.4667,7928970.656818
1720051200,2024-07-04T00:00:00+00:00,0.4668,0.4694,0.446,0.4593,19744784.366759997
1720065600,2024-07-04T04:00:00+00:00,0.4593,0.4601,0.4537,0.4541,8551297.877689
1720080000,2024-07-04T08:00:00+00:00,0.4541,0.4551,0.4477,0.4525,15119021.236657001
1720094400,2024-07-04T12:00:00+00:00,0.4524,0.4526,0.4377,0.4441,26785309.29415
1720108800,2024-07-04T16:00:00+00:00,0.4442,0.4444,0.4367,0.4407,14006659.789039
1720123200,2024-07-04T20:00:00+00:00,0.4408,0.447,0.431,0.4329,11283243.07014
1720137600,2024-07-05T00:00:00+00:00,0.4329,0.4334,0.3827,0.3986,47605620.936459996
1720152000,2024-07-05T04:00:00+00:00,0.3984,0.4072,0.3888,0.4046,29916135.447975002
1720166400,2024-07-05T08:00:00+00:00,0.4046,0.4183,0.3969,0.4168,21079554.100939002
1720180800,2024-07-05T12:00:00+00:00,0.4168,0.4252,0.4117,0.4247,17884316.047929004
1720195200,2024-07-05T16:00:00+00:00,0.4247,0.4278,0.4221,0.4256,15327550.774016
1720209600,2024-07-05T20:00:00+00:00,0.4255,0.427,0.4201,0.4252,6885859.707312
1720224000,2024-07-06T00:00:00+00:00,0.4252,0.4321,0.4236,0.4277,7941648.435298
1720238400,2024-07-06T04:00:00+00:00,0.4276,0.4348,0.4265,0.4329,6230654.632693999
1720252800,2024-07-06T08:00:00+00:00,0.4328,0.4363,0.4304,0.4357,4357760.243898
1720267200,2024-07-06T12:00:00+00:00,0.4357,0.4485,0.4335,0.4384,7890244.018695
1720281600,2024-07-06T16:00:00+00:00,0.4386,0.4495,0.4376,0.4484,9274933.782047
1720296000,2024-07-06T20:00:00+00:00,0.4484,0.4498,0.4468,0.449,4769811.922034
1720310400,2024-07-07T00:00:00+00:00,0.449,0.4492,0.4436,0.4446,4980350.030915
1720324800,2024-07-07T04:00:00+00:00,0.4446,0.4448,0.4346,0.4372,5835649.217663
1720339200,2024-07-07T08:00:00+00:00,0.4372,0.4386,0.433,0.4349,3627725.0465059998
1720353600,2024-07-07T12:00:00+00:00,0.4348,0.4358,0.4217,0.4271,9112558.19362
1720368000,2024-07-07T16:00:00+00:00,0.4271,0.4333,0.4269,0.4294,6188818.933815
1720382400,2024-07-07T20:00:00+00:00,0.4294,0.4315,0.4182,0.4195,8420270.539157
1720396800,2024-07-08T00:00:00+00:00,0.4195,0.4207,0.4032,0.4146,19090221.411423
1720411200,2024-07-08T04:00:00+00:00,0.4146,0.4238,0.4137,0.4227,8383646.808373
1720425600,2024-07-08T08:00:00+00:00,0.4227,0.441,0.4219,0.4395,18899152.771322
1720440000,2024-07-08T12:00:00+00:00,0.4397,0.4438,0.4209,0.4238,27224208.48425
1720454400,2024-07-08T16:00:00+00:00,0.4239,0.4316,0.4207,0.4302,12208889.798217999
1720468800,2024-07-08T20:00:00+00:00,0.4302,0.4325,0.4271,0.4316,9296820.036627
1720483200,2024-07-09T00:00:00+00:00,0.4316,0.434,0.4269,0.4329,7590518.36839
1720497600,2024-07-09T04:00:00+00:00,0.4329,0.4367,0.4324,0.4344,7416851.894413
1720512000,2024-07-09T08:00:00+00:00,0.4344,0.4381,0.4325,0.4342,11709141.335356
1720526400,2024-07-09T12:00:00+00:00,0.4341,0.436,0.4295,0.4316,9191858.406125
1720540800,2024-07-09T16:00:00+00:00,0.4316,0.4363,0.4311,0.4359,8201625.833781999
1720555200,2024-07-09T20:00:00+00:00,0.4358,0.4376,0.4348,0.4357,6584980.872659999
1720569600,2024-07-10T00:00:00+00:00,0.4358,0.4361,0.4317,0.4357,6521000.7028560005
1720584000,2024-07-10T04:00:00+00:00,0.4357,0.4414,0.4357,0.4399,11109057.812272001
1720598400,2024-07-10T08:00:00+00:00,0.4399,0.4425,0.4367,0.4403,7990184.897555999
1720612800,2024-07-10T12:00:00+00:00,0.4403,0.441,0.4312,0.4332,11989408.199377
1720627200,2024-07-10T16:00:00+00:00,0.433,0.4366,0.4317,0.4364,9298759.506462999
1720641600,2024-07-10T20:00:00+00:00,0.4364,0.4395,0.4358,0.4387,7581547.342581
1720656000,2024-07-11T00:00:00+00:00,0.4387,0.4432,0.4364,0.4403,7289452.567234
1720670400,2024-07-11T04:00:00+00:00,0.4404,0.4461,0.4394,0.4446,6635758.256577
1720684800,2024-07-11T08:00:00+00:00,0.4446,0.4525,0.4442,0.4499,10606575.049635
1720699200,2024-07-11T12:00:00+00:00,0.4499,0.4544,0.4389,0.4407,15950434.643869001
1720713600,2024-07-11T16:00:00+00:00,0.4406,0.4501,0.4387,0.4474,6386009.772038
1720728000,2024-07-11T20:00:00+00:00,0.4473,0.4495,0.4448,0.4491,7705823.942911
1720742400,2024-07-12T00:00:00+00:00,0.4491,0.4529,0.4445,0.4517,10096715.893675
1720756800,2024-07-12T04:00:00+00:00,0.4518,0.464,0.4483,0.4627,14957874.969619
1720771200,2024-07-12T08:00:00+00:00,0.4623,0.478,0.4598,0.4713,36742926.163188
1720785600,2024-07-12T12:00:00+00:00,0.4714,0.4724,0.459,0.4614,17882146.448133
1720800000,2024-07-12T16:00:00+00:00,0.4614,0.4706,0.4611,0.47,10454559.4771
1720814400,2024-07-12T20:00:00+00:00,0.47,0.4778,0.4667,0.4747,9024887.653625999
1720828800,2024-07-13T00:00:00+00:00,0.4747,0.4957,0.4739,0.4927,18972688.899271
1720843200,2024-07-13T04:00:00+00:00,0.4928,0.5161,0.4912,0.5154,43514456.423132
1720857600,2024-07-13T08:00:00+00:00,0.5155,0.5184,0.5087,0.5101,22607823.502109997
1720872000,2024-07-13T12:00:00+00:00,0.5099,0.54,0.5099,0.5368,31983583.970301002
1720886400,2024-07-13T16:00:00+00:00,0.5365,0.5662,0.5307,0.5607,39967710.38633
1720900800,2024-07-13T20:00:00+00:00,0.5611,0.5617,0.5221,0.5259,45445807.344252
1720915200,2024-07-14T00:00:00+00:00,0.5257,0.5315,0.5139,0.5199,25420031.41322
1720929600,2024-07-14T04:00:00+00:00,0.5199,0.5294,0.5166,0.5266,11288314.311564
1720944000,2024-07-14T08:00:00+00:00,0.5266,0.5401,0.5253,0.5284,20524677.036911
1720958400,2024-07-14T12:00:00+00:00,0.5283,0.5327,0.522,0.5272,13776067.04633
1720972800,2024-07-14T16:00:00+00:00,0.5274,0.5347,0.5265,0.5319,7056796.142415
1720987200,2024-07-14T20:00:00+00:00,0.5319,0.5349,0.5195,0.5204,12790230.351504
1721001600,2024-07-15T00:00:00+00:00,0.5205,0.5315,0.5205,0.5272,14691752.825229999
1721016000,2024-07-15T04:00:00+00:00,0.5272,0.5346,0.5265,0.5307,12936280.301056
1721030400,2024-07-15T08:00:00+00:00,0.5307,0.5404,0.527,0.5367,22689111.763249002
1721044800,2024-07-15T12:00:00+00:00,0.5366,0.5367,0.5236,0.524,23967401.697088003
1721059200,2024-07-15T16:00:00+00:00,0.5239,0.5365,0.5227,0.5357,17598240.82521
1721073600,2024-07-15T20:00:00+00:00,0.5357,0.5388,0.5315,0.5375,15956267.441013
1721088000,2024-07-16T00:00:00+00:00,0.5374,0.571,0.5353,0.5659,33691634.328168
1721102400,2024-07-16T04:00:00+00:00,0.5658,0.5661,0.5359,0.5408,18788462.802148
1721116800,2024-07-16T08:00:00+00:00,0.5406,0.5477,0.5326,0.5467,12656668.860283999
1721131200,2024-07-16T12:00:00+00:00,0.5467,0.5883,0.5432,0.5848,54538191.086656004
1721145600,2024-07-16T16:00:00+00:00,0.5847,0.5946,0.5759,0.5837,39899235.884479
1721160000,2024-07-16T20:00:00+00:00,0.5837,0.5854,0.5736,0.5796,17614480.350754
1721174400,2024-07-17T00:00:00+00:00,0.5796,0.5885,0.5786,0.586,21652824.26642
1721188800,2024-07-17T04:00:00+00:00,0.586,0.618,0.5856,0.6094,35631784.00324
1721203200,2024-07-17T08:00:00+00:00,0.6096,0.6233,0.6034,0.6138,28042702.595887
1721217600,2024-07-17T12:00:00+00:00,0.6139,0.6347,0.6005,0.6026,43799591.771209
1721232000,2024-07-17T16:00:00+00:00,0.6027,0.6235,0.5959,0.6138,28803314.291764
1721246400,2024-07-17T20:00:00+00:00,0.614,0.6378,0.614,0.6261,32271344.960512
1721260800,2024-07-18T00:00:00+00:00,0.626,0.637,0.6005,0.6073,34148090.418074004
1721275200,2024-07-18T04:00:00+00:00,0.6073,0.6129,0.5777,0.58,37051701.656858
1721289600,2024-07-18T08:00:00+00:00,0.5799,0.584,0.567,0.5789,27908402.77021
1721304000,2024-07-18T12:00:00+00:00,0.579,0.5879,0.5621,0.5628,30571482.875632003
1721318400,2024-07-18T16:00:00+00:00,0.5628,0.5747,0.5571,0.5694,20093762.843329
1721332800,2024-07-18T20:00:00+00:00,0.5694,0.5727,0.5642,0.5696,11935830.36755
1721347200,2024-07-19T00:00:00+00:00,0.5696,0.5704,0.5402,0.556,28827061.052320994
1721361600,2024-07-19T04:00:00+00:00,0.556,0.5612,0.547,0.5493,13583992.677312
1721376000,2024-07-19T08:00:00+00:00,0.5493,0.554,0.5411,0.5531,16688989.062639998
1721390400,2024-07-19T12:00:00+00:00,0.5531,0.5695,0.5481,0.5629,24880868.057635
1721404800,2024-07-19T16:00:00+00:00,0.5627,0.5869,0.562,0.5805,28476611.131448
1721419200,2024-07-19T20:00:00+00:00,0.5805,0.5822,0.5692,0.5736,14328151.902054999
1721433600,2024-07-20T00:00:00+00:00,0.5736,0.5838,0.5705,0.5821,16398465.256919
1721448000,2024-07-20T04:00:00+00:00,0.5819,0.6049,0.5804,0.5957,16591771.197243
1721462400,2024-07-20T08:00:00+00:00,0.5956,0.5972,0.5842,0.5917,10331129.605082
1721476800,2024-07-20T12:00:00+00:00,0.5915,0.597,0.5865,0.5918,10306473.022528
1721491200,2024-07-20T16:00:00+00:00,0.5918,0.5983,0.5872,0.5919,10696327.014426
1721505600,2024-07-20T20:00:00+00:00,0.5919,0.5981,0.5899,0.5941,10123831.932707999
1721520000,2024-07-21T00:00:00+00:00,0.594,0.5975,0.5893,0.5938,9019611.651972
1721534400,2024-07-21T04:00:00+00:00,0.5938,0.6081,0.5882,0.5894,9338067.264663
1721548800,2024-07-21T08:00:00+00:00,0.5893,0.5937,0.5806,0.5824,5216841.520835999
1721563200,2024-07-21T12:00:00+00:00,0.5826,0.5902,0.5748,0.5882,10547617.205469001
1721577600,2024-07-21T16:00:00+00:00,0.5883,0.5935,0.5722,0.5914,11504594.460463999
1721592000,2024-07-21T20:00:00+00:00,0.5913,0.6034,0.59,0.5987,14638021.984954998
1721606400,2024-07-22T00:00:00+00:00,0.5985,0.6002,0.5909,0.5947,8513828.985918999
1721620800,2024-07-22T04:00:00+00:00,0.5946,0.6054,0.5855,0.5982,7715949.847802
1721635200,2024-07-22T08:00:00+00:00,0.5979,0.6143,0.5914,0.6112,16049564.098802
1721649600,2024-07-22T12:00:00+00:00,0.6111,0.6252,0.605,0.6105,24854320.172347996
1721664000,2024-07-22T16:00:00+00:00,0.6105,0.6234,0.6076,0.6189,16010247.472127002
1721678400,2024-07-22T20:00:00+00:00,0.619,0.6214,0.6,0.6084,14420442.735862
1721692800,2024-07-23T00:00:00+00:00,0.6084,0.6152,0.6014,0.6145,9179545.140697
1721707200,2024-07-23T04:00:00+00:00,0.6142,0.6173,0.5947,0.6001,12819844.036203
1721721600,2024-07-23T08:00:00+00:00,0.5999,0.6078,0.5927,0.5964,10188321.387627
1721736000,2024-07-23T12:00:00+00:00,0.5963,0.62,0.5876,0.6005,10528160.455941
1721750400,2024-07-23T16:00:00+00:00,0.6007,0.6011,0.5801,0.5951,11996638.119544998
1721764800,2024-07-23T20:00:00+00:00,0.595,0.6038,0.5923,0.5979,8886225.477024
1721779200,2024-07-24T00:00:00+00:00,0.5976,0.6056,0.5914,0.6044,10116096.106123
1721793600,2024-07-24T04:00:00+00:00,0.6047,0.6059,0.597,0.603,6401180.625148
1721808000,2024-07-24T08:00:00+00:00,0.603,0.6326,0.6012,0.6287,17723308.278493002
1721822400,2024-07-24T12:00:00+00:00,0.6288,0.6331,0.6188,0.6241,19472583.057749998
1721836800,2024-07-24T16:00:00+00:00,0.624,0.627,0.6157,0.6231,17289857.033735
1721851200,2024-07-24T20:00:00+00:00,0.6234,0.6283,0.6061,0.6182,16050204.463202
1721865600,2024-07-25T00:00:00+00:00,0.618,0.6221,0.5944,0.6058,18096507.085235
1721880000,2024-07-25T04:00:00+00:00,0.6059,0.6148,0.598,0.6089,12814595.242211
1721894400,2024-07-25T08:00:00+00:00,0.6087,0.6125,0.5994,0.6104,11653168.563791
1721908800,2024-07-25T12:00:00+00:00,0.6106,0.6252,0.6007,0.6175,22421225.763428997
1721923200,2024-07-25T16:00:00+00:00,0.6175,0.6257,0.5974,0.6008,20565223.755103
1721937600,2024-07-25T20:00:00+00:00,0.6009,0.6029,0.5836,0.5995,17983289.238077
1721952000,2024-07-26T00:00:00+00:00,0.5994,0.6081,0.5971,0.6052,9396125.338841002
1721966400,2024-07-26T04:00:00+00:00,0.6048,0.6093,0.598,0.5983,9170289.170139
1721980800,2024-07-26T08:00:00+00:00,0.5984,0.6043,0.5959,0.6014,8021037.729343999
1721995200,2024-07-26T12:00:00+00:00,0.6016,0.6022,0.5858,0.5923,18355883.389803
1722009600,2024-07-26T16:00:00+00:00,0.5921,0.6025,0.5883,0.5993,11670352.357529998
1722024000,2024-07-26T20:00:00+00:00,0.5995,0.606,0.5972,0.6035,9608005.783804
1722038400,2024-07-27T00:00:00+00:00,0.6035,0.6035,0.5947,0.5965,7094986.916242
1722052800,2024-07-27T04:00:00+00:00,0.5966,0.6042,0.5964,0.6008,4565012.897016999
1722067200,2024-07-27T08:00:00+00:00,0.6009,0.6036,0.5976,0.6006,3478475.438217
1722081600,2024-07-27T12:00:00+00:00,0.6005,0.6095,0.5955,0.5989,8521934.0117
1722096000,2024-07-27T16:00:00+00:00,0.5988,0.6005,0.5896,0.5971,10098493.246654999
1722110400,2024-07-27T20:00:00+00:00,0.597,0.6017,0.5825,0.5959,9770726.293469999
1722124800,2024-07-28T00:00:00+00:00,0.5954,0.6028,0.5913,0.5991,4406796.567862
1722139200,2024-07-28T04:00:00+00:00,0.5997,0.6048,0.5958,0.6041,4280899.473725
1722153600,2024-07-28T08:00:00+00:00,0.6043,0.6146,0.602,0.6027,8112327.693188999
1722168000,2024-07-28T12:00:00+00:00,0.6027,0.6046,0.5966,0.6039,4736536.277051
1722182400,2024-07-28T16:00:00+00:00,0.6034,0.6055,0.5994,0.6025,4190057.279666
1722196800,2024-07-28T20:00:00+00:00,0.6027,0.6031,0.5978,0.6014,5351336.021303
1722211200,2024-07-29T00:00:00+00:00,0.6013,0.6092,0.6002,0.6066,7396595.131987
1722225600,2024-07-29T04:00:00+00:00,0.6066,0.6119,0.6056,0.6102,6145001.197251
1722240000,2024-07-29T08:00:00+00:00,0.6102,0.6123,0.6053,0.6082,5755297.501015
1722254400,2024-07-29T12:00:00+00:00,0.6082,0.6111,0.5939,0.5987,10025829.225695
1722268800,2024-07-29T16:00:00+00:00,0.5989,0.6065,0.5906,0.6057,7828815.897937001
1722283200,2024-07-29T20:00:00+00:00,0.6057,0.6095,0.5995,0.6017,5201436.438929
1722297600,2024-07-30T00:00:00+00:00,0.6017,0.6046,0.5953,0.6005,6056905.696886
1722312000,2024-07-30T04:00:00+00:00,0.6004,0.6021,0.5965,0.5999,5077022.280022
1722326400,2024-07-30T08:00:00+00:00,0.5999,0.6375,0.5975,0.6293,30183888.793336004
1722340800,2024-07-30T12:00:00+00:00,0.6294,0.6374,0.6111,0.6182,21156600.043707997
1722355200,2024-07-30T16:00:00+00:00,0.6182,0.6359,0.6176,0.6286,25891847.992372
1722369600,2024-07-30T20:00:00+00:00,0.6286,0.6314,0.6188,0.6275,12870627.825982
1722384000,2024-07-31T00:00:00+00:00,0.6277,0.6587,0.6255,0.6491,40474233.806428
1722398400,2024-07-31T04:00:00+00:00,0.6491,0.6542,0.6373,0.6464,17638527.586201
1722412800,2024-07-31T08:00:00+00:00,0.6462,0.6549,0.643,0.6493,10854125.507114999
1722427200,2024-07-31T12:00:00+00:00,0.6492,0.657,0.6442,0.6518,17945808.875094
1722441600,2024-07-31T16:00:00+00:00,0.6518,0.654,0.6306,0.6332,24239445.218892
1722456000,2024-07-31T20:00:00+00:00,0.6334,0.6349,0.6214,0.623,15646740.727967001
1722470400,2024-08-01T00:00:00+00:00,0.6229,0.6303,0.6077,0.6114,15860331.224485
1722484800,2024-08-01T04:00:00+00:00,0.6114,0.6135,0.596,0.6085,15045303.707662
1722499200,2024-08-01T08:00:00+00:00,0.6083,0.6109,0.6009,0.6098,11565456.576038001
1722513600,2024-08-01T12:00:00+00:00,0.6097,0.6138,0.5821,0.5853,24133489.67374
1722528000,2024-08-01T16:00:00+00:00,0.5851,0.5889,0.5673,0.5817,29771642.255106
1722542400,2024-08-01T20:00:00+00:00,0.5817,0.5998,0.578,0.5961,12665717.573189002
1722556800,2024-08-02T00:00:00+00:00,0.5962,0.5965,0.5793,0.5871,9508511.322883999
1722571200,2024-08-02T04:00:00+00:00,0.5869,0.5881,0.5569,0.5724,16932178.919363
1722585600,2024-08-02T08:00:00+00:00,0.5723,0.5785,0.5662,0.5736,9557545.979545001
1722600000,2024-08-02T12:00:00+00:00,0.5736,0.5805,0.546,0.5615,32935055.258924
1722614400,2024-08-02T16:00:00+00:00,0.5612,0.5659,0.5542,0.562,13319609.65894
1722628800,2024-08-02T20:00:00+00:00,0.5621,0.5725,0.5577,0.56,13579704.033396
1722643200,2024-08-03T00:00:00+00:00,0.56,0.5646,0.5425,0.5633,13952654.94891
1722657600,2024-08-03T04:00:00+00:00,0.5634,0.5772,0.5614,0.5753,7152715.211920001
1722672000,2024-08-03T08:00:00+00:00,0.5752,0.5752,0.5642,0.5701,7100483.531539
1722686400,2024-08-03T12:00:00+00:00,0.5703,0.5731,0.5552,0.5561,7225530.270922
1722700800,2024-08-03T16:00:00+00:00,0.5562,0.5661,0.542,0.5425,18399561.605905
1722715200,2024-08-03T20:00:00+00:00,0.5423,0.5584,0.5403,0.5555,9921693.652355999
1722729600,2024-08-04T00:00:00+00:00,0.5557,0.5587,0.5501,0.5569,6292348.387809
1722744000,2024-08-04T04:00:00+00:00,0.5569,0.5588,0.546,0.5475,2560159.651703
1722758400,2024-08-04T08:00:00+00:00,0.5475,0.5509,0.5421,0.5436,4216885.417743
1722772800,2024-08-04T12:00:00+00:00,0.5436,0.5496,0.525,0.5282,14936006.268836
1722787200,2024-08-04T16:00:00+00:00,0.5281,0.5382,0.5132,0.5358,23055384.54371
1722801600,2024-08-04T20:00:00+00:00,0.5357,0.54,0.5222,0.5229,8771795.355588
1722816000,2024-08-05T00:00:00+00:00,0.5226,0.5256,0.463,0.4744,65403011.300676994
1722830400,2024-08-05T04:00:00+00:00,0.4744,0.4851,0.436,0.4695,40597995.064757004
1722844800,2024-08-05T08:00:00+00:00,0.4695,0.4719,0.4378,0.4519,25952715.881535
1722859200,2024-08-05T12:00:00+00:00,0.4518,0.4944,0.4318,0.4892,64207829.32348699
1722873600,2024-08-05T16:00:00+00:00,0.4892,0.4991,0.4721,0.4798,27922743.381044
1722888000,2024-08-05T20:00:00+00:00,0.4798,0.5,0.4792,0.4891,21792818.452557
1722902400,2024-08-06T00:00:00+00:00,0.4892,0.5164,0.4879,0.5117,26900122.220738
1722916800,2024-08-06T04:00:00+00:00,0.5116,0.5192,0.506,0.5168,15268622.576257002
1722931200,2024-08-06T08:00:00+00:00,0.517,0.5171,0.4974,0.5036,15158121.548071
1722945600,2024-08-06T12:00:00+00:00,0.5031,0.5183,0.4948,0.5112,20937972.108972
1722960000,2024-08-06T16:00:00+00:00,0.5113,0.518,0.5086,0.5121,15993616.152913
1722974400,2024-08-06T20:00:00+00:00,0.5119,0.5153,0.5036,0.5063,9505814.326364001
1722988800,2024-08-07T00:00:00+00:00,0.5063,0.5173,0.5001,0.5155,15207977.366248
1723003200,2024-08-07T04:00:00+00:00,0.5156,0.5193,0.5098,0.5135,10027127.715951
1723017600,2024-08-07T08:00:00+00:00,0.5135,0.5197,0.5125,0.5143,11667676.170859
1723032000,2024-08-07T12:00:00+00:00,0.5146,0.5178,0.4923,0.4996,20872437.166601
1723046400,2024-08-07T16:00:00+00:00,0.4998,0.5391,0.4971,0.5338,30198991.661686
1723060800,2024-08-07T20:00:00+00:00,0.5338,0.6459,0.5143,0.6005,190761175.322362
1723075200,2024-08-08T00:00:00+00:00,0.6004,0.6242,0.5786,0.6114,58003277.238864996
1723089600,2024-08-08T04:00:00+00:00,0.6113,0.6175,0.5947,0.6063,27693687.316403
1723104000,2024-08-08T08:00:00+00:00,0.6061,0.6233,0.6054,0.6155,24062490.546956
1723118400,2024-08-08T12:00:00+00:00,0.6153,0.62,0.6006,0.6132,30233931.322565995
1723132800,2024-08-08T16:00:00+00:00,0.6133,0.6427,0.6076,0.6216,41357546.54966
1723147200,2024-08-08T20:00:00+00:00,0.6219,0.6229,0.6046,0.6167,34670086.87092
1723161600,2024-08-09T00:00:00+00:00,0.6169,0.6248,0.609,0.6149,22566830.83081
1723176000,2024-08-09T04:00:00+00:00,0.615,0.6172,0.5977,0.6031,18309347.101389
1723190400,2024-08-09T08:00:00+00:00,0.603,0.6052,0.5825,0.5868,20533616.494071
1723204800,2024-08-09T12:00:00+00:00,0.5868,0.5887,0.5675,0.5733,34153983.072549
1723219200,2024-08-09T16:00:00+00:00,0.5733,0.5845,0.5719,0.5814,16852121.013416
1723233600,2024-08-09T20:00:00+00:00,0.5812,0.583,0.5738,0.5809,10785281.047946
1723248000,2024-08-10T00:00:00+00:00,0.5809,0.5943,0.5783,0.5895,10671112.000183001
1723262400,2024-08-10T04:00:00+00:00,0.5892,0.5922,0.5837,0.5867,5160582.249143
1723276800,2024-08-10T08:00:00+00:00,0.5867,0.5908,0.5846,0.5897,3106929.626483
1723291200,2024-08-10T12:00:00+00:00,0.5897,0.6023,0.5892,0.5976,13722292.691223
1723305600,2024-08-10T16:00:00+00:00,0.5976,0.6014,0.588,0.5913,9779103.796291001
1723320000,2024-08-10T20:00:00+00:00,0.5914,0.5959,0.5814,0.5842,9683488.598972999
1723334400,2024-08-11T00:00:00+00:00,0.5842,0.5938,0.583,0.5889,9032539.597342
1723348800,2024-08-11T04:00:00+00:00,0.5892,0.5938,0.5863,0.5915,5102335.841553
1723363200,2024-08-11T08:00:00+00:00,0.5915,0.5929,0.5737,0.5761,7881893.321602
1723377600,2024-08-11T12:00:00+00:00,0.5757,0.5766,0.563,0.5667,13222258.643586
1723392000,2024-08-11T16:00:00+00:00,0.5668,0.5714,0.5591,0.5595,11400889.347433
1723406400,2024-08-11T20:00:00+00:00,0.5594,0.5598,0.5453,0.5531,19082135.292541
1723420800,2024-08-12T00:00:00+00:00,0.5529,0.5665,0.5499,0.5645,10385270.12356
1723435200,2024-08-12T04:00:00+00:00,0.5644,0.5709,0.5573,0.5677,10730607.047148999
1723449600,2024-08-12T08:00:00+00:00,0.5677,0.5803,0.567,0.5765,9775095.576931
1723464000,2024-08-12T12:00:00+00:00,0.5762,0.5776,0.5553,0.5714,15497780.903075999
1723478400,2024-08-12T16:00:00+00:00,0.5716,0.5796,0.561,0.5694,16331430.452383
1723492800,2024-08-12T20:00:00+00:00,0.5694,0.5724,0.56,0.5684,11051182.019352
1723507200,2024-08-13T00:00:00+00:00,0.5685,0.5727,0.5635,0.5655,7628765.214321
1723521600,2024-08-13T04:00:00+00:00,0.5655,0.5737,0.5625,0.5731,6098381.286411
1723536000,2024-08-13T08:00:00+00:00,0.5731,0.5802,0.5653,0.5756,10127346.424375
1723550400,2024-08-13T12:00:00+00:00,0.5756,0.579,0.567,0.5741,13389844.491017
1723564800,2024-08-13T16:00:00+00:00,0.574,0.5837,0.5732,0.5775,16609485.488026
1723579200,2024-08-13T20:00:00+00:00,0.5776,0.5802,0.5731,0.5772,10031757.938907001
1723593600,2024-08-14T00:00:00+00:00,0.5772,0.5814,0.5711,0.5796,10349473.275472
1723608000,2024-08-14T04:00:00+00:00,0.5799,0.5815,0.5746,0.5768,7932935.561891001
1723622400,2024-08-14T08:00:00+00:00,0.5768,0.583,0.5749,0.5796,8172667.016778001
1723636800,2024-08-14T12:00:00+00:00,0.5796,0.5829,0.5622,0.5739,18261869.632947
1723651200,2024-08-14T16:00:00+00:00,0.5742,0.5759,0.566,0.5671,11760273.849252
1723665600,2024-08-14T20:00:00+00:00,0.5673,0.5702,0.565,0.5689,7614070.293112
1723680000,2024-08-15T00:00:00+00:00,0.5688,0.5745,0.5673,0.5724,8360979.631154999
1723694400,2024-08-15T04:00:00+00:00,0.5724,0.5725,0.5625,0.5655,8115758.906878
1723708800,2024-08-15T08:00:00+00:00,0.5655,0.5701,0.5625,0.5697,9015506.655886
1723723200,2024-08-15T12:00:00+00:00,0.5695,0.5775,0.566,0.5715,11416189.872519001
1723737600,2024-08-15T16:00:00+00:00,0.5715,0.5729,0.5506,0.5566,19493051.999231
1723752000,2024-08-15T20:00:00+00:00,0.5564,0.5624,0.5509,0.561,13711448.650367
1723766400,2024-08-16T00:00:00+00:00,0.561,0.5687,0.5574,0.5624,8172477.572785
1723780800,2024-08-16T04:00:00+00:00,0.5624,0.5694,0.5604,0.5676,4096734.4869810003
1723795200,2024-08-16T08:00:00+00:00,0.5675,0.5717,0.5646,0.5662,5100649.314421
1723809600,2024-08-16T12:00:00+00:00,0.5662,0.5679,0.5535,0.558,11757623.706071
1723824000,2024-08-16T16:00:00+00:00,0.558,0.5689,0.5567,0.5669,12788669.491775
1723838400,2024-08-16T20:00:00+00:00,0.5669,0.5682,0.5627,0.564,8144142.863958
1723852800,2024-08-17T00:00:00+00:00,0.5639,0.5656,0.5612,0.5631,4581820.035548001
1723867200,2024-08-17T04:00:00+00:00,0.563,0.5662,0.5624,0.5649,3361695.038829
1723881600,2024-08-17T08:00:00+00:00,0.5649,0.5654,0.5625,0.5649,3751289.340319
1723896000,2024-08-17T12:00:00+00:00,0.5649,0.5694,0.5645,0.5669,6058155.400940999
1723910400,2024-08-17T16:00:00+00:00,0.5669,0.5711,0.5642,0.5672,6782279.865933999
1723924800,2024-08-17T20:00:00+00:00,0.5673,0.5677,0.5645,0.5666,3513142.2952389996
1723939200,2024-08-18T00:00:00+00:00,0.5667,0.57,0.5651,0.566,3539709.623955
1723953600,2024-08-18T04:00:00+00:00,0.566,0.5668,0.5644,0.5652,1686203.4447320001
1723968000,2024-08-18T08:00:00+00:00,0.5652,0.5712,0.5647,0.568,3556700.9534879997
1723982400,2024-08-18T12:00:00+00:00,0.568,0.5851,0.5676,0.5737,11308336.76033
1723996800,2024-08-18T16:00:00+00:00,0.5737,0.5757,0.5687,0.5727,5967567.123658
1724011200,2024-08-18T20:00:00+00:00,0.5727,0.5743,0.5628,0.563,8663389.760955
1724025600,2024-08-19T00:00:00+00:00,0.5634,0.568,0.561,0.5667,5504236.373569
1724040000,2024-08-19T04:00:00+00:00,0.5667,0.5765,0.5653,0.5738,5772748.594681
1724054400,2024-08-19T08:00:00+00:00,0.5737,0.5905,0.5736,0.5854,18413628.914807998
1724068800,2024-08-19T12:00:00+00:00,0.5855,0.5869,0.5749,0.5796,13660374.020298
1724083200,2024-08-19T16:00:00+00:00,0.5795,0.609,0.5788,0.6027,30766056.990266
1724097600,2024-08-19T20:00:00+00:00,0.6027,0.6035,0.594,0.5988,13895874.906951
1724112000,2024-08-20T00:00:00+00:00,0.5988,0.6103,0.5972,0.6088,17154427.903674997
1724126400,2024-08-20T04:00:00+00:00,0.6087,0.6142,0.606,0.6071,13126692.261092
1724140800,2024-08-20T08:00:00+00:00,0.6072,0.6151,0.6066,0.6092,8774288.618156001
1724155200,2024-08-20T12:00:00+00:00,0.6091,0.6098,0.5878,0.5898,17886306.001922
1724169600,2024-08-20T16:00:00+00:00,0.5899,0.6031,0.5892,0.6006,10991198.998626001
1724184000,2024-08-20T20:00:00+00:00,0.6004,0.6005,0.5921,0.5938,8866017.732252
1724198400,2024-08-21T00:00:00+00:00,0.5938,0.6016,0.5922,0.5959,8149197.251843
1724212800,2024-08-21T04:00:00+00:00,0.5959,0.5995,0.5928,0.5983,7873223.550038
1724227200,2024-08-21T08:00:00+00:00,0.5985,0.5999,0.5935,0.5965,4108021.8935040003
1724241600,2024-08-21T12:00:00+00:00,0.5964,0.598,0.5853,0.5926,12037166.738229
1724256000,2024-08-21T16:00:00+00:00,0.5926,0.6057,0.5902,0.6029,15108800.480522
1724270400,2024-08-21T20:00:00+00:00,0.603,0.6046,0.5989,0.6002,9573213.903595
1724284800,2024-08-22T00:00:00+00:00,0.6003,0.6017,0.5923,0.5985,6068370.071648
1724299200,2024-08-22T04:00:00+00:00,0.5984,0.6044,0.5963,0.6019,5174157.401095999
1724313600,2024-08-22T08:00:00+00:00,0.6017,0.6045,0.5985,0.6027,6036677.129955
1724328000,2024-08-22T12:00:00+00:00,0.6027,0.6027,0.5946,0.5958,8358987.277384
1724342400,2024-08-22T16:00:00+00:00,0.5955,0.6004,0.5952,0.5988,6671027.280685
1724356800,2024-08-22T20:00:00+00:00,0.5989,0.5998,0.5942,0.5979,6489526.257402999
1724371200,2024-08-23T00:00:00+00:00,0.5978,0.6026,0.5966,0.5989,6419571.882363
1724385600,2024-08-23T04:00:00+00:00,0.5989,0.6019,0.5959,0.5994,5480692.673214001
1724400000,2024-08-23T08:00:00+00:00,0.5995,0.6008,0.597,0.5971,4805107.329054
1724414400,2024-08-23T12:00:00+00:00,0.5971,0.6044,0.5911,0.5991,13260869.176214
1724428800,2024-08-23T16:00:00+00:00,0.5992,0.6102,0.5983,0.6076,16053766.636766998
1724443200,2024-08-23T20:00:00+00:00,0.6077,0.6162,0.6054,0.6115,14655734.163472999
1724457600,2024-08-24T00:00:00+00:00,0.6115,0.6116,0.6048,0.6084,8047970.889072
1724472000,2024-08-24T04:00:00+00:00,0.6082,0.6131,0.6066,0.6088,5178060.03658
1724486400,2024-08-24T08:00:00+00:00,0.609,0.6149,0.6078,0.6103,5066335.658648999
1724500800,2024-08-24T12:00:00+00:00,0.6104,0.6313,0.6102,0.62,19666172.783196
1724515200,2024-08-24T16:00:00+00:00,0.62,0.6264,0.6177,0.62,10756003.599842
1724529600,2024-08-24T20:00:00+00:00,0.6201,0.6247,0.6055,0.613,10680941.125276001
1724544000,2024-08-25T00:00:00+00:00,0.6128,0.6143,0.6048,0.6082,6989278.707114
1724558400,2024-08-25T04:00:00+00:00,0.6081,0.61,0.5956,0.5992,6160296.3151859995
1724572800,2024-08-25T08:00:00+00:00,0.599,0.6033,0.5967,0.6015,5612273.3442
1724587200,2024-08-25T12:00:00+00:00,0.6012,0.6064,0.6005,0.6029,5881712.210709
1724601600,2024-08-25T16:00:00+00:00,0.6029,0.6048,0.5995,0.6005,5919897.689166
1724616000,2024-08-25T20:00:00+00:00,0.6005,0.605,0.5993,0.6003,6932310.795799
1724630400,2024-08-26T00:00:00+00:00,0.6002,0.6024,0.5919,0.5969,8090756.688569
1724644800,2024-08-26T04:00:00+00:00,0.5968,0.5983,0.5919,0.5952,4767534.138778999
1724659200,2024-08-26T08:00:00+00:00,0.5952,0.6006,0.593,0.5959,6699287.050892
1724673600,2024-08-26T12:00:00+00:00,0.5958,0.5965,0.5861,0.5928,12972639.514534999
1724688000,2024-08-26T16:00:00+00:00,0.5928,0.594,0.5787,0.582,13115767.402921999
1724702400,2024-08-26T20:00:00+00:00,0.582,0.5926,0.5797,0.5876,8644991.444731
1724716800,2024-08-27T00:00:00+00:00,0.5876,0.5958,0.587,0.5932,5757991.325601
1724731200,2024-08-27T04:00:00+00:00,0.5932,0.5946,0.5863,0.5911,5636969.165066
1724745600,2024-08-27T08:00:00+00:00,0.5911,0.5924,0.5837,0.5873,6323106.204779001
1724760000,2024-08-27T12:00:00+00:00,0.5871,0.5991,0.5852,0.5938,16220347.973549
1724774400,2024-08-27T16:00:00+00:00,0.5938,0.6005,0.5918,0.5932,8349139.524495999
1724788800,2024-08-27T20:00:00+00:00,0.5931,0.5933,0.551,0.5669,26037790.885144003
1724803200,2024-08-28T00:00:00+00:00,0.5669,0.5728,0.5603,0.5681,10943734.473724
1724817600,2024-08-28T04:00:00+00:00,0.568,0.5751,0.5673,0.5696,8852536.044468
1724832000,2024-08-28T08:00:00+00:00,0.5695,0.5839,0.5625,0.5807,12895574.203955
1724846400,2024-08-28T12:00:00+00:00,0.5809,0.5845,0.5637,0.569,13198008.990803
1724860800,2024-08-28T16:00:00+00:00,0.569,0.5774,0.556,0.5724,14323332.277539
1724875200,2024-08-28T20:00:00+00:00,0.5726,0.5779,0.5657,0.5695,8763969.466125
1724889600,2024-08-29T00:00:00+00:00,0.5695,0.5736,0.5681,0.5712,5929659.153105
1724904000,2024-08-29T04:00:00+00:00,0.5712,0.5771,0.5704,0.5744,5697182.067337
1724918400,2024-08-29T08:00:00+00:00,0.5745,0.5765,0.5712,0.5746,5702811.045201
1724932800,2024-08-29T12:00:00+00:00,0.5747,0.5758,0.5707,0.5722,10126484.150205
1724947200,2024-08-29T16:00:00+00:00,0.5721,0.5774,0.5583,0.5627,11279286.995936
1724961600,2024-08-29T20:00:00+00:00,0.5629,0.5655,0.5575,0.5621,6733811.5247329995
1724976000,2024-08-30T00:00:00+00:00,0.562,0.5652,0.5603,0.5618,5118997.751678
1724990400,2024-08-30T04:00:00+00:00,0.5617,0.5658,0.5588,0.5644,4473865.394427
1725004800,2024-08-30T08:00:00+00:00,0.5644,0.5655,0.5614,0.5638,3934122.637453
1725019200,2024-08-30T12:00:00+00:00,0.5638,0.568,0.5461,0.5484,15371706.005033001
1725033600,2024-08-30T16:00:00+00:00,0.5486,0.5629,0.5462,0.5618,14137212.578722
1725048000,2024-08-30T20:00:00+00:00,0.5617,0.5677,0.5603,0.5667,4922635.238402
1725062400,2024-08-31T00:00:00+00:00,0.5668,0.5684,0.5623,0.565,3700239.813898
1725076800,2024-08-31T04:00:00+00:00,0.5649,0.5685,0.5645,0.5664,1779733.3885360002
1725091200,2024-08-31T08:00:00+00:00,0.5664,0.5722,0.5646,0.5693,2916733.8841609997
1725105600,2024-08-31T12:00:00+00:00,0.5694,0.5702,0.5644,0.5665,3125210.107461
1725120000,2024-08-31T16:00:00+00:00,0.5665,0.5684,0.5624,0.5678,3412584.659329
1725134400,2024-08-31T20:00:00+00:00,0.5677,0.5685,0.5654,0.5663,3051135.341853
1725148800,2024-09-01T00:00:00+00:00,0.5663,0.5667,0.5588,0.5608,4179577.2870540004
1725163200,2024-09-01T04:00:00+00:00,0.5609,0.5609,0.553,0.5589,3030796.4799699998
1725177600,2024-09-01T08:00:00+00:00,0.5589,0.5602,0.5558,0.5579,2454786.910807
1725192000,2024-09-01T12:00:00+00:00,0.558,0.5612,0.5503,0.5566,6730816.709562999
1725206400,2024-09-01T16:00:00+00:00,0.5564,0.5614,0.5521,0.5595,4147588.4351039995
1725220800,2024-09-01T20:00:00+00:00,0.5594,0.562,0.5436,0.5473,9453032.267315999
1725235200,2024-09-02T00:00:00+00:00,0.5471,0.5508,0.5463,0.5498,5489152.390978
1725249600,2024-09-02T04:00:00+00:00,0.5498,0.5511,0.5444,0.5463,4266109.470788
1725264000,2024-09-02T08:00:00+00:00,0.5463,0.5575,0.5456,0.5549,4245072.714253
1725278400,2024-09-02T12:00:00+00:00,0.5549,0.56,0.5507,0.5582,5644459.148173
1725292800,2024-09-02T16:00:00+00:00,0.5582,0.568,0.5556,0.5679,5828078.609763
1725307200,2024-09-02T20:00:00+00:00,0.5678,0.5688,0.5643,0.5677,6299973.501822
1725321600,2024-09-03T00:00:00+00:00,0.5677,0.5725,0.5655,0.5667,5050748.264448999
1725336000,2024-09-03T04:00:00+00:00,0.5667,0.5693,0.5651,0.5691,2746653.313015
1725350400,2024-09-03T08:00:00+00:00,0.5692,0.5722,0.5658,0.5699,3383594.3642039998
1725364800,2024-09-03T12:00:00+00:00,0.5699,0.5739,0.5567,0.559,10266078.863651002
1725379200,2024-09-03T16:00:00+00:00,0.5592,0.5656,0.5584,0.5656,6576238.138452999
1725393600,2024-09-03T20:00:00+00:00,0.5658,0.5675,0.5559,0.5573,5144694.5649069995
1725408000,2024-09-04T00:00:00+00:00,0.5571,0.5602,0.532,0.553,21170214.441443
1725422400,2024-09-04T04:00:00+00:00,0.553,0.5554,0.5496,0.5546,4483058.587472
1725436800,2024-09-04T08:00:00+00:00,0.5546,0.5569,0.5489,0.5503,5860956.517291
1725451200,2024-09-04T12:00:00+00:00,0.5502,0.5631,0.5471,0.5622,10357855.640313
1725465600,2024-09-04T16:00:00+00:00,0.5622,0.5662,0.5563,0.5577,8857719.535498999
1725480000,2024-09-04T20:00:00+00:00,0.5577,0.561,0.5558,0.5581,4812116.385201
1725494400,2024-09-05T00:00:00+00:00,0.5581,0.5598,0.5517,0.553,5230946.042300001
1725508800,2024-09-05T04:00:00+00:00,0.5529,0.5545,0.5497,0.5534,3312588.6735790004
1725523200,2024-09-05T08:00:00+00:00,0.5533,0.5545,0.5483,0.5501,5388712.1833689995
1725537600,2024-09-05T12:00:00+00:00,0.55,0.5554,0.5455,0.5461,8009586.987133999
1725552000,2024-09-05T16:00:00+00:00,0.5461,0.5478,0.5398,0.5427,7796372.62361
1725566400,2024-09-05T20:00:00+00:00,0.5428,0.5451,0.5409,0.5443,5076467.063219001
1725580800,2024-09-06T00:00:00+00:00,0.5443,0.5471,0.5403,0.5457,3974740.4890130004
1725595200,2024-09-06T04:00:00+00:00,0.5457,0.5464,0.5322,0.5348,5828796.907088
1725609600,2024-09-06T08:00:00+00:00,0.5347,0.5396,0.5338,0.5384,5809533.109577
1725624000,2024-09-06T12:00:00+00:00,0.5383,0.545,0.522,0.526,19580711.010265
1725638400,2024-09-06T16:00:00+00:00,0.526,0.5265,0.5125,0.515,18578067.74087
1725652800,2024-09-06T20:00:00+00:00,0.5151,0.5218,0.5024,0.5211,15125265.914095
1725667200,2024-09-07T00:00:00+00:00,0.521,0.5241,0.5193,0.5221,4638581.354232
1725681600,2024-09-07T04:00:00+00:00,0.5221,0.5306,0.5218,0.5297,3211049.7978680003
1725696000,2024-09-07T08:00:00+00:00,0.5295,0.5298,0.5262,0.5275,3055633.135791
1725710400,2024-09-07T12:00:00+00:00,0.5275,0.533,0.5275,0.5316,4374785.769987
1725724800,2024-09-07T16:00:00+00:00,0.5315,0.5321,0.5256,0.5301,4700865.245824
1725739200,2024-09-07T20:00:00+00:00,0.5302,0.5305,0.5229,0.5249,5523530.86319
1725753600,2024-09-08T00:00:00+00:00,0.5249,0.5285,0.5239,0.5282,2668318.6763669997
1725768000,2024-09-08T04:00:00+00:00,0.5282,0.5303,0.5264,0.5291,2719006.5072729997
1725782400,2024-09-08T08:00:00+00:00,0.5291,0.5315,0.5279,0.5288,1982874.275197
1725796800,2024-09-08T12:00:00+00:00,0.5287,0.5293,0.5219,0.5222,3823985.6336560003
1725811200,2024-09-08T16:00:00+00:00,0.5223,0.5271,0.5206,0.5255,3101684.333112
1725825600,2024-09-08T20:00:00+00:00,0.5254,0.5314,0.524,0.5295,5363674.308901
1725840000,2024-09-09T00:00:00+00:00,0.5294,0.5311,0.5272,0.5304,3627168.649636
1725854400,2024-09-09T04:00:00+00:00,0.5304,0.5315,0.5268,0.5309,3523012.340126
1725868800,2024-09-09T08:00:00+00:00,0.5308,0.5341,0.5298,0.5311,3869292.968546
1725883200,2024-09-09T12:00:00+00:00,0.531,0.5335,0.5277,0.5294,5010965.265551999
1725897600,2024-09-09T16:00:00+00:00,0.5294,0.5395,0.5291,0.5389,10430464.436294999
1725912000,2024-09-09T20:00:00+00:00,0.5388,0.5448,0.5366,0.5395,7480990.847332
1725926400,2024-09-10T00:00:00+00:00,0.5396,0.5396,0.5337,0.5339,3480834.055381
1725940800,2024-09-10T04:00:00+00:00,0.5339,0.5403,0.5338,0.539,3880340.513482
1725955200,2024-09-10T08:00:00+00:00,0.539,0.5416,0.5364,0.5385,3555587.621918
1725969600,2024-09-10T12:00:00+00:00,0.5385,0.5405,0.533,0.5361,5590928.1860340005
1725984000,2024-09-10T16:00:00+00:00,0.536,0.5416,0.5354,0.5405,4815634.077755
1725998400,2024-09-10T20:00:00+00:00,0.5404,0.5429,0.5392,0.5408,4636900.600026
1726012800,2024-09-11T00:00:00+00:00,0.5408,0.5414,0.5319,0.5335,4726983.534772
1726027200,2024-09-11T04:00:00+00:00,0.5335,0.5351,0.5304,0.5333,3647545.735793
1726041600,2024-09-11T08:00:00+00:00,0.5334,0.5345,0.5314,0.534,2360599.183427
1726056000,2024-09-11T12:00:00+00:00,0.534,0.5351,0.523,0.532,7133553.3089310005
1726070400,2024-09-11T16:00:00+00:00,0.5319,0.5384,0.5316,0.5365,4996902.20986
1726084800,2024-09-11T20:00:00+00:00,0.5367,0.5376,0.5346,0.5348,3454242.424641
1726099200,2024-09-12T00:00:00+00:00,0.5348,0.5398,0.5335,0.5374,4698232.329473
1726113600,2024-09-12T04:00:00+00:00,0.5375,0.539,0.5351,0.5383,4204160.339679
1726128000,2024-09-12T08:00:00+00:00,0.5382,0.5395,0.5365,0.5372,3192885.584538
1726142400,2024-09-12T12:00:00+00:00,0.5372,0.5882,0.5356,0.5577,50650915.858816996
1726156800,2024-09-12T16:00:00+00:00,0.5576,0.5642,0.5545,0.5633,13155171.410311
1726171200,2024-09-12T20:00:00+00:00,0.5633,0.5669,0.5609,0.5627,6892748.0090850005
1726185600,2024-09-13T00:00:00+00:00,0.5626,0.5639,0.5556,0.561,6085754.408667
1726200000,2024-09-13T04:00:00+00:00,0.561,0.5734,0.5598,0.5637,10243671.170017999
1726214400,2024-09-13T08:00:00+00:00,0.5635,0.5688,0.5617,0.5628,6848168.437701
1726228800,2024-09-13T12:00:00+00:00,0.5627,0.573,0.5622,0.5712,13102301.466011
1726243200,2024-09-13T16:00:00+00:00,0.5712,0.5723,0.5664,0.5677,9850135.324519
1726257600,2024-09-13T20:00:00+00:00,0.5678,0.5748,0.5674,0.5732,6279712.2297559995
1726272000,2024-09-14T00:00:00+00:00,0.5731,0.5806,0.5679,0.5777,7857172.203474999
1726286400,2024-09-14T04:00:00+00:00,0.5776,0.5807,0.5743,0.5795,4501674.059905
1726300800,2024-09-14T08:00:00+00:00,0.5795,0.5928,0.5786,0.5873,13117319.442313
1726315200,2024-09-14T12:00:00+00:00,0.5873,0.5906,0.5831,0.5873,9316992.341006
1726329600,2024-09-14T16:00:00+00:00,0.5874,0.5946,0.5869,0.5912,12021166.498368
1726344000,2024-09-14T20:00:00+00:00,0.5912,0.5994,0.5899,0.5959,10985410.034789002
1726358400,2024-09-15T00:00:00+00:00,0.5959,0.596,0.5876,0.5883,7221976.408880999
1726372800,2024-09-15T04:00:00+00:00,0.5882,0.59,0.5856,0.5889,3906596.858384
1726387200,2024-09-15T08:00:00+00:00,0.589,0.5907,0.5808,0.5836,5394056.988175
1726401600,2024-09-15T12:00:00+00:00,0.5836,0.5898,0.5825,0.5887,3494647.459188
1726416000,2024-09-15T16:00:00+00:00,0.5885,0.5892,0.582,0.5838,4626718.442335
1726430400,2024-09-15T20:00:00+00:00,0.584,0.5845,0.5687,0.5706,9035133.615956
1726444800,2024-09-16T00:00:00+00:00,0.5707,0.5716,0.559,0.5686,9010442.791805
1726459200,2024-09-16T04:00:00+00:00,0.5685,0.5755,0.5672,0.5721,5249143.375214001
1726473600,2024-09-16T08:00:00+00:00,0.5719,0.5745,0.5688,0.5708,4145559.247068
1726488000,2024-09-16T12:00:00+00:00,0.5708,0.574,0.5646,0.5685,7645427.596201
1726502400,2024-09-16T16:00:00+00:00,0.5686,0.5915,0.5686,0.587,13318733.279969
1726516800,2024-09-16T20:00:00+00:00,0.5873,0.5889,0.5783,0.5866,7763445.131149
1726531200,2024-09-17T00:00:00+00:00,0.5866,0.5884,0.5789,0.5868,6697368.072566001
1726545600,2024-09-17T04:00:00+00:00,0.5868,0.5906,0.5835,0.5849,5194486.1093729995
1726560000,2024-09-17T08:00:00+00:00,0.5849,0.5886,0.5838,0.5845,3413074.341182
1726574400,2024-09-17T12:00:00+00:00,0.5845,0.5936,0.5805,0.5908,10743981.205526
1726588800,2024-09-17T16:00:00+00:00,0.5908,0.5909,0.5844,0.5892,6507675.6752470005
1726603200,2024-09-17T20:00:00+00:00,0.5892,0.5897,0.5833,0.584,5150957.51491
1726617600,2024-09-18T00:00:00+00:00,0.584,0.5841,0.5756,0.5806,6482344.147523
1726632000,2024-09-18T04:00:00+00:00,0.5806,0.582,0.5754,0.5779,3990794.756394
1726646400,2024-09-18T08:00:00+00:00,0.5776,0.5783,0.5699,0.5731,4334764.795045
1726660800,2024-09-18T12:00:00+00:00,0.5731,0.5732,0.562,0.5645,8739140.840164
1726675200,2024-09-18T16:00:00+00:00,0.5645,0.5817,0.5638,0.575,15089759.085230999
1726689600,2024-09-18T20:00:00+00:00,0.575,0.5859,0.5714,0.5854,7117069.151336
1726704000,2024-09-19T00:00:00+00:00,0.5854,0.59,0.5813,0.5854,12189730.230492
1726718400,2024-09-19T04:00:00+00:00,0.5856,0.5888,0.5825,0.5854,3599175.054714
1726732800,2024-09-19T08:00:00+00:00,0.5852,0.5872,0.5808,0.5859,8547410.380521
1726747200,2024-09-19T12:00:00+00:00,0.5859,0.5932,0.5834,0.5863,11765365.872396
1726761600,2024-09-19T16:00:00+00:00,0.5862,0.5947,0.5858,0.5898,13274267.974466
1726776000,2024-09-19T20:00:00+00:00,0.5897,0.5937,0.585,0.5872,8937288.16771
1726790400,2024-09-20T00:00:00+00:00,0.5871,0.5884,0.5773,0.5884,9144361.531601999
1726804800,2024-09-20T04:00:00+00:00,0.5884,0.5929,0.5857,0.591,9778235.502747
1726819200,2024-09-20T08:00:00+00:00,0.5909,0.5914,0.5838,0.585,7817754.533988001
1726833600,2024-09-20T12:00:00+00:00,0.5848,0.588,0.5773,0.5798,10117301.620042002
1726848000,2024-09-20T16:00:00+00:00,0.5799,0.6015,0.5758,0.5829,13486850.985918999
1726862400,2024-09-20T20:00:00+00:00,0.5829,0.5883,0.5827,0.5852,4683811.708826
1726876800,2024-09-21T00:00:00+00:00,0.5852,0.5852,0.5803,0.5813,3953968.517765
1726891200,2024-09-21T04:00:00+00:00,0.5813,0.5839,0.58,0.5834,2248448.1826480003
1726905600,2024-09-21T08:00:00+00:00,0.5835,0.5855,0.5825,0.5846,2091626.894971
1726920000,2024-09-21T12:00:00+00:00,0.5847,0.588,0.5832,0.587,4627557.327923
1726934400,2024-09-21T16:00:00+00:00,0.587,0.6128,0.5865,0.6002,20868995.9182
1726948800,2024-09-21T20:00:00+00:00,0.6003,0.6039,0.5946,0.5977,6680364.6117360005
1726963200,2024-09-22T00:00:00+00:00,0.5978,0.6052,0.5952,0.5987,8697405.391894
1726977600,2024-09-22T04:00:00+00:00,0.5988,0.6002,0.5933,0.5961,3483826.29949
1726992000,2024-09-22T08:00:00+00:00,0.5959,0.5971,0.5907,0.593,3762346.708807
1727006400,2024-09-22T12:00:00+00:00,0.593,0.5939,0.5843,0.5891,5882451.38521
1727020800,2024-09-22T16:00:00+00:00,0.589,0.5934,0.5854,0.5899,4737944.615499
1727035200,2024-09-22T20:00:00+00:00,0.5899,0.592,0.5782,0.5872,9067088.514796
1727049600,2024-09-23T00:00:00+00:00,0.5874,0.5963,0.5786,0.5938,11001280.316631999
1727064000,2024-09-23T04:00:00+00:00,0.5936,0.5955,0.5877,0.5888,5295717.368636
1727078400,2024-09-23T08:00:00+00:00,0.5888,0.5898,0.5836,0.5865,4866981.286427
1727092800,2024-09-23T12:00:00+00:00,0.5866,0.5902,0.5839,0.5879,9103779.758868
1727107200,2024-09-23T16:00:00+00:00,0.5879,0.5895,0.5842,0.5876,9188903.42817
1727121600,2024-09-23T20:00:00+00:00,0.5877,0.5878,0.5832,0.5849,6463456.007456999
1727136000,2024-09-24T00:00:00+00:00,0.5848,0.5871,0.5813,0.5854,7230691.827166
1727150400,2024-09-24T04:00:00+00:00,0.5854,0.5875,0.5833,0.5868,4305622.570703
1727164800,2024-09-24T08:00:00+00:00,0.587,0.5907,0.5863,0.5878,6861318.165567
1727179200,2024-09-24T12:00:00+00:00,0.5882,0.5911,0.5814,0.5832,9330444.396436
1727193600,2024-09-24T16:00:00+00:00,0.5832,0.5918,0.5822,0.5913,12131241.551761
1727208000,2024-09-24T20:00:00+00:00,0.5911,0.5931,0.5883,0.5912,7201379.448302
1727222400,2024-09-25T00:00:00+00:00,0.5913,0.5958,0.5897,0.5933,7877248.717575
1727236800,2024-09-25T04:00:00+00:00,0.5935,0.5942,0.5851,0.5876,5587988.73682
1727251200,2024-09-25T08:00:00+00:00,0.5875,0.5908,0.5863,0.5906,3082813.9958369997
1727265600,2024-09-25T12:00:00+00:00,0.5906,0.5922,0.5849,0.5852,6830000.318
1727280000,2024-09-25T16:00:00+00:00,0.5851,0.5879,0.5828,0.5849,7240790.042064
1727294400,2024-09-25T20:00:00+00:00,0.5849,0.5875,0.5812,0.5827,5989486.506163
1727308800,2024-09-26T00:00:00+00:00,0.5827,0.5843,0.5734,0.5821,10474444.621631
1727323200,2024-09-26T04:00:00+00:00,0.5821,0.5892,0.5817,0.588,6491333.391326999
1727337600,2024-09-26T08:00:00+00:00,0.588,0.5912,0.5857,0.5897,6344432.36592
1727352000,2024-09-26T12:00:00+00:00,0.5897,0.5942,0.5879,0.5929,11210852.234822
1727366400,2024-09-26T16:00:00+00:00,0.5929,0.5966,0.5908,0.5927,11555453.55096
1727380800,2024-09-26T20:00:00+00:00,0.5926,0.5939,0.587,0.5907,7952150.000822
1727395200,2024-09-27T00:00:00+00:00,0.5907,0.5912,0.5827,0.5864,12981920.148688
1727409600,2024-09-27T04:00:00+00:00,0.5865,0.5927,0.5863,0.5893,5677676.816911001
1727424000,2024-09-27T08:00:00+00:00,0.5893,0.5923,0.5856,0.5872,6318093.875828
1727438400,2024-09-27T12:00:00+00:00,0.5871,0.5973,0.5869,0.5882,15128267.361765001
1727452800,2024-09-27T16:00:00+00:00,0.5882,0.5917,0.5856,0.587,10453819.237622999
1727467200,2024-09-27T20:00:00+00:00,0.587,0.5899,0.5842,0.5889,6849858.989142001
1727481600,2024-09-28T00:00:00+00:00,0.5889,0.5932,0.5881,0.5909,4685770.419001
1727496000,2024-09-28T04:00:00+00:00,0.5909,0.6119,0.5857,0.6081,10778691.610217001
1727510400,2024-09-28T08:00:00+00:00,0.6081,0.6235,0.5966,0.617,30200833.193317
1727524800,2024-09-28T12:00:00+00:00,0.617,0.6249,0.6113,0.6178,18333519.238838002
1727539200,2024-09-28T16:00:00+00:00,0.6178,0.6263,0.6157,0.6229,14583150.162675
1727553600,2024-09-28T20:00:00+00:00,0.6227,0.624,0.612,0.6139,8038691.596006
1727568000,2024-09-29T00:00:00+00:00,0.614,0.6167,0.6076,0.6131,6038812.577791
1727582400,2024-09-29T04:00:00+00:00,0.6132,0.6342,0.6107,0.6285,13349631.097339999
1727596800,2024-09-29T08:00:00+00:00,0.6285,0.6305,0.6215,0.6244,8692234.600828
1727611200,2024-09-29T12:00:00+00:00,0.6243,0.6655,0.6214,0.6599,46590180.051778
1727625600,2024-09-29T16:00:00+00:00,0.6598,0.6619,0.6484,0.6527,21886491.988314003
1727640000,2024-09-29T20:00:00+00:00,0.6528,0.6529,0.6367,0.6413,16614921.132715
1727654400,2024-09-30T00:00:00+00:00,0.6414,0.6517,0.635,0.645,17996084.773636
1727668800,2024-09-30T04:00:00+00:00,0.6448,0.6539,0.6406,0.6453,10746199.496075
1727683200,2024-09-30T08:00:00+00:00,0.6452,0.6548,0.6251,0.6298,18835123.321087
1727697600,2024-09-30T12:00:00+00:00,0.6298,0.6367,0.6171,0.6175,16592916.789872
1727712000,2024-09-30T16:00:00+00:00,0.6175,0.6238,0.6166,0.6226,11217564.339775
1727726400,2024-09-30T20:00:00+00:00,0.6225,0.6251,0.6082,0.6113,12324398.941581
1727740800,2024-10-01T00:00:00+00:00,0.6113,0.6246,0.6101,0.6226,7665771.5709999995
1727755200,2024-10-01T04:00:00+00:00,0.6228,0.6295,0.6177,0.6285,7293466.00268
1727769600,2024-10-01T08:00:00+00:00,0.6283,0.6341,0.6257,0.6287,6976049.102373
1727784000,2024-10-01T12:00:00+00:00,0.6287,0.6303,0.5927,0.6119,24614137.512639
1727798400,2024-10-01T16:00:00+00:00,0.6118,0.6271,0.5777,0.6104,46528457.481566995
1727812800,2024-10-01T20:00:00+00:00,0.6103,0.62,0.5883,0.5968,21980176.400074
1727827200,2024-10-02T00:00:00+00:00,0.5968,0.6066,0.5943,0.6026,9022985.873289999
1727841600,2024-10-02T04:00:00+00:00,0.6025,0.6051,0.5954,0.6005,7466127.872125
1727856000,2024-10-02T08:00:00+00:00,0.6004,0.6033,0.58,0.5858,12275694.35849
1727870400,2024-10-02T12:00:00+00:00,0.5857,0.5927,0.576,0.5848,20451292.645497
1727884800,2024-10-02T16:00:00+00:00,0.5847,0.59,0.5654,0.5754,21449587.143564
1727899200,2024-10-02T20:00:00+00:00,0.5755,0.5786,0.5254,0.5381,99981094.72689301
1727913600,2024-10-03T00:00:00+00:00,0.538,0.545,0.5231,0.5376,39984383.111673996
1727928000,2024-10-03T04:00:00+00:00,0.5375,0.5419,0.5186,0.5188,23811307.622229002
1727942400,2024-10-03T08:00:00+00:00,0.5187,0.5263,0.507,0.5173,30836826.450298
1727956800,2024-10-03T12:00:00+00:00,0.5172,0.528,0.5117,0.5225,24045678.764312997
1727971200,2024-10-03T16:00:00+00:00,0.5225,0.5283,0.5117,0.5273,19333784.307097003
1727985600,2024-10-03T20:00:00+00:00,0.5273,0.5275,0.5215,0.5222,14317554.036143
1728000000,2024-10-04T00:00:00+00:00,0.5221,0.5278,0.515,0.5246,17959926.575438
1728014400,2024-10-04T04:00:00+00:00,0.5245,0.5304,0.5205,0.5239,10196173.743610002
1728028800,2024-10-04T08:00:00+00:00,0.524,0.5278,0.5215,0.525,9295253.239069998
1728043200,2024-10-04T12:00:00+00:00,0.5251,0.5282,0.5155,0.5219,20047260.894654002
1728057600,2024-10-04T16:00:00+00:00,0.5219,0.5396,0.5214,0.5362,18512744.579971
1728072000,2024-10-04T20:00:00+00:00,0.5363,0.5368,0.5319,0.5341,10031224.924929
1728086400,2024-10-05T00:00:00+00:00,0.5342,0.5356,0.5269,0.5277,5641973.953021999
1728100800,2024-10-05T04:00:00+00:00,0.5276,0.5349,0.5267,0.5332,4124345.063268
1728115200,2024-10-05T08:00:00+00:00,0.5332,0.5354,0.531,0.5316,2074608.7236039997
1728129600,2024-10-05T12:00:00+00:00,0.5314,0.5334,0.5287,0.5305,4275571.981888
1728144000,2024-10-05T16:00:00+00:00,0.5305,0.5354,0.5261,0.5341,6827748.101182001
1728158400,2024-10-05T20:00:00+00:00,0.5342,0.535,0.527,0.5295,4784862.52423
1728172800,2024-10-06T00:00:00+00:00,0.5295,0.5331,0.5279,0.5292,3631207.0545849996
1728187200,2024-10-06T04:00:00+00:00,0.5293,0.5326,0.5285,0.5314,1948842.62897
1728201600,2024-10-06T08:00:00+00:00,0.5313,0.5321,0.5284,0.5308,3382533.508437
1728216000,2024-10-06T12:00:00+00:00,0.5308,0.537,0.5301,0.5369,4015507.2191870008
1728230400,2024-10-06T16:00:00+00:00,0.5368,0.5374,0.5319,0.532,5283580.890781
1728244800,2024-10-06T20:00:00+00:00,0.532,0.5347,0.53,0.5339,4573300.077965001
1728259200,2024-10-07T00:00:00+00:00,0.5338,0.5446,0.5327,0.5406,8906399.167709
1728273600,2024-10-07T04:00:00+00:00,0.5405,0.5433,0.5396,0.5402,4357515.960220001
1728288000,2024-10-07T08:00:00+00:00,0.5403,0.5422,0.5303,0.5373,5367652.185255
1728302400,2024-10-07T12:00:00+00:00,0.5371,0.5452,0.5356,0.5411,8232377.877947001
1728316800,2024-10-07T16:00:00+00:00,0.541,0.5458,0.5345,0.5401,9872940.029758
1728331200,2024-10-07T20:00:00+00:00,0.5403,0.5404,0.5281,0.5285,6851262.847897001
1728345600,2024-10-08T00:00:00+00:00,0.5285,0.5335,0.5284,0.5323,5109368.001737
1728360000,2024-10-08T04:00:00+00:00,0.5324,0.5345,0.5247,0.527,5134388.796089
1728374400,2024-10-08T08:00:00+00:00,0.5271,0.5315,0.5259,0.5309,2954812.074891
1728388800,2024-10-08T12:00:00+00:00,0.531,0.532,0.5209,0.5246,7480689.647508001
1728403200,2024-10-08T16:00:00+00:00,0.5245,0.5306,0.523,0.5297,5865358.607621
1728417600,2024-10-08T20:00:00+00:00,0.5299,0.5355,0.5285,0.5309,6672100.294663999
1728432000,2024-10-09T00:00:00+00:00,0.5309,0.5348,0.5291,0.533,3810352.154577
1728446400,2024-10-09T04:00:00+00:00,0.5329,0.5342,0.5278,0.5306,3855219.5920440005
1728460800,2024-10-09T08:00:00+00:00,0.5306,0.5341,0.5286,0.5322,2704837.38515
1728475200,2024-10-09T12:00:00+00:00,0.5321,0.5323,0.5256,0.5312,8411222.467590999
1728489600,2024-10-09T16:00:00+00:00,0.5312,0.5334,0.5277,0.5298,6542534.558893
1728504000,2024-10-09T20:00:00+00:00,0.5297,0.53,0.5207,0.5241,7733011.113287
1728518400,2024-10-10T00:00:00+00:00,0.5241,0.5286,0.522,0.527,3871591.296406
1728532800,2024-10-10T04:00:00+00:00,0.5269,0.5282,0.5244,0.5253,2928046.982409
1728547200,2024-10-10T08:00:00+00:00,0.5253,0.5292,0.5226,0.5292,4314883.149632
1728561600,2024-10-10T12:00:00+00:00,0.5294,0.5443,0.5265,0.535,17839601.039752
1728576000,2024-10-10T16:00:00+00:00,0.535,0.5395,0.5236,0.5258,14965200.876268001
1728590400,2024-10-10T20:00:00+00:00,0.5258,0.5305,0.5244,0.5302,4707422.198772999
1728604800,2024-10-11T00:00:00+00:00,0.5302,0.5361,0.5292,0.5349,4634241.139715
1728619200,2024-10-11T04:00:00+00:00,0.5348,0.5406,0.5325,0.5381,3276742.4242930003
1728633600,2024-10-11T08:00:00+00:00,0.5381,0.5405,0.5342,0.5354,4596910.99296
1728648000,2024-10-11T12:00:00+00:00,0.5353,0.5384,0.5334,0.5382,8932115.912688
1728662400,2024-10-11T16:00:00+00:00,0.5381,0.5419,0.5363,0.5417,8027745.664878
1728676800,2024-10-11T20:00:00+00:00,0.5416,0.5419,0.5376,0.5385,4647773.866634
1728691200,2024-10-12T00:00:00+00:00,0.5387,0.5394,0.5351,0.536,2983341.159973
1728705600,2024-10-12T04:00:00+00:00,0.536,0.5387,0.5354,0.5379,2744033.041248
1728720000,2024-10-12T08:00:00+00:00,0.538,0.5417,0.5377,0.5393,2199342.214575
1728734400,2024-10-12T12:00:00+00:00,0.5393,0.5432,0.5386,0.5416,4964858.896254
1728748800,2024-10-12T16:00:00+00:00,0.5415,0.5422,0.5371,0.5383,5227983.215918001
1728763200,2024-10-12T20:00:00+00:00,0.5382,0.5401,0.5372,0.5392,2874196.68599
1728777600,2024-10-13T00:00:00+00:00,0.5392,0.5395,0.5353,0.536,3433748.3223269996
1728792000,2024-10-13T04:00:00+00:00,0.536,0.5378,0.5359,0.5366,2547641.01465
1728806400,2024-10-13T08:00:00+00:00,0.5365,0.5371,0.5309,0.5311,3423681.2841620003
1728820800,2024-10-13T12:00:00+00:00,0.5313,0.5333,0.5253,0.5279,4964869.6441089995
1728835200,2024-10-13T16:00:00+00:00,0.5279,0.5312,0.525,0.527,4579987.318902
1728849600,2024-10-13T20:00:00+00:00,0.5273,0.5319,0.5263,0.5318,5075227.170402
1728864000,2024-10-14T00:00:00+00:00,0.5318,0.5393,0.528,0.5381,6171615.703408
1728878400,2024-10-14T04:00:00+00:00,0.5383,0.5396,0.5351,0.5386,4256453.569162
1728892800,2024-10-14T08:00:00+00:00,0.5385,0.5412,0.5366,0.5384,4413919.377623
1728907200,2024-10-14T12:00:00+00:00,0.5386,0.5523,0.5373,0.5489,11404088.828557
1728921600,2024-10-14T16:00:00+00:00,0.5489,0.5507,0.5444,0.5471,6917669.147330999
1728936000,2024-10-14T20:00:00+00:00,0.5471,0.5496,0.5441,0.5483,7404378.196837
1728950400,2024-10-15T00:00:00+00:00,0.5483,0.5555,0.5464,0.5473,7488948.649638
1728964800,2024-10-15T04:00:00+00:00,0.5473,0.5502,0.542,0.5455,6789598.342612
1728979200,2024-10-15T08:00:00+00:00,0.5455,0.5467,0.5342,0.5361,7021026.756185
1728993600,2024-10-15T12:00:00+00:00,0.536,0.5489,0.5315,0.539,13731457.607006
1729008000,2024-10-15T16:00:00+00:00,0.539,0.546,0.5383,0.5437,7351324.596446
1729022400,2024-10-15T20:00:00+00:00,0.5437,0.5441,0.5367,0.5417,5496363.6861930005
1729036800,2024-10-16T00:00:00+00:00,0.5417,0.5452,0.5392,0.5426,5927632.253900001
1729051200,2024-10-16T04:00:00+00:00,0.5427,0.5441,0.5373,0.539,3666214.8512810003
1729065600,2024-10-16T08:00:00+00:00,0.539,0.5458,0.5384,0.5438,4372661.764321
1729080000,2024-10-16T12:00:00+00:00,0.5438,0.5524,0.5424,0.5478,13103368.633283
1729094400,2024-10-16T16:00:00+00:00,0.5476,0.554,0.5461,0.5529,7447732.665515
1729108800,2024-10-16T20:00:00+00:00,0.5529,0.5538,0.5476,0.5482,7321640.597777001
1729123200,2024-10-17T00:00:00+00:00,0.5483,0.55,0.5455,0.5494,8192624.210569
1729137600,2024-10-17T04:00:00+00:00,0.5495,0.5664,0.5492,0.5544,20840604.138371
1729152000,2024-10-17T08:00:00+00:00,0.5542,0.5588,0.5507,0.5524,7958049.678666
1729166400,2024-10-17T12:00:00+00:00,0.5522,0.5574,0.5473,0.5535,9381846.922367
1729180800,2024-10-17T16:00:00+00:00,0.5536,0.5537,0.5417,0.5442,10232813.879752
1729195200,2024-10-17T20:00:00+00:00,0.5443,0.548,0.5428,0.544,4488992.097426
1729209600,2024-10-18T00:00:00+00:00,0.544,0.5467,0.5395,0.5432,6329264.942880001
1729224000,2024-10-18T04:00:00+00:00,0.5432,0.5526,0.5419,0.5497,4600963.031478
1729238400,2024-10-18T08:00:00+00:00,0.5499,0.5528,0.5461,0.5463,4966036.246317
1729252800,2024-10-18T12:00:00+00:00,0.5463,0.5475,0.5425,0.5458,9191525.705012
1729267200,2024-10-18T16:00:00+00:00,0.5458,0.549,0.5433,0.5465,8147829.249959
1729281600,2024-10-18T20:00:00+00:00,0.5464,0.5472,0.5447,0.5467,3930407.041011
1729296000,2024-10-19T00:00:00+00:00,0.5467,0.5499,0.5452,0.5475,5420279.229456
1729310400,2024-10-19T04:00:00+00:00,0.5476,0.5488,0.5456,0.5462,2965706.1357960002
1729324800,2024-10-19T08:00:00+00:00,0.5462,0.5477,0.5429,0.5433,2052479.2740060003
1729339200,2024-10-19T12:00:00+00:00,0.5433,0.5456,0.5431,0.5445,2612432.446786
1729353600,2024-10-19T16:00:00+00:00,0.5444,0.5445,0.5407,0.5414,3114853.0997169996
1729368000,2024-10-19T20:00:00+00:00,0.5414,0.5448,0.541,0.5439,2817738.159279
1729382400,2024-10-20T00:00:00+00:00,0.544,0.5447,0.5415,0.5431,2225803.1197430003
1729396800,2024-10-20T04:00:00+00:00,0.543,0.5436,0.5395,0.5405,2986844.225307
1729411200,2024-10-20T08:00:00+00:00,0.5404,0.5421,0.5366,0.5412,2679405.5187689997
1729425600,2024-10-20T12:00:00+00:00,0.5412,0.5451,0.5372,0.5444,4704371.724548
1729440000,2024-10-20T16:00:00+00:00,0.5445,0.5456,0.5416,0.5423,3758331.7991979998
1729454400,2024-10-20T20:00:00+00:00,0.5424,0.5487,0.5421,0.5481,5084428.603109
1729468800,2024-10-21T00:00:00+00:00,0.5481,0.5503,0.5452,0.5477,5615063.778227
1729483200,2024-10-21T04:00:00+00:00,0.5476,0.5543,0.546,0.5485,7666295.759862999
1729497600,2024-10-21T08:00:00+00:00,0.5484,0.5604,0.5484,0.5534,10748993.268005999
1729512000,2024-10-21T12:00:00+00:00,0.5534,0.5547,0.542,0.5462,8390341.55309
1729526400,2024-10-21T16:00:00+00:00,0.5461,0.548,0.5405,0.5475,6782263.617301
1729540800,2024-10-21T20:00:00+00:00,0.5475,0.548,0.5437,0.5446,5119512.292382
1729555200,2024-10-22T00:00:00+00:00,0.5448,0.5463,0.5391,0.5432,4716025.807351
1729569600,2024-10-22T04:00:00+00:00,0.5432,0.5493,0.5427,0.547,4646704.556030001
1729584000,2024-10-22T08:00:00+00:00,0.5468,0.547,0.5305,0.5338,9881756.063245
1729598400,2024-10-22T12:00:00+00:00,0.5338,0.5354,0.5288,0.5332,9941704.171067
1729612800,2024-10-22T16:00:00+00:00,0.533,0.5358,0.5296,0.5338,6942527.136072999
1729627200,2024-10-22T20:00:00+00:00,0.5338,0.5362,0.5317,0.5337,5496259.216139
1729641600,2024-10-23T00:00:00+00:00,0.5335,0.5338,0.53,0.531,3748184.672641
1729656000,2024-10-23T04:00:00+00:00,0.531,0.5318,0.5253,0.5262,6224888.255166
1729670400,2024-10-23T08:00:00+00:00,0.5263,0.5277,0.5223,0.5265,5238524.4156410005
1729684800,2024-10-23T12:00:00+00:00,0.5264,0.5286,0.5217,0.5236,6316238.892046001
1729699200,2024-10-23T16:00:00+00:00,0.5236,0.5242,0.5111,0.5213,15377322.150860999
1729713600,2024-10-23T20:00:00+00:00,0.5215,0.5263,0.5204,0.5254,5961971.190334
1729728000,2024-10-24T00:00:00+00:00,0.5253,0.5298,0.5249,0.528,4510561.685337
1729742400,2024-10-24T04:00:00+00:00,0.528,0.5327,0.5274,0.5284,4760068.387476
1729756800,2024-10-24T08:00:00+00:00,0.5284,0.5296,0.5236,0.5274,5510890.616431
1729771200,2024-10-24T12:00:00+00:00,0.5276,0.5319,0.5271,0.5289,4922644.908402
1729785600,2024-10-24T16:00:00+00:00,0.5287,0.5327,0.5276,0.5325,4857619.288118
1729800000,2024-10-24T20:00:00+00:00,0.5325,0.5336,0.5306,0.5318,3733431.51077
1729814400,2024-10-25T00:00:00+00:00,0.5318,0.532,0.5276,0.5287,4864993.354174
1729828800,2024-10-25T04:00:00+00:00,0.5285,0.5289,0.5199,0.5237,5497355.987746
1729843200,2024-10-25T08:00:00+00:00,0.5237,0.5275,0.5214,0.526,3000434.230794
1729857600,2024-10-25T12:00:00+00:00,0.5261,0.5272,0.5205,0.5221,5061027.957248
1729872000,2024-10-25T16:00:00+00:00,0.522,0.5235,0.5086,0.5144,11425353.453794999
1729886400,2024-10-25T20:00:00+00:00,0.5143,0.5174,0.4861,0.5012,22427903.694364
1729900800,2024-10-26T00:00:00+00:00,0.5013,0.5117,0.498,0.5116,10066145.921896
1729915200,2024-10-26T04:00:00+00:00,0.5115,0.5146,0.511,0.5136,3553411.707653
1729929600,2024-10-26T08:00:00+00:00,0.5136,0.5146,0.5125,0.5139,2376869.2204980003
1729944000,2024-10-26T12:00:00+00:00,0.5138,0.5145,0.5052,0.5084,4186422.207096
1729958400,2024-10-26T16:00:00+00:00,0.5085,0.5127,0.5085,0.5122,1928005.742574
1729972800,2024-10-26T20:00:00+00:00,0.5122,0.5146,0.5111,0.5129,3476180.5432349998
1729987200,2024-10-27T00:00:00+00:00,0.5128,0.5161,0.5114,0.5157,2884568.834566
1730001600,2024-10-27T04:00:00+00:00,0.5157,0.5158,0.513,0.5142,2719652.983285
1730016000,2024-10-27T08:00:00+00:00,0.5143,0.515,0.5102,0.5116,3025603.3322280003
1730030400,2024-10-27T12:00:00+00:00,0.5117,0.5166,0.5116,0.5166,3029149.719744
1730044800,2024-10-27T16:00:00+00:00,0.5167,0.5173,0.5128,0.5146,3543560.0193609996
1730059200,2024-10-27T20:00:00+00:00,0.5145,0.5177,0.5128,0.5163,3408392.551212
1730073600,2024-10-28T00:00:00+00:00,0.5163,0.5169,0.5121,0.5128,3348868.5824
1730088000,2024-10-28T04:00:00+00:00,0.5124,0.5181,0.5108,0.5157,2063106.180057
1730102400,2024-10-28T08:00:00+00:00,0.5156,0.5207,0.5154,0.5193,4952644.70015
1730116800,2024-10-28T12:00:00+00:00,0.5192,0.5212,0.5133,0.5136,6497156.66433
1730131200,2024-10-28T16:00:00+00:00,0.5135,0.519,0.5109,0.5173,7801219.416720999
1730145600,2024-10-28T20:00:00+00:00,0.5174,0.5211,0.516,0.5192,7044158.342665
1730160000,2024-10-29T00:00:00+00:00,0.5191,0.5262,0.5181,0.523,11379222.786835
1730174400,2024-10-29T04:00:00+00:00,0.5229,0.5278,0.5224,0.5254,5793324.1543189995
1730188800,2024-10-29T08:00:00+00:00,0.5254,0.5265,0.5226,0.5256,4324614.0262090005
1730203200,2024-10-29T12:00:00+00:00,0.5256,0.5291,0.5231,0.5256,7622023.672309
1730217600,2024-10-29T16:00:00+00:00,0.5257,0.531,0.5252,0.5262,11436209.183179999
1730232000,2024-10-29T20:00:00+00:00,0.5262,0.5287,0.5211,0.5284,5696795.662997
1730246400,2024-10-30T00:00:00+00:00,0.5284,0.5284,0.5225,0.5256,4748387.446604
1730260800,2024-10-30T04:00:00+00:00,0.5256,0.5263,0.5228,0.5236,3251432.585288
1730275200,2024-10-30T08:00:00+00:00,0.5236,0.5254,0.5202,0.5206,4248243.258621
1730289600,2024-10-30T12:00:00+00:00,0.5206,0.5258,0.5187,0.5232,7991908.14645
1730304000,2024-10-30T16:00:00+00:00,0.5231,0.5241,0.5213,0.5221,4692684.657942
1730318400,2024-10-30T20:00:00+00:00,0.522,0.5254,0.5206,0.5227,4719533.673545001
1730332800,2024-10-31T00:00:00+00:00,0.5229,0.5236,0.5192,0.5215,4060577.0719339997
1730347200,2024-10-31T04:00:00+00:00,0.5216,0.5219,0.5163,0.5175,4208727.22566
1730361600,2024-10-31T08:00:00+00:00,0.5175,0.5207,0.5152,0.5185,4509039.043156
1730376000,2024-10-31T12:00:00+00:00,0.5185,0.5211,0.5076,0.5105,10259929.307099
1730390400,2024-10-31T16:00:00+00:00,0.5106,0.5118,0.5027,0.5055,11117874.664539002
1730404800,2024-10-31T20:00:00+00:00,0.5056,0.5108,0.5051,0.5088,4480025.792498
1730419200,2024-11-01T00:00:00+00:00,0.5088,0.5187,0.5019,0.5187,7306753.553019
1730433600,2024-11-01T04:00:00+00:00,0.5186,0.5209,0.5092,0.5115,5539231.115791
1730448000,2024-11-01T08:00:00+00:00,0.5115,0.5239,0.5107,0.5184,10079236.920908
1730462400,2024-11-01T12:00:00+00:00,0.5184,0.5238,0.5114,0.5159,9589140.617999
1730476800,2024-11-01T16:00:00+00:00,0.5161,0.522,0.512,0.5159,8955450.951636001
1730491200,2024-11-01T20:00:00+00:00,0.5157,0.5168,0.5075,0.5128,5492488.769395
1730505600,2024-11-02T00:00:00+00:00,0.5128,0.5159,0.5119,0.5143,3141533.7637320003
1730520000,2024-11-02T04:00:00+00:00,0.5143,0.5152,0.5112,0.5128,2719722.7863870002
1730534400,2024-11-02T08:00:00+00:00,0.5128,0.5129,0.5102,0.5112,1633880.37987
1730548800,2024-11-02T12:00:00+00:00,0.5111,0.5128,0.5061,0.5101,4985986.17865
1730563200,2024-11-02T16:00:00+00:00,0.5102,0.5115,0.5075,0.5098,3668725.005153
1730577600,2024-11-02T20:00:00+00:00,0.5099,0.5104,0.5076,0.5104,3169856.85401
1730592000,2024-11-03T00:00:00+00:00,0.5104,0.511,0.4975,0.502,8598179.425572
1730606400,2024-11-03T04:00:00+00:00,0.5017,0.507,0.5017,0.5056,2619288.036222
1730620800,2024-11-03T08:00:00+00:00,0.5056,0.5057,0.5011,0.5027,3602871.201718
1730635200,2024-11-03T12:00:00+00:00,0.5027,0.5036,0.4916,0.4969,10904124.684848
1730649600,2024-11-03T16:00:00+00:00,0.4968,0.5008,0.493,0.5006,5546815.80597
1730664000,2024-11-03T20:00:00+00:00,0.5006,0.5045,0.4996,0.5029,4115000.349743
1730678400,2024-11-04T00:00:00+00:00,0.5029,0.5078,0.5003,0.507,4609385.111697
1730692800,2024-11-04T04:00:00+00:00,0.507,0.5084,0.5035,0.5052,3458251.566679
1730707200,2024-11-04T08:00:00+00:00,0.5051,0.5142,0.5041,0.5115,5269005.695649
1730721600,2024-11-04T12:00:00+00:00,0.5116,0.5123,0.5081,0.5101,5153783.332433
1730736000,2024-11-04T16:00:00+00:00,0.5101,0.5136,0.5059,0.5061,8372289.7796519995
1730750400,2024-11-04T20:00:00+00:00,0.5061,0.5074,0.4955,0.5032,14380150.303792002
1730764800,2024-11-05T00:00:00+00:00,0.5032,0.5059,0.5016,0.5052,4346805.737338
1730779200,2024-11-05T04:00:00+00:00,0.5053,0.5149,0.5042,0.5144,4158641.613559
1730793600,2024-11-05T08:00:00+00:00,0.5143,0.5185,0.5085,0.5088,5861141.811013
1730808000,2024-11-05T12:00:00+00:00,0.5088,0.5143,0.5055,0.5096,10703218.146326
1730822400,2024-11-05T16:00:00+00:00,0.5098,0.5147,0.5068,0.5081,9361510.152145
1730836800,2024-11-05T20:00:00+00:00,0.5081,0.5158,0.5068,0.5141,8078571.785479
1730851200,2024-11-06T00:00:00+00:00,0.5142,0.5379,0.5133,0.5342,23692128.180359
1730865600,2024-11-06T04:00:00+00:00,0.5343,0.543,0.5301,0.5365,23361936.220271997
1730880000,2024-11-06T08:00:00+00:00,0.5366,0.5378,0.5266,0.5346,12120858.048320001
1730894400,2024-11-06T12:00:00+00:00,0.5346,0.5362,0.5274,0.5311,11156329.489551
1730908800,2024-11-06T16:00:00+00:00,0.5311,0.537,0.5305,0.5369,12984469.483986001
1730923200,2024-11-06T20:00:00+00:00,0.5369,0.5474,0.5361,0.5426,14898609.111586
1730937600,2024-11-07T00:00:00+00:00,0.5425,0.58,0.5381,0.5601,28009642.385758
1730952000,2024-11-07T04:00:00+00:00,0.5603,0.5631,0.5503,0.5558,11008212.547763
1730966400,2024-11-07T08:00:00+00:00,0.5557,0.5573,0.5468,0.5474,6902864.725997
1730980800,2024-11-07T12:00:00+00:00,0.5474,0.5505,0.5408,0.5502,11774930.730416
1730995200,2024-11-07T16:00:00+00:00,0.5502,0.5562,0.5491,0.5556,16373892.076374
1731009600,2024-11-07T20:00:00+00:00,0.5556,0.5589,0.5506,0.5562,10450954.896275999
1731024000,2024-11-08T00:00:00+00:00,0.5562,0.5605,0.548,0.5502,10923983.151837
1731038400,2024-11-08T04:00:00+00:00,0.5501,0.5534,0.547,0.5512,6999767.94128
1731052800,2024-11-08T08:00:00+00:00,0.5512,0.5528,0.5466,0.5509,6661669.729639
1731067200,2024-11-08T12:00:00+00:00,0.5509,0.5584,0.5497,0.5526,14825047.940799002
1731081600,2024-11-08T16:00:00+00:00,0.5527,0.5554,0.5418,0.5517,14828188.654025998
1731096000,2024-11-08T20:00:00+00:00,0.5518,0.555,0.5468,0.5541,9726933.992945999
1731110400,2024-11-09T00:00:00+00:00,0.5541,0.5544,0.5455,0.5465,7843511.158161001
1731124800,2024-11-09T04:00:00+00:00,0.5466,0.5559,0.5464,0.5534,11719167.145838
1731139200,2024-11-09T08:00:00+00:00,0.5534,0.5569,0.5512,0.5533,6925381.557375001
1731153600,2024-11-09T12:00:00+00:00,0.5532,0.5535,0.5449,0.5484,9178475.448773
1731168000,2024-11-09T16:00:00+00:00,0.5484,0.5525,0.5437,0.5501,9365959.998905
1731182400,2024-11-09T20:00:00+00:00,0.5502,0.5622,0.5493,0.5596,15158341.733377
1731196800,2024-11-10T00:00:00+00:00,0.5596,0.5751,0.5557,0.5716,24138048.1035
1731211200,2024-11-10T04:00:00+00:00,0.5718,0.5927,0.5708,0.5854,33792101.453958
1731225600,2024-11-10T08:00:00+00:00,0.5855,0.5881,0.5812,0.5868,15739487.012734998
1731240000,2024-11-10T12:00:00+00:00,0.5866,0.619,0.5822,0.6051,61390300.369566
1731254400,2024-11-10T16:00:00+00:00,0.6053,0.6171,0.5917,0.5962,41753849.50321
1731268800,2024-11-10T20:00:00+00:00,0.5963,0.5988,0.5628,0.5888,34977067.324707
1731283200,2024-11-11T00:00:00+00:00,0.5889,0.5989,0.5852,0.5948,21813492.58216
1731297600,2024-11-11T04:00:00+00:00,0.5948,0.5967,0.5707,0.5778,21703227.420313
1731312000,2024-11-11T08:00:00+00:00,0.5776,0.5883,0.5771,0.5879,11581114.973497
1731326400,2024-11-11T12:00:00+00:00,0.5879,0.5967,0.5762,0.5913,22684367.610164
1731340800,2024-11-11T16:00:00+00:00,0.5912,0.5998,0.5886,0.5997,32871243.811228003
1731355200,2024-11-11T20:00:00+00:00,0.5998,0.6344,0.5996,0.6217,87433100.721288
1731369600,2024-11-12T00:00:00+00:00,0.6217,0.6224,0.5977,0.6068,35478165.562888995
1731384000,2024-11-12T04:00:00+00:00,0.6068,0.6182,0.5978,0.6168,39005597.421093
1731398400,2024-11-12T08:00:00+00:00,0.617,0.7,0.6063,0.6482,155557918.20677298
1731412800,2024-11-12T12:00:00+00:00,0.6479,0.7037,0.6254,0.679,131957130.49801299
1731427200,2024-11-12T16:00:00+00:00,0.6792,0.7064,0.6643,0.6936,106421388.800784
1731441600,2024-11-12T20:00:00+00:00,0.6938,0.745,0.6931,0.7054,143580718.159
1731456000,2024-11-13T00:00:00+00:00,0.7056,0.7422,0.667,0.6679,86912173.057655
1731470400,2024-11-13T04:00:00+00:00,0.668,0.6779,0.6416,0.6618,55876448.414238006
1731484800,2024-11-13T08:00:00+00:00,0.6618,0.6784,0.6533,0.6776,37579567.018433996
1731499200,2024-11-13T12:00:00+00:00,0.6778,0.7217,0.6651,0.7143,106218162.93367
1731513600,2024-11-13T16:00:00+00:00,0.7143,0.7496,0.6757,0.6821,125863117.81335601
1731528000,2024-11-13T20:00:00+00:00,0.6818,0.6936,0.6697,0.6908,55587224.10856701
1731542400,2024-11-14T00:00:00+00:00,0.6908,0.7057,0.6832,0.6976,50267410.427392
1731556800,2024-11-14T04:00:00+00:00,0.6976,0.7052,0.6838,0.699,30020271.013765
1731571200,2024-11-14T08:00:00+00:00,0.699,0.7221,0.6981,0.7183,33226635.146723002
1731585600,2024-11-14T12:00:00+00:00,0.7184,0.7548,0.7015,0.7137,113614219.59152201
1731600000,2024-11-14T16:00:00+00:00,0.7135,0.8,0.7063,0.7904,155265742.32129
1731614400,2024-11-14T20:00:00+00:00,0.7904,0.8597,0.7551,0.7738,182756955.28153497
1731628800,2024-11-15T00:00:00+00:00,0.7737,0.8317,0.7704,0.8213,100228994.571721
1731643200,2024-11-15T04:00:00+00:00,0.8213,0.8399,0.7836,0.7862,67762774.389016
1731657600,2024-11-15T08:00:00+00:00,0.7862,0.8341,0.7737,0.8273,55790252.513147995
1731672000,2024-11-15T12:00:00+00:00,0.8271,0.9165,0.8163,0.866,202717637.424557
1731686400,2024-11-15T16:00:00+00:00,0.8662,0.8984,0.8595,0.8981,93097531.229666
1731700800,2024-11-15T20:00:00+00:00,0.8978,0.9277,0.8685,0.8929,107991268.139266
1731715200,2024-11-16T00:00:00+00:00,0.8928,0.92,0.8784,0.9083,52013082.592624
1731729600,2024-11-16T04:00:00+00:00,0.9084,0.9843,0.9057,0.9725,124951670.465069
1731744000,2024-11-16T08:00:00+00:00,0.9726,1.0896,0.9611,1.05,143493277.482624
1731758400,2024-11-16T12:00:00+00:00,1.05,1.3,1.0308,1.1098,269794065.534573
1731772800,2024-11-16T16:00:00+00:00,1.1102,1.2067,1.0846,1.1874,156828400.147153
1731787200,2024-11-16T20:00:00+00:00,1.1878,1.2038,1.1044,1.1213,115630520.61652198
1731801600,2024-11-17T00:00:00+00:00,1.1213,1.1619,1.0308,1.0611,109198581.68514499
1731816000,2024-11-17T04:00:00+00:00,1.0614,1.0905,1.0031,1.0684,101983106.634406
1731830400,2024-11-17T08:00:00+00:00,1.0683,1.1007,1.0355,1.0361,50718095.77357999
1731844800,2024-11-17T12:00:00+00:00,1.0365,1.1469,1.0365,1.0836,84412545.705494
1731859200,2024-11-17T16:00:00+00:00,1.084,1.0901,1.0318,1.0351,54952902.10114
1731873600,2024-11-17T20:00:00+00:00,1.0351,1.072,1.0315,1.0544,47746045.084931
1731888000,2024-11-18T00:00:00+00:00,1.0547,1.1397,1.0546,1.1181,96910089.660388
1731902400,2024-11-18T04:00:00+00:00,1.1183,1.1875,1.1133,1.17,87519067.807914
1731916800,2024-11-18T08:00:00+00:00,1.1701,1.1746,1.1108,1.1191,48016075.42071299
1731931200,2024-11-18T12:00:00+00:00,1.1191,1.1819,1.1046,1.1673,68856695.760238
1731945600,2024-11-18T16:00:00+00:00,1.1672,1.1679,1.0756,1.0907,75119384.56818101
1731960000,2024-11-18T20:00:00+00:00,1.0909,1.1412,1.0832,1.1146,54058190.356185004
1731974400,2024-11-19T00:00:00+00:00,1.1148,1.1485,1.112,1.1383,40640341.513646
1731988800,2024-11-19T04:00:00+00:00,1.1383,1.1416,1.099,1.103,32684610.35225
1732003200,2024-11-19T08:00:00+00:00,1.1032,1.1107,1.0825,1.1014,28681873.261444997
1732017600,2024-11-19T12:00:00+00:00,1.1013,1.1235,1.0687,1.0975,46712879.413615
1732032000,2024-11-19T16:00:00+00:00,1.0977,1.1184,1.0851,1.1075,40519830.141326
1732046400,2024-11-19T20:00:00+00:00,1.1072,1.1187,1.0725,1.1018,39998735.380394995
1732060800,2024-11-20T00:00:00+00:00,1.1019,1.1165,1.0577,1.0798,37650337.983637996
1732075200,2024-11-20T04:00:00+00:00,1.0799,1.0945,1.0692,1.0825,19531696.529103003
1732089600,2024-11-20T08:00:00+00:00,1.0825,1.14,1.0765,1.121,35756091.219481
1732104000,2024-11-20T12:00:00+00:00,1.1208,1.151,1.1113,1.1219,55330425.076755
1732118400,2024-11-20T16:00:00+00:00,1.122,1.1316,1.0649,1.0849,56422412.004561
1732132800,2024-11-20T20:00:00+00:00,1.0845,1.1207,1.0768,1.105,37574413.077848
1732147200,2024-11-21T00:00:00+00:00,1.1053,1.132,1.0796,1.0975,39683016.287632
1732161600,2024-11-21T04:00:00+00:00,1.0971,1.132,1.0855,1.1101,37879823.850096
1732176000,2024-11-21T08:00:00+00:00,1.1103,1.1359,1.1068,1.1111,25956295.007454
1732190400,2024-11-21T12:00:00+00:00,1.1112,1.1576,1.0964,1.1039,57940078.556890994
1732204800,2024-11-21T16:00:00+00:00,1.1036,1.245,1.0995,1.1732,158690524.44752
1732219200,2024-11-21T20:00:00+00:00,1.173,1.2648,1.1668,1.2487,74506377.217902
1732233600,2024-11-22T00:00:00+00:00,1.2481,1.415,1.2473,1.3856,222466162.49898
1732248000,2024-11-22T04:00:00+00:00,1.3858,1.435,1.363,1.3654,96663252.419008
1732262400,2024-11-22T08:00:00+00:00,1.3653,1.4774,1.3649,1.4678,67654381.321906
1732276800,2024-11-22T12:00:00+00:00,1.4681,1.5027,1.3521,1.4437,151196524.105467
1732291200,2024-11-22T16:00:00+00:00,1.4437,1.4936,1.4037,1.4391,94261057.97611
1732305600,2024-11-22T20:00:00+00:00,1.4389,1.4944,1.4306,1.4746,68025911.13783501
1732320000,2024-11-23T00:00:00+00:00,1.4746,1.6362,1.4711,1.5678,157527577.65285802
1732334400,2024-11-23T04:00:00+00:00,1.5676,1.5682,1.4937,1.5469,64144027.269088
1732348800,2024-11-23T08:00:00+00:00,1.5469,1.5795,1.5132,1.5465,43177243.089418
1732363200,2024-11-23T12:00:00+00:00,1.5465,1.5977,1.5252,1.5589,58248353.305012
1732377600,2024-11-23T16:00:00+00:00,1.5589,1.5796,1.4224,1.4774,104499414.16754901
1732392000,2024-11-23T20:00:00+00:00,1.4773,1.5122,1.4216,1.4705,59642383.28933
1732406400,2024-11-24T00:00:00+00:00,1.4704,1.5147,1.442,1.4746,52152780.34047
1732420800,2024-11-24T04:00:00+00:00,1.4747,1.4849,1.4385,1.4662,32789876.06879
1732435200,2024-11-24T08:00:00+00:00,1.4666,1.47,1.3797,1.385,39833264.102797
1732449600,2024-11-24T12:00:00+00:00,1.385,1.405,1.2734,1.3084,112992210.380191
1732464000,2024-11-24T16:00:00+00:00,1.308,1.4075,1.3,1.3803,73332651.479533
1732478400,2024-11-24T20:00:00+00:00,1.3803,1.463,1.3732,1.4351,64441750.315851994
1732492800,2024-11-25T00:00:00+00:00,1.4353,1.4361,1.3567,1.4042,43124481.597224005
1732507200,2024-11-25T04:00:00+00:00,1.4045,1.508,1.4032,1.4807,61087962.927694
1732521600,2024-11-25T08:00:00+00:00,1.4807,1.541,1.4665,1.4806,39450737.509523995
1732536000,2024-11-25T12:00:00+00:00,1.4806,1.4882,1.3708,1.4239,63935697.170858994
1732550400,2024-11-25T16:00:00+00:00,1.4234,1.5242,1.4115,1.475,91877854.726906
1732564800,2024-11-25T20:00:00+00:00,1.4749,1.4808,1.3804,1.4144,58182420.843991004
1732579200,2024-11-26T00:00:00+00:00,1.4143,1.4595,1.3991,1.4475,45517944.941042
1732593600,2024-11-26T04:00:00+00:00,1.4473,1.4577,1.4071,1.4254,27537772.029333003
1732608000,2024-11-26T08:00:00+00:00,1.4251,1.4269,1.2825,1.333,69114878.2058
1732622400,2024-11-26T12:00:00+00:00,1.3329,1.3848,1.3126,1.346,62388703.276599005
1732636800,2024-11-26T16:00:00+00:00,1.3463,1.3976,1.3346,1.3794,44996469.260999
1732651200,2024-11-26T20:00:00+00:00,1.3796,1.4273,1.3734,1.3979,41848137.704177
1732665600,2024-11-27T00:00:00+00:00,1.3979,1.42,1.3557,1.3654,35263268.135678
1732680000,2024-11-27T04:00:00+00:00,1.365,1.4172,1.3519,1.4107,30462086.604043003
1732694400,2024-11-27T08:00:00+00:00,1.4106,1.4664,1.4048,1.4324,39441248.193944
1732708800,2024-11-27T12:00:00+00:00,1.432,1.5093,1.41,1.4965,47589165.176341
1732723200,2024-11-27T16:00:00+00:00,1.4968,1.5076,1.4643,1.4867,42790472.60506699
1732737600,2024-11-27T20:00:00+00:00,1.4868,1.5238,1.4665,1.4713,39479461.86950199
1732752000,2024-11-28T00:00:00+00:00,1.4712,1.486,1.4417,1.4661,34800595.541253
1732766400,2024-11-28T04:00:00+00:00,1.4666,1.4929,1.4581,1.4647,19234996.826893
1732780800,2024-11-28T08:00:00+00:00,1.4646,1.4738,1.4396,1.4658,18202913.743202
1732795200,2024-11-28T12:00:00+00:00,1.4653,1.478,1.4312,1.4353,24467147.213453
1732809600,2024-11-28T16:00:00+00:00,1.435,1.4831,1.4341,1.4783,23609961.687932
1732824000,2024-11-28T20:00:00+00:00,1.4782,1.5487,1.465,1.5426,40505324.171112
1732838400,2024-11-29T00:00:00+00:00,1.5426,1.5792,1.5234,1.5526,57317255.601734
1732852800,2024-11-29T04:00:00+00:00,1.5526,1.6465,1.5392,1.589,61157469.732171
1732867200,2024-11-29T08:00:00+00:00,1.5895,1.6838,1.5895,1.6538,44711001.683707
1732881600,2024-11-29T12:00:00+00:00,1.6537,1.7774,1.6444,1.7106,92806283.608495
1732896000,2024-11-29T16:00:00+00:00,1.7113,1.7387,1.6768,1.7277,65118817.691832006
1732910400,2024-11-29T20:00:00+00:00,1.7277,1.8169,1.7189,1.8022,80060044.677374
1732924800,2024-11-30T00:00:00+00:00,1.8021,1.8689,1.7647,1.8197,99623367.55871901
1732939200,2024-11-30T04:00:00+00:00,1.8197,1.9499,1.8057,1.9143,103822669.26993
1732953600,2024-11-30T08:00:00+00:00,1.9144,1.9344,1.8498,1.8972,50590037.569738
1732968000,2024-11-30T12:00:00+00:00,1.8972,1.9012,1.82,1.8789,53352639.989078
1732982400,2024-11-30T16:00:00+00:00,1.8788,1.9114,1.8555,1.9008,48949336.647018
1732996800,2024-11-30T20:00:00+00:00,1.9009,1.9594,1.8801,1.9528,70792806.415471
1733011200,2024-12-01T00:00:00+00:00,1.9529,1.9581,1.85,1.8922,61051222.202755
1733025600,2024-12-01T04:00:00+00:00,1.8923,1.903,1.8563,1.8732,26814343.990117
1733040000,2024-12-01T08:00:00+00:00,1.8734,1.95,1.87,1.9131,37321412.61198901
1733054400,2024-12-01T12:00:00+00:00,1.9137,1.9232,1.8927,1.903,33059620.270740002
1733068800,2024-12-01T16:00:00+00:00,1.9029,2.15,1.88,2.1284,136743489.456287
1733083200,2024-12-01T20:00:00+00:00,2.1276,2.3671,2.0696,2.2978,197487698.51453698
1733097600,2024-12-02T00:00:00+00:00,2.2966,2.5009,2.2727,2.3979,243846420.291829
1733112000,2024-12-02T04:00:00+00:00,2.3969,2.4852,2.3545,2.4413,102499686.01069799
1733126400,2024-12-02T08:00:00+00:00,2.441,2.4563,2.21,2.3148,107996438.058637
1733140800,2024-12-02T12:00:00+00:00,2.3149,2.7514,2.2983,2.7017,189394925.781382
1733155200,2024-12-02T16:00:00+00:00,2.7017,2.8754,2.5672,2.7485,239496045.00891998
1733169600,2024-12-02T20:00:00+00:00,2.7483,2.8,2.6343,2.7289,119757329.697243
1733184000,2024-12-03T00:00:00+00:00,2.729,2.7778,2.647,2.7734,94031475.260611
1733198400,2024-12-03T04:00:00+00:00,2.7734,2.7847,2.51,2.6332,95064344.041428
1733212800,2024-12-03T08:00:00+00:00,2.6328,2.8584,2.5645,2.8501,65946281.857774004
1733227200,2024-12-03T12:00:00+00:00,2.8499,2.9,2.15,2.5247,254427162.080424
1733241600,2024-12-03T16:00:00+00:00,2.5258,2.6099,2.4841,2.5712,118464090.77357298
1733256000,2024-12-03T20:00:00+00:00,2.5712,2.6957,2.5099,2.5127,88387236.09832701
1733270400,2024-12-04T00:00:00+00:00,2.5128,2.583,2.5017,2.5464,58788315.003216
1733284800,2024-12-04T04:00:00+00:00,2.5464,2.66,2.5408,2.6243,47041665.255475
1733299200,2024-12-04T08:00:00+00:00,2.6243,2.683,2.6058,2.6115,36503491.361589
1733313600,2024-12-04T12:00:00+00:00,2.6113,2.6288,2.4897,2.5157,71349121.555297
1733328000,2024-12-04T16:00:00+00:00,2.5162,2.5252,2.3051,2.3984,143888691.510537
1733342400,2024-12-04T20:00:00+00:00,2.3979,2.4475,2.2833,2.361,121833263.372477
1733356800,2024-12-05T00:00:00+00:00,2.3611,2.3991,2.1645,2.2567,199884151.038582
1733371200,2024-12-05T04:00:00+00:00,2.2567,2.39,2.2425,2.3769,74356500.322247
1733385600,2024-12-05T08:00:00+00:00,2.3769,2.498,2.3612,2.4115,50474971.07110701
1733400000,2024-12-05T12:00:00+00:00,2.4119,2.4195,2.3091,2.3773,63685521.034590006
1733414400,2024-12-05T16:00:00+00:00,2.3778,2.4434,2.3274,2.3387,62521146.17343
1733428800,2024-12-05T20:00:00+00:00,2.3387,2.3541,2.22,2.2466,83175870.12442201
1733443200,2024-12-06T00:00:00+00:00,2.2467,2.3428,2.2279,2.3102,48941741.988552
1733457600,2024-12-06T04:00:00+00:00,2.3106,2.3981,2.3062,2.3212,36887042.126225
1733472000,2024-12-06T08:00:00+00:00,2.3213,2.3384,2.2447,2.2763,29835688.520269997
1733486400,2024-12-06T12:00:00+00:00,2.2757,2.3779,2.26,2.3321,46249128.486762
1733500800,2024-12-06T16:00:00+00:00,2.3322,2.4171,2.3314,2.3689,54431671.184694
1733515200,2024-12-06T20:00:00+00:00,2.3694,2.4699,2.3622,2.4304,62669024.727634
1733529600,2024-12-07T00:00:00+00:00,2.4303,2.5048,2.4013,2.4184,65466134.47278299
1733544000,2024-12-07T04:00:00+00:00,2.4184,2.4488,2.3875,2.4107,26031398.662443
1733558400,2024-12-07T08:00:00+00:00,2.4109,2.4525,2.397,2.4328,18591958.837298997
1733572800,2024-12-07T12:00:00+00:00,2.4328,2.5521,2.4237,2.5436,45490703.994682
1733587200,2024-12-07T16:00:00+00:00,2.5438,2.5747,2.473,2.5177,63398019.28709699
1733601600,2024-12-07T20:00:00+00:00,2.5177,2.6227,2.5043,2.6121,68061693.86660501
1733616000,2024-12-08T00:00:00+00:00,2.6121,2.6196,2.5658,2.5946,59378476.012302
1733630400,2024-12-08T04:00:00+00:00,2.5945,2.5959,2.5293,2.5552,32606525.287233997
1733644800,2024-12-08T08:00:00+00:00,2.5552,2.5578,2.4867,2.5405,23766144.889268
1733659200,2024-12-08T12:00:00+00:00,2.5408,2.5701,2.5118,2.5431,22920270.174233
1733673600,2024-12-08T16:00:00+00:00,2.543,2.6488,2.5382,2.582,55521203.077355
1733688000,2024-12-08T20:00:00+00:00,2.5818,2.623,2.5564,2.6037,37605098.252851
1733702400,2024-12-09T00:00:00+00:00,2.6037,2.6098,2.4326,2.4715,91039704.499508
1733716800,2024-12-09T04:00:00+00:00,2.4709,2.4949,2.4082,2.4427,30424344.053878997
1733731200,2024-12-09T08:00:00+00:00,2.4426,2.4433,2.35,2.3715,45259846.888984
1733745600,2024-12-09T12:00:00+00:00,2.3715,2.4664,2.3659,2.3866,53132296.372379
1733760000,2024-12-09T16:00:00+00:00,2.3869,2.4407,2.3762,2.4074,34992017.005104
1733774400,2024-12-09T20:00:00+00:00,2.407,2.4119,1.95,2.2129,209648835.6009
1733788800,2024-12-10T00:00:00+00:00,2.2137,2.2798,2.04,2.152,144642497.6598
1733803200,2024-12-10T04:00:00+00:00,2.1517,2.2246,2.0844,2.209,68787546.971166
1733817600,2024-12-10T08:00:00+00:00,2.2093,2.2579,2.1756,2.2201,41288004.706213996
1733832000,2024-12-10T12:00:00+00:00,2.2212,2.2276,2.0338,2.0401,105887091.742338
1733846400,2024-12-10T16:00:00+00:00,2.0408,2.1523,1.9,2.1256,252398495.83008903
1733860800,2024-12-10T20:00:00+00:00,2.1258,2.4263,2.1134,2.373,207328322.28361002
1733875200,2024-12-11T00:00:00+00:00,2.373,2.3891,2.2309,2.3016,95466538.94585101
1733889600,2024-12-11T04:00:00+00:00,2.3021,2.3572,2.287,2.2887,46216769.385443
1733904000,2024-12-11T08:00:00+00:00,2.2888,2.4,2.2858,2.3625,47541318.364544995
1733918400,2024-12-11T12:00:00+00:00,2.3624,2.4724,2.3302,2.45,84931448.187427
1733932800,2024-12-11T16:00:00+00:00,2.4502,2.465,2.3829,2.4369,57446206.038205996
1733947200,2024-12-11T20:00:00+00:00,2.4369,2.4463,2.3931,2.3957,44409961.873146996
1733961600,2024-12-12T00:00:00+00:00,2.3957,2.4323,2.3522,2.4055,51386024.471436
1733976000,2024-12-12T04:00:00+00:00,2.4053,2.4855,2.4034,2.4246,53328288.31102099
1733990400,2024-12-12T08:00:00+00:00,2.4249,2.4539,2.38,2.411,24398764.269456998
1734004800,2024-12-12T12:00:00+00:00,2.4115,2.4533,2.3957,2.4181,40216075.403211005
1734019200,2024-12-12T16:00:00+00:00,2.4182,2.4474,2.3381,2.3471,55013973.29591501
1734033600,2024-12-12T20:00:00+00:00,2.3461,2.3968,2.3092,2.3388,40963513.978762
1734048000,2024-12-13T00:00:00+00:00,2.3386,2.369,2.31,2.3516,36555796.116503
1734062400,2024-12-13T04:00:00+00:00,2.3513,2.3545,2.2846,2.3166,24895978.198176004
1734076800,2024-12-13T08:00:00+00:00,2.316,2.3551,2.3009,2.3348,17145465.560107
1734091200,2024-12-13T12:00:00+00:00,2.3353,2.4784,2.3353,2.3978,72407021.33965999
1734105600,2024-12-13T16:00:00+00:00,2.3982,2.4459,2.3847,2.4197,36858847.296764
1734120000,2024-12-13T20:00:00+00:00,2.4203,2.4438,2.4102,2.4225,23889628.350527998
1734134400,2024-12-14T00:00:00+00:00,2.4227,2.478,2.3992,2.463,35537675.405516
1734148800,2024-12-14T04:00:00+00:00,2.4628,2.5321,2.4473,2.488,40114862.543906
1734163200,2024-12-14T08:00:00+00:00,2.4884,2.5049,2.4248,2.431,16195275.283099
1734177600,2024-12-14T12:00:00+00:00,2.4309,2.4377,2.3651,2.4046,31847021.260259002
1734192000,2024-12-14T16:00:00+00:00,2.4046,2.4139,2.3677,2.3956,22118620.670737
1734206400,2024-12-14T20:00:00+00:00,2.3955,2.4097,2.3545,2.4005,21561923.22909
1734220800,2024-12-15T00:00:00+00:00,2.4007,2.4415,2.3838,2.4154,22037796.445841
1734235200,2024-12-15T04:00:00+00:00,2.4152,2.4483,2.3871,2.3988,19862350.303668
1734249600,2024-12-15T08:00:00+00:00,2.3987,2.435,2.3876,2.4268,11074719.971664
1734264000,2024-12-15T12:00:00+00:00,2.4266,2.4309,2.3902,2.414,16865676.572893
1734278400,2024-12-15T16:00:00+00:00,2.4144,2.4392,2.4049,2.4063,17142744.570855
1734292800,2024-12-15T20:00:00+00:00,2.4063,2.4722,2.3681,2.4465,69409192.53386301
1734307200,2024-12-16T00:00:00+00:00,2.4467,2.47,2.39,2.4042,33241982.589864
1734321600,2024-12-16T04:00:00+00:00,2.4042,2.4178,2.3966,2.4042,21063186.825935
1734336000,2024-12-16T08:00:00+00:00,2.4043,2.4074,2.3343,2.3498,25823666.962162003
1734350400,2024-12-16T12:00:00+00:00,2.3504,2.3987,2.3435,2.3737,39133835.333615
1734364800,2024-12-16T16:00:00+00:00,2.3737,2.588,2.3736,2.4757,146575503.620506
1734379200,2024-12-16T20:00:00+00:00,2.4758,2.53,2.4606,2.4854,34988312.326673
1734393600,2024-12-17T00:00:00+00:00,2.4856,2.494,2.4408,2.485,30779855.565034002
1734408000,2024-12-17T04:00:00+00:00,2.4849,2.5517,2.4602,2.5352,26800066.989062995
1734422400,2024-12-17T08:00:00+00:00,2.5354,2.7267,2.5311,2.689,61125012.06083301
1734436800,2024-12-17T12:00:00+00:00,2.6886,2.7156,2.5498,2.5962,77676843.688079
1734451200,2024-12-17T16:00:00+00:00,2.5961,2.659,2.5768,2.6012,47193047.257465
1734465600,2024-12-17T20:00:00+00:00,2.6012,2.6358,2.5238,2.5676,44646148.819733
1734480000,2024-12-18T00:00:00+00:00,2.5677,2.5924,2.5221,2.5229,34043714.657648996
1734494400,2024-12-18T04:00:00+00:00,2.5227,2.5371,2.47,2.5087,31839200.623531
1734508800,2024-12-18T08:00:00+00:00,2.5088,2.5916,2.4919,2.581,18610730.875362
1734523200,2024-12-18T12:00:00+00:00,2.5803,2.5827,2.4439,2.4704,75797326.916145
1734537600,2024-12-18T16:00:00+00:00,2.4705,2.5152,2.4003,2.4014,45674586.275297
1734552000,2024-12-18T20:00:00+00:00,2.4014,2.418,2.2469,2.3092,105394200.04600401
1734566400,2024-12-19T00:00:00+00:00,2.3092,2.3666,2.1702,2.3512,89627223.211254
1734580800,2024-12-19T04:00:00+00:00,2.3511,2.3852,2.3336,2.3798,21156606.003994998
1734595200,2024-12-19T08:00:00+00:00,2.379,2.4304,2.3463,2.4086,16629954.615497
1734609600,2024-12-19T12:00:00+00:00,2.4086,2.4167,2.2689,2.3255,41916982.161446005
1734624000,2024-12-19T16:00:00+00:00,2.3262,2.3455,2.1903,2.2272,115515750.387499
1734638400,2024-12-19T20:00:00+00:00,2.2279,2.289,2.152,2.2376,51739827.812321
1734652800,2024-12-20T00:00:00+00:00,2.2373,2.3532,2.22,2.3275,37627010.888502
1734667200,2024-12-20T04:00:00+00:00,2.3279,2.34,2.2472,2.2863,20383372.184673
1734681600,2024-12-20T08:00:00+00:00,2.2859,2.2901,1.9564,1.9648,106105889.649364
1734696000,2024-12-20T12:00:00+00:00,1.9647,2.2463,1.95,2.2125,102807566.912586
1734710400,2024-12-20T16:00:00+00:00,2.2133,2.3128,2.2,2.2781,44720823.722549
1734724800,2024-12-20T20:00:00+00:00,2.2781,2.2972,2.2035,2.2786,44432083.738977
1734739200,2024-12-21T00:00:00+00:00,2.279,2.316,2.2461,2.298,25218618.956023
1734753600,2024-12-21T04:00:00+00:00,2.2984,2.3849,2.2892,2.3528,24780689.1585
1734768000,2024-12-21T08:00:00+00:00,2.3526,2.3654,2.2841,2.3066,15137570.404105
1734782400,2024-12-21T12:00:00+00:00,2.3066,2.3067,2.1911,2.2575,28774643.218076997
1734796800,2024-12-21T16:00:00+00:00,2.2575,2.2649,2.2,2.2415,23333698.260587998
1734811200,2024-12-21T20:00:00+00:00,2.2411,2.2635,2.2043,2.2365,16871720.719779
1734825600,2024-12-22T00:00:00+00:00,2.237,2.2563,2.2034,2.2384,16594799.985798
1734840000,2024-12-22T04:00:00+00:00,2.2381,2.2457,2.1735,2.2274,17925936.742034
1734854400,2024-12-22T08:00:00+00:00,2.2275,2.293,2.2257,2.2586,11695747.665323
1734868800,2024-12-22T12:00:00+00:00,2.2588,2.2754,2.1952,2.2179,19353287.471798
1734883200,2024-12-22T16:00:00+00:00,2.2183,2.2596,2.1812,2.1886,17247308.817266
1734897600,2024-12-22T20:00:00+00:00,2.1884,2.2249,2.1571,2.201,26648938.313231
1734912000,2024-12-23T00:00:00+00:00,2.2008,2.2199,2.1294,2.2152,37628929.765287
1734926400,2024-12-23T04:00:00+00:00,2.2159,2.2334,2.1541,2.1772,16405565.21326
1734940800,2024-12-23T08:00:00+00:00,2.1772,2.2233,2.1708,2.1984,10205769.368338002
1734955200,2024-12-23T12:00:00+00:00,2.1988,2.2215,2.1307,2.1403,27504792.290586002
1734969600,2024-12-23T16:00:00+00:00,2.1403,2.2013,2.1356,2.1802,27949258.465438
1734984000,2024-12-23T20:00:00+00:00,2.1797,2.2759,2.1787,2.2592,43015661.420927
1734998400,2024-12-24T00:00:00+00:00,2.2592,2.2615,2.21,2.2455,17844126.842163
1735012800,2024-12-24T04:00:00+00:00,2.2455,2.2637,2.2253,2.2435,8470522.002385
1735027200,2024-12-24T08:00:00+00:00,2.2436,2.2567,2.2194,2.2418,6822188.472797
1735041600,2024-12-24T12:00:00+00:00,2.2419,2.335,2.226,2.3201,28044642.505082
1735056000,2024-12-24T16:00:00+00:00,2.32,2.3494,2.3034,2.3049,25900708.630397
1735070400,2024-12-24T20:00:00+00:00,2.3049,2.3376,2.2769,2.3223,19360760.250202
1735084800,2024-12-25T00:00:00+00:00,2.3223,2.3226,2.2811,2.2959,12629012.65924
1735099200,2024-12-25T04:00:00+00:00,2.2961,2.313,2.2771,2.2835,7158909.355219
1735113600,2024-12-25T08:00:00+00:00,2.2835,2.3308,2.266,2.2703,9306868.625483
1735128000,2024-12-25T12:00:00+00:00,2.2702,2.2984,2.2602,2.2771,9728349.871831
1735142400,2024-12-25T16:00:00+00:00,2.2776,2.3065,2.26,2.3048,10772302.819167
1735156800,2024-12-25T20:00:00+00:00,2.3051,2.3154,2.2866,2.2958,10327166.824822
1735171200,2024-12-26T00:00:00+00:00,2.296,2.3144,2.2631,2.2697,12768479.911729
1735185600,2024-12-26T04:00:00+00:00,2.2697,2.2698,2.2306,2.2394,9245825.530253
1735200000,2024-12-26T08:00:00+00:00,2.2398,2.2445,2.1584,2.1881,20755305.771296
1735214400,2024-12-26T12:00:00+00:00,2.1881,2.1893,2.1504,2.1642,23744208.580922
1735228800,2024-12-26T16:00:00+00:00,2.1643,2.184,2.1265,2.1653,28592424.032762
1735243200,2024-12-26T20:00:00+00:00,2.1652,2.177,2.1272,2.1537,17233331.827981
1735257600,2024-12-27T00:00:00+00:00,2.1539,2.1874,2.1302,2.1727,17492680.956304997
1735272000,2024-12-27T04:00:00+00:00,2.1724,2.186,2.1262,2.141,14441308.192793
1735286400,2024-12-27T08:00:00+00:00,2.1412,2.2353,2.1412,2.2117,17344511.96739
1735300800,2024-12-27T12:00:00+00:00,2.2114,2.2128,2.1244,2.142,20960126.458018
1735315200,2024-12-27T16:00:00+00:00,2.1415,2.1783,2.111,2.1762,21536662.63016
1735329600,2024-12-27T20:00:00+00:00,2.1763,2.1781,2.1305,2.1437,15046280.213453
1735344000,2024-12-28T00:00:00+00:00,2.1437,2.1549,2.1313,2.1517,12259852.133534
1735358400,2024-12-28T04:00:00+00:00,2.1519,2.1684,2.142,2.1546,5473781.875293
1735372800,2024-12-28T08:00:00+00:00,2.1547,2.1727,2.1538,2.1663,6110381.852535
1735387200,2024-12-28T12:00:00+00:00,2.1664,2.1915,2.156,2.1693,10063846.513808
1735401600,2024-12-28T16:00:00+00:00,2.1691,2.2,2.1679,2.1855,11652681.501711998
1735416000,2024-12-28T20:00:00+00:00,2.1861,2.2034,2.1758,2.1806,11081490.020221
1735430400,2024-12-29T00:00:00+00:00,2.1807,2.1857,2.1659,2.1838,7020638.135867999
1735444800,2024-12-29T04:00:00+00:00,2.1841,2.1944,2.1725,2.193,3605849.7032119995
1735459200,2024-12-29T08:00:00+00:00,2.1931,2.194,2.1726,2.1745,2997495.562355
1735473600,2024-12-29T12:00:00+00:00,2.1744,2.1832,2.1471,2.1612,10498965.418463001
1735488000,2024-12-29T16:00:00+00:00,2.1613,2.163,2.1331,2.1389,12339954.713523999
1735502400,2024-12-29T20:00:00+00:00,2.1389,2.139,2.07,2.0903,30953025.742392
1735516800,2024-12-30T00:00:00+00:00,2.0906,2.1486,2.0807,2.0965,20543782.420264
1735531200,2024-12-30T04:00:00+00:00,2.0967,2.1087,2.043,2.0646,22607045.228187
1735545600,2024-12-30T08:00:00+00:00,2.0646,2.0822,2.0468,2.0723,15549631.022767
1735560000,2024-12-30T12:00:00+00:00,2.0721,2.0926,1.9926,2.0209,43588357.671036005
1735574400,2024-12-30T16:00:00+00:00,2.0207,2.1063,1.9952,2.1017,42052594.779382
1735588800,2024-12-30T20:00:00+00:00,2.1018,2.1385,2.0412,2.0553,31512882.156160004
1735603200,2024-12-31T00:00:00+00:00,2.0553,2.0627,2.0128,2.0176,23500127.871377
1735617600,2024-12-31T04:00:00+00:00,2.0176,2.0349,2.01,2.0308,15228088.288050998
1735632000,2024-12-31T08:00:00+00:00,2.0308,2.0979,2.0302,2.0721,13232805.829874
1735646400,2024-12-31T12:00:00+00:00,2.0724,2.1471,2.0724,2.1254,31985901.787366
1735660800,2024-12-31T16:00:00+00:00,2.126,2.1268,2.0587,2.0892,21178316.450509
1735675200,2024-12-31T20:00:00+00:00,2.0888,2.102,2.0693,2.0793,13273523.369355
1735689600,2025-01-01T00:00:00+00:00,2.0795,2.1083,2.0765,2.1024,19787462.969668
1735704000,2025-01-01T04:00:00+00:00,2.1024,2.145,2.0943,2.1201,23297079.750072002
1735718400,2025-01-01T08:00:00+00:00,2.12,2.14,2.0869,2.1318,10467269.998691
1735732800,2025-01-01T12:00:00+00:00,2.1319,2.2299,2.1267,2.2243,29506925.697986998
1735747200,2025-01-01T16:00:00+00:00,2.2237,2.3372,2.1981,2.3129,81551972.580155
1735761600,2025-01-01T20:00:00+00:00,2.3132,2.35,2.2823,2.3285,46047444.934912
1735776000,2025-01-02T00:00:00+00:00,2.3284,2.4476,2.3251,2.42,65215183.09335899
1735790400,2025-01-02T04:00:00+00:00,2.4199,2.4234,2.3367,2.364,29863611.924951
1735804800,2025-01-02T08:00:00+00:00,2.3643,2.4146,2.3642,2.4015,19783711.073955
1735819200,2025-01-02T12:00:00+00:00,2.4016,2.4206,2.3617,2.4018,27720534.932193
1735833600,2025-01-02T16:00:00+00:00,2.4023,2.4365,2.3732,2.3855,28871955.231387
1735848000,2025-01-02T20:00:00+00:00,2.3858,2.4118,2.3638,2.4008,18244599.678107
1735862400,2025-01-03T00:00:00+00:00,2.4005,2.4726,2.3947,2.4663,35144179.344063
1735876800,2025-01-03T04:00:00+00:00,2.4661,2.4665,2.4025,2.4131,19063055.158615
1735891200,2025-01-03T08:00:00+00:00,2.4135,2.4351,2.4002,2.4071,11810197.577895
1735905600,2025-01-03T12:00:00+00:00,2.4074,2.4476,2.4,2.4449,21727961.136893
1735920000,2025-01-03T16:00:00+00:00,2.4448,2.4785,2.4358,2.4724,26654862.910339996
1735934400,2025-01-03T20:00:00+00:00,2.4721,2.4721,2.4412,2.4538,17493827.404787
1735948800,2025-01-04T00:00:00+00:00,2.4538,2.5074,2.4265,2.4647,32127191.215317998
1735963200,2025-01-04T04:00:00+00:00,2.4643,2.4652,2.441,2.4453,10715422.129019
1735977600,2025-01-04T08:00:00+00:00,2.4453,2.452,2.4281,2.4398,8149515.6606
1735992000,2025-01-04T12:00:00+00:00,2.4401,2.4624,2.4001,2.4114,14551936.354178
1736006400,2025-01-04T16:00:00+00:00,2.4114,2.441,2.4105,2.4229,19933467.384189997
1736020800,2025-01-04T20:00:00+00:00,2.4229,2.442,2.4162,2.4199,14568562.44345
1736035200,2025-01-05T00:00:00+00:00,2.4199,2.4283,2.3724,2.3898,17912850.532027002
1736049600,2025-01-05T04:00:00+00:00,2.3897,2.4148,2.3869,2.3998,8190884.004728
1736064000,2025-01-05T08:00:00+00:00,2.4001,2.4032,2.3268,2.3521,13586946.804166999
1736078400,2025-01-05T12:00:00+00:00,2.352,2.3812,2.3435,2.3676,13319709.730581
1736092800,2025-01-05T16:00:00+00:00,2.3675,2.4109,2.359,2.3826,16143022.912670001
1736107200,2025-01-05T20:00:00+00:00,2.3831,2.414,2.3816,2.399,9113209.835082
1736121600,2025-01-06T00:00:00+00:00,2.399,2.4419,2.3732,2.4114,15637776.889125
1736136000,2025-01-06T04:00:00+00:00,2.4119,2.4246,2.3903,2.392,7354173.501969
1736150400,2025-01-06T08:00:00+00:00,2.3917,2.4032,2.3724,2.3948,6096505.101084
1736164800,2025-01-06T12:00:00+00:00,2.3945,2.451,2.365,2.4365,24924848.59713
1736179200,2025-01-06T16:00:00+00:00,2.4363,2.4599,2.401,2.4258,22834834.149968
1736193600,2025-01-06T20:00:00+00:00,2.4261,2.431,2.4081,2.4212,10315758.143093001
1736208000,2025-01-07T00:00:00+00:00,2.4212,2.4248,2.3942,2.4056,14359846.198326
1736222400,2025-01-07T04:00:00+00:00,2.4054,2.4482,2.4044,2.4282,11276833.951896
1736236800,2025-01-07T08:00:00+00:00,2.4283,2.4675,2.4062,2.4215,13562436.864512999
1736251200,2025-01-07T12:00:00+00:00,2.4216,2.4429,2.276,2.3122,56483942.067051
1736265600,2025-01-07T16:00:00+00:00,2.3121,2.3456,2.2619,2.2817,44922852.02979401
1736280000,2025-01-07T20:00:00+00:00,2.2814,2.307,2.2561,2.2709,40065510.616391994
1736294400,2025-01-08T00:00:00+00:00,2.2707,2.3667,2.2675,2.3201,39254861.7643
1736308800,2025-01-08T04:00:00+00:00,2.3201,2.3338,2.2576,2.2853,20107091.157558
1736323200,2025-01-08T08:00:00+00:00,2.2854,2.339,2.2854,2.3256,13054723.916743
1736337600,2025-01-08T12:00:00+00:00,2.3257,2.375,2.2772,2.3092,29324124.684348
1736352000,2025-01-08T16:00:00+00:00,2.309,2.338,2.2,2.3152,54147071.441804
1736366400,2025-01-08T20:00:00+00:00,2.315,2.3999,2.2961,2.3727,29984619.594531
1736380800,2025-01-09T00:00:00+00:00,2.3726,2.395,2.3361,2.3476,20978570.569935
1736395200,2025-01-09T04:00:00+00:00,2.3475,2.3655,2.2966,2.312,13590554.796854
1736409600,2025-01-09T08:00:00+00:00,2.3123,2.3303,2.2863,2.3027,8628779.508986
1736424000,2025-01-09T12:00:00+00:00,2.3024,2.3382,2.2338,2.3203,38216647.000421
1736438400,2025-01-09T16:00:00+00:00,2.3202,2.3299,2.267,2.2787,34776343.792427
1736452800,2025-01-09T20:00:00+00:00,2.2787,2.3005,2.2514,2.2726,30279141.139874004
1736467200,2025-01-10T00:00:00+00:00,2.2728,2.2945,2.2578,2.288,16080468.117701001
1736481600,2025-01-10T04:00:00+00:00,2.2882,2.3269,2.2801,2.31,11791853.149143
1736496000,2025-01-10T08:00:00+00:00,2.3098,2.3226,2.3003,2.3098,8546773.730124
1736510400,2025-01-10T12:00:00+00:00,2.31,2.3192,2.2462,2.2887,28453307.688332
1736524800,2025-01-10T16:00:00+00:00,2.2887,2.3633,2.2677,2.3587,27673292.951045
1736539200,2025-01-10T20:00:00+00:00,2.3586,2.37,2.3313,2.3413,18166593.029386003
1736553600,2025-01-11T00:00:00+00:00,2.3415,2.364,2.3243,2.3314,13671737.458951
1736568000,2025-01-11T04:00:00+00:00,2.3314,2.3458,2.3263,2.3434,5130566.668692
1736582400,2025-01-11T08:00:00+00:00,2.3434,2.4351,2.3308,2.4179,14623172.607787
1736596800,2025-01-11T12:00:00+00:00,2.4179,2.4289,2.3769,2.4066,19871597.702056
1736611200,2025-01-11T16:00:00+00:00,2.4066,2.5313,2.3962,2.5292,84447538.43772
1736625600,2025-01-11T20:00:00+00:00,2.5292,2.6013,2.5061,2.576,62747094.01888101
1736640000,2025-01-12T00:00:00+00:00,2.5755,2.5823,2.5039,2.5411,30261343.522766
1736654400,2025-01-12T04:00:00+00:00,2.5411,2.5547,2.5096,2.5403,15203158.554484999
1736668800,2025-01-12T08:00:00+00:00,2.5408,2.5492,2.4688,2.4935,15082352.719975
1736683200,2025-01-12T12:00:00+00:00,2.4935,2.532,2.4865,2.5226,17706743.664397
1736697600,2025-01-12T16:00:00+00:00,2.5224,2.554,2.515,2.5479,29351080.589503996
1736712000,2025-01-12T20:00:00+00:00,2.5476,2.5488,2.4832,2.5033,19950266.165954
1736726400,2025-01-13T00:00:00+00:00,2.5037,2.5627,2.4936,2.5035,38687829.505263
1736740800,2025-01-13T04:00:00+00:00,2.5034,2.5397,2.4438,2.46,28854966.274479996
1736755200,2025-01-13T08:00:00+00:00,2.4604,2.4627,2.3328,2.337,27574614.774276998
1736769600,2025-01-13T12:00:00+00:00,2.3364,2.496,2.3301,2.4652,57520277.48998
1736784000,2025-01-13T16:00:00+00:00,2.4652,2.4942,2.4232,2.4622,30239888.072010003
1736798400,2025-01-13T20:00:00+00:00,2.4617,2.5548,2.4488,2.5227,34702303.409536
1736812800,2025-01-14T00:00:00+00:00,2.5225,2.5533,2.5146,2.5326,25043709.376123004
1736827200,2025-01-14T04:00:00+00:00,2.5324,2.5519,2.5118,2.5151,13323024.946984
1736841600,2025-01-14T08:00:00+00:00,2.5152,2.6,2.5152,2.5741,19115660.129696
1736856000,2025-01-14T12:00:00+00:00,2.5741,2.591,2.546,2.5785,26284501.832266
1736870400,2025-01-14T16:00:00+00:00,2.5785,2.693,2.5502,2.6611,98091269.679635
1736884800,2025-01-14T20:00:00+00:00,2.6613,2.6788,2.635,2.6674,31036857.595416
1736899200,2025-01-15T00:00:00+00:00,2.6673,2.8784,2.6482,2.829,109852595.268742
1736913600,2025-01-15T04:00:00+00:00,2.83,2.891,2.7819,2.8582,44234363.255215
1736928000,2025-01-15T08:00:00+00:00,2.8588,2.876,2.7094,2.7602,47045186.484382
1736942400,2025-01-15T12:00:00+00:00,2.7595,3.0248,2.7216,2.9703,109566670.768
1736956800,2025-01-15T16:00:00+00:00,2.9702,3.0051,2.8708,2.9464,73592617.64244999
1736971200,2025-01-15T20:00:00+00:00,2.9466,3.2,2.9356,3.1428,114434399.067209
1736985600,2025-01-16T00:00:00+00:00,3.1425,3.1519,2.9169,3.0395,127810309.39823401
1737000000,2025-01-16T04:00:00+00:00,3.0396,3.15,3.0386,3.0908,39447537.841048
1737014400,2025-01-16T08:00:00+00:00,3.0907,3.2094,3.0278,3.1971,59915437.951514006
1737028800,2025-01-16T12:00:00+00:00,3.1971,3.3884,3.1601,3.3066,178634829.935913
1737043200,2025-01-16T16:00:00+00:00,3.3068,3.4,3.3034,3.3494,106297421.47179998
1737057600,2025-01-16T20:00:00+00:00,3.3491,3.35,3.1528,3.2452,89634753.249108
1737072000,2025-01-17T00:00:00+00:00,3.2451,3.3496,3.2439,3.3075,55747180.773233995
1737086400,2025-01-17T04:00:00+00:00,3.3072,3.3529,3.2833,3.3034,26412074.955712
1737100800,2025-01-17T08:00:00+00:00,3.303,3.3278,3.2267,3.2981,29770399.406347997
1737115200,2025-01-17T12:00:00+00:00,3.2987,3.2989,3.175,3.2,56600259.476229995
1737129600,2025-01-17T16:00:00+00:00,3.2,3.262,3.1772,3.2372,52930625.453086
1737144000,2025-01-17T20:00:00+00:00,3.2372,3.3199,3.2288,3.2942,44376520.116071
1737158400,2025-01-18T00:00:00+00:00,3.2942,3.3149,3.1997,3.2395,37788672.720079996
1737172800,2025-01-18T04:00:00+00:00,3.2391,3.247,3.0716,3.1157,57928132.664504
1737187200,2025-01-18T08:00:00+00:00,3.1158,3.1835,3.0574,3.1721,29527769.330636002
1737201600,2025-01-18T12:00:00+00:00,3.1723,3.2493,3.1524,3.1745,29398177.409647003
1737216000,2025-01-18T16:00:00+00:00,3.1754,3.2157,3.1301,3.2095,37870914.981537
1737230400,2025-01-18T20:00:00+00:00,3.2095,3.2871,3.1682,3.2663,30739145.231526002
1737244800,2025-01-19T00:00:00+00:00,3.2663,3.2899,3.2203,3.2476,29532055.529072
1737259200,2025-01-19T04:00:00+00:00,3.2479,3.2503,3.1675,3.1765,25465455.848879002
1737273600,2025-01-19T08:00:00+00:00,3.1763,3.1776,3.0299,3.0484,44649099.010171
1737288000,2025-01-19T12:00:00+00:00,3.0489,3.1565,3.0484,3.143,26294218.244111
1737302400,2025-01-19T16:00:00+00:00,3.1431,3.2276,3.118,3.2209,30114737.998742
1737316800,2025-01-19T20:00:00+00:00,3.221,3.2367,2.8272,2.9565,115811061.543663
1737331200,2025-01-20T00:00:00+00:00,2.9566,3.1299,2.9062,3.1109,74652721.02062
1737345600,2025-01-20T04:00:00+00:00,3.1108,3.2497,3.0712,3.1967,38198692.043268
1737360000,2025-01-20T08:00:00+00:00,3.1959,3.34,3.1933,3.3224,47873691.342729
1737374400,2025-01-20T12:00:00+00:00,3.3219,3.365,3.2017,3.2678,55787358.425127
1737388800,2025-01-20T16:00:00+00:00,3.2688,3.3185,2.9887,3.1491,81551642.236757
1737403200,2025-01-20T20:00:00+00:00,3.1491,3.1763,3.0266,3.1022,38015465.61301
1737417600,2025-01-21T00:00:00+00:00,3.1022,3.189,3.06,3.0999,41329871.169139996
1737432000,2025-01-21T04:00:00+00:00,3.0999,3.1002,3.01,3.0665,23607218.344575
1737446400,2025-01-21T08:00:00+00:00,3.0656,3.1195,3.0404,3.1074,15338895.961845
1737460800,2025-01-21T12:00:00+00:00,3.1079,3.1508,3.0755,3.1183,22769151.736637
1737475200,2025-01-21T16:00:00+00:00,3.1181,3.24,3.1149,3.2008,38002804.712865
1737489600,2025-01-21T20:00:00+00:00,3.2011,3.2034,3.1403,3.1748,21977818.101121
1737504000,2025-01-22T00:00:00+00:00,3.1748,3.2073,3.1648,3.1774,15054446.747257002
1737518400,2025-01-22T04:00:00+00:00,3.1769,3.1897,3.1502,3.1709,12337405.362836001
1737532800,2025-01-22T08:00:00+00:00,3.1709,3.2343,3.1415,3.2343,11111272.892391998
1737547200,2025-01-22T12:00:00+00:00,3.2343,3.26,3.1528,3.1625,23410444.049748998
1737561600,2025-01-22T16:00:00+00:00,3.1627,3.27,3.1314,3.2227,34173638.590927
1737576000,2025-01-22T20:00:00+00:00,3.2227,3.285,3.1501,3.1792,41848033.793335
1737590400,2025-01-23T00:00:00+00:00,3.1794,3.1817,3.1143,3.1507,19640613.577449
1737604800,2025-01-23T04:00:00+00:00,3.1508,3.1537,3.1,3.1283,14998217.652229004
1737619200,2025-01-23T08:00:00+00:00,3.1282,3.1309,3.0616,3.084,10815375.300874
1737633600,2025-01-23T12:00:00+00:00,3.0841,3.1675,3.0362,3.1357,37052970.21234
1737648000,2025-01-23T16:00:00+00:00,3.136,3.1858,3.0493,3.0815,26066940.60048
1737662400,2025-01-23T20:00:00+00:00,3.0809,3.174,3.0589,3.12,37763197.973271005
1737676800,2025-01-24T00:00:00+00:00,3.12,3.1329,3.0549,3.1216,26510418.015346996
1737691200,2025-01-24T04:00:00+00:00,3.1212,3.1747,3.112,3.1654,20066045.496248
1737705600,2025-01-24T08:00:00+00:00,3.1653,3.2018,3.161,3.1985,15360412.377317
1737720000,2025-01-24T12:00:00+00:00,3.1985,3.2048,3.1376,3.1665,23276295.374425
1737734400,2025-01-24T16:00:00+00:00,3.1662,3.1715,3.1334,3.1431,16024518.69854
1737748800,2025-01-24T20:00:00+00:00,3.1431,3.1454,3.0821,3.1009,22203602.840674
1737763200,2025-01-25T00:00:00+00:00,3.1009,3.1339,3.0963,3.1334,11228605.499371
1737777600,2025-01-25T04:00:00+00:00,3.1334,3.1358,3.0935,3.107,6939509.328399
1737792000,2025-01-25T08:00:00+00:00,3.1069,3.1166,3.0774,3.1142,6481622.438422
1737806400,2025-01-25T12:00:00+00:00,3.1141,3.1433,3.1023,3.141,9205654.402694
1737820800,2025-01-25T16:00:00+00:00,3.141,3.1441,3.109,3.125,13569330.822524
1737835200,2025-01-25T20:00:00+00:00,3.125,3.1415,3.105,3.1073,14681850.810913999
1737849600,2025-01-26T00:00:00+00:00,3.1073,3.143,3.1036,3.1342,12227035.965185001
1737864000,2025-01-26T04:00:00+00:00,3.1341,3.143,3.1219,3.1415,12077812.672986
1737878400,2025-01-26T08:00:00+00:00,3.1415,3.1437,3.11,3.1296,6737718.338078
1737892800,2025-01-26T12:00:00+00:00,3.1294,3.13,3.111,3.1147,12751331.535256
1737907200,2025-01-26T16:00:00+00:00,3.1148,3.1383,3.1055,3.1299,15423810.250497
1737921600,2025-01-26T20:00:00+00:00,3.1302,3.1314,3.011,3.0211,30323144.461061
1737936000,2025-01-27T00:00:00+00:00,3.0212,3.0377,2.9416,3.0035,59014810.938209
1737950400,2025-01-27T04:00:00+00:00,3.0039,3.0039,2.6524,2.8099,82310215.294242
1737964800,2025-01-27T08:00:00+00:00,2.8094,2.8344,2.7161,2.7875,48716569.239168
1737979200,2025-01-27T12:00:00+00:00,2.7876,2.9962,2.7689,2.9565,66296267.380994
1737993600,2025-01-27T16:00:00+00:00,2.9572,3.0266,2.8762,2.9149,40115684.001661
1738008000,2025-01-27T20:00:00+00:00,2.915,3.0597,2.9126,3.0547,39906658.515328
1738022400,2025-01-28T00:00:00+00:00,3.0552,3.0951,3.0031,3.0884,29536372.920317
1738036800,2025-01-28T04:00:00+00:00,3.0884,3.1494,3.0846,3.1056,23445624.429971002
1738051200,2025-01-28T08:00:00+00:00,3.1058,3.1443,3.0713,3.1369,11833355.458332
1738065600,2025-01-28T12:00:00+00:00,3.1371,3.2145,3.1141,3.1857,46013199.644763
1738080000,2025-01-28T16:00:00+00:00,3.1859,3.1983,3.1211,3.1364,25279872.068623003
1738094400,2025-01-28T20:00:00+00:00,3.1365,3.1398,3.0102,3.0557,37332501.760889
1738108800,2025-01-29T00:00:00+00:00,3.0558,3.0947,3.0532,3.0838,15035365.950635998
1738123200,2025-01-29T04:00:00+00:00,3.0834,3.1237,3.0722,3.1043,9088669.064138
1738137600,2025-01-29T08:00:00+00:00,3.1045,3.1278,3.07,3.0856,11373558.016213
1738152000,2025-01-29T12:00:00+00:00,3.0857,3.0994,3.0239,3.0643,23140003.452012
1738166400,2025-01-29T16:00:00+00:00,3.0643,3.1413,2.9662,3.0716,45074765.275653005
1738180800,2025-01-29T20:00:00+00:00,3.0716,3.1367,3.0362,3.0685,30764429.186015002
1738195200,2025-01-30T00:00:00+00:00,3.0681,3.1241,3.0466,3.1224,15958918.670108002
1738209600,2025-01-30T04:00:00+00:00,3.1225,3.1348,3.0972,3.1084,12870984.90884
1738224000,2025-01-30T08:00:00+00:00,3.1088,3.116,3.0961,3.1011,9371267.982680999
1738238400,2025-01-30T12:00:00+00:00,3.1012,3.155,3.0818,3.1207,20280565.777847998
1738252800,2025-01-30T16:00:00+00:00,3.1207,3.1457,3.1,3.1305,14391386.007787
1738267200,2025-01-30T20:00:00+00:00,3.1307,3.1543,3.1152,3.128,13739547.193162002
1738281600,2025-01-31T00:00:00+00:00,3.1281,3.1343,3.0811,3.0927,13067326.800182
1738296000,2025-01-31T04:00:00+00:00,3.0928,3.099,3.069,3.0797,8769729.021027
1738310400,2025-01-31T08:00:00+00:00,3.0794,3.1025,3.0588,3.0984,6605254.0406639995
1738324800,2025-01-31T12:00:00+00:00,3.0986,3.115,3.07,3.0992,13762633.005061
1738339200,2025-01-31T16:00:00+00:00,3.0992,3.1047,3.0129,3.031,26601885.813411
1738353600,2025-01-31T20:00:00+00:00,3.0311,3.0474,3.0006,3.0353,17496643.663683
1738368000,2025-02-01T00:00:00+00:00,3.0356,3.0725,3.0255,3.04,8544921.311609
1738382400,2025-02-01T04:00:00+00:00,3.04,3.0574,3.027,3.03,6764775.9718390005
1738396800,2025-02-01T08:00:00+00:00,3.03,3.039,2.95,2.9944,15855745.675149001
1738411200,2025-02-01T12:00:00+00:00,2.9944,3.0077,2.9504,2.9733,15570387.558474
1738425600,2025-02-01T16:00:00+00:00,2.9732,3.0037,2.9065,2.9384,21768157.524406
1738440000,2025-02-01T20:00:00+00:00,2.9387,2.9442,2.827,2.878,42858171.623109
1738454400,2025-02-02T00:00:00+00:00,2.878,2.9554,2.8264,2.833,31148919.915336996
1738468800,2025-02-02T04:00:00+00:00,2.8328,2.926,2.8228,2.8811,25006548.289564
1738483200,2025-02-02T08:00:00+00:00,2.8812,2.9143,2.7809,2.7858,14951976.264488
1738497600,2025-02-02T12:00:00+00:00,2.7861,2.8499,2.7309,2.8099,39170239.459663
1738512000,2025-02-02T16:00:00+00:00,2.8099,2.8106,2.5,2.668,182043989.11697704
1738526400,2025-02-02T20:00:00+00:00,2.6685,2.722,2.4717,2.5797,110396113.45742598
1738540800,2025-02-03T00:00:00+00:00,2.58,2.7,1.728,2.2602,393789742.592675
1738555200,2025-02-03T04:00:00+00:00,2.2602,2.4574,2.1264,2.4355,131520763.139402
1738569600,2025-02-03T08:00:00+00:00,2.4356,2.4426,2.3102,2.3734,71849339.654774
1738584000,2025-02-03T12:00:00+00:00,2.3737,2.6,2.2052,2.5573,183859437.588827
1738598400,2025-02-03T16:00:00+00:00,2.5573,2.7864,2.5418,2.7512,131828838.58709401
1738612800,2025-02-03T20:00:00+00:00,2.752,2.7524,2.6486,2.7034,63068619.152597
1738627200,2025-02-04T00:00:00+00:00,2.7033,2.8013,2.6907,2.7231,55633376.781527996
1738641600,2025-02-04T04:00:00+00:00,2.7231,2.7331,2.4731,2.488,65253898.063218996
1738656000,2025-02-04T08:00:00+00:00,2.4876,2.6356,2.4768,2.5926,36423727.346545
1738670400,2025-02-04T12:00:00+00:00,2.5922,2.6897,2.5859,2.6228,55321853.55261099
1738684800,2025-02-04T16:00:00+00:00,2.6229,2.7136,2.587,2.5889,51609082.692246005
1738699200,2025-02-04T20:00:00+00:00,2.5895,2.6219,2.4199,2.5283,103006030.217627
1738713600,2025-02-05T00:00:00+00:00,2.5285,2.5656,2.4703,2.5066,36241774.868125
1738728000,2025-02-05T04:00:00+00:00,2.5073,2.5594,2.4865,2.5115,21831036.333553
1738742400,2025-02-05T08:00:00+00:00,2.5114,2.5569,2.4975,2.5509,13232059.188865
1738756800,2025-02-05T12:00:00+00:00,2.5515,2.5703,2.4775,2.5032,27717740.548203997
1738771200,2025-02-05T16:00:00+00:00,2.5032,2.5099,2.3407,2.4381,61588666.971372
1738785600,2025-02-05T20:00:00+00:00,2.4382,2.4645,2.3607,2.3813,34442525.623844005
1738800000,2025-02-06T00:00:00+00:00,2.3813,2.4355,2.3756,2.4256,22219583.168473
1738814400,2025-02-06T04:00:00+00:00,2.4256,2.4692,2.4177,2.4415,13521317.789891
1738828800,2025-02-06T08:00:00+00:00,2.4412,2.4709,2.4202,2.4502,12065836.600782
1738843200,2025-02-06T12:00:00+00:00,2.451,2.4539,2.2849,2.3164,43573468.900248
1738857600,2025-02-06T16:00:00+00:00,2.3171,2.3721,2.2799,2.2955,47811695.042725
1738872000,2025-02-06T20:00:00+00:00,2.2955,2.3655,2.2897,2.3252,29074179.319123
1738886400,2025-02-07T00:00:00+00:00,2.3251,2.3742,2.3113,2.354,23662853.561404
1738900800,2025-02-07T04:00:00+00:00,2.3535,2.3734,2.2675,2.2892,20738361.509877004
1738915200,2025-02-07T08:00:00+00:00,2.2898,2.4346,2.2777,2.4193,21756688.920989
1738929600,2025-02-07T12:00:00+00:00,2.4196,2.5435,2.3732,2.4803,60712031.683772
1738944000,2025-02-07T16:00:00+00:00,2.4805,2.5098,2.4111,2.4275,42474972.718164004
1738958400,2025-02-07T20:00:00+00:00,2.4277,2.4317,2.3504,2.3975,37337350.624748
1738972800,2025-02-08T00:00:00+00:00,2.3971,2.428,2.3765,2.384,15000115.791966999
1738987200,2025-02-08T04:00:00+00:00,2.3834,2.4046,2.3511,2.3947,10723446.848341
1739001600,2025-02-08T08:00:00+00:00,2.3947,2.4183,2.3709,2.4108,7128015.716352
1739016000,2025-02-08T12:00:00+00:00,2.4109,2.4359,2.3825,2.3909,12364215.104754
1739030400,2025-02-08T16:00:00+00:00,2.3909,2.4368,2.3795,2.425,15100399.298403
1739044800,2025-02-08T20:00:00+00:00,2.4253,2.4368,2.4038,2.4195,10620203.572381
1739059200,2025-02-09T00:00:00+00:00,2.4195,2.5059,2.4076,2.505,18927699.60706
1739073600,2025-02-09T04:00:00+00:00,2.5049,2.5104,2.4501,2.4683,14797906.80105
1739088000,2025-02-09T08:00:00+00:00,2.4685,2.496,2.4385,2.4393,7474887.970957
1739102400,2025-02-09T12:00:00+00:00,2.4393,2.4496,2.3801,2.4296,19095209.494643997
1739116800,2025-02-09T16:00:00+00:00,2.4292,2.4343,2.385,2.399,13238435.998794999
1739131200,2025-02-09T20:00:00+00:00,2.3994,2.4235,2.3104,2.3938,36153990.389955
1739145600,2025-02-10T00:00:00+00:00,2.3936,2.4374,2.3243,2.3836,31569960.967113
1739160000,2025-02-10T04:00:00+00:00,2.3836,2.4197,2.3722,2.4061,13917325.592519
1739174400,2025-02-10T08:00:00+00:00,2.4056,2.4537,2.4018,2.429,11395963.127779001
1739188800,2025-02-10T12:00:00+00:00,2.4291,2.4737,2.4045,2.4219,19581171.395702
1739203200,2025-02-10T16:00:00+00:00,2.4224,2.4455,2.4094,2.4248,15002338.603784
1739217600,2025-02-10T20:00:00+00:00,2.4248,2.4428,2.4061,2.4241,11694941.652983999
1739232000,2025-02-11T00:00:00+00:00,2.4237,2.468,2.4198,2.4419,17625412.138576
1739246400,2025-02-11T04:00:00+00:00,2.4415,2.5292,2.441,2.5007,21292764.262409
1739260800,2025-02-11T08:00:00+00:00,2.4998,2.513,2.475,2.4967,12196443.747995
1739275200,2025-02-11T12:00:00+00:00,2.4965,2.4991,2.4342,2.4698,21044461.284469
1739289600,2025-02-11T16:00:00+00:00,2.47,2.4821,2.37,2.3876,23857515.609977
1739304000,2025-02-11T20:00:00+00:00,2.3873,2.4464,2.383,2.4126,16157150.973088
1739318400,2025-02-12T00:00:00+00:00,2.4122,2.4265,2.3812,2.3878,10764794.453377
1739332800,2025-02-12T04:00:00+00:00,2.3879,2.418,2.38,2.406,10156363.618742
1739347200,2025-02-12T08:00:00+00:00,2.4055,2.4328,2.4002,2.4212,7153315.472995
1739361600,2025-02-12T12:00:00+00:00,2.421,2.4529,2.3315,2.4003,42142450.203105
1739376000,2025-02-12T16:00:00+00:00,2.4006,2.4669,2.3787,2.4479,25566551.270972
1739390400,2025-02-12T20:00:00+00:00,2.448,2.4982,2.4397,2.4738,18424279.688803
1739404800,2025-02-13T00:00:00+00:00,2.4738,2.4839,2.4529,2.4834,11001694.597448
1739419200,2025-02-13T04:00:00+00:00,2.4835,2.4865,2.4278,2.4409,12923113.198540999
1739433600,2025-02-13T08:00:00+00:00,2.441,2.458,2.423,2.4445,7554946.116213
1739448000,2025-02-13T12:00:00+00:00,2.4447,2.471,2.4145,2.4483,23127645.626614
1739462400,2025-02-13T16:00:00+00:00,2.448,2.4738,2.4208,2.4546,16425885.490713
1739476800,2025-02-13T20:00:00+00:00,2.4549,2.6121,2.4541,2.5607,58223030.488599
1739491200,2025-02-14T00:00:00+00:00,2.5604,2.5944,2.5301,2.5944,23090084.693809003
1739505600,2025-02-14T04:00:00+00:00,2.5944,2.5983,2.5377,2.5883,15670872.77331
1739520000,2025-02-14T08:00:00+00:00,2.5883,2.7898,2.5875,2.733,51734251.510367006
1739534400,2025-02-14T12:00:00+00:00,2.7332,2.7514,2.6788,2.7261,43684304.444319
1739548800,2025-02-14T16:00:00+00:00,2.7255,2.8373,2.7004,2.7896,41362818.38311
1739563200,2025-02-14T20:00:00+00:00,2.7896,2.8122,2.6919,2.739,32626896.855745003
1739577600,2025-02-15T00:00:00+00:00,2.7388,2.8341,2.724,2.8144,23691590.596358
1739592000,2025-02-15T04:00:00+00:00,2.8143,2.8161,2.746,2.7638,14612703.001657
1739606400,2025-02-15T08:00:00+00:00,2.7639,2.819,2.7636,2.7977,9325532.25378
1739620800,2025-02-15T12:00:00+00:00,2.798,2.8248,2.755,2.7805,18154013.100744
1739635200,2025-02-15T16:00:00+00:00,2.7807,2.7861,2.738,2.7452,17327645.523193
1739649600,2025-02-15T20:00:00+00:00,2.7453,2.7665,2.7128,2.7626,14428471.387587
1739664000,2025-02-16T00:00:00+00:00,2.7625,2.8045,2.7559,2.7835,14853455.745910998
1739678400,2025-02-16T04:00:00+00:00,2.7835,2.8055,2.7524,2.7608,8540350.544343
1739692800,2025-02-16T08:00:00+00:00,2.7611,2.7779,2.7404,2.7647,6370789.482424
1739707200,2025-02-16T12:00:00+00:00,2.7643,2.7676,2.7092,2.7234,14036058.866209999
1739721600,2025-02-16T16:00:00+00:00,2.7229,2.7409,2.69,2.7261,13858979.202858
1739736000,2025-02-16T20:00:00+00:00,2.7261,2.7678,2.719,2.7288,13579877.059059
1739750400,2025-02-17T00:00:00+00:00,2.7289,2.7644,2.7004,2.7132,12466203.098508
1739764800,2025-02-17T04:00:00+00:00,2.7132,2.7181,2.6359,2.6554,18535696.235307
1739779200,2025-02-17T08:00:00+00:00,2.6551,2.6999,2.6421,2.6726,8072517.741199001
1739793600,2025-02-17T12:00:00+00:00,2.6727,2.7322,2.6412,2.648,19329176.839172
1739808000,2025-02-17T16:00:00+00:00,2.6479,2.6667,2.607,2.6492,27437738.5579
1739822400,2025-02-17T20:00:00+00:00,2.6482,2.6867,2.6437,2.66,11022350.772439001
1739836800,2025-02-18T00:00:00+00:00,2.6599,2.6702,2.6255,2.66,12084001.746806
1739851200,2025-02-18T04:00:00+00:00,2.66,2.6675,2.5302,2.5631,28472485.368538998
1739865600,2025-02-18T08:00:00+00:00,2.5636,2.6094,2.5452,2.5724,11811056.13281
1739880000,2025-02-18T12:00:00+00:00,2.5727,2.6301,2.5251,2.54,21965954.748480998
1739894400,2025-02-18T16:00:00+00:00,2.5402,2.556,2.4687,2.5105,38648188.668655
1739908800,2025-02-18T20:00:00+00:00,2.5107,2.5675,2.4948,2.561,19496525.802806
1739923200,2025-02-19T00:00:00+00:00,2.5615,2.5764,2.5174,2.5527,19355249.340105
1739937600,2025-02-19T04:00:00+00:00,2.5529,2.5645,2.5113,2.5562,13670703.844076
1739952000,2025-02-19T08:00:00+00:00,2.5562,2.6316,2.542,2.6147,14525714.72764
1739966400,2025-02-19T12:00:00+00:00,2.6144,2.625,2.5732,2.6073,19798977.135917
1739980800,2025-02-19T16:00:00+00:00,2.6073,2.6926,2.6065,2.6604,32247684.898764998
1739995200,2025-02-19T20:00:00+00:00,2.6597,2.747,2.6559,2.7377,26792495.00856
1740009600,2025-02-20T00:00:00+00:00,2.7377,2.7485,2.681,2.704,22904880.627505
1740024000,2025-02-20T04:00:00+00:00,2.7038,2.7332,2.6681,2.6858,14347774.939710999
1740038400,2025-02-20T08:00:00+00:00,2.6855,2.7125,2.6772,2.6811,7887060.144215999
1740052800,2025-02-20T12:00:00+00:00,2.6812,2.7473,2.6705,2.6734,17983431.035086
1740067200,2025-02-20T16:00:00+00:00,2.6731,2.7292,2.6672,2.7089,17067623.804513
1740081600,2025-02-20T20:00:00+00:00,2.7084,2.7161,2.6714,2.6884,14568577.906756999
1740096000,2025-02-21T00:00:00+00:00,2.6884,2.694,2.6381,2.6446,13094324.900801
1740110400,2025-02-21T04:00:00+00:00,2.6444,2.6759,2.6417,2.6607,9078255.993653
1740124800,2025-02-21T08:00:00+00:00,2.6604,2.695,2.6473,2.6507,11073955.911548
1740139200,2025-02-21T12:00:00+00:00,2.6507,2.7158,2.5653,2.6148,35652269.641063005
1740153600,2025-02-21T16:00:00+00:00,2.6147,2.6481,2.5055,2.525,39512445.513113
1740168000,2025-02-21T20:00:00+00:00,2.5252,2.5752,2.514,2.571,25232254.486741997
1740182400,2025-02-22T00:00:00+00:00,2.571,2.5988,2.5508,2.5717,12947468.68788
1740196800,2025-02-22T04:00:00+00:00,2.572,2.595,2.567,2.5814,5551829.192452
1740211200,2025-02-22T08:00:00+00:00,2.5815,2.5956,2.5648,2.5885,6115524.764385999
1740225600,2025-02-22T12:00:00+00:00,2.5885,2.5995,2.5778,2.5905,7420872.3536249995
1740240000,2025-02-22T16:00:00+00:00,2.5903,2.6099,2.5827,2.5875,7219023.571853999
1740254400,2025-02-22T20:00:00+00:00,2.5874,2.5894,2.5695,2.5739,6801025.226757
1740268800,2025-02-23T00:00:00+00:00,2.574,2.5753,2.5419,2.5532,11092538.528299998
1740283200,2025-02-23T04:00:00+00:00,2.553,2.6021,2.546,2.5902,5471167.846124001
1740297600,2025-02-23T08:00:00+00:00,2.5907,2.5922,2.5668,2.5702,3694431.2454049997
1740312000,2025-02-23T12:00:00+00:00,2.5702,2.5751,2.5205,2.5225,9100767.654624
1740326400,2025-02-23T16:00:00+00:00,2.5225,2.5662,2.521,2.5527,8829073.512008
1740340800,2025-02-23T20:00:00+00:00,2.5529,2.5837,2.5446,2.5761,8311091.177579
1740355200,2025-02-24T00:00:00+00:00,2.5759,2.6077,2.4711,2.4902,23385162.810020998
1740369600,2025-02-24T04:00:00+00:00,2.4905,2.5059,2.4433,2.4946,20813363.020427
1740384000,2025-02-24T08:00:00+00:00,2.4945,2.4955,2.434,2.4885,16504896.396256998
1740398400,2025-02-24T12:00:00+00:00,2.4884,2.4984,2.401,2.4309,32422358.225456
1740412800,2025-02-24T16:00:00+00:00,2.4309,2.4764,2.381,2.4009,25024578.158655
1740427200,2025-02-24T20:00:00+00:00,2.4016,2.448,2.235,2.2774,68630716.867909
1740441600,2025-02-25T00:00:00+00:00,2.2779,2.336,2.2111,2.2831,56041250.216795005
1740456000,2025-02-25T04:00:00+00:00,2.2834,2.3093,2.0909,2.1511,80342445.774436
1740470400,2025-02-25T08:00:00+00:00,2.1512,2.2137,2.063,2.1883,81560394.543841
1740484800,2025-02-25T12:00:00+00:00,2.1884,2.2785,2.1546,2.2039,84281983.214955
1740499200,2025-02-25T16:00:00+00:00,2.2039,2.2622,2.169,2.2599,54543880.301437005
1740513600,2025-02-25T20:00:00+00:00,2.26,2.365,2.2419,2.3198,51521980.616875
1740528000,2025-02-26T00:00:00+00:00,2.3199,2.3292,2.2597,2.3086,28791721.180313
1740542400,2025-02-26T04:00:00+00:00,2.3089,2.3257,2.2657,2.2855,13944249.601413
1740556800,2025-02-26T08:00:00+00:00,2.2855,2.3207,2.2628,2.2785,14390690.153402
1740571200,2025-02-26T12:00:00+00:00,2.2794,2.3021,2.192,2.2725,40571265.647192
1740585600,2025-02-26T16:00:00+00:00,2.2727,2.2801,2.1487,2.1771,50969100.604434006
1740600000,2025-02-26T20:00:00+00:00,2.1776,2.2438,2.1509,2.1954,40818862.31391899
1740614400,2025-02-27T00:00:00+00:00,2.1955,2.2154,2.157,2.2,25796761.051804997
1740628800,2025-02-27T04:00:00+00:00,2.2,2.2374,2.1692,2.2212,17722808.76478
1740643200,2025-02-27T08:00:00+00:00,2.2212,2.2557,2.2005,2.2376,13923644.61645
1740657600,2025-02-27T12:00:00+00:00,2.2376,2.2444,2.1658,2.1983,34732349.555612996
1740672000,2025-02-27T16:00:00+00:00,2.1982,2.235,2.1715,2.1876,22465790.075901
1740686400,2025-02-27T20:00:00+00:00,2.1875,2.2062,2.1389,2.1967,27660841.052968003
1740700800,2025-02-28T00:00:00+00:00,2.1966,2.2,2.0156,2.0187,84476024.93986599
1740715200,2025-02-28T04:00:00+00:00,2.0187,2.0487,1.9809,1.9973,58660093.475600004
1740729600,2025-02-28T08:00:00+00:00,1.9973,2.059,1.95,2.0304,33719515.684261
1740744000,2025-02-28T12:00:00+00:00,2.0301,2.1569,2.0112,2.1466,53321172.69444
1740758400,2025-02-28T16:00:00+00:00,2.1463,2.1642,2.1142,2.1472,28650034.585425
1740772800,2025-02-28T20:00:00+00:00,2.1468,2.1585,2.1202,2.1448,15297144.477744
1740787200,2025-03-01T00:00:00+00:00,2.1448,2.2162,2.1207,2.1842,21386482.612255998
1740801600,2025-03-01T04:00:00+00:00,2.184,2.2198,2.1615,2.1663,13244260.327374
1740816000,2025-03-01T08:00:00+00:00,2.1663,2.1932,2.1401,2.1599,9837601.910649
1740830400,2025-03-01T12:00:00+00:00,2.1599,2.1712,2.1209,2.1499,12580293.045697998
1740844800,2025-03-01T16:00:00+00:00,2.1503,2.176,2.1346,2.1679,12682186.372604
1740859200,2025-03-01T20:00:00+00:00,2.1681,2.2077,2.1587,2.1911,16064699.206061002
1740873600,2025-03-02T00:00:00+00:00,2.1911,2.2673,2.1735,2.2534,20335882.647009
1740888000,2025-03-02T04:00:00+00:00,2.2531,2.2978,2.2382,2.2726,11514730.212883
1740902400,2025-03-02T08:00:00+00:00,2.2727,2.2839,2.2513,2.2743,7505165.177891
1740916800,2025-03-02T12:00:00+00:00,2.2742,2.7066,2.2171,2.6005,87184967.346728
1740931200,2025-03-02T16:00:00+00:00,2.6017,3,2.5959,2.8712,227363723.14028698
1740945600,2025-03-02T20:00:00+00:00,2.8719,2.9624,2.8346,2.9398,65924856.686725
1740960000,2025-03-03T00:00:00+00:00,2.9397,2.9679,2.76,2.7933,64233893.752732
1740974400,2025-03-03T04:00:00+00:00,2.7929,2.8232,2.63,2.6887,40662557.435586
1740988800,2025-03-03T08:00:00+00:00,2.6887,2.6962,2.5241,2.633,50866020.359927
1741003200,2025-03-03T12:00:00+00:00,2.633,2.7159,2.5505,2.5971,71275145.492366
1741017600,2025-03-03T16:00:00+00:00,2.5967,2.6356,2.3381,2.3459,116571375.79405499
1741032000,2025-03-03T20:00:00+00:00,2.3463,2.4213,2.2961,2.3858,87768571.91761899
1741046400,2025-03-04T00:00:00+00:00,2.3861,2.4203,2.2113,2.2965,90364335.913833
1741060800,2025-03-04T04:00:00+00:00,2.297,2.3758,2.2861,2.319,40617563.902457
1741075200,2025-03-04T08:00:00+00:00,2.3192,2.4126,2.3003,2.3584,28093764.393049
1741089600,2025-03-04T12:00:00+00:00,2.3583,2.5249,2.2871,2.4009,81909361.040237
1741104000,2025-03-04T16:00:00+00:00,2.4019,2.5204,2.311,2.4942,85026144.114737
1741118400,2025-03-04T20:00:00+00:00,2.494,2.538,2.426,2.4537,38437904.371352
1741132800,2025-03-05T00:00:00+00:00,2.4539,2.54,2.4324,2.4363,36262608.964974
1741147200,2025-03-05T04:00:00+00:00,2.4366,2.459,2.4063,2.447,18391281.178613998
1741161600,2025-03-05T08:00:00+00:00,2.4468,2.5393,2.4441,2.479,18953093.007338002
1741176000,2025-03-05T12:00:00+00:00,2.4796,2.5082,2.42,2.4481,39036797.33611
1741190400,2025-03-05T16:00:00+00:00,2.4478,2.516,2.4255,2.4965,30221789.078548998
1741204800,2025-03-05T20:00:00+00:00,2.4964,2.516,2.4878,2.4998,15902060.161109999
1741219200,2025-03-06T00:00:00+00:00,2.5,2.5478,2.4707,2.5134,25354967.797768
1741233600,2025-03-06T04:00:00+00:00,2.5137,2.5552,2.5008,2.5128,15206276.054443002
1741248000,2025-03-06T08:00:00+00:00,2.5128,2.6459,2.5107,2.6112,28004766.033037998
1741262400,2025-03-06T12:00:00+00:00,2.6112,2.64,2.547,2.622,40031130.862618
1741276800,2025-03-06T16:00:00+00:00,2.6223,2.6398,2.5267,2.5845,39579170.363102995
1741291200,2025-03-06T20:00:00+00:00,2.5848,2.626,2.5751,2.5998,23320578.183843
1741305600,2025-03-07T00:00:00+00:00,2.5998,2.62,2.3702,2.4701,92619631.66206999
1741320000,2025-03-07T04:00:00+00:00,2.4699,2.5189,2.4663,2.5065,15770524.537524002
1741334400,2025-03-07T08:00:00+00:00,2.5065,2.5697,2.493,2.5307,16383368.091787998
1741348800,2025-03-07T12:00:00+00:00,2.5309,2.5573,2.4831,2.5031,40665908.97988
1741363200,2025-03-07T16:00:00+00:00,2.5031,2.5232,2.3835,2.4819,71871553.943633
1741377600,2025-03-07T20:00:00+00:00,2.4819,2.5335,2.3421,2.3843,72293263.347584
1741392000,2025-03-08T00:00:00+00:00,2.3844,2.4098,2.3258,2.3424,24763463.77668
1741406400,2025-03-08T04:00:00+00:00,2.3421,2.375,2.3301,2.362,12318485.450758
1741420800,2025-03-08T08:00:00+00:00,2.3612,2.3687,2.3012,2.3154,10065752.768422
1741435200,2025-03-08T12:00:00+00:00,2.3156,2.3657,2.3055,2.3503,13626223.411996
1741449600,2025-03-08T16:00:00+00:00,2.3507,2.3596,2.3081,2.3551,14867975.679792002
1741464000,2025-03-08T20:00:00+00:00,2.3551,2.3633,2.3123,2.3258,10743130.70809
1741478400,2025-03-09T00:00:00+00:00,2.3257,2.3505,2.3043,2.322,8409005.909876
1741492800,2025-03-09T04:00:00+00:00,2.3226,2.3432,2.3105,2.3387,6406719.28875
1741507200,2025-03-09T08:00:00+00:00,2.3385,2.3411,2.2408,2.2545,16211463.961188
1741521600,2025-03-09T12:00:00+00:00,2.2542,2.2559,2.1646,2.1853,34244282.305489995
1741536000,2025-03-09T16:00:00+00:00,2.1851,2.1975,2.0829,2.1634,76729248.40075
1741550400,2025-03-09T20:00:00+00:00,2.1632,2.25,2.1172,2.138,45663686.028974995
1741564800,2025-03-10T00:00:00+00:00,2.1385,2.2013,2.0872,2.1706,39655261.242604
1741579200,2025-03-10T04:00:00+00:00,2.1701,2.205,2.158,2.1842,14415936.067393001
1741593600,2025-03-10T08:00:00+00:00,2.1844,2.2611,2.1296,2.214,29969307.809449002
1741608000,2025-03-10T12:00:00+00:00,2.2143,2.2265,2.06,2.1178,61701636.301647
1741622400,2025-03-10T16:00:00+00:00,2.1176,2.1278,1.9909,2.0755,100201528.82568899
1741636800,2025-03-10T20:00:00+00:00,2.0758,2.1,2.0115,2.02,42601151.194483
1741651200,2025-03-11T00:00:00+00:00,2.0213,2.064,1.888,2.0462,112238698.173398
1741665600,2025-03-11T04:00:00+00:00,2.0453,2.1358,2.041,2.0946,31309299.832195
1741680000,2025-03-11T08:00:00+00:00,2.0942,2.164,2.0894,2.156,21088108.938773
1741694400,2025-03-11T12:00:00+00:00,2.1555,2.1606,2.0541,2.1354,67344978.210411
1741708800,2025-03-11T16:00:00+00:00,2.1352,2.2143,2.0791,2.2082,53648499.334394
1741723200,2025-03-11T20:00:00+00:00,2.2086,2.2102,2.1621,2.1697,23255306.525064
1741737600,2025-03-12T00:00:00+00:00,2.17,2.2483,2.1594,2.168,34154281.80309799
1741752000,2025-03-12T04:00:00+00:00,2.1679,2.1936,2.1423,2.188,23525277.483659003
1741766400,2025-03-12T08:00:00+00:00,2.1877,2.2363,2.1672,2.2137,23859230.688711002
1741780800,2025-03-12T12:00:00+00:00,2.2137,2.2764,2.1322,2.2028,55884766.187608
1741795200,2025-03-12T16:00:00+00:00,2.2029,2.2538,2.1876,2.2372,40199505.114094995
1741809600,2025-03-12T20:00:00+00:00,2.2375,2.2434,2.2113,2.2393,22779992.404146
1741824000,2025-03-13T00:00:00+00:00,2.239,2.2583,2.2261,2.2408,18585729.057739
1741838400,2025-03-13T04:00:00+00:00,2.2408,2.2537,2.2175,2.2342,11947782.46239
1741852800,2025-03-13T08:00:00+00:00,2.2339,2.2886,2.2136,2.2839,20364917.529309
1741867200,2025-03-13T12:00:00+00:00,2.2838,2.3472,2.2736,2.2877,56649598.579904005
1741881600,2025-03-13T16:00:00+00:00,2.2879,2.3083,2.2137,2.2372,37187538.580403
1741896000,2025-03-13T20:00:00+00:00,2.237,2.2749,2.2165,2.2517,19931234.469255
1741910400,2025-03-14T00:00:00+00:00,2.252,2.3,2.2361,2.2907,18712417.177972
1741924800,2025-03-14T04:00:00+00:00,2.2909,2.3136,2.2795,2.2944,12042146.380956002
1741939200,2025-03-14T08:00:00+00:00,2.2942,2.332,2.2911,2.3162,11517641.533169001
1741953600,2025-03-14T12:00:00+00:00,2.3163,2.3906,2.296,2.358,39339171.567671
1741968000,2025-03-14T16:00:00+00:00,2.3578,2.3725,2.3358,2.3553,18125884.007323
1741982400,2025-03-14T20:00:00+00:00,2.3551,2.3726,2.332,2.3567,17023853.60086
1741996800,2025-03-15T00:00:00+00:00,2.3564,2.4307,2.3526,2.4246,19881396.538882002
1742011200,2025-03-15T04:00:00+00:00,2.4244,2.4754,2.3733,2.3935,22321334.712772
1742025600,2025-03-15T08:00:00+00:00,2.3935,2.4262,2.3861,2.4257,7446555.206902999
1742040000,2025-03-15T12:00:00+00:00,2.4254,2.455,2.413,2.4264,14270819.631026
1742054400,2025-03-15T16:00:00+00:00,2.4265,2.4282,2.394,2.4017,13367821.872562
1742068800,2025-03-15T20:00:00+00:00,2.4016,2.4182,2.3827,2.3913,11395675.869101
1742083200,2025-03-16T00:00:00+00:00,2.391,2.4115,2.3626,2.3826,14439499.224842
1742097600,2025-03-16T04:00:00+00:00,2.3828,2.3962,2.3678,2.3807,5520893.54734
1742112000,2025-03-16T08:00:00+00:00,2.3811,2.3857,2.2867,2.2975,18187831.162159
1742126400,2025-03-16T12:00:00+00:00,2.2983,2.3218,2.2671,2.2965,21495404.002608
1742140800,2025-03-16T16:00:00+00:00,2.2961,2.354,2.2833,2.2948,18833820.469019003
1742155200,2025-03-16T20:00:00+00:00,2.2952,2.3212,2.2825,2.2934,11940271.427048
1742169600,2025-03-17T00:00:00+00:00,2.2934,2.358,2.291,2.3544,16201074.873008
1742184000,2025-03-17T04:00:00+00:00,2.3546,2.3695,2.307,2.3361,12685156.300515
1742198400,2025-03-17T08:00:00+00:00,2.3362,2.3556,2.32,2.3386,8668996.832935
1742212800,2025-03-17T12:00:00+00:00,2.3386,2.365,2.3065,2.3441,26806471.338320002
1742227200,2025-03-17T16:00:00+00:00,2.3443,2.3788,2.33,2.3599,19328717.329762
1742241600,2025-03-17T20:00:00+00:00,2.3598,2.3627,2.3341,2.3375,13708432.829339
1742256000,2025-03-18T00:00:00+00:00,2.3379,2.3397,2.2745,2.2856,21059286.421477
1742270400,2025-03-18T04:00:00+00:00,2.2856,2.3017,2.2432,2.2891,15747767.768117001
1742284800,2025-03-18T08:00:00+00:00,2.2891,2.3049,2.2596,2.2613,9436029.601386
1742299200,2025-03-18T12:00:00+00:00,2.2616,2.2679,2.2245,2.2368,20263489.087417997
1742313600,2025-03-18T16:00:00+00:00,2.2368,2.2659,2.2176,2.2625,16682388.626913
1742328000,2025-03-18T20:00:00+00:00,2.2625,2.2945,2.2491,2.2846,11172112.336893
1742342400,2025-03-19T00:00:00+00:00,2.2844,2.31,2.2646,2.2948,10012804.384109
1742356800,2025-03-19T04:00:00+00:00,2.2951,2.3046,2.2825,2.2927,6416380.551352
1742371200,2025-03-19T08:00:00+00:00,2.2932,2.3491,2.2932,2.3364,11555667.332558
1742385600,2025-03-19T12:00:00+00:00,2.3364,2.5939,2.3169,2.5553,127493948.78700401
1742400000,2025-03-19T16:00:00+00:00,2.5553,2.5693,2.4529,2.4888,62798171.70842999
1742414400,2025-03-19T20:00:00+00:00,2.4886,2.5662,2.476,2.5477,32433695.057237
1742428800,2025-03-20T00:00:00+00:00,2.5479,2.5642,2.4782,2.4858,27064808.203899
1742443200,2025-03-20T04:00:00+00:00,2.4852,2.4881,2.4314,2.4647,15197546.841926001
1742457600,2025-03-20T08:00:00+00:00,2.4645,2.5192,2.4643,2.4902,17262952.101558
1742472000,2025-03-20T12:00:00+00:00,2.4899,2.5177,2.4366,2.438,29025578.948164
1742486400,2025-03-20T16:00:00+00:00,2.4378,2.4569,2.3878,2.4354,30855464.908377
1742500800,2025-03-20T20:00:00+00:00,2.4354,2.4539,2.4105,2.4345,12355585.009009
1742515200,2025-03-21T00:00:00+00:00,2.4341,2.4664,2.4115,2.4225,13605943.811221002
1742529600,2025-03-21T04:00:00+00:00,2.4225,2.4349,2.3819,2.4075,8519799.031012
1742544000,2025-03-21T08:00:00+00:00,2.4073,2.4191,2.371,2.3878,8469132.342655
1742558400,2025-03-21T12:00:00+00:00,2.3874,2.3982,2.355,2.3709,17122609.927725
1742572800,2025-03-21T16:00:00+00:00,2.371,2.4235,2.3601,2.4009,14993226.06122
1742587200,2025-03-21T20:00:00+00:00,2.4008,2.4144,2.3735,2.38,11411484.993366
1742601600,2025-03-22T00:00:00+00:00,2.3797,2.406,2.3728,2.3884,7453067.056910999
1742616000,2025-03-22T04:00:00+00:00,2.3883,2.4124,2.3835,2.4011,3791973.994693
1742630400,2025-03-22T08:00:00+00:00,2.401,2.4162,2.3842,2.3934,3957907.658139
1742644800,2025-03-22T12:00:00+00:00,2.3935,2.3965,2.3667,2.3776,8312753.886239
1742659200,2025-03-22T16:00:00+00:00,2.3776,2.3928,2.3728,2.3813,5577271.288701001
1742673600,2025-03-22T20:00:00+00:00,2.3813,2.3842,2.3588,2.3708,6084922.569821
1742688000,2025-03-23T00:00:00+00:00,2.3708,2.3926,2.365,2.3888,4895120.908166
1742702400,2025-03-23T04:00:00+00:00,2.3891,2.4,2.377,2.3948,4440172.118352
1742716800,2025-03-23T08:00:00+00:00,2.395,2.4272,2.3845,2.4049,6229563.811053
1742731200,2025-03-23T12:00:00+00:00,2.4052,2.4233,2.3936,2.4129,7028927.335832001
1742745600,2025-03-23T16:00:00+00:00,2.4132,2.4178,2.3856,2.4,7950141.162242999
1742760000,2025-03-23T20:00:00+00:00,2.4,2.442,2.3875,2.4398,10542550.044567
1742774400,2025-03-24T00:00:00+00:00,2.4398,2.4584,2.4141,2.4436,11944116.654248001
1742788800,2025-03-24T04:00:00+00:00,2.4432,2.4691,2.4384,2.4439,11005004.965964999
1742803200,2025-03-24T08:00:00+00:00,2.443,2.4776,2.443,2.4595,8155332.612515001
1742817600,2025-03-24T12:00:00+00:00,2.4605,2.505,2.4422,2.474,15483466.162744999
1742832000,2025-03-24T16:00:00+00:00,2.4739,2.4769,2.4459,2.4655,13565369.676221
1742846400,2025-03-24T20:00:00+00:00,2.4653,2.4775,2.43,2.4501,11014518.62233
1742860800,2025-03-25T00:00:00+00:00,2.4504,2.4661,2.4092,2.4144,10722329.369941998
1742875200,2025-03-25T04:00:00+00:00,2.4143,2.4359,2.4075,2.4228,6344832.965615001
1742889600,2025-03-25T08:00:00+00:00,2.4225,2.4504,2.4208,2.4451,5100016.994453999
1742904000,2025-03-25T12:00:00+00:00,2.4453,2.4585,2.4272,2.4378,9959401.551301999
1742918400,2025-03-25T16:00:00+00:00,2.4378,2.48,2.425,2.4599,14143517.9622
1742932800,2025-03-25T20:00:00+00:00,2.4596,2.4709,2.4343,2.4499,9331251.637864
1742947200,2025-03-26T00:00:00+00:00,2.4498,2.4789,2.4356,2.4384,10746291.078736
1742961600,2025-03-26T04:00:00+00:00,2.4386,2.4716,2.4357,2.4656,5869942.570874
1742976000,2025-03-26T08:00:00+00:00,2.4654,2.4736,2.4524,2.4576,6416940.966416
1742990400,2025-03-26T12:00:00+00:00,2.4577,2.4602,2.3955,2.4059,16984359.134032
1743004800,2025-03-26T16:00:00+00:00,2.405,2.4142,2.3586,2.3718,15747298.520482
1743019200,2025-03-26T20:00:00+00:00,2.3715,2.3898,2.3277,2.3494,17678469.731726
1743033600,2025-03-27T00:00:00+00:00,2.3493,2.3907,2.3453,2.3781,11303560.875906002
1743048000,2025-03-27T04:00:00+00:00,2.3788,2.3818,2.3526,2.365,5186862.756383
1743062400,2025-03-27T08:00:00+00:00,2.3648,2.3804,2.3393,2.3434,5644072.66502
1743076800,2025-03-27T12:00:00+00:00,2.3433,2.3665,2.3,2.3396,18870222.61069
1743091200,2025-03-27T16:00:00+00:00,2.3395,2.3562,2.319,2.3391,12460942.888593
1743105600,2025-03-27T20:00:00+00:00,2.339,2.36,2.328,2.3404,9614401.137477
1743120000,2025-03-28T00:00:00+00:00,2.3406,2.343,2.3015,2.3102,13338854.275347
1743134400,2025-03-28T04:00:00+00:00,2.3103,2.3139,2.2162,2.2201,25638962.304461
1743148800,2025-03-28T08:00:00+00:00,2.2198,2.2422,2.1933,2.2265,22968422.285506
1743163200,2025-03-28T12:00:00+00:00,2.2262,2.2459,2.1739,2.1777,31639998.362343997
1743177600,2025-03-28T16:00:00+00:00,2.1777,2.192,2.1519,2.1789,28139900.428422
1743192000,2025-03-28T20:00:00+00:00,2.1791,2.2111,2.1579,2.2067,19058630.990006
1743206400,2025-03-29T00:00:00+00:00,2.2067,2.225,2.1274,2.1756,21940203.760511
1743220800,2025-03-29T04:00:00+00:00,2.1757,2.1851,2.1103,2.1214,14176527.792622
1743235200,2025-03-29T08:00:00+00:00,2.1218,2.1427,2.0601,2.0832,36051856.549774006
1743249600,2025-03-29T12:00:00+00:00,2.0833,2.1408,2.0809,2.1064,31564569.308622003
1743264000,2025-03-29T16:00:00+00:00,2.1067,2.1348,2.0706,2.1316,24541094.015413996
1743278400,2025-03-29T20:00:00+00:00,2.1315,2.1419,2.0999,2.1343,11836638.31462
1743292800,2025-03-30T00:00:00+00:00,2.1343,2.215,2.1153,2.1824,20437625.860453
1743307200,2025-03-30T04:00:00+00:00,2.1815,2.1942,2.1589,2.1751,10577283.234187001
1743321600,2025-03-30T08:00:00+00:00,2.175,2.1984,2.1526,2.1626,9747554.729435
1743336000,2025-03-30T12:00:00+00:00,2.1627,2.1689,2.1223,2.1373,13719902.305914
1743350400,2025-03-30T16:00:00+00:00,2.1369,2.1714,2.1146,2.1428,14741518.366253
1743364800,2025-03-30T20:00:00+00:00,2.1425,2.1635,2.1074,2.1369,13670770.531507
1743379200,2025-03-31T00:00:00+00:00,2.1369,2.141,2.0786,2.0811,28552950.222117998
1743393600,2025-03-31T04:00:00+00:00,2.0811,2.1143,2.0538,2.0655,19524161.799976997
1743408000,2025-03-31T08:00:00+00:00,2.0654,2.0942,2.0234,2.0826,29067026.832508996
1743422400,2025-03-31T12:00:00+00:00,2.0826,2.1405,2.0589,2.1189,32171846.536481
1743436800,2025-03-31T16:00:00+00:00,2.1191,2.1319,2.0786,2.0905,22401557.244208
1743451200,2025-03-31T20:00:00+00:00,2.0906,2.105,2.0742,2.0894,15001767.713739
1743465600,2025-04-01T00:00:00+00:00,2.089,2.1157,2.0645,2.0981,14696139.037688
1743480000,2025-04-01T04:00:00+00:00,2.0981,2.12,2.0887,2.095,9078015.516493
1743494400,2025-04-01T08:00:00+00:00,2.0945,2.1999,2.0944,2.134,28112106.409909002
1743508800,2025-04-01T12:00:00+00:00,2.1339,2.1825,2.0943,2.159,30797261.724549
1743523200,2025-04-01T16:00:00+00:00,2.1593,2.1692,2.1207,2.1383,15832002.677733999
1743537600,2025-04-01T20:00:00+00:00,2.1384,2.1539,2.121,2.1389,12402903.726373
1743552000,2025-04-02T00:00:00+00:00,2.139,2.1398,2.0846,2.0991,16471792.985516999
1743566400,2025-04-02T04:00:00+00:00,2.0989,2.1129,2.0672,2.1092,12004978.004594002
1743580800,2025-04-02T08:00:00+00:00,2.1092,2.1362,2.0988,2.1138,15324121.756037
1743595200,2025-04-02T12:00:00+00:00,2.1136,2.196,2.098,2.173,36205077.57737
1743609600,2025-04-02T16:00:00+00:00,2.173,2.1808,2.1306,2.1602,17582548.384348
1743624000,2025-04-02T20:00:00+00:00,2.1602,2.2352,1.985,2.0235,93430255.70267999
1743638400,2025-04-03T00:00:00+00:00,2.0234,2.0722,2.0073,2.0634,25805320.891076
1743652800,2025-04-03T04:00:00+00:00,2.0638,2.0823,2.0306,2.0523,11524801.777768
1743667200,2025-04-03T08:00:00+00:00,2.0523,2.0579,2.0138,2.0339,14722013.585585002
1743681600,2025-04-03T12:00:00+00:00,2.0339,2.0423,1.9595,2.0054,52816273.25571
1743696000,2025-04-03T16:00:00+00:00,2.0053,2.0744,1.9915,2.0531,24219064.026694
1743710400,2025-04-03T20:00:00+00:00,2.0533,2.0687,2.0342,2.0639,14105265.155676
1743724800,2025-04-04T00:00:00+00:00,2.0641,2.0774,2.0361,2.0496,12483360.840266
1743739200,2025-04-04T04:00:00+00:00,2.0498,2.0948,2.0419,2.0903,12735139.335744001
1743753600,2025-04-04T08:00:00+00:00,2.0903,2.103,2.0159,2.0477,22413022.452964
1743768000,2025-04-04T12:00:00+00:00,2.0476,2.1604,2.0381,2.1218,53858414.585989
1743782400,2025-04-04T16:00:00+00:00,2.122,2.1459,2.0974,2.1278,28855236.574430995
1743796800,2025-04-04T20:00:00+00:00,2.1273,2.1517,2.1113,2.1296,14121827.657659002
1743811200,2025-04-05T00:00:00+00:00,2.1295,2.1433,2.113,2.1167,7683505.551107001
1743825600,2025-04-05T04:00:00+00:00,2.1167,2.1397,2.1147,2.1356,4321585.662696
1743840000,2025-04-05T08:00:00+00:00,2.1356,2.1699,2.1269,2.1594,8873600.064599
1743854400,2025-04-05T12:00:00+00:00,2.1596,2.1771,2.1166,2.1214,13089781.325059999
1743868800,2025-04-05T16:00:00+00:00,2.1219,2.138,2.1159,2.1189,6493614.750495
1743883200,2025-04-05T20:00:00+00:00,2.1188,2.1475,2.1165,2.1434,6037592.880045
1743897600,2025-04-06T00:00:00+00:00,2.1436,2.1586,2.122,2.1297,7614346.280932
1743912000,2025-04-06T04:00:00+00:00,2.1299,2.1371,2.086,2.0931,9324553.053202
1743926400,2025-04-06T08:00:00+00:00,2.0933,2.1024,2.0777,2.0844,6447325.383695
1743940800,2025-04-06T12:00:00+00:00,2.0844,2.094,2.0444,2.0739,16449598.788608
1743955200,2025-04-06T16:00:00+00:00,2.0738,2.0753,1.9741,1.9944,49091031.642712995
1743969600,2025-04-06T20:00:00+00:00,1.9941,2.0034,1.86,1.9208,89550450.28756899
1743984000,2025-04-07T00:00:00+00:00,1.9209,1.9532,1.8,1.8219,72815115.949664
1743998400,2025-04-07T04:00:00+00:00,1.8224,1.8371,1.6106,1.6762,128386472.675455
1744012800,2025-04-07T08:00:00+00:00,1.6764,1.8146,1.6718,1.7645,69519971.229193
1744027200,2025-04-07T12:00:00+00:00,1.7645,2.0152,1.7453,1.8737,151270774.159161
1744041600,2025-04-07T16:00:00+00:00,1.8733,1.9248,1.8371,1.8886,60358065.452036
1744056000,2025-04-07T20:00:00+00:00,1.889,1.9493,1.888,1.8983,28096970.718611002
1744070400,2025-04-08T00:00:00+00:00,1.8978,1.935,1.8589,1.9039,31102968.700487003
1744084800,2025-04-08T04:00:00+00:00,1.9035,1.919,1.8472,1.8678,22345212.568111002
1744099200,2025-04-08T08:00:00+00:00,1.8675,1.9737,1.8506,1.9588,23462083.527374
1744113600,2025-04-08T12:00:00+00:00,1.959,1.9753,1.8901,1.9045,51450839.019694
1744128000,2025-04-08T16:00:00+00:00,1.9042,1.9094,1.8044,1.824,70784955.431225
1744142400,2025-04-08T20:00:00+00:00,1.8239,1.8422,1.775,1.7949,37004883.428610004
1744156800,2025-04-09T00:00:00+00:00,1.7949,1.8117,1.7203,1.7462,58830382.989924
1744171200,2025-04-09T04:00:00+00:00,1.7459,1.8376,1.742,1.831,44073935.39034
1744185600,2025-04-09T08:00:00+00:00,1.831,1.8445,1.7626,1.7807,29041154.464865
1744200000,2025-04-09T12:00:00+00:00,1.7807,1.9677,1.7639,1.827,70353738.152104
1744214400,2025-04-09T16:00:00+00:00,1.827,2.0854,1.8219,2.0379,123030290.07730299
1744228800,2025-04-09T20:00:00+00:00,2.0383,2.09,2.0313,2.0522,38371588.882667996
1744243200,2025-04-10T00:00:00+00:00,2.0523,2.0561,1.9691,2.0014,26850631.350849003
1744257600,2025-04-10T04:00:00+00:00,2.0018,2.018,1.9744,1.99,20943601.990006
1744272000,2025-04-10T08:00:00+00:00,1.9898,2.0148,1.9791,1.999,14262316.570137002
1744286400,2025-04-10T12:00:00+00:00,1.9989,2.0441,1.9211,1.933,52115832.82543801
1744300800,2025-04-10T16:00:00+00:00,1.9328,1.9725,1.9221,1.9614,39363362.396483
1744315200,2025-04-10T20:00:00+00:00,1.961,1.9968,1.9572,1.9646,12219624.529243
1744329600,2025-04-11T00:00:00+00:00,1.9642,2.0054,1.946,1.9997,19905942.443956997
1744344000,2025-04-11T04:00:00+00:00,1.999,2.0128,1.9896,2.0038,11541142.338152999
1744358400,2025-04-11T08:00:00+00:00,2.0039,2.0327,1.9946,2.0084,15983990.174569
1744372800,2025-04-11T12:00:00+00:00,2.0088,2.0255,1.9834,2.0005,25115408.222201
1744387200,2025-04-11T16:00:00+00:00,2.0006,2.0643,1.9916,2.0443,32085658.212794
1744401600,2025-04-11T20:00:00+00:00,2.0438,2.0522,2.0113,2.0214,13228332.249445
1744416000,2025-04-12T00:00:00+00:00,2.0213,2.0261,2.0021,2.0123,7309804.317666
1744430400,2025-04-12T04:00:00+00:00,2.0125,2.0586,2.0085,2.054,8168232.808700001
1744444800,2025-04-12T08:00:00+00:00,2.054,2.0736,2.05,2.0614,10473910.397123
1744459200,2025-04-12T12:00:00+00:00,2.0615,2.1858,2.0574,2.1521,40424555.565971
1744473600,2025-04-12T16:00:00+00:00,2.152,2.1631,2.1156,2.1377,17563898.42546
1744488000,2025-04-12T20:00:00+00:00,2.1377,2.1663,2.1352,2.1595,12221953.801174
1744502400,2025-04-13T00:00:00+00:00,2.1597,2.1734,2.1345,2.1556,15480842.276566
1744516800,2025-04-13T04:00:00+00:00,2.1558,2.1593,2.1264,2.1454,5821132.702513999
1744531200,2025-04-13T08:00:00+00:00,2.1462,2.2465,2.135,2.2006,30037113.520305
1744545600,2025-04-13T12:00:00+00:00,2.2005,2.205,2.1304,2.1469,21878043.846463002
1744560000,2025-04-13T16:00:00+00:00,2.1469,2.1846,2.1,2.12,22983519.724728
1744574400,2025-04-13T20:00:00+00:00,2.1195,2.1444,2.0789,2.1189,27005627.670370005
1744588800,2025-04-14T00:00:00+00:00,2.119,2.1796,2.1117,2.1398,18198350.211986
1744603200,2025-04-14T04:00:00+00:00,2.1408,2.159,2.1035,2.1276,8236655.214096
1744617600,2025-04-14T08:00:00+00:00,2.1278,2.1567,2.1164,2.1561,9814806.530993
1744632000,2025-04-14T12:00:00+00:00,2.1567,2.1783,2.1105,2.1157,25125291.611446
1744646400,2025-04-14T16:00:00+00:00,2.1159,2.167,2.1055,2.1523,20938107.376637
1744660800,2025-04-14T20:00:00+00:00,2.1526,2.1575,2.1221,2.127,8072813.857606
1744675200,2025-04-15T00:00:00+00:00,2.1274,2.1558,2.1167,2.1528,12260313.72306
1744689600,2025-04-15T04:00:00+00:00,2.1531,2.1597,2.1319,2.152,8665963.941661
1744704000,2025-04-15T08:00:00+00:00,2.1519,2.1853,2.1455,2.1515,11081818.872812
1744718400,2025-04-15T12:00:00+00:00,2.1514,2.1848,2.1272,2.1347,22515190.345869
1744732800,2025-04-15T16:00:00+00:00,2.1351,2.143,2.105,2.1185,20339444.851194
1744747200,2025-04-15T20:00:00+00:00,2.1184,2.1273,2.0824,2.0841,20377362.743058003
1744761600,2025-04-16T00:00:00+00:00,2.084,2.098,2.0656,2.0827,16854333.117247
1744776000,2025-04-16T04:00:00+00:00,2.0827,2.0906,2.0432,2.0505,11927750.137817
1744790400,2025-04-16T08:00:00+00:00,2.0504,2.0904,2.0356,2.0894,12010334.961839
1744804800,2025-04-16T12:00:00+00:00,2.0894,2.1207,2.0644,2.094,16422341.528995
1744819200,2025-04-16T16:00:00+00:00,2.094,2.1271,2.0477,2.1065,35668609.459844
1744833600,2025-04-16T20:00:00+00:00,2.1066,2.1162,2.0779,2.0831,12806755.541202001
1744848000,2025-04-17T00:00:00+00:00,2.0831,2.0891,2.0624,2.0696,8339116.967389
1744862400,2025-04-17T04:00:00+00:00,2.0695,2.1076,2.0667,2.091,9897797.612879
1744876800,2025-04-17T08:00:00+00:00,2.0912,2.1069,2.0858,2.1025,6666406.260642
1744891200,2025-04-17T12:00:00+00:00,2.1023,2.1144,2.0565,2.067,26763693.383351
1744905600,2025-04-17T16:00:00+00:00,2.0671,2.1042,2.052,2.0663,21615936.772843003
1744920000,2025-04-17T20:00:00+00:00,2.0662,2.0811,2.0601,2.0673,8108926.54122
1744934400,2025-04-18T00:00:00+00:00,2.0673,2.0693,2.0436,2.0562,11530939.364172999
1744948800,2025-04-18T04:00:00+00:00,2.0562,2.0719,2.047,2.0692,5785934.456566
1744963200,2025-04-18T08:00:00+00:00,2.069,2.081,2.0678,2.0797,7014330.725664001
1744977600,2025-04-18T12:00:00+00:00,2.0797,2.0858,2.056,2.0583,9210326.10905
1744992000,2025-04-18T16:00:00+00:00,2.0583,2.0891,2.055,2.0796,11032393.965721
1745006400,2025-04-18T20:00:00+00:00,2.0796,2.0858,2.0554,2.0614,8332311.928354001
1745020800,2025-04-19T00:00:00+00:00,2.0615,2.0865,2.0583,2.0845,8141087.16962
1745035200,2025-04-19T04:00:00+00:00,2.0842,2.0943,2.0771,2.0889,3855555.776606
1745049600,2025-04-19T08:00:00+00:00,2.0888,2.0974,2.08,2.0813,3024246.668718
1745064000,2025-04-19T12:00:00+00:00,2.0813,2.093,2.076,2.0772,5000027.272640999
1745078400,2025-04-19T16:00:00+00:00,2.0772,2.0945,2.0651,2.0835,7081033.387018
1745092800,2025-04-19T20:00:00+00:00,2.0835,2.0916,2.08,2.0875,3725622.9688379997
1745107200,2025-04-20T00:00:00+00:00,2.0872,2.0941,2.0793,2.0831,4555760.246002
1745121600,2025-04-20T04:00:00+00:00,2.0836,2.0865,2.0631,2.0694,4358788.285649
1745136000,2025-04-20T08:00:00+00:00,2.0695,2.0714,2.0395,2.0435,8963902.926083
1745150400,2025-04-20T12:00:00+00:00,2.0435,2.0613,2.0412,2.0493,6380314.770843999
1745164800,2025-04-20T16:00:00+00:00,2.0491,2.0864,2.0454,2.0814,5296655.215659
1745179200,2025-04-20T20:00:00+00:00,2.0812,2.091,2.06,2.0784,7420241.17784
1745193600,2025-04-21T00:00:00+00:00,2.0784,2.1253,2.0765,2.1093,19171707.919633
1745208000,2025-04-21T04:00:00+00:00,2.1093,2.1401,2.1075,2.1265,6686954.15865
1745222400,2025-04-21T08:00:00+00:00,2.1265,2.141,2.1082,2.1182,7332362.780427
1745236800,2025-04-21T12:00:00+00:00,2.1181,2.1395,2.105,2.1159,14454423.783781001
1745251200,2025-04-21T16:00:00+00:00,2.1158,2.118,2.06,2.0882,18079818.088907
1745265600,2025-04-21T20:00:00+00:00,2.0882,2.0883,2.07,2.0853,7161261.336277
1745280000,2025-04-22T00:00:00+00:00,2.0852,2.1038,2.0641,2.0834,9747316.496681001
1745294400,2025-04-22T04:00:00+00:00,2.0832,2.0968,2.0678,2.0923,5507002.851419
1745308800,2025-04-22T08:00:00+00:00,2.0923,2.1078,2.09,2.0992,7481024.842341
1745323200,2025-04-22T12:00:00+00:00,2.0995,2.1937,2.0946,2.1568,39580818.158653
1745337600,2025-04-22T16:00:00+00:00,2.1567,2.1725,2.1416,2.1556,18434112.854634
1745352000,2025-04-22T20:00:00+00:00,2.1557,2.25,2.1488,2.2152,39472500.901244
1745366400,2025-04-23T00:00:00+00:00,2.2152,2.2374,2.1949,2.2356,20557897.584941
1745380800,2025-04-23T04:00:00+00:00,2.2359,2.2645,2.2219,2.2575,16180562.268854
1745395200,2025-04-23T08:00:00+00:00,2.2577,2.3016,2.2506,2.2602,26211324.270008
1745409600,2025-04-23T12:00:00+00:00,2.2601,2.2998,2.1906,2.2289,51469750.337321
1745424000,2025-04-23T16:00:00+00:00,2.2288,2.2517,2.2007,2.2198,25987009.239234
1745438400,2025-04-23T20:00:00+00:00,2.2198,2.2317,2.2106,2.219,9061671.142508
1745452800,2025-04-24T00:00:00+00:00,2.219,2.2242,2.1718,2.1758,11723623.61381
1745467200,2025-04-24T04:00:00+00:00,2.1757,2.1944,2.144,2.1498,11469125.695239
1745481600,2025-04-24T08:00:00+00:00,2.15,2.1593,2.1184,2.1559,14592981.733554002
1745496000,2025-04-24T12:00:00+00:00,2.1561,2.236,2.1502,2.2136,36361086.74834
1745510400,2025-04-24T16:00:00+00:00,2.2137,2.2293,2.1837,2.207,23212634.218449
1745524800,2025-04-24T20:00:00+00:00,2.2072,2.2143,2.1873,2.206,10544745.259675
1745539200,2025-04-25T00:00:00+00:00,2.206,2.218,2.1643,2.1821,12244308.484802999
1745553600,2025-04-25T04:00:00+00:00,2.1818,2.2076,2.1773,2.1954,7508236.5771820005
1745568000,2025-04-25T08:00:00+00:00,2.1953,2.2106,2.185,2.2053,9282979.481262
1745582400,2025-04-25T12:00:00+00:00,2.2049,2.2209,2.1736,2.2024,28171177.756228
1745596800,2025-04-25T16:00:00+00:00,2.2021,2.2113,2.1841,2.1969,11887245.301509999
1745611200,2025-04-25T20:00:00+00:00,2.197,2.2022,2.1774,2.1827,8477787.646775998
1745625600,2025-04-26T00:00:00+00:00,2.1825,2.2048,2.1809,2.1918,6788278.0591440005
1745640000,2025-04-26T04:00:00+00:00,2.1919,2.2492,2.1809,2.2211,9324895.186405
1745654400,2025-04-26T08:00:00+00:00,2.221,2.2371,2.1867,2.1951,7128293.427836999
1745668800,2025-04-26T12:00:00+00:00,2.1948,2.2032,2.1839,2.2005,6669846.18791
1745683200,2025-04-26T16:00:00+00:00,2.2007,2.2076,2.1932,2.1998,4220036.241077
1745697600,2025-04-26T20:00:00+00:00,2.2,2.2034,2.1864,2.1922,4615673.591488
1745712000,2025-04-27T00:00:00+00:00,2.1923,2.2061,2.16,2.1765,11464829.37565
1745726400,2025-04-27T04:00:00+00:00,2.1765,2.18,2.1608,2.173,5111765.837781
1745740800,2025-04-27T08:00:00+00:00,2.173,2.1843,2.1696,2.1814,2701606.939641
1745755200,2025-04-27T12:00:00+00:00,2.1815,2.2699,2.1747,2.2287,33495513.906554002
1745769600,2025-04-27T16:00:00+00:00,2.2286,2.2854,2.2162,2.2845,16114643.402254
1745784000,2025-04-27T20:00:00+00:00,2.2846,2.295,2.246,2.2529,20993579.76284
1745798400,2025-04-28T00:00:00+00:00,2.2528,2.2657,2.2196,2.2595,18807282.236430004
1745812800,2025-04-28T04:00:00+00:00,2.2595,2.3433,2.2573,2.3362,19554052.170112
1745827200,2025-04-28T08:00:00+00:00,2.3363,2.3615,2.3072,2.3195,16959759.949376
1745841600,2025-04-28T12:00:00+00:00,2.3197,2.331,2.2507,2.2756,25910171.195949998
1745856000,2025-04-28T16:00:00+00:00,2.2756,2.2985,2.2622,2.2933,16633337.731155999
1745870400,2025-04-28T20:00:00+00:00,2.293,2.3063,2.2843,2.2957,9317531.984744001
1745884800,2025-04-29T00:00:00+00:00,2.2956,2.3155,2.2767,2.2881,17779582.297376998
1745899200,2025-04-29T04:00:00+00:00,2.288,2.2929,2.2649,2.287,7004682.463805
1745913600,2025-04-29T08:00:00+00:00,2.287,2.3063,2.2767,2.2924,8103304.161947999
1745928000,2025-04-29T12:00:00+00:00,2.2922,2.2946,2.2651,2.2939,12476368.007276
1745942400,2025-04-29T16:00:00+00:00,2.2936,2.305,2.2831,2.2929,9092080.958583
1745956800,2025-04-29T20:00:00+00:00,2.2933,2.2968,2.2215,2.2389,21240585.760255
1745971200,2025-04-30T00:00:00+00:00,2.2386,2.2523,2.225,2.2489,10238910.351442
1745985600,2025-04-30T04:00:00+00:00,2.2491,2.2598,2.2085,2.2211,7337674.713916
1746000000,2025-04-30T08:00:00+00:00,2.2211,2.2395,2.2121,2.2395,5872531.527073001
1746014400,2025-04-30T12:00:00+00:00,2.2393,2.2396,2.1249,2.158,36373222.2629
1746028800,2025-04-30T16:00:00+00:00,2.1584,2.2138,2.1498,2.1952,26683989.629575
1746043200,2025-04-30T20:00:00+00:00,2.1954,2.2128,2.1895,2.1908,10201925.760478001
1746057600,2025-05-01T00:00:00+00:00,2.191,2.2205,2.1869,2.2043,7186309.122964
1746072000,2025-05-01T04:00:00+00:00,2.2044,2.216,2.1934,2.2001,7086327.092249
1746086400,2025-05-01T08:00:00+00:00,2.2003,2.246,2.1982,2.2383,8088002.522617999
1746100800,2025-05-01T12:00:00+00:00,2.2382,2.2601,2.2159,2.2378,21917194.39465
1746115200,2025-05-01T16:00:00+00:00,2.2376,2.255,2.2175,2.2192,9983659.226358
1746129600,2025-05-01T20:00:00+00:00,2.219,2.2293,2.2097,2.2131,6842993.976752
1746144000,2025-05-02T00:00:00+00:00,2.213,2.2346,2.208,2.2253,7133106.2926590005
1746158400,2025-05-02T04:00:00+00:00,2.2251,2.2333,2.1925,2.1948,6929016.813539
1746172800,2025-05-02T08:00:00+00:00,2.1949,2.2211,2.1943,2.2161,4180177.6154139997
1746187200,2025-05-02T12:00:00+00:00,2.2158,2.2419,2.2065,2.2175,14126256.475596998
1746201600,2025-05-02T16:00:00+00:00,2.2177,2.237,2.201,2.2106,9822949.011155
1746216000,2025-05-02T20:00:00+00:00,2.2109,2.2177,2.1955,2.21,8057655.923071
1746230400,2025-05-03T00:00:00+00:00,2.21,2.2205,2.1977,2.2127,4862815.333206
1746244800,2025-05-03T04:00:00+00:00,2.2128,2.2192,2.2006,2.2043,2449406.32921
1746259200,2025-05-03T08:00:00+00:00,2.204,2.2081,2.1846,2.1893,3859180.5178239997
1746273600,2025-05-03T12:00:00+00:00,2.1893,2.216,2.1888,2.2101,5284354.027999001
1746288000,2025-05-03T16:00:00+00:00,2.2101,2.2117,2.1769,2.1941,6332734.319932
1746302400,2025-05-03T20:00:00+00:00,2.1941,2.2014,2.1836,2.1877,4939956.056728
1746316800,2025-05-04T00:00:00+00:00,2.1877,2.2189,2.1848,2.1988,4662867.263406
1746331200,2025-05-04T04:00:00+00:00,2.1989,2.2131,2.1922,2.2112,2591702.935379
1746345600,2025-05-04T08:00:00+00:00,2.2112,2.2117,2.1786,2.1896,3865253.1662899996
1746360000,2025-05-04T12:00:00+00:00,2.1893,2.205,2.1729,2.1969,5176219.370629
1746374400,2025-05-04T16:00:00+00:00,2.1972,2.1998,2.1647,2.1763,5361715.49675
1746388800,2025-05-04T20:00:00+00:00,2.1763,2.1864,2.1514,2.1562,6915500.124666
1746403200,2025-05-05T00:00:00+00:00,2.1563,2.1721,2.1322,2.1477,9980852.586282
1746417600,2025-05-05T04:00:00+00:00,2.1477,2.1853,2.1471,2.1771,4531312.887781
1746432000,2025-05-05T08:00:00+00:00,2.177,2.2,2.1388,2.143,6789083.36806
1746446400,2025-05-05T12:00:00+00:00,2.143,2.1547,2.1065,2.115,17008374.477757998
1746460800,2025-05-05T16:00:00+00:00,2.1148,2.1619,2.1139,2.1408,12415008.364110999
1746475200,2025-05-05T20:00:00+00:00,2.1408,2.15,2.1152,2.1303,11848161.5628
1746489600,2025-05-06T00:00:00+00:00,2.1302,2.1401,2.0939,2.1183,11446961.429265
1746504000,2025-05-06T04:00:00+00:00,2.1185,2.1248,2.0926,2.0986,5747975.014612
1746518400,2025-05-06T08:00:00+00:00,2.0986,2.1084,2.08,2.0901,9262829.072741
1746532800,2025-05-06T12:00:00+00:00,2.09,2.1225,2.0775,2.1106,13090376.812215
1746547200,2025-05-06T16:00:00+00:00,2.111,2.1468,2.1033,2.1368,14913216.313635001
1746561600,2025-05-06T20:00:00+00:00,2.1367,2.1596,2.1113,2.155,12976725.35844
1746576000,2025-05-07T00:00:00+00:00,2.1549,2.1722,2.1379,2.1479,10781625.508131
1746590400,2025-05-07T04:00:00+00:00,2.1479,2.1547,2.1282,2.1416,5285709.696105
1746604800,2025-05-07T08:00:00+00:00,2.1415,2.1518,2.136,2.143,4058433.1030979995
1746619200,2025-05-07T12:00:00+00:00,2.1429,2.1455,2.1218,2.1271,8472211.115103
1746633600,2025-05-07T16:00:00+00:00,2.1274,2.135,2.1044,2.1129,13978631.567219
1746648000,2025-05-07T20:00:00+00:00,2.1126,2.1371,2.1075,2.1268,6649982.008578
1746662400,2025-05-08T00:00:00+00:00,2.1268,2.1862,2.1178,2.1861,14719797.791171
1746676800,2025-05-08T04:00:00+00:00,2.1862,2.2077,2.1682,2.1892,11543938.786220001
1746691200,2025-05-08T08:00:00+00:00,2.1893,2.219,2.1868,2.2085,9582709.849355
1746705600,2025-05-08T12:00:00+00:00,2.2085,2.275,2.203,2.2441,26478224.760272
1746720000,2025-05-08T16:00:00+00:00,2.2438,2.276,2.2275,2.2746,28082293.13747
1746734400,2025-05-08T20:00:00+00:00,2.275,2.3296,2.259,2.3269,36758386.691939
1746748800,2025-05-09T00:00:00+00:00,2.3268,2.3328,2.2919,2.2936,17950650.526313998
1746763200,2025-05-09T04:00:00+00:00,2.2938,2.357,2.287,2.3384,14514645.818472
1746777600,2025-05-09T08:00:00+00:00,2.3385,2.4288,2.3345,2.3947,38285925.437494
1746792000,2025-05-09T12:00:00+00:00,2.3946,2.4065,2.331,2.3495,34047290.512616
1746806400,2025-05-09T16:00:00+00:00,2.3498,2.3678,2.3212,2.3585,21058072.651097998
1746820800,2025-05-09T20:00:00+00:00,2.3589,2.3631,2.3313,2.3441,8141371.76731
1746835200,2025-05-10T00:00:00+00:00,2.3439,2.3797,2.3357,2.3675,11767239.180441
1746849600,2025-05-10T04:00:00+00:00,2.3674,2.3965,2.3515,2.3899,9529928.243212
1746864000,2025-05-10T08:00:00+00:00,2.3906,2.4375,2.3681,2.3806,15564853.689362
1746878400,2025-05-10T12:00:00+00:00,2.3808,2.4212,2.3805,2.3981,11328833.641680999
1746892800,2025-05-10T16:00:00+00:00,2.3982,2.4497,2.395,2.4202,17270452.745154
1746907200,2025-05-10T20:00:00+00:00,2.4199,2.4765,2.4044,2.4711,21968036.267172
1746921600,2025-05-11T00:00:00+00:00,2.4709,2.4837,2.3831,2.4022,25680335.363648
1746936000,2025-05-11T04:00:00+00:00,2.4023,2.4181,2.3419,2.3558,13588263.473313998
1746950400,2025-05-11T08:00:00+00:00,2.3554,2.3879,2.3494,2.3868,6293709.766501
1746964800,2025-05-11T12:00:00+00:00,2.387,2.3898,2.3315,2.3481,15510478.419436
1746979200,2025-05-11T16:00:00+00:00,2.348,2.3844,2.3289,2.3724,11881203.427001
1746993600,2025-05-11T20:00:00+00:00,2.3725,2.3811,2.3566,2.368,7330831.441532001
1747008000,2025-05-12T00:00:00+00:00,2.3679,2.4086,2.3513,2.3963,15518952.108313
1747022400,2025-05-12T04:00:00+00:00,2.3963,2.4546,2.3761,2.4136,19576356.468599997
1747036800,2025-05-12T08:00:00+00:00,2.4139,2.4828,2.3915,2.4491,19523979.647264
1747051200,2025-05-12T12:00:00+00:00,2.4487,2.6562,2.4473,2.5922,98711166.82984
1747065600,2025-05-12T16:00:00+00:00,2.5929,2.6138,2.4289,2.5333,60329994.72622301
1747080000,2025-05-12T20:00:00+00:00,2.5334,2.5563,2.5022,2.5443,21403533.849316
1747094400,2025-05-13T00:00:00+00:00,2.5441,2.5462,2.4278,2.4302,26231310.480857
1747108800,2025-05-13T04:00:00+00:00,2.4302,2.5159,2.4218,2.4993,13589991.816862
1747123200,2025-05-13T08:00:00+00:00,2.4994,2.5682,2.4864,2.535,20314313.805832
1747137600,2025-05-13T12:00:00+00:00,2.5346,2.5637,2.5051,2.5438,31800366.624743
1747152000,2025-05-13T16:00:00+00:00,2.544,2.6069,2.5355,2.5823,33168536.335534997
1747166400,2025-05-13T20:00:00+00:00,2.5819,2.6027,2.5595,2.5828,17797088.936441
1747180800,2025-05-14T00:00:00+00:00,2.583,2.5971,2.5408,2.5578,15423803.331878997
1747195200,2025-05-14T04:00:00+00:00,2.5578,2.6342,2.5471,2.6186,11279572.231780998
1747209600,2025-05-14T08:00:00+00:00,2.6177,2.65,2.5623,2.6146,25500496.82891
1747224000,2025-05-14T12:00:00+00:00,2.6144,2.6263,2.5487,2.5619,30352200.479574002
1747238400,2025-05-14T16:00:00+00:00,2.5616,2.5719,2.5192,2.5673,20847466.826351
1747252800,2025-05-14T20:00:00+00:00,2.5672,2.5717,2.5373,2.5508,11958650.816335
1747267200,2025-05-15T00:00:00+00:00,2.5509,2.5724,2.513,2.5233,13081524.039179001
1747281600,2025-05-15T04:00:00+00:00,2.5233,2.5353,2.4494,2.4613,13099607.774353
1747296000,2025-05-15T08:00:00+00:00,2.4608,2.5021,2.4484,2.4787,16693408.185035
1747310400,2025-05-15T12:00:00+00:00,2.4784,2.4904,2.4054,2.467,34310067.704348
1747324800,2025-05-15T16:00:00+00:00,2.4669,2.5063,2.4212,2.4499,25011637.838620998
1747339200,2025-05-15T20:00:00+00:00,2.45,2.46,2.3539,2.3859,27443871.14378
1747353600,2025-05-16T00:00:00+00:00,2.3861,2.4199,2.3474,2.4136,22818970.227991004
1747368000,2025-05-16T04:00:00+00:00,2.4138,2.43,2.401,2.4079,11051176.137043001
1747382400,2025-05-16T08:00:00+00:00,2.4081,2.4409,2.3723,2.4264,12167483.196589999
1747396800,2025-05-16T12:00:00+00:00,2.4264,2.4405,2.4056,2.4241,15534961.14734
1747411200,2025-05-16T16:00:00+00:00,2.4242,2.4321,2.3947,2.4185,11390813.459906999
1747425600,2025-05-16T20:00:00+00:00,2.4186,2.4241,2.3622,2.381,11470733.055142999
1747440000,2025-05-17T00:00:00+00:00,2.3806,2.3838,2.3136,2.3712,20752232.252945
1747454400,2025-05-17T04:00:00+00:00,2.3713,2.39,2.3635,2.3813,6040814.86626
1747468800,2025-05-17T08:00:00+00:00,2.3811,2.3834,2.3417,2.3538,6109718.894464999
1747483200,2025-05-17T12:00:00+00:00,2.3541,2.357,2.3168,2.3337,8771718.631571
1747497600,2025-05-17T16:00:00+00:00,2.3334,2.3509,2.3,2.3354,13412654.538222998
1747512000,2025-05-17T20:00:00+00:00,2.3353,2.3641,2.3274,2.3542,8950195.300431
1747526400,2025-05-18T00:00:00+00:00,2.3542,2.3698,2.3497,2.3591,5883890.187097
1747540800,2025-05-18T04:00:00+00:00,2.3591,2.3994,2.3591,2.3974,4149168.301721
1747555200,2025-05-18T08:00:00+00:00,2.3977,2.4076,2.3825,2.3884,4602631.671863
1747569600,2025-05-18T12:00:00+00:00,2.3887,2.4455,2.3809,2.4386,11974262.987377
1747584000,2025-05-18T16:00:00+00:00,2.4391,2.4505,2.366,2.3706,18018624.354548
1747598400,2025-05-18T20:00:00+00:00,2.3704,2.438,2.3333,2.4286,14131574.822138
1747612800,2025-05-19T00:00:00+00:00,2.429,2.4412,2.3493,2.3495,16496151.781057
1747627200,2025-05-19T04:00:00+00:00,2.3498,2.3637,2.2837,2.3067,16064499.066039
1747641600,2025-05-19T08:00:00+00:00,2.3063,2.3272,2.288,2.3247,8995323.174927
1747656000,2025-05-19T12:00:00+00:00,2.325,2.3594,2.2905,2.3502,18486185.731631
1747670400,2025-05-19T16:00:00+00:00,2.3504,2.4025,2.3371,2.3995,15420430.052131
1747684800,2025-05-19T20:00:00+00:00,2.3996,2.4001,2.3667,2.3808,8999150.369449
1747699200,2025-05-20T00:00:00+00:00,2.3809,2.4098,2.3746,2.383,11556977.699854
1747713600,2025-05-20T04:00:00+00:00,2.3828,2.3936,2.3462,2.3471,6078808.564335
1747728000,2025-05-20T08:00:00+00:00,2.3467,2.3597,2.3352,2.3474,6735492.018654
1747742400,2025-05-20T12:00:00+00:00,2.3474,2.3482,2.3209,2.3434,11463442.353746
1747756800,2025-05-20T16:00:00+00:00,2.3434,2.3666,2.3153,2.3568,12230836.761904001
1747771200,2025-05-20T20:00:00+00:00,2.3571,2.3658,2.3384,2.3569,10849463.897502
1747785600,2025-05-21T00:00:00+00:00,2.3569,2.3689,2.3319,2.3601,11476849.322996
1747800000,2025-05-21T04:00:00+00:00,2.36,2.3899,2.3426,2.3494,15957897.200996
1747814400,2025-05-21T08:00:00+00:00,2.3504,2.362,2.3322,2.3535,5198436.437624
1747828800,2025-05-21T12:00:00+00:00,2.3534,2.4081,2.3462,2.4007,15656407.753131
1747843200,2025-05-21T16:00:00+00:00,2.4008,2.4301,2.3361,2.3914,24912459.344326
1747857600,2025-05-21T20:00:00+00:00,2.3912,2.4168,2.372,2.3958,14892445.185355
1747872000,2025-05-22T00:00:00+00:00,2.3964,2.4239,2.39,2.4182,11435494.807518
1747886400,2025-05-22T04:00:00+00:00,2.418,2.4212,2.3887,2.4064,8479409.898448
1747900800,2025-05-22T08:00:00+00:00,2.4062,2.4555,2.4041,2.4324,12913788.395224
1747915200,2025-05-22T12:00:00+00:00,2.4327,2.4397,2.4095,2.4331,14774603.544409001
1747929600,2025-05-22T16:00:00+00:00,2.4335,2.44,2.4154,2.4233,12231752.519399
1747944000,2025-05-22T20:00:00+00:00,2.4233,2.4331,2.4053,2.4314,8833761.44428
1747958400,2025-05-23T00:00:00+00:00,2.4314,2.48,2.4219,2.4739,18981197.177719
1747972800,2025-05-23T04:00:00+00:00,2.4736,2.4783,2.4105,2.4275,10841445.226
1747987200,2025-05-23T08:00:00+00:00,2.4275,2.4545,2.3509,2.3635,11809925.843612
1748001600,2025-05-23T12:00:00+00:00,2.3637,2.3838,2.3025,2.3621,29219602.114021998
1748016000,2025-05-23T16:00:00+00:00,2.3623,2.3755,2.3377,2.3395,12606169.095969
1748030400,2025-05-23T20:00:00+00:00,2.3401,2.3459,2.2848,2.297,16819795.980581
1748044800,2025-05-24T00:00:00+00:00,2.2969,2.337,2.2862,2.3348,7855486.371694001
1748059200,2025-05-24T04:00:00+00:00,2.3348,2.349,2.3288,2.3366,3515579.814539
1748073600,2025-05-24T08:00:00+00:00,2.3368,2.3603,2.3318,2.3528,3309824.1434569997
1748088000,2025-05-24T12:00:00+00:00,2.353,2.3578,2.3444,2.3531,3413849.2616649996
1748102400,2025-05-24T16:00:00+00:00,2.3533,2.356,2.339,2.3496,4650291.698768
1748116800,2025-05-24T20:00:00+00:00,2.3496,2.3515,2.323,2.3313,5381310.339794001
1748131200,2025-05-25T00:00:00+00:00,2.3313,2.3373,2.2945,2.3239,11983555.454982001
1748145600,2025-05-25T04:00:00+00:00,2.3237,2.3268,2.3018,2.3085,3035670.632043
1748160000,2025-05-25T08:00:00+00:00,2.3088,2.3088,2.28,2.2936,9000888.024871
1748174400,2025-05-25T12:00:00+00:00,2.2936,2.3112,2.2666,2.289,8756067.671231
1748188800,2025-05-25T16:00:00+00:00,2.289,2.3129,2.2728,2.3063,7422163.922527
1748203200,2025-05-25T20:00:00+00:00,2.3066,2.345,2.3,2.343,12347033.453908999
1748217600,2025-05-26T00:00:00+00:00,2.3431,2.3551,2.3318,2.344,8279852.965622
1748232000,2025-05-26T04:00:00+00:00,2.344,2.36,2.3372,2.3501,4449811.349543001
1748246400,2025-05-26T08:00:00+00:00,2.35,2.3571,2.3302,2.3366,2984701.453391
1748260800,2025-05-26T12:00:00+00:00,2.3364,2.3466,2.3131,2.3338,8292944.639745
1748275200,2025-05-26T16:00:00+00:00,2.334,2.3373,2.2965,2.3129,10034730.647781998
1748289600,2025-05-26T20:00:00+00:00,2.3128,2.326,2.3008,2.3111,5107338.528549
1748304000,2025-05-27T00:00:00+00:00,2.311,2.3181,2.2682,2.2971,10424112.45755
1748318400,2025-05-27T04:00:00+00:00,2.2972,2.3112,2.285,2.3022,5654766.377739
1748332800,2025-05-27T08:00:00+00:00,2.3022,2.3243,2.3022,2.3206,4979141.10506
1748347200,2025-05-27T12:00:00+00:00,2.3205,2.3552,2.3081,2.339,11431126.50548
1748361600,2025-05-27T16:00:00+00:00,2.339,2.3508,2.3327,2.3367,8063920.003524
1748376000,2025-05-27T20:00:00+00:00,2.3368,2.3384,2.3064,2.3181,6820754.912629
1748390400,2025-05-28T00:00:00+00:00,2.318,2.3243,2.3037,2.3137,4677173.117423
1748404800,2025-05-28T04:00:00+00:00,2.3138,2.3176,2.2855,2.297,5165902.78246
1748419200,2025-05-28T08:00:00+00:00,2.2973,2.3118,2.2892,2.3092,4122960.260766
1748433600,2025-05-28T12:00:00+00:00,2.3093,2.3165,2.2533,2.2541,15807854.562664002
1748448000,2025-05-28T16:00:00+00:00,2.2544,2.2694,2.2268,2.2283,17711724.684977
1748462400,2025-05-28T20:00:00+00:00,2.2282,2.2827,2.2272,2.2749,10673943.955733001
1748476800,2025-05-29T00:00:00+00:00,2.2747,2.315,2.2677,2.2921,11977147.640425
1748491200,2025-05-29T04:00:00+00:00,2.2921,2.2957,2.2747,2.2807,6125062.630771
1748505600,2025-05-29T08:00:00+00:00,2.2808,2.3053,2.2779,2.3032,4650605.216008
1748520000,2025-05-29T12:00:00+00:00,2.3031,2.3099,2.2649,2.2771,12207515.696338002
1748534400,2025-05-29T16:00:00+00:00,2.2773,2.2917,2.2526,2.2651,10335469.733502
1748548800,2025-05-29T20:00:00+00:00,2.2651,2.2836,2.23,2.2445,10153028.726537
1748563200,2025-05-30T00:00:00+00:00,2.2444,2.2527,2.1369,2.218,28265139.283619
1748577600,2025-05-30T04:00:00+00:00,2.2178,2.226,2.1753,2.1915,9187967.296209
1748592000,2025-05-30T08:00:00+00:00,2.1915,2.2169,2.1713,2.2074,9410522.123581
1748606400,2025-05-30T12:00:00+00:00,2.2076,2.2109,2.1633,2.1845,19447603.915437
1748620800,2025-05-30T16:00:00+00:00,2.1847,2.206,2.1362,2.1865,21340413.088962
1748635200,2025-05-30T20:00:00+00:00,2.1864,2.1974,2.1307,2.1408,12312126.659865001
1748649600,2025-05-31T00:00:00+00:00,2.1408,2.1498,2.0806,2.1117,24133236.668659
1748664000,2025-05-31T04:00:00+00:00,2.1117,2.1444,2.1009,2.1301,7101024.245645999
1748678400,2025-05-31T08:00:00+00:00,2.1304,2.1543,2.1287,2.1404,4511559.396709
1748692800,2025-05-31T12:00:00+00:00,2.1403,2.1852,2.1402,2.1742,10370330.053154
1748707200,2025-05-31T16:00:00+00:00,2.1742,2.2082,2.1717,2.1936,10029227.547641
1748721600,2025-05-31T20:00:00+00:00,2.1937,2.2016,2.1732,2.1753,6296986.726923
1748736000,2025-06-01T00:00:00+00:00,2.1752,2.1803,2.1504,2.1652,5624492.251529
1748750400,2025-06-01T04:00:00+00:00,2.1651,2.1783,2.1556,2.1605,2899392.643283
1748764800,2025-06-01T08:00:00+00:00,2.1603,2.1624,2.1247,2.1424,5431322.195944
1748779200,2025-06-01T12:00:00+00:00,2.1426,2.1576,2.1276,2.1537,5478661.303917999
1748793600,2025-06-01T16:00:00+00:00,2.1537,2.1781,2.1466,2.1688,7762994.314131
1748808000,2025-06-01T20:00:00+00:00,2.1687,2.1893,2.1543,2.1806,6978589.753190001
1748822400,2025-06-02T00:00:00+00:00,2.1807,2.185,2.1518,2.1591,5972956.829693
1748836800,2025-06-02T04:00:00+00:00,2.159,2.181,2.1581,2.1648,4565218.011728
1748851200,2025-06-02T08:00:00+00:00,2.1646,2.1808,2.1369,2.1439,7034471.457914
1748865600,2025-06-02T12:00:00+00:00,2.1438,2.1648,2.1387,2.1609,9280146.35501
1748880000,2025-06-02T16:00:00+00:00,2.1609,2.1799,2.1505,2.1666,7716048.668114
1748894400,2025-06-02T20:00:00+00:00,2.1667,2.2056,2.1667,2.1974,11506647.041524999
1748908800,2025-06-03T00:00:00+00:00,2.1976,2.2233,2.1877,2.1974,8647135.456186
1748923200,2025-06-03T04:00:00+00:00,2.1973,2.2081,2.1888,2.1913,4060939.085996
1748937600,2025-06-03T08:00:00+00:00,2.1914,2.2175,2.1847,2.2163,4610896.080623999
1748952000,2025-06-03T12:00:00+00:00,2.2164,2.2775,2.2076,2.265,15467022.012122
1748966400,2025-06-03T16:00:00+00:00,2.2649,2.2843,2.2412,2.283,13021570.456065
1748980800,2025-06-03T20:00:00+00:00,2.2829,2.2838,2.2355,2.2461,9410506.31863
1748995200,2025-06-04T00:00:00+00:00,2.2459,2.2677,2.2303,2.2545,8138531.076398
1749009600,2025-06-04T04:00:00+00:00,2.2543,2.2548,2.2289,2.2356,3380610.28214
1749024000,2025-06-04T08:00:00+00:00,2.2356,2.2656,2.2345,2.2543,3787671.522628
1749038400,2025-06-04T12:00:00+00:00,2.2543,2.2622,2.2205,2.2505,9214070.373687
1749052800,2025-06-04T16:00:00+00:00,2.2503,2.2533,2.2067,2.2072,8791587.834227
1749067200,2025-06-04T20:00:00+00:00,2.2069,2.2179,2.1958,2.2021,8715851.694856
1749081600,2025-06-05T00:00:00+00:00,2.2018,2.216,2.1988,2.2065,5373304.4596420005
1749096000,2025-06-05T04:00:00+00:00,2.2066,2.2155,2.1832,2.1873,6815000.194314
1749110400,2025-06-05T08:00:00+00:00,2.1874,2.2111,2.1869,2.2064,5688616.121348999
1749124800,2025-06-05T12:00:00+00:00,2.2063,2.2293,2.1779,2.1938,11669624.225027
1749139200,2025-06-05T16:00:00+00:00,2.1939,2.1944,2.113,2.1313,20946394.866324
1749153600,2025-06-05T20:00:00+00:00,2.1309,2.1331,2.06,2.0951,36591543.954278
1749168000,2025-06-06T00:00:00+00:00,2.095,2.1311,2.0823,2.1309,10119909.084822001
1749182400,2025-06-06T04:00:00+00:00,2.1307,2.1444,2.1218,2.1313,7558278.988921
1749196800,2025-06-06T08:00:00+00:00,2.1313,2.1575,2.1312,2.1518,5476707.326137
1749211200,2025-06-06T12:00:00+00:00,2.152,2.1926,2.1497,2.1864,13746869.690802999
1749225600,2025-06-06T16:00:00+00:00,2.1863,2.1873,2.1637,2.1747,9119262.122203
1749240000,2025-06-06T20:00:00+00:00,2.1748,2.1843,2.1607,2.1615,6887227.283158
1749254400,2025-06-07T00:00:00+00:00,2.1613,2.1815,2.1485,2.1812,4636087.920617
1749268800,2025-06-07T04:00:00+00:00,2.1815,2.1919,2.1718,2.1852,2742644.913438
1749283200,2025-06-07T08:00:00+00:00,2.1853,2.1907,2.176,2.1843,2332300.730008
1749297600,2025-06-07T12:00:00+00:00,2.1848,2.1922,2.1799,2.1843,3294960.9206520002
1749312000,2025-06-07T16:00:00+00:00,2.1845,2.1877,2.1737,2.1771,4204802.398619
1749326400,2025-06-07T20:00:00+00:00,2.1773,2.1886,2.1766,2.178,3025397.448683
1749340800,2025-06-08T00:00:00+00:00,2.1781,2.1787,2.1678,2.1768,2240221.8881449997
1749355200,2025-06-08T04:00:00+00:00,2.1765,2.2249,2.1721,2.2083,6676313.0713639995
1749369600,2025-06-08T08:00:00+00:00,2.2084,2.2505,2.1981,2.2427,5987253.6221779995
1749384000,2025-06-08T12:00:00+00:00,2.2426,2.295,2.2426,2.2785,17419089.031197004
1749398400,2025-06-08T16:00:00+00:00,2.2785,2.2945,2.273,2.2898,7579972.7067990005
1749412800,2025-06-08T20:00:00+00:00,2.2896,2.2965,2.255,2.2681,10186501.866561
1749427200,2025-06-09T00:00:00+00:00,2.2678,2.2695,2.2326,2.2439,6229694.340175999
1749441600,2025-06-09T04:00:00+00:00,2.2435,2.2435,2.2234,2.2322,5675413.894305
1749456000,2025-06-09T08:00:00+00:00,2.2322,2.2762,2.2306,2.2706,8374860.389547001
1749470400,2025-06-09T12:00:00+00:00,2.2706,2.2716,2.2412,2.2645,9210799.330806
1749484800,2025-06-09T16:00:00+00:00,2.2646,2.3154,2.2627,2.2964,26329503.901609
1749499200,2025-06-09T20:00:00+00:00,2.2968,2.33,2.2955,2.3217,12264364.087349
1749513600,2025-06-10T00:00:00+00:00,2.3217,2.3287,2.299,2.2997,8706323.940125
1749528000,2025-06-10T04:00:00+00:00,2.2998,2.3028,2.2741,2.2854,7389909.36203
1749542400,2025-06-10T08:00:00+00:00,2.2847,2.3164,2.2714,2.3054,7367408.604387
1749556800,2025-06-10T12:00:00+00:00,2.3056,2.3199,2.2605,2.277,12261599.918952
1749571200,2025-06-10T16:00:00+00:00,2.277,2.3135,2.2696,2.2968,9465495.213605
1749585600,2025-06-10T20:00:00+00:00,2.2963,2.3134,2.2854,2.3074,9600105.361531999
1749600000,2025-06-11T00:00:00+00:00,2.3072,2.3127,2.2783,2.2985,6756753.143116999
1749614400,2025-06-11T04:00:00+00:00,2.2983,2.3023,2.2834,2.2935,3398436.016121
1749628800,2025-06-11T08:00:00+00:00,2.2938,2.3299,2.2933,2.3147,9876709.409653999
1749643200,2025-06-11T12:00:00+00:00,2.315,2.3385,2.3049,2.3262,12661484.787431
1749657600,2025-06-11T16:00:00+00:00,2.3263,2.3313,2.2838,2.2869,11354456.814794
1749672000,2025-06-11T20:00:00+00:00,2.2869,2.3012,2.2528,2.2709,12786568.511558
1749686400,2025-06-12T00:00:00+00:00,2.271,2.2742,2.2382,2.2445,7950354.395915
1749700800,2025-06-12T04:00:00+00:00,2.2445,2.2583,2.2322,2.24,6879787.661704999
1749715200,2025-06-12T08:00:00+00:00,2.2398,2.2504,2.2243,2.2259,4970774.895328
1749729600,2025-06-12T12:00:00+00:00,2.226,2.2536,2.2219,2.2291,8715368.945053
1749744000,2025-06-12T16:00:00+00:00,2.2293,2.2564,2.2027,2.2054,11140202.941173
1749758400,2025-06-12T20:00:00+00:00,2.2051,2.2138,2.1714,2.1912,12599337.959298002
1749772800,2025-06-13T00:00:00+00:00,2.191,2.1931,2.0851,2.1268,39075851.795869
1749787200,2025-06-13T04:00:00+00:00,2.1272,2.1329,2.0939,2.1306,9521620.830370001
1749801600,2025-06-13T08:00:00+00:00,2.1308,2.158,2.1251,2.156,7554499.382193999
1749816000,2025-06-13T12:00:00+00:00,2.156,2.1645,2.1233,2.1488,12821500.447189998
1749830400,2025-06-13T16:00:00+00:00,2.1492,2.1613,2.1164,2.122,12707454.999908999
1749844800,2025-06-13T20:00:00+00:00,2.1226,2.1526,2.1216,2.1484,8515377.761543
1749859200,2025-06-14T00:00:00+00:00,2.1485,2.1618,2.1338,2.1601,5592402.892562
1749873600,2025-06-14T04:00:00+00:00,2.1601,2.1708,2.1497,2.166,4274164.368962
1749888000,2025-06-14T08:00:00+00:00,2.1658,2.1801,2.1588,2.1781,3918434.8066300005
1749902400,2025-06-14T12:00:00+00:00,2.178,2.1794,2.1456,2.1504,8771676.018099
1749916800,2025-06-14T16:00:00+00:00,2.1505,2.152,2.1156,2.1255,11146367.072269
1749931200,2025-06-14T20:00:00+00:00,2.1255,2.1483,2.1101,2.1406,5503657.807978
1749945600,2025-06-15T00:00:00+00:00,2.1405,2.1551,2.1386,2.154,3057869.2917139996
1749960000,2025-06-15T04:00:00+00:00,2.1542,2.1636,2.1493,2.1525,2771891.452993
1749974400,2025-06-15T08:00:00+00:00,2.1524,2.1683,2.1474,2.1599,2825411.8735149996
1749988800,2025-06-15T12:00:00+00:00,2.1599,2.1769,2.1582,2.1653,4585232.837987
1750003200,2025-06-15T16:00:00+00:00,2.1654,2.1727,2.1592,2.1645,3993314.5196249997
1750017600,2025-06-15T20:00:00+00:00,2.1649,2.1714,2.1412,2.1658,4938150.576691001
1750032000,2025-06-16T00:00:00+00:00,2.1658,2.1877,2.1517,2.173,6152804.063279
1750046400,2025-06-16T04:00:00+00:00,2.1731,2.2046,2.1718,2.2035,5458215.925826
1750060800,2025-06-16T08:00:00+00:00,2.204,2.2499,2.1939,2.2463,6148565.1902479995
1750075200,2025-06-16T12:00:00+00:00,2.2462,2.2992,2.2448,2.2906,22069344.444957
1750089600,2025-06-16T16:00:00+00:00,2.291,2.3377,2.291,2.3365,22844322.63085
1750104000,2025-06-16T20:00:00+00:00,2.3369,2.3379,2.2298,2.239,40386223.000742
1750118400,2025-06-17T00:00:00+00:00,2.2392,2.2581,2.2,2.2501,17399915.447453
1750132800,2025-06-17T04:00:00+00:00,2.2502,2.2537,2.2268,2.2365,4111895.5261419998
1750147200,2025-06-17T08:00:00+00:00,2.2365,2.2394,2.1886,2.1942,7377806.54683
1750161600,2025-06-17T12:00:00+00:00,2.1942,2.2258,2.1635,2.1805,13456819.016884
1750176000,2025-06-17T16:00:00+00:00,2.18,2.205,2.141,2.1826,23610281.853173003
1750190400,2025-06-17T20:00:00+00:00,2.1829,2.1916,2.1445,2.1598,10887560.296399001
1750204800,2025-06-18T00:00:00+00:00,2.1599,2.178,2.1528,2.1679,5503801.986962001
1750219200,2025-06-18T04:00:00+00:00,2.1679,2.1766,2.1472,2.164,4880152.385376001
1750233600,2025-06-18T08:00:00+00:00,2.1635,2.1698,2.1252,2.1424,7123940.462243
1750248000,2025-06-18T12:00:00+00:00,2.1423,2.1639,2.1187,2.1516,13664790.936840001
1750262400,2025-06-18T16:00:00+00:00,2.1516,2.1651,2.1281,2.1405,14091022.735121
1750276800,2025-06-18T20:00:00+00:00,2.1401,2.1832,2.1367,2.1708,9787679.784439001
1750291200,2025-06-19T00:00:00+00:00,2.171,2.1861,2.1562,2.1667,7041058.517795
1750305600,2025-06-19T04:00:00+00:00,2.1668,2.1767,2.1544,2.157,3947447.334875
1750320000,2025-06-19T08:00:00+00:00,2.1571,2.1675,2.1494,2.1527,3364517.865441
1750334400,2025-06-19T12:00:00+00:00,2.1527,2.1595,2.1445,2.1466,6668600.523749
1750348800,2025-06-19T16:00:00+00:00,2.1465,2.1779,2.1465,2.1726,6593179.551477
1750363200,2025-06-19T20:00:00+00:00,2.1725,2.1747,2.1602,2.1649,4405685.116665
1750377600,2025-06-20T00:00:00+00:00,2.1649,2.1735,2.155,2.155,3995079.220015
1750392000,2025-06-20T04:00:00+00:00,2.1554,2.169,2.1404,2.1674,4913323.263259999
1750406400,2025-06-20T08:00:00+00:00,2.1676,2.1773,2.162,2.1731,3769139.981383
1750420800,2025-06-20T12:00:00+00:00,2.1731,2.1802,2.1305,2.1344,9942128.163793001
1750435200,2025-06-20T16:00:00+00:00,2.1346,2.1378,2.0862,2.1297,22784163.479937
1750449600,2025-06-20T20:00:00+00:00,2.1293,2.1483,2.1083,2.1199,7171354.758927999
1750464000,2025-06-21T00:00:00+00:00,2.12,2.1329,2.1153,2.1302,3697406.599261
1750478400,2025-06-21T04:00:00+00:00,2.13,2.1346,2.1191,2.134,1723407.1368630002
1750492800,2025-06-21T08:00:00+00:00,2.1341,2.1455,2.133,2.1373,2210329.9883399997
1750507200,2025-06-21T12:00:00+00:00,2.1374,2.141,2.109,2.1174,4717767.4984949995
1750521600,2025-06-21T16:00:00+00:00,2.1173,2.1202,2.0667,2.0709,15342337.685707
1750536000,2025-06-21T20:00:00+00:00,2.0709,2.18,2,2.0648,34614522.29863
1750550400,2025-06-22T00:00:00+00:00,2.0647,2.0893,2.0398,2.0605,17512367.323728997
1750564800,2025-06-22T04:00:00+00:00,2.0604,2.09,2.0573,2.069,5646483.492961
1750579200,2025-06-22T08:00:00+00:00,2.0692,2.0787,2.0143,2.0261,7916188.773832001
1750593600,2025-06-22T12:00:00+00:00,2.0259,2.0303,1.9246,1.9348,57298603.462303
1750608000,2025-06-22T16:00:00+00:00,1.9346,1.9852,1.9292,1.9653,21674400.504846
1750622400,2025-06-22T20:00:00+00:00,1.9654,2.0249,1.9093,2.0184,29216341.267049
1750636800,2025-06-23T00:00:00+00:00,2.0181,2.0339,2.0043,2.0195,12015477.158644998
1750651200,2025-06-23T04:00:00+00:00,2.0195,2.0366,2.0113,2.0241,14274063.431604
1750665600,2025-06-23T08:00:00+00:00,2.0243,2.0287,1.987,2.0024,7754723.938286
1750680000,2025-06-23T12:00:00+00:00,2.0025,2.0398,1.9864,2.0004,19181158.222002998
1750694400,2025-06-23T16:00:00+00:00,2.0003,2.08,1.9576,2.0596,32078564.090085994
1750708800,2025-06-23T20:00:00+00:00,2.0598,2.1732,2.0593,2.1599,29343741.409051
1750723200,2025-06-24T00:00:00+00:00,2.1599,2.1683,2.1327,2.1522,11877990.818553
1750737600,2025-06-24T04:00:00+00:00,2.152,2.2128,2.1484,2.1794,11537238.625343
1750752000,2025-06-24T08:00:00+00:00,2.1795,2.2082,2.1616,2.1852,13201575.446128
1750766400,2025-06-24T12:00:00+00:00,2.1851,2.1949,2.1666,2.1892,11425185.023807
1750780800,2025-06-24T16:00:00+00:00,2.1894,2.2116,2.1852,2.21,16696891.077647
1750795200,2025-06-24T20:00:00+00:00,2.2088,2.218,2.1791,2.1907,10063400.550764
1750809600,2025-06-25T00:00:00+00:00,2.1907,2.1999,2.1744,2.1793,6285757.3590629995
1750824000,2025-06-25T04:00:00+00:00,2.18,2.1893,2.1708,2.187,3678731.436909
1750838400,2025-06-25T08:00:00+00:00,2.1868,2.1984,2.175,2.1961,6514999.400622999
1750852800,2025-06-25T12:00:00+00:00,2.1962,2.234,2.173,2.1831,20378431.836599
1750867200,2025-06-25T16:00:00+00:00,2.1831,2.2088,2.1732,2.2068,11375551.477909
1750881600,2025-06-25T20:00:00+00:00,2.207,2.207,2.1759,2.187,6737674.6950469995
1750896000,2025-06-26T00:00:00+00:00,2.187,2.214,2.1816,2.1971,7316406.048937
1750910400,2025-06-26T04:00:00+00:00,2.197,2.2,2.1835,2.1909,4029264.399371
1750924800,2025-06-26T08:00:00+00:00,2.1913,2.1963,2.171,2.1716,5190888.0227729995
1750939200,2025-06-26T12:00:00+00:00,2.1719,2.1743,2.1049,2.121,23698857.514721
1750953600,2025-06-26T16:00:00+00:00,2.1206,2.1378,2.0956,2.1257,15547784.42873
1750968000,2025-06-26T20:00:00+00:00,2.1258,2.1474,2.1039,2.1062,8687302.639283
1750982400,2025-06-27T00:00:00+00:00,2.1066,2.1124,2.0792,2.1064,11206689.999432
1750996800,2025-06-27T04:00:00+00:00,2.1063,2.118,2.0831,2.0865,5619979.200787
1751011200,2025-06-27T08:00:00+00:00,2.0865,2.1071,2.0857,2.0922,5081691.661708
1751025600,2025-06-27T12:00:00+00:00,2.0922,2.1028,2.0682,2.0988,19199897.795013
1751040000,2025-06-27T16:00:00+00:00,2.099,2.1234,2.0723,2.095,14175881.272518
1751054400,2025-06-27T20:00:00+00:00,2.0949,2.1561,2.0941,2.1431,15179288.852822002
1751068800,2025-06-28T00:00:00+00:00,2.1432,2.1929,2.1348,2.1859,14019755.790034002
1751083200,2025-06-28T04:00:00+00:00,2.186,2.2016,2.1769,2.1917,6365696.596772
1751097600,2025-06-28T08:00:00+00:00,2.1917,2.1949,2.1813,2.1937,3458123.4767310005
1751112000,2025-06-28T12:00:00+00:00,2.1937,2.2075,2.183,2.205,5919091.461429
1751126400,2025-06-28T16:00:00+00:00,2.2049,2.2091,2.1856,2.1869,7506359.887572
1751140800,2025-06-28T20:00:00+00:00,2.1869,2.1906,2.1779,2.1864,5941762.642041
1751155200,2025-06-29T00:00:00+00:00,2.1863,2.1909,2.1764,2.1852,4348000.510314
1751169600,2025-06-29T04:00:00+00:00,2.1854,2.1903,2.1817,2.1851,1596165.375609
1751184000,2025-06-29T08:00:00+00:00,2.1852,2.1988,2.1845,2.1965,2803879.7551240004
1751198400,2025-06-29T12:00:00+00:00,2.1964,2.1979,2.1812,2.1842,3584099.560889
1751212800,2025-06-29T16:00:00+00:00,2.1843,2.195,2.1813,2.1891,4253539.401677
1751227200,2025-06-29T20:00:00+00:00,2.1889,2.22,2.179,2.2067,10475149.08297
1751241600,2025-06-30T00:00:00+00:00,2.2067,2.2124,2.1947,2.1973,7535402.747656999
1751256000,2025-06-30T04:00:00+00:00,2.1974,2.1975,2.1725,2.1877,5510944.850095
1751270400,2025-06-30T08:00:00+00:00,2.1876,2.1901,2.17,2.1786,4834540.506341999
1751284800,2025-06-30T12:00:00+00:00,2.1786,2.2006,2.1646,2.1935,13027466.263420999
1751299200,2025-06-30T16:00:00+00:00,2.1934,2.33,2.1915,2.3201,46569361.22345
1751313600,2025-06-30T20:00:00+00:00,2.32,2.3258,2.2347,2.2373,25019039.416378003
1751328000,2025-07-01T00:00:00+00:00,2.2369,2.2542,2.2244,2.2383,7594567.678103
1751342400,2025-07-01T04:00:00+00:00,2.2382,2.2382,2.2056,2.2252,5353447.532269999
1751356800,2025-07-01T08:00:00+00:00,2.2251,2.2274,2.1927,2.2028,6040744.063627
1751371200,2025-07-01T12:00:00+00:00,2.2028,2.22,2.1753,2.1893,16508794.936839
1751385600,2025-07-01T16:00:00+00:00,2.1894,2.21,2.1551,2.1574,14534277.066266
1751400000,2025-07-01T20:00:00+00:00,2.1578,2.1823,2.1482,2.1723,10507877.866349999
1751414400,2025-07-02T00:00:00+00:00,2.1722,2.1878,2.1574,2.1865,5803292.468169
1751428800,2025-07-02T04:00:00+00:00,2.1865,2.1985,2.1823,2.1926,3970780.099584
1751443200,2025-07-02T08:00:00+00:00,2.1931,2.205,2.1735,2.1769,11075766.217665
1751457600,2025-07-02T12:00:00+00:00,2.1768,2.2167,2.169,2.2132,9918825.090483
1751472000,2025-07-02T16:00:00+00:00,2.2133,2.2928,2.2103,2.2659,39186517.980816
1751486400,2025-07-02T20:00:00+00:00,2.2661,2.2681,2.2304,2.2342,13721281.806744998
1751500800,2025-07-03T00:00:00+00:00,2.2341,2.2487,2.225,2.2432,8086271.906095
1751515200,2025-07-03T04:00:00+00:00,2.2428,2.284,2.2409,2.2798,12136909.786458
1751529600,2025-07-03T08:00:00+00:00,2.2798,2.312,2.2769,2.2968,13462026.139228001
1751544000,2025-07-03T12:00:00+00:00,2.2965,2.3139,2.2382,2.2437,23758465.969442002
1751558400,2025-07-03T16:00:00+00:00,2.2438,2.2839,2.2419,2.2732,12579049.670831
1751572800,2025-07-03T20:00:00+00:00,2.2731,2.2811,2.2531,2.2573,5879892.221825001
1751587200,2025-07-04T00:00:00+00:00,2.2574,2.2688,2.2406,2.2493,5984201.091220001
1751601600,2025-07-04T04:00:00+00:00,2.249,2.2529,2.2124,2.2217,6985091.441609001
1751616000,2025-07-04T08:00:00+00:00,2.2217,2.2413,2.2085,2.2391,3792349.940426
1751630400,2025-07-04T12:00:00+00:00,2.2392,2.2446,2.204,2.2156,8043112.235917
1751644800,2025-07-04T16:00:00+00:00,2.2153,2.2263,2.1972,2.2112,7245675.762707
1751659200,2025-07-04T20:00:00+00:00,2.2112,2.2299,2.2083,2.2211,5038919.058258
1751673600,2025-07-05T00:00:00+00:00,2.221,2.2283,2.2103,2.2262,3210908.3993559997
1751688000,2025-07-05T04:00:00+00:00,2.2266,2.2345,2.2182,2.2256,2388842.335298
1751702400,2025-07-05T08:00:00+00:00,2.2258,2.2278,2.2121,2.2226,1681371.085974
1751716800,2025-07-05T12:00:00+00:00,2.2227,2.2359,2.2154,2.2239,4926189.274496
1751731200,2025-07-05T16:00:00+00:00,2.224,2.2258,2.2025,2.2157,5163214.576603
1751745600,2025-07-05T20:00:00+00:00,2.2155,2.2207,2.2082,2.2184,3709585.2095089997
1751760000,2025-07-06T00:00:00+00:00,2.2184,2.2233,2.2093,2.2175,2345381.5928080003
1751774400,2025-07-06T04:00:00+00:00,2.2175,2.2355,2.217,2.2286,2132172.593549
1751788800,2025-07-06T08:00:00+00:00,2.2284,2.2857,2.2272,2.2625,9214440.692568999
1751803200,2025-07-06T12:00:00+00:00,2.2627,2.2906,2.2615,2.2772,9168261.843636
1751817600,2025-07-06T16:00:00+00:00,2.2774,2.2831,2.2466,2.265,6780305.628388
1751832000,2025-07-06T20:00:00+00:00,2.265,2.2895,2.2633,2.2714,8839367.091397
1751846400,2025-07-07T00:00:00+00:00,2.2714,2.28,2.2575,2.2713,6184487.810044
1751860800,2025-07-07T04:00:00+00:00,2.2714,2.2756,2.2555,2.2729,5559349.192222
1751875200,2025-07-07T08:00:00+00:00,2.2728,2.2978,2.2685,2.2833,6798370.1712650005
1751889600,2025-07-07T12:00:00+00:00,2.2833,2.3504,2.2714,2.3388,35830595.676692
1751904000,2025-07-07T16:00:00+00:00,2.3388,2.3542,2.28,2.2994,23928871.081444997
1751918400,2025-07-07T20:00:00+00:00,2.2993,2.2996,2.26,2.2704,12906448.949768
1751932800,2025-07-08T00:00:00+00:00,2.2703,2.2732,2.2487,2.2631,14352131.376872
1751947200,2025-07-08T04:00:00+00:00,2.2631,2.2769,2.2566,2.2761,5241274.031527
1751961600,2025-07-08T08:00:00+00:00,2.276,2.3015,2.2733,2.2941,6788137.385736
1751976000,2025-07-08T12:00:00+00:00,2.2941,2.305,2.2776,2.2865,10674786.138466999
1751990400,2025-07-08T16:00:00+00:00,2.2866,2.323,2.2832,2.3218,17879501.356595
1752004800,2025-07-08T20:00:00+00:00,2.3217,2.3224,2.2966,2.3114,9575197.475224
1752019200,2025-07-09T00:00:00+00:00,2.3112,2.3196,2.298,2.3041,6871101.134648
1752033600,2025-07-09T04:00:00+00:00,2.304,2.3378,2.3022,2.3319,6972366.448874
1752048000,2025-07-09T08:00:00+00:00,2.3319,2.3891,2.3305,2.3818,16575517.245139
1752062400,2025-07-09T12:00:00+00:00,2.3819,2.4046,2.351,2.3825,24830270.896796
1752076800,2025-07-09T16:00:00+00:00,2.3824,2.4292,2.3751,2.4221,22402673.554803997
1752091200,2025-07-09T20:00:00+00:00,2.422,2.4261,2.3823,2.4046,20687449.840907
1752105600,2025-07-10T00:00:00+00:00,2.4047,2.4381,2.3942,2.4214,13388578.06952
1752120000,2025-07-10T04:00:00+00:00,2.4214,2.4431,2.4116,2.438,7135585.872618
1752134400,2025-07-10T08:00:00+00:00,2.4377,2.465,2.4276,2.4537,13866172.227127999
1752148800,2025-07-10T12:00:00+00:00,2.4538,2.4613,2.42,2.4552,18837730.318168
1752163200,2025-07-10T16:00:00+00:00,2.4552,2.5142,2.4484,2.5025,30945577.937665
1752177600,2025-07-10T20:00:00+00:00,2.502,2.57,2.4939,2.5477,37194788.728823
1752192000,2025-07-11T00:00:00+00:00,2.5474,2.594,2.5106,2.577,22914372.377742
1752206400,2025-07-11T04:00:00+00:00,2.5769,2.5994,2.5541,2.5805,14614985.390834998
1752220800,2025-07-11T08:00:00+00:00,2.5808,2.6615,2.5797,2.6289,26191523.982336
1752235200,2025-07-11T12:00:00+00:00,2.6296,2.977,2.6252,2.769,127973361.39017999
1752249600,2025-07-11T16:00:00+00:00,2.7693,2.8603,2.7,2.8603,74688998.553097
1752264000,2025-07-11T20:00:00+00:00,2.8603,2.8603,2.6613,2.7334,54679892.323257
1752278400,2025-07-12T00:00:00+00:00,2.7335,2.8476,2.689,2.8021,27958236.003693998
1752292800,2025-07-12T04:00:00+00:00,2.8019,2.8076,2.757,2.7687,10979588.202281
1752307200,2025-07-12T08:00:00+00:00,2.7687,2.8488,2.7667,2.8067,15165754.822924998
1752321600,2025-07-12T12:00:00+00:00,2.8067,2.8099,2.6633,2.6829,34219920.542144
1752336000,2025-07-12T16:00:00+00:00,2.6829,2.7572,2.6711,2.7378,20382811.826223
1752350400,2025-07-12T20:00:00+00:00,2.7377,2.749,2.6844,2.7401,10863213.55444
1752364800,2025-07-13T00:00:00+00:00,2.7401,2.7878,2.7241,2.7694,12935260.673989002
1752379200,2025-07-13T04:00:00+00:00,2.7696,2.8166,2.7594,2.8,10437333.854193
1752393600,2025-07-13T08:00:00+00:00,2.7999,2.8183,2.7719,2.7903,8698265.827952
1752408000,2025-07-13T12:00:00+00:00,2.7903,2.896,2.7842,2.8385,35553523.513997
1752422400,2025-07-13T16:00:00+00:00,2.8395,2.8833,2.8128,2.8466,17609700.940454
1752436800,2025-07-13T20:00:00+00:00,2.8467,2.866,2.7658,2.8373,21283975.218991
1752451200,2025-07-14T00:00:00+00:00,2.8373,2.9481,2.8218,2.9277,34127333.589286
1752465600,2025-07-14T04:00:00+00:00,2.928,2.98,2.8779,2.9581,35547173.219179995
1752480000,2025-07-14T08:00:00+00:00,2.9582,3.0239,2.9282,2.9782,40804048.307427004
1752494400,2025-07-14T12:00:00+00:00,2.9777,3.0354,2.909,2.9473,56324534.875601
1752508800,2025-07-14T16:00:00+00:00,2.9465,3.0028,2.9106,2.9318,34933794.845852
1752523200,2025-07-14T20:00:00+00:00,2.9308,2.9649,2.8757,2.959,22555403.673272
1752537600,2025-07-15T00:00:00+00:00,2.959,2.9594,2.8032,2.8499,30929936.443341002
1752552000,2025-07-15T04:00:00+00:00,2.8499,2.8875,2.8214,2.8521,12504629.133248
1752566400,2025-07-15T08:00:00+00:00,2.852,2.9283,2.8232,2.9043,14713728.108531002
1752580800,2025-07-15T12:00:00+00:00,2.9049,2.9342,2.8402,2.8899,25109561.700318
1752595200,2025-07-15T16:00:00+00:00,2.8899,2.9471,2.8576,2.8626,26327871.651854
1752609600,2025-07-15T20:00:00+00:00,2.8626,2.9292,2.8545,2.9196,14201572.378321
1752624000,2025-07-16T00:00:00+00:00,2.9195,2.9375,2.8778,2.9048,15238661.228587
1752638400,2025-07-16T04:00:00+00:00,2.9048,2.9398,2.8917,2.9297,7855871.5854
1752652800,2025-07-16T08:00:00+00:00,2.9297,2.9647,2.9216,2.9522,10987678.627572
1752667200,2025-07-16T12:00:00+00:00,2.9521,3.0083,2.9466,2.9782,35618722.922547
1752681600,2025-07-16T16:00:00+00:00,2.9777,3.08,2.9686,3.0604,44154318.205443
1752696000,2025-07-16T20:00:00+00:00,3.06,3.1023,3.023,3.0391,32349165.085681
1752710400,2025-07-17T00:00:00+00:00,3.0394,3.081,2.9869,3.0264,22647105.233691
1752724800,2025-07-17T04:00:00+00:00,3.0262,3.1747,3.016,3.1573,32060657.969719
1752739200,2025-07-17T08:00:00+00:00,3.1573,3.3,3.1411,3.2643,44749342.130162
1752753600,2025-07-17T12:00:00+00:00,3.2643,3.277,3.17,3.2551,50982312.226567
1752768000,2025-07-17T16:00:00+00:00,3.2548,3.4,3.2258,3.3103,71567614.94930999
1752782400,2025-07-17T20:00:00+00:00,3.3087,3.5526,3.2845,3.4846,112266201.007575
1752796800,2025-07-18T00:00:00+00:00,3.4844,3.6662,3.4632,3.6093,86921742.892735
1752811200,2025-07-18T04:00:00+00:00,3.6093,3.6434,3.4445,3.4541,42428190.732429
1752825600,2025-07-18T08:00:00+00:00,3.454,3.5127,3.4003,3.4928,46940768.322617
1752840000,2025-07-18T12:00:00+00:00,3.4924,3.5492,3.3443,3.375,68548007.756008
1752854400,2025-07-18T16:00:00+00:00,3.375,3.4817,3.365,3.4365,45635057.105666995
1752868800,2025-07-18T20:00:00+00:00,3.4361,3.454,3.36,3.4158,33327463.934202
1752883200,2025-07-19T00:00:00+00:00,3.4156,3.4812,3.3994,3.4521,20109706.415129997
1752897600,2025-07-19T04:00:00+00:00,3.4519,3.4875,3.4191,3.4669,12561670.384495
1752912000,2025-07-19T08:00:00+00:00,3.4671,3.476,3.3904,3.3949,12430708.816750001
1752926400,2025-07-19T12:00:00+00:00,3.3949,3.4326,3.3553,3.4116,20631291.023451
1752940800,2025-07-19T16:00:00+00:00,3.4117,3.4603,3.4062,3.4336,12332175.948276002
1752955200,2025-07-19T20:00:00+00:00,3.4334,3.447,3.3815,3.4267,10815093.057416
1752969600,2025-07-20T00:00:00+00:00,3.4267,3.4551,3.387,3.4363,15377767.082038999
1752984000,2025-07-20T04:00:00+00:00,3.4363,3.4599,3.4042,3.444,9698848.337856
1752998400,2025-07-20T08:00:00+00:00,3.4442,3.5368,3.4438,3.5002,16037401.228354
1753012800,2025-07-20T12:00:00+00:00,3.5005,3.5486,3.4795,3.5196,19271387.860642
1753027200,2025-07-20T16:00:00+00:00,3.5198,3.5593,3.4857,3.5253,20946075.063823
1753041600,2025-07-20T20:00:00+00:00,3.525,3.5297,3.4056,3.4555,26219534.712192
1753056000,2025-07-21T00:00:00+00:00,3.456,3.4923,3.41,3.4807,17285985.242721997
1753070400,2025-07-21T04:00:00+00:00,3.4805,3.5815,3.4731,3.5678,23393203.482286997
1753084800,2025-07-21T08:00:00+00:00,3.5679,3.5814,3.5299,3.5348,15700993.484909
1753099200,2025-07-21T12:00:00+00:00,3.5349,3.6531,3.5009,3.6067,45067721.150667
1753113600,2025-07-21T16:00:00+00:00,3.6066,3.6272,3.53,3.5487,37259355.006172
1753128000,2025-07-21T20:00:00+00:00,3.5485,3.5767,3.5132,3.5512,18395275.733760998
1753142400,2025-07-22T00:00:00+00:00,3.5509,3.576,3.463,3.5027,25414717.527540002
1753156800,2025-07-22T04:00:00+00:00,3.5027,3.5056,3.4238,3.4777,18956136.308297
1753171200,2025-07-22T08:00:00+00:00,3.4775,3.5248,3.4277,3.5216,13816512.555793999
1753185600,2025-07-22T12:00:00+00:00,3.5219,3.5394,3.4402,3.5094,24483923.42136
1753200000,2025-07-22T16:00:00+00:00,3.5091,3.5807,3.4933,3.52,33699350.817138
1753214400,2025-07-22T20:00:00+00:00,3.52,3.56,3.515,3.5521,13603343.889966
1753228800,2025-07-23T00:00:00+00:00,3.5523,3.5542,3.49,3.4939,12097374.672411999
1753243200,2025-07-23T04:00:00+00:00,3.4939,3.5128,3.4612,3.4695,9773551.687729001
1753257600,2025-07-23T08:00:00+00:00,3.4698,3.4773,3.4322,3.4538,12120133.632341
1753272000,2025-07-23T12:00:00+00:00,3.4526,3.4533,3.2127,3.3246,73006277.96158601
1753286400,2025-07-23T16:00:00+00:00,3.3245,3.3245,3.1578,3.1838,58389357.734083995
1753300800,2025-07-23T20:00:00+00:00,3.1838,3.2175,3.05,3.1861,68974777.42677401
1753315200,2025-07-24T00:00:00+00:00,3.1861,3.2385,3.1514,3.1941,23324785.41271
1753329600,2025-07-24T04:00:00+00:00,3.1943,3.1989,2.96,3.076,55727581.211793005
1753344000,2025-07-24T08:00:00+00:00,3.0759,3.18,3.0559,3.1703,31779404.244669
1753358400,2025-07-24T12:00:00+00:00,3.1701,3.2682,3.12,3.2281,43381939.64252
1753372800,2025-07-24T16:00:00+00:00,3.2281,3.2623,3.1707,3.2104,28628593.171759002
1753387200,2025-07-24T20:00:00+00:00,3.2104,3.2449,3.1278,3.1468,17841349.726916
1753401600,2025-07-25T00:00:00+00:00,3.1475,3.1637,3.0458,3.07,28068031.162832
1753416000,2025-07-25T04:00:00+00:00,3.0696,3.1203,3.0374,3.0758,21729450.970653
1753430400,2025-07-25T08:00:00+00:00,3.0756,3.1546,3.0636,3.1352,17683516.103347
1753444800,2025-07-25T12:00:00+00:00,3.136,3.153,3,3.0381,48096952.092331
1753459200,2025-07-25T16:00:00+00:00,3.0381,3.0988,3.0259,3.0717,18026370.425009
1753473600,2025-07-25T20:00:00+00:00,3.0718,3.1511,3.0715,3.1428,12901929.743214998
1753488000,2025-07-26T00:00:00+00:00,3.1428,3.1633,3.1076,3.1445,10759803.262690999
1753502400,2025-07-26T04:00:00+00:00,3.1443,3.1776,3.1401,3.1561,5349495.935477
1753516800,2025-07-26T08:00:00+00:00,3.1562,3.2146,3.1547,3.1866,6971105.617783001
1753531200,2025-07-26T12:00:00+00:00,3.1868,3.2,3.177,3.1937,9232899.325941
1753545600,2025-07-26T16:00:00+00:00,3.1937,3.22,3.1594,3.1921,11680632.114264
1753560000,2025-07-26T20:00:00+00:00,3.1921,3.211,3.1648,3.1672,7475306.316649
1753574400,2025-07-27T00:00:00+00:00,3.1671,3.2077,3.157,3.2004,7128970.087833
1753588800,2025-07-27T04:00:00+00:00,3.2004,3.24,3.187,3.1912,7660660.558608001
1753603200,2025-07-27T08:00:00+00:00,3.1912,3.2165,3.169,3.1811,4891293.884985
1753617600,2025-07-27T12:00:00+00:00,3.1814,3.2089,3.1645,3.1877,6844301.167533
1753632000,2025-07-27T16:00:00+00:00,3.1877,3.2292,3.1777,3.2101,14589414.786964001
1753646400,2025-07-27T20:00:00+00:00,3.21,3.2528,3.1901,3.24,16138849.220035
1753660800,2025-07-28T00:00:00+00:00,3.2402,3.2936,3.2229,3.2702,20564194.638180997
1753675200,2025-07-28T04:00:00+00:00,3.2701,3.3319,3.2516,3.2747,16078018.795742
1753689600,2025-07-28T08:00:00+00:00,3.2745,3.2782,3.2242,3.2454,10784260.031814002
1753704000,2025-07-28T12:00:00+00:00,3.2455,3.32,3.1408,3.1601,28959623.280059
1753718400,2025-07-28T16:00:00+00:00,3.16,3.186,3.113,3.1615,24294432.530975003
1753732800,2025-07-28T20:00:00+00:00,3.1622,3.1655,3.1076,3.1239,16426938.627443999
1753747200,2025-07-29T00:00:00+00:00,3.1239,3.1485,3.0789,3.1411,16945251.515116
1753761600,2025-07-29T04:00:00+00:00,3.1408,3.1829,3.1224,3.1761,7198349.3832290005
1753776000,2025-07-29T08:00:00+00:00,3.176,3.186,3.1133,3.1374,8598796.564442001
1753790400,2025-07-29T12:00:00+00:00,3.1374,3.1751,3.0766,3.099,20705949.070055
1753804800,2025-07-29T16:00:00+00:00,3.0988,3.1621,3.0527,3.1199,16536912.923581
1753819200,2025-07-29T20:00:00+00:00,3.1197,3.137,3.0929,3.1279,12779528.325353
1753833600,2025-07-30T00:00:00+00:00,3.1282,3.1502,3.0926,3.1379,7901586.973530999
1753848000,2025-07-30T04:00:00+00:00,3.1379,3.1469,3.1039,3.1194,6251432.055189999
1753862400,2025-07-30T08:00:00+00:00,3.1197,3.1419,3.0428,3.0523,11825275.995497
1753876800,2025-07-30T12:00:00+00:00,3.0515,3.1533,3.0404,3.1435,18388023.403288
1753891200,2025-07-30T16:00:00+00:00,3.1436,3.1619,3.0001,3.0982,32627917.149648998
1753905600,2025-07-30T20:00:00+00:00,3.0978,3.117,3.062,3.0963,10483534.184458002
1753920000,2025-07-31T00:00:00+00:00,3.0966,3.1461,3.0866,3.1394,9302325.105553
1753934400,2025-07-31T04:00:00+00:00,3.1398,3.1553,3.1299,3.1547,3884866.472082
1753948800,2025-07-31T08:00:00+00:00,3.1546,3.1785,3.1469,3.1509,7933269.871684
1753963200,2025-07-31T12:00:00+00:00,3.1514,3.1524,3.0747,3.1007,14169425.833046
1753977600,2025-07-31T16:00:00+00:00,3.1007,3.136,3.0513,3.0574,12415568.614935
1753992000,2025-07-31T20:00:00+00:00,3.0574,3.0674,3.011,3.0224,17627862.643651
1754006400,2025-08-01T00:00:00+00:00,3.0223,3.026,2.929,2.9984,36028769.199345
1754020800,2025-08-01T04:00:00+00:00,2.9982,2.9983,2.935,2.9551,13996148.933887001
1754035200,2025-08-01T08:00:00+00:00,2.955,2.9715,2.8919,2.9698,17894788.612599
1754049600,2025-08-01T12:00:00+00:00,2.97,3.0584,2.9287,3.0428,31465743.699239
1754064000,2025-08-01T16:00:00+00:00,3.0427,3.0522,2.9731,3.0116,19835391.576993
1754078400,2025-08-01T20:00:00+00:00,3.0121,3.0277,2.8942,2.9596,22278866.772301
1754092800,2025-08-02T00:00:00+00:00,2.9594,2.9849,2.9465,2.982,8138044.454287
1754107200,2025-08-02T04:00:00+00:00,2.9819,3.0199,2.9443,2.9907,5208905.614977
1754121600,2025-08-02T08:00:00+00:00,2.9912,3.001,2.9291,2.9398,5581436.167597
1754136000,2025-08-02T12:00:00+00:00,2.9396,2.9459,2.8209,2.8287,25820725.713340998
1754150400,2025-08-02T16:00:00+00:00,2.8289,2.8657,2.7365,2.7792,43447903.264152
1754164800,2025-08-02T20:00:00+00:00,2.7792,2.8174,2.7387,2.7689,20173517.280951
1754179200,2025-08-03T00:00:00+00:00,2.7696,2.8426,2.7273,2.8358,16522080.68603
1754193600,2025-08-03T04:00:00+00:00,2.8356,2.8697,2.8137,2.865,5437084.116612
1754208000,2025-08-03T08:00:00+00:00,2.865,2.8946,2.849,2.8696,7232254.492233
1754222400,2025-08-03T12:00:00+00:00,2.8696,2.9036,2.8581,2.8954,10292891.342688
1754236800,2025-08-03T16:00:00+00:00,2.8954,2.9327,2.8856,2.9167,18064337.137514
1754251200,2025-08-03T20:00:00+00:00,2.9167,2.9623,2.9013,2.9486,10532621.700689
1754265600,2025-08-04T00:00:00+00:00,2.9487,3.0326,2.9317,2.9984,18417553.376543
1754280000,2025-08-04T04:00:00+00:00,2.9987,3.0189,2.9661,3.0118,6015009.120325
1754294400,2025-08-04T08:00:00+00:00,3.0117,3.024,2.9765,2.9928,5468065.089881
1754308800,2025-08-04T12:00:00+00:00,2.9932,3.0818,2.9794,3.0318,19370273.477337
1754323200,2025-08-04T16:00:00+00:00,3.0316,3.0911,3.0314,3.049,10686447.82229
1754337600,2025-08-04T20:00:00+00:00,3.0491,3.0865,3.0404,3.0712,8871528.665114
1754352000,2025-08-05T00:00:00+00:00,3.0713,3.107,3.0339,3.0382,9216056.017456
1754366400,2025-08-05T04:00:00+00:00,3.0383,3.055,2.9959,3.0038,6427523.86581
1754380800,2025-08-05T08:00:00+00:00,3.0037,3.08,2.9983,3.0632,6057676.9403
1754395200,2025-08-05T12:00:00+00:00,3.0626,3.0661,2.9558,2.9707,20777537.343289
1754409600,2025-08-05T16:00:00+00:00,2.9706,2.9925,2.9,2.9451,16749674.438072998
1754424000,2025-08-05T20:00:00+00:00,2.9452,2.9753,2.9156,2.9615,13337751.831105
1754438400,2025-08-06T00:00:00+00:00,2.9616,2.9637,2.9081,2.9139,7472690.497694001
1754452800,2025-08-06T04:00:00+00:00,2.9142,2.9682,2.9018,2.9558,7454806.888305999
1754467200,2025-08-06T08:00:00+00:00,2.9557,2.9598,2.9181,2.9463,7166044.587891
1754481600,2025-08-06T12:00:00+00:00,2.9459,3.0087,2.9231,3.0048,15241256.489428999
1754496000,2025-08-06T16:00:00+00:00,3.0048,3.0192,2.9703,3.0118,12311936.178907
1754510400,2025-08-06T20:00:00+00:00,3.0113,3.0118,2.98,2.9911,9105599.529412
1754524800,2025-08-07T00:00:00+00:00,2.9911,3.0114,2.9676,2.9687,7223703.692133001
1754539200,2025-08-07T04:00:00+00:00,2.9687,3.014,2.9645,3.0006,5508870.000217999
1754553600,2025-08-07T08:00:00+00:00,3.0006,3.0889,2.9883,3.0798,12053971.601865001
1754568000,2025-08-07T12:00:00+00:00,3.0798,3.087,3.0405,3.063,13852338.769893002
1754582400,2025-08-07T16:00:00+00:00,3.0627,3.1037,3.01,3.1034,15306382.777359
1754596800,2025-08-07T20:00:00+00:00,3.1027,3.335,3.1018,3.3208,54823415.010104
1754611200,2025-08-08T00:00:00+00:00,3.3203,3.3769,3.2711,3.3768,34148727.798628
1754625600,2025-08-08T04:00:00+00:00,3.377,3.3836,3.3059,3.3563,15242696.486527
1754640000,2025-08-08T08:00:00+00:00,3.3561,3.3611,3.3023,3.3376,10170190.093911
1754654400,2025-08-08T12:00:00+00:00,3.3371,3.3751,3.2,3.2216,32976210.824739
1754668800,2025-08-08T16:00:00+00:00,3.2216,3.34,3.2193,3.3389,22878893.586757
1754683200,2025-08-08T20:00:00+00:00,3.3394,3.3398,3.2782,3.2863,15999096.199824998
1754697600,2025-08-09T00:00:00+00:00,3.2862,3.3143,3.28,3.2913,7046063.477811
1754712000,2025-08-09T04:00:00+00:00,3.2913,3.3355,3.2879,3.3209,9629568.932594001
1754726400,2025-08-09T08:00:00+00:00,3.3209,3.348,3.305,3.3095,9373402.73539
1754740800,2025-08-09T12:00:00+00:00,3.3095,3.3277,3.2458,3.2733,13403711.421807
1754755200,2025-08-09T16:00:00+00:00,3.2734,3.2982,3.2594,3.2655,8977628.850559
1754769600,2025-08-09T20:00:00+00:00,3.2655,3.2764,3.21,3.2267,15794196.639942
1754784000,2025-08-10T00:00:00+00:00,3.2267,3.265,3.2192,3.2592,10070271.379943
1754798400,2025-08-10T04:00:00+00:00,3.2593,3.2796,3.1617,3.1877,16951054.692757
1754812800,2025-08-10T08:00:00+00:00,3.1872,3.2201,3.1523,3.1913,8382643.334568
1754827200,2025-08-10T12:00:00+00:00,3.1912,3.2044,3.1558,3.1848,9670659.152102
1754841600,2025-08-10T16:00:00+00:00,3.1849,3.2145,3.1821,3.2073,5743504.217821999
1754856000,2025-08-10T20:00:00+00:00,3.2073,3.2092,3.1588,3.1877,9751740.378287
1754870400,2025-08-11T00:00:00+00:00,3.1875,3.2747,3.1725,3.2657,15749915.104140999
1754884800,2025-08-11T04:00:00+00:00,3.2658,3.2885,3.234,3.2456,8231696.473602
1754899200,2025-08-11T08:00:00+00:00,3.2448,3.3329,3.2033,3.215,13403987.164475001
1754913600,2025-08-11T12:00:00+00:00,3.2144,3.2356,3.1777,3.2089,14023599.543248
1754928000,2025-08-11T16:00:00+00:00,3.2089,3.2289,3.1469,3.1487,19522471.11895
1754942400,2025-08-11T20:00:00+00:00,3.1476,3.1705,3.1177,3.1299,13930457.432759998
1754956800,2025-08-12T00:00:00+00:00,3.1297,3.1766,3.1279,3.1484,9015585.739608001
1754971200,2025-08-12T04:00:00+00:00,3.1484,3.1662,3.1157,3.1557,6859898.437762
1754985600,2025-08-12T08:00:00+00:00,3.1559,3.1642,3.105,3.1501,7114439.494255
1755000000,2025-08-12T12:00:00+00:00,3.1497,3.2197,3.1421,3.2132,18574837.298278
1755014400,2025-08-12T16:00:00+00:00,3.2134,3.2923,3.2051,3.2896,19349435.529068
1755028800,2025-08-12T20:00:00+00:00,3.29,3.3069,3.2565,3.2669,19522660.653113
1755043200,2025-08-13T00:00:00+00:00,3.2667,3.2668,3.2052,3.2412,12433953.039746
1755057600,2025-08-13T04:00:00+00:00,3.2412,3.2572,3.2021,3.2395,8410069.887334
1755072000,2025-08-13T08:00:00+00:00,3.2395,3.2992,3.2389,3.2852,12043185.898145
1755086400,2025-08-13T12:00:00+00:00,3.285,3.335,3.2288,3.2573,28615852.956584
1755100800,2025-08-13T16:00:00+00:00,3.257,3.2859,3.2452,3.2783,13358753.797113
1755115200,2025-08-13T20:00:00+00:00,3.2782,3.2955,3.2531,3.2759,13241373.330968998
1755129600,2025-08-14T00:00:00+00:00,3.2759,3.3527,3.2711,3.3272,20238347.380854
1755144000,2025-08-14T04:00:00+00:00,3.3273,3.3362,3.236,3.2566,13266537.967735
1755158400,2025-08-14T08:00:00+00:00,3.2568,3.2571,3.2,3.2199,12361486.610066
1755172800,2025-08-14T12:00:00+00:00,3.2195,3.2375,3,3.0976,53193882.994385
1755187200,2025-08-14T16:00:00+00:00,3.0975,3.1017,3.045,3.0694,24612261.200778
1755201600,2025-08-14T20:00:00+00:00,3.0699,3.0929,3.031,3.0812,14554653.103210002
1755216000,2025-08-15T00:00:00+00:00,3.0811,3.125,3.0739,3.1201,10421635.645023
1755230400,2025-08-15T04:00:00+00:00,3.1202,3.1452,3.1081,3.1198,7035021.515641
1755244800,2025-08-15T08:00:00+00:00,3.1196,3.1313,3.0987,3.1129,5210402.399658
1755259200,2025-08-15T12:00:00+00:00,3.113,3.143,3.0123,3.0286,22784849.606113
1755273600,2025-08-15T16:00:00+00:00,3.0284,3.0978,3.0039,3.0675,17842814.711126
1755288000,2025-08-15T20:00:00+00:00,3.0676,3.1007,3.0562,3.08,10909385.394018002
1755302400,2025-08-16T00:00:00+00:00,3.0797,3.117,3.0735,3.1109,6810575.141861
1755316800,2025-08-16T04:00:00+00:00,3.1111,3.1288,3.0912,3.1264,4511002.789104
1755331200,2025-08-16T08:00:00+00:00,3.1265,3.158,3.1029,3.1063,8350554.899797
1755345600,2025-08-16T12:00:00+00:00,3.1064,3.1289,3.0998,3.1055,5873385.104885999
1755360000,2025-08-16T16:00:00+00:00,3.1052,3.1149,3.0946,3.1019,5947766.8974129995
1755374400,2025-08-16T20:00:00+00:00,3.1018,3.1108,3.0922,3.1072,4484334.772133
1755388800,2025-08-17T00:00:00+00:00,3.1074,3.1253,3.0848,3.1217,5161371.924599
1755403200,2025-08-17T04:00:00+00:00,3.1218,3.1411,3.113,3.1194,5419071.250914
1755417600,2025-08-17T08:00:00+00:00,3.1197,3.1426,3.1132,3.1296,3040870.06805
1755432000,2025-08-17T12:00:00+00:00,3.1296,3.1476,3.1124,3.1455,7664203.383916001
1755446400,2025-08-17T16:00:00+00:00,3.1454,3.1499,3.0788,3.0905,9025570.063761
1755460800,2025-08-17T20:00:00+00:00,3.0905,3.1155,3.0869,3.0894,5224856.866393
1755475200,2025-08-18T00:00:00+00:00,3.0893,3.0935,2.9702,2.9921,24745205.556791
1755489600,2025-08-18T04:00:00+00:00,2.992,3.0076,2.9569,2.9659,14726291.632733
1755504000,2025-08-18T08:00:00+00:00,2.9656,2.9915,2.942,2.9666,14662729.342538
1755518400,2025-08-18T12:00:00+00:00,2.9666,3.0256,2.9618,3.0175,17221405.778763
1755532800,2025-08-18T16:00:00+00:00,3.0175,3.0986,3.0025,3.0832,14922732.010018999
1755547200,2025-08-18T20:00:00+00:00,3.0832,3.0977,3.0526,3.0624,10967646.935709
1755561600,2025-08-19T00:00:00+00:00,3.0624,3.0825,2.9854,2.9915,11907497.80159
1755576000,2025-08-19T04:00:00+00:00,2.9915,3.0294,2.9742,3.0046,7503001.608563
1755590400,2025-08-19T08:00:00+00:00,3.0046,3.0259,2.9922,3.0169,6844633.5146
1755604800,2025-08-19T12:00:00+00:00,3.0168,3.0397,2.9272,2.9294,20744222.738177
1755619200,2025-08-19T16:00:00+00:00,2.93,2.9359,2.8709,2.8741,29260327.992216
1755633600,2025-08-19T20:00:00+00:00,2.8751,2.9058,2.8481,2.8601,22518761.956439998
1755648000,2025-08-20T00:00:00+00:00,2.8604,2.9004,2.8492,2.8875,13901790.510439
1755662400,2025-08-20T04:00:00+00:00,2.8876,2.9018,2.8649,2.8671,7246096.025059001
1755676800,2025-08-20T08:00:00+00:00,2.8671,2.9151,2.8593,2.8892,15931545.322362
1755691200,2025-08-20T12:00:00+00:00,2.8892,2.9355,2.81,2.9041,32446998.170594
1755705600,2025-08-20T16:00:00+00:00,2.9041,2.9915,2.9041,2.9901,16462150.078334
1755720000,2025-08-20T20:00:00+00:00,2.9902,2.9903,2.9493,2.9512,12179512.866382
1755734400,2025-08-21T00:00:00+00:00,2.9512,2.9588,2.9116,2.93,9909143.351211
1755748800,2025-08-21T04:00:00+00:00,2.9296,2.9408,2.8921,2.9084,5840477.868942
1755763200,2025-08-21T08:00:00+00:00,2.9084,2.9164,2.8851,2.9019,5553994.133129
1755777600,2025-08-21T12:00:00+00:00,2.9018,2.9237,2.8724,2.8869,13246043.888268001
1755792000,2025-08-21T16:00:00+00:00,2.887,2.9193,2.8504,2.8671,17339824.73954
1755806400,2025-08-21T20:00:00+00:00,2.8676,2.8879,2.8414,2.8509,13745098.527861
1755820800,2025-08-22T00:00:00+00:00,2.8509,2.8843,2.8223,2.8322,11481841.448936
1755835200,2025-08-22T04:00:00+00:00,2.8321,2.8741,2.83,2.8596,8893912.590726
1755849600,2025-08-22T08:00:00+00:00,2.8593,2.8761,2.8037,2.8051,11440231.418497
1755864000,2025-08-22T12:00:00+00:00,2.8051,3.0443,2.781,3.0164,59098819.869301006
1755878400,2025-08-22T16:00:00+00:00,3.0167,3.1,3.0161,3.0735,38477321.407841
1755892800,2025-08-22T20:00:00+00:00,3.0731,3.1052,3.0632,3.0721,17531928.391511
1755907200,2025-08-23T00:00:00+00:00,3.0725,3.0733,2.967,2.9919,16668239.900144
1755921600,2025-08-23T04:00:00+00:00,2.9921,3.0736,2.9911,3.0608,8651307.308805
1755936000,2025-08-23T08:00:00+00:00,3.061,3.0707,3.0276,3.0416,5319757.695344999
1755950400,2025-08-23T12:00:00+00:00,3.042,3.0462,3.0058,3.0178,6909453.783832001
1755964800,2025-08-23T16:00:00+00:00,3.0174,3.03,3.0089,3.0288,5276574.682433
1755979200,2025-08-23T20:00:00+00:00,3.0289,3.0567,3.0239,3.0475,5211543.385108
1755993600,2025-08-24T00:00:00+00:00,3.0477,3.0879,3.043,3.0517,8103485.839887
1756008000,2025-08-24T04:00:00+00:00,3.0518,3.0557,3.0283,3.0347,3672417.521015
1756022400,2025-08-24T08:00:00+00:00,3.0348,3.0468,2.9967,3.0083,4945718.658468
1756036800,2025-08-24T12:00:00+00:00,3.0082,3.0405,3.0054,3.0138,7048516.929101
1756051200,2025-08-24T16:00:00+00:00,3.014,3.1278,2.9975,3.0333,29667079.334985998
1756065600,2025-08-24T20:00:00+00:00,3.0339,3.0474,2.9876,3.0253,13736883.563593
1756080000,2025-08-25T00:00:00+00:00,3.0253,3.0529,2.9737,3.0212,9971175.702616999
1756094400,2025-08-25T04:00:00+00:00,3.0214,3.028,2.9296,2.9378,12148361.806293
1756108800,2025-08-25T08:00:00+00:00,2.938,2.9579,2.9186,2.9432,8441915.747859001
1756123200,2025-08-25T12:00:00+00:00,2.9425,2.9747,2.9273,2.9536,11469089.938394
1756137600,2025-08-25T16:00:00+00:00,2.954,2.9689,2.8724,2.8765,23827795.184495
1756152000,2025-08-25T20:00:00+00:00,2.8764,2.8944,2.823,2.8588,31563242.860972002
1756166400,2025-08-26T00:00:00+00:00,2.8589,2.8982,2.8463,2.8857,15632849.806309
1756180800,2025-08-26T04:00:00+00:00,2.8858,2.9357,2.8855,2.9174,11747576.613468
1756195200,2025-08-26T08:00:00+00:00,2.9174,2.928,2.8905,2.9015,6713350.290148
1756209600,2025-08-26T12:00:00+00:00,2.9017,2.9431,2.8873,2.9333,17846247.577219002
1756224000,2025-08-26T16:00:00+00:00,2.9334,3.0828,2.9262,3.0603,26805073.004134
1756238400,2025-08-26T20:00:00+00:00,3.0608,3.0623,3.0032,3.0128,16706004.345678
1756252800,2025-08-27T00:00:00+00:00,3.0128,3.0133,2.9808,3.0041,7137677.720098
1756267200,2025-08-27T04:00:00+00:00,3.0041,3.0277,2.9843,2.9938,8693274.292282
1756281600,2025-08-27T08:00:00+00:00,2.9942,3.0236,2.9941,2.9986,6681370.811515
1756296000,2025-08-27T12:00:00+00:00,2.9986,3.0323,2.9885,3.0179,15832841.776671
1756310400,2025-08-27T16:00:00+00:00,3.0179,3.0458,2.9879,3.0063,22848056.477194
1756324800,2025-08-27T20:00:00+00:00,3.0059,3.0285,2.962,2.9687,25535799.799229
1756339200,2025-08-28T00:00:00+00:00,2.9683,2.9897,2.953,2.982,8675703.917439
1756353600,2025-08-28T04:00:00+00:00,2.982,3.0135,2.9772,3.0036,7015086.091326
1756368000,2025-08-28T08:00:00+00:00,3.0037,3.0161,2.9916,3.0088,6764790.629845001
1756382400,2025-08-28T12:00:00+00:00,3.0088,3.026,2.9705,2.9819,23721780.11055
1756396800,2025-08-28T16:00:00+00:00,2.9818,2.9992,2.9431,2.9436,14234689.042304
1756411200,2025-08-28T20:00:00+00:00,2.9438,2.9793,2.9437,2.966,8831797.000735
1756425600,2025-08-29T00:00:00+00:00,2.966,2.9767,2.9374,2.9384,13320951.017218
1756440000,2025-08-29T04:00:00+00:00,2.9384,2.941,2.861,2.8704,15057026.718429998
1756454400,2025-08-29T08:00:00+00:00,2.8704,2.8876,2.844,2.8773,12752138.499131998
1756468800,2025-08-29T12:00:00+00:00,2.8771,2.9241,2.8156,2.8346,40063698.970503
1756483200,2025-08-29T16:00:00+00:00,2.8346,2.8472,2.801,2.8135,24127990.156803
1756497600,2025-08-29T20:00:00+00:00,2.8137,2.8276,2.7735,2.8195,17925029.147227
1756512000,2025-08-30T00:00:00+00:00,2.8195,2.8249,2.7612,2.8133,10851508.144589
1756526400,2025-08-30T04:00:00+00:00,2.8132,2.8355,2.81,2.8324,5118558.960664
1756540800,2025-08-30T08:00:00+00:00,2.8324,2.8325,2.7958,2.8104,4879821.477076
1756555200,2025-08-30T12:00:00+00:00,2.8104,2.8111,2.7747,2.8071,9560548.408950001
1756569600,2025-08-30T16:00:00+00:00,2.8068,2.8188,2.7991,2.8108,6083918.896613
1756584000,2025-08-30T20:00:00+00:00,2.8108,2.8195,2.8,2.8186,5086792.818071
1756598400,2025-08-31T00:00:00+00:00,2.8185,2.8698,2.8185,2.8517,12036110.127962999
1756612800,2025-08-31T04:00:00+00:00,2.8518,2.8592,2.8231,2.8293,5418085.429656
1756627200,2025-08-31T08:00:00+00:00,2.8291,2.8447,2.8124,2.8242,2895944.422093
1756641600,2025-08-31T12:00:00+00:00,2.824,2.8255,2.8015,2.8223,4824253.030762
1756656000,2025-08-31T16:00:00+00:00,2.8224,2.8224,2.7985,2.8002,6849813.765116
1756670400,2025-08-31T20:00:00+00:00,2.8002,2.8179,2.7705,2.7757,8804885.223497
1756684800,2025-09-01T00:00:00+00:00,2.7757,2.7796,2.7261,2.7423,24187716.767431002
1756699200,2025-09-01T04:00:00+00:00,2.7422,2.7945,2.7014,2.7945,17352492.079607002
1756713600,2025-09-01T08:00:00+00:00,2.794,2.8396,2.7672,2.7698,14238292.415193
1756728000,2025-09-01T12:00:00+00:00,2.7696,2.7808,2.752,2.7631,13994429.700162001
1756742400,2025-09-01T16:00:00+00:00,2.7626,2.7745,2.72,2.7731,14583041.914827999
1756756800,2025-09-01T20:00:00+00:00,2.7734,2.7752,2.6993,2.7592,19453216.131059
1756771200,2025-09-02T00:00:00+00:00,2.7587,2.8012,2.748,2.7982,10936404.773665
1756785600,2025-09-02T04:00:00+00:00,2.7983,2.8161,2.7858,2.7944,7675617.780657999
1756800000,2025-09-02T08:00:00+00:00,2.794,2.833,2.7939,2.7989,6057578.776981
1756814400,2025-09-02T12:00:00+00:00,2.7991,2.8464,2.7622,2.7905,23895819.269456
1756828800,2025-09-02T16:00:00+00:00,2.7903,2.8283,2.7816,2.828,19014259.767175
1756843200,2025-09-02T20:00:00+00:00,2.8278,2.8647,2.8167,2.8623,13727915.076139
1756857600,2025-09-03T00:00:00+00:00,2.8621,2.8652,2.8255,2.8416,10839839.409867998
1756872000,2025-09-03T04:00:00+00:00,2.8414,2.8448,2.8112,2.8216,6953434.633201
1756886400,2025-09-03T08:00:00+00:00,2.8214,2.8641,2.8203,2.8576,7477879.497533
1756900800,2025-09-03T12:00:00+00:00,2.8577,2.8874,2.8428,2.8729,14189214.194636
1756915200,2025-09-03T16:00:00+00:00,2.8728,2.8749,2.8436,2.865,9435756.948507
1756929600,2025-09-03T20:00:00+00:00,2.8653,2.8684,2.8393,2.8452,13880098.631467
1756944000,2025-09-04T00:00:00+00:00,2.8451,2.8579,2.8339,2.8454,7968347.878394
1756958400,2025-09-04T04:00:00+00:00,2.8455,2.8626,2.8149,2.8254,7153287.315476999
1756972800,2025-09-04T08:00:00+00:00,2.8254,2.8561,2.8246,2.842,6526338.484522
1756987200,2025-09-04T12:00:00+00:00,2.842,2.8493,2.8037,2.8109,13151059.524254002
1757001600,2025-09-04T16:00:00+00:00,2.8108,2.824,2.7845,2.7854,9107064.451725
1757016000,2025-09-04T20:00:00+00:00,2.7854,2.8252,2.7851,2.7944,10850838.406636
1757030400,2025-09-05T00:00:00+00:00,2.7942,2.8144,2.7777,2.8071,6755788.480899001
1757044800,2025-09-05T04:00:00+00:00,2.8072,2.85,2.8035,2.8447,6087706.452957999
1757059200,2025-09-05T08:00:00+00:00,2.8448,2.8542,2.8286,2.8443,5688349.58358
1757073600,2025-09-05T12:00:00+00:00,2.8444,2.8855,2.7994,2.8152,25222906.651845
1757088000,2025-09-05T16:00:00+00:00,2.8149,2.8657,2.8039,2.8649,8572075.769971
1757102400,2025-09-05T20:00:00+00:00,2.8646,2.8657,2.8134,2.814,10931419.630468
1757116800,2025-09-06T00:00:00+00:00,2.814,2.8288,2.8118,2.8266,5324452.212039
1757131200,2025-09-06T04:00:00+00:00,2.8265,2.8265,2.8133,2.8202,2217792.439296
1757145600,2025-09-06T08:00:00+00:00,2.82,2.8202,2.8005,2.8064,1781712.785693
1757160000,2025-09-06T12:00:00+00:00,2.8064,2.8179,2.8005,2.8025,3123752.1617439995
1757174400,2025-09-06T16:00:00+00:00,2.8024,2.8075,2.7928,2.7947,4655394.739252
1757188800,2025-09-06T20:00:00+00:00,2.7948,2.8131,2.7938,2.8099,3488277.8958949996
1757203200,2025-09-07T00:00:00+00:00,2.8099,2.8259,2.8096,2.8227,3427817.750172
1757217600,2025-09-07T04:00:00+00:00,2.8227,2.8343,2.8186,2.8309,2320976.479456
1757232000,2025-09-07T08:00:00+00:00,2.831,2.8374,2.8259,2.832,2171142.017395
1757246400,2025-09-07T12:00:00+00:00,2.832,2.9272,2.8289,2.8999,17458105.616986
1757260800,2025-09-07T16:00:00+00:00,2.8997,2.9005,2.8502,2.8626,8308021.162870999
1757275200,2025-09-07T20:00:00+00:00,2.8625,2.8927,2.8557,2.8769,8965858.492244001
1757289600,2025-09-08T00:00:00+00:00,2.877,2.8995,2.8626,2.8885,6392339.750189001
1757304000,2025-09-08T04:00:00+00:00,2.8884,2.9119,2.8741,2.9107,8711479.127749
1757318400,2025-09-08T08:00:00+00:00,2.9109,2.9551,2.9035,2.9361,15012499.280582001
1757332800,2025-09-08T12:00:00+00:00,2.9361,2.9962,2.9337,2.9861,24107587.755053002
1757347200,2025-09-08T16:00:00+00:00,2.9861,2.9909,2.96,2.9796,14193053.442968
1757361600,2025-09-08T20:00:00+00:00,2.98,2.9846,2.9549,2.9692,11629215.881678998
1757376000,2025-09-09T00:00:00+00:00,2.9691,2.978,2.9341,2.9504,8305227.903351
1757390400,2025-09-09T04:00:00+00:00,2.9504,3.0274,2.9445,3.0203,13361330.706085
1757404800,2025-09-09T08:00:00+00:00,3.0204,3.0367,2.9992,3.0045,14539242.175092999
1757419200,2025-09-09T12:00:00+00:00,3.0043,3.0306,2.9365,2.9473,18915278.028117
1757433600,2025-09-09T16:00:00+00:00,2.9474,2.9731,2.9437,2.965,6829386.826075999
1757448000,2025-09-09T20:00:00+00:00,2.9651,2.9687,2.9397,2.947,7784596.711011
1757462400,2025-09-10T00:00:00+00:00,2.9471,2.964,2.9347,2.9623,6713650.734077999
1757476800,2025-09-10T04:00:00+00:00,2.9624,2.9817,2.9458,2.9814,4466881.851728
1757491200,2025-09-10T08:00:00+00:00,2.9812,2.9876,2.9607,2.9721,5665266.765682
1757505600,2025-09-10T12:00:00+00:00,2.9721,3.0244,2.9711,3.0036,16027201.711026998
1757520000,2025-09-10T16:00:00+00:00,3.0037,3.0148,2.9674,2.9792,9021644.875375
1757534400,2025-09-10T20:00:00+00:00,2.9793,2.9878,2.9722,2.9836,7912910.913313001
1757548800,2025-09-11T00:00:00+00:00,2.9835,3.0112,2.9774,3.01,6126255.361455
1757563200,2025-09-11T04:00:00+00:00,3.0101,3.015,2.9923,3.0043,5303154.476905
1757577600,2025-09-11T08:00:00+00:00,3.004,3.0348,2.9991,3.0089,7933601.263754
1757592000,2025-09-11T12:00:00+00:00,3.009,3.0348,2.951,2.9961,17429638.117467
1757606400,2025-09-11T16:00:00+00:00,2.996,3.0349,2.9906,3.0255,16691811.762451999
1757620800,2025-09-11T20:00:00+00:00,3.0263,3.0499,3.01,3.0405,11356709.38271
1757635200,2025-09-12T00:00:00+00:00,3.0405,3.0725,3.0331,3.038,13706415.868262999
1757649600,2025-09-12T04:00:00+00:00,3.0379,3.0742,3.0293,3.0677,8051018.295268
1757664000,2025-09-12T08:00:00+00:00,3.0677,3.0711,3.0378,3.0398,6244229.947144999
1757678400,2025-09-12T12:00:00+00:00,3.0398,3.066,3.0176,3.0287,18986455.067312
1757692800,2025-09-12T16:00:00+00:00,3.0286,3.0973,3.023,3.0942,18015468.651757002
1757707200,2025-09-12T20:00:00+00:00,3.0942,3.1394,3.0862,3.1067,25539508.304718
1757721600,2025-09-13T00:00:00+00:00,3.1071,3.126,3.0916,3.1157,7149388.719322001
1757736000,2025-09-13T04:00:00+00:00,3.1156,3.1237,3.1011,3.1184,4141377.652972
1757750400,2025-09-13T08:00:00+00:00,3.1185,3.1879,3.112,3.1745,15609483.608600002
1757764800,2025-09-13T12:00:00+00:00,3.1744,3.1831,3.1135,3.135,15410794.781433
1757779200,2025-09-13T16:00:00+00:00,3.135,3.1434,3.09,3.1125,11496788.013959
1757793600,2025-09-13T20:00:00+00:00,3.1125,3.1304,3.1103,3.121,6401960.274096
1757808000,2025-09-14T00:00:00+00:00,3.1209,3.1278,3.0865,3.0964,10118895.951478
1757822400,2025-09-14T04:00:00+00:00,3.0968,3.1104,3.0768,3.0853,6474368.714174001
1757836800,2025-09-14T08:00:00+00:00,3.0852,3.0969,3.0556,3.0602,4386186.565763
1757851200,2025-09-14T12:00:00+00:00,3.0608,3.0679,3.0116,3.0328,11569231.131384
1757865600,2025-09-14T16:00:00+00:00,3.0327,3.061,3.0293,3.039,7504583.991477
1757880000,2025-09-14T20:00:00+00:00,3.0389,3.0583,3.026,3.029,9528113.42897
1757894400,2025-09-15T00:00:00+00:00,3.029,3.0535,3.0133,3.0491,6575120.576236
1757908800,2025-09-15T04:00:00+00:00,3.0491,3.0683,3.0141,3.0242,8090058.2213240005
1757923200,2025-09-15T08:00:00+00:00,3.0243,3.0254,2.9528,3.0008,16049963.742757002
1757937600,2025-09-15T12:00:00+00:00,3.0008,3.0447,2.9852,3.0286,14521145.43918
1757952000,2025-09-15T16:00:00+00:00,3.0287,3.0368,2.9869,2.9883,9332230.292225
1757966400,2025-09-15T20:00:00+00:00,2.9883,3.0046,2.9801,2.9975,10377813.638342
1757980800,2025-09-16T00:00:00+00:00,2.9974,2.9999,2.9774,2.9798,4742942.093036
1757995200,2025-09-16T04:00:00+00:00,2.9798,3.0148,2.9651,3.0084,6808144.420154
1758009600,2025-09-16T08:00:00+00:00,3.0081,3.0501,3.004,3.03,5903585.322276
1758024000,2025-09-16T12:00:00+00:00,3.0299,3.0489,3.0005,3.0403,10538902.080536
1758038400,2025-09-16T16:00:00+00:00,3.0402,3.0596,3.0313,3.053,12154033.010259
1758052800,2025-09-16T20:00:00+00:00,3.0527,3.0593,3.0355,3.0382,8235110.660488
1758067200,2025-09-17T00:00:00+00:00,3.038,3.0486,3.0164,3.0173,10590789.198645
1758081600,2025-09-17T04:00:00+00:00,3.0175,3.0405,3.0062,3.0359,7701391.529219001
1758096000,2025-09-17T08:00:00+00:00,3.0358,3.036,3.0051,3.0105,7157941.805055001
1758110400,2025-09-17T12:00:00+00:00,3.0105,3.0387,3.0098,3.0239,9429763.153283
1758124800,2025-09-17T16:00:00+00:00,3.0239,3.0689,2.9808,3.0328,25176809.230557
1758139200,2025-09-17T20:00:00+00:00,3.0333,3.1089,3.0069,3.0854,20524970.354457
1758153600,2025-09-18T00:00:00+00:00,3.0854,3.1133,3.0714,3.1063,13375249.641430002
1758168000,2025-09-18T04:00:00+00:00,3.1064,3.1084,3.0562,3.0931,7729840.151908
1758182400,2025-09-18T08:00:00+00:00,3.0933,3.1388,3.0915,3.1379,7440049.73474
1758196800,2025-09-18T12:00:00+00:00,3.138,3.1416,3.1034,3.1141,16060768.626986
1758211200,2025-09-18T16:00:00+00:00,3.114,3.124,3.0886,3.1084,14034607.9366
1758225600,2025-09-18T20:00:00+00:00,3.1079,3.109,3.0611,3.0741,9438217.535547
1758240000,2025-09-19T00:00:00+00:00,3.0741,3.0955,3.0459,3.0482,8315486.869362
1758254400,2025-09-19T04:00:00+00:00,3.0478,3.0555,3.0251,3.0397,6580572.467835
1758268800,2025-09-19T08:00:00+00:00,3.0396,3.0492,3.0233,3.032,5030699.433635
1758283200,2025-09-19T12:00:00+00:00,3.032,3.0482,2.9904,3.012,13289705.544472001
1758297600,2025-09-19T16:00:00+00:00,3.0117,3.0192,2.9852,2.9874,9639452.642494999
1758312000,2025-09-19T20:00:00+00:00,2.9872,3.0019,2.9802,2.991,11341806.219826002
1758326400,2025-09-20T00:00:00+00:00,2.9909,3.0024,2.9812,2.9931,4308179.587955
1758340800,2025-09-20T04:00:00+00:00,2.9931,3.0115,2.9889,3.0103,2155306.8629989997
1758355200,2025-09-20T08:00:00+00:00,3.0103,3.0109,2.9762,2.9908,3264230.776825
1758369600,2025-09-20T12:00:00+00:00,2.9907,2.9981,2.9677,2.9914,5854699.922362
1758384000,2025-09-20T16:00:00+00:00,2.9912,2.9949,2.973,2.9765,4492587.87814
1758398400,2025-09-20T20:00:00+00:00,2.9764,2.9875,2.9717,2.9768,3763567.4761610003
1758412800,2025-09-21T00:00:00+00:00,2.9769,3.0008,2.9744,2.9994,3336043.6904450003
1758427200,2025-09-21T04:00:00+00:00,2.9995,3.0154,2.995,2.9989,3544170.831673
1758441600,2025-09-21T08:00:00+00:00,2.9988,3.0021,2.9635,2.9774,3351921.5957110003
1758456000,2025-09-21T12:00:00+00:00,2.9775,2.9902,2.9712,2.9817,3869989.4421659997
1758470400,2025-09-21T16:00:00+00:00,2.9816,2.9876,2.9544,2.9834,6073807.512298
1758484800,2025-09-21T20:00:00+00:00,2.9835,2.9944,2.9661,2.9719,5948353.638147
1758499200,2025-09-22T00:00:00+00:00,2.9717,2.9771,2.8788,2.9055,22616731.259453
1758513600,2025-09-22T04:00:00+00:00,2.9056,2.9087,2.69,2.8084,27439918.514701
1758528000,2025-09-22T08:00:00+00:00,2.8084,2.8263,2.7921,2.8187,11202881.253337
1758542400,2025-09-22T12:00:00+00:00,2.8187,2.8785,2.8066,2.8624,18271913.91838
1758556800,2025-09-22T16:00:00+00:00,2.8622,2.8728,2.8175,2.8355,17425797.738236
1758571200,2025-09-22T20:00:00+00:00,2.8355,2.859,2.8158,2.8549,10661101.246003002
1758585600,2025-09-23T00:00:00+00:00,2.8549,2.8746,2.8014,2.8623,10401136.013774
1758600000,2025-09-23T04:00:00+00:00,2.8623,2.8867,2.838,2.8665,9448049.65143
1758614400,2025-09-23T08:00:00+00:00,2.8666,2.8756,2.8511,2.8603,5355095.479474001
1758628800,2025-09-23T12:00:00+00:00,2.8602,2.8859,2.8548,2.8784,8777458.230798999
1758643200,2025-09-23T16:00:00+00:00,2.8783,2.8985,2.837,2.8545,13066465.09938
1758657600,2025-09-23T20:00:00+00:00,2.8534,2.861,2.8175,2.825,13391461.556293
1758672000,2025-09-24T00:00:00+00:00,2.825,2.8436,2.8062,2.8149,9941085.401299
1758686400,2025-09-24T04:00:00+00:00,2.8146,2.8781,2.7902,2.8742,9523280.69699
1758700800,2025-09-24T08:00:00+00:00,2.8743,2.886,2.8682,2.8814,4655021.017491999
1758715200,2025-09-24T12:00:00+00:00,2.8812,2.9518,2.8729,2.9408,12355299.517271
1758729600,2025-09-24T16:00:00+00:00,2.9405,2.9969,2.93,2.9779,16085085.552199
1758744000,2025-09-24T20:00:00+00:00,2.9781,2.9808,2.9233,2.9265,13606702.945407
1758758400,2025-09-25T00:00:00+00:00,2.9263,2.9452,2.87,2.873,13863223.720325
1758772800,2025-09-25T04:00:00+00:00,2.873,2.8788,2.833,2.8429,12021999.22281
1758787200,2025-09-25T08:00:00+00:00,2.8428,2.8554,2.8087,2.8165,11033582.825357
1758801600,2025-09-25T12:00:00+00:00,2.8163,2.8625,2.7878,2.8331,23070871.69454
1758816000,2025-09-25T16:00:00+00:00,2.8332,2.8396,2.7245,2.7615,33932704.667642005
1758830400,2025-09-25T20:00:00+00:00,2.7616,2.7724,2.7327,2.7445,18721452.952859
1758844800,2025-09-26T00:00:00+00:00,2.7444,2.7801,2.7397,2.7624,16521535.934353001
1758859200,2025-09-26T04:00:00+00:00,2.7625,2.7764,2.7395,2.757,9031965.441768
1758873600,2025-09-26T08:00:00+00:00,2.7569,2.7703,2.7001,2.7296,12559859.041264
1758888000,2025-09-26T12:00:00+00:00,2.7294,2.7786,2.7006,2.7365,23820712.12394
1758902400,2025-09-26T16:00:00+00:00,2.7363,2.8116,2.7329,2.794,17507255.651467
1758916800,2025-09-26T20:00:00+00:00,2.794,2.7993,2.7706,2.7844,10523665.135283
1758931200,2025-09-27T00:00:00+00:00,2.7844,2.7935,2.7684,2.7849,5381066.419899
1758945600,2025-09-27T04:00:00+00:00,2.7849,2.8035,2.777,2.7826,3192681.7789479997
1758960000,2025-09-27T08:00:00+00:00,2.7825,2.7947,2.7632,2.7785,4004397.1932050004
1758974400,2025-09-27T12:00:00+00:00,2.7785,2.79,2.7738,2.7856,2831788.089009
1758988800,2025-09-27T16:00:00+00:00,2.7856,2.7963,2.7641,2.7911,4499072.712318
1759003200,2025-09-27T20:00:00+00:00,2.7911,2.8303,2.7889,2.8058,6477639.139979
1759017600,2025-09-28T00:00:00+00:00,2.8057,2.8162,2.7786,2.7843,5521881.208648
1759032000,2025-09-28T04:00:00+00:00,2.7843,2.796,2.7764,2.789,1630333.385519
1759046400,2025-09-28T08:00:00+00:00,2.7888,2.7956,2.772,2.7771,1926574.483042
1759060800,2025-09-28T12:00:00+00:00,2.7771,2.8148,2.7671,2.8119,4503102.484281001
1759075200,2025-09-28T16:00:00+00:00,2.8119,2.8348,2.8052,2.8285,6285553.326304
1759089600,2025-09-28T20:00:00+00:00,2.8285,2.87,2.8272,2.8687,8985560.821091
1759104000,2025-09-29T00:00:00+00:00,2.8689,2.8856,2.8493,2.8635,11614584.881866
1759118400,2025-09-29T04:00:00+00:00,2.8636,2.9056,2.8462,2.8875,7629712.615084999
1759132800,2025-09-29T08:00:00+00:00,2.8878,2.8935,2.8536,2.8562,3920973.7748499997
1759147200,2025-09-29T12:00:00+00:00,2.8561,2.93,2.8458,2.8956,15570727.556079999
1759161600,2025-09-29T16:00:00+00:00,2.8957,2.9049,2.8667,2.899,11963281.028595999
1759176000,2025-09-29T20:00:00+00:00,2.8995,2.9159,2.8796,2.881,11461991.451522
1759190400,2025-09-30T00:00:00+00:00,2.8809,2.8944,2.8696,2.8774,6968423.495041001
1759204800,2025-09-30T04:00:00+00:00,2.8775,2.9085,2.8736,2.8755,4694436.572298
1759219200,2025-09-30T08:00:00+00:00,2.8753,2.8765,2.8353,2.8481,7711562.2268779995
1759233600,2025-09-30T12:00:00+00:00,2.8479,2.8641,2.814,2.8289,10422926.312843999
1759248000,2025-09-30T16:00:00+00:00,2.8289,2.8716,2.8173,2.8645,11883495.986670999
1759262400,2025-09-30T20:00:00+00:00,2.8645,2.8799,2.8339,2.8471,13411662.136984
1759276800,2025-10-01T00:00:00+00:00,2.8469,2.8603,2.8147,2.8194,7266134.743106
1759291200,2025-10-01T04:00:00+00:00,2.8195,2.858,2.8169,2.8551,7369678.863221
1759305600,2025-10-01T08:00:00+00:00,2.855,2.9539,2.8525,2.9451,14155084.34125
1759320000,2025-10-01T12:00:00+00:00,2.9451,2.9601,2.9281,2.9438,15079181.618584998
1759334400,2025-10-01T16:00:00+00:00,2.9438,2.9632,2.9195,2.9567,12426224.770999
1759348800,2025-10-01T20:00:00+00:00,2.9568,2.9572,2.9273,2.9497,10096475.520492
1759363200,2025-10-02T00:00:00+00:00,2.9496,2.9895,2.9411,2.974,13690567.573997002
1759377600,2025-10-02T04:00:00+00:00,2.9739,2.9881,2.9551,2.9714,7655824.063081
1759392000,2025-10-02T08:00:00+00:00,2.9714,2.9983,2.9687,2.9735,7916037.949478
1759406400,2025-10-02T12:00:00+00:00,2.9733,2.9979,2.9472,2.9943,20035882.224947
1759420800,2025-10-02T16:00:00+00:00,2.9945,3.1034,2.9891,3.0924,36553266.310993
1759435200,2025-10-02T20:00:00+00:00,3.0929,3.0938,3.0273,3.0401,18901852.603088
1759449600,2025-10-03T00:00:00+00:00,3.0401,3.0419,3.0056,3.0231,9006087.367647
1759464000,2025-10-03T04:00:00+00:00,3.0227,3.0368,3.014,3.036,5291715.107694999
1759478400,2025-10-03T08:00:00+00:00,3.0358,3.0619,3.025,3.0405,9579891.155141
1759492800,2025-10-03T12:00:00+00:00,3.0405,3.0765,3.0101,3.0723,16809977.646677002
1759507200,2025-10-03T16:00:00+00:00,3.0723,3.097,3.016,3.0369,28389259.176936004
1759521600,2025-10-03T20:00:00+00:00,3.0371,3.0574,3.0229,3.0417,12472549.022202
1759536000,2025-10-04T00:00:00+00:00,3.0418,3.0551,3.0101,3.0248,9002953.758132
1759550400,2025-10-04T04:00:00+00:00,3.0248,3.0332,3.0167,3.0192,5603979.894581
1759564800,2025-10-04T08:00:00+00:00,3.0194,3.0237,2.9833,2.9923,6755977.53275
1759579200,2025-10-04T12:00:00+00:00,2.9921,3.0087,2.9423,2.9506,15290933.37228
1759593600,2025-10-04T16:00:00+00:00,2.9506,2.958,2.94,2.9508,12980292.394108001
1759608000,2025-10-04T20:00:00+00:00,2.9508,2.974,2.9458,2.9696,8425381.018401
1759622400,2025-10-05T00:00:00+00:00,2.9697,3.0276,2.957,3.009,13444748.179008
1759636800,2025-10-05T04:00:00+00:00,3.0088,3.0673,3.0063,3.064,9811487.167571
1759651200,2025-10-05T08:00:00+00:00,3.0639,3.072,3.0015,3.0222,9226850.796623
1759665600,2025-10-05T12:00:00+00:00,3.0222,3.0222,2.9855,3.0129,7787702.837414001
1759680000,2025-10-05T16:00:00+00:00,3.013,3.0159,2.9488,2.9536,9739491.00291
1759694400,2025-10-05T20:00:00+00:00,2.9535,2.9861,2.9471,2.9704,6543904.32765
1759708800,2025-10-06T00:00:00+00:00,2.9705,2.9936,2.9563,2.9794,8527713.842117999
1759723200,2025-10-06T04:00:00+00:00,2.9795,3.0005,2.964,2.975,6218513.685645
1759737600,2025-10-06T08:00:00+00:00,2.975,3.0103,2.975,2.9969,7309395.419107
1759752000,2025-10-06T12:00:00+00:00,2.997,3.0408,2.984,3.0326,25517645.957149
1759766400,2025-10-06T16:00:00+00:00,3.0325,3.0522,3.023,3.0262,12233021.259147
1759780800,2025-10-06T20:00:00+00:00,3.0264,3.0353,2.9873,2.989,16369997.971014
1759795200,2025-10-07T00:00:00+00:00,2.9888,3.0023,2.9781,2.9874,6887313.814081
1759809600,2025-10-07T04:00:00+00:00,2.9871,3.0032,2.9632,2.9739,7749543.75199
1759824000,2025-10-07T08:00:00+00:00,2.9739,2.9832,2.9567,2.9725,5949542.913752
1759838400,2025-10-07T12:00:00+00:00,2.9724,2.9936,2.8723,2.8866,27220003.625612
1759852800,2025-10-07T16:00:00+00:00,2.8867,2.9056,2.8501,2.8578,19917935.695152998
1759867200,2025-10-07T20:00:00+00:00,2.8583,2.8835,2.8509,2.8532,13264785.033582
1759881600,2025-10-08T00:00:00+00:00,2.8533,2.881,2.8402,2.8481,10344548.769201
1759896000,2025-10-08T04:00:00+00:00,2.8481,2.8662,2.8319,2.859,7406857.086005
1759910400,2025-10-08T08:00:00+00:00,2.8591,2.8827,2.8576,2.8777,5801021.113547999
1759924800,2025-10-08T12:00:00+00:00,2.8777,2.8951,2.8531,2.8671,14044515.708246
1759939200,2025-10-08T16:00:00+00:00,2.8671,2.9263,2.8625,2.9095,15792777.254991
1759953600,2025-10-08T20:00:00+00:00,2.9103,2.9125,2.8768,2.8801,12727978.677545998
1759968000,2025-10-09T00:00:00+00:00,2.8799,2.881,2.8251,2.8451,10151187.092735
1759982400,2025-10-09T04:00:00+00:00,2.8451,2.8495,2.8147,2.8182,5481552.945537
1759996800,2025-10-09T08:00:00+00:00,2.8182,2.8295,2.7866,2.8277,12629478.781538
1760011200,2025-10-09T12:00:00+00:00,2.8275,2.8419,2.7911,2.8038,14572833.624377001
1760025600,2025-10-09T16:00:00+00:00,2.8039,2.8112,2.7738,2.7905,19685524.070373
1760040000,2025-10-09T20:00:00+00:00,2.7905,2.8185,2.785,2.8034,10551550.364836998
1760054400,2025-10-10T00:00:00+00:00,2.8035,2.8308,2.7919,2.8141,7777250.313662
1760068800,2025-10-10T04:00:00+00:00,2.8139,2.832,2.8,2.8042,5311678.323467
1760083200,2025-10-10T08:00:00+00:00,2.8044,2.8316,2.7996,2.8198,5056516.125627
1760097600,2025-10-10T12:00:00+00:00,2.8197,2.8386,2.7134,2.7429,28528620.124012
1760112000,2025-10-10T16:00:00+00:00,2.7429,2.7668,2.6364,2.6774,41442050.840789005
1760126400,2025-10-10T20:00:00+00:00,2.6773,2.6995,1.771,2.3749,245739818.815524
1760140800,2025-10-11T00:00:00+00:00,2.3749,2.4591,2.305,2.4002,62054038.205322
1760155200,2025-10-11T04:00:00+00:00,2.4002,2.4545,2.3925,2.4151,36273065.072858
1760169600,2025-10-11T08:00:00+00:00,2.4148,2.5087,2.4016,2.4798,20750617.150701
1760184000,2025-10-11T12:00:00+00:00,2.4797,2.4895,2.418,2.4813,19782328.439717
1760198400,2025-10-11T16:00:00+00:00,2.4811,2.4958,2.3852,2.4124,22248539.756132
1760212800,2025-10-11T20:00:00+00:00,2.4116,2.4146,2.3246,2.3844,29328703.580061
1760227200,2025-10-12T00:00:00+00:00,2.3846,2.3898,2.3141,2.344,17981783.263065
1760241600,2025-10-12T04:00:00+00:00,2.344,2.4028,2.3421,2.392,10537674.681127999
1760256000,2025-10-12T08:00:00+00:00,2.3921,2.4119,2.3706,2.3983,6434035.827474
1760270400,2025-10-12T12:00:00+00:00,2.3984,2.5171,2.3619,2.4897,35018270.804455
1760284800,2025-10-12T16:00:00+00:00,2.4896,2.5543,2.4894,2.5491,36026760.137384996
1760299200,2025-10-12T20:00:00+00:00,2.5491,2.5861,2.5105,2.5307,23251930.694036
1760313600,2025-10-13T00:00:00+00:00,2.5309,2.5762,2.515,2.5533,14471040.681533
1760328000,2025-10-13T04:00:00+00:00,2.5535,2.6394,2.5358,2.6235,14470230.8596
1760342400,2025-10-13T08:00:00+00:00,2.6235,2.6447,2.5392,2.5717,15641555.889256999
1760356800,2025-10-13T12:00:00+00:00,2.5715,2.6184,2.5524,2.5896,32571044.333674997
1760371200,2025-10-13T16:00:00+00:00,2.5897,2.6422,2.5723,2.6266,24300736.27772
1760385600,2025-10-13T20:00:00+00:00,2.6259,2.6479,2.6,2.6073,15879791.806626
1760400000,2025-10-14T00:00:00+00:00,2.6074,2.6228,2.5509,2.5624,16795113.917462
1760414400,2025-10-14T04:00:00+00:00,2.5626,2.5676,2.4206,2.4539,24483796.065838996
1760428800,2025-10-14T08:00:00+00:00,2.4539,2.4775,2.4139,2.4539,17456176.743697
1760443200,2025-10-14T12:00:00+00:00,2.4545,2.5009,2.3899,2.4989,33867713.149482
1760457600,2025-10-14T16:00:00+00:00,2.4995,2.5397,2.4621,2.4849,29715080.327112
1760472000,2025-10-14T20:00:00+00:00,2.4848,2.5139,2.476,2.5046,14198470.382119
1760486400,2025-10-15T00:00:00+00:00,2.5046,2.5271,2.4807,2.4894,9045953.259328
1760500800,2025-10-15T04:00:00+00:00,2.4896,2.5104,2.4808,2.5089,4807405.536026
1760515200,2025-10-15T08:00:00+00:00,2.5087,2.5493,2.4781,2.4946,8822372.869537
1760529600,2025-10-15T12:00:00+00:00,2.4945,2.5147,2.3977,2.4346,30677580.146597
1760544000,2025-10-15T16:00:00+00:00,2.4349,2.4505,2.403,2.4063,17589393.829010002
1760558400,2025-10-15T20:00:00+00:00,2.4068,2.4218,2.3765,2.4123,15691076.406371
1760572800,2025-10-16T00:00:00+00:00,2.4121,2.4366,2.4008,2.4194,8009904.351794999
1760587200,2025-10-16T04:00:00+00:00,2.4195,2.4339,2.3981,2.4106,8526990.64504
1760601600,2025-10-16T08:00:00+00:00,2.4113,2.4583,2.3541,2.4534,15445533.243662998
1760616000,2025-10-16T12:00:00+00:00,2.4534,2.4678,2.3369,2.3558,30249181.753992002
1760630400,2025-10-16T16:00:00+00:00,2.356,2.3998,2.3084,2.3278,33821164.638446
1760644800,2025-10-16T20:00:00+00:00,2.3279,2.3369,2.2593,2.3282,32640908.464966
1760659200,2025-10-17T00:00:00+00:00,2.3283,2.4,2.3198,2.3594,17065133.158205
1760673600,2025-10-17T04:00:00+00:00,2.3595,2.361,2.2315,2.2389,27222746.424321
1760688000,2025-10-17T08:00:00+00:00,2.2388,2.2968,2.1895,2.283,36568599.154717
1760702400,2025-10-17T12:00:00+00:00,2.2829,2.3048,2.2403,2.3014,30631837.171506
1760716800,2025-10-17T16:00:00+00:00,2.3016,2.3282,2.2778,2.2976,22262992.236640997
1760731200,2025-10-17T20:00:00+00:00,2.2976,2.3431,2.2914,2.2941,20911452.774214
1760745600,2025-10-18T00:00:00+00:00,2.2943,2.3445,2.2898,2.3398,9403958.621082999
1760760000,2025-10-18T04:00:00+00:00,2.3398,2.3769,2.3166,2.3548,7544996.32219
1760774400,2025-10-18T08:00:00+00:00,2.3547,2.3805,2.3479,2.3799,5867691.4962019995
1760788800,2025-10-18T12:00:00+00:00,2.3799,2.3925,2.3408,2.3498,9136104.382760001
1760803200,2025-10-18T16:00:00+00:00,2.3499,2.372,2.3341,2.3678,6813506.765571
1760817600,2025-10-18T20:00:00+00:00,2.368,2.3756,2.3513,2.3602,6982012.642267
1760832000,2025-10-19T00:00:00+00:00,2.3602,2.3693,2.337,2.3692,5949753.686740001
1760846400,2025-10-19T04:00:00+00:00,2.3692,2.37,2.3426,2.3488,3947465.200887
1760860800,2025-10-19T08:00:00+00:00,2.349,2.399,2.318,2.3756,13627580.266801
1760875200,2025-10-19T12:00:00+00:00,2.3758,2.4157,2.3625,2.4018,13951710.196076
1760889600,2025-10-19T16:00:00+00:00,2.4017,2.4205,2.3889,2.4003,10987103.710349
1760904000,2025-10-19T20:00:00+00:00,2.4002,2.4107,2.3871,2.3913,6735280.811007
1760918400,2025-10-20T00:00:00+00:00,2.3913,2.4411,2.3552,2.4345,12124138.155102
1760932800,2025-10-20T04:00:00+00:00,2.4348,2.478,2.4317,2.4714,7984930.131898
1760947200,2025-10-20T08:00:00+00:00,2.4714,2.4813,2.4527,2.4582,5577771.9477820005
1760961600,2025-10-20T12:00:00+00:00,2.4583,2.4866,2.4469,2.4636,9595306.852884
1760976000,2025-10-20T16:00:00+00:00,2.4636,2.5544,2.4278,2.5247,15431699.702549
1760990400,2025-10-20T20:00:00+00:00,2.5247,2.5359,2.4835,2.4956,11226138.942864
1761004800,2025-10-21T00:00:00+00:00,2.4955,2.4959,2.449,2.4539,7083887.3962199995
1761019200,2025-10-21T04:00:00+00:00,2.4537,2.4545,2.4128,2.4273,8310848.019873001
1761033600,2025-10-21T08:00:00+00:00,2.4274,2.4362,2.4019,2.433,7947173.46624
1761048000,2025-10-21T12:00:00+00:00,2.4329,2.5334,2.4085,2.5235,17433699.426251
1761062400,2025-10-21T16:00:00+00:00,2.5232,2.5255,2.4735,2.4948,17802693.492627002
1761076800,2025-10-21T20:00:00+00:00,2.4947,2.4987,2.4159,2.4232,15542970.592581999
1761091200,2025-10-22T00:00:00+00:00,2.4231,2.4356,2.4046,2.4215,7183259.270315999
1761105600,2025-10-22T04:00:00+00:00,2.4216,2.4392,2.3914,2.4106,7325620.854067999
1761120000,2025-10-22T08:00:00+00:00,2.4106,2.4106,2.3654,2.3976,9148436.906247
1761134400,2025-10-22T12:00:00+00:00,2.3976,2.4175,2.3676,2.4007,16088822.430002
1761148800,2025-10-22T16:00:00+00:00,2.4008,2.4069,2.3557,2.3763,15567886.914134998
1761163200,2025-10-22T20:00:00+00:00,2.3762,2.3812,2.3248,2.3648,17056702.156675
1761177600,2025-10-23T00:00:00+00:00,2.3649,2.3876,2.3619,2.38,5889100.840251001
1761192000,2025-10-23T04:00:00+00:00,2.3801,2.4201,2.3776,2.4084,4377448.777164999
1761206400,2025-10-23T08:00:00+00:00,2.4085,2.4185,2.3904,2.3917,3973229.7159809996
1761220800,2025-10-23T12:00:00+00:00,2.3914,2.4205,2.3756,2.4092,8750892.911228
1761235200,2025-10-23T16:00:00+00:00,2.4092,2.4273,2.3926,2.4076,11229789.909582
1761249600,2025-10-23T20:00:00+00:00,2.4077,2.4078,2.3785,2.3956,7801263.998945001
1761264000,2025-10-24T00:00:00+00:00,2.3955,2.4109,2.3869,2.4076,5661827.5512419995
1761278400,2025-10-24T04:00:00+00:00,2.4076,2.4495,2.4048,2.4417,9257128.46473
1761292800,2025-10-24T08:00:00+00:00,2.4416,2.4652,2.4343,2.4565,6510633.552614
1761307200,2025-10-24T12:00:00+00:00,2.4567,2.5154,2.4567,2.4804,26091194.393602
1761321600,2025-10-24T16:00:00+00:00,2.4803,2.5139,2.4611,2.5008,14621028.791664999
1761336000,2025-10-24T20:00:00+00:00,2.501,2.516,2.4957,2.5108,11071771.959501
1761350400,2025-10-25T00:00:00+00:00,2.5108,2.5617,2.5026,2.5407,12995017.412308
1761364800,2025-10-25T04:00:00+00:00,2.5409,2.5708,2.5376,2.5432,7178775.882855999
1761379200,2025-10-25T08:00:00+00:00,2.5434,2.5716,2.5271,2.5649,4769535.254439
1761393600,2025-10-25T12:00:00+00:00,2.5649,2.62,2.5606,2.6082,8454300.311492
1761422400,2025-10-25T20:00:00+00:00,2.6025,2.6091,2.5882,2.5965,6032004.098158
1761436800,2025-10-26T00:00:00+00:00,2.5962,2.6291,2.5925,2.6021,6402232.162537999
1761451200,2025-10-26T04:00:00+00:00,2.6021,2.6271,2.5995,2.6245,3211561.444115
1761465600,2025-10-26T08:00:00+00:00,2.6244,2.6624,2.6183,2.6471,8627446.892977
1761480000,2025-10-26T12:00:00+00:00,2.647,2.657,2.6294,2.6414,7611010.354728
1761494400,2025-10-26T16:00:00+00:00,2.6411,2.6415,2.6087,2.6145,11352343.754301999
1761508800,2025-10-26T20:00:00+00:00,2.6145,2.6619,2.5979,2.6458,13336539.008241002
1761523200,2025-10-27T00:00:00+00:00,2.646,2.6702,2.6228,2.6355,14505032.087938
1761537600,2025-10-27T04:00:00+00:00,2.6355,2.6749,2.6264,2.6306,7329668.066206001
1761552000,2025-10-27T08:00:00+00:00,2.6306,2.639,2.605,2.6259,4981191.502299
1761566400,2025-10-27T12:00:00+00:00,2.6257,2.6647,2.6011,2.6614,13745453.477315001
1761580800,2025-10-27T16:00:00+00:00,2.6612,2.6975,2.655,2.6696,19640234.021382
1761595200,2025-10-27T20:00:00+00:00,2.6694,2.6696,2.6233,2.634,12765543.824508999
1761609600,2025-10-28T00:00:00+00:00,2.6338,2.6536,2.609,2.6315,8484662.304293001
1761624000,2025-10-28T04:00:00+00:00,2.631,2.6625,2.6122,2.6382,5816093.650133999
1761638400,2025-10-28T08:00:00+00:00,2.6384,2.6683,2.6352,2.6412,4156216.7831340004
1761652800,2025-10-28T12:00:00+00:00,2.6409,2.6887,2.6042,2.6361,16299393.951938001
1761667200,2025-10-28T16:00:00+00:00,2.6358,2.68,2.6125,2.6428,18049360.066517
1761681600,2025-10-28T20:00:00+00:00,2.6432,2.6436,2.5681,2.604,21101693.986654
1761696000,2025-10-29T00:00:00+00:00,2.6039,2.6281,2.5995,2.6089,8309846.285319
1761710400,2025-10-29T04:00:00+00:00,2.6089,2.6369,2.6069,2.635,4379964.417719
1761724800,2025-10-29T08:00:00+00:00,2.635,2.6616,2.622,2.6503,5178887.614333
1761739200,2025-10-29T12:00:00+00:00,2.65,2.6644,2.6142,2.6268,11747417.333906
1761753600,2025-10-29T16:00:00+00:00,2.6267,2.6614,2.5461,2.5877,26587539.785187997
1761768000,2025-10-29T20:00:00+00:00,2.5875,2.6182,2.537,2.5506,15192384.001074001
1761782400,2025-10-30T00:00:00+00:00,2.5506,2.5895,2.5287,2.5793,8089226.940968
1761796800,2025-10-30T04:00:00+00:00,2.5793,2.5939,2.4874,2.5835,14194921.155129
1761811200,2025-10-30T08:00:00+00:00,2.5835,2.5896,2.5419,2.5434,4227674.049675
1761825600,2025-10-30T12:00:00+00:00,2.5439,2.5509,2.444,2.4539,23121894.655503
1761840000,2025-10-30T16:00:00+00:00,2.4537,2.4713,2.376,2.3849,24487359.394316003
1761854400,2025-10-30T20:00:00+00:00,2.3838,2.4418,2.3761,2.4391,16279048.438005
1761868800,2025-10-31T00:00:00+00:00,2.4391,2.4822,2.4338,2.4706,11223775.507327
1761883200,2025-10-31T04:00:00+00:00,2.4706,2.493,2.4682,2.4749,6868450.500495
1761897600,2025-10-31T08:00:00+00:00,2.4748,2.5153,2.4652,2.5141,5648756.586305
1761912000,2025-10-31T12:00:00+00:00,2.5131,2.57,2.4912,2.528,53882500.79177
1761926400,2025-10-31T16:00:00+00:00,2.5272,2.5536,2.4815,2.5423,17307450.401193
1761940800,2025-10-31T20:00:00+00:00,2.5422,2.5422,2.5013,2.5083,8215291.127700999
1761955200,2025-11-01T00:00:00+00:00,2.5084,2.5183,2.4875,2.5151,5337217.599792
1761969600,2025-11-01T04:00:00+00:00,2.5151,2.5222,2.4966,2.505,2501281.586003
1761984000,2025-11-01T08:00:00+00:00,2.5047,2.5137,2.4989,2.4994,3473667.285981
1761998400,2025-11-01T12:00:00+00:00,2.4994,2.5053,2.4751,2.5009,4884155.519898
1762012800,2025-11-01T16:00:00+00:00,2.5011,2.5136,2.4951,2.5051,4127357.893404
1762027200,2025-11-01T20:00:00+00:00,2.505,2.5121,2.4891,2.5043,3591317.2067839997
1762041600,2025-11-02T00:00:00+00:00,2.5042,2.512,2.4939,2.5061,3322659.233042
1762056000,2025-11-02T04:00:00+00:00,2.5062,2.5354,2.505,2.5342,4367697.206646999
1762070400,2025-11-02T08:00:00+00:00,2.5344,2.5538,2.5087,2.5411,6392914.731594
1762084800,2025-11-02T12:00:00+00:00,2.5411,2.5509,2.4998,2.5,6602065.4941300005
1762099200,2025-11-02T16:00:00+00:00,2.5,2.5053,2.4779,2.4885,6078928.216237
1762113600,2025-11-02T20:00:00+00:00,2.4884,2.5313,2.4842,2.5263,6474680.895363
1762128000,2025-11-03T00:00:00+00:00,2.5263,2.5329,2.4196,2.4293,14086517.182854
1762142400,2025-11-03T04:00:00+00:00,2.4293,2.4534,2.3878,2.4135,10863095.703169
1762156800,2025-11-03T08:00:00+00:00,2.4134,2.4277,2.3813,2.4019,10020589.615316
1762171200,2025-11-03T12:00:00+00:00,2.4019,2.4296,2.2958,2.3278,18985491.379799
1762185600,2025-11-03T16:00:00+00:00,2.3276,2.3944,2.3187,2.3238,23137478.968719
1762200000,2025-11-03T20:00:00+00:00,2.3238,2.3292,2.2617,2.309,32096531.647497002
1762214400,2025-11-04T00:00:00+00:00,2.309,2.3637,2.2993,2.356,15696147.556230001
1762228800,2025-11-04T04:00:00+00:00,2.3561,2.3651,2.2311,2.2429,27033754.120996
1762243200,2025-11-04T08:00:00+00:00,2.2429,2.2838,2.2285,2.2801,17041194.445008002
1762257600,2025-11-04T12:00:00+00:00,2.2801,2.3266,2.2415,2.2822,22178929.440856002
1762272000,2025-11-04T16:00:00+00:00,2.2821,2.2951,2.1521,2.1681,48628562.650639
1762286400,2025-11-04T20:00:00+00:00,2.1682,2.2297,2.066,2.2048,64280952.35653199
1762300800,2025-11-05T00:00:00+00:00,2.2049,2.2531,2.1011,2.2371,37424653.025001
1762315200,2025-11-05T04:00:00+00:00,2.2368,2.2601,2.2252,2.2463,12647442.263315
1762329600,2025-11-05T08:00:00+00:00,2.2462,2.2462,2.2044,2.2376,8958480.769016
1762344000,2025-11-05T12:00:00+00:00,2.2371,2.2884,2.2305,2.276,19936356.806507
1762358400,2025-11-05T16:00:00+00:00,2.2764,2.3268,2.2533,2.3225,27838667.423329
1762372800,2025-11-05T20:00:00+00:00,2.3222,2.3778,2.3177,2.343,31642501.519988
1762387200,2025-11-06T00:00:00+00:00,2.3426,2.4159,2.3092,2.359,23460652.963515997
1762401600,2025-11-06T04:00:00+00:00,2.3589,2.3643,2.312,2.3259,7606022.561435999
1762416000,2025-11-06T08:00:00+00:00,2.3258,2.3333,2.2873,2.2999,10392254.268783
1762430400,2025-11-06T12:00:00+00:00,2.2997,2.3099,2.227,2.2334,21760995.602267
1762444800,2025-11-06T16:00:00+00:00,2.2333,2.2487,2.2017,2.2106,26719232.974437
1762459200,2025-11-06T20:00:00+00:00,2.2108,2.2246,2.1788,2.2117,21046093.201068
1762473600,2025-11-07T00:00:00+00:00,2.2119,2.2366,2.1912,2.2281,12059205.843983
1762488000,2025-11-07T04:00:00+00:00,2.2282,2.2389,2.21,2.2326,7786393.995022
1762502400,2025-11-07T08:00:00+00:00,2.2325,2.2335,2.1623,2.1868,10512410.355789002
1762516800,2025-11-07T12:00:00+00:00,2.1869,2.2196,2.1457,2.2112,32768562.554968
1762531200,2025-11-07T16:00:00+00:00,2.2113,2.36,2.1989,2.3518,48285492.954983994
1762545600,2025-11-07T20:00:00+00:00,2.3519,2.3722,2.3064,2.3143,20340429.074477
1762560000,2025-11-08T00:00:00+00:00,2.3142,2.337,2.2974,2.3175,15706656.640033998
1762574400,2025-11-08T04:00:00+00:00,2.3179,2.3351,2.2931,2.3212,9107116.605153
1762588800,2025-11-08T08:00:00+00:00,2.3214,2.3328,2.29,2.2947,5282388.907547
1762603200,2025-11-08T12:00:00+00:00,2.2947,2.315,2.2421,2.2555,12061728.526568
1762617600,2025-11-08T16:00:00+00:00,2.2555,2.2785,2.2503,2.2725,7682330.169864001
1762632000,2025-11-08T20:00:00+00:00,2.2726,2.2891,2.2711,2.2861,6073601.025068
1762646400,2025-11-09T00:00:00+00:00,2.2859,2.2866,2.2389,2.2539,6767962.086301
1762660800,2025-11-09T04:00:00+00:00,2.254,2.2981,2.2454,2.2953,7079060.266144999
1762675200,2025-11-09T08:00:00+00:00,2.2955,2.2956,2.252,2.2749,5927748.964369
1762689600,2025-11-09T12:00:00+00:00,2.2749,2.3333,2.2667,2.3143,10383084.632173
1762704000,2025-11-09T16:00:00+00:00,2.3143,2.3499,2.3002,2.3488,9814635.339552
1762718400,2025-11-09T20:00:00+00:00,2.3487,2.395,2.3232,2.3658,13268735.167705
1762732800,2025-11-10T00:00:00+00:00,2.3656,2.4776,2.3453,2.4611,32714893.325928997
1762747200,2025-11-10T04:00:00+00:00,2.4612,2.4925,2.4387,2.4802,10901761.107614001
1762761600,2025-11-10T08:00:00+00:00,2.4802,2.5726,2.4693,2.5407,15291028.256044
1762776000,2025-11-10T12:00:00+00:00,2.5406,2.5698,2.4966,2.5285,23472019.796647
1762790400,2025-11-10T16:00:00+00:00,2.529,2.5626,2.5126,2.5483,22232768.927469
1762804800,2025-11-10T20:00:00+00:00,2.5482,2.5812,2.5101,2.5254,30046276.055633
1762819200,2025-11-11T00:00:00+00:00,2.5253,2.5695,2.5125,2.5293,19293578.399288
1762833600,2025-11-11T04:00:00+00:00,2.5294,2.5319,2.4444,2.4469,13733802.549983999
1762848000,2025-11-11T08:00:00+00:00,2.4471,2.4699,2.4391,2.4606,8139061.626335001
1762862400,2025-11-11T12:00:00+00:00,2.4604,2.4712,2.4253,2.4366,18930902.929353
1762876800,2025-11-11T16:00:00+00:00,2.4367,2.442,2.4086,2.4155,11727752.512608
1762891200,2025-11-11T20:00:00+00:00,2.4155,2.4222,2.3776,2.3905,16892531.879155003
1762905600,2025-11-12T00:00:00+00:00,2.3907,2.4132,2.3802,2.3985,12509856.854975
1762920000,2025-11-12T04:00:00+00:00,2.3986,2.4081,2.3649,2.3734,8057692.086993
1762934400,2025-11-12T08:00:00+00:00,2.3736,2.4398,2.3725,2.4385,9638180.392538
1762948800,2025-11-12T12:00:00+00:00,2.4381,2.4492,2.3628,2.3678,21304121.612898998
1762963200,2025-11-12T16:00:00+00:00,2.3678,2.3733,2.3158,2.3376,28522532.007775
1762977600,2025-11-12T20:00:00+00:00,2.3376,2.3946,2.3331,2.3876,17559026.939852003
1762992000,2025-11-13T00:00:00+00:00,2.3874,2.5119,2.3818,2.4823,23817628.908015
1763006400,2025-11-13T04:00:00+00:00,2.483,2.5198,2.4504,2.487,22752510.145344
1763020800,2025-11-13T08:00:00+00:00,2.487,2.5261,2.4719,2.4944,10578677.207191
1763035200,2025-11-13T12:00:00+00:00,2.4949,2.5184,2.4193,2.434,27671976.733765
1763049600,2025-11-13T16:00:00+00:00,2.4339,2.4436,2.3101,2.3141,32377311.0993
1763064000,2025-11-13T20:00:00+00:00,2.3139,2.3451,2.2751,2.3207,28670619.015669
1763078400,2025-11-14T00:00:00+00:00,2.3208,2.3371,2.2883,2.3145,17884511.465972
1763092800,2025-11-14T04:00:00+00:00,2.3144,2.3261,2.245,2.306,19169543.741554998
1763107200,2025-11-14T08:00:00+00:00,2.306,2.3087,2.255,2.2676,10177442.780431
1763121600,2025-11-14T12:00:00+00:00,2.2676,2.3263,2.2229,2.311,34524013.094198
1763136000,2025-11-14T16:00:00+00:00,2.3111,2.3393,2.2743,2.3109,25512292.465719
1763150400,2025-11-14T20:00:00+00:00,2.3108,2.3154,2.2239,2.2424,23878796.227638
1763164800,2025-11-15T00:00:00+00:00,2.2425,2.3018,2.2406,2.2929,10941797.146575
1763179200,2025-11-15T04:00:00+00:00,2.293,2.295,2.2716,2.2857,5769089.260642
1763193600,2025-11-15T08:00:00+00:00,2.2848,2.2848,2.2409,2.2567,5258624.908810001
1763208000,2025-11-15T12:00:00+00:00,2.2565,2.2776,2.2437,2.2535,6696181.589226999
1763222400,2025-11-15T16:00:00+00:00,2.2534,2.2699,2.227,2.2551,8897318.521826
1763236800,2025-11-15T20:00:00+00:00,2.2551,2.26,2.21,2.236,10918909.254394
1763251200,2025-11-16T00:00:00+00:00,2.2356,2.255,2.1883,2.2483,17256372.9498
1763265600,2025-11-16T04:00:00+00:00,2.2485,2.2687,2.2371,2.2655,4694215.631922
1763280000,2025-11-16T08:00:00+00:00,2.2658,2.2784,2.2288,2.2343,4707091.55023
1763294400,2025-11-16T12:00:00+00:00,2.2338,2.2458,2.1817,2.1863,11333395.119164
1763308800,2025-11-16T16:00:00+00:00,2.1856,2.2302,2.1543,2.2146,23395266.749335
1763323200,2025-11-16T20:00:00+00:00,2.2152,2.2293,2.1637,2.213,12863551.692909
1763337600,2025-11-17T00:00:00+00:00,2.2134,2.2622,2.1964,2.2559,14310759.351391999
1763352000,2025-11-17T04:00:00+00:00,2.2559,2.2678,2.2385,2.2626,8675586.836339999
1763366400,2025-11-17T08:00:00+00:00,2.2627,2.2825,2.2575,2.2705,6461719.00672
1763380800,2025-11-17T12:00:00+00:00,2.2703,2.305,2.1932,2.2079,31244080.139338
1763395200,2025-11-17T16:00:00+00:00,2.2076,2.2203,2.118,2.1247,37923007.657104
1763409600,2025-11-17T20:00:00+00:00,2.1245,2.1711,2.1119,2.1613,27879835.276126005
1763424000,2025-11-18T00:00:00+00:00,2.1616,2.1743,2.1045,2.1623,26362831.102226
1763438400,2025-11-18T04:00:00+00:00,2.1623,2.176,2.1225,2.1587,17470957.593082
1763452800,2025-11-18T08:00:00+00:00,2.1589,2.1999,2.1588,2.1808,13041465.845941
1763467200,2025-11-18T12:00:00+00:00,2.1813,2.2273,2.1484,2.2115,29040648.491437003
1763481600,2025-11-18T16:00:00+00:00,2.2115,2.239,2.1991,2.2271,20258873.447478
1763496000,2025-11-18T20:00:00+00:00,2.2272,2.2402,2.2012,2.2163,14331199.145553999
1763510400,2025-11-19T00:00:00+00:00,2.2158,2.2182,2.1789,2.1832,13896690.699662
1763524800,2025-11-19T04:00:00+00:00,2.1832,2.1865,2.1255,2.1671,15200061.307978
1763539200,2025-11-19T08:00:00+00:00,2.1671,2.1694,2.1282,2.1293,11104583.646173
1763553600,2025-11-19T12:00:00+00:00,2.13,2.1484,2.0798,2.0843,32172426.260819003
1763568000,2025-11-19T16:00:00+00:00,2.0841,2.1006,2.0272,2.0347,39538318.233847
1763582400,2025-11-19T20:00:00+00:00,2.0348,2.1147,2.0232,2.1077,33386968.034201
1763596800,2025-11-20T00:00:00+00:00,2.1075,2.1387,2.0936,2.1322,16572296.265854
1763611200,2025-11-20T04:00:00+00:00,2.1323,2.1481,2.1164,2.1382,11352505.975469
1763625600,2025-11-20T08:00:00+00:00,2.1381,2.1394,2.1059,2.1138,7651106.495490001
1763640000,2025-11-20T12:00:00+00:00,2.1138,2.1418,2.0805,2.0833,24235249.148415
1763654400,2025-11-20T16:00:00+00:00,2.083,2.0856,1.973,2.0051,73775023.620916
1763668800,2025-11-20T20:00:00+00:00,2.0049,2.0508,1.9853,1.9974,26915026.448365
1763683200,2025-11-21T00:00:00+00:00,1.9973,2.0282,1.9606,1.9773,29103306.152035996
1763697600,2025-11-21T04:00:00+00:00,1.9771,1.9936,1.85,1.9164,42519580.682832
1763712000,2025-11-21T08:00:00+00:00,1.9161,1.9543,1.8713,1.8732,34812815.987359
1763726400,2025-11-21T12:00:00+00:00,1.8729,1.9639,1.8171,1.9095,69401687.209407
1763740800,2025-11-21T16:00:00+00:00,1.9091,1.9965,1.8835,1.9468,55525532.522687
1763755200,2025-11-21T20:00:00+00:00,1.9468,1.9648,1.8983,1.9497,38506323.225689
1763769600,2025-11-22T00:00:00+00:00,1.9497,1.9623,1.9297,1.9475,17767430.453246
1763784000,2025-11-22T04:00:00+00:00,1.9476,1.9562,1.9124,1.9516,15470296.49736
1763798400,2025-11-22T08:00:00+00:00,1.9517,1.9518,1.8934,1.9159,14713274.344583001
1763812800,2025-11-22T12:00:00+00:00,1.9163,1.9377,1.8872,1.9282,12688275.578515
1763827200,2025-11-22T16:00:00+00:00,1.9283,1.95,1.9207,1.9265,14011966.621473
1763841600,2025-11-22T20:00:00+00:00,1.9265,1.9657,1.9189,1.9497,13661210.901386
1763856000,2025-11-23T00:00:00+00:00,1.9497,2.05,1.9484,2.0297,28378092.880654998
1763870400,2025-11-23T04:00:00+00:00,2.0295,2.075,2.0153,2.0254,20234647.409399
1763884800,2025-11-23T08:00:00+00:00,2.0253,2.052,2.0218,2.0307,6685446.184753
1763899200,2025-11-23T12:00:00+00:00,2.0304,2.0652,2.0293,2.0618,16108391.477509
1763913600,2025-11-23T16:00:00+00:00,2.0616,2.0795,2.0397,2.0742,20435719.201262
1763928000,2025-11-23T20:00:00+00:00,2.0741,2.084,2.0417,2.0485,16124949.821911
1763942400,2025-11-24T00:00:00+00:00,2.0482,2.1079,2.0229,2.0858,32501124.899122998
1763956800,2025-11-24T04:00:00+00:00,2.0858,2.1026,2.0447,2.0628,22228151.031668004
1763971200,2025-11-24T08:00:00+00:00,2.0626,2.0776,2.0376,2.0577,11700418.254971001
1763985600,2025-11-24T12:00:00+00:00,2.0576,2.1016,2.0473,2.0893,28549284.459716
1764000000,2025-11-24T16:00:00+00:00,2.0892,2.2383,2.0861,2.2344,55564451.217846006
1764014400,2025-11-24T20:00:00+00:00,2.2344,2.2878,2.22,2.2267,43599251.78127301
1764028800,2025-11-25T00:00:00+00:00,2.2267,2.2648,2.2249,2.2429,19698045.000409
1764043200,2025-11-25T04:00:00+00:00,2.2428,2.2582,2.2155,2.2159,12481240.815323
1764057600,2025-11-25T08:00:00+00:00,2.2159,2.2202,2.1847,2.1958,12665322.506426
1764072000,2025-11-25T12:00:00+00:00,2.196,2.2345,2.1581,2.1872,29229812.327625997
1764086400,2025-11-25T16:00:00+00:00,2.1871,2.2089,2.1456,2.1712,22701386.689402
1764100800,2025-11-25T20:00:00+00:00,2.1713,2.2168,2.1639,2.2013,24759307.968857996
1764115200,2025-11-26T00:00:00+00:00,2.201,2.2127,2.172,2.1755,11117560.879812
1764129600,2025-11-26T04:00:00+00:00,2.1757,2.2057,2.1699,2.2047,7857818.9266800005
1764144000,2025-11-26T08:00:00+00:00,2.2046,2.2058,2.1681,2.1713,6360949.987865999
1764158400,2025-11-26T12:00:00+00:00,2.1712,2.1797,2.1436,2.1717,17370168.933497
1764172800,2025-11-26T16:00:00+00:00,2.1716,2.2542,2.1704,2.232,28004502.892517
1764187200,2025-11-26T20:00:00+00:00,2.2319,2.2355,2.2113,2.2226,16857754.898206998
1764201600,2025-11-27T00:00:00+00:00,2.2226,2.2346,2.2062,2.2097,14429733.802446999
1764216000,2025-11-27T04:00:00+00:00,2.2096,2.221,2.1951,2.2044,8714211.258202
1764230400,2025-11-27T08:00:00+00:00,2.2044,2.2096,2.1836,2.1893,6737808.722014001
1764244800,2025-11-27T12:00:00+00:00,2.1893,2.2034,2.1716,2.2022,12386748.288087
1764259200,2025-11-27T16:00:00+00:00,2.2021,2.2311,2.198,2.2233,10256174.895643001
1764273600,2025-11-27T20:00:00+00:00,2.2233,2.2333,2.1955,2.1994,7426527.832056001
1764288000,2025-11-28T00:00:00+00:00,2.1993,2.2037,2.1661,2.1854,9915745.171614999
1764302400,2025-11-28T04:00:00+00:00,2.1854,2.2214,2.1806,2.1964,8905419.340263
1764316800,2025-11-28T08:00:00+00:00,2.1964,2.2487,2.1837,2.1968,9282630.446541
1764331200,2025-11-28T12:00:00+00:00,2.1967,2.2759,2.1886,2.2453,49631514.701076
1764345600,2025-11-28T16:00:00+00:00,2.2453,2.252,2.156,2.1883,36123834.44088
1764360000,2025-11-28T20:00:00+00:00,2.1882,2.1923,2.173,2.1795,10260762.428125
1764374400,2025-11-29T00:00:00+00:00,2.1796,2.1883,2.1729,2.1861,5835436.23775
1764388800,2025-11-29T04:00:00+00:00,2.1862,2.1904,2.1672,2.1802,5363015.32899
1764403200,2025-11-29T08:00:00+00:00,2.18,2.215,2.1746,2.2118,6069579.256552
1764417600,2025-11-29T12:00:00+00:00,2.2117,2.2232,2.1926,2.2191,10200784.112102
1764432000,2025-11-29T16:00:00+00:00,2.2193,2.222,2.1905,2.1944,9492693.99148
1764446400,2025-11-29T20:00:00+00:00,2.1944,2.2151,2.1879,2.2014,5015527.387947001
1764460800,2025-11-30T00:00:00+00:00,2.2015,2.2133,2.1889,2.2066,4792528.54012
1764475200,2025-11-30T04:00:00+00:00,2.2067,2.2097,2.1917,2.1987,3140405.670769
1764489600,2025-11-30T08:00:00+00:00,2.199,2.2103,2.1833,2.1886,3616046.041356
1764504000,2025-11-30T12:00:00+00:00,2.1888,2.2086,2.1852,2.1972,4183430.0927779996
1764518400,2025-11-30T16:00:00+00:00,2.1972,2.2151,2.1955,2.1995,5220475.217455
1764532800,2025-11-30T20:00:00+00:00,2.1992,2.2036,2.1528,2.1551,10689126.212602999
1764547200,2025-12-01T00:00:00+00:00,2.155,2.161,2.0419,2.0503,42440905.738993
1764561600,2025-12-01T04:00:00+00:00,2.0497,2.0587,2.0167,2.0565,18146969.448872
1764576000,2025-12-01T08:00:00+00:00,2.0564,2.0606,2.0313,2.0334,8098045.322995
1764590400,2025-12-01T12:00:00+00:00,2.0336,2.0499,1.9822,2.0068,33397283.769867003
1764604800,2025-12-01T16:00:00+00:00,2.0068,2.0122,1.986,1.9945,35405628.805436
1764619200,2025-12-01T20:00:00+00:00,1.9942,2.0439,1.9935,2.0295,26542936.108356
1764633600,2025-12-02T00:00:00+00:00,2.0294,2.0436,2.0023,2.0203,15104936.233374001
1764648000,2025-12-02T04:00:00+00:00,2.0204,2.0277,2.0094,2.0179,6458873.037986001
1764662400,2025-12-02T08:00:00+00:00,2.0173,2.0418,1.995,2.0369,8802748.258207
1764676800,2025-12-02T12:00:00+00:00,2.0369,2.1655,2.0265,2.1556,30089837.080184
1764691200,2025-12-02T16:00:00+00:00,2.1559,2.1839,2.1342,2.1747,33152953.961266
1764705600,2025-12-02T20:00:00+00:00,2.1746,2.1787,2.1483,2.1535,20473478.201829
1764720000,2025-12-03T00:00:00+00:00,2.1536,2.1915,2.1413,2.1769,18949482.289609
1764734400,2025-12-03T04:00:00+00:00,2.1768,2.2196,2.1734,2.1921,15536063.387834001
1764748800,2025-12-03T08:00:00+00:00,2.1919,2.1958,2.1667,2.1767,6688686.251031
1764763200,2025-12-03T12:00:00+00:00,2.1768,2.1997,2.1427,2.1694,23420126.547930997
1764777600,2025-12-03T16:00:00+00:00,2.1693,2.1939,2.1592,2.1866,17832369.884713
1764792000,2025-12-03T20:00:00+00:00,2.1866,2.2139,2.1827,2.1977,23573653.187434
1764806400,2025-12-04T00:00:00+00:00,2.1978,2.2145,2.1868,2.195,12321741.592137001
1764820800,2025-12-04T04:00:00+00:00,2.195,2.2002,2.1662,2.1729,7557396.198608
1764835200,2025-12-04T08:00:00+00:00,2.1729,2.1792,2.1429,2.1513,8859455.088603001
1764849600,2025-12-04T12:00:00+00:00,2.1514,2.158,2.114,2.1535,19658351.165289998
1764864000,2025-12-04T16:00:00+00:00,2.1535,2.1583,2.07,2.098,28623875.261892002
1764878400,2025-12-04T20:00:00+00:00,2.0978,2.1112,2.0869,2.0963,12804744.914522
1764892800,2025-12-05T00:00:00+00:00,2.0963,2.1131,2.0877,2.0914,10461317.457070999
1764907200,2025-12-05T04:00:00+00:00,2.0914,2.0991,2.0766,2.0938,6728025.844376
1764921600,2025-12-05T08:00:00+00:00,2.0937,2.0941,2.0547,2.0694,7781351.981254
1764936000,2025-12-05T12:00:00+00:00,2.0694,2.1015,2.057,2.0769,19240162.303892
1764950400,2025-12-05T16:00:00+00:00,2.0767,2.0785,2.0131,2.0381,28253680.921763
1764964800,2025-12-05T20:00:00+00:00,2.038,2.0382,2.0201,2.0348,12800521.430804001
1764979200,2025-12-06T00:00:00+00:00,2.0346,2.0427,2.018,2.0391,8602396.663114
1764993600,2025-12-06T04:00:00+00:00,2.0392,2.0511,2.0284,2.0309,4547799.275143
1765008000,2025-12-06T08:00:00+00:00,2.0309,2.0338,2.016,2.0328,3193760.473015
1765022400,2025-12-06T12:00:00+00:00,2.0328,2.0481,2.0221,2.0302,7194603.46565
1765036800,2025-12-06T16:00:00+00:00,2.0302,2.0397,2.0215,2.0262,6634944.524003
1765051200,2025-12-06T20:00:00+00:00,2.0262,2.0377,2.0233,2.0312,5749354.022887999
1765065600,2025-12-07T00:00:00+00:00,2.0313,2.073,2.0298,2.0692,7415927.057685999
1765080000,2025-12-07T04:00:00+00:00,2.0692,2.0742,2.0285,2.031,7552708.271152999
1765094400,2025-12-07T08:00:00+00:00,2.031,2.0365,2.0243,2.0335,2943618.858882
1765108800,2025-12-07T12:00:00+00:00,2.0341,2.0562,1.9908,2.0527,13770183.691151
1765123200,2025-12-07T16:00:00+00:00,2.0529,2.1114,2.0385,2.0876,21536569.136249
1765137600,2025-12-07T20:00:00+00:00,2.0879,2.0941,2.0123,2.0444,14204407.828705002
1765152000,2025-12-08T00:00:00+00:00,2.0444,2.0914,2.0322,2.072,12419111.010238
1765166400,2025-12-08T04:00:00+00:00,2.0721,2.0943,2.0697,2.0866,4976065.479842
1765180800,2025-12-08T08:00:00+00:00,2.0866,2.1242,2.0807,2.0905,7239635.690776001
1765195200,2025-12-08T12:00:00+00:00,2.0904,2.1119,2.0675,2.0757,13338755.236813
1765209600,2025-12-08T16:00:00+00:00,2.0757,2.0874,2.0627,2.0779,11432851.534154
1765224000,2025-12-08T20:00:00+00:00,2.0779,2.0943,2.0695,2.0724,10550579.933843998
1765238400,2025-12-09T00:00:00+00:00,2.0724,2.0825,2.0569,2.0699,8633444.82857
1765252800,2025-12-09T04:00:00+00:00,2.0702,2.0708,2.0415,2.0613,6079324.175821
1765267200,2025-12-09T08:00:00+00:00,2.0614,2.0704,2.0457,2.0691,4200790.296808
1765281600,2025-12-09T12:00:00+00:00,2.0692,2.1198,2.0489,2.1155,18882070.889052
1765296000,2025-12-09T16:00:00+00:00,2.1154,2.1777,2.1151,2.133,35866095.492657
1765310400,2025-12-09T20:00:00+00:00,2.133,2.134,2.0857,2.1065,18255054.124547
1765324800,2025-12-10T00:00:00+00:00,2.1061,2.1099,2.082,2.0837,7298248.091286999
1765339200,2025-12-10T04:00:00+00:00,2.0836,2.0971,2.0768,2.0848,6016613.939606
1765353600,2025-12-10T08:00:00+00:00,2.0848,2.099,2.0637,2.0722,8052224.044561001
1765368000,2025-12-10T12:00:00+00:00,2.0721,2.074,2.0568,2.062,13095617.696137998
1765382400,2025-12-10T16:00:00+00:00,2.0618,2.0882,2.037,2.0685,24325238.914664
1765396800,2025-12-10T20:00:00+00:00,2.0686,2.1124,2.0351,2.042,25138578.862924997
1765411200,2025-12-11T00:00:00+00:00,2.0421,2.0576,1.9933,1.9999,21176242.944592997
1765425600,2025-12-11T04:00:00+00:00,1.9999,2.0203,1.9956,2.0075,7425924.955515
1765440000,2025-12-11T08:00:00+00:00,2.0075,2.0195,2.001,2.0088,5753327.922367
1765454400,2025-12-11T12:00:00+00:00,2.0089,2.0157,1.9781,1.997,21226326.955559
1765468800,2025-12-11T16:00:00+00:00,1.997,2.0267,1.984,2.0115,21935742.766894
1765483200,2025-12-11T20:00:00+00:00,2.0116,2.0575,2.0094,2.0344,16333615.661277
1765497600,2025-12-12T00:00:00+00:00,2.0342,2.0439,2.0154,2.032,8317154.407137
1765512000,2025-12-12T04:00:00+00:00,2.0317,2.0435,2.0239,2.0375,5554321.717237
1765526400,2025-12-12T08:00:00+00:00,2.0375,2.0465,2.0254,2.0424,5049566.2694
1765540800,2025-12-12T12:00:00+00:00,2.0424,2.048,1.9701,1.9789,15540546.421756
1765555200,2025-12-12T16:00:00+00:00,1.9788,2.026,1.9737,2.0037,23027165.476033
1765569600,2025-12-12T20:00:00+00:00,2.0038,2.0188,1.9974,2.0072,9926296.466957001
1765584000,2025-12-13T00:00:00+00:00,2.0072,2.025,2.0067,2.0229,4796201.347481
1765598400,2025-12-13T04:00:00+00:00,2.0229,2.0482,2.0228,2.0285,5469804.831959
1765612800,2025-12-13T08:00:00+00:00,2.0286,2.0431,2.0286,2.0338,3328923.212221
1765627200,2025-12-13T12:00:00+00:00,2.0336,2.0436,2.0283,2.0304,6165404.408501
1765641600,2025-12-13T16:00:00+00:00,2.0303,2.034,2.0146,2.0201,5840749.284933001
1765656000,2025-12-13T20:00:00+00:00,2.0199,2.0255,2.008,2.0231,4036082.8355469997
1765670400,2025-12-14T00:00:00+00:00,2.0232,2.0308,2.0175,2.0246,3617948.297191
1765684800,2025-12-14T04:00:00+00:00,2.0246,2.0259,2.0105,2.0195,2695071.8576100003
1765699200,2025-12-14T08:00:00+00:00,2.0195,2.0234,1.9904,2.0013,4003945.5939849997
1765713600,2025-12-14T12:00:00+00:00,2.0014,2.0085,1.9875,1.9913,7458825.870008
1765728000,2025-12-14T16:00:00+00:00,1.9914,2.005,1.9827,1.9888,7318842.979157001
1765742400,2025-12-14T20:00:00+00:00,1.9888,1.9977,1.9546,1.9786,10820853.927154
1765756800,2025-12-15T00:00:00+00:00,1.9787,2.0142,1.975,1.9954,9047055.432492
1765771200,2025-12-15T04:00:00+00:00,1.9951,2.0056,1.9922,1.9951,3618183.238703
1765785600,2025-12-15T08:00:00+00:00,1.9951,2.0022,1.9838,1.9879,3392779.486364
1765800000,2025-12-15T12:00:00+00:00,1.988,1.9882,1.9123,1.9255,27605401.674888
1765814400,2025-12-15T16:00:00+00:00,1.9258,1.931,1.8689,1.8963,28336155.593759004
1765828800,2025-12-15T20:00:00+00:00,1.8962,1.9003,1.8791,1.8979,16543370.742743002
1765843200,2025-12-16T00:00:00+00:00,1.8982,1.8985,1.8548,1.8728,15813703.128199
1765857600,2025-12-16T04:00:00+00:00,1.8724,1.8976,1.852,1.8751,9822881.816218
1765872000,2025-12-16T08:00:00+00:00,1.8752,1.9257,1.8737,1.9204,7643661.798568999
1765886400,2025-12-16T12:00:00+00:00,1.9203,1.9492,1.8986,1.9407,23846682.913585
1765900800,2025-12-16T16:00:00+00:00,1.9407,1.9426,1.9132,1.9262,15871523.494928
1765915200,2025-12-16T20:00:00+00:00,1.926,1.9332,1.918,1.9291,8320165.927437001
1765929600,2025-12-17T00:00:00+00:00,1.9293,1.9398,1.912,1.925,8917051.209766
1765944000,2025-12-17T04:00:00+00:00,1.925,1.9309,1.9052,1.9228,7235093.916029
1765958400,2025-12-17T08:00:00+00:00,1.9228,1.923,1.896,1.9129,4788006.501864
1765972800,2025-12-17T12:00:00+00:00,1.913,1.9867,1.9043,1.9104,29765530.49749
1765987200,2025-12-17T16:00:00+00:00,1.9104,1.9224,1.8468,1.8647,30235485.939638
1766001600,2025-12-17T20:00:00+00:00,1.8647,1.8837,1.8544,1.8618,15848519.503458
1766016000,2025-12-18T00:00:00+00:00,1.862,1.8726,1.851,1.8554,11996498.100616
1766030400,2025-12-18T04:00:00+00:00,1.8553,1.8613,1.8258,1.8406,11751652.258157
1766044800,2025-12-18T08:00:00+00:00,1.8405,1.8802,1.8372,1.8774,6834758.131328
1766059200,2025-12-18T12:00:00+00:00,1.8775,1.933,1.8711,1.9183,27655111.43588
1766073600,2025-12-18T16:00:00+00:00,1.9183,1.92,1.8001,1.8049,37839687.639632
1766088000,2025-12-18T20:00:00+00:00,1.805,1.824,1.8008,1.8067,27256429.651605003
1766102400,2025-12-19T00:00:00+00:00,1.8066,1.8526,1.7705,1.8391,33559853.557887
1766116800,2025-12-19T04:00:00+00:00,1.8391,1.8753,1.8242,1.8663,17303089.364019
1766131200,2025-12-19T08:00:00+00:00,1.8661,1.8711,1.8581,1.8693,9595464.785448
1766145600,2025-12-19T12:00:00+00:00,1.8694,1.9049,1.8631,1.8748,21046761.812207
1766160000,2025-12-19T16:00:00+00:00,1.8747,1.9177,1.8727,1.9065,26798380.850211002
1766174400,2025-12-19T20:00:00+00:00,1.9069,1.92,1.8995,1.9083,16675650.681931999
1766188800,2025-12-20T00:00:00+00:00,1.9081,1.9092,1.8924,1.9035,8536683.533191
1766203200,2025-12-20T04:00:00+00:00,1.9034,1.918,1.8983,1.9131,5305174.196922
1766217600,2025-12-20T08:00:00+00:00,1.9131,1.9579,1.9131,1.9429,10950041.572578002
1766232000,2025-12-20T12:00:00+00:00,1.9428,1.9473,1.9155,1.9205,12019022.170447
1766246400,2025-12-20T16:00:00+00:00,1.9206,1.9308,1.9124,1.9245,6718315.169515
1766260800,2025-12-20T20:00:00+00:00,1.9244,1.9369,1.923,1.9325,6084478.809218001
1766275200,2025-12-21T00:00:00+00:00,1.9326,1.9413,1.9164,1.9288,7829772.665573
1766289600,2025-12-21T04:00:00+00:00,1.9289,1.9298,1.9182,1.9246,2741727.367551
1766304000,2025-12-21T08:00:00+00:00,1.9245,1.9491,1.9217,1.9332,3536021.53849
1766318400,2025-12-21T12:00:00+00:00,1.9334,1.9382,1.8938,1.9041,14934479.332142998
1766332800,2025-12-21T16:00:00+00:00,1.9041,1.919,1.8984,1.9175,8102452.948437001
1766347200,2025-12-21T20:00:00+00:00,1.9176,1.9265,1.9054,1.9215,7208036.450029001
1766361600,2025-12-22T00:00:00+00:00,1.9215,1.9486,1.903,1.9195,13234837.081999999
1766376000,2025-12-22T04:00:00+00:00,1.9195,1.9285,1.9129,1.9264,5043831.553106
1766390400,2025-12-22T08:00:00+00:00,1.9264,1.9372,1.9141,1.934,8097707.047348
1766404800,2025-12-22T12:00:00+00:00,1.9339,1.9467,1.9166,1.9334,15152969.406027999
1766419200,2025-12-22T16:00:00+00:00,1.9335,1.9418,1.9007,1.9013,16055293.304463
1766433600,2025-12-22T20:00:00+00:00,1.9013,1.9082,1.8902,1.9032,16226649.560555
1766448000,2025-12-23T00:00:00+00:00,1.9032,1.9088,1.8834,1.8916,8486570.756198
1766462400,2025-12-23T04:00:00+00:00,1.8916,1.8966,1.8724,1.8797,6960733.721964
1766476800,2025-12-23T08:00:00+00:00,1.8799,1.9046,1.8744,1.904,5887334.691923
1766491200,2025-12-23T12:00:00+00:00,1.904,1.9041,1.863,1.8805,16506956.270123
1766505600,2025-12-23T16:00:00+00:00,1.8803,1.8928,1.8663,1.8813,12404481.836932
1766520000,2025-12-23T20:00:00+00:00,1.8816,1.8936,1.871,1.8719,9568822.77795
1766534400,2025-12-24T00:00:00+00:00,1.872,1.877,1.8433,1.8606,10512172.568190001
1766548800,2025-12-24T04:00:00+00:00,1.8605,1.8667,1.8355,1.8534,7447945.246601
1766563200,2025-12-24T08:00:00+00:00,1.8534,1.8744,1.8498,1.868,4523929.15746
1766577600,2025-12-24T12:00:00+00:00,1.868,1.8771,1.8505,1.8624,11535216.266567
1766592000,2025-12-24T16:00:00+00:00,1.8624,1.8703,1.8474,1.8605,10524414.821431
1766606400,2025-12-24T20:00:00+00:00,1.8605,1.8691,1.8583,1.8613,7768816.18441
1766620800,2025-12-25T00:00:00+00:00,1.861,1.8734,1.855,1.869,4935913.095480001
1766635200,2025-12-25T04:00:00+00:00,1.8687,1.8757,1.8651,1.8734,3683466.028602
1766649600,2025-12-25T08:00:00+00:00,1.8734,1.88,1.8523,1.8582,5911735.066753001
1766664000,2025-12-25T12:00:00+00:00,1.8582,1.888,1.8543,1.8819,8840279.333434
1766678400,2025-12-25T16:00:00+00:00,1.882,1.8827,1.8641,1.8723,5596674.42655
1766692800,2025-12-25T20:00:00+00:00,1.8723,1.8726,1.8277,1.8316,13793005.775652
1766707200,2025-12-26T00:00:00+00:00,1.8315,1.8799,1.8233,1.8632,18822516.81406
1766721600,2025-12-26T04:00:00+00:00,1.8632,1.8819,1.8532,1.863,8502397.287607
1766736000,2025-12-26T08:00:00+00:00,1.8627,1.8794,1.8614,1.8703,4361371.084264
1766750400,2025-12-26T12:00:00+00:00,1.8702,1.8786,1.8255,1.8369,27123065.738593
1766764800,2025-12-26T16:00:00+00:00,1.837,1.8494,1.8323,1.8444,11706685.289514
1766779200,2025-12-26T20:00:00+00:00,1.8444,1.8594,1.8405,1.842,10085110.578517
1766793600,2025-12-27T00:00:00+00:00,1.842,1.853,1.8401,1.8503,6115866.431341
1766808000,2025-12-27T04:00:00+00:00,1.8503,1.8523,1.8453,1.8467,2377696.693581
1766822400,2025-12-27T08:00:00+00:00,1.8465,1.8548,1.8438,1.8503,2517659.924624
1766836800,2025-12-27T12:00:00+00:00,1.8505,1.8523,1.8422,1.8485,3083204.321374
1766851200,2025-12-27T16:00:00+00:00,1.8484,1.8561,1.8422,1.8545,7312060.112132999
1766865600,2025-12-27T20:00:00+00:00,1.8546,1.8773,1.8516,1.872,11035753.597351
1766880000,2025-12-28T00:00:00+00:00,1.872,1.8767,1.867,1.8731,5486808.281561
1766894400,2025-12-28T04:00:00+00:00,1.8731,1.8778,1.8707,1.8718,4200290.238468001
1766908800,2025-12-28T08:00:00+00:00,1.8718,1.8753,1.8609,1.8708,2660484.6789369998
1766923200,2025-12-28T12:00:00+00:00,1.8708,1.8754,1.8639,1.8687,3373979.854401
1766937600,2025-12-28T16:00:00+00:00,1.8686,1.8713,1.852,1.8559,7212863.488059999
1766952000,2025-12-28T20:00:00+00:00,1.856,1.8696,1.8528,1.8638,6195705.672406
1766966400,2025-12-29T00:00:00+00:00,1.8638,1.9155,1.8611,1.913,19671969.351225
1766980800,2025-12-29T04:00:00+00:00,1.913,1.9157,1.8901,1.8989,9772651.526382
1766995200,2025-12-29T08:00:00+00:00,1.8988,1.9029,1.8637,1.8695,9520213.778271
1767009600,2025-12-29T12:00:00+00:00,1.8695,1.8769,1.8532,1.8636,16910109.398876
1767024000,2025-12-29T16:00:00+00:00,1.8631,1.8672,1.8481,1.8513,11338636.091088999
1767038400,2025-12-29T20:00:00+00:00,1.8512,1.8554,1.8422,1.8486,15976976.88184
1767052800,2025-12-30T00:00:00+00:00,1.8487,1.8609,1.8417,1.8588,14254970.558913
1767067200,2025-12-30T04:00:00+00:00,1.859,1.866,1.8525,1.8581,9905184.62949
1767081600,2025-12-30T08:00:00+00:00,1.8584,1.8697,1.8575,1.8601,4667050.620894
1767096000,2025-12-30T12:00:00+00:00,1.8601,1.8775,1.852,1.8763,11047861.179479
1767110400,2025-12-30T16:00:00+00:00,1.8763,1.8848,1.868,1.8749,16570512.252117
1767124800,2025-12-30T20:00:00+00:00,1.8747,1.8768,1.8642,1.8755,11454192.238727
1767139200,2025-12-31T00:00:00+00:00,1.8754,1.8818,1.867,1.8698,10493950.817505
1767153600,2025-12-31T04:00:00+00:00,1.8699,1.8734,1.865,1.8706,5881111.384587001
1767168000,2025-12-31T08:00:00+00:00,1.8705,1.878,1.8632,1.8765,4895105.948589999
1767182400,2025-12-31T12:00:00+00:00,1.8765,1.88,1.8507,1.8569,10586608.682819
1767196800,2025-12-31T16:00:00+00:00,1.857,1.8579,1.8218,1.8259,22421271.68711
1767211200,2025-12-31T20:00:00+00:00,1.8259,1.8445,1.8091,1.839,19491550.779234998
1767225600,2026-01-01T00:00:00+00:00,1.8392,1.8465,1.83,1.831,12219887.023864
1767240000,2026-01-01T04:00:00+00:00,1.8309,1.8532,1.8226,1.8392,12489676.509628
1767254400,2026-01-01T08:00:00+00:00,1.8393,1.8535,1.8388,1.8525,3363011.8224799996
1767268800,2026-01-01T12:00:00+00:00,1.8526,1.8647,1.8482,1.8603,5252201.048582001
1767283200,2026-01-01T16:00:00+00:00,1.8601,1.8731,1.8539,1.8718,9516763.648983
1767297600,2026-01-01T20:00:00+00:00,1.8718,1.8786,1.865,1.8772,8324229.124483999
1767312000,2026-01-02T00:00:00+00:00,1.8772,1.8905,1.8665,1.8864,7868505.239678999
1767326400,2026-01-02T04:00:00+00:00,1.8862,1.8883,1.8683,1.8695,6089638.684798
1767340800,2026-01-02T08:00:00+00:00,1.8694,1.9065,1.8689,1.8891,7363690.680608001
1767355200,2026-01-02T12:00:00+00:00,1.8891,1.9242,1.8861,1.9173,27810412.052629
1767369600,2026-01-02T16:00:00+00:00,1.9173,1.9975,1.9144,1.9905,45251400.989678
1767384000,2026-01-02T20:00:00+00:00,1.9906,2.0303,1.9768,2.0061,25408829.068947
1767398400,2026-01-03T00:00:00+00:00,2.0059,2.1385,2.0059,2.0398,16733062.976055
1767412800,2026-01-03T04:00:00+00:00,2.0397,2.0559,1.9821,1.993,20621430.318989
1767427200,2026-01-03T08:00:00+00:00,1.9932,2.0224,1.9909,1.9985,6766389.518091
1767441600,2026-01-03T12:00:00+00:00,1.9985,2.0179,1.99,2.0054,8060974.058208
1767456000,2026-01-03T16:00:00+00:00,2.0054,2.0104,1.9932,2.0064,8901513.966147998
1767470400,2026-01-03T20:00:00+00:00,2.0066,2.0181,1.9981,2.0176,6343353.604695
1767484800,2026-01-04T00:00:00+00:00,2.0176,2.061,2.0147,2.057,15928984.579843
1767499200,2026-01-04T04:00:00+00:00,2.0572,2.0805,2.0521,2.0712,14739718.83628
1767513600,2026-01-04T08:00:00+00:00,2.0713,2.0964,2.0588,2.0942,11214599.597627
1767528000,2026-01-04T12:00:00+00:00,2.0941,2.1199,2.0803,2.0897,20473264.282152
1767542400,2026-01-04T16:00:00+00:00,2.0898,2.1025,2.0698,2.0838,13368828.98862
1767556800,2026-01-04T20:00:00+00:00,2.0836,2.1016,2.0784,2.0901,8851057.973534
1767571200,2026-01-05T00:00:00+00:00,2.0901,2.1659,2.0867,2.142,28560214.159061998
1767585600,2026-01-05T04:00:00+00:00,2.142,2.1453,2.1087,2.1331,11235199.36507
1767600000,2026-01-05T08:00:00+00:00,2.1328,2.1517,2.1245,2.1326,8230378.856430001
1767614400,2026-01-05T12:00:00+00:00,2.1324,2.1687,2.1104,2.1648,23825927.331826
1767628800,2026-01-05T16:00:00+00:00,2.1646,2.2821,2.1639,2.2777,45064683.94775
1767643200,2026-01-05T20:00:00+00:00,2.2777,2.3687,2.2757,2.3475,65140446.78405201
1767657600,2026-01-06T00:00:00+00:00,2.3474,2.4168,2.3153,2.3864,45910284.130153
1767672000,2026-01-06T04:00:00+00:00,2.3857,2.4081,2.3202,2.3292,28758480.581862
1767686400,2026-01-06T08:00:00+00:00,2.3294,2.3771,2.3245,2.3768,12245675.540268
1767700800,2026-01-06T12:00:00+00:00,2.3769,2.3984,2.3336,2.3482,32755520.231974002
1767715200,2026-01-06T16:00:00+00:00,2.3481,2.3541,2.2031,2.2262,66360988.542631
1767729600,2026-01-06T20:00:00+00:00,2.227,2.3107,2.2263,2.3032,27180048.73073
1767744000,2026-01-07T00:00:00+00:00,2.3033,2.3195,2.2513,2.2652,21020820.226572998
1767758400,2026-01-07T04:00:00+00:00,2.2653,2.2846,2.2433,2.2784,9457835.269594999
1767772800,2026-01-07T08:00:00+00:00,2.2782,2.2894,2.2304,2.2484,11382117.480584
1767787200,2026-01-07T12:00:00+00:00,2.2485,2.2539,2.1804,2.1937,29568879.175008
1767801600,2026-01-07T16:00:00+00:00,2.1937,2.2212,2.1685,2.1913,23383597.267149
1767816000,2026-01-07T20:00:00+00:00,2.1914,2.1967,2.1495,2.1633,20126619.135856
1767830400,2026-01-08T00:00:00+00:00,2.1634,2.19,2.1429,2.148,21825153.471099
1767844800,2026-01-08T04:00:00+00:00,2.1481,2.17,2.095,2.1164,20313539.887699
1767859200,2026-01-08T08:00:00+00:00,2.1165,2.131,2.077,2.0892,19796177.331713
1767873600,2026-01-08T12:00:00+00:00,2.0894,2.1264,2.0632,2.1246,28046218.782421
1767888000,2026-01-08T16:00:00+00:00,2.1246,2.1674,2.1098,2.1335,30004939.740429
1767902400,2026-01-08T20:00:00+00:00,2.1335,2.1464,2.1103,2.1214,16879669.892525
1767916800,2026-01-09T00:00:00+00:00,2.1214,2.1407,2.1063,2.133,11187836.514905
1767931200,2026-01-09T04:00:00+00:00,2.1331,2.145,2.1168,2.1176,15176861.040917
1767945600,2026-01-09T08:00:00+00:00,2.1178,2.1214,2.0701,2.1006,13162990.941905
1767960000,2026-01-09T12:00:00+00:00,2.1006,2.1597,2.0771,2.1156,30124034.900792
1767974400,2026-01-09T16:00:00+00:00,2.1156,2.1433,2.0742,2.0808,22576780.403224
1767988800,2026-01-09T20:00:00+00:00,2.0808,2.0983,2.0734,2.0931,10096966.673331
1768003200,2026-01-10T00:00:00+00:00,2.093,2.0991,2.0843,2.0881,4364521.759803
1768017600,2026-01-10T04:00:00+00:00,2.0884,2.0982,2.0777,2.0979,3437500.183999
1768032000,2026-01-10T08:00:00+00:00,2.0978,2.1026,2.0875,2.1001,2691320.730523
1768046400,2026-01-10T12:00:00+00:00,2.1001,2.1077,2.0849,2.0903,4108522.677773
1768060800,2026-01-10T16:00:00+00:00,2.0902,2.0984,2.0854,2.0921,3962423.647503
1768075200,2026-01-10T20:00:00+00:00,2.0921,2.093,2.0806,2.0881,4049247.891216
1768089600,2026-01-11T00:00:00+00:00,2.0881,2.0936,2.0837,2.0928,3680328.938933
1768104000,2026-01-11T04:00:00+00:00,2.0928,2.0963,2.0837,2.0899,3847875.4559429996
1768118400,2026-01-11T08:00:00+00:00,2.0899,2.0955,2.0853,2.0936,1974697.86894
1768132800,2026-01-11T12:00:00+00:00,2.0936,2.1074,2.0815,2.0866,7784032.349183001
1768147200,2026-01-11T16:00:00+00:00,2.0866,2.1006,2.0824,2.084,6009118.063004
1768161600,2026-01-11T20:00:00+00:00,2.0838,2.084,2.043,2.0715,18793990.490144
1768176000,2026-01-12T00:00:00+00:00,2.0714,2.1039,2.0329,2.0799,25827568.94535
1768190400,2026-01-12T04:00:00+00:00,2.08,2.0922,2.0495,2.0507,8774662.234927
1768204800,2026-01-12T08:00:00+00:00,2.0507,2.0578,2.0324,2.0459,8879698.044018
1768219200,2026-01-12T12:00:00+00:00,2.0458,2.0924,2.038,2.0917,17227374.845482
1768233600,2026-01-12T16:00:00+00:00,2.0917,2.1069,2.0517,2.0679,16543034.166279001
1768248000,2026-01-12T20:00:00+00:00,2.0681,2.0742,2.038,2.0518,13738167.294916
1768262400,2026-01-13T00:00:00+00:00,2.0517,2.0621,2.045,2.0475,6283991.110295
1768276800,2026-01-13T04:00:00+00:00,2.0476,2.0778,2.0473,2.0511,5581796.694401
1768291200,2026-01-13T08:00:00+00:00,2.0509,2.0724,2.0509,2.0583,4324522.445867
1768305600,2026-01-13T12:00:00+00:00,2.0583,2.0999,2.0539,2.097,20709424.960033
1768320000,2026-01-13T16:00:00+00:00,2.0972,2.14,2.0835,2.1392,30411079.089877
1768334400,2026-01-13T20:00:00+00:00,2.1392,2.1837,2.1188,2.164,37108852.387804
1768348800,2026-01-14T00:00:00+00:00,2.1642,2.1912,2.1555,2.1822,22205032.510738
1768363200,2026-01-14T04:00:00+00:00,2.1822,2.1849,2.1323,2.1473,13791114.999235
1768377600,2026-01-14T08:00:00+00:00,2.1474,2.1531,2.1108,2.1143,6518595.093821
1768392000,2026-01-14T12:00:00+00:00,2.1143,2.174,2.1103,2.1561,27509221.716823
1768406400,2026-01-14T16:00:00+00:00,2.1561,2.1761,2.1246,2.1458,24242126.80861
1768420800,2026-01-14T20:00:00+00:00,2.1459,2.1613,2.1307,2.1394,17275671.637832
1768435200,2026-01-15T00:00:00+00:00,2.1394,2.1434,2.0812,2.0876,13829732.405247001
1768449600,2026-01-15T04:00:00+00:00,2.0876,2.1057,2.0852,2.1008,5723105.311827
1768464000,2026-01-15T08:00:00+00:00,2.1007,2.1221,2.0955,2.1114,5211995.276913
1768478400,2026-01-15T12:00:00+00:00,2.1113,2.1325,2.068,2.0954,17466089.288713
1768492800,2026-01-15T16:00:00+00:00,2.0949,2.0989,2.0523,2.0651,14412239.317988
1768507200,2026-01-15T20:00:00+00:00,2.0651,2.08,2.0574,2.0783,9476752.115512999
1768521600,2026-01-16T00:00:00+00:00,2.0782,2.0868,2.0631,2.0637,8271480.875671
1768536000,2026-01-16T04:00:00+00:00,2.0638,2.0774,2.0566,2.0731,5964963.421939
1768550400,2026-01-16T08:00:00+00:00,2.0731,2.0806,2.0573,2.0645,3889206.7701270003
1768564800,2026-01-16T12:00:00+00:00,2.0644,2.0677,2.0255,2.0315,14354487.111595001
1768579200,2026-01-16T16:00:00+00:00,2.0316,2.0559,2.029,2.0538,10186289.087012
1768593600,2026-01-16T20:00:00+00:00,2.0539,2.0791,2.0465,2.0667,10685778.361416
1768608000,2026-01-17T00:00:00+00:00,2.0667,2.0684,2.0524,2.0549,4120878.80134
1768622400,2026-01-17T04:00:00+00:00,2.0548,2.0656,2.0539,2.0572,2357725.748482
1768636800,2026-01-17T08:00:00+00:00,2.0573,2.0666,2.0551,2.0611,2211368.301051
1768651200,2026-01-17T12:00:00+00:00,2.061,2.0825,2.0575,2.081,5569994.998698
1768665600,2026-01-17T16:00:00+00:00,2.0809,2.082,2.0675,2.0726,5888698.030615999
1768680000,2026-01-17T20:00:00+00:00,2.0726,2.0741,2.0581,2.0623,4893667.067486
1768694400,2026-01-18T00:00:00+00:00,2.0622,2.067,2.047,2.0573,5736623.114566
1768708800,2026-01-18T04:00:00+00:00,2.0574,2.0591,2.0466,2.0514,2604827.301247
1768723200,2026-01-18T08:00:00+00:00,2.0512,2.0606,2.0495,2.0539,1785518.6317679998
1768737600,2026-01-18T12:00:00+00:00,2.054,2.0597,2.0439,2.05,4463859.147402
1768752000,2026-01-18T16:00:00+00:00,2.0499,2.065,2.0444,2.0532,6330504.418551
1768766400,2026-01-18T20:00:00+00:00,2.0532,2.0634,1.9851,1.9906,16786847.156335
1768780800,2026-01-19T00:00:00+00:00,1.9906,1.9906,1.85,1.9666,36584713.260525994
1768795200,2026-01-19T04:00:00+00:00,1.9667,1.9738,1.9519,1.962,11190195.639511
1768809600,2026-01-19T08:00:00+00:00,1.9621,1.9829,1.9585,1.9717,5828417.413513
1768824000,2026-01-19T12:00:00+00:00,1.9714,1.984,1.9637,1.9805,6379086.841037
1768838400,2026-01-19T16:00:00+00:00,1.9805,2.0288,1.9791,2.0123,16405924.798802
1768852800,2026-01-19T20:00:00+00:00,2.0123,2.016,1.9773,1.9846,10281480.224219
1768867200,2026-01-20T00:00:00+00:00,1.9844,1.9892,1.9539,1.961,11566528.919356002
1768881600,2026-01-20T04:00:00+00:00,1.9609,1.9727,1.94,1.9473,11566346.485723
1768896000,2026-01-20T08:00:00+00:00,1.9472,1.9517,1.9173,1.9272,11080318.243717998
1768910400,2026-01-20T12:00:00+00:00,1.9272,1.9367,1.9068,1.9155,20901968.084977
1768924800,2026-01-20T16:00:00+00:00,1.9153,1.9259,1.8921,1.9001,19689660.384328
1768939200,2026-01-20T20:00:00+00:00,1.9,1.9095,1.8667,1.8875,16689820.195749998
1768953600,2026-01-21T00:00:00+00:00,1.8878,1.9149,1.8868,1.9009,10095327.35108
1768968000,2026-01-21T04:00:00+00:00,1.9008,1.9247,1.8988,1.908,9413282.776539002
1768982400,2026-01-21T08:00:00+00:00,1.9076,1.9135,1.8833,1.8874,10139084.813244
1768996800,2026-01-21T12:00:00+00:00,1.8874,1.9593,1.8777,1.9563,23448504.468250997
1769011200,2026-01-21T16:00:00+00:00,1.9564,1.9829,1.8697,1.9713,32561123.390811004
1769025600,2026-01-21T20:00:00+00:00,1.9717,1.9883,1.9366,1.9459,18840248.380695
1769040000,2026-01-22T00:00:00+00:00,1.9458,1.9662,1.9401,1.9458,10809663.847541
1769054400,2026-01-22T04:00:00+00:00,1.9457,1.958,1.9441,1.9461,7915149.228923
1769068800,2026-01-22T08:00:00+00:00,1.9461,1.9626,1.9399,1.9419,9530495.775186
1769083200,2026-01-22T12:00:00+00:00,1.9418,1.9478,1.8993,1.913,13745372.782179
1769097600,2026-01-22T16:00:00+00:00,1.913,1.9342,1.9031,1.9305,13157418.834013
1769112000,2026-01-22T20:00:00+00:00,1.9304,1.9321,1.9143,1.9218,9081796.994111
1769126400,2026-01-23T00:00:00+00:00,1.9217,1.9246,1.9068,1.9138,6131635.315536
1769140800,2026-01-23T04:00:00+00:00,1.914,1.923,1.9007,1.9118,4472794.970053
1769155200,2026-01-23T08:00:00+00:00,1.912,1.9127,1.8991,1.9115,4072032.773445
1769169600,2026-01-23T12:00:00+00:00,1.9115,1.9206,1.8846,1.9193,11691818.63868
1769184000,2026-01-23T16:00:00+00:00,1.9191,1.9644,1.9182,1.9209,23156684.990509998
1769198400,2026-01-23T20:00:00+00:00,1.921,1.9274,1.905,1.917,12565637.40719
1769212800,2026-01-24T00:00:00+00:00,1.9173,1.9244,1.9132,1.9207,3160566.989446
1769227200,2026-01-24T04:00:00+00:00,1.9206,1.925,1.9137,1.9158,3024601.784943
1769241600,2026-01-24T08:00:00+00:00,1.916,1.9184,1.9115,1.914,2428055.556097
1769256000,2026-01-24T12:00:00+00:00,1.914,1.9217,1.9096,1.9101,4539618.871067
1769270400,2026-01-24T16:00:00+00:00,1.9101,1.918,1.907,1.9138,4442517.813041
1769284800,2026-01-24T20:00:00+00:00,1.9138,1.9205,1.9112,1.9114,3558695.278188
1769299200,2026-01-25T00:00:00+00:00,1.9113,1.914,1.8951,1.8975,6513875.84986
1769313600,2026-01-25T04:00:00+00:00,1.8975,1.9009,1.8909,1.8918,3000358.01031
1769328000,2026-01-25T08:00:00+00:00,1.8918,1.9095,1.8839,1.8995,3956132.911642
1769342400,2026-01-25T12:00:00+00:00,1.8994,1.9006,1.8814,1.8852,5200176.084261
1769356800,2026-01-25T16:00:00+00:00,1.8851,1.8851,1.8092,1.8161,41105780.131723
1769371200,2026-01-25T20:00:00+00:00,1.8163,1.839,1.8106,1.8335,24887263.922859
1769385600,2026-01-26T00:00:00+00:00,1.8334,1.8866,1.8307,1.867,17199007.70545
1769400000,2026-01-26T04:00:00+00:00,1.867,1.8924,1.867,1.8798,7059672.695424999
1769414400,2026-01-26T08:00:00+00:00,1.8799,1.9107,1.8745,1.8894,8636395.158963
1769428800,2026-01-26T12:00:00+00:00,1.8897,1.944,1.8897,1.9235,18763612.222386
1769443200,2026-01-26T16:00:00+00:00,1.9238,1.9364,1.8968,1.9059,19088355.754076
1769457600,2026-01-26T20:00:00+00:00,1.9058,1.911,1.8869,1.9023,12178692.992385998
1769472000,2026-01-27T00:00:00+00:00,1.9022,1.9147,1.8955,1.9074,8298373.048842
1769486400,2026-01-27T04:00:00+00:00,1.9075,1.9153,1.8917,1.8972,7166664.402805001
1769500800,2026-01-27T08:00:00+00:00,1.8971,1.9003,1.8794,1.8863,5161398.438042
1769515200,2026-01-27T12:00:00+00:00,1.8861,1.8939,1.8716,1.8906,11240609.695073001
1769529600,2026-01-27T16:00:00+00:00,1.8905,1.9143,1.8745,1.9043,20007029.056061
1769544000,2026-01-27T20:00:00+00:00,1.9042,1.9271,1.9032,1.913,16331310.388082001
1769558400,2026-01-28T00:00:00+00:00,1.9131,1.9167,1.8916,1.899,8071832.020562999
1769572800,2026-01-28T04:00:00+00:00,1.8989,1.9221,1.894,1.9133,5932501.4791830005
1769587200,2026-01-28T08:00:00+00:00,1.9133,1.94,1.9033,1.9389,5264320.176286999
1769601600,2026-01-28T12:00:00+00:00,1.9389,1.9395,1.8983,1.9053,10990876.855386
1769616000,2026-01-28T16:00:00+00:00,1.9053,1.9258,1.8975,1.9167,14106467.606227
1769630400,2026-01-28T20:00:00+00:00,1.9167,1.9297,1.9043,1.9082,13147768.844753
1769644800,2026-01-29T00:00:00+00:00,1.9082,1.9106,1.8672,1.8728,12129377.227271
1769659200,2026-01-29T04:00:00+00:00,1.8728,1.8867,1.862,1.8831,6987011.732038001
1769673600,2026-01-29T08:00:00+00:00,1.883,1.887,1.8644,1.8682,5586945.093492
1769688000,2026-01-29T12:00:00+00:00,1.8682,1.875,1.7836,1.7988,39904216.30554
1769702400,2026-01-29T16:00:00+00:00,1.799,1.841,1.7748,1.7863,39505012.935212
1769716800,2026-01-29T20:00:00+00:00,1.7863,1.8106,1.7824,1.8046,20721017.538560998
1769731200,2026-01-30T00:00:00+00:00,1.8046,1.8162,1.711,1.7453,42440364.329555996
1769745600,2026-01-30T04:00:00+00:00,1.7453,1.7748,1.7274,1.7559,16437892.912097
1769760000,2026-01-30T08:00:00+00:00,1.7559,1.7719,1.7304,1.7665,14585315.598170001
1769774400,2026-01-30T12:00:00+00:00,1.7665,1.7804,1.7391,1.7565,44531686.478553995
1769788800,2026-01-30T16:00:00+00:00,1.7565,1.7819,1.7087,1.7687,35842764.780415
1769803200,2026-01-30T20:00:00+00:00,1.7687,1.7692,1.7145,1.7327,23404082.675382
1769817600,2026-01-31T00:00:00+00:00,1.7327,1.7519,1.7304,1.7419,10639820.267753001
1769832000,2026-01-31T04:00:00+00:00,1.742,1.7459,1.7083,1.7165,8273779.148473
1769846400,2026-01-31T08:00:00+00:00,1.7165,1.7197,1.6776,1.6993,18986858.647262
1769860800,2026-01-31T12:00:00+00:00,1.6991,1.6993,1.61,1.6328,47374496.850952
1769875200,2026-01-31T16:00:00+00:00,1.6326,1.6468,1.501,1.5806,104412275.79329799
1769889600,2026-01-31T20:00:00+00:00,1.5807,1.6528,1.5693,1.6455,42431645.096629
1769904000,2026-02-01T00:00:00+00:00,1.6454,1.6786,1.6416,1.6651,29455224.472181
1769918400,2026-02-01T04:00:00+00:00,1.665,1.6724,1.6455,1.6573,20080395.296010997
1769932800,2026-02-01T08:00:00+00:00,1.6574,1.676,1.6307,1.6486,11992509.92189
1769947200,2026-02-01T12:00:00+00:00,1.6487,1.6513,1.5672,1.5936,29401707.274814002
1769961600,2026-02-01T16:00:00+00:00,1.5937,1.6252,1.5804,1.5985,24801278.627658
1769976000,2026-02-01T20:00:00+00:00,1.5983,1.6128,1.551,1.5894,39962705.332062
1769990400,2026-02-02T00:00:00+00:00,1.5894,1.6171,1.529,1.5793,61710815.268757
1770004800,2026-02-02T04:00:00+00:00,1.5794,1.5985,1.5296,1.5775,47823880.613324
1770019200,2026-02-02T08:00:00+00:00,1.5777,1.6253,1.5777,1.6198,29817066.336199
1770033600,2026-02-02T12:00:00+00:00,1.6198,1.6536,1.6193,1.6415,51680820.816319
1770048000,2026-02-02T16:00:00+00:00,1.6415,1.656,1.6238,1.6244,21980526.119165
1770062400,2026-02-02T20:00:00+00:00,1.6243,1.6321,1.6102,1.6183,14987383.305371001
1770076800,2026-02-03T00:00:00+00:00,1.6181,1.6207,1.5864,1.612,16491719.286316002
1770091200,2026-02-03T04:00:00+00:00,1.6119,1.6234,1.5973,1.616,12349720.407535002
1770105600,2026-02-03T08:00:00+00:00,1.616,1.6244,1.5941,1.6016,12117505.929713
1770120000,2026-02-03T12:00:00+00:00,1.6016,1.6203,1.5777,1.6171,32417243.238135003
1770134400,2026-02-03T16:00:00+00:00,1.6168,1.617,1.5247,1.5793,64273303.370904
1770148800,2026-02-03T20:00:00+00:00,1.5792,1.643,1.5643,1.5769,39580219.344624
1770163200,2026-02-04T00:00:00+00:00,1.5768,1.6033,1.5645,1.5971,27450923.270423
1770177600,2026-02-04T04:00:00+00:00,1.5972,1.6061,1.5806,1.6031,12593995.659127
1770192000,2026-02-04T08:00:00+00:00,1.6032,1.61,1.5772,1.59,11395967.035039
1770206400,2026-02-04T12:00:00+00:00,1.5902,1.5956,1.528,1.5417,40623318.203254
1770220800,2026-02-04T16:00:00+00:00,1.5417,1.5539,1.5018,1.5517,61045186.646689996
1770235200,2026-02-04T20:00:00+00:00,1.5516,1.5532,1.4913,1.5085,34463999.412652
1770249600,2026-02-05T00:00:00+00:00,1.5086,1.5117,1.4344,1.4403,57912164.633376
1770264000,2026-02-05T04:00:00+00:00,1.4403,1.4554,1.4151,1.4294,39512093.679506
1770278400,2026-02-05T08:00:00+00:00,1.4293,1.4421,1.3401,1.3628,50274661.460188
1770292800,2026-02-05T12:00:00+00:00,1.3629,1.3847,1.2655,1.2945,114375334.263098
1770307200,2026-02-05T16:00:00+00:00,1.2945,1.3089,1.2053,1.211,183951321.589678
1770321600,2026-02-05T20:00:00+00:00,1.2109,1.29,1.135,1.2122,220252982.85690102
1770336000,2026-02-06T00:00:00+00:00,1.2122,1.3452,1.118,1.2686,140742729.559713
1770350400,2026-02-06T04:00:00+00:00,1.2687,1.3345,1.261,1.2906,60970360.795715
1770364800,2026-02-06T08:00:00+00:00,1.2905,1.386,1.2833,1.3668,56967785.388637
1770379200,2026-02-06T12:00:00+00:00,1.3665,1.5494,1.3565,1.5124,143245913.898959
1770393600,2026-02-06T16:00:00+00:00,1.5121,1.55,1.4358,1.4549,112937579.84575298
1770408000,2026-02-06T20:00:00+00:00,1.4552,1.4971,1.3737,1.4686,72831757.038494
1770422400,2026-02-07T00:00:00+00:00,1.4686,1.4868,1.432,1.4727,59612781.261113
1770436800,2026-02-07T04:00:00+00:00,1.4726,1.4844,1.4054,1.4123,39037470.042899996
1770451200,2026-02-07T08:00:00+00:00,1.4125,1.4279,1.3827,1.3911,31194590.142593004
1770465600,2026-02-07T12:00:00+00:00,1.391,1.4393,1.3895,1.4091,45655719.398212
1770480000,2026-02-07T16:00:00+00:00,1.4092,1.4474,1.4041,1.4299,36222474.894194
1770494400,2026-02-07T20:00:00+00:00,1.4299,1.4409,1.4121,1.4223,14930098.709559
1770508800,2026-02-08T00:00:00+00:00,1.4223,1.4407,1.4122,1.416,18254705.090882
1770523200,2026-02-08T04:00:00+00:00,1.4158,1.4248,1.4085,1.4199,8424003.608545002
1770537600,2026-02-08T08:00:00+00:00,1.4198,1.4618,1.4183,1.4517,22877293.673694
1770552000,2026-02-08T12:00:00+00:00,1.4521,1.4684,1.4293,1.4394,24093436.175886
1770566400,2026-02-08T16:00:00+00:00,1.4393,1.4517,1.4088,1.4491,25331049.224822998
1770580800,2026-02-08T20:00:00+00:00,1.4491,1.4622,1.4215,1.4299,26452382.158875003
1770595200,2026-02-09T00:00:00+00:00,1.4297,1.4537,1.4183,1.451,23582694.108803
1770609600,2026-02-09T04:00:00+00:00,1.4508,1.4542,1.4203,1.4241,14005856.331246
1770624000,2026-02-09T08:00:00+00:00,1.4244,1.429,1.3716,1.3918,22462299.398628995
1770638400,2026-02-09T12:00:00+00:00,1.3919,1.4489,1.3918,1.4456,35386079.345020995
1770652800,2026-02-09T16:00:00+00:00,1.4452,1.4633,1.4326,1.452,36000599.716988996
1770667200,2026-02-09T20:00:00+00:00,1.452,1.458,1.434,1.4363,16443488.751423001
1770681600,2026-02-10T00:00:00+00:00,1.4363,1.4524,1.4271,1.4339,13665192.254373001
1770696000,2026-02-10T04:00:00+00:00,1.434,1.4509,1.4132,1.4207,10294590.967642
1770710400,2026-02-10T08:00:00+00:00,1.421,1.4346,1.4052,1.4068,9580419.464416
1770724800,2026-02-10T12:00:00+00:00,1.4067,1.4248,1.3914,1.4061,23524781.931291
1770739200,2026-02-10T16:00:00+00:00,1.4061,1.4286,1.3932,1.4002,25058480.500800002
1770753600,2026-02-10T20:00:00+00:00,1.4002,1.4042,1.391,1.399,15085641.362665
1770768000,2026-02-11T00:00:00+00:00,1.3989,1.4198,1.3933,1.4034,18317742.325489
1770782400,2026-02-11T04:00:00+00:00,1.4034,1.4081,1.3567,1.3658,26367097.022656
1770796800,2026-02-11T08:00:00+00:00,1.3658,1.3796,1.3546,1.3782,16283987.536231
1770811200,2026-02-11T12:00:00+00:00,1.3781,1.4089,1.3451,1.3536,53999451.159661
1770825600,2026-02-11T16:00:00+00:00,1.3533,1.3861,1.3414,1.378,32154074.059017003
1770840000,2026-02-11T20:00:00+00:00,1.3778,1.3963,1.3583,1.3687,24122560.677422002
1770854400,2026-02-12T00:00:00+00:00,1.3688,1.3855,1.3672,1.3743,12315171.453554003
1770868800,2026-02-12T04:00:00+00:00,1.3744,1.3876,1.371,1.381,8182652.650743
1770883200,2026-02-12T08:00:00+00:00,1.381,1.4074,1.3762,1.401,11564459.711443
1770897600,2026-02-12T12:00:00+00:00,1.4008,1.4023,1.3744,1.3753,23931039.741571
1770912000,2026-02-12T16:00:00+00:00,1.3753,1.3787,1.3452,1.3636,33284811.671145
1770926400,2026-02-12T20:00:00+00:00,1.3636,1.3691,1.3477,1.3624,16784185.541556
1770940800,2026-02-13T00:00:00+00:00,1.3622,1.3709,1.3477,1.3643,12309314.778609999
1770955200,2026-02-13T04:00:00+00:00,1.3644,1.3672,1.3472,1.3527,8212055.8660470005
1770969600,2026-02-13T08:00:00+00:00,1.3527,1.3717,1.3509,1.3668,9291617.528136
1770984000,2026-02-13T12:00:00+00:00,1.3669,1.4211,1.3586,1.4035,48354664.001624
1770998400,2026-02-13T16:00:00+00:00,1.4038,1.4277,1.3988,1.4106,29475962.538518
1771012800,2026-02-13T20:00:00+00:00,1.4105,1.416,1.3959,1.4062,15513548.690176003
1771027200,2026-02-14T00:00:00+00:00,1.4061,1.4175,1.4043,1.4156,10617898.911022
1771041600,2026-02-14T04:00:00+00:00,1.4156,1.4255,1.4071,1.4217,7924090.575393
1771056000,2026-02-14T08:00:00+00:00,1.4217,1.4726,1.421,1.4709,20235961.210759
1771070400,2026-02-14T12:00:00+00:00,1.4709,1.5005,1.4509,1.4686,25636908.466192
1771084800,2026-02-14T16:00:00+00:00,1.4687,1.4996,1.4566,1.4977,26451874.550318003
1771099200,2026-02-14T20:00:00+00:00,1.4977,1.5127,1.487,1.5085,26267405.983443
1771113600,2026-02-15T00:00:00+00:00,1.5085,1.5438,1.5052,1.526,41012607.31681301
1771128000,2026-02-15T04:00:00+00:00,1.5262,1.6498,1.5245,1.6494,39698188.463070996
1771142400,2026-02-15T08:00:00+00:00,1.6494,1.6705,1.5569,1.5613,42405719.8954
1771156800,2026-02-15T12:00:00+00:00,1.5616,1.5652,1.5106,1.5227,41166486.913548
1771171200,2026-02-15T16:00:00+00:00,1.5227,1.5238,1.4469,1.4527,45448823.351491995
1771185600,2026-02-15T20:00:00+00:00,1.4528,1.4893,1.4439,1.4746,32105793.520364
1771200000,2026-02-16T00:00:00+00:00,1.4745,1.4862,1.453,1.4609,19840901.908994
1771214400,2026-02-16T04:00:00+00:00,1.4609,1.4753,1.4421,1.4603,19481369.467154
1771228800,2026-02-16T08:00:00+00:00,1.4604,1.5132,1.4604,1.4827,24149620.851830997
1771243200,2026-02-16T12:00:00+00:00,1.4831,1.5159,1.4607,1.4734,52649937.737253994
1771257600,2026-02-16T16:00:00+00:00,1.4734,1.4938,1.4702,1.4744,23941959.540097
1771272000,2026-02-16T20:00:00+00:00,1.4743,1.4949,1.4677,1.4867,15886576.049199
1771286400,2026-02-17T00:00:00+00:00,1.4869,1.4929,1.4725,1.4824,13432029.451750001
1771300800,2026-02-17T04:00:00+00:00,1.4823,1.488,1.4687,1.4724,8749281.306119
1771315200,2026-02-17T08:00:00+00:00,1.4724,1.4763,1.449,1.4517,11004459.736555
1771329600,2026-02-17T12:00:00+00:00,1.4517,1.4626,1.426,1.4565,32063807.338221997
1771344000,2026-02-17T16:00:00+00:00,1.4566,1.4945,1.4563,1.4848,35569827.427693
1771358400,2026-02-17T20:00:00+00:00,1.485,1.4932,1.4699,1.4736,17122432.637957998
1771372800,2026-02-18T00:00:00+00:00,1.4735,1.4826,1.4627,1.4783,11996259.540120002
1771387200,2026-02-18T04:00:00+00:00,1.4782,1.4879,1.4745,1.4862,6639824.180469
1771401600,2026-02-18T08:00:00+00:00,1.4862,1.493,1.4632,1.4658,8787748.910179
1771416000,2026-02-18T12:00:00+00:00,1.4658,1.4883,1.4515,1.4761,22585336.702368
1771430400,2026-02-18T16:00:00+00:00,1.4761,1.4768,1.4184,1.4224,31508811.782102
1771444800,2026-02-18T20:00:00+00:00,1.4225,1.4325,1.4097,1.4211,22987280.379554998
1771459200,2026-02-19T00:00:00+00:00,1.4213,1.4298,1.4141,1.4281,14146066.754552
1771473600,2026-02-19T04:00:00+00:00,1.428,1.4373,1.4044,1.4319,20902303.039409
1771488000,2026-02-19T08:00:00+00:00,1.4319,1.4333,1.4057,1.4086,10250054.070173
1771502400,2026-02-19T12:00:00+00:00,1.4084,1.4138,1.3854,1.3969,33820655.730069
1771516800,2026-02-19T16:00:00+00:00,1.3969,1.4182,1.3807,1.4118,24545309.630361
1771531200,2026-02-19T20:00:00+00:00,1.4117,1.4143,1.3943,1.4062,14622382.030883
1771545600,2026-02-20T00:00:00+00:00,1.4061,1.4285,1.4045,1.4123,12964851.407409
1771560000,2026-02-20T04:00:00+00:00,1.4123,1.4237,1.3997,1.419,9773841.670414
1771574400,2026-02-20T08:00:00+00:00,1.419,1.4283,1.4023,1.4051,8248292.562802
1771588800,2026-02-20T12:00:00+00:00,1.4052,1.43,1.3772,1.4288,38681873.306483
1771603200,2026-02-20T16:00:00+00:00,1.4287,1.4393,1.407,1.4234,40832791.614493005
1771617600,2026-02-20T20:00:00+00:00,1.4233,1.4326,1.4141,1.4285,17749592.812635005
1771632000,2026-02-21T00:00:00+00:00,1.4285,1.4332,1.4193,1.4253,8288577.555919001
1771646400,2026-02-21T04:00:00+00:00,1.4254,1.435,1.424,1.4308,3283439.117977
1771660800,2026-02-21T08:00:00+00:00,1.4307,1.4459,1.4273,1.4437,9324390.307204
1771675200,2026-02-21T12:00:00+00:00,1.4438,1.464,1.4357,1.4497,15230514.009749
1771689600,2026-02-21T16:00:00+00:00,1.4497,1.4517,1.436,1.4432,12868666.837114
1771704000,2026-02-21T20:00:00+00:00,1.443,1.4432,1.4297,1.4302,8860190.887553
1771718400,2026-02-22T00:00:00+00:00,1.43,1.4335,1.4176,1.4235,10396686.106888002
1771732800,2026-02-22T04:00:00+00:00,1.4234,1.4254,1.4166,1.4207,4916705.853319
1771747200,2026-02-22T08:00:00+00:00,1.4208,1.4258,1.4165,1.4231,2193555.491942
1771761600,2026-02-22T12:00:00+00:00,1.4228,1.4233,1.3861,1.393,15601114.788705
1771776000,2026-02-22T16:00:00+00:00,1.393,1.3945,1.3829,1.3861,8924890.280567
1771790400,2026-02-22T20:00:00+00:00,1.3863,1.4015,1.3794,1.3928,13721696.344057
1771804800,2026-02-23T00:00:00+00:00,1.3926,1.3944,1.3295,1.3411,44000480.664133
1771819200,2026-02-23T04:00:00+00:00,1.3412,1.3779,1.3357,1.3711,15351686.699215999
1771833600,2026-02-23T08:00:00+00:00,1.371,1.4056,1.3616,1.3965,21949731.663063
1771848000,2026-02-23T12:00:00+00:00,1.3966,1.4251,1.3671,1.3704,48567036.99203101
1771862400,2026-02-23T16:00:00+00:00,1.3703,1.3786,1.3482,1.3572,34534755.428364
1771876800,2026-02-23T20:00:00+00:00,1.3571,1.3671,1.3496,1.3512,23111879.258331
1771891200,2026-02-24T00:00:00+00:00,1.3515,1.3621,1.3272,1.3318,30622030.160885
1771905600,2026-02-24T04:00:00+00:00,1.3319,1.3424,1.321,1.3262,20350863.895864002
1771920000,2026-02-24T08:00:00+00:00,1.3262,1.3357,1.3209,1.3333,13668492.691992
1771934400,2026-02-24T12:00:00+00:00,1.3333,1.3528,1.3122,1.3517,39385671.311595
1771948800,2026-02-24T16:00:00+00:00,1.3517,1.3678,1.3449,1.3561,31346226.920742996
1771963200,2026-02-24T20:00:00+00:00,1.356,1.3638,1.3404,1.3481,20604816.865878
1771977600,2026-02-25T00:00:00+00:00,1.3481,1.3997,1.3404,1.3702,42520347.042734
1771992000,2026-02-25T04:00:00+00:00,1.3702,1.3751,1.3529,1.366,19713884.260306
1772006400,2026-02-25T08:00:00+00:00,1.3659,1.3851,1.3629,1.3838,11372055.573139
1772020800,2026-02-25T12:00:00+00:00,1.3837,1.4466,1.3811,1.4412,54147657.708307005
1772035200,2026-02-25T16:00:00+00:00,1.4413,1.4772,1.4378,1.4667,52262866.570595995
1772049600,2026-02-25T20:00:00+00:00,1.4668,1.4932,1.4192,1.434,50618986.497150995
1772064000,2026-02-26T00:00:00+00:00,1.4339,1.4478,1.4188,1.4421,25753696.225692004
1772078400,2026-02-26T04:00:00+00:00,1.4421,1.4695,1.4306,1.4341,23614207.460486002
1772092800,2026-02-26T08:00:00+00:00,1.4342,1.457,1.434,1.4372,11872721.165125001
1772107200,2026-02-26T12:00:00+00:00,1.4371,1.4464,1.408,1.4212,33289391.899187
1772121600,2026-02-26T16:00:00+00:00,1.4212,1.4233,1.3826,1.4071,36952974.00096
1772136000,2026-02-26T20:00:00+00:00,1.4071,1.4129,1.388,1.4028,17422168.741976
1772150400,2026-02-27T00:00:00+00:00,1.4027,1.4137,1.3934,1.408,16914762.925014
1772164800,2026-02-27T04:00:00+00:00,1.4079,1.4228,1.4041,1.4169,13338628.438167
1772179200,2026-02-27T08:00:00+00:00,1.4168,1.4261,1.3801,1.3829,19307847.0763
1772193600,2026-02-27T12:00:00+00:00,1.3826,1.3859,1.3528,1.3583,69441924.549748
1772208000,2026-02-27T16:00:00+00:00,1.3583,1.3647,1.3367,1.3509,26473687.44924
1772222400,2026-02-27T20:00:00+00:00,1.3509,1.357,1.3384,1.356,15834580.872663
1772236800,2026-02-28T00:00:00+00:00,1.3562,1.3655,1.3527,1.3552,6999690.722142
1772251200,2026-02-28T04:00:00+00:00,1.3552,1.3581,1.2901,1.3028,33906041.586719
1772265600,2026-02-28T08:00:00+00:00,1.3028,1.3132,1.2702,1.2934,36586796.097884
1772280000,2026-02-28T12:00:00+00:00,1.2935,1.3506,1.2922,1.3241,40943366.503358
1772294400,2026-02-28T16:00:00+00:00,1.324,1.3594,1.3151,1.3543,29922965.581166
1772308800,2026-02-28T20:00:00+00:00,1.3544,1.3932,1.3506,1.3761,31434668.527446
1772323200,2026-03-01T00:00:00+00:00,1.3761,1.4335,1.3656,1.4186,45513456.174352005
1772337600,2026-03-01T04:00:00+00:00,1.4189,1.4217,1.3887,1.3979,19098833.718437
1772352000,2026-03-01T08:00:00+00:00,1.3979,1.4,1.3675,1.3763,11453250.30081
1772366400,2026-03-01T12:00:00+00:00,1.3761,1.4035,1.3612,1.3788,20919699.411041
1772380800,2026-03-01T16:00:00+00:00,1.3789,1.3864,1.3541,1.3566,24210559.26579
1772395200,2026-03-01T20:00:00+00:00,1.3564,1.3726,1.3366,1.3525,26425978.210708
1772409600,2026-03-02T00:00:00+00:00,1.3525,1.381,1.351,1.3737,21770625.060456
1772424000,2026-03-02T04:00:00+00:00,1.3738,1.3753,1.3377,1.3469,11844881.849809
1772438400,2026-03-02T08:00:00+00:00,1.347,1.3626,1.3382,1.3515,9067128.263752
1772452800,2026-03-02T12:00:00+00:00,1.3514,1.4156,1.3334,1.4004,41929710.131105006
1772467200,2026-03-02T16:00:00+00:00,1.4008,1.4228,1.383,1.4009,31543708.116195
1772481600,2026-03-02T20:00:00+00:00,1.4007,1.4069,1.3857,1.3902,19793625.786722
1772496000,2026-03-03T00:00:00+00:00,1.39,1.3953,1.3674,1.373,16314247.532915
1772510400,2026-03-03T04:00:00+00:00,1.3732,1.3778,1.3574,1.3638,12402874.288881999
1772524800,2026-03-03T08:00:00+00:00,1.3636,1.3692,1.342,1.3528,11347780.943414
1772539200,2026-03-03T12:00:00+00:00,1.3529,1.3707,1.3364,1.3646,30246475.636899002
1772553600,2026-03-03T16:00:00+00:00,1.3646,1.3872,1.3531,1.3626,31970571.06207
1772568000,2026-03-03T20:00:00+00:00,1.3628,1.3697,1.3483,1.3608,17390879.332276
1772582400,2026-03-04T00:00:00+00:00,1.3607,1.37,1.3452,1.353,12797054.170088
1772596800,2026-03-04T04:00:00+00:00,1.3532,1.3771,1.3452,1.3748,10239895.214463
1772611200,2026-03-04T08:00:00+00:00,1.3751,1.4256,1.3695,1.3993,25139497.778299
1772625600,2026-03-04T12:00:00+00:00,1.3991,1.4647,1.3826,1.4635,51551327.148769
1772640000,2026-03-04T16:00:00+00:00,1.4634,1.4753,1.4259,1.457,56503563.448749006
1772654400,2026-03-04T20:00:00+00:00,1.457,1.4658,1.4164,1.4312,31916333.511924
1772668800,2026-03-05T00:00:00+00:00,1.4312,1.4366,1.416,1.42,13782100.387341999
1772683200,2026-03-05T04:00:00+00:00,1.4199,1.432,1.4088,1.413,10288473.298937
1772697600,2026-03-05T08:00:00+00:00,1.4132,1.4529,1.4095,1.4364,12845082.527618
1772712000,2026-03-05T12:00:00+00:00,1.4366,1.4432,1.41,1.417,28408045.01343
1772726400,2026-03-05T16:00:00+00:00,1.417,1.4235,1.396,1.4112,31421169.329554
1772740800,2026-03-05T20:00:00+00:00,1.4113,1.4207,1.402,1.4037,16919959.934551
1772755200,2026-03-06T00:00:00+00:00,1.4039,1.4151,1.398,1.4055,10199905.486412
1772769600,2026-03-06T04:00:00+00:00,1.4054,1.4087,1.3917,1.4078,7481823.482753
1772784000,2026-03-06T08:00:00+00:00,1.4079,1.408,1.3926,1.3952,9642777.815698002
1772798400,2026-03-06T12:00:00+00:00,1.3952,1.3975,1.3511,1.3564,34808853.589874
1772812800,2026-03-06T16:00:00+00:00,1.3563,1.3662,1.3461,1.3634,23485891.849288
1772827200,2026-03-06T20:00:00+00:00,1.3634,1.3716,1.3537,1.3631,12637293.864693
1772841600,2026-03-07T00:00:00+00:00,1.3631,1.3754,1.3627,1.3661,7087211.492177
1772856000,2026-03-07T04:00:00+00:00,1.3661,1.3688,1.3608,1.3672,4892515.568042
1772870400,2026-03-07T08:00:00+00:00,1.3671,1.3735,1.3632,1.3699,2598580.3435
1772884800,2026-03-07T12:00:00+00:00,1.3698,1.37,1.3549,1.3574,6393018.729963
1772899200,2026-03-07T16:00:00+00:00,1.3572,1.3652,1.347,1.3507,8511017.447803
1772913600,2026-03-07T20:00:00+00:00,1.3506,1.3595,1.3504,1.357,4616193.4529760005
1772928000,2026-03-08T00:00:00+00:00,1.3571,1.3604,1.3444,1.3486,9538240.681744
1772942400,2026-03-08T04:00:00+00:00,1.3486,1.3629,1.3416,1.3603,5692444.2289350005
1772956800,2026-03-08T08:00:00+00:00,1.3604,1.3715,1.3547,1.3577,4211322.801645
1772971200,2026-03-08T12:00:00+00:00,1.3577,1.3593,1.3416,1.3458,8848243.452082
1772985600,2026-03-08T16:00:00+00:00,1.3456,1.36,1.3382,1.3564,7831329.141047999
1773000000,2026-03-08T20:00:00+00:00,1.3564,1.362,1.3217,1.34,16920435.563606
1773014400,2026-03-09T00:00:00+00:00,1.3402,1.3654,1.3376,1.3507,16846274.460437
1773028800,2026-03-09T04:00:00+00:00,1.3506,1.3587,1.3327,1.3407,11257964.609421002
1773043200,2026-03-09T08:00:00+00:00,1.3408,1.3633,1.3391,1.3501,8059899.140857
1773057600,2026-03-09T12:00:00+00:00,1.3502,1.3732,1.3494,1.3604,19998781.241133
1773072000,2026-03-09T16:00:00+00:00,1.3605,1.384,1.3558,1.3728,17545297.478484
1773086400,2026-03-09T20:00:00+00:00,1.373,1.3794,1.3604,1.3632,12031310.385058
1773100800,2026-03-10T00:00:00+00:00,1.363,1.3923,1.3608,1.3751,11300516.688435
1773115200,2026-03-10T04:00:00+00:00,1.3752,1.39,1.3731,1.3876,6807987.831264
1773129600,2026-03-10T08:00:00+00:00,1.3877,1.4197,1.3877,1.3911,18663248.823522
1773144000,2026-03-10T12:00:00+00:00,1.3911,1.4434,1.3814,1.4311,37255275.468951
1773158400,2026-03-10T16:00:00+00:00,1.4311,1.4371,1.3795,1.385,33133762.360097002
1773172800,2026-03-10T20:00:00+00:00,1.385,1.3952,1.3777,1.3868,12341313.567171
1773187200,2026-03-11T00:00:00+00:00,1.3868,1.3929,1.378,1.3793,9466516.383208
1773201600,2026-03-11T04:00:00+00:00,1.3792,1.3912,1.3738,1.3787,8453585.971551
1773216000,2026-03-11T08:00:00+00:00,1.3786,1.3816,1.3724,1.3738,6555492.940205
1773230400,2026-03-11T12:00:00+00:00,1.3737,1.4117,1.3707,1.3826,27512046.313619
1773244800,2026-03-11T16:00:00+00:00,1.3826,1.4076,1.3801,1.3901,17450889.621307
1773259200,2026-03-11T20:00:00+00:00,1.3899,1.3949,1.3831,1.3849,9181654.235106999
1773273600,2026-03-12T00:00:00+00:00,1.385,1.3865,1.3698,1.3739,10030817.171484001
1773288000,2026-03-12T04:00:00+00:00,1.3738,1.3785,1.3663,1.3766,7288894.973040001
1773302400,2026-03-12T08:00:00+00:00,1.3765,1.3937,1.3743,1.3883,7383066.387530999
1773316800,2026-03-12T12:00:00+00:00,1.388,1.3929,1.365,1.3794,17196396.301183
1773331200,2026-03-12T16:00:00+00:00,1.3795,1.3861,1.3697,1.3789,11331723.986768
1773345600,2026-03-12T20:00:00+00:00,1.3787,1.3899,1.3715,1.385,10002550.002962999
1773360000,2026-03-13T00:00:00+00:00,1.3848,1.4244,1.3833,1.4122,23836985.030522004
1773374400,2026-03-13T04:00:00+00:00,1.4123,1.4272,1.4073,1.4155,14180549.818858001
1773388800,2026-03-13T08:00:00+00:00,1.4152,1.4387,1.4131,1.4206,15238680.791066
1773403200,2026-03-13T12:00:00+00:00,1.4205,1.4534,1.4067,1.4093,47198981.564851
1773417600,2026-03-13T16:00:00+00:00,1.4093,1.4153,1.39,1.4017,16232264.920777
1773432000,2026-03-13T20:00:00+00:00,1.4016,1.4063,1.3904,1.3988,8797491.980946
1773446400,2026-03-14T00:00:00+00:00,1.3988,1.404,1.3924,1.4012,6804492.740783
1773460800,2026-03-14T04:00:00+00:00,1.4012,1.4045,1.3851,1.3944,5296732.262814
1773475200,2026-03-14T08:00:00+00:00,1.3944,1.3976,1.3876,1.3929,3617871.9004359995
1773489600,2026-03-14T12:00:00+00:00,1.3928,1.395,1.388,1.3906,4834974.113242
1773504000,2026-03-14T16:00:00+00:00,1.3906,1.3941,1.3871,1.3907,3558053.41943
1773518400,2026-03-14T20:00:00+00:00,1.3907,1.4092,1.3892,1.4068,7347832.487036999
1773532800,2026-03-15T00:00:00+00:00,1.4068,1.4208,1.4025,1.4126,8555329.204468
1773547200,2026-03-15T04:00:00+00:00,1.4125,1.421,1.4057,1.4081,7520907.325438001
1773561600,2026-03-15T08:00:00+00:00,1.4081,1.4209,1.4081,1.4201,4772568.155278
1773576000,2026-03-15T12:00:00+00:00,1.4201,1.4303,1.4128,1.4158,11240009.258162998
1773590400,2026-03-15T16:00:00+00:00,1.4157,1.4241,1.4093,1.4131,6832352.706305
1773604800,2026-03-15T20:00:00+00:00,1.413,1.4646,1.4107,1.4489,26489558.794881
1773619200,2026-03-16T00:00:00+00:00,1.4488,1.48,1.4356,1.4676,22743466.683927998
1773633600,2026-03-16T04:00:00+00:00,1.4676,1.4883,1.4675,1.4831,21464181.954177998
1773648000,2026-03-16T08:00:00+00:00,1.4831,1.4895,1.4643,1.47,12570485.880524002
1773662400,2026-03-16T12:00:00+00:00,1.47,1.5167,1.4697,1.4932,39757094.560964
1773676800,2026-03-16T16:00:00+00:00,1.4933,1.5445,1.4914,1.5291,46397742.585699
1773691200,2026-03-16T20:00:00+00:00,1.53,1.5525,1.5234,1.5431,27101266.205649
1773705600,2026-03-17T00:00:00+00:00,1.5432,1.6072,1.5336,1.5444,48464548.851308
1773720000,2026-03-17T04:00:00+00:00,1.5443,1.5529,1.5048,1.5302,23320955.375915002
1773734400,2026-03-17T08:00:00+00:00,1.5303,1.5334,1.5026,1.51,11833942.929252
1773748800,2026-03-17T12:00:00+00:00,1.51,1.5228,1.4943,1.5139,28913174.367762
1773763200,2026-03-17T16:00:00+00:00,1.5141,1.5415,1.5029,1.5336,26816427.852789998
1773777600,2026-03-17T20:00:00+00:00,1.5335,1.5372,1.5179,1.5187,15075068.132336002
1773792000,2026-03-18T00:00:00+00:00,1.5187,1.5406,1.5094,1.5398,12665917.604592
1773806400,2026-03-18T04:00:00+00:00,1.5398,1.5421,1.5154,1.5206,6948298.7921009995
1773820800,2026-03-18T08:00:00+00:00,1.5204,1.5279,1.4842,1.49,13831246.538772
1773835200,2026-03-18T12:00:00+00:00,1.4899,1.4913,1.439,1.4412,34622073.673217
1773849600,2026-03-18T16:00:00+00:00,1.441,1.4674,1.436,1.4491,25933410.914162997
1773864000,2026-03-18T20:00:00+00:00,1.4491,1.4728,1.442,1.4647,13685946.270942999
1773878400,2026-03-19T00:00:00+00:00,1.4647,1.4791,1.4559,1.4746,9239906.271674
1773892800,2026-03-19T04:00:00+00:00,1.4746,1.4818,1.451,1.4613,11556777.188322
1773907200,2026-03-19T08:00:00+00:00,1.4612,1.4709,1.4522,1.4583,6444304.567057
1773921600,2026-03-19T12:00:00+00:00,1.4584,1.4584,1.4248,1.4319,25275227.519814998
1773936000,2026-03-19T16:00:00+00:00,1.432,1.4531,1.4219,1.445,15047002.336975
1773950400,2026-03-19T20:00:00+00:00,1.445,1.456,1.4428,1.4477,6589019.665286
1773964800,2026-03-20T00:00:00+00:00,1.4477,1.4609,1.4452,1.4531,8054159.6372030005
1773979200,2026-03-20T04:00:00+00:00,1.4531,1.463,1.4435,1.4545,5395232.494725999
1773993600,2026-03-20T08:00:00+00:00,1.4546,1.4663,1.4432,1.4492,5561122.559388
1774008000,2026-03-20T12:00:00+00:00,1.4491,1.4524,1.4285,1.437,12337753.209932
1774022400,2026-03-20T16:00:00+00:00,1.437,1.4429,1.4246,1.4356,11973646.621075999
1774036800,2026-03-20T20:00:00+00:00,1.4355,1.452,1.4289,1.445,10247431.142954001
1774051200,2026-03-21T00:00:00+00:00,1.445,1.4498,1.4421,1.4459,5005462.207588
1774065600,2026-03-21T04:00:00+00:00,1.4459,1.4526,1.4435,1.4438,3455797.2972869994
1774080000,2026-03-21T08:00:00+00:00,1.444,1.4455,1.4366,1.4424,2058082.881708
1774094400,2026-03-21T12:00:00+00:00,1.4424,1.447,1.4337,1.4378,5574951.764086001
1774108800,2026-03-21T16:00:00+00:00,1.4378,1.4417,1.4338,1.437,3197567.465902
1774123200,2026-03-21T20:00:00+00:00,1.437,1.4427,1.4006,1.4087,10350614.426773
1774137600,2026-03-22T00:00:00+00:00,1.4087,1.4262,1.3941,1.4171,14240017.687436
1774152000,2026-03-22T04:00:00+00:00,1.417,1.4204,1.4029,1.4032,6495467.886911
1774166400,2026-03-22T08:00:00+00:00,1.4032,1.4038,1.3855,1.3907,9713719.226612002
1774180800,2026-03-22T12:00:00+00:00,1.391,1.4069,1.3906,1.3926,5988875.1291889995
1774195200,2026-03-22T16:00:00+00:00,1.3927,1.3958,1.3808,1.3849,8507564.671975
1774209600,2026-03-22T20:00:00+00:00,1.385,1.3931,1.3712,1.3845,13703518.711969001
1774224000,2026-03-23T00:00:00+00:00,1.3847,1.3927,1.3743,1.381,11128881.197829999
1774238400,2026-03-23T04:00:00+00:00,1.3809,1.3955,1.3622,1.3724,14531950.33803
1774252800,2026-03-23T08:00:00+00:00,1.3726,1.4452,1.3612,1.4109,30541806.192507
1774267200,2026-03-23T12:00:00+00:00,1.4109,1.4658,1.4015,1.4306,38648079.388087
1774281600,2026-03-23T16:00:00+00:00,1.4307,1.4463,1.4265,1.4337,19960941.259012
1774296000,2026-03-23T20:00:00+00:00,1.4336,1.4398,1.4234,1.4319,9571169.060007
1774310400,2026-03-24T00:00:00+00:00,1.4319,1.4348,1.4048,1.4143,14404038.096772
1774324800,2026-03-24T04:00:00+00:00,1.4142,1.4321,1.4046,1.4311,4755117.686264
1774339200,2026-03-24T08:00:00+00:00,1.4313,1.4332,1.4128,1.4231,6846614.896296
1774353600,2026-03-24T12:00:00+00:00,1.4231,1.4233,1.3943,1.4004,16997279.630691
1774368000,2026-03-24T16:00:00+00:00,1.4004,1.4034,1.383,1.3873,12632226.298688002
1774382400,2026-03-24T20:00:00+00:00,1.3872,1.4174,1.3853,1.4154,14281696.257141
1774396800,2026-03-25T00:00:00+00:00,1.4154,1.4245,1.4065,1.4126,6414654.260571
1774411200,2026-03-25T04:00:00+00:00,1.4126,1.4262,1.4106,1.4206,3490541.275454
1774425600,2026-03-25T08:00:00+00:00,1.4206,1.4375,1.4125,1.4287,10167739.316319
1774440000,2026-03-25T12:00:00+00:00,1.4287,1.4322,1.4016,1.4073,13980440.550030999
1774454400,2026-03-25T16:00:00+00:00,1.4072,1.421,1.4046,1.4113,12445229.424092
1774468800,2026-03-25T20:00:00+00:00,1.4113,1.4223,1.4092,1.4141,7927602.325790999
1774483200,2026-03-26T00:00:00+00:00,1.4142,1.4161,1.3959,1.4011,6775132.010295
1774497600,2026-03-26T04:00:00+00:00,1.4011,1.4053,1.3793,1.3853,7648602.748888
1774512000,2026-03-26T08:00:00+00:00,1.3853,1.3861,1.3678,1.371,9957540.792576
1774526400,2026-03-26T12:00:00+00:00,1.371,1.3827,1.3523,1.36,16606029.60049
1774540800,2026-03-26T16:00:00+00:00,1.3599,1.3656,1.3345,1.3433,18543771.756012
1774555200,2026-03-26T20:00:00+00:00,1.3433,1.3698,1.3428,1.3601,12231903.738588002
1774569600,2026-03-27T00:00:00+00:00,1.36,1.3717,1.3571,1.3634,7733788.63766
1774584000,2026-03-27T04:00:00+00:00,1.3634,1.3677,1.3553,1.358,3681526.312905
1774598400,2026-03-27T08:00:00+00:00,1.3581,1.3607,1.3257,1.3346,14098151.339586
1774612800,2026-03-27T12:00:00+00:00,1.3346,1.3464,1.3256,1.3358,48562440.259402
1774627200,2026-03-27T16:00:00+00:00,1.3358,1.3368,1.317,1.3239,15856773.823782
1774641600,2026-03-27T20:00:00+00:00,1.3238,1.3319,1.3191,1.3249,8458070.777712
1774656000,2026-03-28T00:00:00+00:00,1.3249,1.3288,1.3182,1.3264,6576701.243242
1774670400,2026-03-28T04:00:00+00:00,1.3264,1.3413,1.3249,1.3402,6587618.688373
1774684800,2026-03-28T08:00:00+00:00,1.3403,1.343,1.3339,1.3396,3056012.389426
1774699200,2026-03-28T12:00:00+00:00,1.3395,1.3575,1.3355,1.3524,7373016.912467
1774713600,2026-03-28T16:00:00+00:00,1.3525,1.3537,1.341,1.344,4592404.33293
1774728000,2026-03-28T20:00:00+00:00,1.344,1.347,1.3301,1.3323,4761074.844457
1774742400,2026-03-29T00:00:00+00:00,1.3324,1.3409,1.329,1.3373,5415814.114800001
1774756800,2026-03-29T04:00:00+00:00,1.3374,1.342,1.3274,1.333,5502056.369425001
1774771200,2026-03-29T08:00:00+00:00,1.3331,1.3397,1.3301,1.3372,2403689.928767
1774785600,2026-03-29T12:00:00+00:00,1.3373,1.3373,1.3202,1.3247,5150074.519996
1774800000,2026-03-29T16:00:00+00:00,1.3247,1.3285,1.3156,1.317,5108059.618747
1774814400,2026-03-29T20:00:00+00:00,1.317,1.3314,1.2958,1.3268,14766457.392308
1774828800,2026-03-30T00:00:00+00:00,1.3269,1.3543,1.3236,1.3507,8458999.907199001
1774843200,2026-03-30T04:00:00+00:00,1.3509,1.3597,1.3459,1.3574,6440118.742141001
1774857600,2026-03-30T08:00:00+00:00,1.3572,1.3666,1.3436,1.349,5892431.149212
1774872000,2026-03-30T12:00:00+00:00,1.3492,1.3552,1.3339,1.3443,11643605.587143
1774886400,2026-03-30T16:00:00+00:00,1.3444,1.3447,1.3155,1.3215,10896637.779383
1774900800,2026-03-30T20:00:00+00:00,1.3216,1.3335,1.3189,1.3232,6823627.773591001
1774915200,2026-03-31T00:00:00+00:00,1.3232,1.3469,1.3182,1.325,7283138.986406
1774929600,2026-03-31T04:00:00+00:00,1.3249,1.3285,1.3132,1.3183,9055069.425749
1774944000,2026-03-31T08:00:00+00:00,1.3185,1.3223,1.303,1.3137,7669711.4669160005
1774958400,2026-03-31T12:00:00+00:00,1.3138,1.3372,1.3101,1.3139,14214298.2249
1774972800,2026-03-31T16:00:00+00:00,1.3139,1.3452,1.3131,1.3439,16901475.869464
1774987200,2026-03-31T20:00:00+00:00,1.3436,1.349,1.3314,1.3399,9027610.909862999
1775001600,2026-04-01T00:00:00+00:00,1.3398,1.3504,1.3304,1.347,8538060.799262
1775016000,2026-04-01T04:00:00+00:00,1.347,1.3665,1.335,1.356,11403474.456928
1775030400,2026-04-01T08:00:00+00:00,1.3559,1.3581,1.3484,1.354,5343919.132556
1775044800,2026-04-01T12:00:00+00:00,1.3539,1.3599,1.3445,1.3571,13505957.257805001
1775059200,2026-04-01T16:00:00+00:00,1.357,1.368,1.3458,1.3502,12482341.169101
1775073600,2026-04-01T20:00:00+00:00,1.3503,1.3567,1.3421,1.3479,7278098.020093
1775088000,2026-04-02T00:00:00+00:00,1.3476,1.3569,1.3064,1.3129,16435523.317348
1775102400,2026-04-02T04:00:00+00:00,1.3128,1.3204,1.3049,1.3174,8054546.066896
1775116800,2026-04-02T08:00:00+00:00,1.3172,1.3172,1.2986,1.2999,12284662.535239
1775131200,2026-04-02T12:00:00+00:00,1.2999,1.3036,1.2802,1.3,20833794.407781
1775145600,2026-04-02T16:00:00+00:00,1.2998,1.3113,1.2947,1.3077,15097125.681517001
1775160000,2026-04-02T20:00:00+00:00,1.3078,1.3226,1.3047,1.3197,10326758.141466
1775174400,2026-04-03T00:00:00+00:00,1.32,1.3236,1.3032,1.3216,9673194.335057002
1775188800,2026-04-03T04:00:00+00:00,1.3215,1.3259,1.3143,1.3186,7521121.159129
1775203200,2026-04-03T08:00:00+00:00,1.3187,1.3245,1.3094,1.3204,5936197.976449
1775217600,2026-04-03T12:00:00+00:00,1.3203,1.3351,1.3145,1.3185,7337496.386399
1775232000,2026-04-03T16:00:00+00:00,1.3185,1.3253,1.3132,1.3175,8036550.1158650005
1775246400,2026-04-03T20:00:00+00:00,1.3174,1.3222,1.3122,1.3181,7094622.9831489995
1775260800,2026-04-04T00:00:00+00:00,1.318,1.3191,1.3131,1.3156,4796571.434695
1775275200,2026-04-04T04:00:00+00:00,1.3157,1.3207,1.3148,1.3157,3341685.367498
1775289600,2026-04-04T08:00:00+00:00,1.3157,1.3164,1.3065,1.3119,5258762.230992
1775304000,2026-04-04T12:00:00+00:00,1.3119,1.3166,1.306,1.3126,5811312.577788
1775318400,2026-04-04T16:00:00+00:00,1.3126,1.3225,1.3104,1.3176,6234808.576045999
1775332800,2026-04-04T20:00:00+00:00,1.3177,1.3186,1.3134,1.3152,3571123.84437
1775347200,2026-04-05T00:00:00+00:00,1.3152,1.3194,1.3103,1.3133,3281791.61096
1775361600,2026-04-05T04:00:00+00:00,1.3133,1.3153,1.2955,1.2976,10749352.392862001
1775376000,2026-04-05T08:00:00+00:00,1.2975,1.3037,1.2967,1.2983,2349070.950599
1775390400,2026-04-05T12:00:00+00:00,1.2982,1.3053,1.2789,1.2963,14889047.0112
1775404800,2026-04-05T16:00:00+00:00,1.2963,1.3072,1.2963,1.3003,7198683.153508999
1775419200,2026-04-05T20:00:00+00:00,1.3003,1.3375,1.2968,1.326,16562572.236989
1775433600,2026-04-06T00:00:00+00:00,1.326,1.3486,1.3254,1.3378,13631081.960275
1775448000,2026-04-06T04:00:00+00:00,1.3379,1.3468,1.336,1.3439,7275828.186596001
1775462400,2026-04-06T08:00:00+00:00,1.344,1.3573,1.3377,1.3498,8827319.865765
1775476800,2026-04-06T12:00:00+00:00,1.3498,1.3535,1.3405,1.3506,11586401.68358
1775491200,2026-04-06T16:00:00+00:00,1.3507,1.3537,1.3347,1.3418,9488568.620563
1775505600,2026-04-06T20:00:00+00:00,1.3419,1.3438,1.3121,1.3212,13824918.672958001
1775520000,2026-04-07T00:00:00+00:00,1.3212,1.3258,1.3124,1.3169,8923239.489647001
1775534400,2026-04-07T04:00:00+00:00,1.3168,1.3206,1.3053,1.3127,6413068.333486999
1775548800,2026-04-07T08:00:00+00:00,1.3126,1.3247,1.3031,1.3064,7939659.438827001
1775563200,2026-04-07T12:00:00+00:00,1.3064,1.3137,1.2944,1.297,17096872.797189
1775577600,2026-04-07T16:00:00+00:00,1.2971,1.3162,1.2951,1.3141,11397852.878476001
1775592000,2026-04-07T20:00:00+00:00,1.3141,1.3966,1.3136,1.3783,38698101.220909
1775606400,2026-04-08T00:00:00+00:00,1.3782,1.384,1.3595,1.37,15051426.963315
1775620800,2026-04-08T04:00:00+00:00,1.3699,1.3878,1.3691,1.3797,6145710.0845800005
1775635200,2026-04-08T08:00:00+00:00,1.3797,1.3877,1.371,1.3784,8008354.3801070005
1775649600,2026-04-08T12:00:00+00:00,1.3784,1.39,1.339,1.355,21756844.838331
1775664000,2026-04-08T16:00:00+00:00,1.355,1.365,1.3443,1.3521,11789971.100731999
1775678400,2026-04-08T20:00:00+00:00,1.3518,1.3575,1.339,1.3427,8104018.297172001
1775692800,2026-04-09T00:00:00+00:00,1.3425,1.3433,1.327,1.3312,10666834.101374
1775707200,2026-04-09T04:00:00+00:00,1.3313,1.3358,1.3263,1.332,4934629.407783
1775721600,2026-04-09T08:00:00+00:00,1.3319,1.3393,1.3256,1.3297,5454809.974341
1775736000,2026-04-09T12:00:00+00:00,1.3298,1.3552,1.3219,1.3525,13124657.584766
1775750400,2026-04-09T16:00:00+00:00,1.3525,1.3609,1.3464,1.3567,15559419.656539
1775764800,2026-04-09T20:00:00+00:00,1.3565,1.3695,1.3418,1.3439,13257658.305087999
1775779200,2026-04-10T00:00:00+00:00,1.3438,1.3508,1.3405,1.3418,8281425.8388640005
1775793600,2026-04-10T04:00:00+00:00,1.342,1.349,1.3359,1.3373,5471744.218216
1775808000,2026-04-10T08:00:00+00:00,1.3374,1.347,1.3351,1.3418,6831641.793892
1775822400,2026-04-10T12:00:00+00:00,1.3419,1.3614,1.3382,1.3486,14872696.608304
1775836800,2026-04-10T16:00:00+00:00,1.3486,1.364,1.3476,1.3637,10658681.265812
1775851200,2026-04-10T20:00:00+00:00,1.3636,1.3665,1.3547,1.3564,8213438.666688001
1775865600,2026-04-11T00:00:00+00:00,1.3565,1.3578,1.3501,1.3512,4674226.142552
1775880000,2026-04-11T04:00:00+00:00,1.3513,1.3529,1.3446,1.3472,6038857.8409629995
1775894400,2026-04-11T08:00:00+00:00,1.3473,1.3502,1.3429,1.3462,2882018.804298
1775908800,2026-04-11T12:00:00+00:00,1.3462,1.3497,1.3404,1.3464,5726708.108024
1775923200,2026-04-11T16:00:00+00:00,1.3464,1.3759,1.3462,1.3719,11900336.788851
1775937600,2026-04-11T20:00:00+00:00,1.372,1.3734,1.3519,1.3551,7720115.825232999
1775952000,2026-04-12T00:00:00+00:00,1.3552,1.3567,1.326,1.3309,14760279.212287001
1775966400,2026-04-12T04:00:00+00:00,1.3307,1.3327,1.3274,1.3303,3567541.5007049995
1775980800,2026-04-12T08:00:00+00:00,1.3302,1.3345,1.3272,1.3338,4009530.6818500003
1775995200,2026-04-12T12:00:00+00:00,1.3336,1.3351,1.3201,1.3244,9767908.24267
1776009600,2026-04-12T16:00:00+00:00,1.3243,1.3348,1.3238,1.3315,4537558.378473
1776024000,2026-04-12T20:00:00+00:00,1.3314,1.34,1.3227,1.325,7998882.891086999
1776038400,2026-04-13T00:00:00+00:00,1.3251,1.3338,1.3237,1.3256,6632622.47439
1776052800,2026-04-13T04:00:00+00:00,1.3257,1.3372,1.3196,1.3257,7932197.869748999
1776067200,2026-04-13T08:00:00+00:00,1.3256,1.3308,1.323,1.3259,4969537.626974
1776081600,2026-04-13T12:00:00+00:00,1.3258,1.3474,1.3235,1.3351,15441104.742497
1776096000,2026-04-13T16:00:00+00:00,1.335,1.3568,1.3297,1.3542,17857444.494677
1776110400,2026-04-13T20:00:00+00:00,1.3541,1.3843,1.3431,1.3763,27733389.242158003
1776124800,2026-04-14T00:00:00+00:00,1.3763,1.378,1.3596,1.368,11179426.568852
1776139200,2026-04-14T04:00:00+00:00,1.3681,1.3778,1.3609,1.369,7053854.897189
1776153600,2026-04-14T08:00:00+00:00,1.3689,1.3766,1.3674,1.3698,5372400.133284
1776168000,2026-04-14T12:00:00+00:00,1.3697,1.3966,1.3653,1.375,23829475.395076003
1776182400,2026-04-14T16:00:00+00:00,1.3751,1.3818,1.3526,1.3613,16416859.435591001
1776196800,2026-04-14T20:00:00+00:00,1.3614,1.3666,1.3558,1.3625,11007955.775515
1776211200,2026-04-15T00:00:00+00:00,1.3623,1.3674,1.3558,1.3584,8137040.914678999
1776225600,2026-04-15T04:00:00+00:00,1.3583,1.3621,1.3509,1.3525,6276643.979039
1776240000,2026-04-15T08:00:00+00:00,1.3524,1.3651,1.3514,1.3642,4524076.900184
1776254400,2026-04-15T12:00:00+00:00,1.3642,1.3839,1.3617,1.3735,17900522.922585
1776268800,2026-04-15T16:00:00+00:00,1.3735,1.409,1.372,1.4004,18797335.878011
1776283200,2026-04-15T20:00:00+00:00,1.4004,1.4033,1.3812,1.3927,12504719.379384
1776297600,2026-04-16T00:00:00+00:00,1.3927,1.4164,1.387,1.4067,16914679.216674
1776312000,2026-04-16T04:00:00+00:00,1.4066,1.4131,1.4005,1.4063,8173963.374251001
1776326400,2026-04-16T08:00:00+00:00,1.4062,1.4232,1.402,1.4099,13464648.327125
1776340800,2026-04-16T12:00:00+00:00,1.4099,1.4349,1.393,1.4293,37687929.403343
1776355200,2026-04-16T16:00:00+00:00,1.4296,1.467,1.4147,1.4649,34853259.055328995
1776369600,2026-04-16T20:00:00+00:00,1.4652,1.467,1.4442,1.4535,18340138.235953
1776384000,2026-04-17T00:00:00+00:00,1.4537,1.456,1.4227,1.431,14755844.546978999
1776398400,2026-04-17T04:00:00+00:00,1.4311,1.4406,1.4247,1.4377,11343758.92823
1776412800,2026-04-17T08:00:00+00:00,1.4377,1.4599,1.4329,1.448,14036065.282580001
1776427200,2026-04-17T12:00:00+00:00,1.448,1.5108,1.4446,1.487,46656876.373026
1776441600,2026-04-17T16:00:00+00:00,1.4871,1.5012,1.4737,1.4881,25871296.954638
1776456000,2026-04-17T20:00:00+00:00,1.4885,1.4902,1.4727,1.4762,13014742.267448
1776470400,2026-04-18T00:00:00+00:00,1.4761,1.4831,1.4675,1.4693,8862966.552415
1776484800,2026-04-18T04:00:00+00:00,1.469,1.4778,1.4639,1.4748,6326536.615974001
1776499200,2026-04-18T08:00:00+00:00,1.4747,1.476,1.425,1.432,19639688.244748
1776513600,2026-04-18T12:00:00+00:00,1.4319,1.4406,1.43,1.4365,13350489.281206
1776528000,2026-04-18T16:00:00+00:00,1.4364,1.44,1.4236,1.4276,14478482.111973
1776542400,2026-04-18T20:00:00+00:00,1.4276,1.4418,1.4242,1.4328,9312497.016819999
1776556800,2026-04-19T00:00:00+00:00,1.4328,1.4394,1.4245,1.43,7148905.393432
1776571200,2026-04-19T04:00:00+00:00,1.4302,1.4439,1.4156,1.4208,12718441.099218
1776585600,2026-04-19T08:00:00+00:00,1.4205,1.4316,1.4137,1.4301,13524247.890014999
1776600000,2026-04-19T12:00:00+00:00,1.4302,1.449,1.4231,1.432,15990759.917891998
1776614400,2026-04-19T16:00:00+00:00,1.4321,1.433,1.4116,1.4178,12020621.87774
1776628800,2026-04-19T20:00:00+00:00,1.4177,1.418,1.3918,1.3945,22617274.246449
1776643200,2026-04-20T00:00:00+00:00,1.3948,1.4139,1.3935,1.4116,8707343.107769001
1776657600,2026-04-20T04:00:00+00:00,1.4114,1.433,1.3956,1.4159,11596790.091156
1776672000,2026-04-20T08:00:00+00:00,1.416,1.4281,1.408,1.4159,10812868.425399
1776686400,2026-04-20T12:00:00+00:00,1.4157,1.4356,1.4097,1.4335,21722977.532352
1776700800,2026-04-20T16:00:00+00:00,1.4335,1.4376,1.4229,1.4308,13064458.608366001
1776715200,2026-04-20T20:00:00+00:00,1.4307,1.4341,1.4217,1.425,9033240.165378
1776729600,2026-04-21T00:00:00+00:00,1.425,1.4326,1.4201,1.4245,6446861.976929
1776744000,2026-04-21T04:00:00+00:00,1.4245,1.443,1.4243,1.4397,7278955.889047
1776758400,2026-04-21T08:00:00+00:00,1.4395,1.45,1.438,1.4402,10807253.561009001
1776772800,2026-04-21T12:00:00+00:00,1.4402,1.4455,1.426,1.433,14881972.02619
1776787200,2026-04-21T16:00:00+00:00,1.4331,1.4363,1.4116,1.4137,16319722.231648
1776801600,2026-04-21T20:00:00+00:00,1.4136,1.4347,1.4124,1.434,9413288.251408
1776816000,2026-04-22T00:00:00+00:00,1.4341,1.4509,1.427,1.4434,10913692.092497
1776830400,2026-04-22T04:00:00+00:00,1.4435,1.4609,1.4418,1.4546,8439418.331831
1776844800,2026-04-22T08:00:00+00:00,1.4547,1.4558,1.4488,1.455,4517744.627042
1776859200,2026-04-22T12:00:00+00:00,1.455,1.4631,1.4474,1.4571,18735420.65293
1776873600,2026-04-22T16:00:00+00:00,1.4572,1.4596,1.4375,1.4414,14061033.369426
1776888000,2026-04-22T20:00:00+00:00,1.4414,1.4433,1.4293,1.4297,8606396.00691
1776902400,2026-04-23T00:00:00+00:00,1.4298,1.432,1.4119,1.4166,15549658.95429
1776916800,2026-04-23T04:00:00+00:00,1.4164,1.4257,1.4153,1.4213,5780359.860303001
1776931200,2026-04-23T08:00:00+00:00,1.4217,1.4218,1.4092,1.4169,7896684.065861
1776945600,2026-04-23T12:00:00+00:00,1.4168,1.4375,1.4142,1.4322,12577202.697343
1776960000,2026-04-23T16:00:00+00:00,1.4322,1.4416,1.4217,1.4299,17705935.219706
1776974400,2026-04-23T20:00:00+00:00,1.4299,1.4408,1.4279,1.4393,8466525.137623
1776988800,2026-04-24T00:00:00+00:00,1.4394,1.4457,1.429,1.4311,8318550.761325
1777003200,2026-04-24T04:00:00+00:00,1.4309,1.4341,1.4262,1.4334,4748047.189181
1777017600,2026-04-24T08:00:00+00:00,1.4334,1.4405,1.4243,1.439,9107089.963872
1777032000,2026-04-24T12:00:00+00:00,1.439,1.4488,1.4294,1.4486,57039049.676873
1777046400,2026-04-24T16:00:00+00:00,1.4486,1.451,1.434,1.4395,7786059.975502
1777060800,2026-04-24T20:00:00+00:00,1.4395,1.4434,1.4301,1.4338,8050548.846818001
1777075200,2026-04-25T00:00:00+00:00,1.4338,1.4382,1.432,1.4369,4937026.526931999
1777089600,2026-04-25T04:00:00+00:00,1.4372,1.4375,1.4314,1.4338,2061333.2942269999
1777104000,2026-04-25T08:00:00+00:00,1.4336,1.4371,1.43,1.4312,1634464.910441
1777118400,2026-04-25T12:00:00+00:00,1.4311,1.4324,1.425,1.4259,3558028.942986
1777132800,2026-04-25T16:00:00+00:00,1.4258,1.4285,1.4193,1.4207,3733214.092127
1777147200,2026-04-25T20:00:00+00:00,1.4207,1.4259,1.419,1.4244,3251065.9414830003
1777161600,2026-04-26T00:00:00+00:00,1.4244,1.4244,1.4182,1.4188,3383407.66974
1777176000,2026-04-26T04:00:00+00:00,1.4186,1.4298,1.4185,1.4295,5091077.504336
1777190400,2026-04-26T08:00:00+00:00,1.4296,1.4319,1.426,1.4308,3055365.573864
1777204800,2026-04-26T12:00:00+00:00,1.4308,1.432,1.4236,1.4293,3221648.498529
1777219200,2026-04-26T16:00:00+00:00,1.4295,1.4375,1.4229,1.4306,4580836.7168580005
1777233600,2026-04-26T20:00:00+00:00,1.4307,1.436,1.4202,1.431,11587117.108756
1777248000,2026-04-27T00:00:00+00:00,1.4312,1.4473,1.4256,1.4424,6593368.753593
1777262400,2026-04-27T04:00:00+00:00,1.4424,1.4427,1.413,1.4147,8425458.074560001
1777276800,2026-04-27T08:00:00+00:00,1.4146,1.4193,1.4127,1.4137,4272334.740031
1777291200,2026-04-27T12:00:00+00:00,1.4137,1.4152,1.3837,1.3881,20021460.526612
1777305600,2026-04-27T16:00:00+00:00,1.3878,1.397,1.3852,1.3929,13746629.399387
1777320000,2026-04-27T20:00:00+00:00,1.3928,1.4019,1.389,1.4006,9265824.173346
1777334400,2026-04-28T00:00:00+00:00,1.4008,1.4008,1.3882,1.393,6109151.990068
1777348800,2026-04-28T04:00:00+00:00,1.393,1.3972,1.3849,1.3929,6627407.770239
1777363200,2026-04-28T08:00:00+00:00,1.3931,1.3957,1.3791,1.3815,4156635.0594259994
1777377600,2026-04-28T12:00:00+00:00,1.3817,1.3846,1.3677,1.3749,13248466.770243
1777392000,2026-04-28T16:00:00+00:00,1.3751,1.3865,1.37,1.3824,11655608.285634
1777406400,2026-04-28T20:00:00+00:00,1.3824,1.3847,1.3782,1.3803,7493224.025974
1777420800,2026-04-29T00:00:00+00:00,1.3804,1.3902,1.3767,1.3891,7910319.520684
1777435200,2026-04-29T04:00:00+00:00,1.3891,1.3974,1.3875,1.3919,7474921.676883
1777449600,2026-04-29T08:00:00+00:00,1.392,1.4065,1.3885,1.3945,7835403.709794
1777464000,2026-04-29T12:00:00+00:00,1.3945,1.3946,1.3584,1.3617,14766003.05965
1777478400,2026-04-29T16:00:00+00:00,1.3616,1.3697,1.3456,1.3529,21053004.102512002
1777492800,2026-04-29T20:00:00+00:00,1.3532,1.3721,1.3527,1.3687,9411641.741391001
1777507200,2026-04-30T00:00:00+00:00,1.369,1.3843,1.367,1.373,9023742.303546
1777521600,2026-04-30T04:00:00+00:00,1.373,1.375,1.3584,1.3743,5629008.845262
1777536000,2026-04-30T08:00:00+00:00,1.3745,1.3795,1.366,1.3691,4089219.11469
1777550400,2026-04-30T12:00:00+00:00,1.3691,1.3756,1.3623,1.3688,10296692.902461
1777564800,2026-04-30T16:00:00+00:00,1.3688,1.374,1.3621,1.37,9061191.071642
1777579200,2026-04-30T20:00:00+00:00,1.37,1.372,1.3637,1.3674,5289382.377621
1777593600,2026-05-01T00:00:00+00:00,1.3673,1.3799,1.3644,1.3763,8654150.462673
1777608000,2026-05-01T04:00:00+00:00,1.3764,1.3785,1.3715,1.3748,4155408.5079759997
1777622400,2026-05-01T08:00:00+00:00,1.3748,1.3808,1.3717,1.378,3420084.734896
1777636800,2026-05-01T12:00:00+00:00,1.378,1.4002,1.3772,1.396,16416120.748352
1777651200,2026-05-01T16:00:00+00:00,1.3958,1.3985,1.3887,1.3936,7162971.189928
1777665600,2026-05-01T20:00:00+00:00,1.3937,1.395,1.381,1.3857,7667157.263952
1777680000,2026-05-02T00:00:00+00:00,1.3857,1.3904,1.3811,1.3859,5960588.012216
1777694400,2026-05-02T04:00:00+00:00,1.3858,1.3882,1.3826,1.3847,2970256.96987
1777708800,2026-05-02T08:00:00+00:00,1.3846,1.3908,1.3837,1.3856,3569103.3276819997
1777723200,2026-05-02T12:00:00+00:00,1.3856,1.3948,1.3846,1.3933,4529304.1844379995
1777737600,2026-05-02T16:00:00+00:00,1.3934,1.395,1.3892,1.3946,3491949.188252
1777752000,2026-05-02T20:00:00+00:00,1.3947,1.4003,1.39,1.3938,8952425.152319
1777766400,2026-05-03T00:00:00+00:00,1.3939,1.3948,1.3814,1.3838,5343249.029654999
1777780800,2026-05-03T04:00:00+00:00,1.3838,1.3887,1.382,1.3859,2174987.0094450004
1777795200,2026-05-03T08:00:00+00:00,1.386,1.3984,1.3856,1.3949,2283480.8535329998
1777809600,2026-05-03T12:00:00+00:00,1.3951,1.3987,1.3927,1.3956,4935029.018239001
1777824000,2026-05-03T16:00:00+00:00,1.3957,1.398,1.3921,1.395,3258544.8008259996
1777838400,2026-05-03T20:00:00+00:00,1.3949,1.404,1.3866,1.388,7980568.270252001
1777852800,2026-05-04T00:00:00+00:00,1.3878,1.4152,1.3829,1.4127,14071175.463491
1777867200,2026-05-04T04:00:00+00:00,1.4127,1.4206,1.4018,1.4104,7002763.674691
1777881600,2026-05-04T08:00:00+00:00,1.4103,1.4193,1.3855,1.3939,7964841.700123
1777896000,2026-05-04T12:00:00+00:00,1.3938,1.4136,1.3886,1.3991,14140975.357533999
1777910400,2026-05-04T16:00:00+00:00,1.399,1.4125,1.3936,1.3977,11076541.138554001
1777924800,2026-05-04T20:00:00+00:00,1.3977,1.4012,1.39,1.3915,6729900.3756490005
1777939200,2026-05-05T00:00:00+00:00,1.3915,1.4095,1.3899,1.4055,7947177.741679001
1777953600,2026-05-05T04:00:00+00:00,1.4056,1.4099,1.3997,1.4069,5818908.346585
1777968000,2026-05-05T08:00:00+00:00,1.4066,1.4099,1.4016,1.408,4239958.430058001
1777982400,2026-05-05T12:00:00+00:00,1.4079,1.4218,1.4044,1.412,16593807.081176998
1777996800,2026-05-05T16:00:00+00:00,1.4119,1.4152,1.4046,1.4131,8214728.8484269995
1778011200,2026-05-05T20:00:00+00:00,1.4131,1.422,1.4094,1.4128,11689157.399113001
1778025600,2026-05-06T00:00:00+00:00,1.4125,1.424,1.4073,1.422,6847181.490607
1778040000,2026-05-06T04:00:00+00:00,1.422,1.4355,1.4141,1.4313,7650732.804576
1778054400,2026-05-06T08:00:00+00:00,1.4311,1.4572,1.4296,1.451,15433208.387412999
1778068800,2026-05-06T12:00:00+00:00,1.4508,1.4522,1.413,1.4299,25570782.442782998
1778083200,2026-05-06T16:00:00+00:00,1.4298,1.4347,1.4214,1.4283,14258303.371284999
1778097600,2026-05-06T20:00:00+00:00,1.4282,1.4292,1.4168,1.4249,7974983.599141
1778112000,2026-05-07T00:00:00+00:00,1.4248,1.4258,1.4035,1.4052,7541856.981008
1778126400,2026-05-07T04:00:00+00:00,1.4051,1.4218,1.4042,1.4199,7851333.979394
1778140800,2026-05-07T08:00:00+00:00,1.4199,1.4212,1.4069,1.4098,5622763.932115
1778155200,2026-05-07T12:00:00+00:00,1.4097,1.4152,1.3841,1.3907,14929766.023422
1778169600,2026-05-07T16:00:00+00:00,1.3906,1.3967,1.3839,1.386,11617204.650118
1778184000,2026-05-07T20:00:00+00:00,1.386,1.393,1.38,1.3869,7784494.545648
1778227200,2026-05-08T08:00:00+00:00,1.3834,1.3928,1.3817,1.3915,2860128.1012379997
1778241600,2026-05-08T12:00:00+00:00,1.3915,1.3981,1.3836,1.3971,6601491.706009001
1778256000,2026-05-08T16:00:00+00:00,1.3972,1.4272,1.3924,1.419,14310269.116546001
1778270400,2026-05-08T20:00:00+00:00,1.4185,1.4237,1.4109,1.4181,5391466.879647
1778284800,2026-05-09T00:00:00+00:00,1.4181,1.4352,1.4179,1.429,7305213.700293001
1778299200,2026-05-09T04:00:00+00:00,1.429,1.4345,1.4223,1.4237,5201416.658712
1778313600,2026-05-09T08:00:00+00:00,1.4237,1.4256,1.4169,1.4221,2497715.697417
1778328000,2026-05-09T12:00:00+00:00,1.4221,1.4227,1.4118,1.4142,5467728.087735
1778342400,2026-05-09T16:00:00+00:00,1.4144,1.4248,1.4112,1.4239,6036642.722887999
1778356800,2026-05-09T20:00:00+00:00,1.4239,1.425,1.4191,1.4204,2892416.243756
1778371200,2026-05-10T00:00:00+00:00,1.4204,1.4225,1.4116,1.4167,5429725.769583
1778385600,2026-05-10T04:00:00+00:00,1.4168,1.4214,1.4152,1.4199,1790430.468252
1778400000,2026-05-10T08:00:00+00:00,1.4198,1.4305,1.4179,1.423,5544504.0234280005
1778414400,2026-05-10T12:00:00+00:00,1.4231,1.4449,1.4211,1.4443,7842894.311960001
1778428800,2026-05-10T16:00:00+00:00,1.4444,1.5075,1.4424,1.4866,36233927.483238004
1778443200,2026-05-10T20:00:00+00:00,1.4867,1.4895,1.4364,1.4734,23179974.964575
1778457600,2026-05-11T00:00:00+00:00,1.4733,1.4781,1.4398,1.4487,19198468.347683
1778472000,2026-05-11T04:00:00+00:00,1.4485,1.4588,1.4424,1.4491,10038835.442158999
1778486400,2026-05-11T08:00:00+00:00,1.4491,1.4582,1.4417,1.458,7031219.0828559995
1778500800,2026-05-11T12:00:00+00:00,1.458,1.4884,1.4524,1.4846,20913801.682332
1778515200,2026-05-11T16:00:00+00:00,1.4846,1.4871,1.4659,1.4792,19026241.039841004
1778529600,2026-05-11T20:00:00+00:00,1.4792,1.483,1.4684,1.4768,9783897.979978
1778544000,2026-05-12T00:00:00+00:00,1.4767,1.4855,1.4564,1.4597,10382179.305298
1778558400,2026-05-12T04:00:00+00:00,1.4597,1.4687,1.454,1.4624,6564250.154045001
1778572800,2026-05-12T08:00:00+00:00,1.4625,1.4707,1.4433,1.4487,10551527.305992
1778587200,2026-05-12T12:00:00+00:00,1.4486,1.4554,1.418,1.4238,24163157.48742
1778601600,2026-05-12T16:00:00+00:00,1.4238,1.4429,1.4196,1.4409,13920025.609384999
1778616000,2026-05-12T20:00:00+00:00,1.4409,1.4445,1.4336,1.4369,8251315.320320001
1778630400,2026-05-13T00:00:00+00:00,1.4368,1.4532,1.4347,1.452,7706327.429279
1778644800,2026-05-13T04:00:00+00:00,1.452,1.4653,1.4496,1.4621,7758080.553784
1778659200,2026-05-13T08:00:00+00:00,1.4621,1.4691,1.4472,1.4481,9339576.117299
1778673600,2026-05-13T12:00:00+00:00,1.448,1.4494,1.411,1.4127,21224038.17227
1778688000,2026-05-13T16:00:00+00:00,1.4127,1.4337,1.412,1.4187,13476471.570579
1778702400,2026-05-13T20:00:00+00:00,1.4186,1.4275,1.415,1.4268,10847738.577221999
1778716800,2026-05-14T00:00:00+00:00,1.4267,1.4344,1.4202,1.422,11667064.123752
1778731200,2026-05-14T04:00:00+00:00,1.4221,1.439,1.4204,1.4318,5518564.961718
1778745600,2026-05-14T08:00:00+00:00,1.4318,1.4392,1.4268,1.432,4694896.783865
1778760000,2026-05-14T12:00:00+00:00,1.4319,1.474,1.4313,1.4726,32348254.740077
1778774400,2026-05-14T16:00:00+00:00,1.4725,1.5501,1.4645,1.5167,82747769.383303
1778788800,2026-05-14T20:00:00+00:00,1.5169,1.5177,1.4827,1.4853,23485494.239241
1778803200,2026-05-15T00:00:00+00:00,1.4851,1.5,1.4752,1.4892,19774375.906846
1778817600,2026-05-15T04:00:00+00:00,1.4891,1.4903,1.4531,1.4694,19274053.983479
1778832000,2026-05-15T08:00:00+00:00,1.4694,1.4769,1.4612,1.4681,17738016.301558
1778846400,2026-05-15T12:00:00+00:00,1.468,1.4691,1.4251,1.4348,34596508.407755
1778860800,2026-05-15T16:00:00+00:00,1.4348,1.4505,1.431,1.434,16854235.156425
1778875200,2026-05-15T20:00:00+00:00,1.434,1.4365,1.4285,1.4335,6592099.006156
1778889600,2026-05-16T00:00:00+00:00,1.4332,1.4388,1.4307,1.4348,7496787.891457
1778904000,2026-05-16T04:00:00+00:00,1.4347,1.4358,1.4039,1.4162,13823467.123861998
1778918400,2026-05-16T08:00:00+00:00,1.416,1.4177,1.3956,1.4103,9172886.365526
1778932800,2026-05-16T12:00:00+00:00,1.4103,1.4148,1.4057,1.4142,7874656.839648999
1778947200,2026-05-16T16:00:00+00:00,1.4141,1.4199,1.4128,1.4159,6885232.702489001
1778961600,2026-05-16T20:00:00+00:00,1.4159,1.4188,1.4116,1.4132,3117026.623519
1778976000,2026-05-17T00:00:00+00:00,1.4132,1.4172,1.402,1.4117,7243885.581061
1778990400,2026-05-17T04:00:00+00:00,1.4116,1.4212,1.4114,1.4183,3067147.4403109998
1779004800,2026-05-17T08:00:00+00:00,1.4183,1.4286,1.413,1.4221,6665976.247815
1779019200,2026-05-17T12:00:00+00:00,1.4222,1.427,1.4095,1.4125,4943461.218638
1779033600,2026-05-17T16:00:00+00:00,1.4127,1.4231,1.4061,1.4216,5345938.93835
1779048000,2026-05-17T20:00:00+00:00,1.4216,1.4257,1.3729,1.4008,18062839.392425
1779062400,2026-05-18T00:00:00+00:00,1.4007,1.4021,1.384,1.3924,14922819.98615
1779076800,2026-05-18T04:00:00+00:00,1.3924,1.399,1.3774,1.386,9858202.491377
1779091200,2026-05-18T08:00:00+00:00,1.3861,1.3959,1.3753,1.3898,8280799.723904
1779105600,2026-05-18T12:00:00+00:00,1.3897,1.4016,1.3681,1.3758,23271533.654809
1779120000,2026-05-18T16:00:00+00:00,1.3759,1.3901,1.3631,1.3868,14247109.008784
1779134400,2026-05-18T20:00:00+00:00,1.3868,1.3954,1.3811,1.3892,11200969.048823
1779148800,2026-05-19T00:00:00+00:00,1.3893,1.397,1.3768,1.3825,8562662.65103
1779163200,2026-05-19T04:00:00+00:00,1.3825,1.3888,1.3775,1.3877,7606378.357252
1779177600,2026-05-19T08:00:00+00:00,1.3877,1.3879,1.3673,1.3711,8018709.53035
1779192000,2026-05-19T12:00:00+00:00,1.3711,1.3806,1.36,1.3661,12436448.95859
1779206400,2026-05-19T16:00:00+00:00,1.3662,1.3732,1.355,1.3561,12639552.076183
1779220800,2026-05-19T20:00:00+00:00,1.356,1.3644,1.3517,1.3604,20514591.423811004
1779235200,2026-05-20T00:00:00+00:00,1.3604,1.3628,1.3465,1.3548,8666177.024028
1779249600,2026-05-20T04:00:00+00:00,1.3549,1.3726,1.352,1.3669,6484717.026778
1779264000,2026-05-20T08:00:00+00:00,1.367,1.3743,1.3631,1.3643,5008996.519986
1779278400,2026-05-20T12:00:00+00:00,1.3642,1.3797,1.3572,1.3736,14273304.374253
1779292800,2026-05-20T16:00:00+00:00,1.3736,1.3789,1.3637,1.3711,13302232.805732
1779307200,2026-05-20T20:00:00+00:00,1.3712,1.3715,1.3584,1.3657,7120847.080755999
1779321600,2026-05-21T00:00:00+00:00,1.3656,1.385,1.365,1.3829,8083828.1210940005
1779336000,2026-05-21T04:00:00+00:00,1.383,1.3843,1.3682,1.3749,5176010.114889
1779350400,2026-05-21T08:00:00+00:00,1.3749,1.3846,1.3619,1.3623,10020124.217339998
1779364800,2026-05-21T12:00:00+00:00,1.3623,1.3673,1.3498,1.3601,14832247.400065
1779379200,2026-05-21T16:00:00+00:00,1.3601,1.385,1.3557,1.3783,16883843.383881
1779393600,2026-05-21T20:00:00+00:00,1.3786,1.3797,1.3674,1.3727,7550496.764152
1779408000,2026-05-22T00:00:00+00:00,1.3728,1.3734,1.3635,1.3709,8116665.642403
1779422400,2026-05-22T04:00:00+00:00,1.371,1.3748,1.3556,1.3633,7009083.2705850005
1779436800,2026-05-22T08:00:00+00:00,1.3633,1.3671,1.3538,1.3604,5123768.188161
1779451200,2026-05-22T12:00:00+00:00,1.3605,1.3691,1.346,1.3519,12093020.392514002
1779465600,2026-05-22T16:00:00+00:00,1.3519,1.3584,1.3333,1.3368,12800810.784982
1779480000,2026-05-22T20:00:00+00:00,1.3371,1.3424,1.3284,1.333,9607127.220774
1779494400,2026-05-23T00:00:00+00:00,1.3331,1.3413,1.3256,1.3395,6681635.547886999
1779508800,2026-05-23T04:00:00+00:00,1.3396,1.3397,1.3001,1.3105,10518333.636713
1779523200,2026-05-23T08:00:00+00:00,1.3104,1.325,1.3054,1.3232,8757244.437273
1779537600,2026-05-23T12:00:00+00:00,1.3232,1.3406,1.3227,1.3344,11057326.154424
1779552000,2026-05-23T16:00:00+00:00,1.3343,1.349,1.3326,1.3452,7681243.936829
1779566400,2026-05-23T20:00:00+00:00,1.3453,1.3745,1.3435,1.3565,16153299.596959999
1779580800,2026-05-24T00:00:00+00:00,1.3567,1.3621,1.3554,1.3591,4919248.127866999
1779595200,2026-05-24T04:00:00+00:00,1.3592,1.363,1.3533,1.3579,3843766.921696
1779609600,2026-05-24T08:00:00+00:00,1.3579,1.3694,1.356,1.3636,6153399.807271
1779624000,2026-05-24T12:00:00+00:00,1.3637,1.3642,1.3372,1.3467,8173040.489173
1779638400,2026-05-24T16:00:00+00:00,1.3467,1.3529,1.3443,1.3476,5773425.534756999
1779652800,2026-05-24T20:00:00+00:00,1.3477,1.3524,1.3308,1.3488,8897351.116087
1779667200,2026-05-25T00:00:00+00:00,1.3492,1.3551,1.3418,1.3453,6709317.915336001
1779681600,2026-05-25T04:00:00+00:00,1.3454,1.3596,1.3437,1.3572,6805682.311028
1779696000,2026-05-25T08:00:00+00:00,1.3572,1.3634,1.3552,1.3567,7213056.058747
1779710400,2026-05-25T12:00:00+00:00,1.3567,1.3644,1.3542,1.3579,6272954.026162
1779724800,2026-05-25T16:00:00+00:00,1.3578,1.363,1.3533,1.3559,5372929.493502
1779739200,2026-05-25T20:00:00+00:00,1.3558,1.3583,1.3456,1.349,8055792.753103999
1779753600,2026-05-26T00:00:00+00:00,1.3491,1.35,1.333,1.3389,8068235.814663
1779768000,2026-05-26T04:00:00+00:00,1.339,1.3495,1.3376,1.3391,4873865.708934
1779782400,2026-05-26T08:00:00+00:00,1.3389,1.358,1.338,1.3506,6361972.441841
1779796800,2026-05-26T12:00:00+00:00,1.3505,1.3641,1.338,1.3435,13642981.353759
1779811200,2026-05-26T16:00:00+00:00,1.3435,1.3442,1.325,1.3301,11936883.177087002
1779825600,2026-05-26T20:00:00+00:00,1.3301,1.3338,1.3263,1.3271,9736325.172987001
1779840000,2026-05-27T00:00:00+00:00,1.3272,1.3313,1.3245,1.3256,6585233.930708
1779854400,2026-05-27T04:00:00+00:00,1.3255,1.3351,1.3196,1.33,4958469.665728999
1779868800,2026-05-27T08:00:00+00:00,1.3299,1.3358,1.326,1.3277,7555440.421054
1779883200,2026-05-27T12:00:00+00:00,1.3278,1.3409,1.3164,1.3338,14873352.089242999
1779897600,2026-05-27T16:00:00+00:00,1.3339,1.3363,1.315,1.3279,10682975.336357001
1779912000,2026-05-27T20:00:00+00:00,1.3279,1.3322,1.3014,1.3057,13527629.339112999
1779926400,2026-05-28T00:00:00+00:00,1.3055,1.3094,1.2732,1.2772,20000036.556417
1779940800,2026-05-28T04:00:00+00:00,1.2771,1.2915,1.2656,1.2912,13361916.25567
1779955200,2026-05-28T08:00:00+00:00,1.2912,1.2941,1.2841,1.2856,5713217.321616
1779969600,2026-05-28T12:00:00+00:00,1.2856,1.3128,1.2815,1.3101,22135038.632809002
1779984000,2026-05-28T16:00:00+00:00,1.31,1.3365,1.3046,1.3139,17061788.820088
1779998400,2026-05-28T20:00:00+00:00,1.3139,1.3232,1.3088,1.3136,8637758.322956
1780012800,2026-05-29T00:00:00+00:00,1.3136,1.3186,1.3018,1.3104,5810204.865898999
1780027200,2026-05-29T04:00:00+00:00,1.3104,1.3192,1.3021,1.3148,7205652.652853999
1780041600,2026-05-29T08:00:00+00:00,1.3147,1.3259,1.3054,1.3097,6003530.813041
1780056000,2026-05-29T12:00:00+00:00,1.3097,1.3318,1.2926,1.3208,40910805.403457
1780070400,2026-05-29T16:00:00+00:00,1.3208,1.3309,1.3088,1.3189,15888216.157316
1780084800,2026-05-29T20:00:00+00:00,1.3189,1.3294,1.3125,1.328,9155823.720704999
1780099200,2026-05-30T00:00:00+00:00,1.3281,1.3643,1.326,1.3486,20696601.399415
1780113600,2026-05-30T04:00:00+00:00,1.3485,1.351,1.3354,1.3412,9728069.225483
1780128000,2026-05-30T08:00:00+00:00,1.3412,1.3441,1.3354,1.3389,3641019.9625870003
1780142400,2026-05-30T12:00:00+00:00,1.3388,1.3453,1.3356,1.3407,6060473.751257
1780156800,2026-05-30T16:00:00+00:00,1.3407,1.3521,1.3393,1.3458,5544810.420167999
1780171200,2026-05-30T20:00:00+00:00,1.3458,1.35,1.3362,1.339,6452873.930325
1780185600,2026-05-31T00:00:00+00:00,1.339,1.3442,1.3346,1.3428,4449085.154593
1780200000,2026-05-31T04:00:00+00:00,1.3428,1.345,1.3312,1.3335,3259681.2220050003
1780214400,2026-05-31T08:00:00+00:00,1.3335,1.3413,1.3324,1.3398,3233249.186117
1780228800,2026-05-31T12:00:00+00:00,1.3398,1.3463,1.3259,1.3288,8113215.008711001
1780243200,2026-05-31T16:00:00+00:00,1.3287,1.3308,1.3178,1.3246,7229995.781588
1780257600,2026-05-31T20:00:00+00:00,1.3246,1.3406,1.3246,1.3312,7351491.480269
1780272000,2026-06-01T00:00:00+00:00,1.3313,1.339,1.3173,1.329,11198481.592489
1780286400,2026-06-01T04:00:00+00:00,1.329,1.3312,1.3013,1.3017,6949783.010133
1780300800,2026-06-01T08:00:00+00:00,1.3018,1.3082,1.297,1.3021,6418397.097058999
1780315200,2026-06-01T12:00:00+00:00,1.3022,1.305,1.2776,1.2801,19647315.104678
1780329600,2026-06-01T16:00:00+00:00,1.2802,1.3031,1.2776,1.2978,13072166.279851
1780344000,2026-06-01T20:00:00+00:00,1.2981,1.2996,1.2848,1.2954,10393400.733153
1780358400,2026-06-02T00:00:00+00:00,1.2954,1.2956,1.2663,1.2863,10857773.716961998
1780372800,2026-06-02T04:00:00+00:00,1.2862,1.288,1.2569,1.2664,10297426.716431
1780387200,2026-06-02T08:00:00+00:00,1.2663,1.2675,1.2553,1.2594,7403695.173183
1780401600,2026-06-02T12:00:00+00:00,1.2594,1.2672,1.2146,1.22,32961388.441689
1780416000,2026-06-02T16:00:00+00:00,1.2199,1.242,1.2048,1.2199,25350211.324681997
1780430400,2026-06-02T20:00:00+00:00,1.2199,1.2309,1.194,1.2101,22431341.293356
1780444800,2026-06-03T00:00:00+00:00,1.2103,1.231,1.188,1.1965,17824311.677357
1780459200,2026-06-03T04:00:00+00:00,1.1962,1.2475,1.196,1.2417,11083086.531583
1780473600,2026-06-03T08:00:00+00:00,1.2416,1.244,1.2324,1.2354,7687493.820791
1780488000,2026-06-03T12:00:00+00:00,1.2354,1.2363,1.219,1.2234,13473444.247955
1780502400,2026-06-03T16:00:00+00:00,1.2235,1.2271,1.2001,1.2022,18444155.917548
1780516800,2026-06-03T20:00:00+00:00,1.2021,1.2189,1.186,1.1994,21035006.640173
1780531200,2026-06-04T00:00:00+00:00,1.1993,1.21,1.1405,1.2079,49343494.075781
1780545600,2026-06-04T04:00:00+00:00,1.2077,1.2107,1.1662,1.1664,13658255.421891
1780560000,2026-06-04T08:00:00+00:00,1.1667,1.1709,1.1404,1.1549,23750853.403800998
1780574400,2026-06-04T12:00:00+00:00,1.1548,1.1822,1.1493,1.1676,23014343.553930998
1780588800,2026-06-04T16:00:00+00:00,1.1677,1.183,1.1584,1.1736,17953229.547139
1780603200,2026-06-04T20:00:00+00:00,1.1736,1.1776,1.1534,1.1676,11818770.345579
1780617600,2026-06-05T00:00:00+00:00,1.1674,1.1737,1.1315,1.1336,21205509.806525
1780632000,2026-06-05T04:00:00+00:00,1.1337,1.1479,1.0912,1.1355,39154017.027685
1780646400,2026-06-05T08:00:00+00:00,1.1353,1.1453,1.1159,1.118,16493009.127094999
1780660800,2026-06-05T12:00:00+00:00,1.1179,1.1371,1.0916,1.0992,36397026.470599
1780675200,2026-06-05T16:00:00+00:00,1.099,1.1226,1.0686,1.0976,50814247.931557
1780689600,2026-06-05T20:00:00+00:00,1.0978,1.1198,1.0849,1.0974,27075260.100893
1780704000,2026-06-06T00:00:00+00:00,1.0975,1.114,1.0831,1.0856,12248924.324537
1780718400,2026-06-06T04:00:00+00:00,1.0854,1.1006,1.05,1.0918,28799234.954094
1780732800,2026-06-06T08:00:00+00:00,1.0919,1.1037,1.0722,1.0872,18484514.455731
1780747200,2026-06-06T12:00:00+00:00,1.0873,1.1093,1.0802,1.0955,19704726.700621
1780761600,2026-06-06T16:00:00+00:00,1.0955,1.1013,1.0786,1.0802,14469512.596448997
1780776000,2026-06-06T20:00:00+00:00,1.08,1.0944,1.0772,1.093,9922299.441585999
1780790400,2026-06-07T00:00:00+00:00,1.093,1.1242,1.0879,1.1181,14112091.531479001
1780804800,2026-06-07T04:00:00+00:00,1.118,1.1369,1.1097,1.1368,9132248.396941
1780819200,2026-06-07T08:00:00+00:00,1.1366,1.1696,1.1299,1.14,11391073.089059
1780833600,2026-06-07T12:00:00+00:00,1.1399,1.1402,1.1178,1.1336,10711209.214626
1780848000,2026-06-07T16:00:00+00:00,1.1337,1.1509,1.1204,1.1243,13932823.434303999
1780862400,2026-06-07T20:00:00+00:00,1.1242,1.1718,1.1212,1.1551,23417982.294773
1780876800,2026-06-08T00:00:00+00:00,1.155,1.1672,1.1418,1.1511,12207740.095999
1780891200,2026-06-08T04:00:00+00:00,1.1511,1.1521,1.1312,1.147,7139137.126192001
1780905600,2026-06-08T08:00:00+00:00,1.1468,1.1642,1.1352,1.1569,8625740.502745
1780920000,2026-06-08T12:00:00+00:00,1.1569,1.1849,1.1453,1.1705,25513826.576460004
1780934400,2026-06-08T16:00:00+00:00,1.1706,1.186,1.1576,1.1793,15623332.893592
1780948800,2026-06-08T20:00:00+00:00,1.1796,1.186,1.166,1.1677,13381836.833554
1780963200,2026-06-09T00:00:00+00:00,1.1676,1.1711,1.1429,1.1544,9030498.987871
1780977600,2026-06-09T04:00:00+00:00,1.1543,1.1762,1.1504,1.1706,7292196.960491
1780992000,2026-06-09T08:00:00+00:00,1.1708,1.1718,1.1522,1.1551,8811942.209104002
1781006400,2026-06-09T12:00:00+00:00,1.1548,1.1662,1.1259,1.1267,18756744.320035
1781020800,2026-06-09T16:00:00+00:00,1.1266,1.1465,1.1175,1.1393,16169069.637906
1781035200,2026-06-09T20:00:00+00:00,1.1394,1.145,1.1328,1.1369,6763305.692787
1781049600,2026-06-10T00:00:00+00:00,1.1369,1.1406,1.1146,1.1185,6176777.791139
1781064000,2026-06-10T04:00:00+00:00,1.1186,1.1218,1.1057,1.116,3681046.4616139997
1781078400,2026-06-10T08:00:00+00:00,1.1161,1.1162,1.1002,1.1036,8654807.556987
1781092800,2026-06-10T12:00:00+00:00,1.1036,1.1367,1.1017,1.1276,17290271.859195
1781107200,2026-06-10T16:00:00+00:00,1.1277,1.1287,1.0948,1.0971,15151811.942451
1781121600,2026-06-10T20:00:00+00:00,1.0969,1.1036,1.0875,1.096,13533984.501310999
1781136000,2026-06-11T00:00:00+00:00,1.0961,1.1215,1.0955,1.1184,8852287.913836
1781150400,2026-06-11T04:00:00+00:00,1.1186,1.1203,1.1104,1.1139,2910663.692677
1781164800,2026-06-11T08:00:00+00:00,1.1139,1.1246,1.1132,1.1213,6804333.871073
1781179200,2026-06-11T12:00:00+00:00,1.1213,1.1214,1.1061,1.1118,10424776.611185001
1781193600,2026-06-11T16:00:00+00:00,1.1118,1.149,1.1029,1.1423,19760258.910591
1781208000,2026-06-11T20:00:00+00:00,1.1425,1.1458,1.1307,1.1415,9825299.341517
1781222400,2026-06-12T00:00:00+00:00,1.1413,1.1485,1.1345,1.1427,5255986.513007
1781236800,2026-06-12T04:00:00+00:00,1.1427,1.1495,1.1263,1.1324,4680487.1087030005
1781251200,2026-06-12T08:00:00+00:00,1.1325,1.1506,1.1325,1.1403,3754614.740113
1781265600,2026-06-12T12:00:00+00:00,1.1401,1.1567,1.1245,1.1278,18523988.532899
1781280000,2026-06-12T16:00:00+00:00,1.1279,1.1387,1.1254,1.1309,9950306.89677
1781294400,2026-06-12T20:00:00+00:00,1.1309,1.1353,1.1276,1.1319,5435902.465489999
1781308800,2026-06-13T00:00:00+00:00,1.1317,1.1404,1.1302,1.1331,3298747.723956
1781323200,2026-06-13T04:00:00+00:00,1.1331,1.1442,1.1291,1.141,3433499.493188
1781337600,2026-06-13T08:00:00+00:00,1.1409,1.1491,1.1398,1.1479,4103452.271826
1781352000,2026-06-13T12:00:00+00:00,1.1479,1.1603,1.1462,1.156,6474551.399917
1781366400,2026-06-13T16:00:00+00:00,1.1561,1.1562,1.1423,1.147,6503818.567797
1781380800,2026-06-13T20:00:00+00:00,1.147,1.1561,1.1445,1.1503,3210188.5422460004
1781395200,2026-06-14T00:00:00+00:00,1.1502,1.1562,1.1478,1.1532,3179679.846434
1781409600,2026-06-14T04:00:00+00:00,1.1532,1.154,1.1421,1.1458,2532948.7347770003
1781424000,2026-06-14T08:00:00+00:00,1.1458,1.1485,1.1405,1.1433,2407373.946347
1781438400,2026-06-14T12:00:00+00:00,1.1433,1.1438,1.1262,1.1344,5665891.276925
1781452800,2026-06-14T16:00:00+00:00,1.1344,1.1386,1.13,1.1325,2679456.681441
1781467200,2026-06-14T20:00:00+00:00,1.1326,1.1872,1.131,1.1854,19649820.198548
1781481600,2026-06-15T00:00:00+00:00,1.1853,1.1931,1.1753,1.1866,11624388.099375
1781496000,2026-06-15T04:00:00+00:00,1.1865,1.188,1.1792,1.1805,5480469.585777
1781510400,2026-06-15T08:00:00+00:00,1.1805,1.2327,1.1783,1.2318,14581802.254253
1781524800,2026-06-15T12:00:00+00:00,1.2315,1.2699,1.2257,1.2682,33002416.143975005
1781539200,2026-06-15T16:00:00+00:00,1.2679,1.2928,1.2573,1.2748,38703316.023125
1781553600,2026-06-15T20:00:00+00:00,1.2747,1.2777,1.2327,1.2374,15858183.804909
1781568000,2026-06-16T00:00:00+00:00,1.2376,1.2424,1.2124,1.2267,9655270.776776
1781582400,2026-06-16T04:00:00+00:00,1.2267,1.2382,1.2201,1.2349,3870081.170965
1781596800,2026-06-16T08:00:00+00:00,1.2342,1.2513,1.2326,1.2371,6086949.662046
1781611200,2026-06-16T12:00:00+00:00,1.2371,1.255,1.2038,1.2087,12598623.700065998
1781625600,2026-06-16T16:00:00+00:00,1.2087,1.2301,1.2075,1.2193,8952580.819772001
1781640000,2026-06-16T20:00:00+00:00,1.2193,1.2248,1.2144,1.2161,8527061.484272
1781654400,2026-06-17T00:00:00+00:00,1.2162,1.2269,1.207,1.2151,7069868.91675
1781668800,2026-06-17T04:00:00+00:00,1.2152,1.2213,1.2043,1.2084,5524121.651081
1781683200,2026-06-17T08:00:00+00:00,1.2083,1.2095,1.1875,1.192,6585146.993381999
1781697600,2026-06-17T12:00:00+00:00,1.1921,1.213,1.1878,1.2127,10521073.74053
1781712000,2026-06-17T16:00:00+00:00,1.2128,1.2241,1.1762,1.1799,20143823.24373
1781726400,2026-06-17T20:00:00+00:00,1.1799,1.19,1.1703,1.1857,10450467.735963
1781740800,2026-06-18T00:00:00+00:00,1.1857,1.1913,1.1769,1.1776,5945115.773422
1781755200,2026-06-18T04:00:00+00:00,1.1773,1.1803,1.1615,1.1777,8284949.3496900005
1781769600,2026-06-18T08:00:00+00:00,1.1776,1.1815,1.1603,1.1633,6038150.636821
1781784000,2026-06-18T12:00:00+00:00,1.1633,1.1714,1.1307,1.1367,15995144.31228
1781798400,2026-06-18T16:00:00+00:00,1.1366,1.148,1.1338,1.1427,12525452.761473998
1781812800,2026-06-18T20:00:00+00:00,1.1424,1.1536,1.1409,1.1453,8112509.2591349995
1781827200,2026-06-19T00:00:00+00:00,1.1452,1.152,1.1357,1.1379,8735637.063278
1781841600,2026-06-19T04:00:00+00:00,1.1379,1.1393,1.1203,1.1243,9110426.360174999
1781856000,2026-06-19T08:00:00+00:00,1.1244,1.13,1.1201,1.1262,5176122.49727
1781870400,2026-06-19T12:00:00+00:00,1.1265,1.1428,1.1183,1.1359,6975298.735186
1781884800,2026-06-19T16:00:00+00:00,1.1358,1.1382,1.1273,1.1303,6744403.92131
1781899200,2026-06-19T20:00:00+00:00,1.1304,1.1376,1.1262,1.1349,5584560.2786880005
1781913600,2026-06-20T00:00:00+00:00,1.1348,1.1418,1.1343,1.1389,5869820.392823
1781928000,2026-06-20T04:00:00+00:00,1.1389,1.1538,1.1378,1.1463,3700725.469897
1781942400,2026-06-20T08:00:00+00:00,1.1462,1.1519,1.1434,1.1463,1306749.7320039999
1781956800,2026-06-20T12:00:00+00:00,1.1465,1.1542,1.133,1.1495,4775795.2161880005
1781971200,2026-06-20T16:00:00+00:00,1.1496,1.1499,1.1375,1.1428,4836118.288186001
1781985600,2026-06-20T20:00:00+00:00,1.1428,1.1543,1.1424,1.1487,2773739.400095
1782000000,2026-06-21T00:00:00+00:00,1.1487,1.1502,1.1449,1.1483,2251440.7052800003
1782014400,2026-06-21T04:00:00+00:00,1.148,1.1511,1.1418,1.1461,1918199.018729
1782028800,2026-06-21T08:00:00+00:00,1.1461,1.1521,1.14,1.1413,2707776.490322
1782043200,2026-06-21T12:00:00+00:00,1.1413,1.1503,1.1384,1.1483,3200157.847653
1782057600,2026-06-21T16:00:00+00:00,1.1482,1.1482,1.1375,1.1442,4386240.02857
1782072000,2026-06-21T20:00:00+00:00,1.1442,1.146,1.1214,1.1236,10146476.26589
1782086400,2026-06-22T00:00:00+00:00,1.1235,1.1508,1.1235,1.1289,6219719.970636999
1782100800,2026-06-22T04:00:00+00:00,1.1289,1.1386,1.1277,1.1364,3789369.037292
1782115200,2026-06-22T08:00:00+00:00,1.1363,1.149,1.1308,1.1469,3346159.016923
1782129600,2026-06-22T12:00:00+00:00,1.1468,1.1629,1.1366,1.1387,12409669.681013001
1782144000,2026-06-22T16:00:00+00:00,1.1388,1.1429,1.1289,1.1333,8923603.997228999
1782158400,2026-06-22T20:00:00+00:00,1.1331,1.1364,1.1205,1.1284,7102341.407954999
1782172800,2026-06-23T00:00:00+00:00,1.1283,1.1327,1.1212,1.1264,4894999.056816
1782187200,2026-06-23T04:00:00+00:00,1.1263,1.1268,1.1063,1.1117,9685469.188157
1782201600,2026-06-23T08:00:00+00:00,1.1117,1.1141,1.0933,1.1082,8997650.905289
1782216000,2026-06-23T12:00:00+00:00,1.1082,1.1086,1.0908,1.0978,14277568.02902
1782230400,2026-06-23T16:00:00+00:00,1.0978,1.1038,1.0925,1.1005,11001250.506402
1782244800,2026-06-23T20:00:00+00:00,1.1006,1.1109,1.1004,1.1088,6440757.1111200005
1782259200,2026-06-24T00:00:00+00:00,1.1087,1.1124,1.0975,1.1023,6198818.510862
1782273600,2026-06-24T04:00:00+00:00,1.1023,1.1055,1.0937,1.0972,3333534.583992
1782288000,2026-06-24T08:00:00+00:00,1.0974,1.102,1.0808,1.0941,7876192.524807999
1782302400,2026-06-24T12:00:00+00:00,1.0941,1.0942,1.055,1.057,19930885.873712
1782316800,2026-06-24T16:00:00+00:00,1.057,1.0692,1.0449,1.0556,33933478.063877
1782331200,2026-06-24T20:00:00+00:00,1.0557,1.0791,1.0526,1.072,15369361.115842
1782345600,2026-06-25T00:00:00+00:00,1.072,1.0765,1.0666,1.0708,6195430.625933001
1782360000,2026-06-25T04:00:00+00:00,1.0708,1.0882,1.0683,1.0853,9185941.946221
1782374400,2026-06-25T08:00:00+00:00,1.0854,1.0854,1.0664,1.0706,5653272.749224
1782388800,2026-06-25T12:00:00+00:00,1.0706,1.0789,1.0111,1.0336,36975080.109218
1782403200,2026-06-25T16:00:00+00:00,1.0336,1.0464,1.0252,1.0329,19865175.909244
1782417600,2026-06-25T20:00:00+00:00,1.033,1.0469,1.0297,1.042,16398473.77348
1782432000,2026-06-26T00:00:00+00:00,1.042,1.0447,1.0072,1.0331,23476476.92241
1782446400,2026-06-26T04:00:00+00:00,1.0329,1.0512,1.0252,1.0481,11846147.085965998
1782460800,2026-06-26T08:00:00+00:00,1.0483,1.0492,1.0183,1.0212,8455455.776248
1782475200,2026-06-26T12:00:00+00:00,1.0213,1.048,1.01,1.0437,59546455.614252
1782489600,2026-06-26T16:00:00+00:00,1.0437,1.0522,1.0375,1.0466,19185300.006876
1782504000,2026-06-26T20:00:00+00:00,1.0464,1.0541,1.0366,1.0477,11573810.812545
1782518400,2026-06-27T00:00:00+00:00,1.0475,1.0654,1.0424,1.0574,8114879.19248
1782532800,2026-06-27T04:00:00+00:00,1.0574,1.0626,1.0514,1.0587,3244945.8122759997
1782547200,2026-06-27T08:00:00+00:00,1.0587,1.0589,1.0527,1.0578,2355781.341783
1782561600,2026-06-27T12:00:00+00:00,1.0577,1.0744,1.056,1.0737,8222997.4106479995
1782576000,2026-06-27T16:00:00+00:00,1.0737,1.076,1.0506,1.0529,8124196.921824999
1782590400,2026-06-27T20:00:00+00:00,1.0528,1.0563,1.044,1.046,6833237.557196
1782604800,2026-06-28T00:00:00+00:00,1.0459,1.0521,1.0441,1.0484,4284857.051985
1782619200,2026-06-28T04:00:00+00:00,1.0486,1.0498,1.0404,1.0496,4780596.586974001
1782633600,2026-06-28T08:00:00+00:00,1.0495,1.0575,1.0446,1.0514,3436929.8163349996
1782648000,2026-06-28T12:00:00+00:00,1.0513,1.056,1.0447,1.0509,4777312.809954999
1782662400,2026-06-28T16:00:00+00:00,1.051,1.0519,1.0381,1.0429,6390520.047676
1782676800,2026-06-28T20:00:00+00:00,1.0427,1.0507,1.0315,1.0468,11261086.360653
1782691200,2026-06-29T00:00:00+00:00,1.0469,1.0542,1.0306,1.0491,11106972.402405001
1782705600,2026-06-29T04:00:00+00:00,1.0489,1.053,1.0344,1.0475,5565615.398926999
1782720000,2026-06-29T08:00:00+00:00,1.0476,1.0595,1.0405,1.0521,6329872.6921149995
1782734400,2026-06-29T12:00:00+00:00,1.0521,1.0647,1.0382,1.0476,20049159.552504
1782748800,2026-06-29T16:00:00+00:00,1.0477,1.0751,1.0412,1.0734,16412686.044837002
1782763200,2026-06-29T20:00:00+00:00,1.0735,1.0737,1.054,1.0574,7223087.995270999
1782777600,2026-06-30T00:00:00+00:00,1.0573,1.0576,1.0422,1.0437,6140070.68485
1782792000,2026-06-30T04:00:00+00:00,1.0437,1.0498,1.0412,1.0459,3518841.141943
1782806400,2026-06-30T08:00:00+00:00,1.0459,1.0468,1.0355,1.0373,5483811.588594001
1782820800,2026-06-30T12:00:00+00:00,1.0372,1.0434,1.0254,1.0323,16801703.158883
1782835200,2026-06-30T16:00:00+00:00,1.0324,1.048,1.0305,1.0432,11721480.016453
1782849600,2026-06-30T20:00:00+00:00,1.0431,1.045,1.0366,1.0383,5286463.008188
1782864000,2026-07-01T00:00:00+00:00,1.0384,1.0515,1.0205,1.0493,16051388.382445
1782878400,2026-07-01T04:00:00+00:00,1.0494,1.0525,1.0379,1.0425,7720351.639479
1782892800,2026-07-01T08:00:00+00:00,1.0425,1.0478,1.0352,1.0374,5839403.726401
1782907200,2026-07-01T12:00:00+00:00,1.0373,1.0645,1.0331,1.0597,18335280.525981
1782921600,2026-07-01T16:00:00+00:00,1.0598,1.0646,1.0538,1.0604,12059986.623828
1782936000,2026-07-01T20:00:00+00:00,1.0603,1.0727,1.0509,1.0519,13073266.115534
1782950400,2026-07-02T00:00:00+00:00,1.0519,1.0691,1.0438,1.0668,10130264.822066002
1782964800,2026-07-02T04:00:00+00:00,1.0668,1.0669,1.0539,1.0575,5383402.318416
1782979200,2026-07-02T08:00:00+00:00,1.0576,1.0847,1.0571,1.083,11495704.421831
1782993600,2026-07-02T12:00:00+00:00,1.0828,1.1113,1.082,1.0927,22992408.159034
1783008000,2026-07-02T16:00:00+00:00,1.0928,1.0956,1.0824,1.0842,10526114.729507001
1783022400,2026-07-02T20:00:00+00:00,1.0843,1.0872,1.0777,1.087,10090143.625805
1783036800,2026-07-03T00:00:00+00:00,1.0869,1.0947,1.0815,1.0896,5423846.3976920005
1783051200,2026-07-03T04:00:00+00:00,1.0895,1.1055,1.0876,1.1015,5684202.46189
1783065600,2026-07-03T08:00:00+00:00,1.1014,1.1117,1.0972,1.1089,4964029.677385
1783080000,2026-07-03T12:00:00+00:00,1.109,1.1227,1.1024,1.1191,11176245.416734999
1783094400,2026-07-03T16:00:00+00:00,1.1191,1.1445,1.1131,1.1308,21126205.443291
1783108800,2026-07-03T20:00:00+00:00,1.1308,1.143,1.1262,1.1339,14404059.841061
1783123200,2026-07-04T00:00:00+00:00,1.1338,1.1423,1.1304,1.1368,7964207.708241
1783137600,2026-07-04T04:00:00+00:00,1.1369,1.1486,1.1321,1.1385,9675887.385795
1783152000,2026-07-04T08:00:00+00:00,1.1384,1.148,1.1341,1.1393,6953242.655978
1783166400,2026-07-04T12:00:00+00:00,1.1392,1.1794,1.1391,1.1716,24343044.628054
1783180800,2026-07-04T16:00:00+00:00,1.1716,1.1832,1.1625,1.1675,17621270.929996
1783195200,2026-07-04T20:00:00+00:00,1.1672,1.1698,1.1529,1.1563,9041862.570386998
1783209600,2026-07-05T00:00:00+00:00,1.1565,1.1565,1.1325,1.1374,10955796.365876
1783224000,2026-07-05T04:00:00+00:00,1.1374,1.1414,1.1322,1.1391,3980308.0633690003
1783238400,2026-07-05T08:00:00+00:00,1.1391,1.1408,1.1239,1.1311,4395076.680976
1783252800,2026-07-05T12:00:00+00:00,1.1309,1.1405,1.1276,1.136,4296052.632118001
1783267200,2026-07-05T16:00:00+00:00,1.1361,1.139,1.1308,1.1342,4633864.318062
1783281600,2026-07-05T20:00:00+00:00,1.1341,1.1685,1.1334,1.1562,14287304.794946
1783296000,2026-07-06T00:00:00+00:00,1.1562,1.1601,1.1403,1.1463,9763238.580282
1783310400,2026-07-06T04:00:00+00:00,1.146,1.148,1.1354,1.1448,4445318.284238
1783324800,2026-07-06T08:00:00+00:00,1.1448,1.1502,1.1331,1.1342,3646362.770068
1783339200,2026-07-06T12:00:00+00:00,1.1339,1.1446,1.1082,1.1437,21636057.658067003
1783353600,2026-07-06T16:00:00+00:00,1.1438,1.1584,1.139,1.1483,13568321.711325
1783368000,2026-07-06T20:00:00+00:00,1.1484,1.1638,1.141,1.1443,9536947.853267
1783382400,2026-07-07T00:00:00+00:00,1.1443,1.1506,1.1267,1.1284,8427609.479434
1783396800,2026-07-07T04:00:00+00:00,1.1282,1.1342,1.1205,1.1259,4369726.3788910005
1783411200,2026-07-07T08:00:00+00:00,1.1259,1.1299,1.1189,1.1242,4309239.399426
1783425600,2026-07-07T12:00:00+00:00,1.1241,1.1319,1.1075,1.1296,14164714.444020998
1783440000,2026-07-07T16:00:00+00:00,1.1296,1.1347,1.1126,1.1221,11920750.015682
1783454400,2026-07-07T20:00:00+00:00,1.122,1.1225,1.1066,1.1113,9407687.004904
1783468800,2026-07-08T00:00:00+00:00,1.1112,1.116,1.0896,1.0945,12278237.675597
1783483200,2026-07-08T04:00:00+00:00,1.0947,1.0966,1.0856,1.0931,4689725.821888
1783497600,2026-07-08T08:00:00+00:00,1.0931,1.0944,1.0742,1.086,9743154.086419
1783512000,2026-07-08T12:00:00+00:00,1.0859,1.0877,1.0684,1.0727,12391854.306374
1783526400,2026-07-08T16:00:00+00:00,1.0728,1.0951,1.0723,1.0907,11106287.978468
1783540800,2026-07-08T20:00:00+00:00,1.0905,1.0927,1.0832,1.09,6024887.912868
1783555200,2026-07-09T00:00:00+00:00,1.0899,1.0982,1.0812,1.0869,5518861.212301
1783569600,2026-07-09T04:00:00+00:00,1.0869,1.1019,1.084,1.0968,5923479.74753
1783584000,2026-07-09T08:00:00+00:00,1.0967,1.0983,1.0892,1.0926,3183033.4505459997
1783598400,2026-07-09T12:00:00+00:00,1.0925,1.1007,1.0878,1.0889,9370121.10445
1783612800,2026-07-09T16:00:00+00:00,1.089,1.0996,1.0854,1.0969,7189265.908803
1783627200,2026-07-09T20:00:00+00:00,1.0969,1.099,1.0917,1.0926,4401674.921047
1783641600,2026-07-10T00:00:00+00:00,1.0926,1.1089,1.0881,1.1061,7270482.697457999
1783656000,2026-07-10T04:00:00+00:00,1.1061,1.1117,1.1029,1.1051,3476034.8340590005
1783670400,2026-07-10T08:00:00+00:00,1.1051,1.1175,1.1041,1.1117,6447325.660891
1783684800,2026-07-10T12:00:00+00:00,1.1117,1.1141,1.0958,1.1028,11186448.995249
1783699200,2026-07-10T16:00:00+00:00,1.1028,1.1063,1.0962,1.1043,8373496.768850001
1783713600,2026-07-10T20:00:00+00:00,1.1044,1.1058,1.1017,1.1039,4442887.456917
1783728000,2026-07-11T00:00:00+00:00,1.104,1.109,1.1009,1.1068,3099061.688146
1783742400,2026-07-11T04:00:00+00:00,1.1069,1.1085,1.1028,1.1068,1994260.972808
1783756800,2026-07-11T08:00:00+00:00,1.1069,1.1101,1.105,1.1075,2072091.756149
1783771200,2026-07-11T12:00:00+00:00,1.1075,1.1175,1.1066,1.1124,4246958.520961
1783785600,2026-07-11T16:00:00+00:00,1.1123,1.1186,1.1103,1.1148,3102710.8191
1783800000,2026-07-11T20:00:00+00:00,1.1148,1.1159,1.0959,1.0961,6228958.319715001
1783814400,2026-07-12T00:00:00+00:00,1.096,1.0991,1.0885,1.0991,4708278.185093
1783828800,2026-07-12T04:00:00+00:00,1.099,1.0994,1.086,1.0908,2119589.800538
1783843200,2026-07-12T08:00:00+00:00,1.0907,1.0979,1.0899,1.0957,1286349.090783
1783857600,2026-07-12T12:00:00+00:00,1.0957,1.1032,1.0953,1.1013,2754379.04213
1783872000,2026-07-12T16:00:00+00:00,1.1013,1.1032,1.0966,1.0997,2171340.824124
1783886400,2026-07-12T20:00:00+00:00,1.0998,1.1005,1.0803,1.0854,5518484.276591
1783900800,2026-07-13T00:00:00+00:00,1.0853,1.1023,1.0667,1.0717,11987151.624315001
1783915200,2026-07-13T04:00:00+00:00,1.0715,1.0809,1.0694,1.0788,5293178.106301
1783929600,2026-07-13T08:00:00+00:00,1.0788,1.0823,1.0749,1.0765,3510976.717143
1783944000,2026-07-13T12:00:00+00:00,1.0765,1.0793,1.0647,1.0716,10955363.500769999
1783958400,2026-07-13T16:00:00+00:00,1.0716,1.0735,1.0556,1.0661,12656151.728888
1783972800,2026-07-13T20:00:00+00:00,1.0661,1.0671,1.0524,1.0662,9195164.53623
1783987200,2026-07-14T00:00:00+00:00,1.0663,1.0697,1.0598,1.0652,4007562.2534330003
1784001600,2026-07-14T04:00:00+00:00,1.065,1.0721,1.0631,1.0676,3176526.7314390005
1784016000,2026-07-14T08:00:00+00:00,1.0675,1.0718,1.0665,1.0716,3256052.116079
1784030400,2026-07-14T12:00:00+00:00,1.0715,1.1099,1.0692,1.1038,20127036.435962
1784044800,2026-07-14T16:00:00+00:00,1.1037,1.1202,1.0974,1.1146,14433110.961348
1784059200,2026-07-14T20:00:00+00:00,1.1146,1.1152,1.1041,1.1112,10041303.840938002
1784073600,2026-07-15T00:00:00+00:00,1.1112,1.1117,1.0982,1.1036,5750717.268912
1784088000,2026-07-15T04:00:00+00:00,1.1034,1.1132,1.0989,1.1031,4324184.5881280005
1784102400,2026-07-15T08:00:00+00:00,1.1031,1.1118,1.1024,1.1076,3415204.506246
1784116800,2026-07-15T12:00:00+00:00,1.1075,1.1293,1.1047,1.1254,15512529.166769002
1784131200,2026-07-15T16:00:00+00:00,1.1254,1.1263,1.107,1.1093,13038539.804479
1784145600,2026-07-15T20:00:00+00:00,1.109,1.1182,1.1077,1.1127,6228474.245006001
1784160000,2026-07-16T00:00:00+00:00,1.1124,1.1173,1.1055,1.1122,5257782.314262
1784174400,2026-07-16T04:00:00+00:00,1.1122,1.1172,1.1029,1.1054,4005954.163766
1784188800,2026-07-16T08:00:00+00:00,1.1054,1.1093,1.0985,1.1078,5369505.096971
1784203200,2026-07-16T12:00:00+00:00,1.1076,1.1174,1.0988,1.114,9081098.466729
1784217600,2026-07-16T16:00:00+00:00,1.114,1.1144,1.0873,1.0961,11482723.685743
1784232000,2026-07-16T20:00:00+00:00,1.0962,1.0983,1.0846,1.0863,5270795.599235
1784246400,2026-07-17T00:00:00+00:00,1.0861,1.0949,1.0823,1.0915,4533486.467751
1784260800,2026-07-17T04:00:00+00:00,1.0916,1.0919,1.0784,1.0829,4664897.4960509995
1784275200,2026-07-17T08:00:00+00:00,1.083,1.0874,1.0782,1.0838,3803011.934383
1784289600,2026-07-17T12:00:00+00:00,1.0837,1.0857,1.0687,1.0824,9672020.221738
1784304000,2026-07-17T16:00:00+00:00,1.0822,1.095,1.0801,1.0906,8137328.375977
1784318400,2026-07-17T20:00:00+00:00,1.0906,1.0913,1.0861,1.0884,4296882.257548
1784332800,2026-07-18T00:00:00+00:00,1.0882,1.0911,1.0866,1.0894,1914690.089952
1784347200,2026-07-18T04:00:00+00:00,1.0896,1.09,1.0861,1.0881,1410876.689074
1784361600,2026-07-18T08:00:00+00:00,1.0882,1.091,1.0831,1.088,2675533.080901
1784376000,2026-07-18T12:00:00+00:00,1.088,1.0903,1.0824,1.0858,3665021.697575
1784390400,2026-07-18T16:00:00+00:00,1.0859,1.0955,1.0857,1.0927,6421981.832199
1784404800,2026-07-18T20:00:00+00:00,1.0929,1.0974,1.0909,1.0922,4370381.339062
1784419200,2026-07-19T00:00:00+00:00,1.0923,1.0993,1.091,1.0943,4300112.527352
1784433600,2026-07-19T04:00:00+00:00,1.0943,1.0979,1.0927,1.0948,2667287.614238
1784448000,2026-07-19T08:00:00+00:00,1.0948,1.0988,1.0932,1.0962,1346048.6347559998
1784462400,2026-07-19T12:00:00+00:00,1.0962,1.1008,1.0903,1.0971,4245481.794133
1784476800,2026-07-19T16:00:00+00:00,1.0972,1.0976,1.0881,1.0938,4299358.811148
1784491200,2026-07-19T20:00:00+00:00,1.0938,1.1009,1.0908,1.097,4800188.343065
1784505600,2026-07-20T00:00:00+00:00,1.0971,1.1074,1.0926,1.0992,6267223.386772
1784520000,2026-07-20T04:00:00+00:00,1.0992,1.1,1.0822,1.0893,4825140.71856
1784534400,2026-07-20T08:00:00+00:00,1.0891,1.1061,1.0852,1.1049,4965961.430959
1784548800,2026-07-20T12:00:00+00:00,1.1047,1.113,1.0854,1.1118,11288412.380619999
1784563200,2026-07-20T16:00:00+00:00,1.1118,1.1197,1.1088,1.116,15152837.998071
1784577600,2026-07-20T20:00:00+00:00,1.116,1.118,1.1072,1.1117,7104795.543644999
1784592000,2026-07-21T00:00:00+00:00,1.1114,1.125,1.1105,1.1237,7549127.776870001
1784606400,2026-07-21T04:00:00+00:00,1.1237,1.1375,1.121,1.1355,8872057.585592
1784620800,2026-07-21T08:00:00+00:00,1.1353,1.1371,1.1289,1.1357,5120525.596009
1784635200,2026-07-21T12:00:00+00:00,1.1357,1.1562,1.1333,1.1543,17204410.392308
1784649600,2026-07-21T16:00:00+00:00,1.1543,1.1641,1.1478,1.1563,18819739.149436
1784664000,2026-07-21T20:00:00+00:00,1.1567,1.1571,1.1374,1.1432,11323364.637564
1784678400,2026-07-22T00:00:00+00:00,1.1433,1.1471,1.1377,1.1383,8594060.271026
1784692800,2026-07-22T04:00:00+00:00,1.1382,1.1416,1.1278,1.1303,5495923.986659
1784707200,2026-07-22T08:00:00+00:00,1.1302,1.1398,1.1301,1.1381,2924464.3515729997
1784721600,2026-07-22T12:00:00+00:00,1.138,1.161,1.1325,1.1509,12464762.621978
1784736000,2026-07-22T16:00:00+00:00,1.151,1.157,1.1357,1.1368,9962674.298345
1784750400,2026-07-22T20:00:00+00:00,1.1365,1.1425,1.1335,1.1417,6501093.415844999
1784764800,2026-07-23T00:00:00+00:00,1.1417,1.1446,1.1326,1.1333,4851712.685828
1784779200,2026-07-23T04:00:00+00:00,1.1332,1.1372,1.1292,1.1332,3851512.226613
1784793600,2026-07-23T08:00:00+00:00,1.1332,1.1367,1.1311,1.132,2958322.819441
1784808000,2026-07-23T12:00:00+00:00,1.132,1.1331,1.103,1.1119,16577975.298543999
1784822400,2026-07-23T16:00:00+00:00,1.1118,1.1121,1.1,1.1034,8255547.776416
1784836800,2026-07-23T20:00:00+00:00,1.1036,1.1135,1.1035,1.1071,6971344.916753
1784851200,2026-07-24T00:00:00+00:00,1.1071,1.1115,1.103,1.1104,4667271.340346
1784865600,2026-07-24T04:00:00+00:00,1.1103,1.1208,1.1053,1.1135,4854055.730147
1784880000,2026-07-24T08:00:00+00:00,1.1132,1.1142,1.1008,1.1031,3698061.9166429997
1784894400,2026-07-24T12:00:00+00:00,1.103,1.1045,1.0854,1.0901,10500106.092661
1784908800,2026-07-24T16:00:00+00:00,1.0902,1.0911,1.0837,1.0883,7943691.299706
1784923200,2026-07-24T20:00:00+00:00,1.0883,1.0925,1.0872,1.091,4529118.437515
1784937600,2026-07-25T00:00:00+00:00,1.0909,1.0943,1.0904,1.0907,3670902.5316629997
1784952000,2026-07-25T04:00:00+00:00,1.0906,1.0934,1.0861,1.0871,2489296.939448
1784966400,2026-07-25T08:00:00+00:00,1.087,1.0906,1.0845,1.0891,1761386.4108270002
1784980800,2026-07-25T12:00:00+00:00,1.0891,1.0995,1.0882,1.0976,3398555.389937
1784995200,2026-07-25T16:00:00+00:00,1.0976,1.107,1.0964,1.0997,4869709.618035
1785009600,2026-07-25T20:00:00+00:00,1.0996,1.1005,1.0961,1.0967,3571003.9323819997
1785024000,2026-07-26T00:00:00+00:00,1.0967,1.1012,1.0959,1.1005,2055895.334266
1785038400,2026-07-26T04:00:00+00:00,1.1005,1.1037,1.0944,1.0981,2538783.609956
1785052800,2026-07-26T08:00:00+00:00,1.0979,1.1012,1.0974,1.0997,1745178.6623340002
1785067200,2026-07-26T12:00:00+00:00,1.0996,1.1042,1.0948,1.1039,4690625.861357
1785081600,2026-07-26T16:00:00+00:00,1.1037,1.1059,1.0998,1.1014,1974666.6925329997
1785096000,2026-07-26T20:00:00+00:00,1.1014,1.1157,1.0991,1.1121,5959531.118728001
1785110400,2026-07-27T00:00:00+00:00,1.1122,1.1125,1.1014,1.1063,3897972.106236
1785124800,2026-07-27T04:00:00+00:00,1.1065,1.1144,1.1047,1.107,4222668.382566
1785139200,2026-07-27T08:00:00+00:00,1.1069,1.109,1.103,1.1049,2812971.7820079997
1785153600,2026-07-27T12:00:00+00:00,1.105,1.1129,1.0844,1.0852,12213907.511821
1785168000,2026-07-27T16:00:00+00:00,1.0852,1.0949,1.0845,1.0913,7730636.815477999
1785182400,2026-07-27T20:00:00+00:00,1.0912,1.0929,1.062,1.0653,12207612.021522
1785196800,2026-07-28T00:00:00+00:00,1.0654,1.0656,1.0537,1.0575,7555262.904393999
1785211200,2026-07-28T04:00:00+00:00,1.0572,1.0599,1.0534,1.055,5467614.23018
1785225600,2026-07-28T08:00:00+00:00,1.0548,1.059,1.0476,1.0485,8556524.471027002
1785240000,2026-07-28T12:00:00+00:00,1.0484,1.0667,1.044,1.0641,12838208.403273001
1785254400,2026-07-28T16:00:00+00:00,1.0641,1.0656,1.0541,1.0599,8404357.163827
1785268800,2026-07-28T20:00:00+00:00,1.0599,1.0692,1.0577,1.0678,9290462.768529
1785283200,2026-07-29T00:00:00+00:00,1.0677,1.0811,1.0677,1.07,8347821.619062
1785297600,2026-07-29T04:00:00+00:00,1.07,1.0897,1.0665,1.089,5921343.099768
1785312000,2026-07-29T08:00:00+00:00,1.089,1.0925,1.0827,1.0829,6219538.964496
1785326400,2026-07-29T12:00:00+00:00,1.0828,1.0831,1.0652,1.0666,8680240.318621999
1785340800,2026-07-29T16:00:00+00:00,1.0667,1.0899,1.0647,1.0683,12772795.866214
1785355200,2026-07-29T20:00:00+00:00,1.0684,1.0783,1.0608,1.0725,7270586.379337
1785369600,2026-07-30T00:00:00+00:00,1.0724,1.0799,1.0672,1.0741,3661045.469846
1785384000,2026-07-30T04:00:00+00:00,1.0741,1.0785,1.0711,1.0754,2280033.839398
1785398400,2026-07-30T08:00:00+00:00,1.0754,1.0836,1.0737,1.0825,2142577.175199
1785412800,2026-07-30T12:00:00+00:00,1.0827,1.0938,1.0781,1.0912,10657224.314994
1785427200,2026-07-30T16:00:00+00:00,1.0911,1.0929,1.0836,1.0887,5029141.735917
1785441600,2026-07-30T20:00:00+00:00,1.0888,1.0912,1.0816,1.0821,6005534.514938
1785456000,2026-07-31T00:00:00+00:00,1.0821,1.0889,1.0774,1.0806,5499154.291891
1785470400,2026-07-31T04:00:00+00:00,1.0805,1.0832,1.073,1.078,3726951.9074580004
1785484800,2026-07-31T08:00:00+00:00,1.0778,1.0794,1.07,1.0716,3254271.901924
1785499200,2026-07-31T12:00:00+00:00,1.0715,1.073,1.0561,1.0593,37320454.616326995
1785513600,2026-07-31T16:00:00+00:00,1.0593,1.07,1.059,1.0606,7277865.130589999
1785528000,2026-07-31T20:00:00+00:00,1.0606,1.0643,1.0579,1.0609,4756642.249984
1785542400,2026-08-01T00:00:00+00:00,1.061,1.0658,1.0609,1.0651,2326140.258946
1785556800,2026-08-01T04:00:00+00:00,1.0651,1.0662,1.0606,1.0611,1391731.6090890002
1785571200,2026-08-01T08:00:00+00:00,1.0613,1.063,1.059,1.063,1588513.607002
1785585600,2026-08-01T12:00:00+00:00,1.063,1.0656,1.062,1.0621,2051559.734585
1785600000,2026-08-01T16:00:00+00:00,1.0621,1.0637,1.0466,1.0517,6001478.484812
1785614400,2026-08-01T20:00:00+00:00,1.0517,1.0615,1.0508,1.0608,4749466.003328
1785628800,2026-08-02T00:00:00+00:00,1.0609,1.0794,1.06,1.0765,6551713.743628999
1785643200,2026-08-02T04:00:00+00:00,1.0766,1.0847,1.0759,1.0827,4827362.874979001
1785657600,2026-08-02T08:00:00+00:00,1.0827,1.0834,1.0755,1.0784,1910585.4221919999
1785672000,2026-08-02T12:00:00+00:00,1.0784,1.0821,1.0762,1.0792,2513025.770899
1785686400,2026-08-02T16:00:00+00:00,1.0792,1.0857,1.0765,1.0807,3867588.9636109993
1785700800,2026-08-02T20:00:00+00:00,1.0807,1.092,1.079,1.0858,6649759.235951
1785715200,2026-08-03T00:00:00+00:00,1.0858,1.0867,1.0671,1.07,3643759.6018009996
1785729600,2026-08-03T04:00:00+00:00,1.0699,1.0722,1.0649,1.0669,3398533.639285
1785744000,2026-08-03T08:00:00+00:00,1.0668,1.071,1.0615,1.0631,4045258.699856
1785758400,2026-08-03T12:00:00+00:00,1.063,1.0861,1.0629,1.0827,11811641.412489
1785772800,2026-08-03T16:00:00+00:00,1.0827,1.0841,1.0779,1.0792,5933120.00308
1785787200,2026-08-03T20:00:00+00:00,1.0792,1.0833,1.0722,1.0749,6350948.177666
1785801600,2026-08-04T00:00:00+00:00,1.0749,1.0795,1.0689,1.0765,6274265.782736001
1785816000,2026-08-04T04:00:00+00:00,1.0765,1.081,1.0708,1.0776,3572762.056009
1785830400,2026-08-04T08:00:00+00:00,1.0776,1.0786,1.0688,1.0782,4102906.3662409997
1785844800,2026-08-04T12:00:00+00:00,1.0781,1.0793,1.0699,1.0764,8813768.854722999
1785859200,2026-08-04T16:00:00+00:00,1.0766,1.0823,1.0719,1.0795,7557871.879779
1785873600,2026-08-04T20:00:00+00:00,1.0794,1.0797,1.0727,1.073,6096187.707306
1785888000,2026-08-05T00:00:00+00:00,1.0729,1.0761,1.0653,1.0668,6707432.079183001
1785902400,2026-08-05T04:00:00+00:00,1.0669,1.072,1.063,1.0663,3485942.296939
1785916800,2026-08-05T08:00:00+00:00,1.0663,1.0669,1.0592,1.0603,3236604.091492
1785931200,2026-08-05T12:00:00+00:00,1.0602,1.068,1.0537,1.0599,9418980.518063001
1785945600,2026-08-05T16:00:00+00:00,1.0598,1.0723,1.0596,1.0691,7977277.864483999
1785960000,2026-08-05T20:00:00+00:00,1.0692,1.0717,1.0596,1.0613,6196146.126392
1785974400,2026-08-06T00:00:00+00:00,1.0613,1.0626,1.0405,1.0425,8836462.554082999
1785988800,2026-08-06T04:00:00+00:00,1.0426,1.0514,1.0391,1.0482,5947550.738477999
1786003200,2026-08-06T08:00:00+00:00,1.0483,1.0571,1.0402,1.0495,8952187.155573
1786017600,2026-08-06T12:00:00+00:00,1.0494,1.0534,1.0414,1.0483,7880541.142562999
1786032000,2026-08-06T16:00:00+00:00,1.0483,1.0491,1.0318,1.034,12947008.254373
1786046400,2026-08-06T20:00:00+00:00,1.0343,1.0367,1.029,1.0342,8594518.926529
1786060800,2026-08-07T00:00:00+00:00,1.0341,1.0386,1.0186,1.0202,9945950.093035001
1786075200,2026-08-07T04:00:00+00:00,1.0202,1.0283,1.0142,1.0277,7768849.425589
1786089600,2026-08-07T08:00:00+00:00,1.0276,1.0367,1.0263,1.0331,8092380.665811
1786104000,2026-08-07T12:00:00+00:00,1.0331,1.0422,1.0249,1.0271,14142004.015924001
1786118400,2026-08-07T16:00:00+00:00,1.027,1.0299,1.0121,1.0229,14510057.748959001
1786132800,2026-08-07T20:00:00+00:00,1.0229,1.0272,1.0183,1.0204,7129021.843753
1786147200,2026-08-08T00:00:00+00:00,1.0203,1.0383,1.0195,1.0368,7954868.125236999
1786161600,2026-08-08T04:00:00+00:00,1.0368,1.0388,1.0315,1.0342,4502410.180141
1786176000,2026-08-08T08:00:00+00:00,1.0342,1.0398,1.033,1.0372,3884943.884207
1786190400,2026-08-08T12:00:00+00:00,1.0371,1.0461,1.0366,1.0447,5385304.474408001
1786204800,2026-08-08T16:00:00+00:00,1.0448,1.048,1.0392,1.0418,4789001.333451999
1786219200,2026-08-08T20:00:00+00:00,1.0417,1.0431,1.0363,1.0388,3197443.8357079998
1786233600,2026-08-09T00:00:00+00:00,1.0387,1.04,1.0329,1.0362,3459979.465244
1786248000,2026-08-09T04:00:00+00:00,1.0361,1.0406,1.0336,1.0363,2134910.656071
1786262400,2026-08-09T08:00:00+00:00,1.0363,1.0383,1.0302,1.0361,2162853.2436389998
1786276800,2026-08-09T12:00:00+00:00,1.036,1.0436,1.0344,1.0433,4163908.158141
1786291200,2026-08-09T16:00:00+00:00,1.0432,1.0449,1.0386,1.041,3499459.021164
1786305600,2026-08-09T20:00:00+00:00,1.0411,1.0469,1.0274,1.0292,6035354.691475
1786320000,2026-08-10T00:00:00+00:00,1.029,1.0401,1.027,1.0307,8077271.770737001
1786334400,2026-08-10T04:00:00+00:00,1.0306,1.0395,1.0285,1.0367,3812428.283385
1786348800,2026-08-10T08:00:00+00:00,1.0368,1.0379,1.0292,1.0338,3986338.4657209995
1786363200,2026-08-10T12:00:00+00:00,1.0336,1.0349,1.0203,1.0222,9858361.656959001
1786377600,2026-08-10T16:00:00+00:00,1.0221,1.0245,1,1.0193,23170844.33473
1786392000,2026-08-10T20:00:00+00:00,1.0193,1.0209,1.0049,1.0114,11315133.926204998
1786406400,2026-08-11T00:00:00+00:00,1.0113,1.0158,1.0091,1.0138,5607607.797289999
1786420800,2026-08-11T04:00:00+00:00,1.0136,1.0144,1.0009,1.0039,6712935.4073
1786435200,2026-08-11T08:00:00+00:00,1.0039,1.0092,1.0008,1.0074,5562274.443745
1786449600,2026-08-11T12:00:00+00:00,1.0074,1.0103,0.9905,1.0031,19362030.988383
1786464000,2026-08-11T16:00:00+00:00,1.0028,1.0181,1.0011,1.0145,12457228.222646002
1786478400,2026-08-11T20:00:00+00:00,1.0145,1.0257,1.0144,1.0219,9896115.204854
1786492800,2026-08-12T00:00:00+00:00,1.022,1.0245,1.0185,1.0193,5196308.036166001
1786507200,2026-08-12T04:00:00+00:00,1.0193,1.0222,1.0168,1.0196,3331975.7869709996
1786521600,2026-08-12T08:00:00+00:00,1.0197,1.0247,1.016,1.0217,4036421.09517
1786536000,2026-08-12T12:00:00+00:00,1.0217,1.0247,1.0073,1.0117,10713094.702881001
1786550400,2026-08-12T16:00:00+00:00,1.0116,1.0122,1.0054,1.0063,7809257.110594
1786564800,2026-08-12T20:00:00+00:00,1.0062,1.0096,1,1.0046,10416739.598176999
1786579200,2026-08-13T00:00:00+00:00,1.0045,1.012,1.001,1.0099,6929982.577918
1786593600,2026-08-13T04:00:00+00:00,1.01,1.0142,1.0083,1.0122,4463658.905785
1786608000,2026-08-13T08:00:00+00:00,1.0122,1.0126,1.0021,1.0033,4208132.919147
1786622400,2026-08-13T12:00:00+00:00,1.0031,1.0106,1.0021,1.0021,9329158.167178
1786636800,2026-08-13T16:00:00+00:00,1.0022,1.0095,0.9974,1.0092,9836067.717996001
1786651200,2026-08-13T20:00:00+00:00,1.0091,1.0111,1.0067,1.0085,5771373.616416
1786665600,2026-08-14T00:00:00+00:00,1.0085,1.0133,1.0082,1.009,3637225.2791259997
1786680000,2026-08-14T04:00:00+00:00,1.0088,1.0119,1.0025,1.0036,2600465.327503
1786694400,2026-08-14T08:00:00+00:00,1.0036,1.0061,1.0002,1.0017,4095628.228655
1786708800,2026-08-14T12:00:00+00:00,1.0018,1.0083,0.9985,1.0056,9024435.93642
1786723200,2026-08-14T16:00:00+00:00,1.0056,1.0065,0.9975,0.9981,9759086.310715001
1786737600,2026-08-14T20:00:00+00:00,0.998,0.9992,0.9874,0.9986,13115013.738850001
1786752000,2026-08-15T00:00:00+00:00,0.9986,1.007,0.9971,1.0037,5369478.569235
1786766400,2026-08-15T04:00:00+00:00,1.0038,1.0056,1.0015,1.0017,2343159.857188
1786780800,2026-08-15T08:00:00+00:00,1.0019,1.0031,0.9999,1.0015,1920079.1870339997
1786795200,2026-08-15T12:00:00+00:00,1.0015,1.002,0.9987,1.0012,2830678.4310469995
1786809600,2026-08-15T16:00:00+00:00,1.0012,1.0031,0.9994,1.003,3440088.49308
1786824000,2026-08-15T20:00:00+00:00,1.003,1.0055,1.0001,1.0016,3118623.8364150003
1786838400,2026-08-16T00:00:00+00:00,1.0017,1.0024,0.999,1.001,2628831.548462
1786852800,2026-08-16T04:00:00+00:00,1.0011,1.0016,0.9985,1.0014,1866617.500654
1786867200,2026-08-16T08:00:00+00:00,1.0014,1.0016,0.9961,0.9989,1990267.373053
1786881600,2026-08-16T12:00:00+00:00,0.9989,1.0015,0.9983,1.0008,2723227.262507
1786896000,2026-08-16T16:00:00+00:00,1.0009,1.0026,0.9969,1.0001,4550548.204155
1786910400,2026-08-16T20:00:00+00:00,1.0001,1.0009,0.9895,0.9926,5856807.188703
1786924800,2026-08-17T00:00:00+00:00,0.9925,1.0038,0.9873,1.0013,6517638.2136820005
1786939200,2026-08-17T04:00:00+00:00,1.0016,1.0061,1,1.002,3838586.978909
1786953600,2026-08-17T08:00:00+00:00,1.002,1.0022,0.9954,0.9994,3294185.633823
1786968000,2026-08-17T12:00:00+00:00,0.9994,1.0076,0.9958,1.0057,7825818.056065999
1786982400,2026-08-17T16:00:00+00:00,1.0056,1.0061,0.9985,1.0004,6036219.456403
1786996800,2026-08-17T20:00:00+00:00,1.0005,1.0041,0.9987,1.0022,6570565.101682
1787011200,2026-08-18T00:00:00+00:00,1.0024,1.0042,0.9881,0.9904,10394742.084123
1787025600,2026-08-18T04:00:00+00:00,0.9903,0.9998,0.989,0.9956,4511939.223048
1787040000,2026-08-18T08:00:00+00:00,0.9955,1.0012,0.9914,0.9977,4828041.026317
1787054400,2026-08-18T12:00:00+00:00,0.9976,1.0057,0.995,1.0032,9582814.474216
1787068800,2026-08-18T16:00:00+00:00,1.0033,1.0036,0.9997,1.0022,6756424.915533001
1787083200,2026-08-18T20:00:00+00:00,1.0021,1.003,0.9981,1.0013,9161241.561648
1787097600,2026-08-19T00:00:00+00:00,1.0013,1.0015,0.9953,0.9993,6773333.865081999
1787112000,2026-08-19T04:00:00+00:00,0.9994,1.0054,0.9983,1.0026,4930153.809171
1787126400,2026-08-19T08:00:00+00:00,1.0026,1.0087,1.0023,1.005,4289410.024410999
1787140800,2026-08-19T12:00:00+00:00,1.0051,1.0744,1.0048,1.0673,39383182.639773
1787155200,2026-08-19T16:00:00+00:00,1.0675,1.0711,1.0516,1.0671,31845713.172441
1787169600,2026-08-19T20:00:00+00:00,1.0672,1.136,1.067,1.1054,69923111.424913
1787184000,2026-08-20T00:00:00+00:00,1.1054,1.1158,1.0864,1.0929,19830603.07507
1787198400,2026-08-20T04:00:00+00:00,1.093,1.1126,1.0923,1.1112,8541540.635222
1787212800,2026-08-20T08:00:00+00:00,1.1111,1.1955,1.1104,1.1899,38866750.719012
1787227200,2026-08-20T12:00:00+00:00,1.1901,1.2638,1.1775,1.2608,82629270.232352
1787241600,2026-08-20T16:00:00+00:00,1.2606,1.3439,1.22,1.2324,112435002.23964101
1787256000,2026-08-20T20:00:00+00:00,1.2324,1.275,1.23,1.2677,34764516.840055004
1787270400,2026-08-21T00:00:00+00:00,1.2676,1.3186,1.2586,1.3082,48113448.650694
1787284800,2026-08-21T04:00:00+00:00,1.3082,1.3214,1.2963,1.3142,25443002.074274
1787299200,2026-08-21T08:00:00+00:00,1.3137,1.43,1.3124,1.3567,101719471.168781
1787313600,2026-08-21T12:00:00+00:00,1.3566,1.4225,1.3464,1.4033,92393415.022516
1787328000,2026-08-21T16:00:00+00:00,1.4034,1.4134,1.3616,1.3718,59348827.521161996
1787342400,2026-08-21T20:00:00+00:00,1.3721,1.4758,1.3661,1.4541,79222345.956189
1787356800,2026-08-22T00:00:00+00:00,1.4543,1.5983,1.4234,1.5634,114678888.879486
1787371200,2026-08-22T04:00:00+00:00,1.5637,1.6996,1.34,1.5638,208710635.03004798
1787385600,2026-08-22T08:00:00+00:00,1.564,1.5674,1.4233,1.4884,69448307.887237
1787400000,2026-08-22T12:00:00+00:00,1.4884,1.5297,1.4297,1.439,79276194.572696
1787414400,2026-08-22T16:00:00+00:00,1.4393,1.5071,1.4341,1.5014,52200871.671821006
1787428800,2026-08-22T20:00:00+00:00,1.5014,1.5164,1.4461,1.4619,34507609.759731
1787443200,2026-08-23T00:00:00+00:00,1.4619,1.52,1.4616,1.4749,45753339.700330004
1787457600,2026-08-23T04:00:00+00:00,1.4749,1.4896,1.4345,1.4613,43864208.372584
1787472000,2026-08-23T08:00:00+00:00,1.4611,1.5033,1.4575,1.4943,24661617.773383003
1787486400,2026-08-23T12:00:00+00:00,1.4942,1.551,1.4588,1.4966,45932937.550391994
1787500800,2026-08-23T16:00:00+00:00,1.4967,1.5244,1.4884,1.4977,24719389.298481
1787515200,2026-08-23T20:00:00+00:00,1.4978,1.5469,1.4906,1.5205,41569512.177329995
1787529600,2026-08-24T00:00:00+00:00,1.5205,1.5238,1.4622,1.4649,37477339.798815
1787544000,2026-08-24T04:00:00+00:00,1.4649,1.5032,1.4643,1.4756,32784927.231179
1787558400,2026-08-24T08:00:00+00:00,1.4757,1.509,1.4529,1.4974,26107940.637592003
1787572800,2026-08-24T12:00:00+00:00,1.4973,1.5299,1.4772,1.5011,55815449.016214
1787587200,2026-08-24T16:00:00+00:00,1.5013,1.5238,1.4627,1.483,61218368.697785005
1787601600,2026-08-24T20:00:00+00:00,1.4835,1.4892,1.4665,1.4813,26157357.493183
1787616000,2026-08-25T00:00:00+00:00,1.4812,1.55,1.4748,1.513,46833700.006239995
1787630400,2026-08-25T04:00:00+00:00,1.5129,1.527,1.4739,1.4854,18758180.950646996
1787644800,2026-08-25T08:00:00+00:00,1.4857,1.4969,1.47,1.4806,15132140.346627
1787659200,2026-08-25T12:00:00+00:00,1.4806,1.4834,1.4434,1.479,47264435.993337005
1787673600,2026-08-25T16:00:00+00:00,1.4787,1.4838,1.4611,1.4717,22465847.065144
1787688000,2026-08-25T20:00:00+00:00,1.4717,1.4735,1.4056,1.4343,39897653.338888995
1787702400,2026-08-26T00:00:00+00:00,1.4342,1.4505,1.4071,1.4394,18369345.925344
1787716800,2026-08-26T04:00:00+00:00,1.4392,1.4473,1.4248,1.4328,13497707.937282
1787731200,2026-08-26T08:00:00+00:00,1.4329,1.4404,1.4036,1.4115,17620090.847711
1787745600,2026-08-26T12:00:00+00:00,1.4116,1.424,1.3572,1.3728,49988305.772527
1787760000,2026-08-26T16:00:00+00:00,1.3725,1.397,1.3674,1.378,29674782.545703996
1787774400,2026-08-26T20:00:00+00:00,1.378,1.4274,1.364,1.4227,28976888.027336
1787788800,2026-08-27T00:00:00+00:00,1.423,1.423,1.3972,1.4065,17709253.024041
1787803200,2026-08-27T04:00:00+00:00,1.4069,1.4137,1.3872,1.4114,10798927.193509
1787817600,2026-08-27T08:00:00+00:00,1.4118,1.4544,1.4099,1.4255,23245737.630933
1787832000,2026-08-27T12:00:00+00:00,1.4254,1.4709,1.4195,1.466,40168021.524091996
