date,open,high,low,close,adjclose,volume
2021-06-01,102.9800033569336,103.68000030517578,101.69999694824219,103.5,101.61166381835938,235900
2021-06-02,103.9800033569336,103.9800033569336,102.19000244140625,103.47000122070312,101.58220672607422,455800
2021-06-03,102.37000274658203,102.37000274658203,99.5999984741211,100.80999755859375,98.97074127197266,262100
2021-06-04,101.7699966430664,103.11000061035156,99.97000122070312,102.80000305175781,100.92443084716797,180300
2021-06-07,103.05000305175781,103.27999877929688,101.52999877929688,102.9800033569336,101.10115051269531,181800
2021-06-08,104.19000244140625,104.37999725341797,101.6500015258789,103.04000091552734,101.1600570678711,190800
2021-06-09,103.38999938964844,103.73999786376953,100.6500015258789,101.5,99.64815521240234,193000
2021-06-10,101.62999725341797,103.04000091552734,101.02999877929688,102.8499984741211,100.9735336303711,162500
2021-06-11,103.56999969482422,105.26000213623047,103.2699966430664,104.55000305175781,102.64250946044922,194000
2021-06-14,104.94000244140625,106.61000061035156,103.44999694824219,105.87000274658203,103.93840789794922,287400
2021-06-15,106.02999877929688,106.47000122070312,104.19000244140625,105.12999725341797,103.21192169189453,312200
2021-06-16,105.48999786376953,105.94999694824219,104.0,105.08999633789062,103.17266082763672,282900
2021-06-17,104.80000305175781,105.51000213623047,102.9800033569336,104.5999984741211,102.69158935546875,251800
2021-06-18,103.1500015258789,104.45999908447266,101.7699966430664,104.0,102.10254669189453,437500
2021-06-21,104.6500015258789,105.69999694824219,102.9800033569336,105.18000030517578,103.26101684570312,206500
2021-06-22,104.75,106.31999969482422,103.48999786376953,106.12000274658203,104.18385314941406,222400
2021-06-23,106.58000183105469,108.30999755859375,105.66000366210938,107.48999786376953,105.52885437011719,202600
2021-06-24,108.80000305175781,109.81999969482422,108.11000061035156,109.66999816894531,107.6690902709961,134400
2021-06-25,110.26000213623047,111.75,109.38999938964844,111.52999877929688,109.49514770507812,597000
2021-06-28,112.33000183105469,114.13999938964844,111.08000183105469,113.58999633789062,111.517578125,255900
2021-06-29,113.16999816894531,114.7300033569336,112.81999969482422,113.5999984741211,111.52735900878906,244300
2021-06-30,113.68000030517578,113.69999694824219,111.47000122070312,112.70999908447266,110.65361785888672,186800
2021-07-01,113.1500015258789,113.20999908447266,110.55000305175781,111.0,108.97480773925781,146300
2021-07-02,112.27999877929688,112.62000274658203,109.16000366210938,109.48999786376953,107.49236297607422,159800
2021-07-06,109.58999633789062,110.05999755859375,107.30999755859375,110.0,107.99307250976562,268100
2021-07-07,110.6500015258789,111.83999633789062,108.55000305175781,109.68000030517578,107.67890167236328,196400
2021-07-08,106.76000213623047,108.0,103.94999694824219,106.76000213623047,104.81217193603516,162400
2021-07-09,106.7300033569336,107.8499984741211,105.6500015258789,106.68000030517578,104.733642578125,215000
2021-07-12,106.80000305175781,107.87999725341797,105.80999755859375,107.70999908447266,105.74486541748047,169800
2021-07-13,107.0999984741211,108.18000030517578,105.91000366210938,106.31999969482422,104.38020324707031,157700
2021-07-14,107.37999725341797,108.37000274658203,102.87000274658203,103.19000244140625,101.30731964111328,178400
2021-07-15,102.72000122070312,102.7300033569336,98.33999633789062,99.9800033569336,98.15587615966797,189900
2021-07-16,100.9800033569336,101.0999984741211,96.19000244140625,96.19999694824219,94.44483184814453,242000
2021-07-19,94.1500015258789,96.08999633789062,91.80999755859375,94.5999984741211,92.87403869628906,297700
2021-07-20,95.48999786376953,100.6500015258789,94.62999725341797,99.2699966430664,97.45882415771484,233000
2021-07-21,100.0199966430664,103.98999786376953,99.19999694824219,103.30000305175781,101.41531372070312,236300
2021-07-22,102.5999984741211,103.30000305175781,100.37000274658203,101.08000183105469,99.23580169677734,120500
2021-07-23,101.77999877929688,102.18000030517578,100.87999725341797,101.3499984741211,99.5008773803711,133600
2021-07-26,101.45999908447266,102.91999816894531,100.05999755859375,100.19000244140625,98.36205291748047,130700
2021-07-27,99.3499984741211,99.83000183105469,95.16999816894531,97.56999969482422,95.78985595703125,198400
2021-07-28,98.44000244140625,102.6500015258789,97.98999786376953,101.63999938964844,99.78559112548828,168000
2021-07-29,101.11000061035156,103.51000213623047,100.11000061035156,102.31999969482422,100.45317840576172,158700
2021-07-30,101.20999908447266,104.9000015258789,100.8499984741211,103.75,101.85710144042969,133400
2021-08-02,104.83000183105469,106.62000274658203,102.9000015258789,103.0,101.12078857421875,113100
2021-08-03,103.7699966430664,104.5199966430664,100.27999877929688,102.8499984741211,100.9735336303711,195600
2021-08-04,91.8499984741211,95.38999938964844,89.69999694824219,90.37000274658203,88.7212142944336,516300
2021-08-05,88.80000305175781,92.0999984741211,87.83000183105469,92.0199966430664,90.3410873413086,446200
2021-08-06,92.36000061035156,94.19000244140625,91.19999694824219,94.19000244140625,92.47150421142578,210800
2021-08-09,94.69999694824219,96.75,93.01000213623047,93.0199966430664,91.32286834716797,218200
2021-08-10,95.05000305175781,95.05000305175781,89.31999969482422,89.5999984741211,87.96526336669922,295800
2021-08-11,89.7699966430664,89.77999877929688,87.95999908447266,89.41000366210938,87.77871704101562,390100
2021-08-12,88.55000305175781,88.55999755859375,86.05000305175781,86.77999877929688,85.19671630859375,252100
2021-08-13,87.26000213623047,87.7300033569336,85.02999877929688,86.61000061035156,85.02981567382812,216500
2021-08-16,85.97000122070312,87.11000061035156,85.20999908447266,85.62000274658203,84.05789184570312,189600
2021-08-17,84.63999938964844,85.7300033569336,81.81999969482422,82.87999725341797,81.36786651611328,309500
2021-08-18,84.1500015258789,85.88999938964844,84.0999984741211,84.47000122070312,82.92887115478516,314600
2021-08-19,83.08999633789062,84.45999908447266,82.58000183105469,83.16999816894531,81.65257263183594,204700
2021-08-20,82.58999633789062,83.6500015258789,82.02999877929688,82.7300033569336,81.31838989257812,201300
2021-08-23,83.36000061035156,84.29000091552734,82.68000030517578,83.5999984741211,82.17352294921875,490000
2021-08-24,84.2699966430664,87.11000061035156,84.2699966430664,86.86000061035156,85.3779067993164,287700
2021-08-25,86.76000213623047,88.62999725341797,86.76000213623047,87.79000091552734,86.29203033447266,217500
2021-08-26,87.80000305175781,88.62999725341797,86.91000366210938,87.70999908447266,86.21339416503906,154900
2021-08-27,88.1500015258789,91.80999755859375,88.1500015258789,91.08999633789062,89.53572845458984,255200
2021-08-30,91.76000213623047,92.8499984741211,90.13999938964844,90.45999908447266,88.91647338867188,147200
2021-08-31,90.56999969482422,90.83000183105469,88.66999816894531,90.18000030517578,88.64125061035156,220900
2021-09-01,90.55999755859375,91.05000305175781,89.05000305175781,89.63999938964844,88.1104736328125,161900
2021-09-02,89.62000274658203,90.86000061035156,89.31999969482422,89.91000366210938,88.3758773803711,143600
2021-09-03,89.81999969482422,90.45999908447266,88.66999816894531,89.0999984741211,87.57969665527344,124600
2021-09-07,89.44000244140625,89.88999938964844,88.11000061035156,89.33000183105469,87.80574798583984,165700
2021-09-08,89.33000183105469,89.33000183105469,85.63999938964844,85.94999694824219,84.48344421386719,200800
2021-09-09,85.75,87.38999938964844,85.5,86.16999816894531,84.69967651367188,147100
2021-09-10,87.1500015258789,89.05999755859375,86.75,87.0199966430664,85.53516387939453,178300
2021-09-13,87.87000274658203,88.33000183105469,86.01000213623047,88.08000183105469,86.57707977294922,168300
2021-09-14,86.93000030517578,87.55999755859375,85.51000213623047,85.76000213623047,84.29666900634766,230300
2021-09-15,85.72000122070312,87.80000305175781,84.95999908447266,87.69999694824219,86.20355987548828,189600
2021-09-16,86.87999725341797,87.72000122070312,86.27999877929688,86.44999694824219,84.97490692138672,262000
2021-09-17,86.73999786376953,87.98999786376953,85.27999877929688,87.05000305175781,85.56466674804688,669200
2021-09-20,84.58999633789062,85.0,82.81999969482422,84.12999725341797,82.69448852539062,253600
2021-09-21,84.87999725341797,85.58000183105469,82.83999633789062,84.76000213623047,83.3137435913086,182900
2021-09-22,85.69000244140625,87.94999694824219,85.30999755859375,87.62999725341797,86.134765625,174800
2021-09-23,87.63999938964844,90.94000244140625,87.48999786376953,90.68000030517578,89.13273620605469,226600
2021-09-24,89.77999877929688,91.19000244140625,88.95999908447266,90.62999725341797,89.08358001708984,155500
2021-09-27,90.30000305175781,91.87000274658203,90.0199966430664,91.76000213623047,90.19429016113281,184200
2021-09-28,90.69999694824219,91.81999969482422,89.51000213623047,90.02999877929688,88.4937973022461,367500
2021-09-29,90.23999786376953,91.1500015258789,89.41999816894531,90.22000122070312,88.68058776855469,345500
2021-09-30,90.94000244140625,91.81999969482422,87.73999786376953,87.75,86.25272369384766,205300
2021-10-01,88.80999755859375,89.80999755859375,87.12000274658203,88.8499984741211,87.33393096923828,191800
2021-10-04,88.30999755859375,89.44999694824219,85.12000274658203,85.30999755859375,83.85435485839844,183200
2021-10-05,86.08000183105469,86.45999908447266,84.70999908447266,85.41999816894531,83.96247100830078,202700
2021-10-06,84.87000274658203,85.86000061035156,83.87999725341797,85.41000366210938,83.95264434814453,231300
2021-10-07,86.61000061035156,88.62000274658203,85.70999908447266,88.41000366210938,86.90145874023438,346700
2021-10-08,88.7300033569336,89.26000213623047,87.2300033569336,87.45999908447266,85.9676742553711,131700
2021-10-11,87.19000244140625,87.44000244140625,85.69999694824219,85.8499984741211,84.3851318359375,179300
2021-10-12,85.44999694824219,86.3499984741211,84.58999633789062,85.45999908447266,84.00178527832031,267400
2021-10-13,86.3499984741211,86.79000091552734,84.69000244140625,85.47000122070312,84.01163482666016,131000
2021-10-14,87.04000091552734,87.62000274658203,85.68000030517578,87.38999938964844,85.89887237548828,212500
2021-10-15,88.76000213623047,88.87000274658203,87.66999816894531,88.44000244140625,86.93094635009766,263600
2021-10-18,87.69000244140625,87.9000015258789,86.9800033569336,87.23999786376953,85.75142669677734,94500
2021-10-19,87.61000061035156,88.51000213623047,87.4800033569336,88.0,86.49845123291016,100500
2021-10-20,88.25,88.80000305175781,87.37999725341797,87.55999755859375,86.06596374511719,110400
2021-10-21,86.73999786376953,87.5,85.63999938964844,86.23999786376953,84.76847839355469,207100
2021-10-22,85.7300033569336,87.5999984741211,84.83999633789062,85.16999816894531,83.71675109863281,124400
2021-10-25,85.69000244140625,86.80999755859375,84.97000122070312,85.81999969482422,84.35565185546875,106800
2021-10-26,86.44000244140625,86.44000244140625,84.7699966430664,85.27999877929688,83.8248519897461,153500
2021-10-27,85.44999694824219,86.19000244140625,84.58000183105469,84.76000213623047,83.3137435913086,134900
2021-10-28,85.58999633789062,91.30999755859375,85.47000122070312,91.2300033569336,89.67334747314453,200600
2021-10-29,90.51000213623047,92.12000274658203,90.51000213623047,91.81999969482422,90.25326538085938,179000
2021-11-01,92.29000091552734,94.5999984741211,92.29000091552734,94.0199966430664,92.41573333740234,207000
2021-11-02,94.33000183105469,94.52999877929688,91.75,92.16999816894531,90.59730529785156,103500
2021-11-03,92.44999694824219,94.2699966430664,91.52999877929688,93.83000183105469,92.22897338867188,111400
2021-11-04,94.83000183105469,95.12999725341797,93.38999938964844,93.97000122070312,92.36659240722656,190000
2021-11-05,95.0,96.23999786376953,93.61000061035156,95.1500015258789,93.52642822265625,160600
2021-11-08,95.6500015258789,96.36000061035156,94.55000305175781,95.01000213623047,93.38887023925781,196800
2021-11-09,91.13999938964844,95.9000015258789,87.94999694824219,92.6500015258789,91.06912231445312,343400
2021-11-10,91.79000091552734,94.4800033569336,91.05999755859375,93.25,91.65884399414062,172300
2021-11-11,94.04000091552734,95.4800033569336,90.62999725341797,93.9800033569336,92.37641143798828,333600
2021-11-12,94.83999633789062,94.83999633789062,91.12000274658203,91.36000061035156,89.8011245727539,189500
2021-11-15,92.2300033569336,92.62999725341797,89.87999725341797,90.66999816894531,89.12288665771484,194700
2021-11-16,90.16000366210938,91.22000122070312,89.61000061035156,90.75,89.20152282714844,148300
2021-11-17,90.72000122070312,91.26000213623047,88.6500015258789,89.75,88.21859741210938,184000
2021-11-18,90.33999633789062,90.33999633789062,86.37999725341797,89.22000122070312,87.6976318359375,328400
2021-11-19,89.0999984741211,90.72000122070312,89.08999633789062,89.58999633789062,88.16012573242188,251500
2021-11-22,90.66000366210938,91.55999755859375,88.97000122070312,89.29000091552734,87.86491394042969,196700
2021-11-23,89.73999786376953,90.79000091552734,87.69000244140625,90.5999984741211,89.15402221679688,270400
2021-11-24,90.11000061035156,91.80000305175781,89.25,91.4000015258789,89.94123840332031,406600
2021-11-26,88.69999694824219,89.2699966430664,86.36000061035156,87.88999938964844,86.4872817993164,328300
2021-11-29,89.87999725341797,91.58000183105469,88.04000091552734,88.75,87.33354187011719,170000
2021-11-30,87.98999786376953,89.69000244140625,86.16999816894531,87.69000244140625,86.29046630859375,220400
2021-12-01,89.98999786376953,91.77999877929688,88.54000091552734,88.58999633789062,87.17608642578125,297800
2021-12-02,88.48999786376953,89.19000244140625,85.75,87.05999755859375,85.67051696777344,213300
2021-12-03,87.58999633789062,87.58999633789062,85.16000366210938,86.45999908447266,85.0801010131836,206800
2021-12-06,87.47000122070312,89.26000213623047,84.93000030517578,88.87000274658203,87.45162200927734,216300
2021-12-07,90.72000122070312,93.47000122070312,89.5,92.47000122070312,90.99417877197266,106900
2021-12-08,92.7300033569336,93.9800033569336,91.33000183105469,93.11000061035156,91.62397003173828,150800
2021-12-09,92.98999786376953,93.16999816894531,87.44000244140625,87.91000366210938,86.5069351196289,184900
2021-12-10,88.97000122070312,88.97000122070312,86.08000183105469,86.77999877929688,85.39498138427734,165900
2021-12-13,86.4000015258789,87.11000061035156,84.51000213623047,85.36000061035156,83.99764251708984,200200
2021-12-14,84.41000366210938,85.94000244140625,83.36000061035156,85.02999877929688,83.67291259765625,256400
2021-12-15,85.2699966430664,87.66000366210938,83.3499984741211,87.5,86.1034927368164,256000
2021-12-16,88.51000213623047,88.69000244140625,84.0999984741211,84.93000030517578,83.57449340820312,288300
2021-12-17,89.83999633789062,89.83999633789062,84.87999725341797,86.37999725341797,85.0013656616211,1114400
2021-12-20,84.63999938964844,85.68000030517578,82.62000274658203,84.4000015258789,83.05296325683594,311100
2021-12-21,86.04000091552734,87.91999816894531,85.9000015258789,87.18000030517578,85.78858947753906,208100
2021-12-22,86.75,88.4800033569336,86.30999755859375,88.19000244140625,86.78248596191406,139400
2021-12-23,88.45999908447266,89.4000015258789,87.69999694824219,89.05000305175781,87.62875366210938,115000
2021-12-27,89.2699966430664,90.87999725341797,88.51000213623047,90.58000183105469,89.13432312011719,103100
2021-12-28,90.73999786376953,90.94999694824219,89.4800033569336,90.41000366210938,88.96704864501953,121100
2021-12-29,90.66000366210938,92.81999969482422,90.08000183105469,92.55000305175781,91.07288360595703,148800
2021-12-30,92.26000213623047,94.19000244140625,91.97000122070312,92.27999877929688,90.80718994140625,251500
2021-12-31,92.41999816894531,92.97000122070312,90.93000030517578,91.05999755859375,89.6066665649414,137600
2022-01-03,91.2300033569336,92.81999969482422,90.75,92.81999969482422,91.33856964111328,193500
2022-01-04,93.30999755859375,93.66999816894531,91.62000274658203,92.9000015258789,91.41729736328125,108900
2022-01-05,92.77999877929688,94.47000122070312,89.41999816894531,89.41999816894531,87.99285125732422,175700
2022-01-06,91.08999633789062,93.0,89.66000366210938,91.80000305175781,90.33486938476562,157600
2022-01-07,91.37000274658203,92.48999786376953,89.55999755859375,89.56999969482422,88.14044952392578,186100
2022-01-10,89.11000061035156,89.12000274658203,86.9000015258789,88.79000091552734,87.3729019165039,148700
2022-01-11,88.86000061035156,90.54000091552734,87.63999938964844,90.25,88.80958557128906,125300
2022-01-12,90.95999908447266,93.05999755859375,89.13999938964844,92.2300033569336,90.75800323486328,203900
2022-01-13,93.29000091552734,95.30000305175781,91.47000122070312,92.12999725341797,90.65959930419922,247100
2022-01-14,91.0,94.01000213623047,90.0999984741211,93.7300033569336,92.23404693603516,191700
2022-01-18,93.08999633789062,93.51000213623047,89.08999633789062,89.0999984741211,87.6779556274414,243900
2022-01-19,89.87999725341797,89.98999786376953,85.66999816894531,86.11000061035156,84.73567962646484,314800
2022-01-20,86.23999786376953,89.08000183105469,84.95999908447266,85.11000061035156,83.75164031982422,161600
2022-01-21,84.44999694824219,88.62000274658203,84.0199966430664,85.87000274658203,84.49950408935547,282600
2022-01-24,83.95999908447266,88.20999908447266,81.37999725341797,88.0,86.59551239013672,263000
2022-01-25,86.56999969482422,86.56999969482422,83.66999816894531,84.19000244140625,82.84632873535156,229700
2022-01-26,86.13999938964844,90.04000091552734,84.83999633789062,86.12000274658203,84.74553680419922,229300
2022-01-27,85.70999908447266,86.12000274658203,79.23999786376953,79.23999786376953,77.97531127929688,441200
2022-01-28,79.16000366210938,81.9000015258789,77.79000091552734,81.9000015258789,80.59286499023438,224600
2022-01-31,81.7699966430664,86.3499984741211,81.0,86.18000030517578,84.80457305908203,244900
2022-02-01,86.61000061035156,87.12999725341797,84.0199966430664,86.4000015258789,85.02103424072266,417000
2022-02-02,86.4000015258789,88.43000030517578,86.05999755859375,86.5,85.11945343017578,296200
2022-02-03,86.06999969482422,87.02999877929688,83.79000091552734,83.87000274658203,82.53141784667969,205300
2022-02-04,84.11000061035156,84.11000061035156,82.13999938964844,82.69000244140625,81.37025451660156,197900
2022-02-07,82.87999725341797,84.66999816894531,81.16000366210938,83.05000305175781,81.7245101928711,349700
2022-02-08,83.2300033569336,84.66999816894531,82.88999938964844,83.69000244140625,82.35430908203125,342300
2022-02-09,85.29000091552734,87.62000274658203,83.91000366210938,85.66999816894531,84.30269622802734,318900
2022-02-10,83.2300033569336,88.94999694824219,83.2300033569336,85.58999633789062,84.22398376464844,483200
2022-02-11,85.38999938964844,86.41999816894531,81.62999725341797,82.05999755859375,80.75032043457031,273000
2022-02-14,79.55999755859375,83.70999908447266,79.55999755859375,82.27999877929688,80.96678924560547,208700
2022-02-15,83.94000244140625,88.23999786376953,82.62000274658203,88.23999786376953,86.83168029785156,252800
2022-02-16,87.37999725341797,89.25,86.41999816894531,89.11000061035156,87.68780517578125,196800
2022-02-17,88.08999633789062,88.86000061035156,86.2300033569336,86.37000274658203,85.08699798583984,115400
2022-02-18,86.05999755859375,87.0999984741211,85.16999816894531,86.33000183105469,85.04761505126953,131700
2022-02-22,85.4000015258789,87.12000274658203,82.63999938964844,83.62000274658203,82.37786102294922,119100
2022-02-23,84.7300033569336,85.94999694824219,82.47000122070312,82.81999969482422,81.5897445678711,200300
2022-02-24,79.7699966430664,86.41000366210938,79.44999694824219,86.23999786376953,84.95893096923828,279300
2022-02-25,86.0,88.36000061035156,85.18000030517578,88.02999877929688,86.72234344482422,234100
2022-02-28,86.7300033569336,89.0,84.44000244140625,85.8499984741211,84.57472229003906,351500
2022-03-01,86.06999969482422,86.44000244140625,84.0199966430664,85.0999984741211,83.83586883544922,202700
2022-03-02,85.41000366210938,88.63999938964844,85.08999633789062,88.33999633789062,87.02774047851562,125900
2022-03-03,88.98999786376953,88.98999786376953,85.43000030517578,86.37999725341797,85.09686279296875,121500
2022-03-04,85.12000274658203,85.5999984741211,81.73999786376953,82.33000183105469,81.10702514648438,196200
2022-03-07,82.33000183105469,82.91000366210938,81.11000061035156,81.2300033569336,80.02336120605469,219500
2022-03-08,81.37000274658203,84.19000244140625,80.01000213623047,81.66000366210938,80.44698333740234,229200
2022-03-09,84.05999755859375,86.2699966430664,83.37999725341797,86.23999786376953,84.95893096923828,216800
2022-03-10,84.38999938964844,85.0,83.33000183105469,83.9800033569336,82.73251342773438,206400
2022-03-11,85.08999633789062,85.08999633789062,83.0199966430664,83.4800033569336,82.23995208740234,150300
2022-03-14,84.25,84.25,78.12000274658203,78.41999816894531,77.25511169433594,187100
2022-03-15,78.9800033569336,83.0,78.2300033569336,82.73999786376953,81.51092529296875,140600
2022-03-16,83.58999633789062,86.30999755859375,83.11000061035156,85.97000122070312,84.69296264648438,164600
2022-03-17,85.08999633789062,90.41999816894531,84.44999694824219,90.26000213623047,88.91921997070312,216800
2022-03-18,90.38999938964844,91.68000030517578,88.16000366210938,90.56999969482422,89.2246322631836,467200
2022-03-21,89.80000305175781,90.55000305175781,87.68000030517578,88.79000091552734,87.47107696533203,131800
2022-03-22,89.41999816894531,90.16000366210938,88.29000091552734,89.19999694824219,87.87496948242188,122000
2022-03-23,88.08999633789062,88.27999877929688,86.08000183105469,86.62999725341797,85.34315490722656,128300
2022-03-24,87.02999877929688,90.2699966430664,86.2699966430664,90.22000122070312,88.87982940673828,142700
2022-03-25,90.80999755859375,90.8499984741211,88.16000366210938,89.80999755859375,88.47590637207031,127400
2022-03-28,88.86000061035156,89.76000213623047,87.30000305175781,88.69999694824219,87.38240051269531,126200
2022-03-29,90.30000305175781,92.20999908447266,90.05999755859375,91.63999938964844,90.27873992919922,270900
2022-03-30,91.45999908447266,91.45999908447266,86.94999694824219,87.2300033569336,85.93423461914062,130500
2022-03-31,87.63999938964844,88.51000213623047,85.87999725341797,86.08000183105469,84.80133056640625,204200
2022-04-01,86.44999694824219,87.33999633789062,84.06999969482422,84.93000030517578,83.66839599609375,204600
2022-04-04,85.69000244140625,86.91999816894531,85.0,86.33000183105469,85.04761505126953,229600
2022-04-05,86.70999908447266,86.70999908447266,82.55999755859375,83.05999755859375,81.82618713378906,167800
2022-04-06,81.80999755859375,82.05999755859375,80.0,80.48999786376953,79.29437255859375,236100
2022-04-07,80.77999877929688,82.2300033569336,79.63999938964844,81.08999633789062,79.88545227050781,286000
2022-04-08,80.80000305175781,80.81999969482422,77.12000274658203,77.2300033569336,76.0827865600586,216000
2022-04-11,75.79000091552734,77.56999969482422,75.0199966430664,75.5199966430664,74.39818572998047,234200
2022-04-12,77.26000213623047,78.55000305175781,75.87000274658203,76.04000091552734,74.91046142578125,219200
2022-04-13,76.58999633789062,77.43000030517578,75.66000366210938,75.69999694824219,74.57551574707031,161500
2022-04-14,75.87000274658203,76.23999786376953,73.87000274658203,73.9800033569336,72.88106536865234,124500
2022-04-18,73.26000213623047,75.80999755859375,73.26000213623047,75.69999694824219,74.57551574707031,149400
2022-04-19,75.83999633789062,78.30000305175781,75.83999633789062,77.94999694824219,76.79206848144531,161700
2022-04-20,79.41000366210938,81.12999725341797,79.41000366210938,80.0,78.8116226196289,200800
2022-04-21,81.0999984741211,81.75,79.06999969482422,79.5999984741211,78.4175796508789,234200
2022-04-22,79.16000366210938,79.22000122070312,76.58000183105469,77.11000061035156,75.9645767211914,157600
2022-04-25,76.79000091552734,78.80000305175781,76.26000213623047,78.62999725341797,77.46197509765625,198700
2022-04-26,77.9800033569336,78.44999694824219,76.41999816894531,76.47000122070312,75.3340835571289,243900
2022-04-27,75.83999633789062,77.08999633789062,73.33000183105469,73.83999633789062,72.74312591552734,177400
2022-04-28,74.79000091552734,78.41999816894531,73.88999938964844,77.55999755859375,76.40787506103516,169400
2022-04-29,76.68000030517578,79.45999908447266,76.05000305175781,76.5199966430664,75.38334655761719,198900
2022-05-02,76.23999786376953,77.91000366210938,75.04000091552734,77.81999969482422,76.66401672363281,157500
2022-05-03,77.52999877929688,79.0199966430664,77.19000244140625,78.7300033569336,77.56050109863281,151300
2022-05-04,79.38999938964844,83.94999694824219,78.62000274658203,83.44000244140625,82.2005386352539,303100
2022-05-05,81.48999786376953,82.0,76.68000030517578,79.69000244140625,78.50626373291016,269300
2022-05-06,78.91999816894531,80.13999938964844,76.63999938964844,78.68000030517578,77.51126098632812,181200
2022-05-09,76.7699966430664,77.77999877929688,74.54000091552734,75.30999755859375,74.19129180908203,199100
2022-05-10,76.37000274658203,77.0999984741211,72.22000122070312,75.7699966430664,74.64447021484375,255300
2022-05-11,75.62000274658203,77.94000244140625,73.98999786376953,74.26000213623047,73.15689849853516,155900
2022-05-12,73.66000366210938,76.2300033569336,73.0199966430664,75.91000366210938,74.78239440917969,165900
2022-05-13,77.41000366210938,80.0999984741211,77.0199966430664,79.5199966430664,78.3387451171875,174400
2022-05-16,78.41000366210938,79.12999725341797,77.26000213623047,77.37999725341797,76.23054504394531,145100
2022-05-17,79.23999786376953,81.30000305175781,78.80000305175781,80.87999725341797,79.6785659790039,154300
2022-05-18,79.02999877929688,81.08000183105469,76.98999786376953,77.4000015258789,76.250244140625,307600
2022-05-19,76.94000244140625,79.19000244140625,76.2300033569336,76.5999984741211,75.4621353149414,293300
2022-05-20,77.93000030517578,77.93000030517578,72.88999938964844,75.47000122070312,74.44611358642578,304200
2022-05-23,76.13999938964844,76.72000122070312,74.61000061035156,75.86000061035156,74.83081817626953,269100
2022-05-24,75.05000305175781,76.3499984741211,72.66999816894531,74.6500015258789,73.63724517822266,224200
2022-05-25,74.19999694824219,76.80000305175781,74.19999694824219,76.30000305175781,75.26484680175781,121400
2022-05-26,76.26000213623047,79.31999969482422,76.26000213623047,79.0999984741211,78.02687072753906,120800
2022-05-27,79.86000061035156,82.31999969482422,79.79000091552734,82.22000122070312,81.10453796386719,140200
2022-05-31,81.66000366210938,82.08000183105469,79.97000122070312,81.45999908447266,80.35485076904297,196600
2022-06-01,81.93000030517578,82.31999969482422,78.95999908447266,79.83999633789062,78.75682830810547,108600
2022-06-02,79.83999633789062,82.38999938964844,79.25,82.38999938964844,81.272216796875,170600
2022-06-03,81.4000015258789,81.70999908447266,80.04000091552734,80.7699966430664,79.67418670654297,95300
2022-06-06,82.11000061035156,82.55999755859375,81.22000122070312,82.22000122070312,81.10453796386719,146200
2022-06-07,81.31999969482422,82.62000274658203,80.68000030517578,82.22000122070312,81.10453796386719,120800
2022-06-08,82.22000122070312,82.22000122070312,79.55000305175781,80.01000213623047,78.92452239990234,98700
2022-06-09,79.30000305175781,80.6500015258789,78.77999877929688,79.63999938964844,78.5595474243164,189600
2022-06-10,78.66000366210938,79.1500015258789,77.08999633789062,77.2699966430664,76.22167205810547,103300
2022-06-13,74.8499984741211,75.48999786376953,72.80999755859375,73.93000030517578,72.92701721191406,198700
2022-06-14,74.51000213623047,76.83000183105469,73.54000091552734,74.13999938964844,73.1341552734375,149600
2022-06-15,74.9000015258789,75.66000366210938,73.62000274658203,74.2699966430664,73.26239013671875,195800
2022-06-16,72.23999786376953,73.36000061035156,68.6500015258789,69.33000183105469,68.389404296875,214100
2022-06-17,69.91000366210938,71.27999877929688,69.83000183105469,70.19000244140625,69.23774719238281,379500
2022-06-21,71.75,74.55000305175781,70.61000061035156,72.2699966430664,71.28952026367188,138600
2022-06-22,70.88999938964844,72.3499984741211,70.33999633789062,71.87000274658203,70.89495849609375,167200
2022-06-23,71.75,72.72000122070312,70.77999877929688,72.20999908447266,71.23033142089844,185000
2022-06-24,73.44000244140625,75.37000274658203,73.25,73.94000244140625,72.93687438964844,548000
2022-06-27,74.70999908447266,75.36000061035156,73.37999725341797,75.01000213623047,73.99235534667969,215700
2022-06-28,75.44000244140625,75.98999786376953,73.30999755859375,73.33999633789062,72.34500885009766,151300
2022-06-29,73.25,73.7699966430664,70.87999725341797,72.62999725341797,71.64463806152344,157300
2022-06-30,71.6500015258789,74.55999755859375,69.8499984741211,72.9800033569336,71.98990631103516,233600
2022-07-01,72.44999694824219,72.44999694824219,68.55999755859375,69.3499984741211,68.40914916992188,253200
2022-07-05,67.79000091552734,73.1500015258789,67.55000305175781,73.12000274658203,72.12801361083984,336000
2022-07-06,73.26000213623047,74.2300033569336,71.87999725341797,73.62999725341797,72.63107299804688,220600
2022-07-07,74.52999877929688,75.55999755859375,73.69000244140625,75.0199966430664,74.00221252441406,122000
2022-07-08,74.73999786376953,75.37000274658203,73.54000091552734,74.91999816894531,73.90357971191406,109000
2022-07-11,74.23999786376953,74.7300033569336,73.30999755859375,74.0999984741211,73.09469604492188,87200
2022-07-12,74.4000015258789,75.26000213623047,73.33000183105469,74.13999938964844,73.1341552734375,110500
2022-07-13,72.79000091552734,75.04000091552734,72.72000122070312,74.8499984741211,73.83453369140625,87500
2022-07-14,74.58000183105469,75.30999755859375,72.69000244140625,75.19999694824219,74.1797866821289,141300
2022-07-15,75.7699966430664,77.38999938964844,75.11000061035156,77.05999755859375,76.01453399658203,147500
2022-07-18,77.93000030517578,79.41999816894531,76.11000061035156,76.25,75.21553039550781,127500
2022-07-19,77.08000183105469,80.9800033569336,77.08000183105469,80.66999816894531,79.57556915283203,216300
2022-07-20,80.87000274658203,84.01000213623047,77.08000183105469,83.83999633789062,82.70255279541016,250500
2022-07-21,84.25,86.16999816894531,83.77999877929688,86.11000061035156,84.94176483154297,184000
2022-07-22,86.30999755859375,86.30999755859375,83.30000305175781,83.8499984741211,82.71241760253906,162600
2022-07-25,83.79000091552734,83.81999969482422,82.0,83.69000244140625,82.55461120605469,122100
2022-07-26,83.30000305175781,84.3499984741211,82.7699966430664,83.02999877929688,81.90353393554688,145300
2022-07-27,83.5999984741211,87.54000091552734,83.08000183105469,86.83000183105469,85.6520004272461,169100
2022-07-28,87.19000244140625,89.58999633789062,86.1500015258789,89.25,88.03915405273438,136900
2022-07-29,88.76000213623047,89.95999908447266,88.25,89.48999786376953,88.2759017944336,169200
2022-08-01,88.80000305175781,92.4000015258789,88.33000183105469,91.43000030517578,90.18958282470703,226400
2022-08-02,90.23999786376953,91.0,89.05999755859375,90.0999984741211,88.87762451171875,152800
2022-08-03,90.41999816894531,93.95999908447266,89.80000305175781,92.87000274658203,91.61004638671875,260600
2022-08-04,95.0,98.0,91.12999725341797,94.11000061035156,92.83323669433594,397000
2022-08-05,94.48999786376953,94.66999816894531,90.66000366210938,94.25,92.9713363647461,290000
2022-08-08,94.0,95.0,92.86000061035156,94.48999786376953,93.20807647705078,169600
2022-08-09,93.27999877929688,93.44000244140625,89.8499984741211,90.31999969482422,89.09465789794922,184100
2022-08-10,92.9000015258789,94.48999786376953,92.02999877929688,94.08999633789062,92.81349182128906,151200
2022-08-11,94.87999725341797,95.76000213623047,93.58999633789062,93.69000244140625,92.41891479492188,101500
2022-08-12,94.31999969482422,95.41999816894531,93.12999725341797,95.0,93.71116638183594,251200
2022-08-15,94.79000091552734,95.94999694824219,93.76000213623047,95.45999908447266,94.16493225097656,137100
2022-08-16,95.02999877929688,96.7699966430664,94.16999816894531,96.41999816894531,95.11187744140625,157400
2022-08-17,94.91000366210938,95.5999984741211,93.80000305175781,95.04000091552734,93.7506103515625,95900
2022-08-18,94.5199966430664,98.06999969482422,94.04000091552734,98.01000213623047,96.68033599853516,105300
2022-08-19,96.4000015258789,96.4000015258789,94.31999969482422,95.11000061035156,93.91548156738281,101400
2022-08-22,93.58000183105469,94.30000305175781,92.08999633789062,92.61000061035156,91.44688415527344,82800
2022-08-23,93.0,94.31999969482422,93.0,93.36000061035156,92.18746948242188,99600
2022-08-24,93.45999908447266,94.38999938964844,92.68000030517578,93.55999755859375,92.38496398925781,61300
2022-08-25,94.06999969482422,96.30999755859375,94.06999969482422,96.12000274658203,94.91280364990234,97100
2022-08-26,96.58000183105469,96.76000213623047,90.55999755859375,90.62999725341797,89.49176025390625,157500
2022-08-29,89.72000122070312,91.56999969482422,89.26000213623047,91.0199966430664,89.8768539428711,179000
2022-08-30,91.77999877929688,92.47000122070312,88.87999725341797,89.7699966430664,88.64253234863281,120500
2022-08-31,90.73999786376953,90.73999786376953,88.87000274658203,89.79000091552734,88.66230773925781,151300
2022-09-01,88.30000305175781,88.30000305175781,85.11000061035156,87.11000061035156,86.0159683227539,188500
2022-09-02,88.19999694824219,89.05999755859375,85.98999786376953,86.58999633789062,85.50248718261719,96700
2022-09-06,86.30999755859375,86.30999755859375,84.0999984741211,86.11000061035156,85.02851867675781,153600
2022-09-07,86.19000244140625,87.51000213623047,84.62000274658203,86.0999984741211,85.01864624023438,142300
2022-09-08,85.20999908447266,87.5,84.5,87.06999969482422,85.9764633178711,137000
2022-09-09,88.29000091552734,89.54000091552734,87.70999908447266,88.62999725341797,87.51686096191406,102300
2022-09-12,88.86000061035156,89.9000015258789,87.62999725341797,89.30999755859375,88.1883316040039,148600
2022-09-13,86.66999816894531,86.80999755859375,84.69000244140625,84.91999816894531,83.85346984863281,115700
2022-09-14,85.29000091552734,89.98999786376953,84.0199966430664,85.7699966430664,84.69278717041016,137300
2022-09-15,85.1500015258789,86.08000183105469,83.58999633789062,84.37000274658203,83.31036376953125,121500
2022-09-16,83.0,84.45999908447266,82.43000030517578,84.33000183105469,83.2708740234375,322600
2022-09-19,83.37999725341797,85.2699966430664,83.25,84.80000305175781,83.7349853515625,85600
2022-09-20,84.0,84.75,82.83999633789062,84.0,82.94503784179688,97700
2022-09-21,84.55999755859375,85.69000244140625,83.1500015258789,83.30999755859375,82.26366424560547,100000
2022-09-22,82.87000274658203,82.87000274658203,80.23999786376953,81.19999694824219,80.18017578125,92800
2022-09-23,79.94999694824219,80.2699966430664,78.61000061035156,79.91999816894531,78.91624450683594,117400
2022-09-26,79.66999816894531,81.08999633789062,78.58999633789062,78.72000122070312,77.7313232421875,126600
2022-09-27,79.91000366210938,80.23999786376953,78.3499984741211,79.22000122070312,78.22504425048828,115900
2022-09-28,78.33999633789062,81.86000061035156,78.23999786376953,81.06999969482422,80.05181121826172,164900
2022-09-29,80.12000274658203,80.45999908447266,78.47000122070312,80.08000183105469,79.07426452636719,126900
2022-09-30,78.5999984741211,80.62999725341797,77.13999938964844,77.41000366210938,76.43778991699219,207200
2022-10-03,78.5999984741211,82.0999984741211,77.69999694824219,81.58999633789062,80.56526184082031,150800
2022-10-04,83.9000015258789,84.70999908447266,82.69000244140625,84.01000213623047,82.95491027832031,163800
2022-10-05,82.6500015258789,83.97000122070312,81.66000366210938,83.79000091552734,82.73765563964844,191000
2022-10-06,83.79000091552734,84.51000213623047,82.88999938964844,83.1500015258789,82.10568237304688,177300
2022-10-07,81.79000091552734,82.0199966430664,77.63999938964844,78.08000183105469,77.099365234375,198400
2022-10-10,78.63999938964844,78.63999938964844,74.45999908447266,75.5199966430664,74.57151794433594,186600
2022-10-11,74.87999725341797,75.68000030517578,72.27999877929688,73.48999786376953,72.5669937133789,295300
2022-10-12,73.5199966430664,73.5199966430664,71.16000366210938,71.72000122070312,70.81925201416016,146800
2022-10-13,69.5,74.08000183105469,68.0,73.86000061035156,72.932373046875,323500
2022-10-14,74.51000213623047,74.93000030517578,70.30999755859375,70.7300033569336,69.84169006347656,129300
2022-10-17,72.29000091552734,72.94999694824219,70.79000091552734,71.19999694824219,70.30577850341797,191500
2022-10-18,72.9800033569336,73.2699966430664,71.0,71.68000030517578,70.7797622680664,187600
2022-10-19,71.3499984741211,71.4000015258789,69.41000366210938,71.26000213623047,70.3650131225586,160000
2022-10-20,71.87000274658203,73.19000244140625,70.37000274658203,70.87999725341797,69.98979949951172,238900
2022-10-21,71.3499984741211,75.37999725341797,70.7300033569336,74.66000366210938,73.72232055664062,248900
2022-10-24,74.9800033569336,75.08000183105469,72.9800033569336,74.19000244140625,73.25823211669922,230400
2022-10-25,74.37999725341797,76.83999633789062,74.37999725341797,75.88999938964844,74.9368667602539,223700
2022-10-26,75.83000183105469,78.33999633789062,74.63999938964844,76.0199966430664,75.06523895263672,199500
2022-10-27,77.05999755859375,78.02999877929688,75.95999908447266,76.51000213623047,75.54908752441406,124600
2022-10-28,77.06999969482422,79.30000305175781,76.48999786376953,79.0199966430664,78.02755737304688,249600
2022-10-31,78.63999938964844,79.55999755859375,77.0,78.6500015258789,77.6622085571289,223900
2022-11-01,79.91999816894531,80.0999984741211,78.4000015258789,79.77999877929688,78.77801513671875,202300
2022-11-02,80.0,86.43000030517578,79.13999938964844,80.26000213623047,79.25199890136719,721200
2022-11-03,79.68000030517578,81.9800033569336,79.25,80.44000244140625,79.42974090576172,296500
2022-11-04,83.30000305175781,84.41000366210938,81.66999816894531,83.0,81.95758056640625,250700
2022-11-07,83.54000091552734,83.55000305175781,80.61000061035156,82.20999908447266,81.17750549316406,209200
2022-11-08,83.30000305175781,84.6500015258789,81.45999908447266,82.73999786376953,81.70084381103516,157500
2022-11-09,81.68000030517578,83.11000061035156,81.2300033569336,81.97000122070312,80.94050598144531,108800
2022-11-10,86.8499984741211,88.08999633789062,84.8499984741211,87.4800033569336,86.38130950927734,204000
2022-11-11,88.05999755859375,93.31999969482422,86.48999786376953,92.38999938964844,91.22964477539062,394800
2022-11-14,91.75,92.88999938964844,89.86000061035156,90.11000061035156,88.97828674316406,155100
2022-11-15,92.12999725341797,94.83000183105469,91.30999755859375,93.27999877929688,92.10846710205078,237000
2022-11-16,92.16000366210938,92.30000305175781,89.33000183105469,89.62999725341797,88.50431060791016,276600
2022-11-17,87.44000244140625,88.58999633789062,86.76000213623047,88.05000305175781,86.94415283203125,302000
2022-11-18,90.04000091552734,90.33999633789062,88.0,89.30000305175781,88.27872467041016,148100
2022-11-21,88.76000213623047,89.77999877929688,88.02999877929688,89.48999786376953,88.46652221679688,119000
2022-11-22,90.0999984741211,91.25,88.7300033569336,90.91000366210938,89.87032318115234,130900
2022-11-23,91.0,92.11000061035156,91.0,92.0199966430664,90.96761322021484,113500
2022-11-25,92.0199966430664,92.44999694824219,90.91000366210938,90.94000244140625,89.89995574951172,60300
2022-11-28,90.0999984741211,90.19999694824219,88.12000274658203,88.69000244140625,87.67570495605469,174300
2022-11-29,88.69000244140625,89.76000213623047,88.43000030517578,88.43000030517578,87.41866302490234,95900
2022-11-30,89.05000305175781,92.79000091552734,87.12000274658203,92.63999938964844,91.58051300048828,227900
2022-12-01,92.83000183105469,93.5,90.55999755859375,93.12999725341797,92.06491088867188,161000
2022-12-02,91.29000091552734,93.58000183105469,90.77999877929688,92.66999816894531,91.61017608642578,141100
2022-12-05,92.33000183105469,92.33000183105469,89.12999725341797,90.5999984741211,89.56383514404297,218200
2022-12-06,90.19000244140625,90.75,88.23999786376953,89.51000213623047,88.486328125,140600
2022-12-07,89.33000183105469,90.80999755859375,88.16000366210938,89.88999938964844,88.8619613647461,111000
2022-12-08,90.54000091552734,91.75,89.5,91.5,90.45354461669922,125400
2022-12-09,91.04000091552734,92.11000061035156,90.4000015258789,90.70999908447266,89.67259216308594,117300
2022-12-12,91.19000244140625,93.12000274658203,90.25,92.0,90.94783782958984,227600
2022-12-13,95.23999786376953,97.31999969482422,93.76000213623047,94.8499984741211,93.76524353027344,211600
2022-12-14,94.26000213623047,96.13999938964844,93.19000244140625,93.91000366210938,92.83599853515625,148200
2022-12-15,92.2300033569336,92.5,88.19999694824219,89.76000213623047,88.73345184326172,276000
2022-12-16,88.33999633789062,90.1500015258789,87.55999755859375,88.83999633789062,87.823974609375,458500
2022-12-19,89.02999877929688,89.02999877929688,84.55000305175781,84.81999969482422,83.84994506835938,207000
2022-12-20,84.9000015258789,86.77999877929688,84.86000061035156,85.62999725341797,84.65068817138672,212300
2022-12-21,86.37999725341797,87.77999877929688,85.75,86.87000274658203,85.87650299072266,185400
2022-12-22,85.58999633789062,85.58999633789062,81.80999755859375,83.27999877929688,82.32755279541016,194800
2022-12-23,83.47000122070312,84.30000305175781,82.08999633789062,83.72000122070312,82.76251983642578,148700
2022-12-27,83.94000244140625,84.29000091552734,82.38999938964844,83.97000122070312,83.0096664428711,106400
2022-12-28,83.94999694824219,84.31999969482422,82.0199966430664,82.75,81.80363464355469,119900
2022-12-29,83.97000122070312,85.93000030517578,83.79000091552734,85.7300033569336,84.74954986572266,133500
2022-12-30,84.87000274658203,86.11000061035156,84.33000183105469,85.77999877929688,84.79898071289062,105500
2023-01-03,86.69000244140625,87.41000366210938,84.7300033569336,85.54000091552734,84.56170654296875,180900
2023-01-04,86.44000244140625,87.54000091552734,85.83999633789062,86.63999938964844,85.64913940429688,129900
2023-01-05,86.63999938964844,87.37000274658203,84.4000015258789,86.08999633789062,85.10540771484375,125000
2023-01-06,87.4000015258789,91.27999877929688,86.83999633789062,91.25,90.2064208984375,159600
2023-01-09,92.31999969482422,93.9800033569336,91.5199966430664,92.2699966430664,91.21475219726562,196700
2023-01-10,92.43000030517578,93.5,91.20999908447266,92.69000244140625,91.62993621826172,206500
2023-01-11,92.1500015258789,93.19999694824219,90.04000091552734,92.30999755859375,91.25428009033203,198700
2023-01-12,92.95999908447266,94.0,91.08999633789062,94.0,92.92496490478516,162100
2023-01-13,92.87999725341797,93.83000183105469,92.72000122070312,93.0,91.93638610839844,162500
2023-01-17,93.19000244140625,93.70999908447266,91.8499984741211,92.41000366210938,91.35314178466797,83500
2023-01-18,93.38999938964844,95.79000091552734,92.62999725341797,92.73999786376953,91.67937469482422,132300
2023-01-19,91.9800033569336,91.9800033569336,88.76000213623047,89.83999633789062,88.81253814697266,142500
2023-01-20,91.16999816894531,92.16999816894531,90.01000213623047,91.91000366210938,90.8588638305664,107200
2023-01-23,92.95999908447266,96.31999969482422,92.87999725341797,95.75,94.65496063232422,172100
2023-01-24,95.33000183105469,95.66999816894531,94.23999786376953,95.23999786376953,94.15078735351562,80600
2023-01-25,94.5199966430664,96.16000366210938,93.5,94.87999725341797,93.79490661621094,146100
2023-01-26,95.68000030517578,96.25,92.31999969482422,95.26000213623047,94.17053985595703,156600
2023-01-27,93.5199966430664,94.76000213623047,92.9000015258789,93.44000244140625,92.3713607788086,120300
2023-01-30,92.41000366210938,92.51000213623047,89.81999969482422,90.19000244140625,89.15853881835938,186000
2023-01-31,89.88999938964844,92.8499984741211,89.88999938964844,92.73999786376953,91.67937469482422,187500
2023-02-01,93.12000274658203,99.54000091552734,93.12000274658203,98.11000061035156,96.98796844482422,281600
2023-02-02,98.69000244140625,101.0,98.2699966430664,99.44000244140625,98.3027572631836,379000
2023-02-03,98.27999877929688,100.66000366210938,98.23999786376953,99.16000366210938,98.02593994140625,230400
2023-02-06,97.7699966430664,97.91000366210938,95.66999816894531,95.79000091552734,94.6944808959961,293500
2023-02-07,95.44999694824219,97.83999633789062,94.68000030517578,97.66000366210938,96.54310607910156,187200
2023-02-08,96.0999984741211,98.05000305175781,96.0999984741211,97.25,96.13780212402344,304400
2023-02-09,98.68000030517578,99.45999908447266,92.18000030517578,93.0999984741211,92.0352554321289,342600
2023-02-10,92.80999755859375,97.37000274658203,91.95999908447266,93.55999755859375,92.48999786376953,172700
2023-02-13,94.13999938964844,95.98999786376953,93.62999725341797,95.5999984741211,94.50665283203125,124500
2023-02-14,94.9000015258789,96.7300033569336,94.30999755859375,95.93000030517578,94.8328857421875,93500
2023-02-15,95.4800033569336,98.37999725341797,95.20999908447266,98.37999725341797,97.2548599243164,143000
2023-02-16,96.4000015258789,98.47000122070312,96.29000091552734,97.25,96.2356185913086,139000
2023-02-17,97.29000091552734,97.29000091552734,95.3499984741211,97.13999938964844,96.12673950195312,175900
2023-02-21,95.44999694824219,95.7699966430664,92.51000213623047,92.76000213623047,91.7924575805664,141200
2023-02-22,92.9000015258789,94.5199966430664,91.4800033569336,92.44999694824219,91.48567962646484,133400
2023-02-23,93.62999725341797,94.56999969482422,90.98999786376953,93.08000183105469,92.1091079711914,101600
2023-02-24,91.48999786376953,93.55999755859375,91.1500015258789,91.86000061035156,90.9018325805664,95800
2023-02-27,92.9800033569336,94.19999694824219,92.80999755859375,93.13999938964844,92.1684799194336,172600
2023-02-28,93.0199966430664,94.76000213623047,93.0,93.08000183105469,92.1091079711914,136300
2023-03-01,93.44000244140625,94.97000122070312,93.16999816894531,93.47000122070312,92.49502563476562,120200
2023-03-02,92.5,94.62999725341797,91.18000030517578,94.37000274658203,93.38565063476562,215000
2023-03-03,95.01000213623047,95.36000061035156,93.44999694824219,94.58000183105469,93.59345245361328,86800
2023-03-06,94.7300033569336,95.27999877929688,92.55999755859375,93.69000244140625,92.71273803710938,238800
2023-03-07,93.66000366210938,94.27999877929688,92.43000030517578,93.01000213623047,92.03984832763672,269300
2023-03-08,93.61000061035156,95.4800033569336,93.52999877929688,95.30000305175781,94.30594635009766,137700
2023-03-09,95.45999908447266,96.91000366210938,94.3499984741211,94.61000061035156,93.62315368652344,215200
2023-03-10,94.36000061035156,94.62000274658203,91.41000366210938,92.62000274658203,91.65390014648438,283300
2023-03-13,91.23999786376953,94.19999694824219,89.23999786376953,92.0199966430664,91.06016540527344,234600
2023-03-14,94.56999969482422,97.31999969482422,93.04000091552734,97.19000244140625,96.17623138427734,222800
2023-03-15,94.83000183105469,95.31999969482422,91.66999816894531,94.47000122070312,93.48460388183594,299100
2023-03-16,93.26000213623047,97.95999908447266,92.02999877929688,96.36000061035156,95.35488891601562,204400
2023-03-17,96.01000213623047,96.25,92.68000030517578,93.80999755859375,92.83148956298828,573100
2023-03-20,94.47000122070312,96.48999786376953,94.3499984741211,95.7699966430664,94.77104187011719,138400
2023-03-21,96.7699966430664,99.0,95.62999725341797,97.16000366210938,96.14654541015625,147700
2023-03-22,97.01000213623047,98.62000274658203,95.8499984741211,96.18000030517578,95.1767807006836,220500
2023-03-23,97.25,99.23999786376953,95.8499984741211,97.05000305175781,96.03770446777344,176900
2023-03-24,95.77999877929688,97.38999938964844,93.94999694824219,96.95999908447266,95.94864654541016,280100
2023-03-27,97.5,98.30999755859375,93.87000274658203,94.18000030517578,93.19763946533203,202800
2023-03-28,93.55999755859375,93.93000030517578,91.94999694824219,93.44999694824219,92.4752426147461,194600
2023-03-29,94.62000274658203,96.63999938964844,94.52999877929688,95.9800033569336,94.97885131835938,127600
2023-03-30,96.9000015258789,97.31999969482422,95.91000366210938,96.58000183105469,95.57260131835938,110100
2023-03-31,96.51000213623047,98.73999786376953,96.51000213623047,98.0,96.977783203125,274800
2023-04-03,97.76000213623047,97.76000213623047,95.08999633789062,96.16999816894531,95.1668701171875,141600
2023-04-04,96.4000015258789,96.4000015258789,92.04000091552734,93.44999694824219,92.4752426147461,191400
2023-04-05,92.9000015258789,94.1500015258789,90.76000213623047,91.19000244140625,90.23882293701172,141000
2023-04-06,90.77999877929688,91.43000030517578,89.55999755859375,90.12999725341797,89.18988037109375,141200
2023-04-10,89.38999938964844,91.83000183105469,89.38999938964844,91.63999938964844,90.68412780761719,222100
2023-04-11,92.27999877929688,93.76000213623047,91.56999969482422,92.58999633789062,91.62421417236328,165400
2023-04-12,93.37999725341797,93.51000213623047,91.33000183105469,91.97000122070312,91.01067352294922,121200
2023-04-13,92.44000244140625,92.44000244140625,90.73999786376953,91.80000305175781,90.84246063232422,76200
2023-04-14,91.26000213623047,92.80000305175781,89.97000122070312,91.1500015258789,90.19922637939453,76600
2023-04-17,90.7699966430664,91.7300033569336,89.58000183105469,91.2300033569336,90.27841186523438,123200
2023-04-18,91.83000183105469,92.30000305175781,89.62000274658203,90.54000091552734,89.5956039428711,191900
2023-04-19,89.44000244140625,89.56999969482422,88.19999694824219,88.45999908447266,87.53730010986328,154300
2023-04-20,87.7300033569336,89.44000244140625,87.26000213623047,88.94999694824219,88.02217864990234,199600
2023-04-21,88.75,88.79000091552734,87.47000122070312,87.81999969482422,86.90398406982422,317100
2023-04-24,87.79000091552734,88.88999938964844,86.37999725341797,86.51000213623047,85.6076431274414,133600
2023-04-25,85.91999816894531,86.73999786376953,84.87000274658203,84.87000274658203,83.98475646972656,155800
2023-04-26,85.1500015258789,85.1500015258789,83.51000213623047,83.97000122070312,83.0941390991211,156700
2023-04-27,84.19999694824219,85.33999633789062,83.0199966430664,85.05000305175781,84.1628646850586,159100
2023-04-28,85.16999816894531,86.51000213623047,85.11000061035156,86.5,85.59774017333984,191000
2023-05-01,86.55000305175781,87.72000122070312,86.55000305175781,87.4800033569336,86.5675048828125,139900
2023-05-02,86.98999786376953,88.05000305175781,86.48999786376953,87.5,86.58731842041016,201200
2023-05-03,87.68000030517578,89.0999984741211,86.87000274658203,87.45999908447266,86.54772186279297,222400
2023-05-04,85.55999755859375,86.4800033569336,82.94999694824219,84.05000305175781,83.17330169677734,336500
2023-05-05,85.0999984741211,87.18000030517578,84.8499984741211,86.91999816894531,86.01335906982422,165600
2023-05-08,86.62999725341797,87.91999816894531,85.44000244140625,86.38999938964844,85.4888916015625,146700
2023-05-09,85.55000305175781,85.95999908447266,84.58999633789062,84.93000030517578,84.04410552978516,109400
2023-05-10,86.05000305175781,86.2699966430664,84.81999969482422,85.80000305175781,84.90504455566406,109400
2023-05-11,85.27999877929688,85.69999694824219,84.25,85.55000305175781,84.65766143798828,135600
2023-05-12,85.55000305175781,86.0,84.83999633789062,85.4000015258789,84.50921630859375,80500
2023-05-15,85.62999725341797,87.68000030517578,85.55999755859375,87.23999786376953,86.33002471923828,152900
2023-05-16,86.47000122070312,87.97000122070312,86.05000305175781,87.70999908447266,86.79511260986328,127300
2023-05-17,88.30000305175781,91.0,88.08000183105469,90.61000061035156,89.66487884521484,131700
2023-05-18,90.81999969482422,93.0,90.4000015258789,92.36000061035156,91.39662170410156,99600
2023-05-19,93.4800033569336,93.4800033569336,92.0,92.7699966430664,91.90184783935547,155700
2023-05-22,92.45999908447266,93.51000213623047,91.72000122070312,93.47000122070312,92.59528350830078,116400
2023-05-23,93.01000213623047,94.36000061035156,92.58000183105469,93.29000091552734,92.41697692871094,159600
2023-05-24,92.36000061035156,92.9800033569336,91.55000305175781,92.80999755859375,91.94145965576172,202400
2023-05-25,94.58999633789062,98.06999969482422,93.98999786376953,97.94000244140625,97.0234603881836,210400
2023-05-26,98.0,101.80999755859375,97.0999984741211,100.6500015258789,99.70809936523438,353800
2023-05-30,101.62999725341797,102.1500015258789,98.47000122070312,99.1500015258789,98.22215270996094,246200
2023-05-31,98.06999969482422,98.86000061035156,96.33000183105469,98.1500015258789,97.23149108886719,564600
2023-06-01,97.9800033569336,98.29000091552734,94.70999908447266,97.61000061035156,96.6965560913086,232500
2023-06-02,98.08000183105469,99.56999969482422,96.93000030517578,99.33999633789062,98.41036224365234,166300
2023-06-05,98.31999969482422,98.51000213623047,94.47000122070312,96.87000274658203,95.96348571777344,193000
2023-06-06,96.27999877929688,100.80000305175781,95.68000030517578,100.52999877929688,99.58922576904297,203200
2023-06-07,101.18000030517578,106.87000274658203,101.18000030517578,106.8499984741211,105.85006713867188,413700
2023-06-08,106.43000030517578,106.62999725341797,104.58999633789062,106.08999633789062,105.0971908569336,187800
2023-06-09,106.77999877929688,106.77999877929688,104.19999694824219,105.05000305175781,104.06693267822266,136100
2023-06-12,104.9800033569336,108.18000030517578,104.11000061035156,107.20999908447266,106.20671081542969,154600
2023-06-13,107.73999786376953,108.98999786376953,106.73999786376953,108.75,107.7322998046875,129300
2023-06-14,106.37999725341797,109.22000122070312,106.37999725341797,107.36000061035156,106.35531616210938,231700
2023-06-15,106.94000244140625,107.83000183105469,105.44000244140625,107.0,105.99867248535156,199100
2023-06-16,107.83000183105469,107.86000061035156,105.58000183105469,107.58999633789062,106.58314514160156,675500
2023-06-20,107.5,108.80999755859375,107.12000274658203,107.81999969482422,106.81099700927734,172400
2023-06-21,106.91999816894531,107.83999633789062,105.69999694824219,106.3499984741211,105.35475158691406,138000
2023-06-22,105.80999755859375,106.80000305175781,104.73999786376953,105.72000122070312,104.73066711425781,202700
2023-06-23,105.72000122070312,106.7699966430664,104.19999694824219,105.0999984741211,104.116455078125,330400
2023-06-26,105.26000213623047,107.05000305175781,105.11000061035156,105.23999786376953,104.25515747070312,164300
2023-06-27,105.79000091552734,108.87999725341797,105.0199966430664,108.56999969482422,107.55397033691406,124300
2023-06-28,107.77999877929688,109.41999816894531,107.30000305175781,109.0,107.97996520996094,125400
2023-06-29,109.79000091552734,110.58000183105469,108.47000122070312,110.54000091552734,109.50554656982422,140000
2023-06-30,111.11000061035156,112.88999938964844,111.11000061035156,111.44999694824219,110.40702819824219,124900
2023-07-03,111.0999984741211,111.87000274658203,109.69000244140625,111.37000274658203,110.32778930664062,61800
2023-07-05,110.25,110.51000213623047,108.61000061035156,108.69000244140625,107.6728744506836,134000
2023-07-06,106.9800033569336,108.19999694824219,106.22000122070312,107.55999755859375,106.55342864990234,120000
2023-07-07,108.12000274658203,109.69000244140625,107.87000274658203,107.91000366210938,106.90015411376953,166500
2023-07-10,107.7300033569336,109.9000015258789,107.7300033569336,109.77999877929688,108.7526626586914,138200
2023-07-11,110.06999969482422,111.33999633789062,107.7699966430664,110.22000122070312,109.18855285644531,164700
2023-07-12,112.2300033569336,114.69000244140625,111.1500015258789,114.38999938964844,113.31953430175781,301000
2023-07-13,115.2699966430664,118.19000244140625,114.69000244140625,118.01000213623047,116.90565490722656,278700
2023-07-14,118.0999984741211,118.2300033569336,115.70999908447266,116.58999633789062,115.4989242553711,172100
2023-07-17,116.95999908447266,121.01000213623047,116.83000183105469,120.30000305175781,119.1742172241211,239200
2023-07-18,120.16000366210938,122.30999755859375,119.29000091552734,122.12000274658203,120.9771728515625,169800
2023-07-19,121.68000030517578,122.0999984741211,118.04000091552734,119.62000274658203,118.50057220458984,181200
2023-07-20,118.43000030517578,118.91999816894531,115.04000091552734,116.41999816894531,115.33052825927734,219400
2023-07-21,117.51000213623047,118.79000091552734,116.12000274658203,116.87999725341797,115.78621673583984,231300
2023-07-24,116.66999816894531,117.98999786376953,115.6500015258789,116.29000091552734,115.20173645019531,91600
2023-07-25,116.05999755859375,118.30999755859375,116.05999755859375,117.58000183105469,116.47965240478516,166600
2023-07-26,117.12999725341797,117.83000183105469,116.0999984741211,116.91999816894531,115.82583618164062,157700
2023-07-27,118.81999969482422,122.22000122070312,117.04000091552734,120.22000122070312,119.09497833251953,331300
2023-07-28,121.8499984741211,122.7699966430664,120.16999816894531,121.16000366210938,120.02616882324219,152100
2023-07-31,121.29000091552734,125.4000015258789,121.29000091552734,125.18000030517578,124.008544921875,335400
2023-08-01,123.45999908447266,126.37999725341797,123.0,126.02999877929688,124.8505859375,236100
2023-08-02,124.0,125.30999755859375,122.63999938964844,123.18000030517578,122.02726745605469,389200
2023-08-03,122.45999908447266,124.73999786376953,121.05000305175781,122.61000061035156,121.46260070800781,328600
2023-08-04,118.94000244140625,119.6500015258789,111.58999633789062,112.9000015258789,111.84347534179688,344100
2023-08-07,114.4800033569336,116.62999725341797,113.6500015258789,115.7699966430664,114.68660736083984,216500
2023-08-08,115.0,115.70999908447266,113.37999725341797,115.02999877929688,113.9535140991211,158800
2023-08-09,114.37999725341797,114.63999938964844,112.79000091552734,113.83000183105469,112.76476287841797,96800
2023-08-10,114.30000305175781,116.44000244140625,113.05000305175781,113.69000244140625,112.6260757446289,101100
2023-08-11,112.91000366210938,113.7300033569336,111.6500015258789,111.86000061035156,110.81318664550781,190800
2023-08-14,111.51000213623047,113.37000274658203,110.54000091552734,113.12999725341797,112.0712890625,118700
2023-08-15,112.56999969482422,113.16000366210938,111.91999816894531,112.97000122070312,111.9128189086914,135600
2023-08-16,112.94000244140625,115.01000213623047,109.81999969482422,111.75,110.70423126220703,195200
2023-08-17,112.44999694824219,115.97000122070312,109.80000305175781,109.87999725341797,108.85172271728516,106900
2023-08-18,108.31999969482422,112.33999633789062,106.48999786376953,111.37999725341797,110.43819427490234,144600
2023-08-21,111.48999786376953,113.76000213623047,110.55999755859375,113.05999755859375,112.1039810180664,138300
2023-08-22,114.36000061035156,114.55999755859375,112.55000305175781,113.44000244140625,112.48078155517578,112200
2023-08-23,113.52999877929688,116.2699966430664,112.6500015258789,115.33000183105469,114.35479736328125,96400
2023-08-24,116.30000305175781,116.30000305175781,112.12999725341797,112.37999725341797,111.42974853515625,135900
2023-08-25,112.76000213623047,113.6500015258789,110.55000305175781,112.5199966430664,111.56855010986328,106700
2023-08-28,112.62999725341797,115.12000274658203,112.62999725341797,113.94000244140625,112.9765625,113300
2023-08-29,113.69999694824219,118.04000091552734,112.27999877929688,117.4800033569336,116.48662567138672,122300
2023-08-30,116.80000305175781,119.30000305175781,116.79000091552734,118.12999725341797,117.13111114501953,87600
2023-08-31,118.06999969482422,119.52999877929688,117.94999694824219,118.06999969482422,117.07162475585938,185600
2023-09-01,118.4800033569336,119.68000030517578,117.58000183105469,118.1500015258789,117.15094757080078,115200
2023-09-05,117.01000213623047,118.19000244140625,112.27999877929688,114.25,113.28392028808594,173500
2023-09-06,114.16000366210938,117.08000183105469,113.26000213623047,114.33999633789062,113.37317657470703,101100
2023-09-07,110.0199966430664,110.0199966430664,104.72000122070312,105.73999786376953,104.84588623046875,598100
2023-09-08,106.44999694824219,107.70999908447266,102.91999816894531,104.11000061035156,103.22967529296875,1879300
2023-09-11,105.8499984741211,106.19999694824219,103.87000274658203,104.2300033569336,103.34867095947266,382500
2023-09-12,104.1500015258789,105.9000015258789,102.91000366210938,103.47000122070312,102.59508514404297,254200
2023-09-13,102.7300033569336,107.5,102.72000122070312,104.3499984741211,103.46764373779297,239700
2023-09-14,105.16000366210938,107.01000213623047,103.75,106.66999816894531,105.76801300048828,364000
2023-09-15,105.88999938964844,105.88999938964844,103.05999755859375,104.58000183105469,103.6957015991211,645500
2023-09-18,103.9000015258789,105.05999755859375,102.83999633789062,103.43000030517578,102.55542755126953,305000
2023-09-19,103.33999633789062,104.5199966430664,101.7300033569336,101.77999877929688,100.91937255859375,148100
2023-09-20,102.48999786376953,102.94999694824219,100.44000244140625,100.83000183105469,99.97740936279297,122100
2023-09-21,99.87000274658203,102.0,99.36000061035156,100.26000213623047,99.41222381591797,247700
2023-09-22,100.62000274658203,101.55999755859375,99.31999969482422,99.62000274658203,98.77764129638672,157400
2023-09-25,99.02999877929688,101.7699966430664,98.8499984741211,100.51000213623047,99.66011047363281,112200
2023-09-26,100.12999725341797,100.13999938964844,97.94000244140625,98.69000244140625,97.85551452636719,136100
2023-09-27,99.66999816894531,100.93000030517578,98.69000244140625,100.08999633789062,99.24366760253906,266200
2023-09-28,99.66999816894531,104.01000213623047,99.66999816894531,102.36000061035156,101.49446868896484,297600
2023-09-29,103.51000213623047,104.44000244140625,100.81999969482422,103.12000274658203,102.248046875,236900
2023-10-02,103.26000213623047,104.55999755859375,101.98999786376953,102.2300033569336,101.3655776977539,362300
2023-10-03,101.80999755859375,102.83999633789062,98.41999816894531,98.94999694824219,98.11331176757812,248200
2023-10-04,99.26000213623047,100.7300033569336,98.66000366210938,99.18000030517578,98.34133911132812,177300
2023-10-05,99.61000061035156,100.12999725341797,97.45999908447266,97.68000030517578,96.85404968261719,201100
2023-10-06,96.93000030517578,99.41999816894531,96.4800033569336,98.81999969482422,97.98440551757812,201600
2023-10-09,98.16999816894531,100.0999984741211,96.55000305175781,99.43000030517578,98.5892333984375,129500
2023-10-10,99.56999969482422,102.73999786376953,99.02999877929688,102.0999984741211,101.23665618896484,396600
2023-10-11,102.0,103.88999938964844,100.4800033569336,101.2300033569336,100.3740234375,273800
2023-10-12,102.12000274658203,104.87999725341797,100.16000366210938,100.80000305175781,99.9476547241211,249700
2023-10-13,100.97000122070312,100.97000122070312,94.97000122070312,95.26000213623047,94.45449829101562,407200
2023-10-16,96.37999725341797,98.26000213623047,95.88999938964844,97.26000213623047,96.4375991821289,247300
2023-10-17,96.12000274658203,98.56999969482422,95.2699966430664,97.66000366210938,96.834228515625,286300
2023-10-18,96.0999984741211,96.66999816894531,94.05999755859375,95.58000183105469,94.77179718017578,219300
2023-10-19,96.18000030517578,98.73999786376953,92.31999969482422,92.55000305175781,91.76741790771484,346200
2023-10-20,92.83000183105469,93.58000183105469,90.83000183105469,90.87999725341797,90.11154174804688,351600
2023-10-23,90.16999816894531,91.79000091552734,88.38999938964844,89.30000305175781,88.54491424560547,419700
2023-10-24,90.26000213623047,92.66999816894531,89.5,90.77999877929688,90.01239013671875,279200
2023-10-25,89.97000122070312,90.91000366210938,87.68000030517578,87.79000091552734,87.04767608642578,297100
2023-10-26,88.47000122070312,90.87000274658203,87.87000274658203,88.4000015258789,87.65251159667969,374000
2023-10-27,88.66000366210938,89.33000183105469,87.02999877929688,87.83000183105469,87.08733367919922,267900
2023-10-30,88.38999938964844,88.63999938964844,85.20999908447266,86.56999969482422,85.8379898071289,239200
2023-10-31,86.7699966430664,88.18000030517578,85.5999984741211,87.26000213623047,86.52214813232422,296700
2023-11-01,87.38999938964844,87.38999938964844,81.86000061035156,84.5999984741211,83.8846435546875,565100
2023-11-02,86.37000274658203,89.0,85.55999755859375,88.2699966430664,87.52359008789062,352700
2023-11-03,90.12000274658203,92.86000061035156,90.12000274658203,91.75,90.97418212890625,344400
2023-11-06,91.51000213623047,91.95999908447266,88.66999816894531,89.83999633789062,89.08033752441406,228800
2023-11-07,89.16999816894531,89.23999786376953,86.93000030517578,87.54000091552734,86.7997817993164,254200
2023-11-08,87.72000122070312,88.6500015258789,85.95999908447266,86.7300033569336,85.99662780761719,140700
2023-11-09,87.62999725341797,87.69999694824219,85.26000213623047,85.31999969482422,84.59856414794922,155900
2023-11-10,85.87000274658203,89.58000183105469,85.30000305175781,89.44999694824219,88.69364166259766,249600
2023-11-13,89.05000305175781,89.06999969482422,87.61000061035156,87.61000061035156,86.86919403076172,141000
2023-11-14,91.06999969482422,94.16000366210938,90.7699966430664,94.12000274658203,93.32415771484375,240800
2023-11-15,94.18000030517578,98.58999633789062,94.11000061035156,95.7300033569336,94.9205322265625,430100
2023-11-16,95.0199966430664,96.26000213623047,93.83000183105469,95.11000061035156,94.30577087402344,240100
2023-11-17,95.69999694824219,96.37000274658203,94.19000244140625,95.6500015258789,94.94103240966797,237200
2023-11-20,95.5999984741211,97.38999938964844,93.81999969482422,96.88999938964844,96.17183685302734,188200
2023-11-21,96.0999984741211,96.70999908447266,94.58000183105469,95.43000030517578,94.72266387939453,238900
2023-11-22,96.52999877929688,97.58000183105469,96.12000274658203,96.5,95.78472900390625,148000
2023-11-24,95.94000244140625,96.80000305175781,95.68000030517578,96.41999816894531,95.705322265625,103200
2023-11-27,95.79000091552734,96.94999694824219,95.38999938964844,96.4000015258789,95.68547058105469,192600
2023-11-28,95.81999969482422,97.72000122070312,95.47000122070312,97.0,96.2810287475586,289000
2023-11-29,98.29000091552734,100.38999938964844,97.26000213623047,97.31999969482422,96.5986557006836,211500
2023-11-30,96.75,97.48999786376953,94.29000091552734,95.05000305175781,94.34546661376953,224400
2023-12-01,94.31999969482422,96.62000274658203,93.9000015258789,95.87000274658203,95.15939331054688,207400
2023-12-04,94.9800033569336,96.36000061035156,94.19000244140625,96.08000183105469,95.36784362792969,236800
2023-12-05,95.45999908447266,95.45999908447266,93.69999694824219,94.30000305175781,93.60102844238281,221400
2023-12-06,95.12999725341797,97.0199966430664,95.01000213623047,95.48999786376953,94.7822036743164,230200
2023-12-07,95.76000213623047,98.66999816894531,95.30000305175781,98.5999984741211,97.86917114257812,211100
2023-12-08,98.69000244140625,100.23999786376953,96.20999908447266,96.31999969482422,95.60606384277344,451700
2023-12-11,96.75,99.41999816894531,96.69000244140625,99.12999725341797,98.39523315429688,223900
2023-12-12,99.0,100.11000061035156,97.66999816894531,99.87000274658203,99.12975311279297,295100
2023-12-13,99.7300033569336,105.38999938964844,97.12000274658203,104.87999725341797,104.10260772705078,476600
2023-12-14,106.72000122070312,111.97000122070312,106.72000122070312,111.18000030517578,110.35592651367188,368500
2023-12-15,111.37999725341797,111.63999938964844,108.56999969482422,109.48999786376953,108.67845153808594,782300
2023-12-18,109.9800033569336,109.9800033569336,107.69000244140625,109.0999984741211,108.29134368896484,174800
2023-12-19,110.0,111.23999786376953,109.91999816894531,110.23999786376953,109.42288970947266,146000
2023-12-20,109.80000305175781,112.51000213623047,107.97000122070312,108.08999633789062,107.28882598876953,304800
2023-12-21,109.41000366210938,110.5199966430664,108.01000213623047,110.02999877929688,109.21443939208984,187300
2023-12-22,110.8499984741211,111.80999755859375,107.76000213623047,110.73999786376953,109.91917419433594,116600
2023-12-26,111.33000183105469,113.29000091552734,110.19999694824219,112.68000030517578,111.84480285644531,105200
2023-12-27,113.38999938964844,113.38999938964844,111.5999984741211,112.19000244140625,111.35842895507812,138800
2023-12-28,111.91999816894531,112.4000015258789,110.4800033569336,110.83999633789062,110.01844024658203,113100
2023-12-29,110.4800033569336,111.45999908447266,108.4000015258789,108.91999816894531,108.11267852783203,170300
2024-01-02,107.44000244140625,107.66000366210938,105.29000091552734,106.23999786376953,105.45252990722656,286900
2024-01-03,104.87999725341797,104.87999725341797,101.86000061035156,102.05000305175781,101.29359436035156,241500
2024-01-04,102.04000091552734,102.04000091552734,100.41999816894531,101.2699966430664,100.51936340332031,171500
2024-01-05,100.23999786376953,101.7699966430664,100.23999786376953,100.87000274658203,100.12235260009766,130700
2024-01-08,100.87000274658203,103.56999969482422,100.16000366210938,103.41999816894531,102.65343475341797,157400
2024-01-09,101.27999877929688,103.27999877929688,101.27999877929688,103.02999877929688,102.26632690429688,103100
2024-01-10,102.44000244140625,103.08000183105469,101.0,103.0199966430664,102.25639343261719,109800
2024-01-11,102.47000122070312,103.08999633789062,100.48999786376953,102.5199966430664,101.76009368896484,181300
2024-01-12,103.69000244140625,104.16999816894531,101.66000366210938,102.22000122070312,101.46233367919922,110300
2024-01-16,101.0199966430664,103.20999908447266,101.0199966430664,102.58000183105469,101.81965637207031,130900
2024-01-17,100.5,101.3499984741211,98.54000091552734,100.48999786376953,99.74516296386719,157500
2024-01-18,101.7699966430664,103.2699966430664,101.56999969482422,102.73999786376953,101.97846984863281,159500
2024-01-19,103.8499984741211,105.9000015258789,101.9800033569336,105.61000061035156,104.82721710205078,301100
2024-01-22,107.47000122070312,108.4800033569336,106.61000061035156,107.5999984741211,106.80245208740234,175700
2024-01-23,109.05000305175781,109.5199966430664,107.2699966430664,107.7699966430664,106.97119903564453,158100
2024-01-24,109.6500015258789,109.6500015258789,107.02999877929688,107.5,106.70318603515625,174800
2024-01-25,109.61000061035156,109.9800033569336,105.55000305175781,106.48999786376953,105.70066833496094,132500
2024-01-26,106.44000244140625,106.44000244140625,103.69999694824219,105.02999877929688,104.25149536132812,147300
2024-01-29,104.81999969482422,107.86000061035156,103.81999969482422,107.62999725341797,106.83222961425781,145100
2024-01-30,107.29000091552734,108.37000274658203,106.62000274658203,107.30000305175781,106.50467681884766,183000
2024-01-31,106.61000061035156,107.62000274658203,103.94999694824219,104.18000030517578,103.40782165527344,282100
2024-02-01,104.4800033569336,106.43000030517578,103.30999755859375,105.98999786376953,105.20439147949219,148200
2024-02-02,104.41000366210938,107.37000274658203,104.38999938964844,106.04000091552734,105.2540283203125,156400
2024-02-05,104.73999786376953,106.0199966430664,103.22000122070312,105.12000274658203,104.3408432006836,155100
2024-02-06,104.5,106.70999908447266,104.25,106.5999984741211,105.80986022949219,348000
2024-02-07,96.55000305175781,102.61000061035156,95.8499984741211,100.45999908447266,99.71538543701172,708900
2024-02-08,100.47000122070312,102.4800033569336,99.6500015258789,100.87999725341797,100.13227081298828,344600
2024-02-09,101.8499984741211,105.62000274658203,100.5199966430664,104.7699966430664,103.9934310913086,324400
2024-02-12,104.5199966430664,106.19999694824219,102.62000274658203,105.55999755859375,104.7775650024414,263400
2024-02-13,100.66999816894531,103.87999725341797,99.20999908447266,99.97000122070312,99.22901916503906,254300
2024-02-14,101.88999938964844,102.7300033569336,100.30000305175781,102.33999633789062,101.58142852783203,219700
2024-02-15,103.43000030517578,105.05000305175781,103.0,103.66999816894531,103.00224304199219,222000
2024-02-16,103.20999908447266,104.5199966430664,101.95999908447266,103.44999694824219,102.78366088867188,193800
2024-02-20,101.69999694824219,101.69999694824219,99.5,99.5999984741211,98.95845031738281,247300
2024-02-21,98.25,99.19999694824219,96.2699966430664,98.91000366210938,98.27289581298828,390000
2024-02-22,99.72000122070312,100.75,99.30000305175781,99.79000091552734,99.14722442626953,263900
2024-02-23,99.83000183105469,99.9800033569336,97.6500015258789,99.38999938964844,98.74980926513672,219300
2024-02-26,99.76000213623047,99.91000366210938,98.63999938964844,98.7300033569336,98.09404754638672,162300
2024-02-27,99.70999908447266,99.9000015258789,97.54000091552734,98.83000183105469,98.19339752197266,427600
2024-02-28,97.3499984741211,98.94999694824219,97.05999755859375,98.12999725341797,97.49790954589844,134700
2024-02-29,99.91000366210938,101.44999694824219,98.37000274658203,101.19999694824219,100.54813385009766,261100
2024-03-01,101.3499984741211,104.23999786376953,100.41000366210938,103.55000305175781,102.88301086425781,230300
2024-03-04,103.62000274658203,103.62000274658203,101.54000091552734,102.91999816894531,102.25704956054688,267400
2024-03-05,101.30999755859375,102.26000213623047,99.87000274658203,100.62999725341797,99.98181915283203,110100
2024-03-06,101.33000183105469,104.13999938964844,101.33000183105469,102.41000366210938,101.75035858154297,149200
2024-03-07,103.23999786376953,106.69999694824219,103.23999786376953,105.72000122070312,105.0390396118164,199400
2024-03-08,106.75,107.16999816894531,103.37000274658203,103.55999755859375,102.89292907714844,142800
2024-03-11,102.36000061035156,103.2300033569336,100.30999755859375,100.43000030517578,99.7831039428711,230500
2024-03-12,100.43000030517578,100.80999755859375,99.43000030517578,100.33000183105469,99.68374633789062,185000
2024-03-13,99.5,100.23999786376953,97.91999816894531,98.12999725341797,97.49790954589844,231900
2024-03-14,97.43000030517578,99.33000183105469,95.5199966430664,96.81999969482422,96.19635772705078,237500
2024-03-15,95.86000061035156,97.11000061035156,95.55999755859375,95.75,95.13323974609375,1138700
2024-03-18,96.30000305175781,97.4000015258789,95.2699966430664,95.37000274658203,94.75569152832031,164000
2024-03-19,94.62999725341797,95.7699966430664,94.18000030517578,94.7699966430664,94.15955352783203,146200
2024-03-20,94.29000091552734,97.0,93.7699966430664,95.81999969482422,95.20279693603516,172100
2024-03-21,96.95999908447266,99.4000015258789,96.95999908447266,97.94000244140625,97.30913543701172,169300
2024-03-22,97.94999694824219,97.94999694824219,96.58999633789062,97.19000244140625,96.56397247314453,103400
2024-03-25,96.7300033569336,97.98999786376953,96.30999755859375,97.44999694824219,96.82229614257812,110100
2024-03-26,98.2699966430664,99.0,97.6500015258789,98.5999984741211,97.96488952636719,219300
2024-03-27,99.31999969482422,102.66999816894531,98.69999694824219,102.0199966430664,101.36286926269531,277900
2024-03-28,102.0199966430664,102.68000030517578,101.05999755859375,101.9800033569336,101.32312774658203,210100
2024-04-01,101.91000366210938,102.48999786376953,100.47000122070312,101.33999633789062,100.6872329711914,194800
2024-04-02,99.18000030517578,99.55999755859375,96.93000030517578,98.18000030517578,97.54759979248047,244100
2024-04-03,96.66999816894531,100.26000213623047,96.55999755859375,99.23999786376953,98.60076141357422,133700
2024-04-04,100.81999969482422,101.95999908447266,97.0199966430664,97.41999816894531,96.79249572753906,263600
2024-04-05,97.37999725341797,98.33999633789062,96.27999877929688,97.95999908447266,97.32901763916016,185300
2024-04-08,98.58000183105469,100.04000091552734,98.30999755859375,99.04000091552734,98.40206146240234,170700
2024-04-09,99.68000030517578,100.87000274658203,98.02999877929688,100.75,100.10103607177734,124600
2024-04-10,97.08999633789062,98.79000091552734,95.91999816894531,96.5199966430664,95.89828491210938,192700
2024-04-11,96.87000274658203,99.76000213623047,96.19999694824219,99.68000030517578,99.03792572021484,156500
2024-04-12,98.0999984741211,99.9800033569336,95.72000122070312,96.5199966430664,95.89828491210938,125400
2024-04-15,96.45999908447266,97.4000015258789,94.12999725341797,94.8499984741211,94.23905181884766,117800
2024-04-16,93.9000015258789,95.4800033569336,93.48999786376953,94.94999694824219,94.33840942382812,123600
2024-04-17,95.47000122070312,95.79000091552734,92.36000061035156,92.43000030517578,91.83464050292969,197300
2024-04-18,91.76000213623047,93.36000061035156,90.70999908447266,90.80999755859375,90.22506713867188,198100
2024-04-19,89.80999755859375,91.5199966430664,89.12000274658203,89.69999694824219,89.1222152709961,188000
2024-04-22,90.76000213623047,91.33999633789062,89.36000061035156,91.02999877929688,90.44366455078125,121700
2024-04-23,91.0999984741211,94.8499984741211,91.0999984741211,93.0999984741211,92.50032043457031,171800
2024-04-24,92.93000030517578,94.62999725341797,92.1500015258789,92.83999633789062,92.24198150634766,140300
2024-04-25,91.94999694824219,93.8499984741211,91.87999725341797,93.77999877929688,93.17594909667969,143400
2024-04-26,94.30000305175781,96.54000091552734,94.30000305175781,95.95999908447266,95.3418960571289,148200
2024-04-29,96.61000061035156,97.76000213623047,96.25,97.62000274658203,96.99120330810547,141200
2024-04-30,96.4800033569336,97.62000274658203,95.54000091552734,95.83999633789062,95.2226791381836,302700
2024-05-01,94.98999786376953,97.6500015258789,92.83000183105469,96.08000183105469,95.46112823486328,428100
2024-05-02,93.25,95.86000061035156,90.4000015258789,95.62999725341797,95.01402282714844,432200
2024-05-03,98.23999786376953,98.97000122070312,95.94000244140625,97.98999786376953,97.35882568359375,259400
2024-05-06,99.08000183105469,101.94999694824219,94.86000061035156,100.12000274658203,99.47510528564453,319600
2024-05-07,100.87000274658203,102.9000015258789,100.54000091552734,101.44000244140625,100.7865982055664,197300
2024-05-08,100.12999725341797,101.62999725341797,100.08000183105469,101.56999969482422,100.915771484375,142200
2024-05-09,101.55000305175781,102.29000091552734,100.8499984741211,101.9000015258789,101.24365234375,160900
2024-05-10,102.26000213623047,102.66999816894531,99.97000122070312,102.12999725341797,101.47215270996094,227600
2024-05-13,103.0,103.11000061035156,101.75,102.06999969482422,101.41253662109375,145600
2024-05-14,102.69999694824219,104.61000061035156,102.6500015258789,104.56999969482422,103.89643096923828,167100
2024-05-15,105.77999877929688,107.54000091552734,105.0,107.47000122070312,106.77775573730469,165000
2024-05-16,107.16999816894531,107.37000274658203,105.29000091552734,105.45999908447266,104.78070831298828,181000
2024-05-17,105.98999786376953,106.12999725341797,104.70999908447266,105.62999725341797,104.94961547851562,111200
2024-05-20,105.5999984741211,108.0999984741211,105.55000305175781,107.87999725341797,107.18510437011719,225400
2024-05-21,106.9800033569336,108.44999694824219,106.37000274658203,107.62999725341797,106.93672180175781,139500
2024-05-22,107.7300033569336,109.16000366210938,107.7300033569336,109.01000213623047,108.3078384399414,160100
2024-05-23,108.81999969482422,110.44999694824219,107.25,108.08000183105469,107.482421875,258800
2024-05-24,109.54000091552734,110.98999786376953,108.69000244140625,109.45999908447266,108.85481262207031,122200
2024-05-28,110.83999633789062,110.83999633789062,107.31999969482422,107.51000213623047,106.91557312011719,127800
2024-05-29,105.54000091552734,106.41000366210938,104.30000305175781,104.30999755859375,103.73326873779297,98300
2024-05-30,104.95999908447266,107.63999938964844,104.91000366210938,106.86000061035156,106.26917266845703,214700
2024-05-31,107.04000091552734,108.63999938964844,105.6500015258789,107.43000030517578,106.83601379394531,202100
2024-06-03,108.4800033569336,108.4800033569336,106.30000305175781,108.20999908447266,107.6117172241211,145300
2024-06-04,106.98999786376953,106.98999786376953,105.4800033569336,106.41999816894531,105.83160400390625,178400
2024-06-05,107.88999938964844,109.7300033569336,107.08000183105469,109.61000061035156,109.00397491455078,145800
2024-06-06,108.5,109.5,106.9000015258789,107.54000091552734,106.94541931152344,143700
2024-06-07,106.26000213623047,107.4000015258789,104.5199966430664,105.38999938964844,104.80730438232422,111800
2024-06-10,104.0,105.98999786376953,103.41999816894531,105.31999969482422,104.73768615722656,118400
2024-06-11,104.36000061035156,106.5,103.33999633789062,105.48999786376953,104.9067611694336,137000
2024-06-12,109.26000213623047,111.63999938964844,108.1500015258789,109.5999984741211,108.9940185546875,172000
2024-06-13,108.86000061035156,109.95999908447266,106.93000030517578,108.97000122070312,108.36750030517578,112400
2024-06-14,107.06999969482422,107.06999969482422,105.83999633789062,106.73999786376953,106.14983367919922,114300
2024-06-17,106.58000183105469,109.3499984741211,105.80000305175781,109.02999877929688,108.42717742919922,192300
2024-06-18,109.2699966430664,109.83000183105469,108.19999694824219,108.91999816894531,108.31778717041016,154600
2024-06-20,108.80999755859375,110.02999877929688,107.79000091552734,108.62999725341797,108.02938842773438,291300
2024-06-21,108.20999908447266,109.4800033569336,107.08999633789062,109.31999969482422,108.71556854248047,423400
2024-06-24,109.30000305175781,109.48999786376953,108.19999694824219,108.75,108.14872741699219,120500
2024-06-25,108.7300033569336,108.7300033569336,107.1500015258789,107.81999969482422,107.22386932373047,97600
2024-06-26,107.0,107.81999969482422,106.41999816894531,107.70999908447266,107.1144790649414,152400
2024-06-27,108.52999877929688,108.9000015258789,105.37000274658203,107.66999816894531,107.07469940185547,258600
2024-06-28,109.38999938964844,111.7300033569336,107.5999984741211,108.76000213623047,108.15867614746094,470300
2024-07-01,108.4800033569336,108.4800033569336,105.5,105.83000183105469,105.24486541748047,220900
2024-07-02,105.9800033569336,107.36000061035156,105.36000061035156,106.63999938964844,106.05038452148438,133900
2024-07-03,106.91999816894531,107.44000244140625,106.05000305175781,106.94999694824219,106.35868072509766,91300
2024-07-05,107.16999816894531,107.16999816894531,105.6500015258789,106.44999694824219,105.8614501953125,109000
2024-07-08,107.66000366210938,109.0999984741211,107.41000366210938,108.7699966430664,108.16860961914062,133000
2024-07-09,108.95999908447266,109.25,106.80000305175781,107.12999725341797,106.53768157958984,140700
2024-07-10,107.63999938964844,111.18000030517578,107.63999938964844,111.08000183105469,110.4658432006836,186600
2024-07-11,113.94999694824219,115.20999908447266,112.0,113.77999877929688,113.15091705322266,184900
2024-07-12,115.01000213623047,116.4800033569336,113.76000213623047,113.87000274658203,113.24042510986328,143700
2024-07-15,113.23999786376953,116.77999877929688,113.22000122070312,115.01000213623047,114.37411499023438,146400
2024-07-16,116.2699966430664,119.75,116.2699966430664,119.61000061035156,118.94868469238281,206800
2024-07-17,117.55000305175781,118.58999633789062,114.54000091552734,114.70999908447266,114.07576751708984,398200
2024-07-18,114.12999725341797,116.33000183105469,110.87999725341797,112.05000305175781,111.43048858642578,145300
2024-07-19,112.37999725341797,112.38999938964844,108.51000213623047,108.61000061035156,108.00949096679688,147100
2024-07-22,110.06999969482422,113.22000122070312,108.87000274658203,113.02999877929688,112.40506744384766,262500
2024-07-23,112.16999816894531,114.56999969482422,112.16999816894531,113.38999938964844,112.76306915283203,120800
2024-07-24,112.31999969482422,113.97000122070312,109.56999969482422,109.83000183105469,109.2227554321289,141600
2024-07-25,110.22000122070312,111.16000366210938,107.38999938964844,108.58000183105469,107.97966766357422,214400
2024-07-26,111.4000015258789,112.66999816894531,108.86000061035156,110.01000213623047,109.40177154541016,210100
2024-07-29,111.0199966430664,112.56999969482422,109.1500015258789,110.13999938964844,109.53104400634766,157100
2024-07-30,110.61000061035156,110.62999725341797,106.91000366210938,108.37999725341797,107.78076171875,340800
2024-07-31,114.41999816894531,118.81999969482422,111.66999816894531,116.37000274658203,115.7265853881836,637500
2024-08-01,114.48999786376953,115.94999694824219,106.33999633789062,107.63999938964844,107.04486083984375,327900
2024-08-02,102.0199966430664,104.37000274658203,100.97000122070312,101.63999938964844,101.07804107666016,275100
2024-08-05,95.16000366210938,100.12000274658203,93.81999969482422,97.86000061035156,97.31893157958984,303800
2024-08-06,97.66999816894531,100.47000122070312,96.58999633789062,98.66000366210938,98.1145248413086,201200
2024-08-07,100.54000091552734,101.05999755859375,95.5199966430664,95.68000030517578,95.15099334716797,202400
2024-08-08,97.5999984741211,99.48999786376953,96.63999938964844,99.44000244140625,98.89019775390625,278200
2024-08-09,98.93000030517578,99.91000366210938,97.4800033569336,99.41999816894531,98.87030792236328,120900
2024-08-12,99.45999908447266,99.8499984741211,97.68000030517578,98.55999755859375,98.01506042480469,146600
2024-08-13,99.87999725341797,102.36000061035156,98.93000030517578,102.33999633789062,101.77416229248047,261000
2024-08-14,103.25,103.44999694824219,100.08999633789062,100.9000015258789,100.34212493896484,116900
2024-08-15,105.83999633789062,108.81999969482422,104.55000305175781,108.04000091552734,107.44266510009766,265300
2024-08-16,107.3499984741211,109.33000183105469,106.86000061035156,108.19999694824219,107.60176086425781,145500
2024-08-19,108.04000091552734,109.41000366210938,107.48999786376953,109.29000091552734,108.68574523925781,155700
2024-08-20,108.66000366210938,108.93000030517578,106.31999969482422,106.87000274658203,106.27912139892578,135000
2024-08-21,107.16999816894531,109.01000213623047,107.16999816894531,108.56999969482422,107.96973419189453,185000
2024-08-22,108.7300033569336,109.77999877929688,107.12999725341797,107.58000183105469,106.98518371582031,179500
2024-08-23,107.77999877929688,111.69000244140625,107.37000274658203,110.69999694824219,110.08794403076172,276400
2024-08-26,111.31999969482422,112.12000274658203,109.13999938964844,109.6500015258789,109.14234161376953,163000
2024-08-27,109.23999786376953,110.58999633789062,107.58000183105469,108.63999938964844,108.13702392578125,181800
2024-08-28,107.83000183105469,109.23999786376953,106.04000091552734,106.55999755859375,106.066650390625,164100
2024-08-29,107.30999755859375,109.27999877929688,106.5,107.04000091552734,106.54442596435547,205800
2024-08-30,107.91000366210938,108.18000030517578,104.63999938964844,106.08999633789062,105.59882354736328,522600
2024-09-03,104.63999938964844,104.63999938964844,98.72000122070312,98.83999633789062,98.38239288330078,282100
2024-09-04,97.7699966430664,99.73999786376953,97.41999816894531,97.73999786376953,97.28748321533203,242200
2024-09-05,97.4000015258789,98.27999877929688,96.37000274658203,96.70999908447266,96.26224517822266,207600
2024-09-06,96.26000213623047,96.58000183105469,93.44000244140625,93.77999877929688,93.34581756591797,203700
2024-09-09,94.0199966430664,94.73999786376953,92.44999694824219,92.8499984741211,92.42012023925781,299000
2024-09-10,92.76000213623047,93.9000015258789,92.12999725341797,93.79000091552734,93.35577392578125,183600
2024-09-11,93.5999984741211,96.58999633789062,92.16000366210938,96.44999694824219,96.00344848632812,168800
2024-09-12,96.94000244140625,97.22000122070312,94.9800033569336,96.05000305175781,95.60530853271484,130300
2024-09-13,97.3499984741211,98.80000305175781,97.27999877929688,98.62999725341797,98.17335510253906,121800
2024-09-16,98.08999633789062,98.88999938964844,96.48999786376953,98.86000061035156,98.40229797363281,305000
2024-09-17,100.33999633789062,101.1500015258789,98.2300033569336,98.97000122070312,98.51181030273438,160500
2024-09-18,99.23999786376953,101.23999786376953,97.72000122070312,97.83000183105469,97.37708282470703,355300
2024-09-19,101.80999755859375,102.37000274658203,99.13999938964844,101.76000213623047,101.28888702392578,278100
2024-09-20,102.62000274658203,102.62000274658203,100.4800033569336,101.58999633789062,101.11965942382812,605700
2024-09-23,102.18000030517578,102.26000213623047,101.0199966430664,101.16000366210938,100.69165802001953,166100
2024-09-24,102.01000213623047,103.58000183105469,100.7300033569336,101.37000274658203,100.90068817138672,155900
2024-09-25,100.83000183105469,102.2300033569336,99.41000366210938,99.56999969482422,99.10900115966797,158600
2024-09-26,103.29000091552734,104.68000030517578,100.94000244140625,103.80999755859375,103.32937622070312,161700
2024-09-27,104.95999908447266,105.31999969482422,103.47000122070312,104.69999694824219,104.21525573730469,147300
2024-09-30,103.61000061035156,105.51000213623047,103.61000061035156,105.23999786376953,104.75276184082031,193100
2024-10-01,105.22000122070312,105.22000122070312,101.38999938964844,102.94000244140625,102.46342468261719,167200
2024-10-02,102.5,103.95999908447266,101.58000183105469,101.70999908447266,101.23909759521484,160400
2024-10-03,100.5999984741211,102.9800033569336,100.5999984741211,102.94000244140625,102.46342468261719,211800
2024-10-04,105.25,105.94999694824219,103.36000061035156,105.52999877929688,105.04142761230469,183700
2024-10-07,105.44000244140625,105.44000244140625,103.87999725341797,105.0999984741211,104.6134033203125,168500
2024-10-08,105.33999633789062,106.0999984741211,104.18000030517578,105.6500015258789,105.1608657836914,177500
2024-10-09,105.9800033569336,108.12999725341797,105.05999755859375,106.87000274658203,106.37521362304688,191300
2024-10-10,105.0999984741211,107.66999816894531,104.12999725341797,107.43000030517578,106.93262481689453,281000
2024-10-11,106.80000305175781,109.8499984741211,106.22000122070312,109.31999969482422,108.8138656616211,263900
2024-10-14,109.2699966430664,111.79000091552734,109.2699966430664,111.0999984741211,110.58563995361328,197800
2024-10-15,111.45999908447266,112.97000122070312,105.88999938964844,106.62999725341797,106.1363296508789,384800
2024-10-16,108.75,113.66000366210938,108.30999755859375,110.73999786376953,110.227294921875,425500
2024-10-17,111.44000244140625,111.87000274658203,110.52999877929688,111.05000305175781,110.53587341308594,218400
2024-10-18,111.83000183105469,111.9000015258789,110.19000244140625,110.47000122070312,109.95854949951172,273200
2024-10-21,109.86000061035156,111.05000305175781,107.9000015258789,108.69000244140625,108.18678283691406,134700
2024-10-22,107.7699966430664,108.05000305175781,106.5199966430664,106.70999908447266,106.21595764160156,160300
2024-10-23,106.44999694824219,107.30999755859375,104.69999694824219,106.0,105.50924682617188,140400
2024-10-24,107.18000030517578,107.62000274658203,105.7300033569336,107.3499984741211,106.85298156738281,133600
2024-10-25,108.4800033569336,109.18000030517578,106.94000244140625,107.12999725341797,106.6340103149414,246700
2024-10-28,107.8499984741211,109.43000030517578,107.83999633789062,108.37000274658203,107.86827087402344,118800
2024-10-29,107.37000274658203,111.18000030517578,107.37000274658203,111.01000213623047,110.49604797363281,198400
2024-10-30,109.75,111.08000183105469,107.54000091552734,107.7699966430664,107.27104949951172,240500
2024-10-31,111.91999816894531,113.83000183105469,106.05000305175781,108.52999877929688,108.02751922607422,529700
2024-11-01,108.37000274658203,111.26000213623047,101.76000213623047,109.56999969482422,109.06270599365234,206100
2024-11-04,108.94999694824219,110.33000183105469,108.55999755859375,110.06999969482422,109.5604019165039,251700
2024-11-05,109.4800033569336,111.7300033569336,109.4800033569336,111.38999938964844,110.87428283691406,175700
2024-11-06,117.88999938964844,120.80999755859375,115.38999938964844,117.95999908447266,117.41387176513672,599400
2024-11-07,118.01000213623047,118.43000030517578,116.51000213623047,117.31999969482422,116.77684020996094,219800
2024-11-08,117.0999984741211,118.12000274658203,116.41000366210938,117.36000061035156,116.816650390625,214400
2024-11-11,117.87000274658203,118.0,115.69999694824219,117.0,116.45831298828125,225000
2024-11-12,116.9000015258789,117.12999725341797,114.18000030517578,114.29000091552734,113.7608642578125,176900
2024-11-13,114.69000244140625,115.5,112.5999984741211,112.80999755859375,112.2877197265625,209000
2024-11-14,113.0999984741211,113.81999969482422,111.77999877929688,112.1500015258789,111.6307601928711,163700
2024-11-15,111.9800033569336,112.22000122070312,108.55999755859375,109.44999694824219,108.94326782226562,192000
2024-11-18,109.51000213623047,110.41000366210938,108.63999938964844,109.83999633789062,109.33145141601562,223000
2024-11-19,108.04000091552734,112.87000274658203,108.01000213623047,111.55999755859375,111.04349517822266,310700
2024-11-20,110.95999908447266,112.58999633789062,108.79000091552734,110.7699966430664,110.25716400146484,232300
2024-11-21,111.52999877929688,114.02999877929688,110.83999633789062,112.52999877929688,112.0090103149414,155500
2024-11-22,112.73999786376953,116.0999984741211,112.7300033569336,115.19000244140625,114.65670776367188,304500
2024-11-25,117.05000305175781,119.37999725341797,116.81999969482422,117.3499984741211,116.90818786621094,322300
2024-11-26,117.0,118.33999633789062,115.5,117.20999908447266,116.76872253417969,383500
2024-11-27,117.26000213623047,118.02999877929688,114.02999877929688,114.56999969482422,114.1386489868164,143000
2024-11-29,115.30999755859375,116.75,114.88999938964844,115.04000091552734,114.60688018798828,104300
2024-12-02,115.26000213623047,119.08999633789062,114.88999938964844,118.69999694824219,118.25308990478516,223800
2024-12-03,118.0,118.58000183105469,116.95999908447266,118.05000305175781,117.60556030273438,321400
2024-12-04,118.88999938964844,119.58000183105469,117.8499984741211,118.58000183105469,118.1335678100586,140200
2024-12-05,118.16999816894531,118.30000305175781,114.3499984741211,114.69999694824219,114.26815795898438,177100
2024-12-06,115.23999786376953,117.94000244140625,115.0,117.43000030517578,116.98788452148438,145900
2024-12-09,118.12999725341797,119.44999694824219,117.88999938964844,118.38999938964844,117.94426727294922,126900
2024-12-10,118.02999877929688,118.94999694824219,115.37000274658203,116.55000305175781,116.11121368408203,145500
2024-12-11,118.19999694824219,119.63999938964844,116.95999908447266,117.83999633789062,117.3963394165039,257700
2024-12-12,117.33999633789062,118.19999694824219,116.41999816894531,117.13999938964844,116.69898223876953,135500
2024-12-13,117.38999938964844,118.0,116.06999969482422,117.22000122070312,116.77867889404297,103600
2024-12-16,120.0,124.0199966430664,118.30000305175781,122.72000122070312,122.25797271728516,352000
2024-12-17,121.5999984741211,123.12999725341797,119.54000091552734,120.6500015258789,120.19575500488281,223000
2024-12-18,121.04000091552734,124.4800033569336,114.94000244140625,116.0999984741211,115.66289520263672,291900
2024-12-19,116.43000030517578,119.05999755859375,113.37000274658203,113.93000030517578,113.50106811523438,247000
2024-12-20,112.1500015258789,115.5,111.16999816894531,113.0,112.57455444335938,475500
2024-12-23,112.70999908447266,114.44000244140625,111.79000091552734,113.5199966430664,113.09260559082031,136100
2024-12-24,113.58000183105469,116.27999877929688,112.4000015258789,116.1500015258789,115.71269989013672,69500
2024-12-26,115.37000274658203,117.86000061035156,115.12999725341797,117.30999755859375,116.86833190917969,90900
2024-12-27,116.83999633789062,116.9000015258789,113.88999938964844,115.13999938964844,114.70651245117188,182100
2024-12-30,113.6500015258789,116.29000091552734,111.9000015258789,115.02999877929688,114.59690856933594,165900
2024-12-31,115.77999877929688,117.01000213623047,114.94999694824219,115.62999725341797,115.19465637207031,277100
2025-01-02,116.29000091552734,117.98999786376953,113.70999908447266,115.33999633789062,114.90574645996094,187100
2025-01-03,115.7699966430664,118.91999816894531,114.68000030517578,118.56999969482422,118.12358856201172,169300
2025-01-06,122.0,124.18000030517578,120.52999877929688,121.23999786376953,120.78353881835938,282100
2025-01-07,125.0,128.6999969482422,123.19999694824219,125.2300033569336,124.75852966308594,361900
2025-01-08,123.54000091552734,123.54000091552734,117.75,118.66999816894531,118.22321319580078,266400
2025-01-10,116.0199966430664,118.83999633789062,114.94999694824219,118.36000061035156,117.91438293457031,167700
2025-01-13,115.88999938964844,117.95999908447266,114.66000366210938,117.3499984741211,116.90818786621094,149300
2025-01-14,118.3499984741211,119.8499984741211,116.83999633789062,118.06999969482422,117.62548065185547,353700
2025-01-15,121.13999938964844,122.31999969482422,118.86000061035156,121.12999725341797,120.67395782470703,253200
2025-01-16,121.80000305175781,122.80000305175781,119.5199966430664,119.66000366210938,119.20948791503906,242800
2025-01-17,121.7300033569336,122.25,120.20999908447266,121.16000366210938,120.70384979248047,173900
2025-01-21,122.69999694824219,127.66000366210938,121.55999755859375,127.55000305175781,127.06978607177734,337600
2025-01-22,128.32000732421875,130.5,125.3499984741211,125.94999694824219,125.4758071899414,361800
2025-01-23,124.56999969482422,125.98999786376953,123.5199966430664,125.29000091552734,124.81829071044922,248400
2025-01-24,125.19999694824219,125.55999755859375,123.33000183105469,125.36000061035156,124.88802337646484,232100
2025-01-27,122.52999877929688,122.58000183105469,111.7699966430664,113.26000213623047,112.83358764648438,433300
2025-01-28,114.19000244140625,114.5,111.25,114.0199966430664,113.5907211303711,243400
2025-01-29,115.93000030517578,115.93000030517578,110.91999816894531,112.63999938964844,112.21592712402344,192000
2025-01-30,114.86000061035156,116.62999725341797,113.12999725341797,114.80999755859375,114.37774658203125,260900
2025-01-31,115.05999755859375,117.83000183105469,114.61000061035156,115.08000183105469,114.64673614501953,401100
2025-02-03,111.83999633789062,113.94999694824219,110.6500015258789,111.38999938964844,110.97062683105469,209600
2025-02-04,110.51000213623047,112.20999908447266,110.01000213623047,111.41000366210938,110.99054718017578,199000
2025-02-05,111.75,114.98999786376953,111.66999816894531,113.94000244140625,113.51102447509766,210700
2025-02-06,114.11000061035156,115.18000030517578,111.98999786376953,113.0999984741211,112.6741943359375,173100
2025-02-07,113.29000091552734,113.56999969482422,110.2699966430664,111.69000244140625,111.26950073242188,190300
2025-02-10,112.19999694824219,113.25,111.1500015258789,112.83000183105469,112.40521240234375,279500
2025-02-11,111.91000366210938,114.16000366210938,110.44999694824219,111.36000061035156,110.94074249267578,231100
2025-02-12,109.2300033569336,111.4000015258789,107.94000244140625,111.16999816894531,110.75144958496094,323200
2025-02-13,115.80000305175781,124.30000305175781,113.5999984741211,123.48999786376953,123.02507019042969,692300
2025-02-14,123.22000122070312,125.51000213623047,121.87000274658203,124.2699966430664,123.80213928222656,405500
2025-02-18,124.52999877929688,126.81999969482422,121.66999816894531,126.7300033569336,126.25286865234375,267600
2025-02-19,126.9800033569336,131.63999938964844,125.7300033569336,131.5399932861328,131.04476928710938,390200
2025-02-20,131.22000122070312,132.16000366210938,127.9800033569336,130.25999450683594,129.76956176757812,397300
2025-02-21,132.16000366210938,132.16000366210938,125.05000305175781,126.54000091552734,126.0635986328125,272700
2025-02-24,126.63999938964844,127.51000213623047,123.69999694824219,125.77999877929688,125.40554809570312,248500
2025-02-25,125.47000122070312,126.1500015258789,121.43000030517578,121.5,121.13829040527344,1177100
2025-02-26,121.97000122070312,125.0,121.76000213623047,123.4000015258789,123.03263854980469,224800
2025-02-27,123.98999786376953,124.73999786376953,116.33000183105469,116.43000030517578,116.08338928222656,248400
2025-02-28,116.36000061035156,116.36000061035156,112.83999633789062,115.16999816894531,114.82714080810547,355000
2025-03-03,114.91999816894531,115.66999816894531,106.29000091552734,107.43000030517578,107.11017608642578,536000
2025-03-04,105.77999877929688,108.75,103.4000015258789,107.08999633789062,106.77118682861328,491300
2025-03-05,106.36000061035156,110.94000244140625,105.97000122070312,110.5999984741211,110.27073669433594,299000
2025-03-06,108.2699966430664,110.30000305175781,104.7300033569336,105.98999786376953,105.67446899414062,325700
2025-03-07,105.97000122070312,109.97000122070312,103.55999755859375,109.66999816894531,109.343505859375,412400
2025-03-10,106.94000244140625,107.95999908447266,104.11000061035156,105.4800033569336,105.16597747802734,309600
2025-03-11,105.48999786376953,106.93000030517578,101.94999694824219,103.25,102.94261169433594,316400
2025-03-12,105.37000274658203,107.26000213623047,104.31999969482422,105.7699966430664,105.45512390136719,275200
2025-03-13,105.36000061035156,105.37999725341797,100.5199966430664,101.61000061035156,101.30750274658203,275800
2025-03-14,103.16000366210938,106.54000091552734,102.63999938964844,106.19000244140625,105.87387084960938,144900
2025-03-17,105.51000213623047,108.44999694824219,104.33999633789062,107.38999938964844,107.07030487060547,173700
2025-03-18,105.91999816894531,106.80000305175781,104.87000274658203,105.52999877929688,105.21583557128906,250100
2025-03-19,105.19000244140625,107.62999725341797,104.25,106.2699966430664,105.95362854003906,198600
2025-03-20,104.62999725341797,106.69999694824219,104.58999633789062,105.83000183105469,105.51493835449219,177600
2025-03-21,104.54000091552734,105.69999694824219,102.08000183105469,105.26000213623047,104.94664001464844,701200
2025-03-24,107.80999755859375,108.69000244140625,106.58999633789062,107.16999816894531,106.8509521484375,198900
2025-03-25,107.08999633789062,108.33999633789062,104.93000030517578,108.11000061035156,107.78816223144531,388300
2025-03-26,109.45999908447266,109.45999908447266,104.16999816894531,105.12000274658203,104.80706024169922,298600
2025-03-27,104.25,104.93000030517578,99.93000030517578,100.0199966430664,99.72224426269531,376900
2025-03-28,100.2300033569336,100.2300033569336,93.13999938964844,94.80000305175781,94.51778411865234,654300
2025-03-31,92.7699966430664,96.02999877929688,91.0999984741211,95.30999755859375,95.02626037597656,367600
2025-04-01,94.58999633789062,97.16000366210938,92.9800033569336,95.16000366210938,94.876708984375,300600
2025-04-02,93.13999938964844,97.9000015258789,92.9000015258789,96.5199966430664,96.23265838623047,250800
2025-04-03,90.04000091552734,90.5,83.16000366210938,83.87000274658203,83.62031555175781,642800
2025-04-04,79.97000122070312,81.87000274658203,75.0999984741211,79.02999877929688,78.79472351074219,836000
2025-04-07,75.61000061035156,86.55000305175781,75.01000213623047,81.93000030517578,81.68609619140625,734300
2025-04-08,85.5,86.52999877929688,78.26000213623047,80.16999816894531,79.93133544921875,473000
2025-04-09,79.80000305175781,96.86000061035156,79.80000305175781,95.61000061035156,95.32537841796875,994200
2025-04-10,89.87000274658203,91.11000061035156,83.69000244140625,86.70999908447266,86.45186614990234,513500
2025-04-11,85.97000122070312,88.9800033569336,83.61000061035156,86.7699966430664,86.51168060302734,371300
2025-04-14,90.3499984741211,90.5,86.23999786376953,88.86000061035156,88.595458984375,351000
2025-04-15,88.80999755859375,90.61000061035156,87.81999969482422,89.16999816894531,88.90454864501953,308000
2025-04-16,86.80999755859375,87.97000122070312,82.63999938964844,85.56999969482422,85.31525421142578,409000
2025-04-17,85.94000244140625,88.37000274658203,84.62000274658203,86.79000091552734,86.53163146972656,281100
2025-04-21,84.5199966430664,86.2699966430664,84.19999694824219,86.04000091552734,85.78385162353516,234600
2025-04-22,87.5999984741211,89.0,86.2699966430664,88.11000061035156,87.84769439697266,252400
2025-04-23,92.79000091552734,96.70999908447266,91.38999938964844,91.48999786376953,91.21763610839844,275500
2025-04-24,92.88999938964844,97.2699966430664,92.88999938964844,96.91999816894531,96.6314697265625,229600
2025-04-25,95.7300033569336,100.75,95.33999633789062,100.66999816894531,100.37030029296875,412200
2025-04-28,99.87000274658203,101.0,96.83000183105469,98.88999938964844,98.5956039428711,267100
2025-04-29,98.30000305175781,98.98999786376953,94.68000030517578,97.2300033569336,96.9405517578125,554900
2025-04-30,94.19999694824219,97.66000366210938,92.83000183105469,97.41000366210938,97.12001037597656,435600
2025-05-01,110.26000213623047,114.88999938964844,108.06999969482422,108.30999755859375,107.987548828125,1161400
2025-05-02,109.41000366210938,114.61000061035156,109.41000366210938,111.29000091552734,110.95869445800781,550400
2025-05-05,110.0,111.6500015258789,109.55000305175781,110.04000091552734,109.71241760253906,367000
2025-05-06,107.4000015258789,108.54000091552734,106.4800033569336,107.22000122070312,106.90080261230469,357600
2025-05-07,108.22000122070312,110.0199966430664,107.29000091552734,109.80999755859375,109.48309326171875,219100
2025-05-08,111.63999938964844,112.72000122070312,109.66999816894531,110.55999755859375,110.2308578491211,220300
2025-05-09,111.98999786376953,112.80000305175781,110.58000183105469,112.69999694824219,112.3644790649414,265200
2025-05-12,118.33999633789062,121.0,116.20999908447266,117.37999725341797,117.03055572509766,505400
2025-05-13,117.8499984741211,120.3499984741211,117.66000366210938,120.13999938964844,119.78233337402344,317900
2025-05-14,120.22000122070312,121.31999969482422,118.69000244140625,118.91999816894531,118.56596374511719,319500
2025-05-15,117.69999694824219,118.87999725341797,116.68000030517578,118.76000213623047,118.40644836425781,277000
2025-05-16,118.72000122070312,119.30000305175781,117.4000015258789,118.1500015258789,117.79827117919922,325400
2025-05-19,115.30000305175781,117.04000091552734,114.02999877929688,116.97000122070312,116.62177276611328,176400
2025-05-20,116.77999877929688,118.75,116.33999633789062,118.62000274658203,118.2668685913086,254100
2025-05-21,116.80000305175781,118.86000061035156,115.13999938964844,116.0,115.6546630859375,210000
2025-05-22,115.45999908447266,117.83000183105469,114.93000030517578,115.94000244140625,115.59484100341797,178400
2025-05-23,112.41000366210938,115.0,112.25,113.87000274658203,113.62902069091797,169700
2025-05-27,116.61000061035156,118.5199966430664,115.41999816894531,117.51000213623047,117.26131439208984,243200
2025-05-28,118.16999816894531,118.55999755859375,115.43000030517578,115.69999694824219,115.45514678955078,228400
2025-05-29,117.0,118.19000244140625,115.05000305175781,116.26000213623047,116.01396179199219,207500
2025-05-30,115.30000305175781,115.72000122070312,112.68000030517578,114.77999877929688,114.53709411621094,337100
2025-06-02,114.31999969482422,116.04000091552734,112.72000122070312,115.58000183105469,115.33539581298828,184000
2025-06-03,115.66999816894531,119.47000122070312,114.87999725341797,118.79000091552734,118.53860473632812,354000
2025-06-04,119.26000213623047,120.29000091552734,118.37999725341797,120.08999633789062,119.83584594726562,186200
2025-06-05,120.08999633789062,121.98999786376953,118.7699966430664,119.63999938964844,119.38680267333984,170400
2025-06-06,121.98999786376953,123.0,120.20999908447266,121.55999755859375,121.30274200439453,161200
2025-06-09,122.72000122070312,127.06999969482422,122.69999694824219,125.7300033569336,125.46392822265625,349900
2025-06-10,125.93000030517578,128.52000427246094,125.75,126.91000366210938,126.64141845703125,341900
2025-06-11,128.13999938964844,129.74000549316406,126.3499984741211,127.72000122070312,127.44971466064453,255400
2025-06-12,125.94000244140625,128.27000427246094,124.51000213623047,126.68000030517578,126.41190338134766,236700
2025-06-13,123.9000015258789,125.87000274658203,122.08000183105469,122.80000305175781,122.54012298583984,148300
2025-06-16,124.38999938964844,126.45999908447266,123.8499984741211,125.26000213623047,124.99490356445312,230700
2025-06-17,123.9800033569336,125.83999633789062,123.73999786376953,124.54000091552734,124.27642822265625,219800
2025-06-18,124.36000061035156,129.5399932861328,124.19999694824219,128.97000122070312,128.69705200195312,765500
2025-06-20,130.72000122070312,131.2899932861328,127.5999984741211,128.6300048828125,128.3577880859375,601700
2025-06-23,128.07000732421875,130.55999755859375,126.0999984741211,130.02999877929688,129.7548065185547,470000
2025-06-24,132.08999633789062,134.82000732421875,130.75,132.50999450683594,132.2295684814453,333200
2025-06-25,134.25999450683594,135.69000244140625,132.91000366210938,133.27999877929688,132.99794006347656,395000
2025-06-26,133.44000244140625,134.66000366210938,132.89999389648438,133.83999633789062,133.5567626953125,419200
2025-06-27,134.92999267578125,135.9600067138672,131.1699981689453,132.30999755859375,132.02999877929688,547300
2025-06-30,133.2100067138672,134.16000366210938,131.9199981689453,132.5,132.21958923339844,260000
2025-07-01,131.83999633789062,134.69000244140625,130.8699951171875,133.58999633789062,133.3072967529297,328600
2025-07-02,133.49000549316406,137.77999877929688,133.00999450683594,137.5500030517578,137.25892639160156,269100
2025-07-03,138.0,139.2899932861328,137.38999938964844,138.13999938964844,137.84765625,157400
2025-07-07,136.60000610351562,138.6199951171875,135.5500030517578,136.61000061035156,136.32090759277344,246200
2025-07-08,137.74000549316406,139.11000061035156,135.8699951171875,138.07000732421875,137.77780151367188,344800
2025-07-09,138.74000549316406,141.7100067138672,136.94000244140625,141.1300048828125,140.83132934570312,525300
2025-07-10,141.1300048828125,144.5399932861328,140.75999450683594,143.6199951171875,143.3160400390625,367500
2025-07-11,142.02999877929688,143.24000549316406,140.72000122070312,140.72999572753906,140.43215942382812,220800
2025-07-14,140.5399932861328,141.5399932861328,138.24000549316406,141.47999572753906,141.18057250976562,254200
2025-07-15,143.11000061035156,143.44000244140625,138.38999938964844,139.10000610351562,138.8056182861328,483700
2025-07-16,139.39999389648438,139.5500030517578,134.60000610351562,139.4199981689453,139.12493896484375,475900
2025-07-17,139.2100067138672,143.6999969482422,139.2100067138672,142.72999572753906,142.4279327392578,379200
2025-07-18,144.08999633789062,144.08999633789062,141.7899932861328,143.25,142.94683837890625,239300
2025-07-21,143.89999389648438,145.52000427246094,142.17999267578125,142.66000366210938,142.3580780029297,276500
2025-07-22,142.47000122070312,142.8800048828125,139.44000244140625,140.67999267578125,140.38226318359375,341700
2025-07-23,141.32000732421875,143.16000366210938,140.4499969482422,142.83999633789062,142.5377197265625,217200
2025-07-24,142.3699951171875,143.3000030517578,140.4199981689453,140.91000366210938,140.61178588867188,275300
2025-07-25,141.1699981689453,141.1699981689453,138.49000549316406,140.5399932861328,140.2425537109375,182600
2025-07-28,141.22999572753906,143.25999450683594,140.99000549316406,141.94000244140625,141.63961791992188,260400
2025-07-29,143.74000549316406,144.52000427246094,141.75999450683594,142.2100067138672,141.90904235839844,308000
2025-07-30,143.67999267578125,145.2100067138672,142.47999572753906,144.07000732421875,143.76512145996094,432000
2025-07-31,144.0,144.08999633789062,138.27999877929688,138.9199981689453,138.62600708007812,364800
2025-08-01,136.4499969482422,136.4499969482422,131.58999633789062,135.25,134.96376037597656,468800
2025-08-04,138.27999877929688,141.02999877929688,136.02000427246094,140.55999755859375,140.2625274658203,495300
2025-08-05,141.22999572753906,142.49000549316406,136.57000732421875,139.5800018310547,139.28460693359375,676500
2025-08-06,128.39999389648438,142.5,128.39999389648438,139.80999755859375,139.5141143798828,864400
2025-08-07,143.0399932861328,146.66000366210938,140.66000366210938,146.5,146.18995666503906,568200
2025-08-08,148.38999938964844,152.22999572753906,147.61000061035156,150.82000732421875,150.50083923339844,470300
2025-08-11,150.86000061035156,152.24000549316406,148.9600067138672,151.61000061035156,151.28915405273438,733400
2025-08-12,154.19000244140625,163.07000732421875,152.2899932861328,158.80999755859375,158.4739227294922,963900
2025-08-13,159.2899932861328,162.7899932861328,157.82000732421875,162.52000427246094,162.1760711669922,489100
2025-08-14,159.85000610351562,163.0,159.33999633789062,161.88999938964844,161.54739379882812,896600
2025-08-15,160.4199981689453,160.4600067138672,151.1300048828125,151.39999389648438,151.07958984375,547000
2025-08-18,151.39999389648438,153.67999267578125,150.22000122070312,153.22999572753906,152.9057159423828,341800
2025-08-19,152.82000732421875,154.25,149.30999755859375,150.41000366210938,150.09169006347656,415400
2025-08-20,148.63999938964844,148.94000244140625,143.3800048828125,147.74000549316406,147.42733764648438,491100
2025-08-21,147.5500030517578,148.2100067138672,145.89999389648438,148.07000732421875,147.7566375732422,232500
2025-08-22,148.8800048828125,156.4600067138672,147.82000732421875,154.50999450683594,154.18299865722656,375900
2025-08-25,154.57000732421875,155.33999633789062,152.80999755859375,153.00999450683594,152.78506469726562,258800
2025-08-26,153.82000732421875,156.0,151.6199951171875,154.44000244140625,154.21295166015625,273900
2025-08-27,155.77000427246094,156.74000549316406,153.55999755859375,153.72999572753906,153.50399780273438,422900
2025-08-28,154.61000061035156,156.91000366210938,154.10000610351562,155.5500030517578,155.32131958007812,244100
2025-08-29,154.64999389648438,154.85000610351562,147.69000244140625,149.67999267578125,149.4599609375,290700
2025-09-02,145.89999389648438,147.5800018310547,144.08999633789062,145.49000549316406,145.27610778808594,435600
2025-09-03,146.63999938964844,147.6999969482422,144.3300018310547,145.25,145.0364532470703,284600
2025-09-04,145.50999450683594,150.32000732421875,145.50999450683594,150.13999938964844,149.9192657470703,243400
2025-09-05,151.50999450683594,154.50999450683594,150.0800018310547,153.74000549316406,153.51400756835938,243700
2025-09-08,154.89999389648438,156.4199981689453,152.97000122070312,154.42999267578125,154.20298767089844,304200
2025-09-09,154.24000549316406,155.6300048828125,151.9499969482422,154.75999450683594,154.53248596191406,192100
2025-09-10,155.52999877929688,158.5800018310547,154.77000427246094,157.25,157.01882934570312,289500
2025-09-11,158.13999938964844,161.4199981689453,157.58999633789062,159.52000427246094,159.28550720214844,301800
2025-09-12,158.77999877929688,159.6199951171875,155.8300018310547,157.44000244140625,157.20855712890625,227300
2025-09-15,157.25,159.61000061035156,155.38999938964844,156.74000549316406,156.50958251953125,371700
2025-09-16,157.38999938964844,158.91000366210938,155.07000732421875,158.02999877929688,157.7976837158203,336000
2025-09-17,157.72999572753906,160.0,155.25,157.7899932861328,157.5580291748047,254100
2025-09-18,160.67999267578125,171.2100067138672,160.67999267578125,169.75,169.50045776367188,855800
2025-09-19,171.8800048828125,174.50999450683594,166.5,174.35000610351562,174.09368896484375,1498500
2025-09-22,174.0800018310547,175.17999267578125,170.86000061035156,174.77000427246094,174.51307678222656,441400
2025-09-23,175.64999389648438,179.27999877929688,175.1999969482422,176.58999633789062,176.3303985595703,374400
2025-09-24,175.86000061035156,175.8800048828125,169.85000610351562,170.77000427246094,170.51895141601562,234200
2025-09-25,168.22999572753906,168.22999572753906,163.6999969482422,167.35000610351562,167.10398864746094,397700
2025-09-26,167.00999450683594,167.9499969482422,163.92999267578125,166.4600067138672,166.21530151367188,274200
2025-09-29,168.25,168.75999450683594,164.39999389648438,166.75999450683594,166.5148468017578,274500
2025-09-30,167.0,170.5399932861328,163.1300048828125,170.13999938964844,169.889892578125,434300
2025-10-01,168.22999572753906,176.5800018310547,167.22999572753906,176.1999969482422,175.9409637451172,537300
2025-10-02,179.75999450683594,180.89999389648438,173.94000244140625,178.0800018310547,177.81820678710938,380900
2025-10-03,177.75,180.0,172.91000366210938,173.86000061035156,173.6044158935547,310400
2025-10-06,177.27999877929688,179.41000366210938,173.86000061035156,176.02000427246094,175.76123046875,397100
2025-10-07,177.11000061035156,177.9499969482422,171.27999877929688,173.08999633789062,172.8355255126953,209500
2025-10-08,173.77999877929688,175.77000427246094,171.82000732421875,174.9199981689453,174.662841796875,234600
2025-10-09,174.72999572753906,180.52999877929688,174.02000427246094,179.97999572753906,179.7154083251953,345500
2025-10-10,180.85000610351562,183.92999267578125,169.36000061035156,169.6199951171875,169.3706512451172,477900
2025-10-13,176.5800018310547,182.69000244140625,174.1199951171875,182.14999389648438,181.88221740722656,380300
2025-10-14,177.52000427246094,185.0,176.14999389648438,182.75,182.48133850097656,300300
2025-10-15,186.99000549316406,190.13999938964844,184.85000610351562,189.9600067138672,189.68075561523438,300300
2025-10-16,191.72999572753906,194.69000244140625,188.9199981689453,192.22000122070312,191.93743896484375,818800
2025-10-17,189.49000549316406,195.22999572753906,189.49000549316406,191.97999572753906,191.69776916503906,533000
2025-10-20,192.50999450683594,198.67999267578125,192.50999450683594,197.44000244140625,197.14974975585938,787500
2025-10-21,196.57000732421875,197.38999938964844,192.50999450683594,196.5800018310547,196.291015625,386400
2025-10-22,195.39999389648438,196.6999969482422,185.52000427246094,190.4600067138672,190.18002319335938,517200
2025-10-23,190.2899932861328,203.1999969482422,189.2899932861328,198.4199981689453,198.12831115722656,487200
2025-10-24,201.0,205.36000061035156,200.3699951171875,202.61000061035156,202.31214904785156,341700
2025-10-27,204.5,206.85000610351562,203.14999389648438,205.1199951171875,204.81846618652344,270100
2025-10-28,205.13999938964844,205.47000122070312,200.7100067138672,204.6199951171875,204.31919860839844,410100
2025-10-29,205.6199951171875,213.63999938964844,205.1300048828125,208.0500030517578,207.74417114257812,502500
2025-10-30,207.38999938964844,210.41000366210938,203.8699951171875,205.61000061035156,205.3077392578125,318400
2025-10-31,206.5500030517578,208.2100067138672,200.30999755859375,202.72999572753906,202.43197631835938,419700
2025-11-03,205.67999267578125,205.85000610351562,199.4199981689453,205.61000061035156,205.3077392578125,508200
2025-11-04,199.41000366210938,201.1999969482422,193.9499969482422,195.0500030517578,194.7632598876953,554300
2025-11-05,221.55999755859375,232.0500030517578,205.77999877929688,225.8000030517578,225.46807861328125,2805900
2025-11-06,225.89999389648438,226.05999755859375,215.86000061035156,219.1999969482422,218.87774658203125,526700
2025-11-07,214.3699951171875,219.1999969482422,210.1300048828125,216.72999572753906,216.41139221191406,562700
2025-11-10,224.25999450683594,224.38999938964844,218.80999755859375,219.3000030517578,218.9776153564453,391500
2025-11-11,217.1300048828125,219.0800018310547,214.0500030517578,215.97999572753906,215.66249084472656,409500
2025-11-12,221.0500030517578,222.9199981689453,212.13999938964844,212.7899932861328,212.4771728515625,597000
2025-11-13,210.2100067138672,211.1699981689453,199.0800018310547,202.82000732421875,202.5218505859375,511800
2025-11-14,192.57000732421875,207.86000061035156,192.57000732421875,202.47999572753906,202.18234252929688,450200
2025-11-17,200.27000427246094,206.50999450683594,197.52999877929688,198.5399932861328,198.24813842773438,280500
2025-11-18,196.82000732421875,202.13999938964844,193.22000122070312,199.22000122070312,198.9271240234375,513100
2025-11-19,199.24000549316406,207.0800018310547,198.57000732421875,198.88999938964844,198.59762573242188,386200
2025-11-20,206.41000366210938,209.97999572753906,187.7100067138672,188.8800048828125,188.60232543945312,555700
2025-11-21,189.5500030517578,198.85000610351562,188.63999938964844,196.0,195.7118682861328,440900
2025-11-24,198.2100067138672,206.47000122070312,195.9600067138672,206.0399932861328,205.8421173095703,306800
2025-11-25,205.89999389648438,209.7899932861328,200.3000030517578,205.9199981689453,205.7222442626953,316900
2025-11-26,206.5800018310547,213.33999633789062,205.9499969482422,209.89999389648438,209.69842529296875,545100
2025-11-28,211.5,212.02999877929688,208.77000427246094,211.19000244140625,210.98719787597656,148200
2025-12-01,207.4600067138672,210.9199981689453,204.9499969482422,207.77999877929688,207.58045959472656,277100
2025-12-02,209.72999572753906,214.14999389648438,205.82000732421875,210.94000244140625,210.73744201660156,281800
2025-12-03,211.67999267578125,218.0500030517578,208.00999450683594,213.44000244140625,213.23501586914062,431500
2025-12-04,210.3300018310547,218.66000366210938,210.3300018310547,214.64999389648438,214.44386291503906,423900
2025-12-05,214.1699981689453,220.86000061035156,213.80999755859375,219.3800048828125,219.16932678222656,403400
2025-12-08,220.0,223.80999755859375,217.5500030517578,221.85000610351562,221.636962890625,277600
2025-12-09,219.74000549316406,222.61000061035156,216.42999267578125,221.27000427246094,221.05751037597656,317200
2025-12-10,221.27000427246094,223.9600067138672,217.4600067138672,221.47000122070312,221.25730895996094,416900
2025-12-11,220.88999938964844,224.3699951171875,214.77999877929688,224.11000061035156,223.894775390625,354100
2025-12-12,220.85000610351562,223.33999633789062,210.32000732421875,215.07000732421875,214.86346435546875,534200
2025-12-15,218.39999389648438,222.33999633789062,216.1999969482422,216.8699951171875,216.66172790527344,421000
2025-12-16,217.35000610351562,222.41000366210938,212.50999450683594,215.16000366210938,214.95338439941406,330600
2025-12-17,214.92999267578125,216.80999755859375,203.4499969482422,204.49000549316406,204.2936248779297,346800
2025-12-18,211.67999267578125,211.67999267578125,203.67999267578125,208.77000427246094,208.5695037841797,362000
2025-12-19,209.14999389648438,216.6699981689453,209.14999389648438,216.08999633789062,215.8824920654297,770400
2025-12-22,219.14999389648438,220.39999389648438,216.75,217.75999450683594,217.55087280273438,217100
2025-12-23,215.77999877929688,218.67999267578125,213.0,217.50999450683594,217.30111694335938,230800
2025-12-24,218.35000610351562,218.85000610351562,216.5800018310547,217.22999572753906,217.02137756347656,69800
2025-12-26,217.88999938964844,218.5,215.6300048828125,217.86000061035156,217.65078735351562,96000
2025-12-29,217.1699981689453,220.0,214.22000122070312,217.25999450683594,217.0513458251953,221400
2025-12-30,218.8699951171875,218.8699951171875,211.6699981689453,213.41000366210938,213.20506286621094,287100
2025-12-31,214.1300048828125,215.05999755859375,208.99000549316406,209.3699951171875,209.1689453125,237700
2026-01-02,215.64999389648438,223.41000366210938,215.64999389648438,221.99000549316406,221.7768096923828,337500
2026-01-05,226.3000030517578,232.0,224.47000122070312,227.64999389648438,227.43138122558594,501600
2026-01-06,228.1199951171875,231.9199981689453,223.52000427246094,229.6999969482422,229.47940063476562,562300
2026-01-07,228.17999267578125,228.3000030517578,219.0,224.39999389648438,224.1844940185547,575800
2026-01-08,222.24000549316406,224.3699951171875,201.55999755859375,210.99000549316406,210.7873992919922,762200
2026-01-09,211.0399932861328,220.41000366210938,211.0399932861328,219.58999633789062,219.3791046142578,389600
2026-01-12,222.5500030517578,229.3000030517578,221.8000030517578,227.58999633789062,227.37142944335938,291400
2026-01-13,228.9499969482422,237.94000244140625,228.0,233.9199981689453,233.6953582763672,451900
2026-01-14,235.42999267578125,238.9199981689453,230.94000244140625,237.89999389648438,237.67153930664062,425000
2026-01-15,247.25999450683594,259.4599914550781,245.97999572753906,257.2900085449219,257.0429382324219,1063900
2026-01-16,262.44000244140625,264.0,252.1999969482422,253.86000061035156,253.6162109375,457700
2026-01-20,248.60000610351562,255.3000030517578,246.0,250.9499969482422,250.70901489257812,339400
2026-01-21,253.60000610351562,271.6199951171875,248.32000732421875,269.0,268.7416687011719,804300
2026-01-22,274.6400146484375,276.8500061035156,266.67999267578125,275.57000732421875,275.3053894042969,950600
2026-01-23,272.8900146484375,272.8900146484375,254.32000732421875,262.19000244140625,261.9382019042969,615300
2026-01-26,260.8500061035156,265.69000244140625,258.25,263.0299987792969,262.77740478515625,427100
2026-01-27,266.7099914550781,269.17999267578125,258.010009765625,259.54998779296875,259.30072021484375,558800
2026-01-28,261.0299987792969,267.92999267578125,257.8599853515625,263.760009765625,263.5067138671875,646300
2026-01-29,266.5799865722656,273.6600036621094,262.3299865722656,269.1199951171875,268.861572265625,573900
2026-01-30,265.0199890136719,277.1499938964844,253.3800048828125,255.36000061035156,255.11476135253906,6765000
2026-02-02,250.3800048828125,266.8900146484375,250.0,261.82000732421875,261.5685729980469,781600
2026-02-03,271.55999755859375,271.55999755859375,256.0899963378906,263.0299987792969,262.77740478515625,624900
2026-02-04,265.95001220703125,272.6000061035156,244.17999267578125,254.5399932861328,254.29554748535156,820400
2026-02-05,250.64999389648438,260.0,240.49000549316406,257.6400146484375,257.392578125,506500
2026-02-06,265.17999267578125,274.94000244140625,263.260009765625,273.260009765625,272.9975891113281,566600
2026-02-09,279.29998779296875,281.44000244140625,273.5,279.1700134277344,278.9018859863281,621900
2026-02-10,279.1000061035156,283.7200012207031,270.7099914550781,279.0400085449219,278.7720642089844,944100
2026-02-11,299.0899963378906,325.69000244140625,292.8999938964844,308.7699890136719,308.47344970703125,1447000
2026-02-12,312.3500061035156,325.0,309.1400146484375,312.95001220703125,312.64947509765625,1226200
2026-02-13,313.1000061035156,321.5,310.5299987792969,314.2699890136719,313.9681701660156,885500
2026-02-17,311.0400085449219,319.989990234375,302.010009765625,314.1199951171875,313.818359375,644300
2026-02-18,314.1199951171875,328.3699951171875,311.3500061035156,321.3399963378906,321.0314025878906,672300
2026-02-19,318.45001220703125,323.1499938964844,316.5199890136719,320.6400146484375,320.33209228515625,454100
2026-02-20,319.7900085449219,334.5299987792969,317.6499938964844,331.2300109863281,330.91192626953125,735300
2026-02-23,328.4200134277344,332.739990234375,325.4100036621094,329.239990234375,329.02313232421875,462400
2026-02-24,331.30999755859375,340.260009765625,328.0,335.739990234375,335.51885986328125,522800
2026-02-25,338.239990234375,347.2799987792969,337.42999267578125,338.510009765625,338.28704833984375,725000
2026-02-26,339.0299987792969,339.8800048828125,322.5,337.3500061035156,337.1278076171875,739500
2026-02-27,331.55999755859375,336.1700134277344,325.7900085449219,335.57000732421875,335.3489990234375,744900
2026-03-02,335.4700012207031,350.0,330.0,340.4200134277344,340.19580078125,845500
2026-03-03,325.6000061035156,330.0,315.0,322.4700012207031,322.2575988769531,478400
2026-03-04,325.5799865722656,332.9100036621094,319.0,330.5400085449219,330.3222961425781,654800
2026-03-05,322.9800109863281,330.94000244140625,300.739990234375,311.4200134277344,311.21490478515625,823100
2026-03-06,297.82000732421875,311.0,288.9100036621094,290.7799987792969,290.5884704589844,676800
2026-03-09,284.3999938964844,305.5299987792969,280.0,305.0199890136719,304.819091796875,978500
2026-03-10,305.4800109863281,323.5400085449219,305.17999267578125,311.3900146484375,311.1849060058594,635700
2026-03-11,307.1600036621094,316.92999267578125,302.25,314.8399963378906,314.63262939453125,545400
2026-03-12,306.0199890136719,311.5199890136719,296.489990234375,305.82000732421875,305.61859130859375,441100
2026-03-13,310.19000244140625,314.9800109863281,300.510009765625,302.0199890136719,301.821044921875,342800
2026-03-16,312.5899963378906,317.0400085449219,306.9200134277344,308.30999755859375,308.10693359375,559500
2026-03-17,308.30999755859375,317.4200134277344,304.1099853515625,315.9100036621094,315.7019348144531,376000
2026-03-18,315.989990234375,326.57000732421875,310.75,319.6300048828125,319.4194641113281,710600
2026-03-19,309.5199890136719,332.70001220703125,304.1400146484375,327.79998779296875,327.5840759277344,645800
2026-03-20,328.489990234375,330.69000244140625,311.8900146484375,317.2099914550781,317.0010681152344,1012200
2026-03-23,326.69000244140625,339.5,324.9100036621094,329.7799987792969,329.5627746582031,647600
2026-03-24,324.739990234375,358.25,324.739990234375,356.3800048828125,356.145263671875,1069700
2026-03-25,357.3999938964844,360.0,340.29998779296875,342.8699951171875,342.6441650390625,641200
2026-03-26,332.489990234375,338.07000732421875,312.04998779296875,313.1099853515625,312.90374755859375,544800
2026-03-27,310.6300048828125,320.6199951171875,304.0,310.760009765625,310.5553283691406,623100
2026-03-30,314.8900146484375,319.9599914550781,295.6000061035156,298.2900085449219,298.0935363769531,598800
2026-03-31,303.8500061035156,325.94000244140625,300.0,322.7099914550781,322.4974365234375,761500
2026-04-01,329.7699890136719,340.6000061035156,327.3399963378906,332.82000732421875,332.6007995605469,557100
2026-04-02,315.4599914550781,335.2099914550781,315.0,332.30999755859375,332.09112548828125,320100
2026-04-06,333.7300109863281,337.69000244140625,324.989990234375,331.8999938964844,331.681396484375,418100
2026-04-07,328.7699890136719,339.7699890136719,328.5400085449219,339.32000732421875,339.0965270996094,453200
2026-04-08,363.2099914550781,371.7200012207031,355.0,366.95001220703125,366.70831298828125,677500
2026-04-09,367.4100036621094,377.9100036621094,367.0199890136719,374.9800109863281,374.7330322265625,553800
2026-04-10,375.54998779296875,385.9700012207031,372.7900085449219,379.6400146484375,379.38995361328125,362100
2026-04-13,376.67999267578125,380.0,372.5,378.94000244140625,378.6904296875,420900
2026-04-14,385.1499938964844,386.25,375.1199951171875,385.7300109863281,385.4759521484375,425800
2026-04-15,380.5199890136719,382.5299987792969,362.5400085449219,374.32000732421875,374.0734558105469,627000
2026-04-16,369.3999938964844,374.29998779296875,365.8500061035156,372.2300109863281,371.9848327636719,473300
2026-04-17,377.69000244140625,380.57000732421875,370.2699890136719,375.6000061035156,375.3526306152344,662900
2026-04-20,376.0299987792969,384.0,373.3900146484375,380.2200012207031,379.9695739746094,530000
2026-04-21,384.7699890136719,397.44000244140625,380.7099914550781,385.0,384.7464294433594,760700
2026-04-22,396.489990234375,396.489990234375,376.0400085449219,377.19000244140625,376.94158935546875,504900
2026-04-23,376.3399963378906,387.4100036621094,373.8900146484375,382.4700012207031,382.21807861328125,469000
2026-04-24,387.6499938964844,396.9599914550781,383.42999267578125,387.239990234375,386.98492431640625,982800
2026-04-27,391.3599853515625,391.3599853515625,371.25,385.67999267578125,385.42596435546875,664400
2026-04-28,374.29998779296875,379.8999938964844,365.0,369.0799865722656,368.8369140625,636900
2026-04-29,371.9200134277344,374.0,355.0899963378906,361.3900146484375,361.1520080566406,698500
2026-04-30,369.92999267578125,384.80999755859375,367.7699890136719,383.9100036621094,383.65716552734375,546500
2026-05-01,383.5299987792969,391.32000732421875,378.0199890136719,389.04998779296875,388.79376220703125,435400
2026-05-04,394.989990234375,397.0,379.4800109863281,387.0299987792969,386.77508544921875,994800
2026-05-05,351.05999755859375,364.3599853515625,334.94000244140625,345.6300048828125,345.40234375,2193600
2026-05-06,352.3399963378906,361.7900085449219,345.1000061035156,360.80999755859375,360.57232666015625,895200
2026-05-07,363.510009765625,364.5,345.3800048828125,351.94000244140625,351.70819091796875,1069300
2026-05-08,358.19000244140625,362.6300048828125,350.2300109863281,357.239990234375,357.00469970703125,563500
2026-05-11,357.0,357.510009765625,350.0,354.9700012207031,354.7362060546875,577300
2026-05-12,350.7200012207031,350.7200012207031,325.57000732421875,339.4200134277344,339.19647216796875,644500
2026-05-13,332.17999267578125,342.8800048828125,331.2799987792969,339.19000244140625,338.9665832519531,1178100
2026-05-14,343.44000244140625,351.20001220703125,337.0299987792969,344.6000061035156,344.3730163574219,1976900
2026-05-15,328.9800109863281,331.7799987792969,322.54998779296875,323.4599914550781,323.2469482421875,1185500
2026-05-18,327.69000244140625,328.0,304.6000061035156,309.05999755859375,308.8564453125,1011000
2026-05-19,304.3399963378906,310.2699890136719,292.4599914550781,302.8399963378906,302.6405334472656,1608300
2026-05-20,308.7099914550781,320.7099914550781,305.1300048828125,313.04998779296875,312.84381103515625,882700
2026-05-21,311.4700012207031,328.82000732421875,310.260009765625,323.7900085449219,323.5767517089844,711600
2026-05-22,330.0,330.0,318.8699951171875,324.8599853515625,324.746337890625,606300
2026-05-26,333.94000244140625,342.8699951171875,324.010009765625,339.6499938964844,339.5311584472656,1095200
2026-05-27,339.1199951171875,339.8900146484375,320.2099914550781,328.3399963378906,328.2251281738281,967800
2026-05-28,328.0,329.1400146484375,315.8299865722656,317.0799865722656,316.96905517578125,1237700
2026-05-29,323.1099853515625,324.0,296.1600036621094,302.17999267578125,302.07427978515625,2259100
2026-06-01,297.95001220703125,301.5199890136719,288.45001220703125,294.6499938964844,294.5469055175781,1003300
2026-06-02,300.0299987792969,313.2699890136719,298.5899963378906,312.2799987792969,312.1707458496094,1011000
2026-06-03,315.7699890136719,328.0899963378906,312.1600036621094,322.5,322.3871765136719,839000
2026-06-04,318.25,326.739990234375,308.25,320.9200134277344,320.8077392578125,566400
2026-06-05,311.1499938964844,313.07000732421875,294.2099914550781,294.80999755859375,294.70684814453125,717000
2026-06-08,307.2300109863281,315.0899963378906,300.0,306.1099853515625,306.00286865234375,828900
2026-06-09,314.9100036621094,323.7799987792969,292.510009765625,311.6400146484375,311.5309753417969,773000
2026-06-10,311.0,325.1600036621094,304.4599914550781,308.1700134277344,308.06219482421875,662600
2026-06-11,320.3800048828125,340.8500061035156,319.32000732421875,340.3999938964844,340.2808837890625,792100
2026-06-12,339.5299987792969,357.0,337.6400146484375,354.3699951171875,354.2460021972656,846400
2026-06-15,372.3500061035156,380.05999755859375,365.42999267578125,370.6600036621094,370.5303039550781,1712300
2026-06-16,371.4800109863281,372.0,349.5400085449219,350.45001220703125,350.327392578125,1005100
2026-06-17,353.42999267578125,364.5,349.19000244140625,353.32000732421875,353.1963806152344,521300
2026-06-18,363.2900085449219,374.510009765625,362.6000061035156,372.5899963378906,372.4596252441406,792100
2026-06-22,379.7900085449219,389.7900085449219,370.3999938964844,388.2300109863281,388.09417724609375,631000
2026-06-23,365.92999267578125,372.8699951171875,358.3299865722656,364.9599914550781,364.8323059082031,777400
2026-06-24,364.8900146484375,372.239990234375,353.3599853515625,359.6099853515625,359.4841613769531,903800
2026-06-25,378.8900146484375,378.8999938964844,361.3699951171875,375.1499938964844,375.01873779296875,620500
2026-06-26,371.260009765625,371.260009765625,342.82000732421875,348.1099853515625,347.9881896972656,5665700
2026-06-29,348.29998779296875,356.80999755859375,338.3800048828125,348.1499938964844,348.0281982421875,1410700
2026-06-30,360.04998779296875,376.6400146484375,358.6499938964844,372.8699951171875,372.7395324707031,834900
2026-07-01,357.1400146484375,365.69000244140625,352.75,356.3500061035156,356.225341796875,725000
2026-07-02,356.3500061035156,356.3500061035156,304.55999755859375,311.2699890136719,311.16107177734375,1045900
2026-07-06,315.3800048828125,323.69000244140625,308.2200012207031,310.8399963378906,310.7312316894531,660600
2026-07-07,296.2300109863281,299.010009765625,280.5199890136719,287.7300109863281,287.62933349609375,744400
2026-07-08,280.9100036621094,294.9800109863281,279.3800048828125,293.6400146484375,293.5372619628906,939400
2026-07-09,313.1199951171875,317.5,308.010009765625,309.2699890136719,309.1617736816406,758200
2026-07-10,302.1300048828125,309.57000732421875,300.6199951171875,308.04998779296875,307.94219970703125,373800
2026-07-13,300.0,307.1000061035156,295.7099914550781,298.5199890136719,298.4155578613281,452700
2026-07-14,312.239990234375,314.92999267578125,302.25,305.20001220703125,305.0932312011719,310200
2026-07-15,311.8399963378906,311.8399963378906,291.42999267578125,301.8800048828125,301.7743835449219,420800
2026-07-16,291.2900085449219,299.69000244140625,284.5899963378906,285.8900146484375,285.78997802734375,687300
2026-07-17,272.0799865722656,287.6400146484375,264.80999755859375,284.04998779296875,283.9505920410156,771600
2026-07-20,288.29998779296875,293.3699951171875,278.0199890136719,280.6700134277344,280.5718078613281,521800
2026-07-21,289.8999938964844,304.0899963378906,289.8999938964844,303.7099914550781,303.6037292480469,651700
2026-07-22,304.760009765625,319.260009765625,303.010009765625,317.30999755859375,317.198974609375,653400
2026-07-23,313.2099914550781,326.0400085449219,312.1099853515625,315.1400146484375,315.0297546386719,431800
2026-07-24,311.75,315.8800048828125,302.0,303.989990234375,303.8836364746094,757400
2026-07-27,305.1499938964844,312.2200012207031,282.30999755859375,291.95001220703125,291.8478698730469,511300
2026-07-28,280.57000732421875,280.6000061035156,262.6400146484375,273.4200134277344,273.3243408203125,818300
2026-07-29,269.510009765625,276.44000244140625,248.7899932861328,252.49000549316406,252.4016571044922,1158800
2026-07-30,267.92999267578125,279.4100036621094,267.8299865722656,274.260009765625,274.1640625,1202900
2026-07-31,290.07000732421875,304.5299987792969,283.4200134277344,289.5199890136719,289.418701171875,991800
2026-08-03,282.0,299.3699951171875,276.7699890136719,296.3800048828125,296.27630615234375,1124500
2026-08-04,337.2699890136719,344.4700012207031,323.5,341.3900146484375,341.27056884765625,1729400
2026-08-05,345.0,350.69000244140625,328.5899963378906,329.2300109863281,329.11480712890625,837200
2026-08-06,325.0400085449219,334.7900085449219,317.6600036621094,323.9100036621094,323.7966613769531,470200
2026-08-07,329.4200134277344,334.9800109863281,319.9599914550781,325.0199890136719,324.9062805175781,453200
2026-08-10,331.8399963378906,331.8399963378906,314.2200012207031,314.489990234375,314.37994384765625,533700
2026-08-11,319.19000244140625,328.260009765625,316.04998779296875,327.5899963378906,327.4753723144531,545000
2026-08-12,340.0,346.8299865722656,336.989990234375,337.32000732421875,337.2019958496094,356300
2026-08-13,336.2699890136719,341.510009765625,328.3299865722656,329.5400085449219,329.4247131347656,378500
2026-08-14,328.6300048828125,337.6199951171875,325.4700012207031,330.260009765625,330.14447021484375,345600
2026-08-17,332.6000061035156,349.5799865722656,330.739990234375,348.6300048828125,348.5080261230469,465600
2026-08-18,332.67999267578125,334.0,309.0299987792969,314.42999267578125,314.3199768066406,633700
2026-08-19,314.92999267578125,316.0,292.010009765625,294.30999755859375,294.20703125,495800
2026-08-20,290.0,301.5299987792969,287.0,292.6199951171875,292.5176086425781,424200
2026-08-21,296.9599914550781,297.69000244140625,282.7900085449219,285.8299865722656,285.72998046875,396900
2026-08-24,280.1199951171875,281.2099914550781,269.4800109863281,274.6700134277344,274.6700134277344,884900
2026-08-25,280.67999267578125,283.3900146484375,271.6499938964844,275.42999267578125,275.42999267578125,399900
2026-08-26,277.1300048828125,285.8299865722656,275.760009765625,283.05999755859375,283.05999755859375,479500
