date,open,high,low,close,adjclose,volume
2021-06-01,136.3300018310547,136.9499969482422,135.17999267578125,135.77000427246094,131.2312469482422,728100
2021-06-02,135.60000610351562,136.86000061035156,135.05999755859375,135.8699951171875,131.32786560058594,1205900
2021-06-03,135.2100067138672,137.57000732421875,134.67999267578125,136.8300018310547,132.2558135986328,1094400
2021-06-04,137.33999633789062,137.94000244140625,136.89999389648438,137.6999969482422,133.0966796875,999700
2021-06-07,138.05999755859375,138.10000610351562,135.80999755859375,136.67999267578125,132.1107940673828,724300
2021-06-08,136.99000549316406,137.39999389648438,135.74000549316406,136.7100067138672,132.1398468017578,584500
2021-06-09,136.42999267578125,136.4499969482422,135.41000366210938,135.7100067138672,131.17324829101562,567700
2021-06-10,136.27000427246094,137.0,135.5,136.35000610351562,131.7918243408203,718100
2021-06-11,137.0,137.41000366210938,135.57000732421875,135.86000061035156,131.5111083984375,673100
2021-06-14,135.4600067138672,136.25999450683594,134.83999633789062,136.17999267578125,131.82086181640625,553600
2021-06-15,136.2100067138672,137.5399932861328,135.57000732421875,137.16000366210938,132.76951599121094,548200
2021-06-16,137.16000366210938,137.6199951171875,135.33999633789062,135.39999389648438,131.06582641601562,720900
2021-06-17,135.82000732421875,136.1199951171875,132.97000122070312,133.99000549316406,129.70098876953125,870300
2021-06-18,132.11000061035156,133.0,130.57000732421875,130.64999389648438,126.46791076660156,1545100
2021-06-21,132.07000732421875,133.91000366210938,131.55999755859375,133.72000122070312,129.43963623046875,779200
2021-06-22,133.86000061035156,134.24000549316406,133.11000061035156,133.6199951171875,129.3428497314453,662800
2021-06-23,133.97000122070312,134.19000244140625,132.86000061035156,133.27999877929688,129.01370239257812,594800
2021-06-24,134.0399932861328,134.25999450683594,132.83999633789062,133.6300048828125,129.35252380371094,758500
2021-06-25,133.72000122070312,134.50999450683594,133.61000061035156,133.64999389648438,129.37188720703125,1042300
2021-06-28,133.80999755859375,133.91000366210938,132.2100067138672,133.22999572753906,128.96530151367188,1307900
2021-06-29,133.77000427246094,134.5399932861328,132.85000610351562,132.97999572753906,128.7233123779297,648600
2021-06-30,132.77999877929688,133.6999969482422,132.61000061035156,133.5,129.22666931152344,709300
2021-07-01,134.3800048828125,134.69000244140625,133.47999572753906,133.94000244140625,129.65260314941406,607800
2021-07-02,133.9600067138672,135.1699981689453,133.52999877929688,134.94000244140625,130.62059020996094,775800
2021-07-06,134.5399932861328,134.72000122070312,131.57000732421875,133.0,128.74267578125,1240000
2021-07-07,132.8699951171875,135.57000732421875,132.60000610351562,135.27999877929688,130.9496307373047,980600
2021-07-08,133.10000610351562,134.2899932861328,131.6699981689453,133.02999877929688,128.771728515625,900900
2021-07-09,134.77000427246094,135.9600067138672,134.4499969482422,135.47000122070312,131.1335906982422,912300
2021-07-12,134.5800018310547,136.69000244140625,134.1199951171875,136.3000030517578,131.93710327148438,1111300
2021-07-13,135.8300018310547,136.27000427246094,134.72000122070312,135.00999450683594,130.6883544921875,722500
2021-07-14,135.4600067138672,135.7100067138672,134.0399932861328,134.82000732421875,130.50440979003906,1089900
2021-07-15,134.0,136.10000610351562,134.0,135.72999572753906,131.38528442382812,876600
2021-07-16,136.0399932861328,137.1999969482422,135.39999389648438,136.22999572753906,131.86924743652344,2951000
2021-07-19,134.47999572753906,134.47999572753906,131.6300048828125,133.05999755859375,128.80076599121094,1268800
2021-07-20,133.6300048828125,137.3000030517578,133.19000244140625,136.72999572753906,132.35324096679688,1064800
2021-07-21,137.5,137.88999938964844,136.60000610351562,137.02000427246094,132.6339569091797,764000
2021-07-22,137.25,137.58999633789062,135.92999267578125,137.1699981689453,132.77919006347656,758600
2021-07-23,137.99000549316406,138.1300048828125,136.69000244140625,137.8300018310547,133.4180450439453,682700
2021-07-26,137.57000732421875,138.3800048828125,136.75,137.25,132.8566131591797,727700
2021-07-27,136.5800018310547,137.83999633789062,135.63999938964844,137.02999877929688,132.64364624023438,636700
2021-07-28,137.3000030517578,137.77999877929688,135.92999267578125,136.8699951171875,132.48878479003906,467200
2021-07-29,138.1199951171875,138.83999633789062,137.4199981689453,138.60000610351562,134.1634063720703,544200
2021-07-30,138.55999755859375,139.69000244140625,138.38999938964844,139.0500030517578,134.5990447998047,945600
2021-08-02,139.39999389648438,140.10000610351562,137.92999267578125,138.22999572753906,133.8052520751953,1013200
2021-08-03,137.8800048828125,139.8000030517578,137.00999450683594,138.77000427246094,134.3280029296875,928800
2021-08-04,139.13999938964844,139.72000122070312,136.42999267578125,136.72000122070312,132.34356689453125,1085300
2021-08-05,137.47000122070312,137.80999755859375,136.10000610351562,136.89999389648438,132.517822265625,885800
2021-08-06,137.88999938964844,138.0399932861328,136.13999938964844,136.82000732421875,132.44041442871094,1174200
2021-08-09,136.9199981689453,136.9199981689453,135.8000030517578,136.0500030517578,131.69503784179688,694700
2021-08-10,136.10000610351562,137.16000366210938,136.0,136.8000030517578,132.42100524902344,1237100
2021-08-11,137.30999755859375,137.60000610351562,136.6300048828125,137.4499969482422,133.0502166748047,1282200
2021-08-12,137.55999755859375,137.80999755859375,136.88999938964844,137.25,132.8566131591797,545700
2021-08-13,137.1999969482422,137.30999755859375,136.24000549316406,137.24000549316406,132.84695434570312,393300
2021-08-16,137.14999389648438,137.6699981689453,136.10000610351562,137.61000061035156,133.205078125,682400
2021-08-17,136.89999389648438,137.27999877929688,135.19000244140625,136.27000427246094,131.90802001953125,577000
2021-08-18,135.63999938964844,136.47000122070312,134.8800048828125,135.0,130.6786651611328,636900
2021-08-19,133.86000061035156,135.4499969482422,133.60000610351562,134.3699951171875,130.06883239746094,676000
2021-08-20,134.27999877929688,135.77999877929688,133.8699951171875,134.77000427246094,130.45602416992188,584400
2021-08-23,135.61000061035156,136.0500030517578,134.94000244140625,135.2899932861328,130.95932006835938,503300
2021-08-24,135.52999877929688,136.60000610351562,135.49000549316406,136.0800018310547,131.72409057617188,423400
2021-08-25,136.24000549316406,136.77999877929688,135.3800048828125,136.63999938964844,132.26617431640625,713700
2021-08-26,136.61000061035156,136.61000061035156,135.82000732421875,135.97999572753906,131.62728881835938,458900
2021-08-27,136.5500030517578,137.3800048828125,136.41000366210938,136.83999633789062,132.4597625732422,505100
2021-08-30,137.52000427246094,137.9499969482422,136.72999572753906,137.1199951171875,132.73074340820312,564100
2021-08-31,137.0500030517578,137.22000122070312,135.67999267578125,135.97000122070312,131.6175994873047,934700
2021-09-01,136.36000061035156,136.36000061035156,133.89999389648438,134.17999267578125,129.88487243652344,1035900
2021-09-02,134.77000427246094,135.91000366210938,134.41000366210938,135.80999755859375,131.46270751953125,1238400
2021-09-03,135.57000732421875,135.88999938964844,134.83999633789062,135.39999389648438,131.06582641601562,697000
2021-09-07,134.5800018310547,134.82000732421875,133.11000061035156,133.1300048828125,128.86856079101562,1419700
2021-09-08,132.75,133.1699981689453,131.3800048828125,132.8800048828125,128.62652587890625,1264400
2021-09-09,132.72999572753906,133.4199981689453,131.5,131.75999450683594,127.54235076904297,1013000
2021-09-10,132.52000427246094,132.77999877929688,130.35000610351562,130.42999267578125,126.25493621826172,1297200
2021-09-13,131.39999389648438,131.49000549316406,129.05999755859375,130.5500030517578,126.56517791748047,1599900
2021-09-14,131.33999633789062,131.97999572753906,130.13999938964844,131.24000549316406,127.234130859375,1614900
2021-09-15,131.30999755859375,132.67999267578125,130.72000122070312,131.42999267578125,127.41828155517578,1950100
2021-09-16,131.69000244140625,132.7100067138672,130.3300018310547,132.3800048828125,128.33935546875,1349300
2021-09-17,131.64999389648438,131.9499969482422,130.00999450683594,130.13999938964844,126.16768646240234,1617800
2021-09-20,127.7699966430664,128.05999755859375,126.33999633789062,127.76000213623047,123.86031341552734,1867600
2021-09-21,128.57000732421875,128.5800018310547,126.30000305175781,127.44000244140625,123.55010223388672,1149600
2021-09-22,127.94999694824219,128.66000366210938,127.55999755859375,127.83999633789062,123.93788146972656,1183600
2021-09-23,128.60000610351562,130.0500030517578,128.24000549316406,129.24000549316406,125.29515838623047,862400
2021-09-24,128.6999969482422,130.14999389648438,128.5399932861328,129.61000061035156,125.65385437011719,1124500
2021-09-27,129.66000366210938,131.32000732421875,129.5,129.5399932861328,125.58597564697266,960200
2021-09-28,129.08999633789062,129.50999450683594,127.06999969482422,127.26000213623047,123.3756103515625,929100
2021-09-29,127.69999694824219,127.9000015258789,126.58000183105469,126.83000183105469,122.9587173461914,810500
2021-09-30,127.20999908447266,127.6500015258789,123.9800033569336,124.01000213623047,120.22480773925781,1171000
2021-10-01,124.44000244140625,125.70999908447266,122.5,124.95999908447266,121.14579010009766,1749900
2021-10-04,124.55999755859375,125.27999877929688,122.37999725341797,123.11000061035156,119.35226440429688,1079600
2021-10-05,123.54000091552734,126.0999984741211,123.0,125.41000366210938,121.58207702636719,1430700
2021-10-06,124.0,125.5,122.58000183105469,125.44999694824219,121.62083435058594,964000
2021-10-07,126.55999755859375,127.0999984741211,125.2699966430664,125.5199966430664,121.68870544433594,1378500
2021-10-08,125.5999984741211,126.51000213623047,124.93000030517578,126.19000244140625,122.3382568359375,924700
2021-10-11,126.20999908447266,127.0,124.44000244140625,124.45999908447266,120.66106414794922,816300
2021-10-12,124.54000091552734,125.01000213623047,123.06999969482422,123.4000015258789,119.63340759277344,1008800
2021-10-13,123.73999786376953,124.70999908447266,122.9000015258789,124.2699966430664,120.47686004638672,745500
2021-10-14,125.58999633789062,128.50999450683594,124.95999908447266,128.3800048828125,124.4614028930664,1030000
2021-10-15,129.32000732421875,130.27000427246094,128.16000366210938,128.3300018310547,124.4129409790039,925800
2021-10-18,127.2699966430664,129.17999267578125,127.02999877929688,128.97000122070312,125.03340148925781,737900
2021-10-19,129.64999389648438,130.49000549316406,129.08999633789062,130.13999938964844,126.16768646240234,637200
2021-10-20,130.47999572753906,131.0,129.55999755859375,130.2899932861328,126.31310272216797,700500
2021-10-21,129.6199951171875,130.5399932861328,128.38999938964844,130.52000427246094,126.53608703613281,820800
2021-10-22,131.0800018310547,131.77999877929688,130.58999633789062,131.13999938964844,127.13715362548828,850900
2021-10-25,131.22000122070312,131.69000244140625,129.47000122070312,130.49000549316406,126.50697326660156,712800
2021-10-26,130.6999969482422,131.57000732421875,130.1999969482422,130.63999938964844,126.65240478515625,555300
2021-10-27,130.91000366210938,131.22999572753906,129.80999755859375,129.8800048828125,125.91561126708984,619100
2021-10-28,130.10000610351562,132.1300048828125,130.10000610351562,131.99000549316406,127.96125030517578,587700
2021-10-29,131.6699981689453,133.52000427246094,131.22000122070312,132.39999389648438,128.35870361328125,1139800
2021-11-01,132.52999877929688,134.55999755859375,132.52999877929688,134.0500030517578,129.95835876464844,1813900
2021-11-02,135.0,140.24000549316406,134.25999450683594,139.85000610351562,135.58128356933594,2387900
2021-11-03,140.14999389648438,141.1999969482422,138.97000122070312,141.02000427246094,136.71559143066406,1581100
2021-11-04,141.75999450683594,141.8800048828125,139.66000366210938,140.39999389648438,136.11448669433594,979100
2021-11-05,141.7100067138672,143.22000122070312,140.57000732421875,140.94000244140625,136.63804626464844,1095600
2021-11-08,142.08999633789062,142.5,139.10000610351562,139.3699951171875,135.115966796875,774400
2021-11-09,139.3000030517578,139.8800048828125,138.4499969482422,139.36000061035156,135.1062774658203,681700
2021-11-10,139.1699981689453,140.00999450683594,138.5,139.4199981689453,135.16444396972656,770400
2021-11-11,139.67999267578125,140.08999633789062,138.5500030517578,138.72000122070312,134.48582458496094,452700
2021-11-12,138.92999267578125,140.32000732421875,138.2899932861328,140.25999450683594,135.97877502441406,575700
2021-11-15,140.74000549316406,140.74000549316406,139.3699951171875,140.08999633789062,135.81396484375,703500
2021-11-16,140.27999877929688,142.4499969482422,140.08999633789062,141.41000366210938,137.09373474121094,799100
2021-11-17,141.1999969482422,141.3800048828125,140.13999938964844,141.3300018310547,137.01611328125,965900
2021-11-18,141.77000427246094,141.86000061035156,140.55999755859375,141.0800018310547,136.77374267578125,564100
2021-11-19,141.42999267578125,143.16000366210938,140.69000244140625,142.47999572753906,138.1310272216797,1289200
2021-11-22,142.52999877929688,143.47000122070312,141.94000244140625,141.97999572753906,137.64627075195312,718600
2021-11-23,142.6199951171875,143.13999938964844,141.1199951171875,143.11000061035156,138.74180603027344,953800
2021-11-24,142.72999572753906,143.5500030517578,141.8000030517578,143.11000061035156,138.74180603027344,908800
2021-11-26,140.1699981689453,141.13999938964844,138.58999633789062,139.08999633789062,134.84451293945312,1313600
2021-11-29,140.17999267578125,141.22000122070312,139.52000427246094,140.00999450683594,135.73641967773438,894700
2021-11-30,139.1199951171875,139.6300048828125,136.24000549316406,136.5,132.33355712890625,1714000
2021-12-01,138.82000732421875,140.0399932861328,135.7100067138672,135.8000030517578,131.65489196777344,864000
2021-12-02,136.3800048828125,139.82000732421875,136.00999450683594,138.8699951171875,134.6312255859375,840300
2021-12-03,139.2899932861328,140.10000610351562,136.99000549316406,139.13999938964844,134.8929901123047,1173700
2021-12-06,140.4199981689453,140.8800048828125,138.55999755859375,140.00999450683594,135.73641967773438,803800
2021-12-07,141.0,142.11000061035156,139.83999633789062,140.39999389648438,136.30921936035156,703900
2021-12-08,140.57000732421875,141.24000549316406,139.2100067138672,141.05999755859375,136.949951171875,626700
2021-12-09,140.85000610351562,141.85000610351562,140.3000030517578,141.08999633789062,136.97911071777344,849000
2021-12-10,141.7899932861328,142.83999633789062,141.05999755859375,142.75,138.59075927734375,678200
2021-12-13,142.80999755859375,143.49000549316406,142.1300048828125,142.5,138.3480224609375,1153000
2021-12-14,143.22000122070312,143.6999969482422,140.47000122070312,141.13999938964844,137.02767944335938,1022400
2021-12-15,141.60000610351562,144.49000549316406,140.72000122070312,144.27999877929688,140.076171875,903700
2021-12-16,144.92999267578125,145.05999755859375,142.13999938964844,143.85000610351562,139.65870666503906,1122600
2021-12-17,143.14999389648438,143.72999572753906,139.17999267578125,139.8300018310547,135.75584411621094,1836400
2021-12-20,138.55999755859375,139.7899932861328,136.94000244140625,138.99000549316406,134.9403076171875,1285400
2021-12-21,140.1199951171875,141.19000244140625,139.02000427246094,140.60000610351562,136.50341796875,671100
2021-12-22,140.55999755859375,141.69000244140625,140.17999267578125,141.0500030517578,136.94029235839844,540000
2021-12-23,141.42999267578125,143.27999877929688,141.42999267578125,142.57000732421875,138.41600036621094,584600
2021-12-27,143.3300018310547,145.6199951171875,142.97999572753906,145.3300018310547,141.09559631347656,514300
2021-12-28,145.52000427246094,146.63999938964844,145.5,146.36000061035156,142.09556579589844,687300
2021-12-29,146.50999450683594,148.07000732421875,146.1699981689453,147.41000366210938,143.114990234375,454600
2021-12-30,147.72999572753906,147.91000366210938,146.3699951171875,146.47000122070312,142.202392578125,353600
2021-12-31,146.35000610351562,147.77999877929688,146.1699981689453,147.0399932861328,142.75576782226562,408800
2022-01-03,147.25,147.39999389648438,142.75999450683594,143.6699981689453,139.48394775390625,850400
2022-01-04,144.5,146.52000427246094,143.92999267578125,146.08999633789062,141.8334197998047,774000
2022-01-05,146.5800018310547,147.52000427246094,143.2899932861328,143.42999267578125,139.25096130371094,1050900
2022-01-06,143.75999450683594,146.02000427246094,143.2100067138672,145.14999389648438,140.92079162597656,761100
2022-01-07,145.10000610351562,145.82000732421875,142.32000732421875,142.3800048828125,138.23158264160156,834300
2022-01-10,141.0399932861328,141.3699951171875,138.4600067138672,140.22999572753906,136.14418029785156,973300
2022-01-11,140.5800018310547,142.6699981689453,138.60000610351562,142.5800018310547,138.4257049560547,883600
2022-01-12,143.82000732421875,145.27999877929688,143.02999877929688,143.61000061035156,139.42572021484375,828600
2022-01-13,143.97000122070312,144.77999877929688,142.6300048828125,144.05999755859375,139.8625946044922,839900
2022-01-14,142.75,143.3000030517578,139.6300048828125,141.5399932861328,137.41598510742188,938100
2022-01-18,140.05999755859375,140.1300048828125,137.35000610351562,139.55999755859375,135.49368286132812,1036500
2022-01-19,139.92999267578125,140.82000732421875,138.57000732421875,138.83999633789062,134.79466247558594,831700
2022-01-20,139.27000427246094,140.6199951171875,136.3000030517578,136.6199951171875,132.63937377929688,682600
2022-01-21,136.52000427246094,137.47000122070312,135.17999267578125,136.4199981689453,132.44520568847656,1411100
2022-01-24,134.63999938964844,136.57000732421875,131.7100067138672,136.3300018310547,132.3578338623047,1232400
2022-01-25,133.8000030517578,135.0,129.94000244140625,133.88999938964844,129.98887634277344,1514200
2022-01-26,135.25,137.0800018310547,131.7100067138672,133.38999938964844,129.5034637451172,1380600
2022-01-27,134.57000732421875,135.6999969482422,131.7899932861328,132.4600067138672,128.60055541992188,953600
2022-01-28,132.17999267578125,135.13999938964844,130.4199981689453,134.99000549316406,131.056884765625,956600
2022-01-31,134.63999938964844,136.9199981689453,133.67999267578125,136.77000427246094,132.7849884033203,889200
2022-02-01,136.67999267578125,137.36000061035156,135.00999450683594,137.08999633789062,133.0956573486328,892900
2022-02-02,137.1199951171875,139.80999755859375,137.1199951171875,139.7899932861328,135.71702575683594,1535000
2022-02-03,134.64999389648438,143.47999572753906,134.64999389648438,138.25999450683594,134.23158264160156,1260100
2022-02-04,138.24000549316406,138.24000549316406,134.02000427246094,134.49000549316406,130.57144165039062,1076200
2022-02-07,134.74000549316406,136.27999877929688,134.1999969482422,135.25999450683594,131.31898498535156,816400
2022-02-08,135.44000244140625,136.4199981689453,134.52999877929688,135.4600067138672,131.51319885253906,1478700
2022-02-09,137.11000061035156,137.32000732421875,135.74000549316406,136.52000427246094,132.54226684570312,1311800
2022-02-10,134.6699981689453,137.7100067138672,134.5399932861328,135.49000549316406,131.54226684570312,1373200
2022-02-11,135.27999877929688,135.27999877929688,130.10000610351562,130.80999755859375,126.99866485595703,1238500
2022-02-14,130.80999755859375,131.2899932861328,129.2899932861328,130.16000366210938,126.3675765991211,1085200
2022-02-15,131.3800048828125,132.5,130.66000366210938,131.41000366210938,127.58118438720703,777700
2022-02-16,130.47999572753906,132.2100067138672,129.9499969482422,131.8000030517578,127.95982360839844,712000
2022-02-17,130.61000061035156,130.97999572753906,127.83999633789062,128.32000732421875,124.58121490478516,1029300
2022-02-18,128.1300048828125,129.32000732421875,127.5,128.22000122070312,124.48411560058594,777000
2022-02-22,128.00999450683594,129.1300048828125,126.29000091552734,127.44000244140625,123.72685241699219,1105600
2022-02-23,128.0800018310547,128.3800048828125,124.6500015258789,124.7699966430664,121.13465118408203,1187700
2022-02-24,122.58000183105469,128.02999877929688,121.80000305175781,127.61000061035156,123.89188385009766,1196200
2022-02-25,127.41999816894531,130.22000122070312,127.13999938964844,129.8699951171875,126.0860366821289,818000
2022-02-28,128.55999755859375,130.0399932861328,128.16000366210938,129.7899932861328,126.00837707519531,1211900
2022-03-01,129.5800018310547,129.9199981689453,126.41000366210938,127.38999938964844,123.67829895019531,1986100
2022-03-02,128.61000061035156,131.8000030517578,128.4600067138672,130.99000549316406,127.17343139648438,878200
2022-03-03,131.60000610351562,131.85000610351562,129.39999389648438,131.0500030517578,127.23165130615234,907200
2022-03-04,129.0500030517578,131.3000030517578,128.6999969482422,130.99000549316406,127.17343139648438,1095100
2022-03-07,131.17999267578125,131.49000549316406,128.19000244140625,129.5,125.72679901123047,1209300
2022-03-08,130.41000366210938,132.11000061035156,128.80999755859375,128.8300018310547,125.07633972167969,1446300
2022-03-09,131.00999450683594,131.72999572753906,130.00999450683594,130.50999450683594,126.92412567138672,784800
2022-03-10,128.83999633789062,129.19000244140625,127.87999725341797,128.17999267578125,124.65815734863281,1186200
2022-03-11,129.05999755859375,129.1999969482422,126.22000122070312,126.33999633789062,122.86870574951172,1126900
2022-03-14,127.55000305175781,128.14999389648438,125.86000061035156,127.08999633789062,123.59808349609375,922600
2022-03-15,127.3499984741211,129.77000427246094,126.83000183105469,129.3800048828125,125.82518005371094,1228400
2022-03-16,130.25,131.72999572753906,129.11000061035156,131.3800048828125,127.77025604248047,959400
2022-03-17,130.72000122070312,133.2100067138672,129.97999572753906,132.75,129.10260009765625,796900
2022-03-18,132.02000427246094,135.36000061035156,130.86000061035156,134.75999450683594,131.05738830566406,1372400
2022-03-21,134.66000366210938,135.77999877929688,133.97000122070312,134.69000244140625,130.98928833007812,1122600
2022-03-22,135.08999633789062,135.82000732421875,134.58999633789062,134.6199951171875,130.9212188720703,973800
2022-03-23,133.92999267578125,134.5399932861328,132.41000366210938,132.5500030517578,128.90809631347656,866400
2022-03-24,133.1699981689453,133.63999938964844,132.19000244140625,132.5,128.85946655273438,869700
2022-03-25,132.8699951171875,133.61000061035156,132.27999877929688,133.55999755859375,129.8903350830078,799000
2022-03-28,133.4499969482422,134.0500030517578,132.39999389648438,133.6699981689453,129.99729919433594,576800
2022-03-29,134.7100067138672,136.7100067138672,134.07000732421875,135.97000122070312,132.23406982421875,838700
2022-03-30,135.5399932861328,136.24000549316406,135.05999755859375,135.42999267578125,131.70895385742188,886100
2022-03-31,135.1300048828125,136.5,133.13999938964844,133.17999267578125,129.52073669433594,1068100
2022-04-01,134.2100067138672,134.77000427246094,132.6199951171875,134.3800048828125,130.68780517578125,795100
2022-04-04,134.6699981689453,134.83999633789062,133.0500030517578,134.0,130.3182373046875,880600
2022-04-05,134.0,134.55999755859375,131.52000427246094,131.7899932861328,128.16897583007812,1212600
2022-04-06,130.41000366210938,132.3800048828125,130.3800048828125,131.92999267578125,128.30514526367188,1026300
2022-04-07,131.55999755859375,132.8000030517578,130.80999755859375,132.3000030517578,128.6649627685547,1024100
2022-04-08,132.49000549316406,133.66000366210938,131.63999938964844,131.82000732421875,128.1981658935547,850300
2022-04-11,131.35000610351562,132.39999389648438,129.8300018310547,129.8800048828125,126.31144714355469,963100
2022-04-12,130.35000610351562,132.19000244140625,128.1999969482422,128.69000244140625,125.15415954589844,909800
2022-04-13,128.1199951171875,129.94000244140625,128.1199951171875,129.5399932861328,125.98075866699219,825100
2022-04-14,130.0,130.41000366210938,127.05000305175781,127.05000305175781,123.55919647216797,2247100
2022-04-18,127.05999755859375,128.3300018310547,126.3499984741211,127.27999877929688,123.78289031982422,581800
2022-04-19,127.7300033569336,130.25,127.58999633789062,130.1300048828125,126.55460357666016,783300
2022-04-20,131.44000244140625,133.67999267578125,131.44000244140625,132.11000061035156,128.48020935058594,869900
2022-04-21,133.49000549316406,133.91000366210938,131.6699981689453,132.25,128.61636352539062,837200
2022-04-22,131.41000366210938,131.41000366210938,127.0199966430664,127.16999816894531,123.67591094970703,1211700
2022-04-25,126.97000122070312,127.86000061035156,124.19000244140625,127.6500015258789,124.14270782470703,1106600
2022-04-26,127.01000213623047,128.13999938964844,125.27999877929688,125.33000183105469,121.886474609375,735900
2022-04-27,125.30999755859375,127.62000274658203,125.30999755859375,126.37999725341797,122.90760803222656,1046700
2022-04-28,127.4000015258789,128.6699981689453,125.5999984741211,128.1300048828125,124.60953521728516,1582700
2022-04-29,127.38999938964844,129.1999969482422,125.98999786376953,126.26000213623047,122.79088592529297,1667500
2022-05-02,126.06999969482422,127.0,123.37000274658203,126.31999969482422,122.8492660522461,2039600
2022-05-03,124.86000061035156,127.0,123.2300033569336,124.30999755859375,120.89447784423828,2369000
2022-05-04,124.91999816894531,127.37999725341797,123.45999908447266,127.12999725341797,123.63700103759766,1168800
2022-05-05,125.91999816894531,126.4800033569336,121.33999633789062,122.16999816894531,118.81329345703125,1278200
2022-05-06,121.23999786376953,123.97000122070312,118.94000244140625,123.12999725341797,119.74690246582031,1779600
2022-05-09,121.80999755859375,123.1500015258789,120.87000274658203,121.83999633789062,118.49234771728516,1684500
2022-05-10,122.98999786376953,123.54000091552734,120.33000183105469,120.88999938964844,117.56844329833984,1555300
2022-05-11,120.83000183105469,122.54000091552734,119.5199966430664,120.44000244140625,117.13082122802734,1350000
2022-05-12,120.0199966430664,121.43000030517578,118.27999877929688,120.41000366210938,117.10163879394531,1221600
2022-05-13,121.06999969482422,122.48999786376953,120.0,121.04000091552734,117.71432495117188,1446400
2022-05-16,120.44999694824219,121.06999969482422,118.41999816894531,120.2699966430664,116.96548461914062,902100
2022-05-17,122.08000183105469,122.33999633789062,120.80999755859375,121.44999694824219,118.11305236816406,1282000
2022-05-18,120.56999969482422,120.76000213623047,116.01000213623047,116.37000274658203,113.1726303100586,1458900
2022-05-19,115.12999725341797,118.1500015258789,114.37000274658203,116.70999908447266,113.50331115722656,988200
2022-05-20,117.29000091552734,117.56999969482422,115.27999877929688,117.36000061035156,114.13542175292969,1021900
2022-05-23,118.76000213623047,119.38999938964844,117.25,119.13999938964844,115.86654663085938,889700
2022-05-24,118.45999908447266,118.88999938964844,116.43000030517578,118.48999786376953,115.23439025878906,760200
2022-05-25,118.02999877929688,118.4800033569336,116.44000244140625,118.05000305175781,114.80648803710938,935600
2022-05-26,119.31999969482422,121.08000183105469,119.12999725341797,120.44000244140625,117.13082122802734,663400
2022-05-27,121.79000091552734,122.45999908447266,121.2300033569336,122.45999908447266,119.09532165527344,613900
2022-05-31,121.27999877929688,122.38999938964844,119.61000061035156,121.47000122070312,118.13252258300781,1467600
2022-06-01,122.05999755859375,122.41999816894531,119.48999786376953,120.43000030517578,117.12108612060547,781000
2022-06-02,121.33000183105469,123.20999908447266,120.26000213623047,123.20999908447266,119.82470703125,900200
2022-06-03,122.19000244140625,122.83000183105469,121.79000091552734,122.41000366210938,119.04669189453125,1660100
2022-06-06,123.33000183105469,123.56999969482422,122.05000305175781,122.43000030517578,119.06614685058594,695900
2022-06-07,121.58999633789062,123.66999816894531,121.20999908447266,123.66999816894531,120.2720718383789,1153100
2022-06-08,123.16999816894531,123.47000122070312,121.58000183105469,121.75,118.40482330322266,683700
2022-06-09,120.61000061035156,121.63999938964844,118.7699966430664,118.81999969482422,115.76451110839844,1220500
2022-06-10,117.1500015258789,117.63999938964844,115.41000366210938,115.45999908447266,112.49091339111328,658100
2022-06-13,112.95999908447266,114.18000030517578,111.27999877929688,111.70999908447266,108.83734130859375,1606800
2022-06-14,111.93000030517578,112.68000030517578,110.1500015258789,111.33999633789062,108.47684478759766,1372300
2022-06-15,112.36000061035156,113.68000030517578,110.75,112.27999877929688,109.39269256591797,914400
2022-06-16,110.08999633789062,110.23999786376953,107.81999969482422,108.2300033569336,105.44683837890625,1639400
2022-06-17,107.83999633789062,108.54000091552734,106.16999816894531,107.13999938964844,104.38487243652344,2074900
2022-06-21,108.33000183105469,108.87999725341797,107.44999694824219,108.29000091552734,105.50529479980469,885400
2022-06-22,106.76000213623047,109.69000244140625,106.76000213623047,108.51000213623047,105.71963500976562,902600
2022-06-23,108.61000061035156,109.23999786376953,106.97000122070312,108.95999908447266,106.15805053710938,959500
2022-06-24,110.0,113.58000183105469,109.83999633789062,113.5,110.5813217163086,1245000
2022-06-27,113.88999938964844,113.88999938964844,112.23999786376953,112.70999908447266,109.81163787841797,831500
2022-06-28,113.12000274658203,113.70999908447266,109.91000366210938,110.12000274658203,107.28824615478516,998400
2022-06-29,110.43000030517578,110.75,108.5999984741211,110.54000091552734,107.69744110107422,962700
2022-06-30,109.19000244140625,110.83999633789062,108.44999694824219,109.88999938964844,107.06415557861328,1210000
2022-07-01,109.80000305175781,111.76000213623047,109.52999877929688,111.45999908447266,108.59375,908200
2022-07-05,110.19000244140625,111.51000213623047,108.80000305175781,111.4000015258789,108.53531646728516,1069300
2022-07-06,111.94000244140625,113.33000183105469,110.68000030517578,112.33999633789062,109.45113372802734,1036300
2022-07-07,112.7699966430664,113.6500015258789,112.26000213623047,113.41000366210938,110.49363708496094,1075400
2022-07-08,113.4800033569336,113.4800033569336,111.54000091552734,112.3499984741211,109.46089172363281,809800
2022-07-11,110.27999877929688,112.63999938964844,109.8499984741211,111.93000030517578,109.05168151855469,945700
2022-07-12,111.70999908447266,112.88999938964844,109.91999816894531,110.26000213623047,107.42464447021484,933400
2022-07-13,108.58000183105469,110.45999908447266,108.26000213623047,109.58000183105469,106.76212310791016,780000
2022-07-14,107.83000183105469,109.97000122070312,106.9800033569336,109.7300033569336,106.90827941894531,1033600
2022-07-15,111.18000030517578,111.75,110.0,111.69999694824219,108.82759857177734,838800
2022-07-18,111.94000244140625,112.4000015258789,108.83000183105469,109.0999984741211,106.29444885253906,1016700
2022-07-19,110.31999969482422,113.12999725341797,109.97000122070312,112.9000015258789,109.99673461914062,1321000
2022-07-20,113.1500015258789,114.0999984741211,112.5,113.81999969482422,110.89307403564453,726100
2022-07-21,113.87000274658203,115.68000030517578,113.36000061035156,115.62999725341797,112.65654754638672,692300
2022-07-22,116.13999938964844,116.47000122070312,114.62000274658203,115.33000183105469,112.36425018310547,804600
2022-07-25,115.45999908447266,116.16000366210938,114.52999877929688,115.5,112.5298843383789,710000
2022-07-26,115.5,116.31999969482422,114.83999633789062,116.12999725341797,113.14366912841797,751300
2022-07-27,116.81999969482422,119.13999938964844,116.23999786376953,118.5999984741211,115.55015563964844,751500
2022-07-28,119.4800033569336,120.93000030517578,118.12999725341797,120.6500015258789,117.5474624633789,808400
2022-07-29,120.86000061035156,123.76000213623047,119.88999938964844,123.5,120.32416534423828,1120500
2022-08-01,122.52999877929688,123.26000213623047,121.73999786376953,122.37999725341797,119.23294830322266,1498400
2022-08-02,131.92999267578125,131.92999267578125,124.36000061035156,124.80999755859375,121.6004638671875,1957100
2022-08-03,125.73999786376953,126.8499984741211,125.33999633789062,126.23999786376953,122.99371337890625,1387800
2022-08-04,126.37000274658203,126.58000183105469,125.31999969482422,125.37999725341797,122.15581512451172,790800
2022-08-05,124.55999755859375,126.33999633789062,124.19000244140625,126.25,123.00342559814453,790300
2022-08-08,127.19999694824219,127.33999633789062,125.47000122070312,125.66000366210938,122.42861938476562,985500
2022-08-09,125.02999877929688,125.38999938964844,124.08000183105469,124.83999633789062,121.62970733642578,775100
2022-08-10,127.2300033569336,127.4800033569336,126.2300033569336,127.05999755859375,123.79261016845703,887200
2022-08-11,128.14999389648438,128.88999938964844,126.91000366210938,127.18000030517578,123.9095230102539,851100
2022-08-12,127.72000122070312,129.36000061035156,127.19000244140625,129.30999755859375,125.98475646972656,1043200
2022-08-15,128.72999572753906,129.7100067138672,128.07000732421875,129.5500030517578,126.21857452392578,938400
2022-08-16,128.8800048828125,130.85000610351562,128.74000549316406,130.30999755859375,126.95905303955078,714300
2022-08-17,128.80999755859375,130.05999755859375,128.3800048828125,129.63999938964844,126.30626678466797,741900
2022-08-18,129.97000122070312,130.60000610351562,129.33999633789062,130.1300048828125,126.78369140625,707500
2022-08-19,129.75,129.75,128.42999267578125,128.89999389648438,125.58531188964844,873600
2022-08-22,127.16000366210938,127.61000061035156,125.66000366210938,126.1500015258789,122.9060287475586,670000
2022-08-23,125.87999725341797,126.7699966430664,125.37999725341797,126.37999725341797,123.1301040649414,751400
2022-08-24,126.58999633789062,127.1500015258789,125.61000061035156,126.56999969482422,123.3152084350586,955200
2022-08-25,127.0999984741211,127.36000061035156,126.01000213623047,127.30999755859375,124.03618621826172,746100
2022-08-26,127.68000030517578,127.68000030517578,122.2699966430664,122.66000366210938,119.50575256347656,592900
2022-08-29,121.98999786376953,122.66000366210938,121.29000091552734,121.94999694824219,118.81403350830078,476700
2022-08-30,122.52999877929688,122.79000091552734,119.91999816894531,120.3499984741211,117.25515747070312,781600
2022-08-31,120.83999633789062,121.62000274658203,119.91000366210938,120.16000366210938,117.0700454711914,1094900
2022-09-01,119.52999877929688,120.5,118.83000183105469,120.43000030517578,117.33309936523438,1002300
2022-09-02,121.47000122070312,122.04000091552734,117.33999633789062,117.83000183105469,114.79997253417969,1556900
2022-09-06,118.04000091552734,119.5999984741211,116.97000122070312,119.51000213623047,116.43675994873047,2036700
2022-09-07,119.69000244140625,122.87999725341797,119.69000244140625,122.62999725341797,119.47652435302734,1282800
2022-09-08,121.80999755859375,124.18000030517578,121.37999725341797,123.98999786376953,120.80155944824219,1048100
2022-09-09,124.70999908447266,126.18000030517578,124.38999938964844,125.77999877929688,122.5455322265625,1042100
2022-09-12,125.97000122070312,127.37000274658203,125.97000122070312,126.83000183105469,123.56853485107422,1164300
2022-09-13,123.91000366210938,124.93000030517578,122.69999694824219,123.25,120.28924560546875,1163900
2022-09-14,123.45999908447266,124.12999725341797,122.04000091552734,123.05999755859375,120.10380554199219,921900
2022-09-15,122.83000183105469,123.55999755859375,120.97000122070312,121.44000244140625,118.52272033691406,960800
2022-09-16,120.33000183105469,120.33000183105469,117.87999725341797,118.94999694824219,116.09253692626953,1480200
2022-09-19,118.0199966430664,120.6500015258789,118.0199966430664,120.52999877929688,117.63459014892578,584200
2022-09-20,119.69000244140625,119.69000244140625,118.08999633789062,118.86000061035156,116.00471496582031,573500
2022-09-21,120.0199966430664,120.9000015258789,117.5,117.55999755859375,114.73592376708984,551000
2022-09-22,117.29000091552734,117.79000091552734,115.41000366210938,115.51000213623047,112.73518371582031,750000
2022-09-23,114.91000366210938,115.19000244140625,112.80000305175781,114.43000030517578,111.68112182617188,766300
2022-09-26,114.2699966430664,115.62999725341797,113.11000061035156,113.66999816894531,110.93938446044922,650500
2022-09-27,114.8499984741211,114.8499984741211,110.87000274658203,111.80999755859375,109.12406158447266,955300
2022-09-28,112.9000015258789,114.87999725341797,112.18000030517578,114.36000061035156,111.61280822753906,600400
2022-09-29,113.38999938964844,113.56999969482422,112.23999786376953,113.27999877929688,110.55876922607422,682800
2022-09-30,113.33000183105469,114.94000244140625,112.58000183105469,113.41000366210938,110.68562316894531,1970200
2022-10-03,115.12000274658203,118.4800033569336,114.61000061035156,117.55000305175781,114.72616577148438,1019800
2022-10-04,119.66000366210938,121.69999694824219,119.47000122070312,121.12000274658203,118.2104263305664,1352500
2022-10-05,119.98999786376953,122.23999786376953,119.94000244140625,121.08000183105469,118.17139434814453,1052000
2022-10-06,120.66999816894531,121.44999694824219,119.25,119.70999908447266,116.83427429199219,1013000
2022-10-07,118.56999969482422,118.81999969482422,115.66000366210938,116.29000091552734,113.49644470214844,940100
2022-10-10,117.16999816894531,117.27999877929688,114.68000030517578,115.52999877929688,112.75468444824219,580100
2022-10-11,115.18000030517578,116.73999786376953,114.36000061035156,115.05999755859375,112.29598236083984,778400
2022-10-12,115.4000015258789,116.12999725341797,113.9800033569336,113.98999786376953,111.25170135498047,1202700
2022-10-13,111.72000122070312,116.04000091552734,110.95999908447266,115.80000305175781,113.01821899414062,1632500
2022-10-14,116.76000213623047,117.0199966430664,113.12999725341797,113.26000213623047,110.53923034667969,1040300
2022-10-17,115.11000061035156,117.16000366210938,114.94999694824219,116.95999908447266,114.15033721923828,1029400
2022-10-18,119.41000366210938,120.23999786376953,117.61000061035156,119.12000274658203,116.25845336914062,1857600
2022-10-19,117.7300033569336,118.91000366210938,116.79000091552734,117.98999786376953,115.15559387207031,1272200
2022-10-20,117.69999694824219,117.80999755859375,114.25,115.0999984741211,112.33503723144531,1395700
2022-10-21,115.0999984741211,119.41000366210938,114.36000061035156,119.18000030517578,116.31702423095703,1151000
2022-10-24,119.79000091552734,121.16999816894531,119.37000274658203,120.44999694824219,117.55653381347656,893600
2022-10-25,120.19999694824219,123.45999908447266,120.05000305175781,123.04000091552734,120.08428955078125,1115600
2022-10-26,123.97000122070312,124.69000244140625,122.47000122070312,123.73999786376953,120.7674789428711,989500
2022-10-27,124.61000061035156,125.81999969482422,124.11000061035156,124.62000274658203,121.6263427734375,1025700
2022-10-28,125.19000244140625,129.49000549316406,125.0,129.27999877929688,126.17437744140625,2182600
2022-10-31,129.38999938964844,130.77000427246094,128.47999572753906,129.66000366210938,126.54525756835938,2265100
2022-11-01,132.4499969482422,137.99000549316406,129.08999633789062,132.02999877929688,128.85836791992188,1914000
2022-11-02,132.1699981689453,134.55999755859375,129.72999572753906,130.08999633789062,126.96492004394531,1372000
2022-11-03,128.97000122070312,133.6300048828125,128.57000732421875,131.72000122070312,128.55577087402344,1204000
2022-11-04,134.17999267578125,135.5800018310547,132.13999938964844,135.25,132.00096130371094,1221300
2022-11-07,135.42999267578125,136.4499969482422,134.42999267578125,136.39999389648438,133.12335205078125,1611800
2022-11-08,136.7899932861328,138.3300018310547,135.8000030517578,137.22000122070312,133.92367553710938,805900
2022-11-09,136.5399932861328,137.6199951171875,135.49000549316406,135.69000244140625,132.43038940429688,958400
2022-11-10,139.3800048828125,141.07000732421875,138.77999877929688,140.67999267578125,137.30050659179688,1291100
2022-11-11,141.22999572753906,142.02999877929688,138.24000549316406,138.85000610351562,135.51446533203125,1386400
2022-11-14,138.17999267578125,139.94000244140625,137.66000366210938,137.77999877929688,134.47023010253906,1093500
2022-11-15,139.4600067138672,139.7899932861328,137.02999877929688,138.5800018310547,135.25099182128906,1166000
2022-11-16,138.5800018310547,139.67999267578125,137.38999938964844,138.57000732421875,135.24124145507812,652700
2022-11-17,136.88999938964844,138.05999755859375,135.86000061035156,138.02999877929688,134.7141876220703,817100
2022-11-18,139.41000366210938,139.83999633789062,137.72999572753906,139.32000732421875,135.9732208251953,836900
2022-11-21,139.4199981689453,141.02000427246094,138.77999877929688,140.47999572753906,137.1053466796875,806700
2022-11-22,141.39999389648438,141.8000030517578,140.30999755859375,141.63999938964844,138.2374725341797,770100
2022-11-23,142.0,142.7899932861328,140.57000732421875,142.0800018310547,138.6669464111328,457600
2022-11-25,142.58999633789062,143.07000732421875,141.9499969482422,142.57000732421875,139.1451416015625,359900
2022-11-28,141.64999389648438,142.0,138.8800048828125,139.36000061035156,136.01223754882812,738200
2022-11-29,139.1199951171875,139.89999389648438,138.2100067138672,139.00999450683594,135.670654296875,781900
2022-11-30,138.80999755859375,142.57000732421875,137.8000030517578,142.4199981689453,138.9987335205078,1524100
2022-12-01,142.99000549316406,143.52000427246094,141.6199951171875,143.2899932861328,139.8478240966797,1004800
2022-12-02,141.82000732421875,145.02999877929688,141.57000732421875,144.38999938964844,140.92140197753906,1203700
2022-12-05,142.6999969482422,143.64999389648438,142.0,142.0800018310547,138.6669464111328,1105800
2022-12-06,141.9199981689453,141.99000549316406,138.82000732421875,139.82000732421875,136.67283630371094,734000
2022-12-07,139.85000610351562,140.92999267578125,139.6999969482422,140.47999572753906,137.31797790527344,594700
2022-12-08,140.8800048828125,142.05999755859375,140.1999969482422,140.75999450683594,137.5916748046875,647500
2022-12-09,141.00999450683594,141.55999755859375,139.0,139.11000061035156,135.97882080078125,770200
2022-12-12,139.5500030517578,142.17999267578125,139.5500030517578,142.07000732421875,138.8721923828125,1034600
2022-12-13,145.3000030517578,145.7899932861328,142.7899932861328,143.44000244140625,140.21133422851562,1025400
2022-12-14,143.49000549316406,144.49000549316406,141.3800048828125,141.75,138.55938720703125,853400
2022-12-15,140.0,140.4499969482422,137.94000244140625,138.25,135.13816833496094,1064800
2022-12-16,136.72000122070312,137.52000427246094,135.5399932861328,136.77000427246094,133.69146728515625,2326700
2022-12-19,136.82000732421875,138.05999755859375,136.41000366210938,136.97999572753906,133.8967742919922,826700
2022-12-20,136.94000244140625,138.75,136.0500030517578,137.75,134.64944458007812,1029100
2022-12-21,138.74000549316406,140.49000549316406,138.49000549316406,140.36000061035156,137.20066833496094,630500
2022-12-22,139.1999969482422,139.1999969482422,136.3699951171875,138.32000732421875,135.20660400390625,700500
2022-12-23,138.02999877929688,139.4199981689453,137.77000427246094,139.3800048828125,136.24270629882812,412200
2022-12-27,139.88999938964844,140.6699981689453,139.22000122070312,140.1300048828125,136.97586059570312,447500
2022-12-28,140.6199951171875,141.47999572753906,138.32000732421875,138.36000061035156,135.24571228027344,480200
2022-12-29,139.16000366210938,140.9499969482422,139.02000427246094,140.3699951171875,137.21044921875,452700
2022-12-30,140.0,140.19000244140625,138.35000610351562,139.72000122070312,136.5750732421875,551100
2023-01-03,140.17999267578125,140.89999389648438,138.64999389648438,140.52000427246094,137.3570556640625,1446200
2023-01-04,141.30999755859375,141.82000732421875,139.44000244140625,140.85000610351562,137.6796417236328,580900
2023-01-05,139.97999572753906,140.3699951171875,137.47000122070312,137.97999572753906,134.87423706054688,1313200
2023-01-06,139.91000366210938,144.49000549316406,139.57000732421875,143.83999633789062,140.60231018066406,960700
2023-01-09,143.72000122070312,146.4199981689453,141.82000732421875,142.5,139.29246520996094,1011700
2023-01-10,142.11000061035156,143.24000549316406,141.82000732421875,142.80999755859375,139.59548950195312,424300
2023-01-11,143.69000244140625,145.5,142.89999389648438,145.47999572753906,142.20542907714844,816300
2023-01-12,146.38999938964844,146.38999938964844,144.72999572753906,145.5500030517578,142.27386474609375,545300
2023-01-13,144.66000366210938,146.82000732421875,144.66000366210938,146.1300048828125,142.8408203125,622700
2023-01-17,146.61000061035156,147.00999450683594,144.47000122070312,144.6300048828125,141.3745880126953,1190500
2023-01-18,144.6199951171875,144.9199981689453,140.82000732421875,141.4199981689453,138.2367706298828,939600
2023-01-19,141.0,141.75,138.44000244140625,139.02999877929688,135.90061950683594,1381900
2023-01-20,139.9199981689453,142.64999389648438,138.6699981689453,142.5,139.29246520996094,1058300
2023-01-23,142.77000427246094,143.47000122070312,141.63999938964844,143.0500030517578,139.83010864257812,885000
2023-01-24,140.8000030517578,144.47000122070312,140.77999877929688,144.0800018310547,140.83694458007812,918400
2023-01-25,142.64999389648438,143.25999450683594,141.4600067138672,142.8000030517578,139.5857391357422,1145200
2023-01-26,143.8699951171875,144.3000030517578,141.72999572753906,143.5500030517578,140.31886291503906,927000
2023-01-27,142.6699981689453,144.4199981689453,142.25999450683594,143.89999389648438,140.66098022460938,967900
2023-01-30,143.1699981689453,143.75999450683594,141.99000549316406,142.30999755859375,139.1067657470703,798400
2023-01-31,142.92999267578125,145.02000427246094,142.07000732421875,144.9199981689453,141.65802001953125,1020600
2023-02-01,144.6300048828125,146.0399932861328,142.3699951171875,145.14999389648438,141.88282775878906,1842000
2023-02-02,145.5,146.13999938964844,143.02999877929688,144.52000427246094,141.26702880859375,1912600
2023-02-03,144.0,146.64999389648438,143.72999572753906,146.3800048828125,143.08518981933594,1301900
2023-02-06,145.72000122070312,148.05999755859375,145.72000122070312,147.08999633789062,143.77919006347656,1833300
2023-02-07,145.8000030517578,147.05999755859375,144.02000427246094,146.74000549316406,143.43707275390625,1056800
2023-02-08,146.5500030517578,146.74000549316406,144.6999969482422,144.97000122070312,141.7069091796875,832100
2023-02-09,146.1699981689453,146.8300018310547,143.91000366210938,144.36000061035156,141.1106414794922,725600
2023-02-10,144.3300018310547,145.27999877929688,144.0,144.69000244140625,141.43321228027344,879200
2023-02-13,144.9499969482422,146.6199951171875,144.6300048828125,145.8300018310547,142.54757690429688,1146200
2023-02-14,145.1300048828125,146.0,143.55999755859375,144.3699951171875,141.1204071044922,1074300
2023-02-15,143.97000122070312,146.25,143.8300018310547,146.1999969482422,142.90921020507812,648000
2023-02-16,144.39999389648438,145.5,144.33999633789062,144.5500030517578,141.29635620117188,609400
2023-02-17,144.32000732421875,146.8699951171875,143.92999267578125,146.49000549316406,143.1926727294922,853800
2023-02-21,145.00999450683594,145.6999969482422,142.52999877929688,143.0,139.78123474121094,712500
2023-02-22,143.75,144.17999267578125,141.91000366210938,142.33999633789062,139.13607788085938,1033500
2023-02-23,141.94000244140625,143.2899932861328,140.50999450683594,142.77000427246094,139.55642700195312,1100700
2023-02-24,141.25,141.6699981689453,140.05999755859375,140.94000244140625,137.76763916015625,1115500
2023-02-27,142.22999572753906,142.55999755859375,140.82000732421875,141.35000610351562,138.16839599609375,1128900
2023-02-28,141.33999633789062,142.6699981689453,141.00999450683594,141.55999755859375,138.37367248535156,1046500
2023-03-01,140.92999267578125,142.32000732421875,140.92999267578125,141.64999389648438,138.4615936279297,733600
2023-03-02,140.9600067138672,142.64999389648438,140.4600067138672,142.33999633789062,139.13607788085938,782700
2023-03-03,143.6199951171875,144.1300048828125,142.14999389648438,143.92999267578125,140.6903076171875,589500
2023-03-06,143.74000549316406,144.72999572753906,143.02999877929688,143.39999389648438,140.17225646972656,647000
2023-03-07,143.55999755859375,143.55999755859375,140.0399932861328,140.0800018310547,136.92697143554688,876100
2023-03-08,140.14999389648438,141.14999389648438,139.47000122070312,140.77000427246094,137.60147094726562,1145200
2023-03-09,141.33999633789062,141.66000366210938,138.10000610351562,138.94000244140625,136.0542449951172,1620400
2023-03-10,139.11000061035156,139.49000549316406,135.0800018310547,135.72000122070312,132.901123046875,891700
2023-03-13,134.41000366210938,136.80999755859375,133.3000030517578,135.35000610351562,132.53883361816406,1091400
2023-03-14,137.63999938964844,138.8000030517578,136.22000122070312,138.50999450683594,135.63319396972656,1274000
2023-03-15,135.75999450683594,135.80999755859375,131.52000427246094,134.0,131.21685791015625,1619200
2023-03-16,133.2899932861328,136.47999572753906,132.9199981689453,135.83999633789062,133.01861572265625,1194700
2023-03-17,136.07000732421875,136.07000732421875,133.16000366210938,134.99000549316406,132.18629455566406,1855800
2023-03-20,136.24000549316406,138.5800018310547,134.99000549316406,138.5399932861328,135.6625518798828,1240700
2023-03-21,140.35000610351562,140.85000610351562,138.72999572753906,140.07000732421875,137.16079711914062,960400
2023-03-22,139.97999572753906,141.60000610351562,138.22999572753906,138.4600067138672,135.58424377441406,1039300
2023-03-23,138.24000549316406,139.85000610351562,136.7899932861328,138.35000610351562,135.4765167236328,1271200
2023-03-24,136.77000427246094,139.3699951171875,135.85000610351562,139.32000732421875,136.42637634277344,1053900
2023-03-27,140.27999877929688,140.91000366210938,139.2899932861328,139.7899932861328,136.8865966796875,784300
2023-03-28,139.9499969482422,141.22000122070312,139.3699951171875,141.13999938964844,138.20855712890625,673900
2023-03-29,142.0,142.4600067138672,141.16000366210938,142.24000549316406,139.2857208251953,799200
2023-03-30,143.52000427246094,143.97000122070312,142.13999938964844,142.8300018310547,139.86346435546875,585200
2023-03-31,143.50999450683594,145.50999450683594,143.07000732421875,145.3300018310547,142.31153869628906,1159700
2023-04-03,144.44000244140625,145.42999267578125,143.36000061035156,144.25,141.2539825439453,1104500
2023-04-04,144.05999755859375,144.1300048828125,138.9199981689453,139.05999755859375,136.17176818847656,964400
2023-04-05,138.05999755859375,138.50999450683594,134.39999389648438,135.6699981689453,132.85215759277344,1605900
2023-04-06,135.24000549316406,136.4499969482422,134.5,135.25,132.44088745117188,1175800
2023-04-10,134.30999755859375,136.80999755859375,133.8800048828125,136.77999877929688,133.93910217285156,924300
2023-04-11,137.0500030517578,137.6999969482422,136.6699981689453,137.02000427246094,134.17413330078125,1109400
2023-04-12,138.0,139.02000427246094,137.7100067138672,138.52999877929688,135.6527557373047,1232300
2023-04-13,138.5500030517578,138.5800018310547,135.9600067138672,138.4499969482422,135.57443237304688,1142200
2023-04-14,138.39999389648438,140.0500030517578,137.67999267578125,138.35000610351562,135.4765167236328,828100
2023-04-17,138.6699981689453,139.5,138.02000427246094,139.22000122070312,136.3284149169922,999900
2023-04-18,139.88999938964844,140.33999633789062,138.7100067138672,139.25,136.35781860351562,839800
2023-04-19,139.24000549316406,139.27000427246094,137.3000030517578,137.57000732421875,134.7126922607422,827000
2023-04-20,136.8300018310547,137.97999572753906,136.3000030517578,137.97000122070312,135.1044158935547,888800
2023-04-21,138.32000732421875,138.32000732421875,136.64999389648438,137.5800018310547,134.72247314453125,850400
2023-04-24,137.52000427246094,138.25999450683594,137.2100067138672,137.72000122070312,134.8595733642578,642900
2023-04-25,137.4499969482422,137.85000610351562,135.83999633789062,135.9199981689453,133.09698486328125,1065000
2023-04-26,134.55999755859375,135.99000549316406,133.1199951171875,133.74000549316406,130.96226501464844,1149400
2023-04-27,134.4199981689453,137.4199981689453,133.77000427246094,137.3699951171875,134.51686096191406,1393800
2023-04-28,136.88999938964844,138.3000030517578,136.63999938964844,137.92999267578125,135.06524658203125,1412900
2023-05-01,137.9199981689453,140.02999877929688,137.72999572753906,139.33999633789062,136.44593811035156,1509300
2023-05-02,141.22999572753906,146.3699951171875,140.80999755859375,145.60000610351562,142.575927734375,2050800
2023-05-03,146.16000366210938,147.8800048828125,144.42999267578125,144.5800018310547,141.57708740234375,1026800
2023-05-04,144.5,144.7899932861328,142.39999389648438,142.9199981689453,139.95156860351562,1463000
2023-05-05,144.11000061035156,145.22999572753906,143.49000549316406,145.02000427246094,142.0080108642578,717600
2023-05-08,145.47000122070312,145.61000061035156,143.9499969482422,145.02000427246094,142.0080108642578,630900
2023-05-09,144.6199951171875,145.3000030517578,144.00999450683594,144.41000366210938,141.41062927246094,601300
2023-05-10,145.6699981689453,146.3000030517578,142.72000122070312,144.67999267578125,141.67503356933594,756400
2023-05-11,144.13999938964844,144.13999938964844,142.66000366210938,143.75999450683594,140.77415466308594,720800
2023-05-12,145.02999877929688,145.50999450683594,143.99000549316406,145.4199981689453,142.39968872070312,957500
2023-05-15,145.82000732421875,146.52999877929688,145.1999969482422,146.33999633789062,143.30056762695312,1012200
2023-05-16,145.6999969482422,146.0,143.85000610351562,144.55999755859375,141.55751037597656,1083900
2023-05-17,145.4499969482422,146.74000549316406,144.72999572753906,145.92999267578125,142.8990478515625,910400
2023-05-18,146.27000427246094,148.27999877929688,145.44000244140625,147.7899932861328,144.72044372558594,856300
2023-05-19,149.11000061035156,149.47000122070312,146.97999572753906,147.57000732421875,144.50503540039062,880500
2023-05-22,147.85000610351562,148.97000122070312,147.1999969482422,147.92999267578125,144.85751342773438,731000
2023-05-23,146.8800048828125,147.6699981689453,145.9600067138672,145.97000122070312,142.93824768066406,912000
2023-05-24,145.44000244140625,145.63999938964844,143.72999572753906,144.25999450683594,141.26373291015625,952500
2023-05-25,144.82000732421875,146.22999572753906,144.32000732421875,145.72999572753906,142.7032012939453,811900
2023-05-26,146.05999755859375,148.33999633789062,145.99000549316406,148.22000122070312,145.14151000976562,725900
2023-05-30,148.07000732421875,148.89999389648438,147.3800048828125,147.52999877929688,144.46583557128906,622900
2023-05-31,146.8800048828125,147.1199951171875,144.61000061035156,145.07000732421875,142.05691528320312,1734800
2023-06-01,145.6300048828125,146.9499969482422,144.6699981689453,146.9499969482422,143.8978729248047,838200
2023-06-02,148.39999389648438,151.1999969482422,147.86000061035156,150.67999267578125,147.5504150390625,821800
2023-06-05,150.50999450683594,150.50999450683594,148.27000427246094,148.7899932861328,145.6996612548828,747500
2023-06-06,148.64999389648438,150.25999450683594,148.22999572753906,149.2899932861328,146.18930053710938,1292800
2023-06-07,149.63999938964844,151.52000427246094,148.85000610351562,151.1300048828125,147.99107360839844,910200
2023-06-08,150.80999755859375,151.50999450683594,150.36000061035156,150.41000366210938,147.28604125976562,1198800
2023-06-09,149.9499969482422,150.9199981689453,149.25,150.2899932861328,147.41354370117188,774500
2023-06-12,150.5399932861328,151.5399932861328,149.69000244140625,151.17999267578125,148.2864990234375,581100
2023-06-13,151.17999267578125,153.7100067138672,151.13999938964844,153.47000122070312,150.53268432617188,1162100
2023-06-14,153.86000061035156,154.47999572753906,152.47999572753906,153.60000610351562,150.66018676757812,934900
2023-06-15,153.41000366210938,156.91000366210938,153.27999877929688,156.6999969482422,153.70086669921875,1115900
2023-06-16,158.61000061035156,158.61000061035156,155.6699981689453,155.91000366210938,152.92596435546875,1750300
2023-06-20,154.77999877929688,155.85000610351562,154.41000366210938,155.33999633789062,152.3668670654297,815800
2023-06-21,154.8699951171875,156.97000122070312,153.91000366210938,156.57000732421875,153.57337951660156,820700
2023-06-22,156.5500030517578,157.0399932861328,155.36000061035156,156.02999877929688,153.043701171875,930300
2023-06-23,154.75,157.11000061035156,154.35000610351562,156.05999755859375,153.07310485839844,1112400
2023-06-26,156.35000610351562,158.16000366210938,156.22000122070312,157.3800048828125,154.36785888671875,963000
2023-06-27,157.6699981689453,159.86000061035156,157.22000122070312,159.5800018310547,156.5257110595703,797900
2023-06-28,159.41000366210938,159.58999633789062,158.3300018310547,158.77999877929688,155.74102783203125,653100
2023-06-29,158.57000732421875,160.5399932861328,158.02999877929688,160.13999938964844,157.0749969482422,689000
2023-06-30,161.19000244140625,162.69000244140625,160.35000610351562,161.8800048828125,158.78170776367188,1035500
2023-07-03,160.67999267578125,161.35000610351562,159.1300048828125,160.80999755859375,157.7322235107422,374700
2023-07-05,157.92999267578125,159.60000610351562,157.60000610351562,158.4499969482422,155.4173583984375,789800
2023-07-06,157.44000244140625,157.61000061035156,156.1699981689453,156.75999450683594,153.75970458984375,1061500
2023-07-07,156.27999877929688,157.80999755859375,155.80999755859375,157.0800018310547,154.07359313964844,1090800
2023-07-10,157.27000427246094,158.91000366210938,156.89999389648438,157.52000427246094,154.50518798828125,1783800
2023-07-11,157.89999389648438,158.25,156.2899932861328,157.55999755859375,154.54437255859375,1064700
2023-07-12,158.61000061035156,158.69000244140625,157.13999938964844,157.50999450683594,154.49537658691406,1386600
2023-07-13,157.77999877929688,158.42999267578125,156.7100067138672,158.27000427246094,155.24078369140625,909800
2023-07-14,158.08999633789062,159.0,156.7899932861328,157.5399932861328,154.5247802734375,705800
2023-07-17,157.49000549316406,158.5,156.88999938964844,157.89999389648438,154.87786865234375,715100
2023-07-18,157.74000549316406,159.3000030517578,157.74000549316406,158.8699951171875,155.8292999267578,812500
2023-07-19,157.9199981689453,158.57000732421875,156.2100067138672,157.47999572753906,154.4659423828125,889000
2023-07-20,158.11000061035156,158.4199981689453,156.82000732421875,158.08999633789062,155.06423950195312,723000
2023-07-21,158.1699981689453,158.63999938964844,157.4600067138672,157.52999877929688,154.51499938964844,645000
2023-07-24,158.0500030517578,158.8000030517578,157.50999450683594,158.22999572753906,155.20155334472656,616600
2023-07-25,157.25,158.8800048828125,157.25,158.72000122070312,155.6822052001953,625000
2023-07-26,157.8699951171875,159.44000244140625,157.2899932861328,158.75999450683594,155.7213897705078,686500
2023-07-27,159.27000427246094,160.0,157.74000549316406,157.86000061035156,154.83865356445312,910100
2023-07-28,158.82000732421875,159.36000061035156,157.74000549316406,158.25,155.22117614746094,805200
2023-07-31,158.85000610351562,159.27999877929688,157.92999267578125,158.60000610351562,155.5644989013672,1366000
2023-08-01,157.5800018310547,164.75,156.00999450683594,159.4499969482422,156.3982391357422,1518300
2023-08-02,160.77000427246094,161.42999267578125,158.38999938964844,158.69000244140625,155.6527557373047,1020700
2023-08-03,158.41000366210938,158.9199981689453,157.32000732421875,157.85000610351562,154.82884216308594,941300
2023-08-04,158.38999938964844,158.72999572753906,156.16000366210938,156.57000732421875,153.57337951660156,606300
2023-08-07,157.5800018310547,160.74000549316406,157.5800018310547,160.60000610351562,157.52621459960938,770100
2023-08-08,160.00999450683594,160.75999450683594,158.14999389648438,160.5,157.42813110351562,969400
2023-08-09,160.69000244140625,160.69000244140625,159.22000122070312,159.72000122070312,156.66302490234375,894200
2023-08-10,159.6300048828125,161.00999450683594,158.47999572753906,158.9199981689453,155.8783416748047,721400
2023-08-11,158.8800048828125,159.25,157.9499969482422,158.22000122070312,155.19175720214844,560400
2023-08-14,158.25,158.69000244140625,157.60000610351562,158.1199951171875,155.09365844726562,456700
2023-08-15,157.6999969482422,157.72999572753906,156.39999389648438,156.66000366210938,153.66160583496094,530000
2023-08-16,156.52000427246094,157.82000732421875,155.89999389648438,156.0399932861328,153.05349731445312,634000
2023-08-17,156.72999572753906,156.72999572753906,152.5500030517578,152.97999572753906,150.0520477294922,1285700
2023-08-18,152.55999755859375,154.8800048828125,152.52000427246094,154.4499969482422,151.493896484375,1142300
2023-08-21,154.69000244140625,155.00999450683594,153.02999877929688,154.6199951171875,151.66064453125,616800
2023-08-22,155.4199981689453,155.83999633789062,154.0,154.69000244140625,151.7293243408203,501500
2023-08-23,155.61000061035156,156.61000061035156,154.88999938964844,156.2899932861328,153.29872131347656,543700
2023-08-24,156.36000061035156,157.50999450683594,154.8000030517578,154.8699951171875,151.90586853027344,567700
2023-08-25,155.63999938964844,158.1300048828125,155.32000732421875,157.58999633789062,154.57382202148438,539900
2023-08-28,157.82000732421875,159.39999389648438,157.82000732421875,158.50999450683594,155.4761505126953,418000
2023-08-29,158.25999450683594,160.52000427246094,158.00999450683594,159.55999755859375,156.506103515625,755300
2023-08-30,159.97000122070312,160.5800018310547,159.32000732421875,160.2899932861328,157.22213745117188,513900
2023-08-31,160.25,161.0500030517578,159.50999450683594,159.50999450683594,156.4570770263672,735600
2023-09-01,160.25999450683594,160.92999267578125,159.72999572753906,160.64999389648438,157.57525634765625,471300
2023-09-05,160.77000427246094,160.77000427246094,157.07000732421875,157.1199951171875,154.11280822753906,774900
2023-09-06,157.25999450683594,158.44000244140625,156.47999572753906,157.10000610351562,154.09320068359375,1641300
2023-09-07,156.97000122070312,157.91000366210938,155.33999633789062,156.63999938964844,153.6420135498047,1069500
2023-09-08,156.1300048828125,156.6199951171875,153.55999755859375,153.89999389648438,150.9544677734375,1018900
2023-09-11,154.47999572753906,154.94000244140625,152.16000366210938,153.4499969482422,150.51304626464844,790200
2023-09-12,152.7899932861328,154.00999450683594,151.36000061035156,151.66000366210938,148.75730895996094,939500
2023-09-13,150.97000122070312,152.5399932861328,150.85000610351562,152.49000549316406,149.81837463378906,1396000
2023-09-14,153.44000244140625,153.86000061035156,151.4499969482422,152.86000061035156,150.181884765625,1151300
2023-09-15,151.77000427246094,152.6999969482422,150.57000732421875,151.6300048828125,148.9734649658203,1279700
2023-09-18,151.77999877929688,154.11000061035156,151.60000610351562,152.47000122070312,149.7987518310547,969500
2023-09-19,152.0500030517578,153.16000366210938,151.4600067138672,152.66000366210938,149.98544311523438,1161600
2023-09-20,153.3300018310547,154.72000122070312,151.25,151.41000366210938,148.75732421875,786800
2023-09-21,151.00999450683594,151.57000732421875,149.63999938964844,151.02999877929688,148.38397216796875,1447700
2023-09-22,150.61000061035156,152.57000732421875,150.52000427246094,151.66000366210938,149.00294494628906,1681100
2023-09-25,151.05999755859375,153.39999389648438,151.05999755859375,152.50999450683594,149.83802795410156,1527500
2023-09-26,151.72000122070312,153.02999877929688,148.5399932861328,149.27000427246094,146.65481567382812,1519400
2023-09-27,150.08999633789062,150.25999450683594,148.0,148.86000061035156,146.2519989013672,1045100
2023-09-28,148.08999633789062,150.36000061035156,147.72999572753906,148.82000732421875,146.21267700195312,972300
2023-09-29,149.8300018310547,149.9199981689453,147.57000732421875,147.75999450683594,145.1712646484375,964800
2023-10-02,147.72000122070312,148.2100067138672,146.1999969482422,147.4199981689453,144.83721923828125,821300
2023-10-03,146.60000610351562,148.55999755859375,146.60000610351562,147.9600067138672,145.3677978515625,934100
2023-10-04,148.22999572753906,150.5399932861328,147.63999938964844,150.1199951171875,147.4899139404297,1055900
2023-10-05,150.07000732421875,150.4499969482422,147.6999969482422,148.41000366210938,145.80987548828125,883300
2023-10-06,148.0500030517578,151.05999755859375,147.44000244140625,150.22000122070312,147.58816528320312,878400
2023-10-09,149.67999267578125,151.47000122070312,149.27000427246094,151.32000732421875,148.66893005371094,519100
2023-10-10,151.72999572753906,152.6999969482422,151.10000610351562,151.27999877929688,148.62957763671875,548700
2023-10-11,151.27000427246094,152.5800018310547,151.27000427246094,152.25,149.5825958251953,685700
2023-10-12,152.25,152.63999938964844,150.27000427246094,151.1199951171875,148.47238159179688,733400
2023-10-13,151.0399932861328,151.41000366210938,147.72000122070312,148.63999938964844,146.0358123779297,923900
2023-10-16,149.85000610351562,151.1199951171875,149.5500030517578,150.47000122070312,147.8337860107422,608200
2023-10-17,149.86000061035156,151.17999267578125,149.19000244140625,149.75,147.1263885498047,924300
2023-10-18,148.41000366210938,148.41000366210938,143.92999267578125,143.9600067138672,141.43785095214844,933500
2023-10-19,144.7100067138672,146.47000122070312,143.22999572753906,143.64999389648438,141.1332550048828,1935400
2023-10-20,143.91000366210938,144.6300048828125,141.42999267578125,141.57000732421875,139.0897216796875,1136700
2023-10-23,141.5399932861328,142.57000732421875,140.66000366210938,140.86000061035156,138.3921356201172,862600
2023-10-24,142.27000427246094,142.27000427246094,140.32000732421875,140.97000122070312,138.50022888183594,745400
2023-10-25,140.5500030517578,141.10000610351562,139.0500030517578,139.66000366210938,137.21319580078125,825800
2023-10-26,141.39999389648438,141.91000366210938,139.69000244140625,139.83999633789062,137.3900146484375,810600
2023-10-27,139.5399932861328,140.66000366210938,138.86000061035156,139.22000122070312,136.78085327148438,818700
2023-10-30,140.25,140.6300048828125,138.60000610351562,140.1199951171875,137.6651153564453,1335400
2023-10-31,136.88999938964844,143.41000366210938,136.88999938964844,140.77000427246094,138.3037567138672,1428600
2023-11-01,141.83999633789062,142.9600067138672,140.86000061035156,142.39999389648438,139.90518188476562,1284700
2023-11-02,143.41000366210938,143.97000122070312,141.25999450683594,143.6999969482422,141.18238830566406,1208900
2023-11-03,145.3300018310547,145.9199981689453,143.55999755859375,143.6999969482422,141.18238830566406,1034700
2023-11-06,143.67999267578125,143.9199981689453,142.44000244140625,143.4600067138672,140.9465789794922,768600
2023-11-07,142.49000549316406,146.64999389648438,141.64999389648438,146.5,143.93331909179688,1858100
2023-11-08,147.14999389648438,148.6699981689453,146.52000427246094,147.89999389648438,145.30880737304688,1519400
2023-11-09,148.8699951171875,149.4600067138672,147.1199951171875,147.4600067138672,144.8765411376953,1403500
2023-11-10,148.8000030517578,151.25,148.35000610351562,150.8000030517578,148.1580047607422,1233600
2023-11-13,150.27000427246094,151.75999450683594,150.0399932861328,151.3800048828125,148.7278594970703,1193100
2023-11-14,153.32000732421875,155.1999969482422,152.39999389648438,154.72999572753906,152.01913452148438,1365200
2023-11-15,154.67999267578125,155.19000244140625,152.72999572753906,153.10000610351562,150.41770935058594,1471600
2023-11-16,153.5800018310547,154.80999755859375,153.10000610351562,153.97000122070312,151.2724609375,1122500
2023-11-17,154.57000732421875,155.82000732421875,154.2100067138672,155.66000366210938,152.932861328125,1107800
2023-11-20,155.85000610351562,155.85000610351562,154.19000244140625,154.80999755859375,152.09776306152344,696400
2023-11-21,154.5399932861328,155.74000549316406,154.27000427246094,155.39999389648438,152.6774139404297,585400
2023-11-22,155.61000061035156,156.05999755859375,154.9600067138672,155.64999389648438,152.9230194091797,494200
2023-11-24,156.07000732421875,156.39999389648438,155.5,156.17999267578125,153.44374084472656,248500
2023-11-27,154.89999389648438,154.89999389648438,153.5800018310547,154.05999755859375,151.36085510253906,813600
2023-11-28,153.52000427246094,154.39999389648438,152.4499969482422,152.52999877929688,149.85769653320312,555100
2023-11-29,153.67999267578125,154.0800018310547,152.42999267578125,152.8800048828125,150.20155334472656,710100
2023-11-30,153.6199951171875,155.38999938964844,152.50999450683594,155.22999572753906,152.51039123535156,1477100
2023-12-01,155.5500030517578,157.3699951171875,154.80999755859375,157.0500030517578,154.2985382080078,691000
2023-12-04,156.1699981689453,157.32000732421875,155.57000732421875,157.2899932861328,154.53431701660156,1394500
2023-12-05,156.9600067138672,156.9600067138672,155.30999755859375,155.5,152.77565002441406,657200
2023-12-06,156.5,157.5500030517578,155.77999877929688,156.47999572753906,153.73851013183594,1080400
2023-12-07,156.2100067138672,156.2899932861328,154.69000244140625,155.91000366210938,153.423583984375,1028500
2023-12-08,156.44000244140625,157.69000244140625,156.33999633789062,157.16000366210938,154.6536407470703,1256000
2023-12-11,157.97000122070312,159.38999938964844,157.6300048828125,157.72999572753906,155.2145538330078,1612400
2023-12-12,158.13999938964844,161.99000549316406,157.67999267578125,161.33999633789062,158.76699829101562,1358800
2023-12-13,161.8000030517578,162.0800018310547,159.61000061035156,161.49000549316406,158.9145965576172,1290800
2023-12-14,162.72000122070312,164.5500030517578,162.02000427246094,164.07000732421875,161.4534912109375,1444000
2023-12-15,163.1699981689453,164.5500030517578,162.39999389648438,163.1300048828125,160.5284423828125,1451300
2023-12-18,163.39999389648438,163.58999633789062,162.08999633789062,163.25,160.64654541015625,571700
2023-12-19,163.97999572753906,164.16000366210938,162.7899932861328,163.38999938964844,160.78431701660156,717300
2023-12-20,162.6999969482422,164.47000122070312,161.72000122070312,161.82000732421875,159.23936462402344,720300
2023-12-21,162.63999938964844,163.7899932861328,162.07000732421875,163.69000244140625,161.07949829101562,500400
2023-12-22,164.38999938964844,165.0399932861328,163.57000732421875,164.1999969482422,161.5813751220703,413600
2023-12-26,164.49000549316406,165.25999450683594,164.32000732421875,164.89999389648438,162.27020263671875,577000
2023-12-27,164.6999969482422,165.11000061035156,164.10000610351562,164.5399932861328,161.91598510742188,664600
2023-12-28,164.5800018310547,165.4199981689453,164.27000427246094,165.1199951171875,162.48670959472656,501500
2023-12-29,164.9199981689453,165.52000427246094,164.2100067138672,164.88999938964844,162.26034545898438,560800
2024-01-02,163.75999450683594,164.5800018310547,161.9499969482422,162.8699951171875,160.2725830078125,798500
2024-01-03,162.5800018310547,162.5800018310547,160.02999877929688,160.60000610351562,158.03878784179688,1033700
2024-01-04,161.13999938964844,161.80999755859375,160.35000610351562,160.47999572753906,157.92071533203125,697900
2024-01-05,159.97999572753906,160.94000244140625,159.27999877929688,160.74000549316406,158.1765899658203,554100
2024-01-08,160.85000610351562,162.05999755859375,159.92999267578125,161.8800048828125,159.29840087890625,638500
2024-01-09,161.39999389648438,163.1999969482422,160.11000061035156,163.0,160.40052795410156,822400
2024-01-10,163.1999969482422,163.83999633789062,162.11000061035156,163.67999267578125,161.06967163085938,638300
2024-01-11,165.0,165.49000549316406,162.85000610351562,163.92999267578125,161.315673828125,631900
2024-01-12,164.9199981689453,165.0,162.77999877929688,163.44000244140625,160.83351135253906,801000
2024-01-16,163.2100067138672,163.75999450683594,161.44000244140625,163.61000061035156,161.0008087158203,1040700
2024-01-17,162.64999389648438,163.4600067138672,159.99000549316406,160.07000732421875,157.5172576904297,1011500
2024-01-18,160.3000030517578,162.4600067138672,160.0,162.30999755859375,159.72152709960938,1013800
2024-01-19,162.58999633789062,162.9199981689453,161.47000122070312,162.02999877929688,159.4459686279297,1304400
2024-01-22,162.77999877929688,163.9499969482422,162.2899932861328,163.16000366210938,160.5579833984375,1300400
2024-01-23,163.63999938964844,165.25999450683594,162.42999267578125,165.1199951171875,162.48670959472656,970300
2024-01-24,166.36000061035156,166.64999389648438,162.5,162.74000549316406,160.14466857910156,802600
2024-01-25,164.05999755859375,164.52000427246094,163.14999389648438,164.1199951171875,161.50267028808594,584700
2024-01-26,164.66000366210938,164.97000122070312,163.32000732421875,163.52000427246094,160.91224670410156,426900
2024-01-29,162.77000427246094,165.3699951171875,162.7100067138672,165.3300018310547,162.69337463378906,982200
2024-01-30,165.13999938964844,166.63999938964844,164.50999450683594,165.8699951171875,163.22476196289062,855600
2024-01-31,165.75999450683594,165.75999450683594,161.92999267578125,162.0500030517578,159.46568298339844,1043900
2024-02-01,163.50999450683594,165.89999389648438,162.36000061035156,165.8699951171875,163.22476196289062,1206800
2024-02-02,165.35000610351562,168.5399932861328,164.66000366210938,167.44000244140625,164.76971435546875,1301000
2024-02-05,166.08999633789062,167.5800018310547,164.77999877929688,166.99000549316406,164.326904296875,1396300
2024-02-06,167.9600067138672,167.9600067138672,163.7899932861328,166.0800018310547,163.43141174316406,1559300
2024-02-07,166.6699981689453,168.63999938964844,166.1199951171875,166.72999572753906,164.07106018066406,1098400
2024-02-08,167.60000610351562,167.8300018310547,165.5500030517578,166.3000030517578,163.6479034423828,976400
2024-02-09,166.41000366210938,168.61000061035156,166.41000366210938,168.5,165.81280517578125,814700
2024-02-12,168.8000030517578,169.3000030517578,167.6300048828125,168.4199981689453,165.73410034179688,882200
2024-02-13,166.44000244140625,168.1300048828125,164.6199951171875,168.0399932861328,165.3601531982422,1969300
2024-02-14,168.7899932861328,173.7899932861328,168.5,173.41000366210938,170.64454650878906,2079300
2024-02-15,174.2100067138672,174.94000244140625,171.35000610351562,173.74000549316406,170.96922302246094,1526000
2024-02-16,173.64999389648438,175.0,173.32000732421875,173.88999938964844,171.1168670654297,1016400
2024-02-20,172.99000549316406,175.3699951171875,172.50999450683594,174.80999755859375,172.0221710205078,1311700
2024-02-21,174.75,175.66000366210938,173.24000549316406,174.8000030517578,172.01234436035156,847000
2024-02-22,176.39999389648438,178.6699981689453,176.27999877929688,178.2100067138672,175.3679656982422,835300
2024-02-23,178.7899932861328,179.22999572753906,177.02999877929688,178.1999969482422,175.3581085205078,964700
2024-02-26,178.27999877929688,180.1199951171875,177.77000427246094,178.88999938964844,176.03707885742188,1163500
2024-02-27,179.27999877929688,179.5399932861328,176.69000244140625,177.77000427246094,174.93496704101562,781100
2024-02-28,178.0,179.6699981689453,177.30999755859375,178.72000122070312,175.8698272705078,544800
2024-02-29,178.80999755859375,180.74000549316406,178.24000549316406,180.17999267578125,177.30654907226562,1819600
2024-03-01,180.11000061035156,181.41000366210938,179.5399932861328,180.67999267578125,177.7985382080078,1534700
2024-03-04,181.1199951171875,182.1699981689453,180.67999267578125,181.10000610351562,178.2118682861328,850200
2024-03-05,180.6699981689453,180.85000610351562,178.41000366210938,179.4499969482422,176.5881805419922,630000
2024-03-06,180.1699981689453,181.27999877929688,179.58999633789062,180.36000061035156,177.4836883544922,819800
2024-03-07,181.3699951171875,182.2100067138672,180.72000122070312,181.5800018310547,178.9620361328125,620400
2024-03-08,181.7899932861328,182.72000122070312,181.08999633789062,181.44000244140625,178.82408142089844,648100
2024-03-11,180.8000030517578,181.30999755859375,178.9199981689453,180.86000061035156,178.25241088867188,582600
2024-03-12,180.91000366210938,182.35000610351562,180.3300018310547,181.8300018310547,179.2084197998047,696900
2024-03-13,181.82000732421875,182.22000122070312,180.66000366210938,181.52999877929688,178.9127655029297,1182700
2024-03-14,182.07000732421875,182.3800048828125,180.80999755859375,181.6199951171875,179.00148010253906,664300
2024-03-15,180.33999633789062,182.97000122070312,180.33999633789062,181.52000427246094,178.90292358398438,1255200
2024-03-18,182.3300018310547,183.7100067138672,182.0,182.0800018310547,179.454833984375,699800
2024-03-19,181.8000030517578,182.82000732421875,181.42999267578125,181.92999267578125,179.3070068359375,963700
2024-03-20,182.27000427246094,184.2100067138672,181.39999389648438,184.1999969482422,181.54425048828125,1022000
2024-03-21,184.55999755859375,186.3300018310547,182.72999572753906,184.91000366210938,182.24403381347656,1051600
2024-03-22,185.02999877929688,185.8300018310547,182.75999450683594,183.14999389648438,180.5093994140625,780300
2024-03-25,183.14999389648438,183.3800048828125,182.39999389648438,182.75999450683594,180.12503051757812,652700
2024-03-26,182.0,183.25,181.52999877929688,181.6699981689453,179.05076599121094,752400
2024-03-27,182.1699981689453,184.22000122070312,181.7899932861328,183.72000122070312,181.07119750976562,670800
2024-03-28,183.50999450683594,183.88999938964844,182.55999755859375,182.89999389648438,180.26303100585938,1043500
2024-04-01,182.99000549316406,183.0,180.30999755859375,180.4600067138672,177.85818481445312,772500
2024-04-02,180.72999572753906,181.52000427246094,179.7899932861328,180.3699951171875,177.7694854736328,921900
2024-04-03,180.3800048828125,182.5,180.3800048828125,181.11000061035156,178.4988250732422,739600
2024-04-04,182.36000061035156,182.85000610351562,179.0,179.33999633789062,176.7543487548828,845500
2024-04-05,180.63999938964844,182.66000366210938,179.7899932861328,182.22000122070312,179.59280395507812,763700
2024-04-08,182.36000061035156,182.99000549316406,180.75,180.9199981689453,178.31153869628906,659800
2024-04-09,181.1999969482422,181.55999755859375,178.82000732421875,181.17999267578125,178.56781005859375,749100
2024-04-10,178.9600067138672,181.69000244140625,178.0399932861328,179.75,177.15843200683594,1376000
2024-04-11,179.97000122070312,181.35000610351562,178.58999633789062,180.5,177.89759826660156,845000
2024-04-12,178.6300048828125,180.11000061035156,178.1199951171875,179.7100067138672,177.1190185546875,826300
2024-04-15,182.33999633789062,182.80999755859375,178.5500030517578,179.0399932861328,176.45867919921875,919400
2024-04-16,178.8300018310547,180.5399932861328,178.0,179.08999633789062,176.5079345703125,896200
2024-04-17,179.4499969482422,180.02999877929688,177.24000549316406,178.0500030517578,175.48294067382812,900900
2024-04-18,179.2100067138672,179.60000610351562,176.7100067138672,177.27000427246094,174.71420288085938,629000
2024-04-19,178.13999938964844,178.72999572753906,176.77000427246094,177.6999969482422,175.1380157470703,806600
2024-04-22,178.52000427246094,179.3300018310547,177.22000122070312,177.86000061035156,175.29568481445312,643000
2024-04-23,179.10000610351562,180.41000366210938,178.5800018310547,179.85000610351562,177.25701904296875,601000
2024-04-24,180.67999267578125,181.13999938964844,177.0399932861328,178.22000122070312,175.65049743652344,867300
2024-04-25,177.1300048828125,178.77999877929688,176.3699951171875,177.92999267578125,175.3646697998047,998700
2024-04-26,178.16000366210938,179.00999450683594,177.4499969482422,177.50999450683594,174.95071411132812,637900
2024-04-29,177.80999755859375,178.4600067138672,176.8800048828125,177.69000244140625,175.12815856933594,689500
2024-04-30,177.69000244140625,178.0800018310547,174.3800048828125,174.66000366210938,172.14183044433594,1138300
2024-05-01,174.22000122070312,176.22000122070312,173.55999755859375,173.97999572753906,171.47161865234375,1268000
2024-05-02,170.0,171.1300048828125,161.9600067138672,163.33999633789062,160.9850311279297,2896000
2024-05-03,163.6999969482422,166.8800048828125,162.77999877929688,166.55999755859375,164.15859985351562,2065100
2024-05-06,167.0,169.22999572753906,166.9199981689453,168.0500030517578,165.62713623046875,1468600
2024-05-07,168.2100067138672,169.91000366210938,168.2100067138672,169.5800018310547,167.13507080078125,1008500
2024-05-08,169.19000244140625,169.83999633789062,168.3000030517578,169.13999938964844,166.701416015625,988100
2024-05-09,169.27999877929688,171.27000427246094,168.86000061035156,169.89999389648438,167.450439453125,1266300
2024-05-10,171.00999450683594,171.57000732421875,170.38999938964844,170.8000030517578,168.33746337890625,1193700
2024-05-13,171.25999450683594,171.55999755859375,169.8000030517578,170.10000610351562,167.64756774902344,826600
2024-05-14,170.0,170.9499969482422,168.3000030517578,168.52999877929688,166.10018920898438,1400200
2024-05-15,169.52999877929688,170.97999572753906,169.2100067138672,169.6300048828125,167.18434143066406,1137000
2024-05-16,169.1999969482422,170.0800018310547,167.82000732421875,167.91000366210938,165.48916625976562,978200
2024-05-17,168.3300018310547,168.3300018310547,166.27000427246094,166.8000030517578,164.39511108398438,1678600
2024-05-20,167.0800018310547,169.5399932861328,166.66000366210938,168.60000610351562,166.16920471191406,959900
2024-05-21,168.13999938964844,169.38999938964844,167.36000061035156,169.1300048828125,166.69155883789062,1044300
2024-05-22,171.3000030517578,174.47000122070312,170.5500030517578,174.1300048828125,171.61949157714844,1785500
2024-05-23,175.3800048828125,176.05999755859375,172.6199951171875,172.72000122070312,170.22976684570312,1480400
2024-05-24,173.27999877929688,173.8699951171875,172.66000366210938,173.66000366210938,171.15625,1030700
2024-05-28,173.6999969482422,174.4199981689453,168.2100067138672,168.30999755859375,165.8833770751953,1211400
2024-05-29,167.14999389648438,168.58999633789062,166.19000244140625,166.7100067138672,164.30645751953125,1281800
2024-05-30,166.63999938964844,168.24000549316406,166.24000549316406,167.69000244140625,165.27232360839844,1036800
2024-05-31,167.94000244140625,169.97000122070312,166.08999633789062,169.5800018310547,167.13507080078125,2005800
2024-06-03,170.0,170.25999450683594,164.8300018310547,166.2100067138672,163.8136749267578,1301900
2024-06-04,165.80999755859375,166.94000244140625,164.50999450683594,166.8699951171875,164.46412658691406,970700
2024-06-05,167.60000610351562,168.7100067138672,166.99000549316406,168.64999389648438,166.21844482421875,875600
2024-06-06,168.72000122070312,169.17999267578125,167.47999572753906,168.69000244140625,166.25787353515625,1222100
2024-06-07,168.7899932861328,170.5,168.22000122070312,170.0,167.54898071289062,1265400
2024-06-10,169.77999877929688,173.4199981689453,169.77999877929688,173.0,170.5057830810547,1677400
2024-06-11,172.25,172.6300048828125,171.32000732421875,172.52999877929688,170.0425262451172,1315200
2024-06-12,174.2100067138672,176.05999755859375,173.17999267578125,173.7100067138672,171.20553588867188,1172000
2024-06-13,174.27000427246094,174.86000061035156,172.52999877929688,173.9199981689453,171.41249084472656,811100
2024-06-14,171.82000732421875,172.0500030517578,164.5399932861328,167.02000427246094,164.87744140625,1875900
2024-06-17,166.24000549316406,169.02999877929688,165.7899932861328,168.52000427246094,166.35816955566406,1486900
2024-06-18,168.35000610351562,171.08999633789062,167.5800018310547,170.89999389648438,168.70762634277344,1660900
2024-06-20,170.44000244140625,170.75,168.3000030517578,168.52000427246094,166.35816955566406,1248400
2024-06-21,169.0800018310547,169.74000549316406,166.35000610351562,168.6699981689453,166.5062255859375,1593300
2024-06-24,169.57000732421875,172.0,168.7899932861328,171.4600067138672,169.2604522705078,1132800
2024-06-25,170.9600067138672,171.22999572753906,167.69000244140625,168.72000122070312,166.55560302734375,684200
2024-06-26,168.0,168.0,166.41000366210938,166.5800018310547,164.4430389404297,761500
2024-06-27,166.57000732421875,167.9499969482422,165.89999389648438,166.47000122070312,164.33447265625,1169300
2024-06-28,166.80999755859375,167.8800048828125,165.67999267578125,166.7100067138672,164.57139587402344,1750000
2024-07-01,168.05999755859375,168.08999633789062,165.1999969482422,165.57000732421875,163.44601440429688,953300
2024-07-02,165.36000061035156,166.50999450683594,164.72000122070312,166.10000610351562,163.96920776367188,705700
2024-07-03,166.6199951171875,167.5,166.11000061035156,166.3000030517578,164.16665649414062,531300
2024-07-05,166.39999389648438,166.8300018310547,164.39999389648438,165.64999389648438,163.5249786376953,787800
2024-07-08,166.5500030517578,167.49000549316406,164.38999938964844,164.5,162.3897247314453,1903700
2024-07-09,165.00999450683594,165.61000061035156,163.88999938964844,164.1300048828125,162.02450561523438,1492700
2024-07-10,164.13999938964844,166.17999267578125,163.92999267578125,165.8699951171875,163.74215698242188,847600
2024-07-11,166.47000122070312,170.77000427246094,166.07000732421875,169.32000732421875,167.14791870117188,1099900
2024-07-12,170.6300048828125,172.1300048828125,169.05999755859375,169.52000427246094,167.34532165527344,874100
2024-07-15,169.60000610351562,172.97000122070312,169.1199951171875,172.11000061035156,169.902099609375,1259200
2024-07-16,173.02999877929688,177.0399932861328,172.50999450683594,176.00999450683594,173.75209045410156,1505500
2024-07-17,175.8000030517578,177.3699951171875,174.88999938964844,175.02999877929688,172.78466796875,1060200
2024-07-18,174.14999389648438,175.52000427246094,171.57000732421875,171.72999572753906,169.52700805664062,1031400
2024-07-19,173.02000427246094,173.02000427246094,169.1199951171875,169.16000366210938,166.98997497558594,887000
2024-07-22,170.8300018310547,173.11000061035156,169.50999450683594,172.97000122070312,170.75106811523438,782700
2024-07-23,172.16000366210938,173.42999267578125,171.7100067138672,171.8699951171875,169.66517639160156,814100
2024-07-24,171.13999938964844,171.22999572753906,166.8800048828125,166.9499969482422,164.8083038330078,925000
2024-07-25,167.2899932861328,171.61000061035156,166.55999755859375,168.52000427246094,166.35816955566406,725700
2024-07-26,170.6199951171875,174.02999877929688,169.92999267578125,172.27000427246094,170.06007385253906,864600
2024-07-29,172.1699981689453,173.22000122070312,171.55999755859375,171.89999389648438,169.69480895996094,882800
2024-07-30,172.72999572753906,174.57000732421875,170.9600067138672,172.35000610351562,170.1390380859375,878300
2024-07-31,174.5500030517578,175.97000122070312,173.1199951171875,173.47999572753906,171.25453186035156,1143800
2024-08-01,165.0,167.0,156.5399932861328,159.1300048828125,157.088623046875,4505900
2024-08-02,157.64999389648438,157.64999389648438,150.4600067138672,152.74000549316406,150.7805938720703,4082200
2024-08-05,150.5,156.64999389648438,149.02999877929688,154.69000244140625,152.70558166503906,3114100
2024-08-06,155.2100067138672,159.61000061035156,155.1199951171875,156.97999572753906,154.96620178222656,1820500
2024-08-07,158.3000030517578,160.25,156.24000549316406,156.8300018310547,154.81814575195312,2319300
2024-08-08,157.6999969482422,159.32000732421875,156.08999633789062,158.85000610351562,156.8122100830078,1666800
2024-08-09,158.82000732421875,160.88999938964844,156.97999572753906,159.52000427246094,157.4736328125,1812800
2024-08-12,160.77999877929688,162.57000732421875,159.94000244140625,160.75999450683594,158.6977081298828,2157300
2024-08-13,160.6300048828125,162.17999267578125,158.8699951171875,161.30999755859375,159.2406463623047,1282200
2024-08-14,161.16000366210938,162.9600067138672,160.77000427246094,161.47999572753906,159.40846252441406,1008100
2024-08-15,163.8300018310547,166.32000732421875,162.4600067138672,163.14999389648438,161.05703735351562,879900
2024-08-16,162.5,163.5399932861328,161.74000549316406,162.69000244140625,160.6029510498047,1039500
2024-08-19,162.9499969482422,164.80999755859375,162.72000122070312,164.6699981689453,162.5575408935547,938900
2024-08-20,164.83999633789062,165.86000061035156,164.38999938964844,164.86000061035156,162.74513244628906,1031500
2024-08-21,164.88999938964844,166.82000732421875,164.64999389648438,165.88999938964844,163.76190185546875,791400
2024-08-22,165.9499969482422,167.3699951171875,164.9600067138672,165.22000122070312,163.10049438476562,1060800
2024-08-23,165.9199981689453,167.91000366210938,165.50999450683594,167.38999938964844,165.24264526367188,999300
2024-08-26,168.17999267578125,169.5800018310547,166.85000610351562,168.32000732421875,166.16073608398438,635100
2024-08-27,168.07000732421875,168.47000122070312,167.19000244140625,167.97999572753906,165.82510375976562,686300
2024-08-28,169.0,170.86000061035156,167.5,168.58999633789062,166.42727661132812,831500
2024-08-29,169.77000427246094,170.8699951171875,168.72999572753906,169.3800048828125,167.2071533203125,856300
2024-08-30,169.97000122070312,171.3699951171875,168.89999389648438,171.0500030517578,168.855712890625,1235600
2024-09-03,170.25999450683594,171.11000061035156,165.97000122070312,166.67999267578125,164.54177856445312,1152600
2024-09-04,166.2100067138672,168.1999969482422,165.25999450683594,167.49000549316406,165.34140014648438,1107300
2024-09-05,166.8800048828125,167.72000122070312,164.47000122070312,165.14999389648438,163.03140258789062,1002100
2024-09-06,165.42999267578125,166.99000549316406,163.22000122070312,163.63999938964844,161.540771484375,835900
2024-09-09,165.19000244140625,165.5,163.5,164.3000030517578,162.19232177734375,1321600
2024-09-10,165.25,165.25,163.3300018310547,164.94000244140625,162.8240966796875,797900
2024-09-11,164.8300018310547,165.52000427246094,162.25,165.25999450683594,163.13998413085938,1553400
2024-09-12,165.19000244140625,167.83999633789062,163.88999938964844,166.88999938964844,164.7490692138672,1106500
2024-09-13,167.63999938964844,169.0800018310547,167.10000610351562,167.50999450683594,165.36114501953125,920600
2024-09-16,168.63999938964844,169.5399932861328,167.41000366210938,168.35000610351562,166.46864318847656,839600
2024-09-17,168.91000366210938,170.8800048828125,168.27000427246094,168.57000732421875,166.68614196777344,853100
2024-09-18,169.5,171.5500030517578,168.08999633789062,169.42999267578125,167.53652954101562,1211400
2024-09-19,172.6999969482422,172.6999969482422,169.92999267578125,172.25,170.3250274658203,866200
2024-09-20,171.27000427246094,171.38999938964844,170.02000427246094,171.10000610351562,169.18788146972656,1237500
2024-09-23,171.50999450683594,172.75,170.47000122070312,171.08999633789062,169.177978515625,641800
2024-09-24,171.69000244140625,171.69000244140625,169.82000732421875,170.5399932861328,168.6341094970703,1408900
2024-09-25,171.72999572753906,172.75999450683594,170.9199981689453,171.25,169.33619689941406,1672400
2024-09-26,173.0,173.5,170.77999877929688,171.97000122070312,170.04815673828125,1789000
2024-09-27,172.55999755859375,173.8699951171875,171.30999755859375,172.07000732421875,170.14703369140625,1183400
2024-09-30,171.6999969482422,172.3000030517578,169.5,171.7100067138672,169.79107666015625,1017900
2024-10-01,171.92999267578125,172.27000427246094,168.97999572753906,169.10000610351562,167.21023559570312,1869900
2024-10-02,168.4600067138672,169.3800048828125,167.2899932861328,168.1999969482422,166.32028198242188,2644500
2024-10-03,167.58999633789062,169.24000549316406,166.1699981689453,169.10000610351562,167.21023559570312,2126000
2024-10-04,170.80999755859375,170.92999267578125,168.77000427246094,170.11000061035156,168.2089385986328,718400
2024-10-07,166.24000549316406,167.7100067138672,165.38999938964844,166.5399932861328,164.67881774902344,1891200
2024-10-08,167.13999938964844,167.77000427246094,166.25999450683594,166.9199981689453,165.05459594726562,1127400
2024-10-09,167.69000244140625,169.0800018310547,167.3000030517578,168.82000732421875,166.93336486816406,887600
2024-10-10,167.6300048828125,169.14999389648438,166.9499969482422,168.89999389648438,167.012451171875,793700
2024-10-11,169.0399932861328,171.5800018310547,169.0399932861328,170.38999938964844,168.48580932617188,1171300
2024-10-14,170.75,171.7100067138672,170.22000122070312,171.57000732421875,169.6526336669922,2034200
2024-10-15,171.9600067138672,173.1199951171875,169.0399932861328,169.3800048828125,167.48712158203125,1160600
2024-10-16,169.3800048828125,170.3800048828125,168.8000030517578,169.7100067138672,167.8134002685547,1505400
2024-10-17,170.63999938964844,170.9199981689453,168.6300048828125,169.67999267578125,167.78375244140625,1223200
2024-10-18,170.2100067138672,170.72999572753906,168.8000030517578,169.39999389648438,167.50686645507812,719100
2024-10-21,169.94000244140625,170.63999938964844,168.75999450683594,169.36000061035156,167.4673309326172,858600
2024-10-22,168.4199981689453,168.8699951171875,167.08999633789062,168.3800048828125,166.498291015625,678200
2024-10-23,167.57000732421875,168.63999938964844,165.88999938964844,166.6699981689453,164.807373046875,772200
2024-10-24,166.80999755859375,167.58999633789062,165.4199981689453,166.5800018310547,164.7183837890625,1096700
2024-10-25,167.8300018310547,168.19000244140625,166.50999450683594,166.9600067138672,165.09413146972656,603900
2024-10-28,168.4600067138672,169.02999877929688,167.77000427246094,168.0500030517578,166.17198181152344,1044800
2024-10-29,167.3800048828125,168.32000732421875,165.74000549316406,167.49000549316406,165.6182403564453,915600
2024-10-30,167.11000061035156,168.9600067138672,166.64999389648438,168.91000366210938,167.0223388671875,1557600
2024-10-31,179.6199951171875,184.1699981689453,178.6999969482422,183.33999633789062,181.2910919189453,2562000
2024-11-01,182.61000061035156,183.47999572753906,177.9600067138672,178.42999267578125,176.4359588623047,1962500
2024-11-04,179.67999267578125,181.00999450683594,178.61000061035156,179.9199981689453,177.9093017578125,959800
2024-11-05,179.77000427246094,182.27999877929688,179.5800018310547,182.02000427246094,179.98585510253906,1227600
2024-11-06,188.69000244140625,192.1999969482422,187.47000122070312,190.32000732421875,188.19309997558594,2384100
2024-11-07,190.49000549316406,191.17999267578125,188.75,188.9499969482422,186.83840942382812,832300
2024-11-08,189.1300048828125,191.4499969482422,188.75999450683594,190.9199981689453,188.78636169433594,832900
2024-11-11,192.00999450683594,193.0399932861328,190.36000061035156,191.57000732421875,189.42913818359375,1228500
2024-11-12,192.0399932861328,194.27000427246094,190.67999267578125,194.0,191.8319549560547,1867600
2024-11-13,193.55999755859375,196.6999969482422,192.41000366210938,195.4199981689453,193.23606872558594,1429700
2024-11-14,193.91000366210938,195.42999267578125,192.00999450683594,193.75,191.58473205566406,1122300
2024-11-15,193.3000030517578,194.63999938964844,192.4600067138672,193.10000610351562,190.94203186035156,2148700
2024-11-18,193.2899932861328,193.32000732421875,192.1199951171875,193.24000549316406,191.08047485351562,818800
2024-11-19,191.10000610351562,193.5,191.0,193.4600067138672,191.29800415039062,1321000
2024-11-20,194.05999755859375,194.05999755859375,191.3000030517578,193.3300018310547,191.16943359375,1003300
2024-11-21,194.44000244140625,195.97000122070312,193.00999450683594,195.75999450683594,193.57225036621094,1136300
2024-11-22,195.9499969482422,197.8300018310547,194.5800018310547,197.3800048828125,195.1741943359375,1052800
2024-11-25,198.0,198.3300018310547,196.25999450683594,197.1199951171875,194.91708374023438,1526500
2024-11-26,197.14999389648438,197.14999389648438,195.19000244140625,197.02000427246094,194.81820678710938,1285000
2024-11-27,197.27999877929688,197.3800048828125,195.05999755859375,195.10000610351562,192.91966247558594,748500
2024-11-29,195.4499969482422,196.02000427246094,194.3800048828125,194.3800048828125,192.20770263671875,1098700
2024-12-02,195.4499969482422,196.39999389648438,194.3699951171875,195.55999755859375,193.37454223632812,1093100
2024-12-03,195.4499969482422,195.89999389648438,193.32000732421875,194.3300018310547,192.1582794189453,1717900
2024-12-04,193.9600067138672,195.50999450683594,193.44000244140625,195.0,192.82077026367188,890900
2024-12-05,195.0,196.14999389648438,193.72999572753906,193.9600067138672,191.79241943359375,1390700
2024-12-06,193.72000122070312,195.3800048828125,191.13999938964844,191.5399932861328,189.6732635498047,995700
2024-12-09,191.39999389648438,192.61000061035156,189.50999450683594,189.88999938964844,188.03936767578125,1027900
2024-12-10,190.00999450683594,190.8300018310547,187.6300048828125,188.60000610351562,186.76193237304688,1044300
2024-12-11,190.4199981689453,190.97000122070312,188.25,188.66000366210938,186.82135009765625,662600
2024-12-12,189.02000427246094,189.9199981689453,188.25,188.4499969482422,186.6133575439453,774300
2024-12-13,188.8000030517578,189.60000610351562,187.1999969482422,187.3800048828125,185.55380249023438,827100
2024-12-16,190.4600067138672,191.05999755859375,189.07000732421875,189.3800048828125,187.5343017578125,1122400
2024-12-17,189.77999877929688,190.44000244140625,186.32000732421875,186.7100067138672,184.89035034179688,1217200
2024-12-18,187.27999877929688,187.75999450683594,180.6300048828125,180.75999450683594,178.99830627441406,962400
2024-12-19,182.36000061035156,183.0500030517578,181.0399932861328,182.11000061035156,180.3351593017578,1423200
2024-12-20,182.1199951171875,184.4499969482422,181.38999938964844,183.36000061035156,181.57298278808594,2334800
2024-12-23,182.5800018310547,183.1300048828125,181.77000427246094,182.07000732421875,180.29554748535156,915500
2024-12-24,181.77000427246094,184.0500030517578,181.14999389648438,184.0500030517578,182.2562713623047,348900
2024-12-26,183.50999450683594,184.3300018310547,182.8000030517578,183.72000122070312,181.9294891357422,594000
2024-12-27,182.47999572753906,183.83999633789062,181.44000244140625,182.4499969482422,180.67185974121094,524000
2024-12-30,180.8000030517578,181.50999450683594,179.25999450683594,180.74000549316406,178.978515625,601800
2024-12-31,180.82000732421875,181.6999969482422,179.85000610351562,180.25999450683594,178.503173828125,589400
2025-01-02,181.9600067138672,181.9600067138672,177.91000366210938,178.3300018310547,176.59201049804688,713800
2025-01-03,178.52000427246094,180.1699981689453,177.57000732421875,179.57000732421875,177.81993103027344,540500
2025-01-06,180.5,181.6699981689453,178.82000732421875,179.42999267578125,177.6812744140625,1730800
2025-01-07,179.75999450683594,180.6199951171875,177.97000122070312,178.69000244140625,176.948486328125,480900
2025-01-08,177.36000061035156,178.57000732421875,176.25999450683594,178.4499969482422,176.71083068847656,645500
2025-01-10,176.24000549316406,177.7100067138672,175.36000061035156,176.14999389648438,174.43324279785156,1430900
2025-01-13,174.49000549316406,176.7100067138672,174.11000061035156,176.5,174.77984619140625,1007300
2025-01-14,177.89999389648438,180.47000122070312,177.02000427246094,179.14999389648438,177.4040069580078,735000
2025-01-15,181.83999633789062,181.83999633789062,179.1699981689453,180.05999755859375,178.30516052246094,683200
2025-01-16,182.0,182.92999267578125,180.2100067138672,180.86000061035156,179.09738159179688,1698900
2025-01-17,184.5,184.5,180.0800018310547,180.72999572753906,178.96859741210938,2612900
2025-01-21,182.2100067138672,185.08999633789062,180.83999633789062,184.6999969482422,182.89993286132812,2766000
2025-01-22,186.19000244140625,189.0,185.0,188.6999969482422,186.86094665527344,1832800
2025-01-23,189.0800018310547,191.17999267578125,187.8000030517578,190.42999267578125,188.5740966796875,1487900
2025-01-24,190.1999969482422,190.7100067138672,187.49000549316406,187.97999572753906,186.14794921875,1314200
2025-01-27,186.1199951171875,187.97999572753906,183.9199981689453,184.9499969482422,183.14749145507812,1177100
2025-01-28,183.92999267578125,184.49000549316406,181.69000244140625,182.88999938964844,181.10755920410156,1030000
2025-01-29,183.3699951171875,184.41000366210938,182.10000610351562,182.52000427246094,180.7411651611328,765000
2025-01-30,183.4600067138672,186.94000244140625,182.9499969482422,186.0,184.187255859375,1120300
2025-01-31,186.07000732421875,186.89999389648438,184.55999755859375,184.55999755859375,182.76129150390625,1117000
2025-02-03,180.61000061035156,184.97000122070312,180.07000732421875,184.1300048828125,182.33547973632812,2025700
2025-02-04,176.0,183.67999267578125,175.63999938964844,180.5,178.74085998535156,3000100
2025-02-05,182.3000030517578,182.4499969482422,178.69000244140625,180.22999572753906,178.47349548339844,2095300
2025-02-06,180.80999755859375,182.9600067138672,180.22999572753906,182.89999389648438,181.11746215820312,1226700
2025-02-07,184.94000244140625,186.39999389648438,182.89999389648438,184.50999450683594,182.7117919921875,1646800
2025-02-10,185.61000061035156,186.52999877929688,182.9600067138672,185.97000122070312,184.15756225585938,1226400
2025-02-11,185.25,186.1300048828125,182.9199981689453,185.32000732421875,183.51388549804688,1139600
2025-02-12,182.92999267578125,186.14999389648438,181.97999572753906,185.5,183.69215393066406,1394700
2025-02-13,185.5800018310547,186.22000122070312,183.74000549316406,184.42999267578125,182.63253784179688,855300
2025-02-14,184.11000061035156,185.0,182.69000244140625,183.5399932861328,181.75123596191406,1041800
2025-02-18,184.4600067138672,185.36000061035156,182.97000122070312,184.36000061035156,182.563232421875,1104800
2025-02-19,183.8000030517578,188.89999389648438,183.16000366210938,188.86000061035156,187.01939392089844,1104200
2025-02-20,188.86000061035156,189.2899932861328,187.50999450683594,188.77999877929688,186.94015502929688,1036200
2025-02-21,188.39999389648438,189.19000244140625,184.4600067138672,186.19000244140625,184.37539672851562,1202700
2025-02-24,186.11000061035156,187.82000732421875,184.50999450683594,185.77999877929688,183.96939086914062,1087500
2025-02-25,185.3800048828125,187.88999938964844,184.77000427246094,186.9499969482422,185.12799072265625,1483200
2025-02-26,187.85000610351562,190.1699981689453,187.22000122070312,188.17999267578125,186.34600830078125,1180300
2025-02-27,188.6999969482422,190.25,186.94000244140625,187.3300018310547,185.50428771972656,851400
2025-02-28,188.02999877929688,190.02999877929688,185.91000366210938,189.3000030517578,187.45509338378906,2096800
2025-03-03,190.1699981689453,191.8300018310547,185.60000610351562,186.5500030517578,184.7318878173828,1108200
2025-03-04,184.11000061035156,184.92999267578125,181.75,183.3300018310547,181.54327392578125,1605900
2025-03-05,183.80999755859375,185.75,183.02000427246094,185.0399932861328,183.2366180419922,2119200
2025-03-06,183.75999450683594,184.83999633789062,181.17999267578125,184.13999938964844,182.3453826904297,1436900
2025-03-07,182.99000549316406,184.5,180.97000122070312,183.99000549316406,182.19686889648438,1773300
2025-03-10,181.16000366210938,183.38999938964844,178.5800018310547,179.3699951171875,177.62188720703125,1814000
2025-03-11,179.69000244140625,179.88999938964844,176.67999267578125,178.86000061035156,177.11683654785156,1238500
2025-03-12,180.91000366210938,181.64999389648438,176.6199951171875,177.2100067138672,175.48292541503906,943500
2025-03-13,176.60000610351562,176.9600067138672,172.4199981689453,172.91000366210938,171.22483825683594,1721300
2025-03-14,175.41000366210938,176.44000244140625,173.17999267578125,176.13999938964844,174.73663330078125,1336200
2025-03-17,175.36000061035156,179.88999938964844,175.36000061035156,178.6300048828125,177.20680236816406,688200
2025-03-18,177.7899932861328,178.61000061035156,175.6199951171875,176.0800018310547,174.67709350585938,895200
2025-03-19,176.36000061035156,177.97999572753906,175.36000061035156,177.07000732421875,175.6592254638672,1052200
2025-03-20,175.67999267578125,177.39999389648438,175.0,175.92999267578125,174.52828979492188,864200
2025-03-21,174.44000244140625,175.64999389648438,172.67999267578125,174.52000427246094,173.12953186035156,1422600
2025-03-24,176.57000732421875,179.1999969482422,176.47999572753906,178.82000732421875,177.39529418945312,1676500
2025-03-25,179.49000549316406,180.0399932861328,177.94000244140625,179.6999969482422,178.26824951171875,1166300
2025-03-26,178.85000610351562,180.33999633789062,175.97000122070312,176.89999389648438,175.49057006835938,933800
2025-03-27,176.8000030517578,177.5,174.6699981689453,175.55999755859375,174.16123962402344,1586500
2025-03-28,174.88999938964844,175.77000427246094,170.02000427246094,170.38999938964844,169.03244018554688,1101500
2025-03-31,169.0,172.33999633789062,166.9499969482422,172.13999938964844,170.7684783935547,1498800
2025-04-01,171.74000549316406,173.0800018310547,170.1699981689453,171.88999938964844,170.5205078125,903200
2025-04-02,168.8699951171875,173.02000427246094,168.75999450683594,172.72000122070312,171.34388732910156,2488100
2025-04-03,166.91000366210938,167.52000427246094,161.02000427246094,161.49000549316406,160.203369140625,1873000
2025-04-04,156.41000366210938,156.99000549316406,151.13999938964844,152.66000366210938,151.44369506835938,2753000
2025-04-07,149.4499969482422,156.6300048828125,145.02000427246094,153.3300018310547,152.10838317871094,3049700
2025-04-08,157.25999450683594,157.58999633789062,148.72000122070312,151.41000366210938,150.2036590576172,2260000
2025-04-09,149.66000366210938,162.3699951171875,148.3000030517578,161.0,159.71725463867188,3174800
2025-04-10,157.7899932861328,159.47000122070312,153.47000122070312,157.4199981689453,156.16578674316406,1688900
2025-04-11,156.42999267578125,159.41000366210938,153.52999877929688,158.9499969482422,157.68357849121094,2007500
2025-04-14,160.9600067138672,162.72999572753906,159.58999633789062,161.36000061035156,160.07437133789062,1133500
2025-04-15,161.52000427246094,162.77000427246094,159.85000610351562,160.2100067138672,158.9335479736328,758200
2025-04-16,158.30999755859375,160.99000549316406,157.42999267578125,158.52000427246094,157.2570037841797,1070100
2025-04-17,159.60000610351562,160.52999877929688,157.4199981689453,157.80999755859375,156.55267333984375,1698800
2025-04-21,156.0,156.3300018310547,153.72999572753906,155.25,154.0130615234375,1075900
2025-04-22,155.5500030517578,159.83999633789062,155.5500030517578,159.64999389648438,158.3780059814453,1659200
2025-04-23,164.05999755859375,165.25,161.5,162.19000244140625,160.8977813720703,1755400
2025-04-24,162.1999969482422,167.6999969482422,162.19000244140625,167.24000549316406,165.9075469970703,1253400
2025-04-25,166.88999938964844,168.0,165.72000122070312,166.69000244140625,165.3619384765625,711100
2025-04-28,166.99000549316406,168.4499969482422,165.07000732421875,166.2899932861328,164.965087890625,955000
2025-04-29,166.17999267578125,168.88999938964844,165.74000549316406,167.8000030517578,166.46307373046875,948500
2025-04-30,166.72999572753906,169.77999877929688,164.85000610351562,169.5800018310547,168.22891235351562,1654600
2025-05-01,167.9199981689453,169.66000366210938,163.1999969482422,167.25999450683594,165.9273681640625,1861600
2025-05-02,169.83999633789062,170.74000549316406,169.25999450683594,170.07000732421875,168.7150115966797,1160300
2025-05-05,169.1199951171875,171.10000610351562,169.0,170.27000427246094,168.91339111328125,1476400
2025-05-06,168.9499969482422,170.1199951171875,167.75,167.85000610351562,166.51268005371094,777600
2025-05-07,169.19000244140625,170.4499969482422,168.49000549316406,169.7100067138672,168.3578643798828,840900
2025-05-08,170.66000366210938,173.72000122070312,170.47000122070312,171.57000732421875,170.2030487060547,1145000
2025-05-09,172.1999969482422,173.22000122070312,170.9499969482422,171.75,170.381591796875,1257900
2025-05-12,177.5800018310547,180.50999450683594,176.52000427246094,179.3800048828125,177.95082092285156,2214400
2025-05-13,179.97999572753906,182.3300018310547,179.97999572753906,180.5,179.06187438964844,1582700
2025-05-14,180.1699981689453,180.39999389648438,178.72000122070312,179.36000061035156,177.9309844970703,1254800
2025-05-15,179.22000122070312,180.75,178.7899932861328,180.2100067138672,178.77420043945312,1335200
2025-05-16,180.86000061035156,182.8800048828125,180.14999389648438,182.75,181.29396057128906,1167600
2025-05-19,180.92999267578125,182.44000244140625,180.92999267578125,181.8800048828125,180.43092346191406,949400
2025-05-20,180.4600067138672,181.38999938964844,180.30999755859375,180.8000030517578,179.3594970703125,832800
2025-05-21,179.42999267578125,180.0,177.25,177.67999267578125,176.2643585205078,1270600
2025-05-22,177.0,179.77000427246094,175.85000610351562,178.5399932861328,177.11749267578125,788900
2025-05-23,176.1300048828125,178.50999450683594,175.3800048828125,177.63999938964844,176.22467041015625,1108500
2025-05-27,179.7100067138672,180.97000122070312,178.0,180.80999755859375,179.36940002441406,1178400
2025-05-28,181.32000732421875,181.64999389648438,178.52999877929688,178.97000122070312,177.5440673828125,941800
2025-05-29,179.75,180.55999755859375,178.60000610351562,180.0399932861328,178.6055450439453,1269900
2025-05-30,180.0399932861328,180.44000244140625,177.8699951171875,178.74000549316406,177.31593322753906,2078700
2025-06-02,177.83999633789062,177.83999633789062,174.8800048828125,176.32000732421875,174.91519165039062,1220800
2025-06-03,176.22000122070312,177.88999938964844,175.61000061035156,177.7100067138672,176.29412841796875,2114800
2025-06-04,178.60000610351562,178.60000610351562,176.83999633789062,177.2100067138672,175.79811096191406,1106000
2025-06-05,178.10000610351562,178.58999633789062,175.97999572753906,176.92999267578125,175.52032470703125,1112300
2025-06-06,178.60000610351562,179.35000610351562,177.88999938964844,178.35000610351562,176.92901611328125,1041000
2025-06-09,178.75,179.5500030517578,178.05999755859375,178.63999938964844,177.21670532226562,877200
2025-06-10,178.80999755859375,180.0399932861328,178.07000732421875,179.8699951171875,178.43690490722656,1154900
2025-06-11,179.67999267578125,181.72999572753906,178.69000244140625,180.89999389648438,179.45870971679688,1843700
2025-06-12,178.91000366210938,180.39999389648438,178.42999267578125,179.97000122070312,178.53611755371094,1042200
2025-06-13,177.6999969482422,179.02000427246094,176.3699951171875,176.9600067138672,175.85301208496094,1261500
2025-06-16,178.7100067138672,179.17999267578125,177.52000427246094,178.6300048828125,177.5125732421875,1450000
2025-06-17,177.8300018310547,178.13999938964844,175.07000732421875,175.5500030517578,174.45181274414062,967900
2025-06-18,175.50999450683594,178.89999389648438,175.3699951171875,177.75999450683594,176.6479949951172,1332700
2025-06-20,179.58999633789062,179.82000732421875,176.22999572753906,176.69000244140625,175.584716796875,2794300
2025-06-23,176.17999267578125,177.47999572753906,174.47000122070312,177.27999877929688,176.1710205078125,1461300
2025-06-24,177.27999877929688,179.39999389648438,176.66000366210938,179.24000549316406,178.11875915527344,1523700
2025-06-25,179.0500030517578,179.1199951171875,176.88999938964844,178.0,176.88650512695312,1115900
2025-06-26,178.69000244140625,180.8300018310547,178.25999450683594,179.82000732421875,178.69512939453125,1075000
2025-06-27,180.44000244140625,181.47999572753906,179.6699981689453,180.52999877929688,179.40066528320312,1601300
2025-06-30,180.50999450683594,181.4600067138672,179.57000732421875,180.9600067138672,179.82797241210938,1600800
2025-07-01,180.17999267578125,183.97000122070312,179.50999450683594,183.05999755859375,181.9148406982422,1094500
2025-07-02,182.39999389648438,183.1300048828125,181.6199951171875,181.99000549316406,180.85153198242188,977700
2025-07-03,183.0,184.3699951171875,182.10000610351562,184.19000244140625,183.03778076171875,719300
2025-07-07,183.8300018310547,184.0399932861328,181.17999267578125,182.3699951171875,181.22915649414062,1558800
2025-07-08,182.1699981689453,183.1999969482422,180.8300018310547,181.3300018310547,180.1956787109375,1827300
2025-07-09,182.8300018310547,183.0800018310547,180.08999633789062,182.27999877929688,181.13970947265625,1168600
2025-07-10,182.2100067138672,183.67999267578125,181.1999969482422,181.44000244140625,180.3049774169922,1152400
2025-07-11,180.2899932861328,181.47999572753906,179.77999877929688,180.97000122070312,179.83790588378906,839400
2025-07-14,179.30999755859375,179.99000549316406,177.5800018310547,178.36000061035156,177.24424743652344,1420800
2025-07-15,179.35000610351562,179.35000610351562,176.3300018310547,176.44000244140625,175.3362579345703,1585200
2025-07-16,176.82000732421875,177.2899932861328,174.42999267578125,177.0500030517578,175.94244384765625,1717400
2025-07-17,177.22000122070312,179.83999633789062,176.69000244140625,179.6999969482422,178.57586669921875,1241100
2025-07-18,180.30999755859375,180.30999755859375,178.10000610351562,178.50999450683594,177.393310546875,1012000
2025-07-21,178.77999877929688,179.7899932861328,177.92999267578125,178.08999633789062,176.97592163085938,1676100
2025-07-22,177.6699981689453,179.32000732421875,177.25999450683594,179.1999969482422,178.07899475097656,1088800
2025-07-23,181.17999267578125,181.6699981689453,180.3300018310547,181.27999877929688,180.14598083496094,751300
2025-07-24,181.35000610351562,181.69000244140625,179.61000061035156,179.72000122070312,178.59573364257812,1545800
2025-07-25,179.9600067138672,180.77999877929688,179.02000427246094,180.08999633789062,178.96340942382812,1566200
2025-07-28,180.63999938964844,180.88999938964844,178.60000610351562,178.83999633789062,177.7212371826172,1394600
2025-07-29,179.35000610351562,179.99000549316406,178.10000610351562,178.9600067138672,177.8404998779297,1473200
2025-07-30,179.50999450683594,180.0800018310547,175.61000061035156,176.75999450683594,175.6542510986328,2286600
2025-07-31,180.97999572753906,189.1999969482422,180.89999389648438,184.85000610351562,183.69363403320312,3163300
2025-08-01,183.02000427246094,184.1300048828125,179.89999389648438,182.36000061035156,181.21922302246094,1725000
2025-08-04,183.4499969482422,185.0399932861328,183.02000427246094,184.49000549316406,183.33590698242188,1959800
2025-08-05,187.80999755859375,190.0,184.25999450683594,184.9499969482422,183.7930145263672,1919800
2025-08-06,184.72000122070312,186.30999755859375,184.0800018310547,185.47000122070312,184.30975341796875,1157400
2025-08-07,187.63999938964844,188.11000061035156,181.8300018310547,182.24000549316406,181.0999755859375,1088300
2025-08-08,183.57000732421875,183.6999969482422,181.52000427246094,182.0800018310547,180.9409942626953,814800
2025-08-11,182.35000610351562,183.10000610351562,181.6199951171875,182.52000427246094,181.3782196044922,810200
2025-08-12,183.0,185.02000427246094,182.10000610351562,184.94000244140625,183.7830810546875,1050800
2025-08-13,185.3300018310547,187.08999633789062,183.77999877929688,186.91000366210938,185.74075317382812,1139700
2025-08-14,185.9499969482422,186.77999877929688,183.9600067138672,184.77999877929688,183.62408447265625,845700
2025-08-15,185.61000061035156,185.61000061035156,181.1699981689453,181.36000061035156,180.22549438476562,1556600
2025-08-18,181.8300018310547,183.07000732421875,181.1300048828125,182.6199951171875,181.47760009765625,1757100
2025-08-19,183.35000610351562,185.3800048828125,182.97999572753906,185.1999969482422,184.0414581298828,1073200
2025-08-20,184.8000030517578,185.55999755859375,183.0800018310547,183.33999633789062,182.19308471679688,874100
2025-08-21,182.55999755859375,184.25999450683594,181.72000122070312,183.44000244140625,182.29246520996094,1030400
2025-08-22,184.33999633789062,188.0,183.86000061035156,186.9499969482422,185.780517578125,970400
2025-08-25,187.3000030517578,187.80999755859375,184.80999755859375,185.57000732421875,184.40914916992188,962300
2025-08-26,185.11000061035156,186.82000732421875,184.47000122070312,186.77999877929688,185.611572265625,1922000
2025-08-27,186.3699951171875,187.60000610351562,185.6999969482422,186.5500030517578,185.38302612304688,1061900
2025-08-28,187.88999938964844,187.88999938964844,186.25999450683594,186.72999572753906,185.5618896484375,846500
2025-08-29,186.4199981689453,187.5399932861328,184.47999572753906,184.8000030517578,183.64395141601562,809700
2025-09-02,183.9499969482422,184.82000732421875,182.5,184.80999755859375,183.6538848876953,948100
2025-09-03,183.9600067138672,184.74000549316406,182.25999450683594,184.35000610351562,183.19677734375,892000
2025-09-04,184.3300018310547,187.8800048828125,183.61000061035156,187.8699951171875,186.6947479248047,1105700
2025-09-05,188.97000122070312,189.3000030517578,185.72999572753906,187.4499969482422,186.27737426757812,1064300
2025-09-08,187.6300048828125,188.75999450683594,186.0,188.6699981689453,187.48974609375,1635400
2025-09-09,188.14999389648438,188.6699981689453,185.80999755859375,187.47999572753906,186.30718994140625,937900
2025-09-10,186.58999633789062,189.16000366210938,186.19000244140625,187.41000366210938,186.2376251220703,880100
2025-09-11,187.82000732421875,192.3300018310547,187.60000610351562,192.02999877929688,190.8287353515625,1119200
2025-09-12,191.00999450683594,191.89999389648438,189.75999450683594,189.92999267578125,188.74188232421875,813100
2025-09-15,189.9199981689453,190.5800018310547,187.63999938964844,189.55999755859375,188.68214416503906,925600
2025-09-16,189.42999267578125,189.9499969482422,186.38999938964844,187.27000427246094,186.4027557373047,1060900
2025-09-17,188.1699981689453,188.94000244140625,185.55999755859375,186.25,185.38746643066406,1400300
2025-09-18,187.30999755859375,189.74000549316406,186.5399932861328,188.6999969482422,187.82611083984375,1551900
2025-09-19,189.38999938964844,189.4499969482422,187.3000030517578,187.8699951171875,186.99996948242188,1570700
2025-09-22,187.64999389648438,189.11000061035156,186.88999938964844,188.4499969482422,187.57728576660156,748400
2025-09-23,188.6699981689453,190.0,186.16000366210938,186.67999267578125,185.8154754638672,1474500
2025-09-24,187.00999450683594,187.61000061035156,185.63999938964844,186.1699981689453,185.30783081054688,1199100
2025-09-25,185.1699981689453,185.8699951171875,183.67999267578125,184.38999938964844,183.53607177734375,1112800
2025-09-26,184.9600067138672,186.75,184.16000366210938,186.3800048828125,185.51686096191406,783000
2025-09-29,187.72999572753906,189.17999267578125,186.10000610351562,186.8699951171875,186.00457763671875,1299900
2025-09-30,186.77999877929688,189.00999450683594,186.61000061035156,188.0,187.12936401367188,1836100
2025-10-01,186.8800048828125,189.07000732421875,186.74000549316406,187.44000244140625,186.57196044921875,849300
2025-10-02,187.5399932861328,188.7899932861328,185.4600067138672,186.1300048828125,185.26803588867188,1050800
2025-10-03,186.36000061035156,186.82000732421875,183.55999755859375,183.75,182.89906311035156,1874800
2025-10-06,187.0,187.08999633789062,182.4199981689453,182.99000549316406,182.14256286621094,1360100
2025-10-07,183.97999572753906,183.97999572753906,181.25,181.4199981689453,180.579833984375,1283200
2025-10-08,182.60000610351562,183.3300018310547,180.5,183.19000244140625,182.34164428710938,1359100
2025-10-09,183.89999389648438,184.86000061035156,181.77999877929688,183.30999755859375,182.46107482910156,1051500
2025-10-10,184.0399932861328,185.72999572753906,179.24000549316406,179.27999877929688,178.4497528076172,961600
2025-10-13,180.13999938964844,183.05999755859375,179.7899932861328,182.24000549316406,181.3960418701172,900700
2025-10-14,180.69000244140625,186.72999572753906,180.16000366210938,185.77999877929688,184.91964721679688,1439100
2025-10-15,187.50999450683594,188.1699981689453,183.57000732421875,185.77999877929688,184.91964721679688,1181400
2025-10-16,186.44000244140625,186.82000732421875,183.64999389648438,184.49000549316406,183.6356201171875,781700
2025-10-17,184.14999389648438,186.08999633789062,183.07000732421875,185.47000122070312,184.611083984375,1079700
2025-10-20,186.97000122070312,188.0,186.0,187.38999938964844,186.5221710205078,767500
2025-10-21,187.0,189.33999633789062,186.66000366210938,188.3000030517578,187.427978515625,691300
2025-10-22,188.83999633789062,189.25999450683594,184.88999938964844,184.94000244140625,184.0835418701172,781200
2025-10-23,185.60000610351562,189.77000427246094,185.30999755859375,189.1999969482422,188.32379150390625,1066800
2025-10-24,189.9499969482422,189.9499969482422,186.3800048828125,187.13999938964844,186.27334594726562,1386500
2025-10-27,187.3800048828125,188.4600067138672,185.82000732421875,186.75,185.88516235351562,1106800
2025-10-28,186.72999572753906,187.0,184.05999755859375,185.10000610351562,184.2427978515625,1595700
2025-10-29,185.05999755859375,187.13999938964844,182.8699951171875,184.19000244140625,183.33702087402344,2201800
2025-10-30,196.1699981689453,200.4199981689453,192.27000427246094,198.32000732421875,197.40158081054688,3522800
2025-10-31,198.77000427246094,204.14999389648438,197.77000427246094,202.11000061035156,201.1740264892578,2816600
2025-11-03,201.66000366210938,202.42999267578125,197.05999755859375,198.7100067138672,197.78977966308594,1551800
2025-11-04,196.99000549316406,198.47000122070312,196.39999389648438,198.05999755859375,197.1427764892578,939500
2025-11-05,198.02000427246094,199.80999755859375,197.00999450683594,198.05999755859375,197.1427764892578,1147000
2025-11-06,197.6699981689453,198.72999572753906,195.80999755859375,197.25,196.33653259277344,1084900
2025-11-07,196.67999267578125,197.00999450683594,193.97999572753906,196.2899932861328,195.3809814453125,1417400
2025-11-10,196.6999969482422,198.60000610351562,195.0,198.00999450683594,197.09300231933594,1306900
2025-11-11,197.66000366210938,198.14999389648438,194.4499969482422,197.63999938964844,196.72471618652344,1079200
2025-11-12,198.39999389648438,200.7100067138672,196.6300048828125,196.7899932861328,195.878662109375,1482100
2025-11-13,196.4199981689453,197.27999877929688,193.47000122070312,194.14999389648438,193.25086975097656,1524900
2025-11-14,193.0,194.75999450683594,192.14999389648438,193.36000061035156,192.4645538330078,1731100
2025-11-17,193.88999938964844,195.64999389648438,190.69000244140625,191.19000244140625,190.30459594726562,1656400
2025-11-18,191.00999450683594,191.47999572753906,188.82000732421875,189.89999389648438,189.02056884765625,1619700
2025-11-19,189.6199951171875,192.44000244140625,188.47000122070312,191.57000732421875,190.68284606933594,1420100
2025-11-20,193.88999938964844,194.91000366210938,189.05999755859375,190.02000427246094,189.1400146484375,1619600
2025-11-21,190.41000366210938,196.0,190.25,195.02000427246094,194.1168670654297,1605800
2025-11-24,194.74000549316406,195.99000549316406,194.00999450683594,195.22000122070312,194.31591796875,2272600
2025-11-25,196.55999755859375,198.11000061035156,194.5,197.22000122070312,196.30667114257812,1219800
2025-11-26,196.9499969482422,197.89999389648438,196.25,196.27999877929688,195.37103271484375,1677900
2025-11-28,196.4199981689453,198.52999877929688,196.10000610351562,197.88999938964844,196.97357177734375,905200
2025-12-01,196.4600067138672,198.27000427246094,195.57000732421875,195.61000061035156,194.70411682128906,1319300
2025-12-02,196.17999267578125,198.27000427246094,195.3000030517578,197.2899932861328,196.3763427734375,1266500
2025-12-03,196.86000061035156,199.36000061035156,195.67999267578125,199.22000122070312,198.2974090576172,960600
2025-12-04,199.1300048828125,200.8800048828125,198.33999633789062,199.22000122070312,198.2974090576172,1029700
2025-12-05,199.0399932861328,201.38999938964844,198.32000732421875,199.8000030517578,199.18466186523438,1562400
2025-12-08,199.2899932861328,201.08999633789062,198.64999389648438,199.25999450683594,198.6463165283203,1072900
2025-12-09,199.42999267578125,199.42999267578125,195.82000732421875,195.97000122070312,195.366455078125,1006000
2025-12-10,196.50999450683594,201.8000030517578,196.0800018310547,200.66000366210938,200.04202270507812,1645500
2025-12-11,200.6199951171875,204.24000549316406,199.8699951171875,203.83999633789062,203.21221923828125,1994800
2025-12-12,204.22000122070312,204.42999267578125,200.6199951171875,201.74000549316406,201.1186981201172,1489900
2025-12-15,201.7100067138672,203.38999938964844,201.3000030517578,203.19000244140625,202.56422424316406,1611300
2025-12-16,202.8000030517578,203.77999877929688,200.8300018310547,201.77999877929688,201.1585693359375,1533600
2025-12-17,200.47999572753906,202.1999969482422,199.07000732421875,199.89999389648438,199.2843475341797,1783200
2025-12-18,201.35000610351562,202.82000732421875,199.99000549316406,201.9600067138672,201.3380126953125,1799500
2025-12-19,203.1699981689453,203.57000732421875,201.75,203.2899932861328,202.66390991210938,3791500
2025-12-22,203.61000061035156,206.3699951171875,203.02999877929688,206.22999572753906,205.5948486328125,1212100
2025-12-23,208.0,210.13999938964844,207.0,208.55999755859375,207.9176788330078,1421200
2025-12-24,209.02999877929688,209.3300018310547,207.99000549316406,208.27999877929688,207.63853454589844,425100
2025-12-26,207.9199981689453,208.49000549316406,207.36000061035156,208.4499969482422,207.8080291748047,498000
2025-12-29,208.30999755859375,208.97999572753906,207.41000366210938,208.69000244140625,208.0472869873047,1081200
2025-12-30,208.0,208.89999389648438,206.91000366210938,207.02999877929688,206.39239501953125,728800
2025-12-31,206.80999755859375,207.8699951171875,205.10000610351562,205.30999755859375,204.6776885986328,810400
2026-01-02,206.0,209.27999877929688,205.10000610351562,209.13999938964844,208.4958953857422,879400
2026-01-05,208.1699981689453,212.63999938964844,208.1300048828125,211.30999755859375,210.65921020507812,1075400
2026-01-06,210.44000244140625,214.60000610351562,208.9499969482422,214.16000366210938,213.50042724609375,1159300
2026-01-07,213.89999389648438,214.4499969482422,210.66000366210938,211.17999267578125,210.52960205078125,1201200
2026-01-08,211.1699981689453,213.5,209.72999572753906,210.0399932861328,209.3931121826172,1222900
2026-01-09,210.0399932861328,211.85000610351562,209.2899932861328,210.63999938964844,209.99127197265625,860900
2026-01-12,209.9199981689453,211.75,208.91000366210938,209.75999450683594,209.11398315429688,1236300
2026-01-13,210.32000732421875,211.7899932861328,209.07000732421875,211.72999572753906,211.07791137695312,1039900
2026-01-14,211.42999267578125,212.14999389648438,209.27000427246094,211.1199951171875,210.46978759765625,916100
2026-01-15,213.41000366210938,215.36000061035156,211.63999938964844,215.02000427246094,214.3577880859375,1093100
2026-01-16,214.94000244140625,215.85000610351562,213.05999755859375,215.64999389648438,214.98583984375,1318600
2026-01-20,213.1199951171875,215.39999389648438,210.77999877929688,213.13999938964844,212.4835662841797,1220100
2026-01-21,216.36000061035156,221.35000610351562,215.41000366210938,220.4199981689453,219.74114990234375,1969500
2026-01-22,222.13999938964844,223.7899932861328,220.72999572753906,221.9199981689453,221.2365264892578,1955500
2026-01-23,223.91000366210938,224.3699951171875,219.63999938964844,220.74000549316406,220.0601806640625,2177900
2026-01-26,220.60000610351562,221.22999572753906,218.25999450683594,219.8000030517578,219.12307739257812,1103600
2026-01-27,218.16000366210938,220.74000549316406,217.4499969482422,220.55999755859375,219.88072204589844,856100
2026-01-28,219.49000549316406,224.3699951171875,219.0800018310547,222.49000549316406,221.80477905273438,1261700
2026-01-29,223.9499969482422,226.67999267578125,223.4199981689453,226.6199951171875,225.92205810546875,1286500
2026-01-30,225.8699951171875,227.7899932861328,222.57000732421875,223.97999572753906,223.29017639160156,1294000
2026-02-02,223.05999755859375,229.02999877929688,222.47000122070312,227.72000122070312,227.0186767578125,2252300
2026-02-03,224.7899932861328,233.1699981689453,223.3800048828125,228.9199981689453,228.2149658203125,3044400
2026-02-04,231.52000427246094,234.55999755859375,225.67999267578125,227.8300018310547,227.12832641601562,2630000
2026-02-05,226.58999633789062,230.75999450683594,226.1999969482422,229.7899932861328,229.08229064941406,1741600
2026-02-06,232.1199951171875,233.55999755859375,230.0,231.91000366210938,231.19578552246094,1169300
2026-02-09,231.1699981689453,234.4600067138672,230.85000610351562,233.41000366210938,232.691162109375,834100
2026-02-10,234.11000061035156,235.72999572753906,232.75,233.11000061035156,232.39207458496094,1089800
2026-02-11,233.0,237.17999267578125,233.0,235.2899932861328,234.56533813476562,1145900
2026-02-12,238.19000244140625,239.94000244140625,228.5800018310547,228.69000244140625,227.98568725585938,1812400
2026-02-13,227.67999267578125,230.9600067138672,225.97000122070312,229.75999450683594,229.05238342285156,1284000
2026-02-17,228.7100067138672,234.19000244140625,228.58999633789062,233.3300018310547,232.61138916015625,1035700
2026-02-18,233.41000366210938,235.50999450683594,232.7100067138672,234.30999755859375,233.58836364746094,955500
2026-02-19,233.22999572753906,235.61000061035156,231.97999572753906,232.75,232.03317260742188,1128400
2026-02-20,231.88999938964844,234.27999877929688,230.32000732421875,233.50999450683594,232.79083251953125,1466500
2026-02-23,233.10000610351562,233.72999572753906,228.80999755859375,231.4499969482422,230.7371826171875,999700
2026-02-24,231.92999267578125,236.8800048828125,231.9199981689453,236.83999633789062,236.11058044433594,965100
2026-02-25,236.17999267578125,237.41000366210938,232.13999938964844,233.02000427246094,232.30235290527344,995000
2026-02-26,234.72999572753906,237.02999877929688,232.0800018310547,236.9600067138672,236.230224609375,1105100
2026-02-27,235.32000732421875,239.24000549316406,233.8800048828125,239.22000122070312,238.48324584960938,1571700
2026-03-02,236.33999633789062,242.0500030517578,234.9600067138672,241.4600067138672,240.7163543701172,1171500
2026-03-03,236.94000244140625,238.33999633789062,231.85000610351562,235.25,234.52548217773438,2132700
2026-03-04,236.44000244140625,237.08999633789062,233.0800018310547,234.75,234.0270233154297,1689700
2026-03-05,231.39999389648438,232.83999633789062,224.66000366210938,226.83999633789062,226.14137268066406,3562300
2026-03-06,223.3300018310547,225.00999450683594,220.67999267578125,221.97999572753906,221.2963409423828,1568300
2026-03-09,219.91000366210938,225.67999267578125,217.52000427246094,225.07000732421875,224.37684631347656,1731300
2026-03-10,225.0399932861328,229.00999450683594,224.52999877929688,226.3000030517578,225.60304260253906,1509500
2026-03-11,225.07000732421875,226.85000610351562,222.61000061035156,224.3000030517578,223.6092071533203,1320900
2026-03-12,223.72999572753906,224.3000030517578,215.22999572753906,215.57000732421875,214.90609741210938,1738500
2026-03-13,217.2899932861328,218.16000366210938,213.5,214.49000549316406,213.8294219970703,1178000
2026-03-16,216.61000061035156,217.02000427246094,213.49000549316406,214.50999450683594,214.18887329101562,1695200
2026-03-17,215.63999938964844,216.69000244140625,211.41000366210938,215.55999755859375,215.2373046875,1220600
2026-03-18,214.99000549316406,215.55999755859375,212.0,212.77000427246094,212.45147705078125,1172100
2026-03-19,210.6199951171875,212.91000366210938,209.3300018310547,211.5,211.18338012695312,1755900
2026-03-20,212.25,213.80999755859375,208.25999450683594,209.3699951171875,209.0565643310547,2249200
2026-03-23,214.6999969482422,216.9600067138672,212.55999755859375,212.80999755859375,212.4914093017578,1358000
2026-03-24,210.17999267578125,217.67999267578125,209.58999633789062,216.97999572753906,216.65516662597656,883700
2026-03-25,219.36000061035156,220.7100067138672,215.10000610351562,215.3300018310547,215.0076446533203,1281000
2026-03-26,212.66000366210938,215.77000427246094,210.8300018310547,211.47000122070312,211.15342712402344,1179800
2026-03-27,210.9199981689453,212.25999450683594,208.75,209.24000549316406,208.92677307128906,833400
2026-03-30,211.58999633789062,211.91000366210938,207.32000732421875,208.3699951171875,208.0580596923828,1032400
2026-03-31,211.5800018310547,215.89999389648438,209.58999633789062,214.36000061035156,214.03909301757812,1219500
2026-04-01,216.88999938964844,221.0800018310547,216.0,218.6300048828125,218.30270385742188,1184800
2026-04-02,213.30999755859375,219.49000549316406,212.47000122070312,218.2899932861328,217.9632110595703,776400
2026-04-06,218.3800048828125,218.49000549316406,216.17999267578125,218.4199981689453,218.093017578125,602100
2026-04-07,217.24000549316406,219.25999450683594,215.27000427246094,217.75,217.4240264892578,1185600
2026-04-08,225.10000610351562,231.89999389648438,224.2100067138672,230.49000549316406,230.14495849609375,1576700
2026-04-09,229.11000061035156,234.3300018310547,228.6699981689453,233.49000549316406,233.1404571533203,1167600
2026-04-10,233.66000366210938,236.17999267578125,232.25,234.91000366210938,234.55833435058594,966400
2026-04-13,234.50999450683594,235.0,231.44000244140625,234.47000122070312,234.11898803710938,963800
2026-04-14,234.3300018310547,236.0,231.86000061035156,234.36000061035156,234.0091552734375,1003800
2026-04-15,233.25,234.39999389648438,228.02000427246094,230.10000610351562,229.7555389404297,1001800
2026-04-16,229.36000061035156,232.1999969482422,227.9499969482422,230.24000549316406,229.89532470703125,866500
2026-04-17,232.7100067138672,238.39999389648438,231.1999969482422,236.25999450683594,235.90631103515625,1181900
2026-04-20,235.91000366210938,237.61000061035156,235.39999389648438,236.82000732421875,236.46548461914062,626000
2026-04-21,236.3300018310547,237.57000732421875,232.97000122070312,233.5399932861328,233.1903839111328,645200
2026-04-22,235.6699981689453,235.9600067138672,230.10000610351562,230.4600067138672,230.11500549316406,829800
2026-04-23,231.97999572753906,236.33999633789062,231.94000244140625,235.0,234.648193359375,872100
2026-04-24,234.27000427246094,234.33999633789062,231.89999389648438,232.9499969482422,232.60125732421875,904900
2026-04-27,233.24000549316406,234.5,230.89999389648438,232.97000122070312,232.62123107910156,844000
2026-04-28,232.82000732421875,235.25,224.00999450683594,228.9499969482422,228.6072540283203,1671600
2026-04-29,229.67999267578125,231.0500030517578,226.38999938964844,227.8699951171875,227.52886962890625,1806800
2026-04-30,242.0,242.0,232.0,235.5,235.14744567871094,3362300
2026-05-01,235.8000030517578,235.8000030517578,229.05999755859375,230.47999572753906,230.1349639892578,1989300
2026-05-04,229.85000610351562,232.22000122070312,228.66000366210938,230.42999267578125,230.0850372314453,1001300
2026-05-05,233.0800018310547,237.0,231.97000122070312,234.5399932861328,234.18887329101562,1350800
2026-05-06,239.0,243.17999267578125,236.3699951171875,241.3800048828125,241.01864624023438,1842700
2026-05-07,239.8699951171875,240.38999938964844,233.86000061035156,234.72999572753906,234.37860107421875,1136600
2026-05-08,236.85000610351562,238.49000549316406,231.7100067138672,232.39999389648438,232.0520782470703,1267600
2026-05-11,232.97000122070312,234.00999450683594,231.1199951171875,232.16000366210938,231.8124542236328,1250500
2026-05-12,232.02999877929688,233.19000244140625,229.4600067138672,231.1999969482422,230.8538818359375,2285100
2026-05-13,232.67999267578125,234.24000549316406,229.9600067138672,231.4199981689453,231.0735626220703,1097500
2026-05-14,233.22999572753906,233.22999572753906,230.42999267578125,232.13999938964844,231.79248046875,981100
2026-05-15,229.5,230.44000244140625,226.88999938964844,227.89999389648438,227.55882263183594,1033400
2026-05-18,227.27999877929688,227.94000244140625,225.14999389648438,225.66000366210938,225.3221893310547,1015800
2026-05-19,222.00999450683594,223.52999877929688,220.0,221.27999877929688,220.94873046875,1003600
2026-05-20,222.4199981689453,224.82000732421875,220.50999450683594,224.7100067138672,224.3736114501953,1103100
2026-05-21,223.39999389648438,224.7100067138672,221.00999450683594,223.1699981689453,222.83590698242188,1046800
2026-05-22,224.52000427246094,225.5800018310547,221.67999267578125,224.52000427246094,224.1838836669922,891700
2026-05-26,225.9499969482422,230.3699951171875,224.25,229.44000244140625,229.09652709960938,1143000
2026-05-27,228.80999755859375,228.99000549316406,226.24000549316406,226.3800048828125,226.04110717773438,1102400
2026-05-28,224.44000244140625,226.16000366210938,221.4199981689453,225.4499969482422,225.11248779296875,1327900
2026-05-29,225.00999450683594,227.3000030517578,223.13999938964844,225.85000610351562,225.51190185546875,2103100
2026-06-01,222.58999633789062,224.72000122070312,220.10000610351562,223.36000061035156,223.02561950683594,1186300
2026-06-02,225.19000244140625,228.38999938964844,224.52999877929688,227.72999572753906,227.3890838623047,927600
2026-06-03,228.11000061035156,230.4199981689453,226.1699981689453,228.22999572753906,227.88832092285156,874800
2026-06-04,228.7100067138672,230.3800048828125,228.0,228.75999450683594,228.4175262451172,975900
2026-06-05,228.0,228.8800048828125,225.60000610351562,226.5500030517578,226.21084594726562,999600
2026-06-08,228.27000427246094,228.57000732421875,225.5,225.9499969482422,225.6117401123047,1412100
2026-06-09,228.02000427246094,231.92999267578125,225.5399932861328,229.8000030517578,229.4559783935547,1459500
2026-06-10,228.52999877929688,229.1199951171875,221.0,221.77999877929688,221.44798278808594,912800
2026-06-11,224.11000061035156,227.17999267578125,222.38999938964844,226.2100067138672,225.87136840820312,1166400
2026-06-12,228.33999633789062,229.14999389648438,225.38999938964844,227.1199951171875,226.7799835205078,1422100
2026-06-15,229.2100067138672,232.97000122070312,229.14999389648438,230.4499969482422,230.4499969482422,1676800
2026-06-16,232.08999633789062,234.0800018310547,231.4600067138672,231.89999389648438,231.89999389648438,906500
2026-06-17,232.52999877929688,235.52999877929688,230.52999877929688,231.27000427246094,231.27000427246094,1129900
2026-06-18,234.0,238.6699981689453,234.0,237.4199981689453,237.4199981689453,2439200
2026-06-22,238.67999267578125,241.6199951171875,237.67999267578125,241.5500030517578,241.5500030517578,1939300
2026-06-23,237.6300048828125,237.6300048828125,233.39999389648438,234.0800018310547,234.0800018310547,1273100
2026-06-24,233.8699951171875,239.80999755859375,233.75999450683594,235.3800048828125,235.3800048828125,1327800
2026-06-25,236.7100067138672,244.7100067138672,236.10000610351562,240.9499969482422,240.9499969482422,1218600
2026-06-26,239.72999572753906,239.72999572753906,235.77000427246094,237.52000427246094,237.52000427246094,1477800
2026-06-29,236.32000732421875,239.0800018310547,235.4600067138672,237.72000122070312,237.72000122070312,772400
2026-06-30,239.5,243.1999969482422,238.2899932861328,241.94000244140625,241.94000244140625,1048500
2026-07-01,241.32000732421875,243.6300048828125,237.02000427246094,237.1300048828125,237.1300048828125,994000
2026-07-02,238.32000732421875,239.91000366210938,231.25999450683594,234.6199951171875,234.6199951171875,1041700
2026-07-06,234.97000122070312,238.57000732421875,234.97000122070312,237.13999938964844,237.13999938964844,847000
2026-07-07,235.27999877929688,237.25999450683594,230.08999633789062,231.6999969482422,231.6999969482422,1135300
2026-07-08,228.4600067138672,231.7100067138672,226.50999450683594,231.33999633789062,231.33999633789062,1129400
2026-07-09,234.1699981689453,235.80999755859375,232.3800048828125,232.99000549316406,232.99000549316406,602400
2026-07-10,234.13999938964844,235.97999572753906,232.72000122070312,233.97999572753906,233.97999572753906,639700
2026-07-13,233.00999450683594,234.3800048828125,230.1699981689453,232.10000610351562,232.10000610351562,879200
2026-07-14,235.44000244140625,236.1199951171875,231.9600067138672,233.9600067138672,233.9600067138672,617100
2026-07-15,235.0,235.27999877929688,231.02000427246094,233.52000427246094,233.52000427246094,842500
2026-07-16,231.07000732421875,237.66000366210938,230.35000610351562,237.3000030517578,237.3000030517578,1159800
2026-07-17,230.8000030517578,237.99000549316406,229.88999938964844,237.0,237.0,1162700
2026-07-20,237.9499969482422,238.9600067138672,233.4499969482422,235.2100067138672,235.2100067138672,1177900
2026-07-21,237.0800018310547,239.4199981689453,233.97000122070312,237.75999450683594,237.75999450683594,1215800
2026-07-22,236.72000122070312,239.75999450683594,236.72000122070312,237.08999633789062,237.08999633789062,855100
2026-07-23,236.0,241.75999450683594,236.0,241.13999938964844,241.13999938964844,1049100
2026-07-24,242.02999877929688,243.64999389648438,240.5399932861328,241.97000122070312,241.97000122070312,1091400
2026-07-27,242.92999267578125,243.97000122070312,238.10000610351562,243.1199951171875,243.1199951171875,1016900
2026-07-28,242.38999938964844,244.16000366210938,239.92999267578125,241.42999267578125,241.42999267578125,1352600
2026-07-29,238.3699951171875,240.8000030517578,233.99000549316406,235.25,235.25,1518600
2026-07-30,240.44000244140625,240.44000244140625,235.9499969482422,240.00999450683594,240.00999450683594,1071000
2026-07-31,243.52999877929688,244.97000122070312,240.61000061035156,241.7100067138672,241.7100067138672,1051300
2026-08-03,241.60000610351562,244.7100067138672,240.2100067138672,243.77000427246094,243.77000427246094,1676200
2026-08-04,256.0,257.3999938964844,244.02000427246094,254.0500030517578,254.0500030517578,2617200
2026-08-05,254.4199981689453,257.95001220703125,252.8000030517578,254.75999450683594,254.75999450683594,1274900
2026-08-06,255.74000549316406,257.3800048828125,250.0,251.3800048828125,251.3800048828125,1078900
2026-08-07,252.9600067138672,254.80999755859375,251.49000549316406,253.66000366210938,253.66000366210938,1001500
2026-08-10,255.25999450683594,256.8900146484375,252.33999633789062,252.8800048828125,252.8800048828125,999100
2026-08-11,253.0500030517578,257.8699951171875,252.69000244140625,256.29998779296875,256.29998779296875,824400
2026-08-12,258.95001220703125,259.989990234375,256.5899963378906,258.5199890136719,258.5199890136719,1322100
2026-08-13,260.30999755859375,261.1600036621094,255.7100067138672,256.2200012207031,256.2200012207031,655800
2026-08-14,255.39999389648438,257.7200012207031,254.27000427246094,254.7899932861328,254.7899932861328,1577100
2026-08-17,253.74000549316406,257.0799865722656,252.8699951171875,254.1699981689453,254.1699981689453,1932000
2026-08-18,252.5399932861328,253.52999877929688,248.92999267578125,249.99000549316406,249.99000549316406,1545400
2026-08-19,252.3699951171875,252.8699951171875,243.10000610351562,243.22000122070312,243.22000122070312,1623300
2026-08-20,241.3300018310547,242.67999267578125,238.1699981689453,239.0800018310547,239.0800018310547,1608000
2026-08-21,239.97000122070312,240.74000549316406,237.39999389648438,239.5500030517578,239.5500030517578,1288100
2026-08-24,238.63999938964844,242.5,237.7899932861328,242.3300018310547,242.3300018310547,1825300
2026-08-25,246.60000610351562,247.39999389648438,241.36000061035156,241.77000427246094,241.77000427246094,957600
2026-08-26,243.00999450683594,246.35000610351562,243.00999450683594,245.1999969482422,245.1999969482422,803500
