date,open,high,low,close,adjclose,volume
2021-06-01,684.739990234375,688.0900268554688,668.52001953125,671.7999877929688,640.9517822265625,1292000
2021-06-02,670.52001953125,678.72998046875,668.77001953125,674.0900268554688,643.136474609375,596800
2021-06-03,667.3499755859375,670.4099731445312,660.1099853515625,665.8900146484375,635.3131103515625,612100
2021-06-04,674.8099975585938,684.02001953125,673.0900268554688,683.2999877929688,651.9236450195312,531000
2021-06-07,680.1799926757812,684.4099731445312,676.47998046875,681.97998046875,650.664306640625,594300
2021-06-08,690.6699829101562,692.1199951171875,676.5499877929688,680.72998046875,649.4716796875,562800
2021-06-09,685.0,688.0599975585938,680.8099975585938,682.5900268554688,651.246337890625,440700
2021-06-10,689.3599853515625,704.780029296875,686.5599975585938,699.9400024414062,667.7994384765625,800100
2021-06-11,698.2000122070312,698.9400024414062,691.3499755859375,697.030029296875,665.0232543945312,445100
2021-06-14,699.510009765625,709.6300048828125,695.5399780273438,709.3300170898438,676.7584838867188,636600
2021-06-15,707.5999755859375,710.969970703125,696.8699951171875,701.780029296875,669.5551147460938,510700
2021-06-16,706.0499877929688,709.969970703125,693.7000122070312,699.0499877929688,666.9503784179688,590900
2021-06-17,691.3599853515625,704.530029296875,691.0999755859375,698.8300170898438,666.7406616210938,746700
2021-06-18,685.3499755859375,687.2000122070312,668.5700073242188,671.0700073242188,640.2551879882812,1669900
2021-06-21,678.5,681.9500122070312,672.4000244140625,680.6500244140625,649.3953857421875,565500
2021-06-22,680.489990234375,687.5700073242188,676.260009765625,685.8099975585938,654.318359375,542200
2021-06-23,686.530029296875,689.22998046875,679.5499877929688,681.6500244140625,650.3494873046875,523400
2021-06-24,691.6699829101562,697.9600219726562,690.6699829101562,695.0,663.0862426757812,469400
2021-06-25,693.9299926757812,695.5599975585938,685.969970703125,686.2100219726562,654.7000732421875,431200
2021-06-28,698.9299926757812,705.7999877929688,698.6699829101562,704.1099853515625,671.7781372070312,623900
2021-06-29,699.9500122070312,705.27001953125,698.2000122070312,703.6799926757812,671.3678588867188,400000
2021-06-30,694.5999755859375,696.5700073242188,686.5900268554688,690.8400268554688,659.117431640625,767500
2021-07-01,687.239990234375,691.6799926757812,674.530029296875,679.3099975585938,648.11669921875,997500
2021-07-02,688.489990234375,689.8699951171875,683.7000122070312,687.5399780273438,655.968994140625,449700
2021-07-06,689.4400024414062,693.5499877929688,676.7000122070312,685.8699951171875,654.375732421875,788700
2021-07-07,694.0399780273438,695.719970703125,684.3699951171875,690.1799926757812,658.4876708984375,442900
2021-07-08,670.97998046875,675.5999755859375,664.8300170898438,673.6900024414062,642.7549438476562,849400
2021-07-09,683.969970703125,693.0,678.9299926757812,691.3599853515625,659.6134033203125,583600
2021-07-12,700.0,708.510009765625,699.1699829101562,707.8099975585938,675.30810546875,618500
2021-07-13,706.25,710.6599731445312,703.5999755859375,706.4199829101562,673.9821166992188,623300
2021-07-14,719.97998046875,723.010009765625,712.8800048828125,716.510009765625,683.6085205078125,852000
2021-07-15,712.5700073242188,713.27001953125,696.8400268554688,703.9400024414062,671.6159057617188,729400
2021-07-16,702.8800048828125,706.989990234375,686.8699951171875,687.4199829101562,655.8544921875,578300
2021-07-19,673.8499755859375,684.3200073242188,671.5900268554688,684.0,652.591552734375,855300
2021-07-20,676.8599853515625,688.6599731445312,672.9299926757812,684.0499877929688,652.63916015625,805600
2021-07-21,705.9400024414062,721.0900268554688,700.6900024414062,721.0,687.892578125,1281300
2021-07-22,733.0,740.0599975585938,724.2000122070312,729.9199829101562,696.4027709960938,946000
2021-07-23,747.7899780273438,756.780029296875,743.0900268554688,748.1400146484375,713.7863159179688,1069800
2021-07-26,758.2000122070312,759.0,748.3800048828125,754.0900268554688,719.4631958007812,691800
2021-07-27,751.1699829101562,752.1500244140625,733.0599975585938,745.5999755859375,711.3628540039062,881200
2021-07-28,750.0,761.0399780273438,745.4000244140625,759.8599853515625,724.968017578125,716500
2021-07-29,761.6300048828125,767.8900146484375,759.8599853515625,765.7100219726562,730.5494384765625,634000
2021-07-30,760.77001953125,768.7000122070312,756.7899780273438,766.739990234375,731.5322265625,488200
2021-08-02,770.8099975585938,775.8400268554688,768.4099731445312,769.6500244140625,734.30859375,499900
2021-08-03,770.530029296875,780.4500122070312,767.510009765625,779.530029296875,743.73486328125,533700
2021-08-04,792.010009765625,798.5700073242188,787.7999877929688,795.47998046875,758.952392578125,629700
2021-08-05,805.510009765625,805.6400146484375,790.3200073242188,794.75,758.2559814453125,723700
2021-08-06,784.5,787.1900024414062,779.9000244140625,783.280029296875,747.3126831054688,556900
2021-08-09,790.219970703125,792.25,785.5999755859375,788.6799926757812,752.4646606445312,477100
2021-08-10,795.5900268554688,797.0399780273438,783.8300170898438,789.2899780273438,753.046630859375,589500
2021-08-11,791.1400146484375,793.3400268554688,781.4199829101562,789.219970703125,752.9797973632812,421300
2021-08-12,788.7000122070312,788.7000122070312,778.530029296875,781.0700073242188,745.2041015625,764600
2021-08-13,779.1400146484375,789.5900268554688,776.5399780273438,788.9600219726562,752.7319946289062,454700
2021-08-16,787.8300170898438,790.969970703125,779.739990234375,787.3499755859375,751.19580078125,426000
2021-08-17,781.760009765625,783.3900146484375,770.4000244140625,776.5599975585938,740.901123046875,483600
2021-08-18,776.219970703125,785.3800048828125,772.030029296875,772.4500122070312,736.97998046875,452500
2021-08-19,761.8699951171875,784.010009765625,761.2100219726562,781.510009765625,745.6240844726562,514000
2021-08-20,785.0800170898438,790.8800048828125,778.010009765625,788.1799926757812,751.9876708984375,507700
2021-08-23,795.030029296875,812.5,794.5700073242188,811.6199951171875,774.3513793945312,724300
2021-08-24,806.0999755859375,807.7100219726562,801.5800170898438,805.6099853515625,768.6173095703125,453800
2021-08-25,808.4199829101562,813.3699951171875,805.0,807.8699951171875,770.7734375,471100
2021-08-26,808.27001953125,815.8300170898438,804.1599731445312,810.9400024414062,773.7025756835938,450000
2021-08-27,814.25,834.77001953125,813.77001953125,832.9199829101562,794.6732788085938,658900
2021-08-30,839.9400024414062,843.010009765625,836.760009765625,839.5900268554688,801.0369873046875,491000
2021-08-31,843.780029296875,844.1599731445312,827.2100219726562,833.0399780273438,794.7877197265625,579300
2021-09-01,838.719970703125,850.719970703125,836.6900024414062,842.1699829101562,803.4984130859375,581900
2021-09-02,852.1599731445312,862.0499877929688,848.8699951171875,861.280029296875,821.7310180664062,746800
2021-09-03,848.52001953125,862.97998046875,848.52001953125,858.1099853515625,818.7064819335938,698000
2021-09-07,865.2899780273438,868.8800048828125,857.760009765625,861.77001953125,822.1985473632812,780900
2021-09-08,857.6099853515625,859.9000244140625,849.9199829101562,857.989990234375,818.5921020507812,714900
2021-09-09,855.47998046875,862.760009765625,852.0999755859375,853.5,814.3082275390625,641900
2021-09-10,870.9400024414062,875.3599853515625,857.4000244140625,858.8699951171875,819.4317016601562,1137400
2021-09-13,869.219970703125,872.2100219726562,861.0399780273438,871.239990234375,831.2335815429688,636000
2021-09-14,883.8200073242188,895.9299926757812,879.6799926757812,888.0700073242188,847.290771484375,978300
2021-09-15,886.989990234375,890.010009765625,879.4400024414062,889.3300170898438,848.4930419921875,799700
2021-09-16,877.1400146484375,889.780029296875,875.4400024414062,887.3099975585938,846.565673828125,811400
2021-09-17,875.0999755859375,875.3099975585938,852.4099731445312,859.8499755859375,820.3666381835938,1670500
2021-09-20,838.8800048828125,845.489990234375,829.7000122070312,840.739990234375,802.1340942382812,1122600
2021-09-21,860.0,862.3699951171875,844.489990234375,854.72998046875,815.4817504882812,905700
2021-09-22,851.8300170898438,871.6500244140625,849.4600219726562,864.739990234375,825.0322265625,669400
2021-09-23,877.3900146484375,888.719970703125,877.260009765625,879.780029296875,839.381591796875,744500
2021-09-24,867.3599853515625,873.3599853515625,865.1199951171875,868.8200073242188,828.9247436523438,510400
2021-09-27,843.280029296875,847.8800048828125,833.0499877929688,835.3099975585938,796.9534912109375,1063900
2021-09-28,794.8400268554688,799.3400268554688,773.0700073242188,780.1699829101562,744.3453369140625,2390100
2021-09-29,785.0,786.22998046875,749.1199951171875,750.4199829101562,715.961669921875,2216000
2021-09-30,754.25,762.3200073242188,742.2899780273438,745.1099853515625,710.8953247070312,1078800
2021-10-01,745.0,745.0,728.3699951171875,741.8099975585938,707.746826171875,1180400
2021-10-04,728.9000244140625,730.1599731445312,709.030029296875,712.9400024414062,680.2025756835938,1663500
2021-10-05,725.0399780273438,742.6300048828125,722.6199951171875,732.8699951171875,699.2174682617188,1201500
2021-10-06,725.3800048828125,734.7000122070312,719.010009765625,732.5,698.8643798828125,973000
2021-10-07,745.4099731445312,753.6699829101562,742.22998046875,746.8200073242188,712.5267944335938,1267500
2021-10-08,749.3599853515625,749.739990234375,729.3300170898438,730.27001953125,696.7369995117188,1039700
2021-10-11,722.780029296875,735.8300170898438,721.3599853515625,721.8900146484375,688.7415161132812,702500
2021-10-12,734.0,734.0,722.4000244140625,725.0499877929688,691.756591796875,868400
2021-10-13,743.1500244140625,749.4600219726562,740.0,744.4199829101562,710.2369384765625,1170000
2021-10-14,769.5999755859375,778.6400146484375,765.6799926757812,778.2899780273438,742.5517578125,1370500
2021-10-15,780.9600219726562,789.6400146484375,775.8400268554688,789.4000244140625,753.1516723632812,877400
2021-10-18,774.0900268554688,788.3300170898438,772.989990234375,788.219970703125,752.0258178710938,1014600
2021-10-19,788.1799926757812,801.6199951171875,786.2999877929688,800.9600219726562,764.1807861328125,956600
2021-10-20,782.239990234375,785.1400146484375,758.239990234375,767.7000122070312,732.4481811523438,1894900
2021-10-21,764.530029296875,787.5599975585938,763.8699951171875,787.5599975585938,751.3960571289062,1083100
2021-10-22,798.1900024414062,808.7999877929688,796.27001953125,800.969970703125,764.1903076171875,1294600
2021-10-25,799.6900024414062,803.1900024414062,787.010009765625,788.4400024414062,752.2356567382812,786000
2021-10-26,796.4000244140625,797.989990234375,784.1900024414062,791.22998046875,754.8974609375,741400
2021-10-27,798.0599975585938,818.9500122070312,797.2000122070312,801.0,764.2190551757812,949800
2021-10-28,814.1199951171875,821.9199829101562,810.719970703125,813.1900024414062,775.8493041992188,687500
2021-10-29,807.22998046875,814.4600219726562,804.75,812.8800048828125,775.5532836914062,583800
2021-11-01,806.9099731445312,808.0,796.47998046875,807.4500122070312,770.3727416992188,573600
2021-11-02,812.3200073242188,817.6900024414062,811.2899780273438,812.02001953125,776.7376098632812,503800
2021-11-03,818.4000244140625,831.5800170898438,810.47998046875,830.02001953125,793.9554443359375,566900
2021-11-04,831.6400146484375,853.1500244140625,829.5999755859375,850.489990234375,813.5361328125,1058200
2021-11-05,852.22998046875,854.6400146484375,841.6400146484375,847.0,810.19775390625,735300
2021-11-08,855.510009765625,856.9500122070312,848.0,849.9299926757812,813.0004272460938,728100
2021-11-09,852.010009765625,855.4600219726562,842.0,850.0499877929688,813.1151733398438,676500
2021-11-10,829.6099853515625,835.4400024414062,815.1099853515625,817.8499755859375,782.3143920898438,737700
2021-11-11,833.27001953125,839.0399780273438,829.2000122070312,833.3900146484375,797.17919921875,416000
2021-11-12,840.0,855.0,835.0999755859375,851.6300048828125,814.626708984375,531200
2021-11-15,855.0,861.5999755859375,852.989990234375,856.719970703125,819.495361328125,638000
2021-11-16,851.52001953125,862.6099853515625,847.239990234375,860.5499877929688,823.1589965820312,690900
2021-11-17,859.2000122070312,868.0,857.5999755859375,859.4600219726562,822.1163940429688,549400
2021-11-18,877.4199829101562,881.1199951171875,870.5599975585938,879.1199951171875,840.9221801757812,865800
2021-11-19,866.8499755859375,867.5499877929688,854.469970703125,857.1699829101562,819.9259643554688,778200
2021-11-22,855.0,859.6599731445312,824.719970703125,825.75,789.8710327148438,880800
2021-11-23,811.6599731445312,819.3599853515625,793.1199951171875,807.47998046875,772.3949584960938,1193000
2021-11-24,782.0,803.47998046875,777.4400024414062,802.3900146484375,767.5261840820312,1246700
2021-11-26,786.9600219726562,795.9199829101562,776.010009765625,782.02001953125,748.0411987304688,786300
2021-11-29,795.010009765625,815.72998046875,789.989990234375,815.010009765625,779.5978393554688,1410700
2021-11-30,807.0700073242188,821.3499755859375,787.1500244140625,791.510009765625,757.118896484375,1144500
2021-12-01,812.5599975585938,832.6799926757812,802.4400024414062,804.0,769.0659790039062,1201200
2021-12-02,784.4400024414062,796.4500122070312,778.3200073242188,789.3800048828125,755.0813598632812,957100
2021-12-03,785.969970703125,790.739990234375,759.8400268554688,771.52001953125,737.9974365234375,1115600
2021-12-06,758.8800048828125,761.4000244140625,741.4000244140625,756.3900146484375,723.5248413085938,1222900
2021-12-07,788.0,809.4000244140625,783.719970703125,806.010009765625,770.9888916015625,983200
2021-12-08,803.2100219726562,805.0,796.1900024414062,803.9199829101562,768.9896240234375,551500
2021-12-09,786.1599731445312,790.010009765625,772.3599853515625,772.6099853515625,739.0399780273438,709100
2021-12-10,777.280029296875,783.6500244140625,772.47998046875,781.8400268554688,747.8690185546875,602700
2021-12-13,780.5700073242188,781.8400268554688,764.3400268554688,764.469970703125,731.2536010742188,615100
2021-12-14,754.4199829101562,760.3099975585938,743.25,754.3900146484375,721.6117553710938,842400
2021-12-15,764.5700073242188,792.5999755859375,760.6599731445312,792.219970703125,757.7979125976562,910700
2021-12-16,799.0,799.8400268554688,753.6199951171875,755.0,722.1951904296875,1006900
2021-12-17,751.1599731445312,758.0,743.9600219726562,749.8699951171875,717.2880859375,1656700
2021-12-20,747.5999755859375,756.719970703125,744.4500122070312,752.8800048828125,720.1671752929688,647100
2021-12-21,775.72998046875,784.4500122070312,765.02001953125,783.0399780273438,749.0169067382812,838100
2021-12-22,777.7999877929688,792.1199951171875,775.0,792.1199951171875,757.702392578125,534800
2021-12-23,794.6400146484375,805.719970703125,794.0800170898438,801.4099731445312,766.5886840820312,496600
2021-12-27,794.4000244140625,813.5900268554688,794.3599853515625,811.4299926757812,776.17333984375,527500
2021-12-28,817.2999877929688,817.2999877929688,803.0900268554688,804.77001953125,769.8026733398438,548500
2021-12-29,798.1099853515625,805.239990234375,794.4000244140625,801.97998046875,767.1338500976562,404900
2021-12-30,803.6900024414062,808.2899780273438,799.9199829101562,800.219970703125,765.4503784179688,411900
2021-12-31,801.510009765625,805.280029296875,795.8800048828125,796.1400146484375,761.547607421875,236400
2022-01-03,795.739990234375,799.3599853515625,784.9600219726562,797.489990234375,762.8389892578125,720600
2022-01-04,793.6300048828125,793.6300048828125,763.2899780273438,779.1900024414062,745.3341064453125,874100
2022-01-05,765.9099731445312,766.5399780273438,745.0399780273438,745.6699829101562,713.2706298828125,1193200
2022-01-06,739.530029296875,763.760009765625,729.8099975585938,763.1199951171875,729.9625244140625,2041200
2022-01-07,758.3900146484375,763.3599853515625,743.5999755859375,756.0999755859375,723.2473754882812,1363300
2022-01-10,716.52001953125,727.6599731445312,702.2999877929688,727.1699829101562,695.5744018554688,1973400
2022-01-11,706.989990234375,731.4400024414062,700.7100219726562,729.1599731445312,697.477783203125,2120700
2022-01-12,739.3099975585938,749.4500122070312,735.0,742.1699829101562,709.9227294921875,959700
2022-01-13,772.4099731445312,777.9199829101562,728.6400146484375,730.0800170898438,698.3579711914062,1628700
2022-01-14,735.5999755859375,746.5999755859375,728.1699829101562,744.530029296875,712.1800537109375,1313600
2022-01-18,741.030029296875,741.0700073242188,714.239990234375,715.22998046875,684.1530151367188,1178500
2022-01-19,736.9400024414062,738.8800048828125,698.7100219726562,698.8200073242188,668.4561157226562,1593200
2022-01-20,724.8900146484375,729.97998046875,706.2100219726562,706.4600219726562,675.7642822265625,1536500
2022-01-21,707.2899780273438,721.2000122070312,694.7100219726562,694.72998046875,664.5439453125,1689600
2022-01-24,666.0499877929688,688.6400146484375,648.6300048828125,687.4199829101562,657.5514526367188,2833100
2022-01-25,652.6400146484375,668.1599731445312,643.8200073242188,648.5700073242188,620.3896484375,2095300
2022-01-26,661.6300048828125,679.3800048828125,644.6599731445312,653.260009765625,624.8757934570312,1376700
2022-01-27,664.7999877929688,665.0,631.4000244140625,634.6599731445312,607.083984375,1465300
2022-01-28,633.5999755859375,644.97998046875,620.6699829101562,644.969970703125,616.9459838867188,1339700
2022-01-31,650.7000122070312,677.5499877929688,648.030029296875,677.2000122070312,647.7754516601562,1357400
2022-02-01,682.5499877929688,683.7100219726562,666.27001953125,681.47998046875,651.8696899414062,945000
2022-02-02,687.9500122070312,691.239990234375,674.0900268554688,686.75,656.9107055664062,713600
2022-02-03,659.0900268554688,664.6699829101562,644.469970703125,645.9299926757812,617.8641967773438,1212000
2022-02-04,648.0499877929688,661.2100219726562,643.2999877929688,652.8099975585938,624.4453125,863100
2022-02-07,654.1500244140625,661.4099731445312,648.5499877929688,650.030029296875,621.7861328125,520300
2022-02-08,636.8499755859375,655.3599853515625,635.5999755859375,653.469970703125,625.0765991210938,745300
2022-02-09,670.7899780273438,682.22998046875,663.8800048828125,680.3699951171875,650.8078002929688,842000
2022-02-10,654.5900268554688,677.6199951171875,653.0,656.8800048828125,628.3384399414062,961200
2022-02-11,657.5399780273438,660.3200073242188,625.25,628.239990234375,600.9429931640625,1116300
2022-02-14,626.1500244140625,634.9500122070312,620.0,627.9099731445312,600.627197265625,890200
2022-02-15,647.47998046875,658.3499755859375,642.3099975585938,656.4099731445312,627.8889770507812,821400
2022-02-16,651.0,666.0,644.6699829101562,663.8599853515625,635.01513671875,610000
2022-02-17,659.3099975585938,662.219970703125,650.0,650.4299926757812,622.1685791015625,1020600
2022-02-18,652.1199951171875,657.77001953125,640.989990234375,647.8300170898438,619.6817016601562,899400
2022-02-22,638.5,653.0,629.8599853515625,640.27001953125,612.4502563476562,934000
2022-02-23,651.0800170898438,654.4500122070312,631.010009765625,631.72998046875,604.28125,997000
2022-02-24,600.2899780273438,658.8599853515625,599.6799926757812,656.8400268554688,628.3004150390625,2047800
2022-02-25,656.9099731445312,667.1400146484375,650.0,667.1199951171875,638.1334838867188,1295400
2022-02-28,647.6500244140625,672.5700073242188,647.6500244140625,666.510009765625,637.5501708984375,1979000
2022-03-01,660.2100219726562,665.0999755859375,627.5800170898438,634.2100219726562,606.6534423828125,1097300
2022-03-02,642.5900268554688,658.4199829101562,638.0999755859375,655.3699951171875,626.8941040039062,1035700
2022-03-03,652.02001953125,653.7000122070312,627.1900024414062,630.7899780273438,603.382080078125,1020200
2022-03-04,603.7000122070312,609.4199829101562,581.6300048828125,594.3200073242188,568.496826171875,2025300
2022-03-07,617.3900146484375,620.6099853515625,573.75,574.3400268554688,549.3848876953125,1607200
2022-03-08,574.0800170898438,593.47998046875,558.77001953125,573.0399780273438,548.1412963867188,1441800
2022-03-09,609.1500244140625,627.0,595.0,621.3400268554688,594.3428344726562,1593200
2022-03-10,599.5399780273438,608.5499877929688,596.1799926757812,600.0700073242188,573.9968872070312,735500
2022-03-11,614.0,615.0,584.8800048828125,585.8499755859375,560.394775390625,819000
2022-03-14,599.5499877929688,601.5,577.3099975585938,577.5499877929688,552.4553833007812,1621700
2022-03-15,591.9199829101562,598.1900024414062,583.8599853515625,596.7000122070312,570.7733764648438,1542500
2022-03-16,621.4400024414062,651.0,617.1500244140625,650.6300048828125,622.360107421875,1815200
2022-03-17,643.1300048828125,656.4000244140625,639.469970703125,654.0999755859375,625.6793823242188,854900
2022-03-18,649.239990234375,683.4000244140625,647.4000244140625,679.8599853515625,650.3201293945312,1689800
2022-03-21,678.219970703125,683.3900146484375,669.0,682.9099731445312,653.2376098632812,1293000
2022-03-22,688.0,698.0999755859375,685.2999877929688,688.739990234375,658.814208984375,1111100
2022-03-23,668.7999877929688,679.3699951171875,663.6099853515625,665.3599853515625,636.4501953125,999100
2022-03-24,666.2000122070312,690.5499877929688,663.2000122070312,690.5399780273438,660.5359497070312,1176700
2022-03-25,690.4600219726562,690.75,672.2999877929688,687.3599853515625,657.494140625,768600
2022-03-28,680.1099853515625,695.0,676.0,694.8300170898438,664.6395263671875,687100
2022-03-29,710.0,714.6199951171875,697.6699829101562,709.1400146484375,678.3278198242188,1076200
2022-03-30,700.0,702.75,680.1199951171875,684.5599975585938,654.8157958984375,1031900
2022-03-31,684.489990234375,689.0999755859375,667.5,667.9299926757812,638.9082641601562,780700
2022-04-01,675.2899780273438,677.1900024414062,661.8300170898438,667.72998046875,638.7169799804688,739400
2022-04-04,672.489990234375,681.5399780273438,669.989990234375,680.8300170898438,651.2479858398438,731200
2022-04-05,674.02001953125,675.1500244140625,645.7899780273438,646.4600219726562,618.3712768554688,1251500
2022-04-06,626.0900268554688,639.3099975585938,617.4000244140625,628.510009765625,601.201171875,1110700
2022-04-07,624.530029296875,632.0999755859375,612.780029296875,625.2999877929688,598.1304931640625,713500
2022-04-08,621.4199829101562,622.4099731445312,610.0,610.9299926757812,584.385009765625,840800
2022-04-11,607.0399780273438,610.6300048828125,597.1300048828125,597.739990234375,571.7681884765625,859600
2022-04-12,613.0700073242188,622.5,592.0,594.0,568.1906127929688,1067900
2022-04-13,601.4099731445312,617.2100219726562,596.4199829101562,612.760009765625,586.135498046875,934200
2022-04-14,614.52001953125,616.510009765625,596.0,597.8699951171875,571.8924560546875,814200
2022-04-18,597.0499877929688,613.8599853515625,595.77001953125,605.5800170898438,579.267578125,576800
2022-04-19,597.530029296875,619.1199951171875,596.0,617.1500244140625,590.3347778320312,1230800
2022-04-20,650.760009765625,652.5499877929688,628.989990234375,633.9099731445312,606.3666381835938,1857900
2022-04-21,645.0599975585938,648.8099975585938,617.739990234375,619.97998046875,593.0416870117188,940700
2022-04-22,615.0800170898438,620.8699951171875,607.469970703125,607.6099853515625,581.209228515625,1093400
2022-04-25,592.72998046875,600.3900146484375,583.6699829101562,599.8200073242188,573.7578735351562,2074700
2022-04-26,585.1500244140625,587.47998046875,559.9000244140625,560.4299926757812,536.079345703125,1803100
2022-04-27,552.0900268554688,567.3800048828125,544.0,556.8800048828125,532.6835327148438,1904400
2022-04-28,574.9500122070312,595.4600219726562,564.5999755859375,590.5399780273438,564.8809204101562,1513500
2022-04-29,576.4500122070312,588.9000244140625,562.4600219726562,563.77001953125,539.2741088867188,1225300
2022-05-02,558.739990234375,571.52001953125,553.5399780273438,571.0900268554688,546.2761840820312,1146700
2022-05-03,566.6300048828125,575.4400024414062,563.02001953125,570.6799926757812,549.6353759765625,825300
2022-05-04,579.0800170898438,594.25,564.6599731445312,592.6400146484375,570.7857666015625,1112800
2022-05-05,582.3200073242188,584.5700073242188,558.0900268554688,564.1699829101562,543.365478515625,1231800
2022-05-06,555.1500244140625,561.6799926757812,545.0499877929688,551.0,530.68115234375,1214600
2022-05-09,530.2100219726562,535.7999877929688,510.3599853515625,512.6599731445312,493.75494384765625,1714700
2022-05-10,529.2000122070312,530.4099731445312,512.3300170898438,523.3699951171875,504.0700988769531,1232900
2022-05-11,531.280029296875,544.1799926757812,520.469970703125,521.2999877929688,502.076416015625,1302800
2022-05-12,514.7000122070312,529.0499877929688,509.54998779296875,522.3599853515625,503.0973205566406,1134800
2022-05-13,540.5599975585938,551.2899780273438,538.2100219726562,548.3200073242188,528.1000366210938,946800
2022-05-16,533.25,540.97998046875,528.0,534.9500122070312,515.2230834960938,757800
2022-05-17,556.9500122070312,563.3800048828125,548.8499755859375,561.6300048828125,540.919189453125,895800
2022-05-18,547.1799926757812,552.8300170898438,526.8699951171875,528.2999877929688,508.8182373046875,1037900
2022-05-19,523.77001953125,537.0499877929688,522.3200073242188,526.0,506.60321044921875,905500
2022-05-20,541.4400024414062,542.3900146484375,514.1699829101562,532.8400268554688,513.19091796875,1205700
2022-05-23,549.239990234375,557.8200073242188,545.719970703125,554.6099853515625,534.158203125,977000
2022-05-24,555.5700073242188,557.5499877929688,542.6300048828125,546.4299926757812,526.2796630859375,1085500
2022-05-25,541.6900024414062,551.8599853515625,538.030029296875,548.0800170898438,527.8689575195312,832600
2022-05-26,542.4000244140625,562.47998046875,541.3499755859375,560.0700073242188,539.416748046875,933800
2022-05-27,572.6300048828125,583.8599853515625,572.0999755859375,583.3800048828125,561.8671875,843900
2022-05-31,584.5900268554688,584.8099975585938,572.8499755859375,576.2899780273438,555.03857421875,822300
2022-06-01,577.4400024414062,579.75,557.0,563.6599731445312,542.8743896484375,542100
2022-06-02,564.4199829101562,581.3200073242188,562.8200073242188,580.5399780273438,559.1318969726562,669200
2022-06-03,567.1599731445312,569.8499755859375,560.8900146484375,563.6500244140625,542.86474609375,531000
2022-06-06,579.6099853515625,583.4600219726562,569.4299926757812,571.6900024414062,550.608154296875,483300
2022-06-07,564.719970703125,578.02001953125,563.1400146484375,577.010009765625,555.7320556640625,479000
2022-06-08,573.5999755859375,577.9500122070312,562.52001953125,567.4400024414062,546.5149536132812,605700
2022-06-09,559.4099731445312,564.6400146484375,542.3499755859375,542.4099731445312,522.407958984375,658600
2022-06-10,532.0599975585938,535.1900024414062,519.4000244140625,521.530029296875,502.2979431152344,928900
2022-06-13,498.04998779296875,502.5,491.6199951171875,493.5799865722656,475.378662109375,1395100
2022-06-14,493.7900085449219,498.6199951171875,484.45001220703125,491.1700134277344,473.0575256347656,965400
2022-06-15,499.3800048828125,512.2000122070312,494.0,505.3299865722656,486.6953125,841700
2022-06-16,479.760009765625,484.04998779296875,465.5,468.1499938964844,450.88641357421875,1223100
2022-06-17,467.5,478.6199951171875,461.8500061035156,473.3500061035156,455.8946838378906,1328700
2022-06-21,488.9800109863281,497.8399963378906,488.4700012207031,494.3500061035156,476.1202697753906,1081400
2022-06-22,486.44000244140625,496.6400146484375,482.44000244140625,485.5,467.5965881347656,845800
2022-06-23,483.8999938964844,487.4100036621094,476.05999755859375,485.5,467.5965881347656,739100
2022-06-24,499.04998779296875,515.5499877929688,498.29998779296875,515.260009765625,496.2591552734375,907800
2022-06-27,514.969970703125,517.0499877929688,505.6600036621094,508.0400085449219,489.305419921875,696500
2022-06-28,508.04998779296875,511.4200134277344,489.5400085449219,490.4100036621094,472.3255615234375,847200
2022-06-29,491.1000061035156,493.70001220703125,482.0199890136719,484.6199951171875,466.7489929199219,847400
2022-06-30,474.1499938964844,484.6300048828125,464.1300048828125,475.8800048828125,458.33135986328125,866400
2022-07-01,455.29998779296875,457.9599914550781,443.4599914550781,449.8299865722656,433.2419738769531,1570200
2022-07-05,419.19000244140625,433.04998779296875,412.6700134277344,432.3999938964844,416.4547424316406,2778300
2022-07-06,433.25,437.5899963378906,425.3500061035156,428.8800048828125,413.06451416015625,1464700
2022-07-07,438.760009765625,452.79998779296875,438.6499938964844,451.8999938964844,435.23565673828125,1400900
2022-07-08,444.6099853515625,455.29998779296875,440.6600036621094,452.95001220703125,436.2469177246094,739100
2022-07-11,449.55999755859375,450.1700134277344,437.9100036621094,439.05999755859375,422.8691711425781,745600
2022-07-12,440.57000732421875,444.45001220703125,431.8800048828125,434.489990234375,418.4676513671875,848000
2022-07-13,430.4800109863281,451.94000244140625,429.29998779296875,447.010009765625,430.5260009765625,1052500
2022-07-14,442.20001220703125,458.8800048828125,434.54998779296875,456.8999938964844,440.0512390136719,1075900
2022-07-15,465.3900146484375,475.7799987792969,460.510009765625,475.6300048828125,458.090576171875,1630500
2022-07-18,483.6099853515625,486.8299865722656,470.5,473.4800109863281,456.0199279785156,1039500
2022-07-19,484.8699951171875,500.9100036621094,484.04998779296875,498.3599853515625,479.982421875,1415000
2022-07-20,492.8999938964844,516.760009765625,490.6000061035156,514.4199829101562,495.4500732421875,2294900
2022-07-21,530.0,543.239990234375,524.5999755859375,542.27001953125,522.2731323242188,2281900
2022-07-22,542.4099731445312,546.8499755859375,529.22998046875,534.260009765625,514.5584716796875,1459900
2022-07-25,535.4199829101562,543.6699829101562,532.1199951171875,538.969970703125,519.0947875976562,1194600
2022-07-26,528.0499877929688,529.6400146484375,518.5399780273438,524.1699829101562,504.8404846191406,1029500
2022-07-27,533.6199951171875,549.8499755859375,532.5900268554688,546.1799926757812,526.0389404296875,1110900
2022-07-28,547.7999877929688,560.9400024414062,540.760009765625,560.7100219726562,540.0332641601562,1216800
2022-07-29,561.4500122070312,576.9199829101562,559.5,574.4400024414062,553.2568359375,1210700
2022-08-01,573.239990234375,583.0499877929688,568.9400024414062,578.1500244140625,556.8298950195312,895500
2022-08-02,562.0800170898438,572.8499755859375,558.75,565.5999755859375,544.742919921875,876600
2022-08-03,570.0,587.6699829101562,569.25,583.8599853515625,562.3294677734375,825900
2022-08-04,583.1699829101562,592.75,581.0999755859375,588.4600219726562,568.1181640625,680100
2022-08-05,571.6300048828125,579.5800170898438,565.97998046875,577.3099975585938,557.3535766601562,767900
2022-08-08,578.0,582.5599975585938,564.989990234375,572.75,552.9512329101562,700600
2022-08-09,551.0999755859375,552.2999877929688,533.739990234375,541.1099853515625,522.4049072265625,1138500
2022-08-10,558.719970703125,566.0900268554688,550.469970703125,566.0499877929688,546.4827270507812,1074800
2022-08-11,565.739990234375,574.3599853515625,561.1199951171875,562.4099731445312,542.9686279296875,833300
2022-08-12,562.6199951171875,577.989990234375,562.1199951171875,575.9600219726562,556.0503540039062,811600
2022-08-15,569.1099853515625,577.6199951171875,567.8900146484375,574.9400024414062,555.0654907226562,783100
2022-08-16,566.4000244140625,572.3400268554688,559.010009765625,566.6799926757812,547.0910034179688,697000
2022-08-17,559.0999755859375,565.989990234375,551.9099731445312,557.280029296875,538.01611328125,667700
2022-08-18,557.280029296875,565.9299926757812,555.2999877929688,561.2999877929688,541.89697265625,580600
2022-08-19,557.1900024414062,558.8499755859375,544.4299926757812,545.260009765625,526.4114379882812,794400
2022-08-22,529.2899780273438,530.8499755859375,518.6099853515625,520.0700073242188,502.09234619140625,795800
2022-08-23,520.0,529.3499755859375,519.4600219726562,525.75,507.57586669921875,592900
2022-08-24,522.8599853515625,530.5800170898438,521.719970703125,525.4400024414062,507.27667236328125,485200
2022-08-25,522.3599853515625,540.219970703125,521.760009765625,539.739990234375,521.082275390625,758300
2022-08-26,539.5499877929688,539.72998046875,508.7699890136719,509.94000244140625,492.31243896484375,1229700
2022-08-29,506.32000732421875,511.3500061035156,499.3999938964844,499.8800048828125,482.60015869140625,754100
2022-08-30,506.54998779296875,507.6499938964844,487.4599914550781,493.0199890136719,475.977294921875,1006400
2022-08-31,500.8500061035156,501.5799865722656,486.70001220703125,489.94000244140625,473.0037841796875,936000
2022-09-01,477.9200134277344,479.0199890136719,460.8900146484375,469.9200134277344,453.67584228515625,1665500
2022-09-02,479.8599853515625,486.8999938964844,466.010009765625,467.19000244140625,451.0402526855469,1145400
2022-09-06,469.3599853515625,477.8900146484375,462.29998779296875,469.9200134277344,453.67584228515625,996900
2022-09-07,468.8900146484375,480.9700012207031,465.6000061035156,476.67999267578125,460.2021789550781,745400
2022-09-08,465.45001220703125,483.3900146484375,464.1700134277344,482.75,466.0623779296875,943300
2022-09-09,495.5199890136719,503.17999267578125,495.29998779296875,501.0,483.6815185546875,1012800
2022-09-12,506.7699890136719,511.0,499.6600036621094,504.92999267578125,487.4756164550781,1041400
2022-09-13,484.0,488.4200134277344,468.6099853515625,471.1000061035156,454.8150939941406,1188200
2022-09-14,476.9700012207031,481.5299987792969,471.1000061035156,478.1000061035156,461.5731201171875,663700
2022-09-15,472.5400085449219,478.3599853515625,462.8999938964844,465.6499938964844,449.553466796875,853500
2022-09-16,462.0299987792969,472.19000244140625,459.9100036621094,467.25,451.0980529785156,914000
2022-09-19,459.6499938964844,472.989990234375,459.6499938964844,471.1099853515625,454.8246154785156,646500
2022-09-20,458.95001220703125,466.5299987792969,457.3599853515625,461.9599914550781,445.99102783203125,906700
2022-09-21,461.54998779296875,476.1700134277344,454.8599853515625,454.9200134277344,439.19439697265625,783900
2022-09-22,450.70001220703125,452.19000244140625,439.1000061035156,441.0400085449219,425.794189453125,952900
2022-09-23,433.6000061035156,436.94000244140625,427.3500061035156,436.1400146484375,421.0635986328125,1362300
2022-09-26,434.0899963378906,440.7699890136719,429.1199951171875,430.80999755859375,415.9177551269531,1164000
2022-09-27,438.8500061035156,442.510009765625,426.5,433.2900085449219,418.3120422363281,876400
2022-09-28,426.1400146484375,443.4200134277344,423.1700134277344,441.2300109863281,425.9776306152344,957100
2022-09-29,425.6099853515625,428.7099914550781,419.2300109863281,427.7799987792969,412.9925231933594,1141800
2022-09-30,414.0,428.04998779296875,413.95001220703125,415.3500061035156,400.99224853515625,1084700
2022-10-03,423.6000061035156,435.510009765625,421.0199890136719,431.67999267578125,416.7576904296875,1452400
2022-10-04,461.2099914550781,467.7699890136719,455.7799987792969,465.1099853515625,449.0321350097656,1954600
2022-10-05,456.94000244140625,474.75,453.04998779296875,469.2900085449219,453.0676574707031,1193800
2022-10-06,465.2900085449219,474.17999267578125,461.489990234375,462.1400146484375,446.1647644042969,926100
2022-10-07,446.5,448.7200012207031,432.739990234375,434.260009765625,419.2485046386719,1412400
2022-10-10,433.9100036621094,434.07000732421875,416.3599853515625,421.8900146484375,407.3061218261719,1383700
2022-10-11,412.5299987792969,412.6499938964844,394.010009765625,399.55999755859375,385.7480773925781,2044200
2022-10-12,403.80999755859375,404.92999267578125,397.510009765625,398.3299865722656,384.5605773925781,1277100
2022-10-13,364.9100036621094,410.7300109863281,363.1499938964844,405.3999938964844,391.38616943359375,2782200
2022-10-14,404.3800048828125,405.6199951171875,378.6000061035156,379.1300048828125,366.0243225097656,1727900
2022-10-17,394.4599914550781,399.6000061035156,388.8299865722656,392.2200012207031,378.6617736816406,1417900
2022-10-18,407.3800048828125,409.1700134277344,393.19000244140625,398.989990234375,385.1977844238281,1324800
2022-10-19,415.8900146484375,431.8500061035156,410.3900146484375,424.0199890136719,409.36248779296875,2435200
2022-10-20,431.25,448.9200134277344,428.7799987792969,437.2699890136719,422.1545104980469,2090900
2022-10-21,440.4800109863281,462.8800048828125,437.70001220703125,462.2300109863281,446.251708984375,2756600
2022-10-24,470.42999267578125,476.0899963378906,459.6000061035156,472.9700012207031,456.6204528808594,2389300
2022-10-25,478.489990234375,495.75,478.3500061035156,486.010009765625,469.2096862792969,2047200
2022-10-26,475.95001220703125,496.20001220703125,474.25,484.0899963378906,467.3560485839844,1879400
2022-10-27,482.1000061035156,489.6000061035156,473.989990234375,474.4100036621094,458.0107116699219,1075700
2022-10-28,469.8599853515625,489.8699951171875,468.8900146484375,489.17999267578125,472.27008056640625,1436100
2022-10-31,479.0400085449219,480.8800048828125,471.6499938964844,472.4200134277344,456.0894775390625,1063600
2022-11-01,483.3800048828125,483.6700134277344,472.8599853515625,475.3800048828125,458.94720458984375,760700
2022-11-02,470.04998779296875,477.0,446.260009765625,446.3299865722656,430.90130615234375,1887400
2022-11-03,440.79998779296875,446.760009765625,437.1199951171875,439.9200134277344,425.9918518066406,1615700
2022-11-04,462.3500061035156,469.6099853515625,454.3299865722656,468.760009765625,453.91876220703125,1587800
2022-11-07,474.8299865722656,485.44000244140625,469.6099853515625,483.3900146484375,468.0855712890625,1429400
2022-11-08,498.25,505.989990234375,491.05999755859375,503.5899963378906,487.6459655761719,2316100
2022-11-09,494.510009765625,504.2200012207031,488.9100036621094,489.4599914550781,473.96337890625,1302600
2022-11-10,531.5,561.8200073242188,520.3599853515625,560.7899780273438,543.0349731445312,3518000
2022-11-11,560.780029296875,578.6199951171875,558.489990234375,576.4400024414062,558.1895751953125,1982800
2022-11-14,574.780029296875,590.2999877929688,573.8800048828125,577.8200073242188,559.52587890625,1806400
2022-11-15,606.75,608.3200073242188,586.5399780273438,597.469970703125,578.5537109375,1669400
2022-11-16,583.52001953125,583.9500122070312,573.7999877929688,576.7000122070312,558.4413452148438,1418900
2022-11-17,568.9600219726562,590.4500122070312,568.9500122070312,589.030029296875,570.380859375,917900
2022-11-18,599.6199951171875,599.9299926757812,584.7999877929688,593.1599731445312,574.380126953125,1115300
2022-11-21,581.2000122070312,583.7899780273438,575.0999755859375,580.2899780273438,561.9176025390625,849800
2022-11-22,581.719970703125,596.530029296875,574.22998046875,596.2100219726562,577.3336181640625,1082400
2022-11-23,595.1799926757812,610.0,595.1799926757812,603.8499755859375,584.7316284179688,874700
2022-11-25,596.9299926757812,597.9000244140625,591.8400268554688,591.8400268554688,573.1019897460938,408900
2022-11-28,593.780029296875,598.1300048828125,580.4199829101562,583.3400268554688,564.87109375,1056200
2022-11-29,584.0900268554688,587.0,576.77001953125,578.8200073242188,560.4942016601562,562900
2022-11-30,585.2999877929688,608.4099731445312,576.9400024414062,608.1199951171875,588.8665161132812,1569700
2022-12-01,611.7100219726562,616.5599975585938,601.3599853515625,611.260009765625,591.9071044921875,1245900
2022-12-02,600.2999877929688,607.4500122070312,597.0,605.7100219726562,586.5328979492188,719800
2022-12-05,605.0999755859375,607.1599731445312,593.3800048828125,600.7899780273438,581.7686157226562,873900
2022-12-06,603.5,604.4500122070312,586.8200073242188,593.0499877929688,574.273681640625,839200
2022-12-07,592.2100219726562,604.0,590.6900024414062,601.3499755859375,582.3107299804688,878600
2022-12-08,591.8800048828125,609.4600219726562,587.6599731445312,606.8900146484375,587.6755981445312,1019300
2022-12-09,602.989990234375,611.1699829101562,596.4000244140625,597.7000122070312,578.7764282226562,870700
2022-12-12,596.8699951171875,610.0,595.7999877929688,609.989990234375,590.6771850585938,819600
2022-12-13,642.97998046875,643.3599853515625,617.5700073242188,628.27001953125,608.378662109375,1334000
2022-12-14,622.5,626.760009765625,609.9299926757812,615.8599853515625,596.3614501953125,1167500
2022-12-15,603.0,604.7999877929688,584.260009765625,586.3400268554688,567.776123046875,1420500
2022-12-16,577.260009765625,585.75,565.739990234375,574.3200073242188,556.13671875,2097300
2022-12-19,574.0499877929688,575.8499755859375,562.6699829101562,568.6099853515625,550.6074829101562,906800
2022-12-20,562.239990234375,568.9600219726562,561.1500244140625,563.1599731445312,545.3299560546875,845700
2022-12-21,569.0599975585938,583.9600219726562,567.2999877929688,580.9600219726562,562.5665283203125,797700
2022-12-22,571.0499877929688,571.0499877929688,546.7999877929688,555.9500122070312,538.3482666015625,1351800
2022-12-23,546.8699951171875,552.0700073242188,542.530029296875,551.3699951171875,533.9132690429688,602600
2022-12-27,546.0499877929688,546.5,536.510009765625,537.1799926757812,520.1726684570312,802600
2022-12-28,536.7000122070312,541.7999877929688,529.010009765625,531.6400146484375,514.8079833984375,609900
2022-12-29,541.2000122070312,555.3699951171875,540.1500244140625,551.469970703125,534.0101318359375,841000
2022-12-30,540.8599853515625,546.47998046875,536.77001953125,546.4000244140625,529.1005859375,703200
2023-01-03,561.280029296875,564.1500244140625,545.77001953125,549.5700073242188,532.1702880859375,675100
2023-01-04,570.7999877929688,575.510009765625,561.0599975585938,570.8300170898438,552.7572021484375,1087300
2023-01-05,565.3800048828125,573.5499877929688,562.5499877929688,565.3200073242188,547.4217529296875,710900
2023-01-06,575.3300170898438,598.6799926757812,567.280029296875,595.8499755859375,576.9849243164062,1025800
2023-01-09,613.989990234375,632.3900146484375,612.7999877929688,621.3300170898438,601.6582641601562,1348800
2023-01-10,622.6300048828125,633.780029296875,621.6099853515625,633.3900146484375,613.3364868164062,873900
2023-01-11,635.5499877929688,645.1400146484375,633.2999877929688,644.6799926757812,624.2689208984375,806500
2023-01-12,651.4400024414062,656.2899780273438,634.8400268554688,652.5599975585938,631.8995361328125,1322200
2023-01-13,649.3300170898438,660.739990234375,648.72998046875,659.6900024414062,638.8037719726562,649700
2023-01-17,651.0999755859375,662.97998046875,651.0999755859375,658.1900024414062,637.3511962890625,902600
2023-01-18,673.52001953125,676.1099853515625,651.5399780273438,652.2899780273438,631.637939453125,1152700
2023-01-19,654.6099853515625,655.6799926757812,627.02001953125,630.25,610.2958374023438,1534100
2023-01-20,638.0900268554688,650.5999755859375,634.2000122070312,648.8499755859375,628.3070068359375,1033200
2023-01-23,658.0499877929688,676.280029296875,656.8499755859375,676.030029296875,654.62646484375,1780900
2023-01-24,666.719970703125,673.0399780273438,659.9199829101562,670.010009765625,648.7971801757812,1066900
2023-01-25,656.9600219726562,683.02001953125,655.02001953125,681.530029296875,659.9522705078125,1569200
2023-01-26,681.9000244140625,684.9400024414062,667.8200073242188,683.9000244140625,662.2473754882812,1593300
2023-01-27,667.2000122070312,678.1199951171875,666.6799926757812,667.3900146484375,646.2599487304688,1249700
2023-01-30,650.0,658.239990234375,647.6199951171875,650.3099975585938,629.720703125,1209900
2023-01-31,651.219970703125,660.8599853515625,647.2999877929688,660.8400268554688,639.91748046875,801800
2023-02-01,659.530029296875,685.0900268554688,655.8900146484375,678.530029296875,657.0473022460938,1274200
2023-02-02,696.9000244140625,698.5900268554688,684.9500122070312,696.5499877929688,674.4967651367188,1318600
2023-02-03,678.4500122070312,693.3800048828125,677.9299926757812,679.6199951171875,658.102783203125,1015800
2023-02-06,665.9199829101562,669.3400268554688,659.489990234375,661.969970703125,642.4029541015625,783100
2023-02-07,659.239990234375,683.6900024414062,659.239990234375,678.719970703125,658.657958984375,1236100
2023-02-08,671.469970703125,674.8900146484375,661.3599853515625,662.7899780273438,643.1986694335938,763900
2023-02-09,673.1199951171875,682.280029296875,662.02001953125,664.1300048828125,644.4990844726562,686500
2023-02-10,653.0900268554688,657.1699829101562,648.6400146484375,656.3499755859375,636.9490966796875,731800
2023-02-13,659.1300048828125,673.02001953125,657.3200073242188,668.739990234375,648.972900390625,596000
2023-02-14,661.7100219726562,680.97998046875,657.2100219726562,677.47998046875,657.4545288085938,1013400
2023-02-15,661.8200073242188,677.47998046875,661.0,676.8099975585938,656.8042602539062,683500
2023-02-16,658.7000122070312,668.2000122070312,655.4500122070312,656.280029296875,636.8812255859375,946300
2023-02-17,650.75,658.0,647.3900146484375,651.9299926757812,632.6597900390625,1149600
2023-02-21,638.010009765625,643.9400024414062,629.530029296875,629.780029296875,611.1644287109375,1022700
2023-02-22,632.5599975585938,635.4000244140625,620.4299926757812,624.2100219726562,605.7591552734375,1017300
2023-02-23,642.1300048828125,642.8800048828125,626.6799926757812,638.0900268554688,619.2289428710938,1093000
2023-02-24,619.4299926757812,624.6699829101562,612.719970703125,618.3800048828125,600.1015014648438,995700
2023-02-27,631.4099731445312,639.3699951171875,626.260009765625,632.0800170898438,613.3965454101562,804500
2023-02-28,612.4500122070312,625.25,610.1400146484375,617.72998046875,599.470703125,1381700
2023-03-01,621.0700073242188,623.1199951171875,611.9600219726562,614.9500122070312,596.7728881835938,794300
2023-03-02,606.3200073242188,625.0900268554688,603.22998046875,624.1699829101562,605.7202758789062,795800
2023-03-03,625.3499755859375,637.6699829101562,621.77001953125,637.3800048828125,618.5398559570312,1024100
2023-03-06,627.3200073242188,633.1099853515625,619.8499755859375,620.969970703125,602.61474609375,1403000
2023-03-07,619.3499755859375,621.739990234375,605.2999877929688,609.1099853515625,591.1055297851562,1033000
2023-03-08,611.7999877929688,620.5499877929688,609.030029296875,619.4000244140625,601.0912475585938,1081800
2023-03-09,617.0700073242188,623.8900146484375,604.5599975585938,604.739990234375,586.8645629882812,983800
2023-03-10,614.0999755859375,617.3499755859375,599.4299926757812,601.2100219726562,583.4390869140625,1043500
2023-03-13,593.1199951171875,612.969970703125,589.8900146484375,604.780029296875,586.903564453125,966900
2023-03-14,617.489990234375,620.4500122070312,611.280029296875,620.2999877929688,601.9646606445312,844600
2023-03-15,600.719970703125,609.0900268554688,596.6099853515625,606.6900024414062,588.7569580078125,1047200
2023-03-16,600.75,631.02001953125,598.989990234375,630.5599975585938,611.9213256835938,1063200
2023-03-17,633.7100219726562,638.4000244140625,626.8099975585938,633.6900024414062,614.9588623046875,1109300
2023-03-20,646.2999877929688,648.3300170898438,639.0999755859375,646.3300170898438,627.2254638671875,935600
2023-03-21,651.7100219726562,655.8300170898438,635.2000122070312,642.1300048828125,623.1494140625,848500
2023-03-22,643.0,661.4000244140625,639.5399780273438,640.3699951171875,621.4414672851562,955500
2023-03-23,657.739990234375,673.9400024414062,654.9400024414062,664.1599731445312,644.5283203125,1171500
2023-03-24,656.0599975585938,658.9500122070312,639.75,647.530029296875,628.3898315429688,842700
2023-03-27,655.3699951171875,657.47998046875,643.0499877929688,644.0499877929688,625.0126953125,800300
2023-03-28,644.0999755859375,644.6199951171875,632.3800048828125,639.7100219726562,620.801025390625,793200
2023-03-29,649.5700073242188,665.1699829101562,648.469970703125,659.1199951171875,639.63720703125,1101800
2023-03-30,675.2000122070312,680.6300048828125,673.510009765625,676.6799926757812,656.67822265625,892500
2023-03-31,675.0900268554688,683.1799926757812,673.6300048828125,680.7100219726562,660.589111328125,681600
2023-04-03,674.7999877929688,675.739990234375,667.3900146484375,673.989990234375,654.0677490234375,657200
2023-04-04,675.8800048828125,681.5999755859375,666.0599975585938,668.6799926757812,648.9146118164062,877900
2023-04-05,663.6599731445312,664.780029296875,657.3099975585938,663.9000244140625,644.27587890625,850300
2023-04-06,658.2999877929688,665.2000122070312,655.3200073242188,657.1199951171875,637.6962890625,679600
2023-04-10,649.9299926757812,661.989990234375,645.489990234375,661.6400146484375,642.082763671875,688700
2023-04-11,669.510009765625,672.739990234375,658.969970703125,659.77001953125,640.26806640625,787400
2023-04-12,669.010009765625,672.0,653.6900024414062,654.6599731445312,635.30908203125,897300
2023-04-13,662.3300170898438,670.8800048828125,659.8499755859375,665.4099731445312,645.7413940429688,1118600
2023-04-14,665.4099731445312,672.6400146484375,659.3699951171875,666.2000122070312,646.508056640625,645900
2023-04-17,638.739990234375,642.0999755859375,632.280029296875,639.0399780273438,620.1507568359375,1536500
2023-04-18,644.6900024414062,648.27001953125,636.760009765625,643.3300170898438,624.31396484375,910300
2023-04-19,624.760009765625,627.9500122070312,616.8800048828125,623.5999755859375,605.1671752929688,2266100
2023-04-20,625.3599853515625,639.8800048828125,625.3599853515625,633.5700073242188,614.8424072265625,1692900
2023-04-21,635.510009765625,637.1400146484375,627.7999877929688,634.469970703125,615.7158203125,982000
2023-04-24,640.8300170898438,641.3099975585938,626.9299926757812,627.3800048828125,608.83544921875,1431400
2023-04-25,626.469970703125,626.469970703125,605.760009765625,605.760009765625,587.8545532226562,1404900
2023-04-26,613.719970703125,615.1300048828125,606.1699829101562,609.0999755859375,591.095703125,844200
2023-04-27,621.760009765625,631.2999877929688,612.77001953125,629.239990234375,610.6405029296875,1127000
2023-04-28,630.8599853515625,637.3400268554688,626.52001953125,636.8599853515625,618.0352783203125,823000
2023-05-01,635.0,639.2100219726562,634.030029296875,635.2000122070312,618.2279663085938,469300
2023-05-02,632.8699951171875,637.52001953125,628.530029296875,634.0499877929688,617.1085205078125,738100
2023-05-03,633.9400024414062,644.6500244140625,630.719970703125,634.739990234375,617.7801513671875,582900
2023-05-04,632.1300048828125,639.3400268554688,629.8499755859375,635.0499877929688,618.0818481445312,614000
2023-05-05,636.6799926757812,654.219970703125,633.9000244140625,650.3200073242188,632.9439086914062,801400
2023-05-08,651.75,655.0,649.2100219726562,654.989990234375,637.4891357421875,518900
2023-05-09,640.5,643.8699951171875,638.280029296875,643.0499877929688,625.8681640625,746100
2023-05-10,654.3800048828125,660.4000244140625,651.9000244140625,657.1400146484375,639.5816650390625,813600
2023-05-11,650.780029296875,652.280029296875,645.1500244140625,650.1900024414062,632.8173828125,560600
2023-05-12,649.3400268554688,651.0,642.0999755859375,647.510009765625,630.208984375,375300
2023-05-15,646.8800048828125,655.7000122070312,644.8800048828125,655.6900024414062,638.1704711914062,893400
2023-05-16,652.780029296875,657.8699951171875,651.5800170898438,652.0499877929688,634.6276245117188,709600
2023-05-17,656.989990234375,671.4000244140625,652.77001953125,670.5,652.5847778320312,1162700
2023-05-18,675.27001953125,697.25,675.0700073242188,695.9299926757812,677.3352661132812,1459000
2023-05-19,698.0,699.8699951171875,693.8400268554688,694.0,675.4567260742188,949700
2023-05-22,690.8599853515625,699.5999755859375,688.8300170898438,698.6400146484375,679.9728393554688,856000
2023-05-23,690.8499755859375,693.3800048828125,678.8599853515625,681.4500122070312,663.2421264648438,958600
2023-05-24,668.0599975585938,670.8400268554688,661.1799926757812,666.7899780273438,648.973876953125,1159300
2023-05-25,701.02001953125,710.989990234375,693.760009765625,708.47998046875,689.5499267578125,1929800
2023-05-26,716.6500244140625,742.3099975585938,715.6400146484375,735.9299926757812,716.2666015625,2349100
2023-05-30,743.1300048828125,747.1300048828125,725.5499877929688,728.260009765625,708.8014526367188,1411100
2023-05-31,727.0700073242188,730.0399780273438,713.280029296875,722.9299926757812,703.61376953125,1347600
2023-06-01,724.2000122070312,732.719970703125,718.5499877929688,726.77001953125,707.3512573242188,992100
2023-06-02,730.0,732.5499877929688,719.760009765625,724.6500244140625,705.2879638671875,813800
2023-06-05,724.6400146484375,726.6300048828125,718.4000244140625,722.2000122070312,702.9033203125,663700
2023-06-06,707.75,717.6400146484375,702.9500122070312,716.6300048828125,697.4822387695312,845400
2023-06-07,713.3599853515625,720.1500244140625,705.5700073242188,710.2100219726562,691.2337036132812,921200
2023-06-08,711.0999755859375,720.4199829101562,708.3699951171875,720.0499877929688,700.8108520507812,762400
2023-06-09,720.5599975585938,725.6099853515625,712.6099853515625,715.8599853515625,696.732666015625,864500
2023-06-12,721.989990234375,730.77001953125,720.0,730.1699829101562,710.6602783203125,1058900
2023-06-13,737.219970703125,739.4000244140625,723.7999877929688,737.27001953125,717.5706787109375,876100
2023-06-14,735.4099731445312,741.719970703125,728.1599731445312,740.2100219726562,720.43212890625,821400
2023-06-15,723.27001953125,744.4400024414062,722.3200073242188,738.6900024414062,718.9527587890625,820400
2023-06-16,731.4000244140625,733.1599731445312,720.0,721.8800048828125,702.5917358398438,1337400
2023-06-20,720.6199951171875,724.739990234375,710.5800170898438,720.4099731445312,701.1610717773438,799300
2023-06-21,718.6199951171875,719.5499877929688,704.8599853515625,707.2999877929688,688.4014282226562,820300
2023-06-22,701.97998046875,717.75,700.3499755859375,717.4099731445312,698.2412719726562,699800
2023-06-23,698.0999755859375,701.6300048828125,695.9199829101562,697.8900146484375,679.2427978515625,916900
2023-06-26,703.0800170898438,714.1199951171875,700.22998046875,700.239990234375,681.5300903320312,714000
2023-06-27,706.9000244140625,726.6599731445312,704.52001953125,725.0800170898438,705.7064208984375,1115800
2023-06-28,719.4299926757812,730.0,717.3200073242188,724.1900024414062,704.8402099609375,866400
2023-06-29,727.6199951171875,729.3800048828125,721.5900268554688,723.3499755859375,704.0225219726562,768100
2023-06-30,722.530029296875,727.4500122070312,715.6599731445312,724.75,705.38525390625,963600
2023-07-03,733.989990234375,737.1699829101562,726.1500244140625,733.8800048828125,714.271240234375,531900
2023-07-05,721.2000122070312,722.6099853515625,714.4400024414062,715.6699829101562,696.5477905273438,954800
2023-07-06,701.72998046875,703.6799926757812,693.22998046875,699.3099975585938,680.6250610351562,1218700
2023-07-07,697.9000244140625,705.739990234375,693.6599731445312,696.739990234375,678.12353515625,1352000
2023-07-10,703.7100219726562,712.8300170898438,703.4299926757812,709.8300170898438,690.8638916015625,930900
2023-07-11,708.9199829101562,709.780029296875,695.6900024414062,705.0,686.1629638671875,623200
2023-07-12,729.52001953125,730.5,722.22998046875,724.8599853515625,705.4921875,1311700
2023-07-13,741.1699829101562,751.5,740.2000122070312,750.739990234375,730.6807861328125,1209100
2023-07-14,760.6500244140625,771.97998046875,751.969970703125,754.02001953125,733.8731079101562,1843900
2023-07-17,744.5,756.9199829101562,735.47998046875,754.489990234375,734.3305053710938,1355200
2023-07-18,748.7999877929688,760.0,742.4500122070312,757.030029296875,736.8026733398438,1220600
2023-07-19,739.2000122070312,742.8300170898438,713.1300048828125,715.780029296875,696.6548461914062,2406200
2023-07-20,697.0,697.8099975585938,673.3400268554688,676.1300048828125,658.0643310546875,2918800
2023-07-21,695.3099975585938,697.8599853515625,689.27001953125,693.3599853515625,674.8339233398438,2524100
2023-07-24,685.0,688.75,680.8499755859375,684.47998046875,666.191162109375,1145300
2023-07-25,684.9199829101562,695.3200073242188,684.9099731445312,687.2999877929688,668.9357299804688,1061900
2023-07-26,679.9299926757812,690.1699829101562,677.4400024414062,684.2999877929688,666.0159301757812,752200
2023-07-27,714.9400024414062,720.4199829101562,703.5700073242188,708.1199951171875,689.199462890625,1488800
2023-07-28,714.4299926757812,721.5,709.6900024414062,718.3699951171875,699.1756591796875,949800
2023-07-31,721.2899780273438,722.7100219726562,712.1900024414062,716.4099731445312,697.2680053710938,789100
2023-08-01,711.4500122070312,712.5,705.5399780273438,708.7100219726562,691.31103515625,555100
2023-08-02,695.5999755859375,695.9400024414062,682.0800170898438,683.0599975585938,666.2907104492188,1025400
2023-08-03,673.7999877929688,682.8499755859375,672.72998046875,681.010009765625,664.2910766601562,920200
2023-08-04,685.3499755859375,689.1500244140625,675.25,678.0399780273438,661.3939819335938,891600
2023-08-07,690.4400024414062,693.4299926757812,684.4199829101562,693.4199829101562,676.3963623046875,663500
2023-08-08,675.3099975585938,680.7000122070312,670.4600219726562,679.3699951171875,662.6913452148438,746700
2023-08-09,679.75,683.989990234375,670.6400146484375,672.489990234375,655.9801635742188,685200
2023-08-10,688.1900024414062,695.3200073242188,676.1199951171875,677.8099975585938,661.169677734375,913900
2023-08-11,666.7999877929688,670.010009765625,661.27001953125,661.780029296875,645.5330810546875,806000
2023-08-14,652.9500122070312,666.739990234375,648.7100219726562,666.5499877929688,650.1859741210938,957400
2023-08-15,657.9000244140625,658.8699951171875,650.75,651.7000122070312,635.7005615234375,633100
2023-08-16,655.5900268554688,658.989990234375,646.280029296875,646.4400024414062,630.56982421875,665300
2023-08-17,655.739990234375,655.77001953125,642.8800048828125,644.3400268554688,628.5213012695312,797100
2023-08-18,645.02001953125,658.3300170898438,642.9500122070312,655.3300170898438,639.2413940429688,937600
2023-08-21,653.8599853515625,664.6400146484375,649.9099731445312,662.52001953125,646.2550659179688,1104300
2023-08-22,679.219970703125,680.530029296875,663.7100219726562,667.52001953125,651.1322631835938,760200
2023-08-23,668.239990234375,680.9500122070312,666.52001953125,677.1199951171875,660.4965209960938,908100
2023-08-24,678.010009765625,678.1699829101562,646.8699951171875,647.8200073242188,631.9158325195312,1336800
2023-08-25,643.6799926757812,652.8900146484375,635.8699951171875,651.010009765625,635.0274658203125,986200
2023-08-28,657.0599975585938,659.8099975585938,652.489990234375,658.989990234375,642.8115234375,535800
2023-08-29,652.5,668.5399780273438,652.3599853515625,667.510009765625,651.1224365234375,757900
2023-08-30,667.3900146484375,671.219970703125,663.530029296875,669.5599975585938,653.1221313476562,564100
2023-08-31,660.0,669.3200073242188,656.6199951171875,660.530029296875,644.3139038085938,1100100
2023-09-01,674.0,674.5399780273438,657.5,662.52001953125,646.2550659179688,592800
2023-09-05,665.1300048828125,667.4299926757812,661.1699829101562,663.5599975585938,647.2694091796875,592100
2023-09-06,666.1500244140625,669.7899780273438,657.0800170898438,666.0399780273438,649.6885375976562,870800
2023-09-07,637.6300048828125,639.6699829101562,628.8599853515625,637.7899780273438,622.132080078125,1236200
2023-09-08,628.3699951171875,633.02001953125,625.219970703125,627.8599853515625,612.4458618164062,873200
2023-09-11,630.8300170898438,631.530029296875,618.3800048828125,627.7100219726562,612.2996215820312,1066300
2023-09-12,611.0,622.989990234375,610.2000122070312,618.7999877929688,603.6082763671875,1311300
2023-09-13,614.3699951171875,619.9600219726562,613.8099975585938,617.0499877929688,601.9012451171875,1077000
2023-09-14,620.8099975585938,624.7999877929688,615.3599853515625,621.9000244140625,606.6322021484375,1237000
2023-09-15,602.6199951171875,605.22998046875,594.02001953125,596.6599731445312,582.0117797851562,2841400
2023-09-18,588.1799926757812,598.3599853515625,588.010009765625,597.72998046875,583.0555419921875,1071700
2023-09-19,596.0399780273438,598.1500244140625,589.1300048828125,593.77001953125,579.1926879882812,893500
2023-09-20,595.6199951171875,600.8300170898438,589.75,589.8800048828125,575.3981323242188,1094500
2023-09-21,586.989990234375,590.97998046875,582.1199951171875,582.1199951171875,567.8287963867188,1313800
2023-09-22,593.8800048828125,594.77001953125,586.0399780273438,587.0999755859375,572.6864624023438,837300
2023-09-25,583.6300048828125,587.989990234375,580.530029296875,586.1300048828125,571.7404174804688,607300
2023-09-26,576.4000244140625,578.77001953125,567.9199829101562,572.7100219726562,558.6497802734375,1471000
2023-09-27,578.0,582.1799926757812,564.280029296875,574.530029296875,560.4251098632812,1477600
2023-09-28,566.22998046875,588.2999877929688,564.0,580.6500244140625,566.3948974609375,1112500
2023-09-29,600.4299926757812,600.8599853515625,586.760009765625,588.6599731445312,574.2081909179688,1017400
2023-10-02,583.3599853515625,587.6199951171875,576.3499755859375,582.1799926757812,567.8873901367188,811300
2023-10-03,574.9500122070312,579.6799926757812,567.5700073242188,570.5999755859375,556.5916748046875,1101300
2023-10-04,584.1699829101562,591.8400268554688,580.4600219726562,590.8599853515625,576.3541870117188,1325900
2023-10-05,583.7000122070312,586.5999755859375,575.4000244140625,581.6900024414062,567.409423828125,865500
2023-10-06,583.7899780273438,600.489990234375,577.5999755859375,597.3599853515625,582.6946411132812,1042100
2023-10-09,587.6500244140625,591.7100219726562,582.4099731445312,591.3699951171875,576.851806640625,738500
2023-10-10,600.1799926757812,606.7999877929688,598.3499755859375,602.1500244140625,587.3668823242188,1087000
2023-10-11,601.3499755859375,606.1900024414062,598.0,606.1900024414062,591.307861328125,981800
2023-10-12,609.6400146484375,624.1900024414062,609.6400146484375,616.760009765625,601.6183471679688,1618400
2023-10-13,611.3400268554688,612.2000122070312,597.3400268554688,599.75,585.02587890625,1098500
2023-10-16,601.0399780273438,606.0499877929688,598.0,603.7999877929688,588.9765014648438,1154100
2023-10-17,590.8900146484375,610.3499755859375,586.9400024414062,608.6300048828125,593.6879272460938,1535700
2023-10-18,581.780029296875,591.7899780273438,573.8599853515625,583.25,568.9310913085938,2401700
2023-10-19,600.4400024414062,604.5399780273438,584.8599853515625,587.72998046875,573.301025390625,1475500
2023-10-20,588.9500122070312,592.2899780273438,578.2999877929688,580.0999755859375,565.8582763671875,1035000
2023-10-23,577.6099853515625,593.510009765625,573.8599853515625,587.7899780273438,573.3595581054688,905100
2023-10-24,590.6199951171875,602.760009765625,589.6300048828125,600.75,586.00146484375,1333900
2023-10-25,597.4500122070312,598.1900024414062,581.5700073242188,583.3400268554688,569.0189208984375,1322700
2023-10-26,593.0999755859375,599.0,585.5700073242188,588.2000122070312,573.7596435546875,1093000
2023-10-27,594.8699951171875,595.969970703125,587.3300170898438,590.0,575.515380859375,819400
2023-10-30,592.77001953125,594.4500122070312,582.47998046875,588.8800048828125,574.4228515625,746700
2023-10-31,599.6500244140625,602.1300048828125,593.5599975585938,598.8099975585938,584.1090698242188,1020300
2023-11-01,599.6699829101562,608.7999877929688,596.780029296875,608.27001953125,594.856689453125,1005800
2023-11-02,636.969970703125,637.489990234375,627.0900268554688,631.3900146484375,617.4669189453125,1527400
2023-11-03,643.0999755859375,647.0,638.9000244140625,642.4099731445312,628.243896484375,906900
2023-11-06,636.8800048828125,638.7999877929688,631.1699829101562,637.4400024414062,623.3834838867188,651300
2023-11-07,633.8200073242188,641.3900146484375,633.530029296875,636.3099975585938,622.2784423828125,529000
2023-11-08,639.5499877929688,642.6599731445312,637.1500244140625,639.2899780273438,625.1925659179688,727000
2023-11-09,646.3900146484375,649.3800048828125,633.8499755859375,634.260009765625,620.2735595703125,1221600
2023-11-10,644.4600219726562,663.219970703125,640.7899780273438,661.280029296875,646.6978149414062,1246700
2023-11-13,654.1400146484375,657.75,648.27001953125,654.5999755859375,640.1650390625,641200
2023-11-14,674.6500244140625,678.489990234375,669.5,675.4099731445312,660.5160522460938,1166800
2023-11-15,680.280029296875,682.2000122070312,675.010009765625,678.0,663.049072265625,918500
2023-11-16,676.7100219726562,684.5800170898438,675.0,680.8699951171875,665.8556518554688,854700
2023-11-17,681.0599975585938,687.5900268554688,679.2000122070312,686.0900268554688,670.960693359375,627600
2023-11-20,685.3200073242188,696.969970703125,685.3200073242188,694.3099975585938,678.9993286132812,674700
2023-11-21,693.8699951171875,694.5800170898438,679.9199829101562,684.4199829101562,669.3273315429688,705400
2023-11-22,689.469970703125,694.0499877929688,683.9099731445312,684.7999877929688,669.6990356445312,522300
2023-11-24,690.0700073242188,692.0399780273438,687.9000244140625,691.1799926757812,675.9384155273438,352100
2023-11-27,687.6599731445312,690.3099975585938,685.0499877929688,688.3800048828125,673.2001342773438,545500
2023-11-28,680.0,682.8499755859375,672.6500244140625,675.989990234375,661.08349609375,644300
2023-11-29,686.510009765625,693.1099853515625,684.6699829101562,687.6099853515625,672.4472045898438,795500
2023-11-30,683.1099853515625,684.3300170898438,676.3800048828125,683.760009765625,668.6820068359375,753600
2023-12-01,688.1699829101562,695.5800170898438,683.0499877929688,692.2000122070312,676.9359130859375,857600
2023-12-04,686.739990234375,690.719970703125,679.1199951171875,690.3200073242188,675.0972900390625,748500
2023-12-05,690.3200073242188,697.4299926757812,687.9299926757812,694.530029296875,679.214599609375,610000
2023-12-06,699.4299926757812,703.27001953125,691.219970703125,692.0800170898438,676.8185424804688,657100
2023-12-07,695.3699951171875,700.489990234375,692.0900268554688,699.6500244140625,684.2216186523438,780600
2023-12-08,695.3400268554688,702.8300170898438,694.030029296875,696.4299926757812,681.0726318359375,920600
2023-12-11,704.719970703125,713.489990234375,702.5999755859375,710.239990234375,694.578125,1585000
2023-12-12,714.9199829101562,720.97998046875,711.3099975585938,720.5599975585938,704.670654296875,880100
2023-12-13,724.6500244140625,738.6799926757812,720.739990234375,735.2899780273438,719.07568359375,1037200
2023-12-14,744.2999877929688,755.989990234375,744.2999877929688,753.7100219726562,737.089599609375,1446600
2023-12-15,753.7100219726562,760.3300170898438,749.6199951171875,752.9600219726562,736.3561401367188,1507000
2023-12-18,747.3699951171875,747.7999877929688,736.3200073242188,742.0599975585938,725.6963500976562,808900
2023-12-19,743.0,745.0800170898438,740.530029296875,744.719970703125,728.2976684570312,571000
2023-12-20,739.5999755859375,749.8599853515625,729.6099853515625,729.6099853515625,713.5209350585938,1007600
2023-12-21,744.1699829101562,755.9199829101562,743.5499877929688,755.27001953125,738.6151733398438,868200
2023-12-22,752.8400268554688,755.8200073242188,749.1099853515625,752.530029296875,735.935546875,597300
2023-12-26,750.0999755859375,765.7999877929688,750.0,762.6799926757812,745.8616943359375,509000
2023-12-27,760.8200073242188,764.47998046875,758.3499755859375,764.030029296875,747.1820678710938,486900
2023-12-28,762.0700073242188,763.0900268554688,757.8099975585938,757.8499755859375,741.1382446289062,468000
2023-12-29,758.030029296875,760.3499755859375,752.3300170898438,756.9199829101562,740.2286987304688,517900
2024-01-02,730.0,730.77001953125,714.1400146484375,716.9199829101562,701.1107177734375,1368700
2024-01-03,700.5999755859375,706.6400146484375,699.5999755859375,703.3699951171875,687.859619140625,952000
2024-01-04,698.0,709.510009765625,697.510009765625,700.2899780273438,684.8475341796875,752100
2024-01-05,700.760009765625,709.7899780273438,699.5999755859375,703.3400268554688,687.8302612304688,579200
2024-01-08,712.6500244140625,720.8400268554688,711.9099731445312,720.8400268554688,704.9444580078125,835300
2024-01-09,710.6699829101562,719.0700073242188,710.6699829101562,715.9500122070312,700.1621704101562,587000
2024-01-10,716.469970703125,720.0,708.0399780273438,717.7899780273438,701.9615478515625,506400
2024-01-11,720.489990234375,724.1900024414062,708.6300048828125,718.530029296875,702.685302734375,603900
2024-01-12,712.6099853515625,715.5499877929688,709.6199951171875,713.219970703125,697.4923706054688,580500
2024-01-16,707.989990234375,711.2999877929688,702.5,706.5,690.9205932617188,913100
2024-01-17,705.9500122070312,713.1699829101562,696.0800170898438,712.27001953125,696.5633544921875,835100
2024-01-18,724.6799926757812,748.27001953125,724.6799926757812,744.530029296875,728.1119384765625,2230400
2024-01-19,748.5,759.469970703125,744.780029296875,757.8300170898438,741.11865234375,1796100
2024-01-22,766.4000244140625,776.530029296875,765.530029296875,766.6799926757812,749.7734375,1418600
2024-01-23,766.0499877929688,778.6699829101562,762.5399780273438,778.3900146484375,761.2254028320312,1800700
2024-01-24,826.8599853515625,864.5900268554688,826.5,847.3099975585938,828.62548828125,7754300
2024-01-25,869.0,883.280029296875,862.989990234375,869.0800170898438,849.91552734375,3449500
2024-01-26,863.5499877929688,873.2000122070312,853.2100219726562,867.75,848.61474609375,1614800
2024-01-29,867.5800170898438,883.4199829101562,865.2000122070312,882.6199951171875,863.1569213867188,1034500
2024-01-30,874.0499877929688,877.72998046875,862.6099853515625,868.030029296875,848.8886108398438,895600
2024-01-31,861.219970703125,884.0,859.4600219726562,869.8200073242188,850.6390991210938,1251200
2024-02-01,882.3200073242188,893.780029296875,876.6599731445312,890.5399780273438,870.9022216796875,1040200
2024-02-02,879.239990234375,893.0499877929688,879.0900268554688,890.6599731445312,871.01953125,896400
2024-02-05,885.5999755859375,901.9199829101562,881.0999755859375,898.5399780273438,880.2636108398438,950100
2024-02-06,898.7999877929688,905.760009765625,890.8499755859375,904.8900146484375,886.484619140625,1409500
2024-02-07,905.2899780273438,927.7899780273438,905.0599975585938,922.22998046875,903.4716796875,1492200
2024-02-08,917.5900268554688,927.72998046875,910.9099731445312,922.9400024414062,904.1672973632812,1150800
2024-02-09,936.6900024414062,954.3200073242188,931.7100219726562,949.5999755859375,930.2849731445312,1588800
2024-02-12,939.6599731445312,946.47998046875,927.3499755859375,929.2100219726562,910.309814453125,1033600
2024-02-13,890.8499755859375,915.8900146484375,889.010009765625,903.3200073242188,884.9463500976562,1297200
2024-02-14,914.780029296875,925.75,913.4000244140625,924.4400024414062,905.6369018554688,1206400
2024-02-15,929.0800170898438,934.75,919.3400268554688,929.8400268554688,910.9269409179688,884300
2024-02-16,932.72998046875,948.52001953125,925.72998046875,928.9400024414062,910.0452880859375,1161300
2024-02-20,918.5999755859375,919.97998046875,898.510009765625,909.5700073242188,891.0692749023438,1044100
2024-02-21,897.4500122070312,908.6699829101562,892.6300048828125,908.2100219726562,889.7369995117188,867500
2024-02-22,946.9199829101562,959.4600219726562,941.2000122070312,951.8499755859375,932.4891967773438,1780800
2024-02-23,952.280029296875,954.5599975585938,932.7899780273438,933.25,914.267578125,879000
2024-02-26,941.510009765625,951.719970703125,936.2000122070312,947.5900268554688,928.3160400390625,671300
2024-02-27,953.0,957.760009765625,940.3599853515625,941.3699951171875,922.2225341796875,807500
2024-02-28,939.0399780273438,943.5,935.0999755859375,939.5,920.3905029296875,519700
2024-02-29,939.5,952.4500122070312,938.4199829101562,951.6799926757812,932.32275390625,777600
2024-03-01,951.5800170898438,991.4500122070312,950.27001953125,990.9400024414062,970.7841186523438,1698200
2024-03-04,992.5999755859375,1007.6799926757812,987.75,998.0399780273438,977.73974609375,1433000
2024-03-05,989.7100219726562,992.0399780273438,958.6900024414062,968.8400268554688,949.1337890625,1259500
2024-03-06,986.9400024414062,1009.6300048828125,981.469970703125,1003.9299926757812,983.510009765625,1304500
2024-03-07,1015.6699829101562,1056.3399658203125,1014.8200073242188,1047.3900146484375,1026.0860595703125,1580300
2024-03-08,1038.8800048828125,1040.2099609375,993.22998046875,994.3300170898438,974.1053466796875,1638500
2024-03-11,979.5,981.030029296875,957.5,962.6699829101562,943.0891723632812,1432100
2024-03-12,966.7999877929688,984.989990234375,950.47998046875,984.2899780273438,964.2694702148438,1165200
2024-03-13,983.1599731445312,983.1599731445312,959.0599975585938,968.780029296875,949.0750122070312,851100
2024-03-14,968.5900268554688,971.469970703125,950.5599975585938,959.780029296875,940.258056640625,876600
2024-03-15,954.780029296875,954.780029296875,931.7899780273438,940.2100219726562,921.0860595703125,1727400
2024-03-18,949.3599853515625,958.2100219726562,939.75,941.3400268554688,922.1932373046875,821400
2024-03-19,938.5399780273438,956.5900268554688,928.0,951.9099731445312,932.5480346679688,817600
2024-03-20,956.0700073242188,974.2999877929688,946.8900146484375,970.9199829101562,951.1714477539062,838600
2024-03-21,1005.010009765625,1005.6599731445312,988.0800170898438,990.7899780273438,970.6372680664062,1112400
2024-03-22,973.7100219726562,991.0800170898438,972.5700073242188,979.9600219726562,960.0275268554688,692800
2024-03-25,979.1300048828125,992.280029296875,976.4600219726562,978.9299926757812,959.0184936523438,860900
2024-03-26,986.739990234375,989.3900146484375,970.8300170898438,971.2999877929688,951.5436401367188,706000
2024-03-27,978.780029296875,979.2000122070312,964.0700073242188,974.010009765625,954.198486328125,572100
2024-03-28,969.5499877929688,971.8699951171875,961.6500244140625,970.469970703125,950.7305908203125,685700
2024-04-01,979.760009765625,1022.6599731445312,979.760009765625,992.9500122070312,972.7532348632812,1108500
2024-04-02,968.1300048828125,973.8400268554688,957.1199951171875,966.7100219726562,947.0470581054688,964000
2024-04-03,965.8800048828125,986.469970703125,962.0999755859375,980.27001953125,960.3312377929688,892100
2024-04-04,991.989990234375,996.7999877929688,953.3900146484375,953.4099731445312,934.0174560546875,1269700
2024-04-05,976.5,986.5999755859375,966.9199829101562,979.5499877929688,959.6259155273438,878400
2024-04-08,989.8499755859375,996.2000122070312,980.1300048828125,982.7100219726562,962.7216186523438,929000
2024-04-09,993.739990234375,1000.2000122070312,969.3599853515625,989.8300170898438,969.69677734375,717500
2024-04-10,962.8099975585938,983.47998046875,962.8099975585938,974.6099853515625,954.7863159179688,722800
2024-04-11,981.5499877929688,992.1900024414062,963.3300170898438,992.1799926757812,971.9990234375,964700
2024-04-12,969.8200073242188,972.1500244140625,956.5,961.8400268554688,942.276123046875,1031000
2024-04-15,985.4199829101562,988.719970703125,951.0999755859375,954.8200073242188,935.39892578125,1077500
2024-04-16,958.2999877929688,978.6099853515625,957.2000122070312,976.9199829101562,957.0493774414062,1506500
2024-04-17,942.8099975585938,942.8300170898438,895.8400268554688,907.6099853515625,889.1490478515625,3774100
2024-04-18,901.1199951171875,903.5999755859375,886.4000244140625,889.030029296875,870.947021484375,1653700
2024-04-19,887.4400024414062,896.2100219726562,855.5900268554688,859.5399780273438,842.0568237304688,2486800
2024-04-22,870.0,880.0,862.4600219726562,872.0499877929688,854.3124389648438,1143900
2024-04-23,879.2999877929688,908.0599975585938,875.0,901.5700073242188,883.2319946289062,991300
2024-04-24,913.0499877929688,915.0,881.969970703125,892.3200073242188,874.1702270507812,860600
2024-04-25,875.0,911.0599975585938,871.0,902.510009765625,884.1528930664062,1114200
2024-04-26,912.27001953125,926.3900146484375,911.5499877929688,918.969970703125,902.1502685546875,865100
2024-04-29,911.8499755859375,913.25,901.0800170898438,909.77001953125,893.11865234375,650800
2024-04-30,896.0999755859375,907.1799926757812,871.219970703125,872.469970703125,856.5014038085938,1093000
2024-05-01,871.1099853515625,880.5900268554688,849.1400146484375,852.8400268554688,837.2306518554688,1458200
2024-05-02,875.0,878.0,862.3499755859375,870.280029296875,854.3515625,876800
2024-05-03,894.5900268554688,904.9600219726562,888.6699829101562,901.6300048828125,885.127685546875,1038000
2024-05-06,909.2000122070312,918.3599853515625,905.030029296875,916.9199829101562,900.1378784179688,642000
2024-05-07,924.8300170898438,926.3800048828125,907.6400146484375,908.219970703125,891.59716796875,655000
2024-05-08,904.4400024414062,916.72998046875,903.3200073242188,911.469970703125,894.7875366210938,555700
2024-05-09,914.7000122070312,918.1699829101562,907.3800048828125,913.5399780273438,896.8196411132812,756000
2024-05-10,925.0,939.0,925.0,930.2899780273438,913.2631225585938,814100
2024-05-13,927.6799926757812,929.0,914.260009765625,917.239990234375,900.451904296875,745700
2024-05-14,912.9000244140625,916.3800048828125,905.8800048828125,915.030029296875,898.282470703125,592000
2024-05-15,918.6500244140625,937.4199829101562,910.6500244140625,937.4199829101562,920.2625732421875,883000
2024-05-16,936.5,938.8099975585938,918.9400024414062,919.5399780273438,902.7098999023438,811100
2024-05-17,920.7999877929688,930.969970703125,916.2100219726562,924.969970703125,908.04052734375,703700
2024-05-20,925.780029296875,946.719970703125,925.780029296875,939.4400024414062,922.2456665039062,669300
2024-05-21,920.9400024414062,933.5800170898438,915.3400268554688,925.27001953125,908.3349609375,746400
2024-05-22,931.2100219726562,933.5,913.489990234375,922.3300170898438,905.4487915039062,668600
2024-05-23,967.5800170898438,969.489990234375,927.4099731445312,934.25,917.150634765625,1357200
2024-05-24,938.260009765625,958.5700073242188,933.72998046875,956.219970703125,938.718505859375,684900
2024-05-28,972.7999877929688,992.8800048828125,965.25,991.8499755859375,973.6963500976562,1184000
2024-05-29,961.5499877929688,965.5,955.9400024414062,957.8800048828125,940.34814453125,902000
2024-05-30,957.0,969.1500244140625,952.7999877929688,966.1199951171875,948.4373168945312,846500
2024-05-31,971.8099975585938,980.0,932.9299926757812,960.3499755859375,942.7728271484375,1040400
2024-06-03,969.3400268554688,972.260009765625,948.3900146484375,965.47998046875,947.8089599609375,752800
2024-06-04,962.239990234375,963.7100219726562,943.0,950.8099975585938,933.4075927734375,765400
2024-06-05,1019.3499755859375,1041.56005859375,1008.9000244140625,1041.3399658203125,1022.2803955078125,2586500
2024-06-06,1048.0,1054.43994140625,1032.989990234375,1052.6099853515625,1033.3441162109375,1370700
2024-06-07,1040.25,1043.739990234375,1026.52001953125,1028.4200439453125,1009.59716796875,936200
2024-06-10,1016.1400146484375,1046.1199951171875,1013.9199829101562,1041.7099609375,1022.6439208984375,1039500
2024-06-11,1027.489990234375,1038.9100341796875,1019.6900024414062,1036.010009765625,1017.048095703125,789500
2024-06-12,1059.1500244140625,1077.219970703125,1055.6300048828125,1068.8599853515625,1049.296875,978400
2024-06-13,1053.72998046875,1061.0,1038.739990234375,1052.7099609375,1033.442626953125,1106300
2024-06-14,1021.4600219726562,1031.0,1016.5999755859375,1027.9000244140625,1009.086669921875,1047200
2024-06-17,1044.18994140625,1054.3800048828125,1032.6700439453125,1052.469970703125,1033.2069091796875,844400
2024-06-18,1042.199951171875,1069.4200439453125,1042.0,1061.3800048828125,1041.9537353515625,1025300
2024-06-20,1058.22998046875,1063.1500244140625,1045.02001953125,1050.739990234375,1031.5086669921875,1150300
2024-06-21,1038.1800537109375,1039.0,1023.2100219726562,1036.5999755859375,1017.6273803710938,1626000
2024-06-24,1033.1700439453125,1034.7099609375,1002.010009765625,1002.010009765625,983.6704711914062,1027000
2024-06-25,1005.1599731445312,1023.489990234375,1002.6400146484375,1023.3400268554688,1004.6101684570312,621600
2024-06-26,1014.0,1023.5999755859375,1003.9000244140625,1016.5999755859375,997.9934692382812,885100
2024-06-27,1029.43994140625,1041.7099609375,1024.6400146484375,1028.010009765625,1009.1946411132812,784300
2024-06-28,1028.0,1048.81005859375,1015.4500122070312,1022.72998046875,1004.01123046875,837600
2024-07-01,1035.550048828125,1038.1099853515625,1015.7999877929688,1033.489990234375,1014.5742797851562,791000
2024-07-02,1026.77001953125,1047.989990234375,1025.8599853515625,1047.8900146484375,1028.710693359375,748700
2024-07-03,1058.3900146484375,1074.300048828125,1055.4100341796875,1071.4100341796875,1051.80029296875,779800
2024-07-05,1079.75,1082.7900390625,1069.3399658203125,1074.47998046875,1054.8140869140625,771100
2024-07-08,1083.1500244140625,1087.7900390625,1075.8299560546875,1077.3900146484375,1057.6707763671875,881900
2024-07-09,1079.699951171875,1081.52001953125,1059.3499755859375,1059.969970703125,1040.5694580078125,925400
2024-07-10,1069.18994140625,1100.5799560546875,1065.0,1098.949951171875,1078.836181640625,925400
2024-07-11,1109.97998046875,1110.0899658203125,1061.56005859375,1062.5,1043.05322265625,1151400
2024-07-12,1072.760009765625,1100.6199951171875,1066.300048828125,1085.260009765625,1065.396728515625,1053800
2024-07-15,1097.43994140625,1098.72998046875,1060.3699951171875,1063.6300048828125,1044.16259765625,1365600
2024-07-16,1074.52001953125,1077.050048828125,1060.739990234375,1068.18994140625,1048.63916015625,1197600
2024-07-17,978.5800170898438,979.989990234375,928.7000122070312,932.0599975585938,915.000732421875,5188400
2024-07-18,953.5,957.2100219726562,911.0,924.1500244140625,907.235595703125,2242200
2024-07-19,915.22998046875,920.3400268554688,891.6599731445312,895.3699951171875,878.9822998046875,2133600
2024-07-22,928.1900024414062,942.5700073242188,922.010009765625,941.260009765625,924.0322875976562,1926800
2024-07-23,935.3800048828125,940.4099731445312,929.1799926757812,932.8099975585938,915.7369384765625,1056200
2024-07-24,918.1599731445312,919.6699829101562,870.760009765625,872.75,856.7762451171875,1912000
2024-07-25,873.0,886.3699951171875,850.1799926757812,862.6300048828125,846.8414916992188,2075900
2024-07-26,893.9199829101562,895.5700073242188,882.22998046875,888.3900146484375,872.1300048828125,1681600
2024-07-29,886.989990234375,898.0,869.02001953125,870.5499877929688,856.2000122070312,1231500
2024-07-30,892.5,893.9400024414062,856.0,860.239990234375,846.0599365234375,1682100
2024-07-31,925.52001953125,942.239990234375,917.0399780273438,936.7000122070312,921.2596435546875,2406800
2024-08-01,923.0399780273438,927.760009765625,871.8099975585938,883.7100219726562,869.1431884765625,1808500
2024-08-02,824.2000122070312,828.5900268554688,795.8900146484375,809.3499755859375,796.0088500976562,3624100
2024-08-05,775.0,838.8800048828125,767.4099731445312,820.3499755859375,806.8274536132812,2815600
2024-08-06,840.3599853515625,860.010009765625,835.530029296875,843.010009765625,829.1139526367188,1995700
2024-08-07,877.0,878.3900146484375,834.6300048828125,836.3499755859375,822.5638427734375,1521600
2024-08-08,860.969970703125,878.6300048828125,849.260009765625,876.6500244140625,862.1995849609375,1447700
2024-08-09,855.22998046875,865.2999877929688,848.5399780273438,860.5499877929688,846.3648681640625,950500
2024-08-12,861.75,866.969970703125,852.8200073242188,852.8599853515625,838.801513671875,1151200
2024-08-13,860.7999877929688,872.6699829101562,856.3200073242188,869.489990234375,855.157470703125,1526600
2024-08-14,887.5900268554688,890.3900146484375,870.4600219726562,879.5800170898438,865.0811767578125,887700
2024-08-15,900.3900146484375,930.8099975585938,896.2999877929688,928.25,912.9488525390625,1459000
2024-08-16,916.1599731445312,922.4600219726562,913.030029296875,918.6599731445312,903.5170288085938,804200
2024-08-19,917.1400146484375,933.7100219726562,909.4500122070312,933.1500244140625,917.7681274414062,1024600
2024-08-20,935.97998046875,936.3800048828125,917.3499755859375,926.1799926757812,910.9130859375,921300
2024-08-21,933.719970703125,945.0499877929688,931.6699829101562,943.6099853515625,928.0556640625,646500
2024-08-22,943.0,943.989990234375,904.5900268554688,907.7100219726562,892.7474975585938,1092600
2024-08-23,912.9099731445312,922.1300048828125,903.1300048828125,907.260009765625,892.3049926757812,1395900
2024-08-26,903.5399780273438,904.6400146484375,882.4500122070312,883.3099975585938,868.7496948242188,1251500
2024-08-27,880.0,895.760009765625,874.47998046875,889.8800048828125,875.2113647460938,661600
2024-08-28,890.7000122070312,897.4600219726562,880.4199829101562,888.1300048828125,873.4901733398438,727300
2024-08-29,906.0599975585938,914.530029296875,882.989990234375,887.7100219726562,873.0772094726562,1173800
2024-08-30,900.0499877929688,906.9299926757812,888.9400024414062,903.8699951171875,888.9707641601562,991200
2024-09-03,892.5999755859375,892.72998046875,841.6500244140625,845.3900146484375,831.4547729492188,1870800
2024-09-04,805.0,822.719970703125,799.22998046875,811.47998046875,798.1036987304688,2350900
2024-09-05,795.6900024414062,808.0499877929688,790.5,795.5999755859375,782.4855346679688,1672000
2024-09-06,792.7999877929688,792.9400024414062,750.8699951171875,752.7899780273438,740.3812255859375,3286800
2024-09-09,764.0800170898438,764.280029296875,738.1500244140625,749.8200073242188,737.4600219726562,2539900
2024-09-10,749.9099731445312,752.0,734.25,751.3800048828125,738.994384765625,1524000
2024-09-11,770.030029296875,801.5999755859375,758.72998046875,800.1400146484375,786.9507446289062,2559100
2024-09-12,801.3900146484375,808.6900024414062,793.719970703125,800.1699829101562,786.9800415039062,1318700
2024-09-13,804.1199951171875,818.6199951171875,803.8699951171875,816.3599853515625,802.9032592773438,1069200
2024-09-16,808.9600219726562,809.22998046875,792.1400146484375,803.0399780273438,789.8029174804688,1150100
2024-09-17,808.7000122070312,811.77001953125,796.5399780273438,805.6900024414062,792.4091186523438,734600
2024-09-18,800.0900268554688,810.9099731445312,786.3699951171875,787.8400268554688,774.8533935546875,1249000
2024-09-19,832.6699829101562,839.6500244140625,822.219970703125,828.1599731445312,814.5086669921875,1644300
2024-09-20,809.5599975585938,810.1900024414062,789.6599731445312,795.280029296875,782.1707763671875,2748600
2024-09-23,807.6099853515625,807.6099853515625,798.010009765625,803.5,790.2552490234375,965600
2024-09-24,809.5499877929688,816.5,801.0,814.0,800.5822143554688,881200
2024-09-25,816.3499755859375,827.2100219726562,814.0,818.1799926757812,804.6932373046875,878200
2024-09-26,860.3300170898438,862.0,839.7000122070312,852.4400024414062,838.3885498046875,1566400
2024-09-27,852.4500122070312,854.1500244140625,838.2000122070312,841.5399780273438,827.6682739257812,1038400
2024-09-30,836.5499877929688,842.1599731445312,819.7000122070312,833.25,819.5148315429688,994700
2024-10-01,839.6799926757812,841.27001953125,811.9000244140625,822.3499755859375,808.7944946289062,1244100
2024-10-02,820.7999877929688,839.27001953125,816.5,832.1900024414062,818.472412109375,898400
2024-10-03,825.9099731445312,837.510009765625,823.7899780273438,832.4099731445312,818.6886596679688,651900
2024-10-04,836.0499877929688,839.3400268554688,825.9600219726562,833.0,819.2689819335938,862500
2024-10-07,811.719970703125,823.0,811.010009765625,817.25,803.7785034179688,898200
2024-10-08,822.5,830.8300170898438,820.0700073242188,824.260009765625,810.6730346679688,1265900
2024-10-09,829.8300170898438,846.1199951171875,826.3699951171875,845.9000244140625,831.9563598632812,1004900
2024-10-10,825.0,835.6300048828125,821.5,833.969970703125,820.2229614257812,876300
2024-10-11,829.9199829101562,845.0,828.4099731445312,840.6900024414062,826.8322143554688,964700
2024-10-14,852.52001953125,873.25,852.1699829101562,872.27001953125,857.8917236328125,1769200
2024-10-15,867.219970703125,873.6500244140625,717.5,730.4299926757812,718.3897094726562,9350700
2024-10-16,710.969970703125,717.47998046875,677.27001953125,683.52001953125,672.2529907226562,10296200
2024-10-17,692.6400146484375,703.8800048828125,677.1199951171875,700.5999755859375,689.0514526367188,7209100
2024-10-18,717.6699829101562,726.4600219726562,713.1799926757812,723.260009765625,711.3379516601562,4537800
2024-10-21,724.0,724.8499755859375,708.7899780273438,714.0999755859375,702.3289184570312,2184800
2024-10-22,723.0,724.1099853515625,717.6400146484375,720.9099731445312,709.026611328125,2067000
2024-10-23,714.0499877929688,716.3099975585938,700.0999755859375,708.6199951171875,696.9391479492188,1681400
2024-10-24,719.989990234375,720.0,706.4500122070312,710.8099975585938,699.0931396484375,1854700
2024-10-25,715.989990234375,723.25,711.22998046875,711.7000122070312,699.9683227539062,1380100
2024-10-28,708.3900146484375,711.5,703.989990234375,708.6500244140625,696.9688110351562,1182800
2024-10-29,707.739990234375,715.9400024414062,703.6900024414062,715.1400146484375,704.9843139648438,1445500
2024-10-30,693.5499877929688,695.6199951171875,682.6199951171875,683.8300170898438,674.1189575195312,3085200
2024-10-31,682.97998046875,683.0,667.219970703125,672.5499877929688,662.9990234375,2398300
2024-11-01,678.5499877929688,682.760009765625,673.4600219726562,674.72998046875,665.1480712890625,1801700
2024-11-04,676.0499877929688,678.4299926757812,670.8200073242188,671.1599731445312,661.62890625,1232500
2024-11-05,673.510009765625,685.52001953125,673.469970703125,676.4600219726562,666.8536376953125,1282000
2024-11-06,668.5499877929688,673.0399780273438,654.77001953125,661.4299926757812,652.0370483398438,3208600
2024-11-07,674.1099853515625,679.8400268554688,669.8099975585938,677.2100219726562,667.5929565429688,1758300
2024-11-08,670.0,671.239990234375,661.8900146484375,669.469970703125,659.9627685546875,1726800
2024-11-11,671.77001953125,671.989990234375,661.9400024414062,671.3099975585938,661.7766723632812,1520100
2024-11-12,672.6400146484375,676.5399780273438,662.8300170898438,669.1799926757812,659.6768798828125,1711000
2024-11-13,664.6199951171875,673.6799926757812,656.780029296875,673.4099731445312,663.8468627929688,2453700
2024-11-14,705.6799926757812,712.0,691.530029296875,692.9600219726562,683.1192626953125,3925300
2024-11-15,678.3599853515625,679.8800048828125,657.52001953125,658.6300048828125,649.2767944335938,3063200
2024-11-18,651.0700073242188,668.8599853515625,648.0,665.22998046875,655.7830810546875,2010600
2024-11-19,662.8200073242188,671.4099731445312,653.469970703125,662.1599731445312,652.7566528320312,1640700
2024-11-20,656.530029296875,658.47998046875,645.4500122070312,658.4299926757812,649.0796508789062,1677800
2024-11-21,653.9199829101562,673.0599975585938,649.02001953125,672.1599731445312,662.6146240234375,2859000
2024-11-22,667.7999877929688,674.7999877929688,666.219970703125,672.8800048828125,663.3243408203125,1275600
2024-11-25,685.0,686.7100219726562,678.0,684.469970703125,674.7498168945312,1511300
2024-11-26,679.5900268554688,681.8499755859375,666.8300170898438,671.969970703125,662.4273681640625,1424100
2024-11-27,669.760009765625,672.6900024414062,659.6099853515625,670.47998046875,660.95849609375,1231800
2024-11-29,678.8699951171875,699.6500244140625,678.5399780273438,686.6099853515625,676.8594360351562,1706500
2024-12-02,681.75,713.6799926757812,680.7000122070312,711.469970703125,701.3663330078125,2325900
2024-12-03,702.6500244140625,721.3300170898438,700.6199951171875,718.0599975585938,707.86279296875,1647200
2024-12-04,723.7899780273438,724.9400024414062,716.9299926757812,719.9199829101562,709.6963500976562,1529800
2024-12-05,729.1500244140625,729.219970703125,708.0,711.5,701.3960571289062,1801100
2024-12-06,711.739990234375,717.2100219726562,707.0800170898438,708.97998046875,698.9118041992188,1215400
2024-12-09,713.25,723.2100219726562,705.6500244140625,706.52001953125,696.4866943359375,1267500
2024-12-10,716.6199951171875,718.2999877929688,700.5700073242188,705.27001953125,695.2545166015625,1214700
2024-12-11,711.8900146484375,718.0,706.489990234375,714.4299926757812,704.284423828125,1217600
2024-12-12,713.3400268554688,719.8800048828125,710.6300048828125,713.0999755859375,702.9732055664062,868700
2024-12-13,718.5800170898438,724.97998046875,716.219970703125,718.5800170898438,708.3754272460938,1455700
2024-12-16,720.0499877929688,731.0,713.3300170898438,722.3800048828125,712.1214599609375,1542800
2024-12-17,740.0,745.1199951171875,732.6799926757812,735.1900024414062,724.74951171875,1753300
2024-12-18,748.510009765625,757.1900024414062,715.47998046875,719.489990234375,709.2725219726562,2257000
2024-12-19,717.75,720.8300170898438,708.780029296875,710.260009765625,700.1736450195312,1620800
2024-12-20,700.1500244140625,720.4000244140625,696.280029296875,705.6799926757812,695.6586303710938,2701800
2024-12-23,707.0999755859375,722.0499877929688,707.0800170898438,721.0399780273438,710.8004150390625,1232600
2024-12-24,716.3900146484375,720.2000122070312,715.0,719.7100219726562,709.4894409179688,586800
2024-12-26,714.2100219726562,720.5,711.1099853515625,715.8599853515625,705.6940307617188,734000
2024-12-27,717.489990234375,717.5,708.5900268554688,713.5900268554688,703.4564208984375,942300
2024-12-30,700.0,702.8099975585938,694.469970703125,696.1500244140625,686.2639770507812,1202600
2024-12-31,701.3900146484375,702.97998046875,687.4299926757812,693.0800170898438,683.2376708984375,965000
2025-01-02,705.3400268554688,711.9600219726562,696.3400268554688,700.4199829101562,690.4732666015625,1115100
2025-01-03,703.1599731445312,717.5700073242188,702.5800170898438,714.3599853515625,704.2152709960938,1062900
2025-01-06,751.0599975585938,781.0900268554688,749.6500244140625,768.510009765625,757.5963745117188,2761100
2025-01-07,775.0,778.3900146484375,753.489990234375,757.5800170898438,746.8215942382812,1490200
2025-01-08,753.0,753.3300170898438,737.0,743.97998046875,733.4146728515625,1185400
2025-01-10,751.0,751.2999877929688,735.4000244140625,739.010009765625,728.5153198242188,1515800
2025-01-13,721.2000122070312,729.0,717.5900268554688,727.4099731445312,717.0799560546875,1321800
2025-01-14,737.5399780273438,739.52001953125,728.0599975585938,736.2899780273438,725.8338623046875,1022600
2025-01-15,739.4600219726562,744.469970703125,725.1900024414062,726.2999877929688,715.9859008789062,1864400
2025-01-16,758.7999877929688,771.5599975585938,748.4600219726562,750.280029296875,739.6253662109375,2407600
2025-01-17,767.9099731445312,769.2000122070312,751.5,756.3300170898438,745.58935546875,1933600
2025-01-21,763.0,767.72998046875,755.489990234375,763.0,752.1646118164062,1332000
2025-01-22,777.75,784.8200073242188,765.8900146484375,766.7100219726562,755.822021484375,1699900
2025-01-23,740.010009765625,747.75,736.0,746.239990234375,735.6426391601562,1751100
2025-01-24,749.3599853515625,750.0,729.2999877929688,732.25,721.8512573242188,1505700
2025-01-27,672.7899780273438,690.5999755859375,671.9400024414062,690.1500244140625,680.3492431640625,4947800
2025-01-28,678.7999877929688,693.4500122070312,666.5999755859375,683.3499755859375,673.6456298828125,2811900
2025-01-29,727.1599731445312,728.4600219726562,704.5999755859375,712.6500244140625,702.5296020507812,4971500
2025-01-30,740.0999755859375,745.5900268554688,730.5800170898438,736.989990234375,726.5239868164062,2745600
2025-01-31,748.0900268554688,754.5999755859375,737.77001953125,739.3099975585938,728.81103515625,2125700
2025-02-03,719.1300048828125,735.4500122070312,717.9199829101562,731.0599975585938,720.6781616210938,1647200
2025-02-04,736.9000244140625,742.6900024414062,729.280029296875,731.4099731445312,721.023193359375,1497000
2025-02-05,729.239990234375,743.2100219726562,722.4000244140625,742.5900268554688,732.0445556640625,1249700
2025-02-06,737.6900024414062,742.4099731445312,735.010009765625,739.1300048828125,728.6336059570312,1120200
2025-02-07,739.0499877929688,742.3200073242188,723.75,727.7000122070312,717.365966796875,1312400
2025-02-10,736.719970703125,745.5599975585938,735.8800048828125,744.0800170898438,733.5133056640625,985700
2025-02-11,744.6699829101562,753.489990234375,743.8800048828125,752.97998046875,743.8564453125,1096700
2025-02-12,738.3499755859375,756.7899780273438,733.5599975585938,756.1699829101562,747.0078125,1077800
2025-02-13,754.77001953125,776.989990234375,752.75,776.989990234375,767.5755004882812,1674100
2025-02-14,778.219970703125,778.3599853515625,748.6799926757812,751.5499877929688,742.4437866210938,2047300
2025-02-18,757.4400024414062,758.9299926757812,738.5999755859375,744.219970703125,735.2025146484375,1715400
2025-02-19,743.9600219726562,752.8699951171875,741.6900024414062,744.7999877929688,735.7755737304688,1457900
2025-02-20,751.3499755859375,755.510009765625,740.4199829101562,743.0900268554688,734.08642578125,1185900
2025-02-21,744.1500244140625,745.7100219726562,733.2000122070312,737.2100219726562,728.277587890625,1472300
2025-02-24,746.1300048828125,750.8800048828125,734.7000122070312,735.9600219726562,727.0426635742188,1471200
2025-02-25,732.1900024414062,738.97998046875,726.2100219726562,730.1900024414062,721.3425903320312,1691200
2025-02-26,743.8200073242188,753.77001953125,738.9099731445312,746.9299926757812,737.8797607421875,1401400
2025-02-27,743.4199829101562,744.7999877929688,696.9099731445312,697.7000122070312,689.2462768554688,2342800
2025-02-28,706.8200073242188,713.5,697.510009765625,709.0800170898438,700.4884033203125,1773400
2025-03-03,722.0499877929688,732.3499755859375,692.47998046875,699.8599853515625,691.380126953125,2284100
2025-03-04,698.27001953125,721.2999877929688,692.6900024414062,708.219970703125,699.6387939453125,2044700
2025-03-05,731.6199951171875,740.5499877929688,719.2999877929688,739.75,730.7867431640625,1754300
2025-03-06,718.8499755859375,731.1699829101562,711.0,714.8400268554688,706.1785888671875,1427900
2025-03-07,726.1599731445312,734.0,715.5,732.219970703125,723.3480224609375,1426400
2025-03-10,697.97998046875,699.0,676.0,683.1099853515625,674.8330688476562,2321500
2025-03-11,698.8200073242188,702.0,681.260009765625,690.2100219726562,681.8470458984375,1616800
2025-03-12,704.1400146484375,708.2999877929688,696.739990234375,703.3699951171875,694.8475952148438,1306300
2025-03-13,697.8400268554688,705.2999877929688,688.260009765625,694.5900268554688,686.1739501953125,1399500
2025-03-14,707.6799926757812,720.030029296875,705.3599853515625,714.0,705.3487548828125,1367500
2025-03-17,718.0499877929688,734.5499877929688,717.2100219726562,730.3300170898438,721.4808959960938,1423300
2025-03-18,729.9000244140625,734.1900024414062,719.989990234375,731.1099853515625,722.2515258789062,1007300
2025-03-19,729.1099853515625,746.75,725.0599975585938,734.9099731445312,726.0054321289062,1080500
2025-03-20,725.010009765625,735.4000244140625,724.22998046875,734.0599975585938,725.1657104492188,1282400
2025-03-21,711.7899780273438,721.3599853515625,711.2100219726562,716.219970703125,707.5418090820312,1967200
2025-03-24,728.030029296875,731.9500122070312,726.3400268554688,727.8400268554688,719.0211181640625,1104400
2025-03-25,732.0599975585938,735.0,725.4199829101562,726.739990234375,717.9343872070312,1244300
2025-03-26,715.9000244140625,719.989990234375,702.239990234375,705.760009765625,697.2085571289062,1266500
2025-03-27,698.489990234375,702.47998046875,689.0,690.6300048828125,682.261962890625,1285500
2025-03-28,685.1300048828125,687.4400024414062,672.0499877929688,674.5800170898438,666.4064331054688,1393000
2025-03-31,660.260009765625,665.1599731445312,652.8800048828125,662.6300048828125,654.6012573242188,1685000
2025-04-01,664.5700073242188,670.6400146484375,656.3499755859375,667.3400268554688,659.2542114257812,1212600
2025-04-02,664.3900146484375,676.3900146484375,660.8300170898438,669.010009765625,660.9039306640625,1119000
2025-04-03,649.530029296875,650.969970703125,622.8200073242188,623.219970703125,615.668701171875,2877100
2025-04-04,621.9500122070312,626.3800048828125,597.6900024414062,605.5499877929688,598.2127685546875,4017000
2025-04-07,586.5,652.8499755859375,578.510009765625,615.8400268554688,608.3782348632812,4179100
2025-04-08,632.02001953125,637.9000244140625,582.8900146484375,595.3699951171875,588.1561889648438,2585200
2025-04-09,618.02001953125,692.2899780273438,606.8699951171875,687.260009765625,678.9327392578125,3866700
2025-04-10,656.1699829101562,661.6599731445312,627.6300048828125,649.5499877929688,641.6796875,2989900
2025-04-11,656.0599975585938,672.0,651.3900146484375,668.8099975585938,660.706298828125,2163600
2025-04-14,676.4400024414062,680.030029296875,662.72998046875,672.8699951171875,664.7171630859375,1574000
2025-04-15,679.3800048828125,687.530029296875,676.6900024414062,683.1599731445312,674.88232421875,2105600
2025-04-16,647.0,653.1300048828125,624.1699829101562,634.9299926757812,627.23681640625,4028300
2025-04-17,644.3599853515625,647.6599731445312,636.9299926757812,640.1599731445312,632.4034423828125,1439900
2025-04-21,632.0,633.6599731445312,614.0599975585938,624.6900024414062,617.1209106445312,1555100
2025-04-22,638.8099975585938,645.6099853515625,631.0,638.6900024414062,630.9512329101562,1967000
2025-04-23,664.25,666.489990234375,654.7899780273438,657.97998046875,650.0076293945312,1849700
2025-04-24,666.530029296875,678.3200073242188,662.5599975585938,675.0,666.8213500976562,1770700
2025-04-25,666.9000244140625,681.75,664.5900268554688,677.27001953125,669.0639038085938,1280900
2025-04-28,672.1699829101562,674.4400024414062,661.0800170898438,672.760009765625,666.6666870117188,1007600
2025-04-29,665.6099853515625,673.6300048828125,663.0,666.1099853515625,660.0769653320312,1104000
2025-04-30,657.5900268554688,669.5,651.4600219726562,668.0800170898438,662.0291137695312,1042100
2025-05-01,675.1500244140625,675.1500244140625,662.4600219726562,666.719970703125,660.6814575195312,1066300
2025-05-02,686.3200073242188,695.0,685.5999755859375,690.3300170898438,684.07763671875,1215500
2025-05-05,685.0,690.4199829101562,682.72998046875,683.3599853515625,677.1707153320312,903700
2025-05-06,676.3099975585938,686.3699951171875,675.5,679.989990234375,673.8311767578125,765100
2025-05-07,685.780029296875,701.9600219726562,683.4600219726562,700.3900146484375,694.0465087890625,1041400
2025-05-08,711.1199951171875,716.8099975585938,705.7000122070312,708.030029296875,701.6173095703125,1040500
2025-05-09,709.2100219726562,710.510009765625,703.9000244140625,706.2100219726562,699.8138427734375,884000
2025-05-12,730.4199829101562,750.52001953125,729.3800048828125,750.2000122070312,743.4053955078125,2571500
2025-05-13,745.260009765625,764.8699951171875,744.5399780273438,763.9000244140625,756.9812622070312,1815600
2025-05-14,765.0,773.7000122070312,764.27001953125,768.9099731445312,761.9459228515625,1156100
2025-05-15,763.6699829101562,767.0,755.2100219726562,758.3599853515625,751.4913940429688,1511000
2025-05-16,752.8800048828125,753.4500122070312,742.2100219726562,748.0999755859375,741.3243408203125,1095100
2025-05-19,739.72998046875,750.0,737.27001953125,749.1300048828125,742.344970703125,977900
2025-05-20,745.6300048828125,748.97998046875,741.2999877929688,748.760009765625,741.9783325195312,777200
2025-05-21,749.010009765625,755.7899780273438,735.489990234375,737.1699829101562,730.4933471679688,1058700
2025-05-22,736.3200073242188,747.2100219726562,734.1500244140625,740.7000122070312,733.9913330078125,863500
2025-05-23,724.5999755859375,735.989990234375,722.52001953125,732.489990234375,725.8557739257812,1525200
2025-05-27,751.3699951171875,761.2100219726562,749.9500122070312,756.7899780273438,749.9357299804688,1385100
2025-05-28,752.1400146484375,756.3900146484375,744.8099975585938,746.510009765625,739.748779296875,1244000
2025-05-29,757.8300170898438,759.5499877929688,744.8400268554688,747.0700073242188,740.3037109375,1166000
2025-05-30,745.010009765625,745.9600219726562,723.0,736.77001953125,730.096923828125,1785400
2025-06-02,733.2899780273438,746.9500122070312,732.6599731445312,746.530029296875,739.7686157226562,812600
2025-06-03,732.6599731445312,748.5499877929688,732.2000122070312,747.25,740.4820556640625,1085100
2025-06-04,751.1799926757812,752.77001953125,740.4099731445312,742.780029296875,736.0525512695312,1160000
2025-06-05,754.1300048828125,756.4600219726562,744.0,747.760009765625,740.9874267578125,1506500
2025-06-06,756.0599975585938,762.0999755859375,752.7999877929688,753.02001953125,746.1997680664062,1345100
2025-06-09,757.0599975585938,782.2000122070312,757.0599975585938,770.2000122070312,763.2242431640625,1769400
2025-06-10,779.1099853515625,788.2899780273438,776.489990234375,784.969970703125,777.8604125976562,1715500
2025-06-11,790.0499877929688,797.25,780.6900024414062,784.0900268554688,776.9884033203125,1365900
2025-06-12,785.4400024414062,789.5700073242188,782.3400268554688,786.2100219726562,779.0891723632812,999600
2025-06-13,766.8900146484375,772.9299926757812,759.8699951171875,761.0,754.1075439453125,1742900
2025-06-16,766.3699951171875,779.1900024414062,765.97998046875,775.22998046875,768.2086181640625,1454500
2025-06-17,766.780029296875,773.2100219726562,758.2100219726562,759.8599853515625,752.9778442382812,1422800
2025-06-18,764.72998046875,768.0,754.239990234375,761.6400146484375,754.74169921875,1372500
2025-06-20,768.3699951171875,769.010009765625,736.25,756.530029296875,749.677978515625,2303900
2025-06-23,761.260009765625,780.75,759.8099975585938,779.719970703125,772.657958984375,1302800
2025-06-24,786.1099853515625,813.4600219726562,786.1099853515625,813.3599853515625,805.9932861328125,2039600
2025-06-25,816.75,819.5399780273438,806.219970703125,815.239990234375,807.856201171875,1400100
2025-06-26,799.760009765625,800.8800048828125,786.5,798.0900268554688,790.8616943359375,1705800
2025-06-27,802.9400024414062,805.489990234375,788.4500122070312,795.9500122070312,788.7410278320312,1201000
2025-06-30,796.47998046875,802.4400024414062,794.0399780273438,801.3900146484375,794.1317138671875,1080400
2025-07-01,788.0499877929688,795.5,782.5399780273438,790.469970703125,783.310546875,1065800
2025-07-02,776.239990234375,800.5,772.8599853515625,799.5900268554688,792.3480834960938,1383000
2025-07-03,786.969970703125,798.530029296875,786.6099853515625,794.5,787.3041381835938,910700
2025-07-07,785.4600219726562,793.489990234375,783.7999877929688,785.0900268554688,777.9794311523438,1363700
2025-07-08,782.6599731445312,798.3900146484375,778.72998046875,794.0999755859375,786.9076538085938,1327800
2025-07-09,792.9099731445312,800.9000244140625,792.469970703125,799.8300170898438,792.5858764648438,1334300
2025-07-10,808.9299926757812,811.0999755859375,798.0,802.0900268554688,794.8253784179688,1498900
2025-07-11,797.0700073242188,803.1900024414062,796.52001953125,801.9299926757812,794.6668090820312,932400
2025-07-14,797.6199951171875,812.77001953125,789.8699951171875,806.72998046875,799.4232788085938,1456900
2025-07-15,822.97998046875,826.5599975585938,814.2100219726562,823.02001953125,815.5658569335938,2099600
2025-07-16,754.3599853515625,760.9000244140625,730.5999755859375,754.4500122070312,747.6168212890625,10789600
2025-07-17,746.8200073242188,756.8499755859375,742.0,744.9099731445312,738.1632690429688,4078500
2025-07-18,752.0800170898438,752.0900268554688,734.3300170898438,734.5800170898438,727.9268798828125,2567200
2025-07-21,731.0,732.9000244140625,719.3200073242188,719.6799926757812,713.1618041992188,2650300
2025-07-22,718.3099975585938,719.0599975585938,701.1900024414062,705.47998046875,699.0903930664062,3425100
2025-07-23,715.2100219726562,719.969970703125,708.1300048828125,716.9299926757812,710.4366455078125,3379400
2025-07-24,723.010009765625,726.6300048828125,718.3599853515625,725.0800170898438,718.5128784179688,2037100
2025-07-25,709.1400146484375,713.1500244140625,706.5999755859375,711.25,704.8081665039062,2312100
2025-07-28,735.1500244140625,735.4099731445312,728.489990234375,729.989990234375,723.3784790039062,2253900
2025-07-29,722.72998046875,726.9199829101562,715.7000122070312,718.489990234375,713.7885131835938,2292900
2025-07-30,716.8900146484375,724.02001953125,715.5,721.4500122070312,716.7291870117188,1407000
2025-07-31,706.4000244140625,707.5399780273438,691.2100219726562,694.7100219726562,690.1641845703125,2892200
2025-08-01,690.0,693.4299926757812,683.47998046875,689.8200073242188,685.30615234375,1627100
2025-08-04,695.5800170898438,699.4500122070312,692.9000244140625,699.3599853515625,694.78369140625,1025600
2025-08-05,694.719970703125,695.6300048828125,684.239990234375,689.6300048828125,685.117431640625,1261200
2025-08-06,687.6500244140625,692.4299926757812,685.4400024414062,690.9600219726562,686.438720703125,1218700
2025-08-07,714.02001953125,716.9000244140625,706.6199951171875,713.1199951171875,708.4537353515625,1723800
2025-08-08,712.4099731445312,723.5,710.4500122070312,722.3200073242188,717.593505859375,1042900
2025-08-11,724.0,731.8599853515625,719.52001953125,721.3099975585938,716.590087890625,1179700
2025-08-12,725.530029296875,743.3499755859375,723.47998046875,741.7899780273438,736.93603515625,1461800
2025-08-13,750.6300048828125,756.2000122070312,747.5399780273438,755.5700073242188,750.6259155273438,2011900
2025-08-14,747.280029296875,757.0,744.5599975585938,755.2100219726562,750.268310546875,1577400
2025-08-15,738.5,747.1500244140625,736.6599731445312,742.1599731445312,737.3036499023438,1635100
2025-08-18,739.6699829101562,748.0,739.4400024414062,747.5499877929688,742.6583251953125,1086400
2025-08-19,751.5399780273438,755.6900024414062,741.7100219726562,743.6099853515625,738.744140625,1121300
2025-08-20,750.7999877929688,753.4400024414062,738.1799926757812,749.489990234375,744.585693359375,1368400
2025-08-21,739.3599853515625,741.5,732.1099853515625,735.4000244140625,730.587890625,952700
2025-08-22,741.6799926757812,761.5700073242188,740.3699951171875,754.8900146484375,749.9503173828125,1456000
2025-08-25,754.75,758.260009765625,752.0900268554688,754.4600219726562,749.5232543945312,731100
2025-08-26,758.77001953125,763.5,755.9099731445312,763.2000122070312,758.2059936523438,860100
2025-08-27,760.0,770.5800170898438,757.7899780273438,770.0,764.9614868164062,1140700
2025-08-28,770.0,773.1699829101562,760.8699951171875,763.4600219726562,758.4642944335938,985400
2025-08-29,753.0,753.5999755859375,739.7899780273438,742.6199951171875,737.7606811523438,1317800
2025-09-02,717.2100219726562,727.2000122070312,716.2000122070312,725.8499755859375,721.100341796875,1867400
2025-09-03,732.219970703125,738.2999877929688,729.5599975585938,736.8200073242188,731.9985961914062,1330300
2025-09-04,737.0499877929688,756.9000244140625,735.4299926757812,753.4299926757812,748.5,1532700
2025-09-05,774.8800048828125,783.0999755859375,766.239990234375,781.7000122070312,776.5849609375,1887300
2025-09-08,789.6500244140625,798.7000122070312,786.75,796.25,791.0396728515625,1284500
2025-09-09,795.2000122070312,805.8400268554688,793.1199951171875,805.1300048828125,799.8616333007812,1324100
2025-09-10,806.8200073242188,809.5999755859375,791.02001953125,793.1400146484375,787.9501342773438,1634300
2025-09-11,799.6900024414062,809.1500244140625,798.510009765625,804.1599731445312,798.89794921875,1297800
2025-09-12,808.52001953125,815.780029296875,806.2999877929688,813.8699951171875,808.5443725585938,1019700
2025-09-15,834.9299926757812,868.719970703125,833.9199829101562,867.2999877929688,861.624755859375,2702300
2025-09-16,879.9400024414062,881.4600219726562,867.5700073242188,878.4199829101562,872.6719970703125,1832400
2025-09-17,868.22998046875,877.6300048828125,861.1799926757812,872.27001953125,866.5623168945312,1553300
2025-09-18,928.6699829101562,938.6799926757812,916.030029296875,927.7999877929688,921.7289428710938,3176100
2025-09-19,926.0700073242188,938.6500244140625,925.8699951171875,932.1500244140625,926.0504760742188,2410200
2025-09-22,960.9199829101562,964.5399780273438,953.5900268554688,957.7999877929688,951.5325927734375,1885000
2025-09-23,964.4099731445312,977.47998046875,956.0,963.510009765625,957.205322265625,1664800
2025-09-24,949.719970703125,953.5999755859375,940.9500122070312,946.9400024414062,940.74365234375,1400700
2025-09-25,938.2000122070312,952.6599731445312,937.1199951171875,949.5499877929688,943.3365478515625,1272600
2025-09-26,946.239990234375,955.219970703125,942.75,951.52001953125,945.293701171875,955200
2025-09-29,963.72998046875,972.0700073242188,962.3699951171875,962.6099853515625,956.3111572265625,1213800
2025-09-30,968.0399780273438,975.6400146484375,963.0700073242188,968.0900268554688,961.7553100585938,1303600
2025-10-01,965.6099853515625,1005.3599853515625,964.8200073242188,1003.27001953125,996.705078125,1963800
2025-10-02,1039.0,1040.22998046875,1021.8900146484375,1030.1700439453125,1023.4290161132812,1689100
2025-10-03,1031.0,1039.8499755859375,1025.4599609375,1032.219970703125,1025.4656982421875,1352300
2025-10-06,1040.43994140625,1059.0,1040.0999755859375,1043.300048828125,1036.4732666015625,1385400
2025-10-07,1042.8299560546875,1044.8499755859375,1001.0,1002.2999877929688,995.7413940429688,1667800
2025-10-08,977.9500122070312,991.5900268554688,977.4199829101562,987.8099975585938,981.34619140625,1947000
2025-10-09,985.3499755859375,987.530029296875,971.510009765625,980.5399780273438,974.123779296875,1496000
2025-10-10,970.6900024414062,976.2000122070312,935.4099731445312,936.1900024414062,930.0640258789062,2933900
2025-10-13,971.72998046875,985.1799926757812,966.969970703125,984.6599731445312,978.2168579101562,2223900
2025-10-14,967.4600219726562,993.47998046875,966.0,983.1799926757812,976.74658203125,2422100
2025-10-15,1030.1300048828125,1033.0,993.5399780273438,1009.8099975585938,1003.2023315429688,2900300
2025-10-16,1037.1700439453125,1049.3800048828125,1011.0999755859375,1019.5900268554688,1012.918212890625,1938400
2025-10-17,1020.5900268554688,1032.77001953125,1015.0,1029.27001953125,1022.5349731445312,1663700
2025-10-20,1031.75,1052.1700439453125,1031.489990234375,1042.1500244140625,1035.33056640625,1271700
2025-10-21,1036.31005859375,1037.47998046875,1024.1500244140625,1025.02001953125,1018.3128662109375,1072200
2025-10-22,1026.449951171875,1033.1800537109375,997.6699829101562,1011.5700073242188,1004.9508056640625,1328600
2025-10-23,1004.52001953125,1040.5,1004.5,1036.4100341796875,1029.6282958984375,1318200
2025-10-24,1037.9300537109375,1043.4000244140625,1032.1800537109375,1033.0999755859375,1026.33984375,1032700
2025-10-27,1050.010009765625,1060.72998046875,1049.3599853515625,1059.97998046875,1053.0439453125,1265600
2025-10-28,1056.800048828125,1060.6400146484375,1051.72998046875,1052.47998046875,1045.593017578125,856900
2025-10-29,1070.6600341796875,1077.760009765625,1064.8399658203125,1070.8399658203125,1065.7203369140625,1530000
2025-10-30,1072.6800537109375,1086.1099853515625,1070.6099853515625,1075.449951171875,1070.3082275390625,1283100
2025-10-31,1071.6800537109375,1073.280029296875,1051.4000244140625,1059.22998046875,1054.1658935546875,1179400
2025-11-03,1063.02001953125,1073.4000244140625,1062.989990234375,1066.8199462890625,1061.7196044921875,868100
2025-11-04,1049.949951171875,1063.260009765625,1028.8299560546875,1030.1400146484375,1025.2149658203125,1735100
2025-11-05,1031.0999755859375,1050.6400146484375,1030.800048828125,1043.75,1038.7598876953125,1169400
2025-11-06,1039.8800048828125,1041.530029296875,1026.43994140625,1029.199951171875,1024.2794189453125,1073000
2025-11-07,1031.0999755859375,1035.4000244140625,996.8200073242188,1016.9600219726562,1012.0979614257812,1841900
2025-11-10,1036.77001953125,1042.7900390625,1021.0700073242188,1038.7900390625,1033.823486328125,992900
2025-11-11,1031.77001953125,1036.97998046875,1017.780029296875,1022.4199829101562,1017.5318603515625,1026000
2025-11-12,1030.1600341796875,1038.699951171875,1025.22998046875,1037.3299560546875,1032.37060546875,961900
2025-11-13,1040.989990234375,1041.8599853515625,1009.510009765625,1019.8599853515625,1014.984130859375,1406300
2025-11-14,989.2999877929688,1018.0700073242188,981.0,1006.97998046875,1002.1657104492188,1307800
2025-11-17,1004.719970703125,1025.0,1004.27001953125,1020.0,1015.1234741210938,1691500
2025-11-18,1011.0800170898438,1017.719970703125,993.989990234375,1004.0599975585938,999.2596435546875,1414000
2025-11-19,1005.77001953125,1044.72998046875,1005.0,1039.3299560546875,1034.3609619140625,1587800
2025-11-20,1042.22998046875,1050.949951171875,977.0,981.0399780273438,976.3496704101562,2055100
2025-11-21,963.3499755859375,978.5399780273438,946.1099853515625,966.5700073242188,961.9489135742188,2481800
2025-11-24,977.6199951171875,995.1400146484375,977.5900268554688,987.8200073242188,983.0972900390625,1628100
2025-11-25,993.8300170898438,1006.8800048828125,973.739990234375,1003.219970703125,998.4236450195312,1193000
2025-11-26,1040.6700439453125,1055.0,1037.300048828125,1040.969970703125,1035.9931640625,1572400
2025-11-28,1040.4000244140625,1060.280029296875,1035.43994140625,1060.0,1054.9322509765625,939700
2025-12-01,1056.030029296875,1091.300048828125,1054.469970703125,1087.989990234375,1082.788330078125,2103100
2025-12-02,1089.6099853515625,1113.2099609375,1088.6800537109375,1108.780029296875,1103.4791259765625,1426000
2025-12-03,1110.239990234375,1141.719970703125,1105.6199951171875,1140.9200439453125,1135.46533203125,2059500
2025-12-04,1122.530029296875,1129.5400390625,1102.1700439453125,1110.0799560546875,1104.7728271484375,1511800
2025-12-05,1121.9300537109375,1129.3800048828125,1098.260009765625,1099.469970703125,1094.2135009765625,1054400
2025-12-08,1118.8199462890625,1134.1800537109375,1114.030029296875,1119.68994140625,1114.336669921875,1118800
2025-12-09,1107.9000244140625,1115.739990234375,1105.6099853515625,1111.43994140625,1106.1260986328125,904700
2025-12-10,1109.4000244140625,1123.9599609375,1098.8800048828125,1119.3199462890625,1113.968505859375,1093600
2025-12-11,1114.75,1127.75,1095.469970703125,1122.8399658203125,1117.4716796875,1403600
2025-12-12,1109.3900146484375,1114.56005859375,1077.18994140625,1080.8499755859375,1075.6824951171875,1623000
2025-12-15,1089.3499755859375,1097.7099609375,1079.5899658203125,1087.8199462890625,1082.619140625,1283400
2025-12-16,1081.530029296875,1088.06005859375,1065.93994140625,1076.050048828125,1070.905517578125,956300
2025-12-17,1060.77001953125,1065.1199951171875,1010.010009765625,1015.4299926757812,1010.5752563476562,2140900
2025-12-18,1047.969970703125,1051.81005859375,1035.1500244140625,1036.31005859375,1031.3555908203125,1645400
2025-12-19,1042.56005859375,1062.6800537109375,1042.56005859375,1056.02001953125,1050.9713134765625,2319600
2025-12-22,1066.0,1067.1600341796875,1050.0,1056.97998046875,1051.9266357421875,703700
2025-12-23,1057.93994140625,1064.75,1055.68994140625,1061.8399658203125,1056.7633056640625,543600
2025-12-24,1059.8199462890625,1066.800048828125,1057.43994140625,1065.52001953125,1060.42578125,229800
2025-12-26,1066.25,1076.0899658203125,1063.0799560546875,1072.75,1067.6212158203125,363800
2025-12-29,1064.5799560546875,1073.6500244140625,1061.0699462890625,1066.0,1060.903564453125,424300
2025-12-30,1084.5799560546875,1086.06005859375,1070.4200439453125,1072.1400146484375,1067.01416015625,807300
2025-12-31,1080.22998046875,1080.5400390625,1068.9200439453125,1069.8599853515625,1064.7449951171875,561300
2026-01-02,1133.760009765625,1172.77001953125,1133.47998046875,1163.780029296875,1158.216064453125,2697900
2026-01-05,1211.219970703125,1237.8599853515625,1211.219970703125,1228.18994140625,1222.318115234375,3290600
2026-01-06,1222.8199462890625,1246.3800048828125,1222.4200439453125,1242.18994140625,1236.2510986328125,1895800
2026-01-07,1227.449951171875,1235.760009765625,1222.0,1228.469970703125,1222.5968017578125,1351200
2026-01-08,1217.260009765625,1224.5400390625,1176.0,1194.3199462890625,1188.6099853515625,1682300
2026-01-09,1232.8499755859375,1282.0,1220.989990234375,1273.8800048828125,1267.78955078125,2394500
2026-01-12,1256.06005859375,1283.56005859375,1255.25,1281.22998046875,1275.1044921875,1488600
2026-01-13,1282.3199462890625,1291.47998046875,1268.1199951171875,1270.1600341796875,1264.0875244140625,1374200
2026-01-14,1267.1199951171875,1273.27001953125,1249.6199951171875,1263.719970703125,1257.67822265625,1536500
2026-01-15,1353.6400146484375,1358.0,1330.0,1331.5999755859375,1325.2337646484375,2858400
2026-01-16,1355.7099609375,1375.3699951171875,1338.239990234375,1358.5699462890625,1352.0745849609375,2469100
2026-01-20,1319.1199951171875,1351.260009765625,1311.31005859375,1326.0699462890625,1319.72998046875,2970800
2026-01-21,1332.0,1371.0,1322.6700439453125,1360.0899658203125,1353.58740234375,2387200
2026-01-22,1393.6500244140625,1398.800048828125,1373.280029296875,1395.0,1388.3306884765625,1844200
2026-01-23,1376.3199462890625,1393.3599853515625,1363.27001953125,1389.0400390625,1382.399169921875,1556300
2026-01-26,1385.8699951171875,1419.949951171875,1385.1600341796875,1413.3499755859375,1406.5927734375,2001300
2026-01-27,1417.6300048828125,1473.5899658203125,1417.0,1454.5899658203125,1447.6356201171875,3473900
2026-01-28,1493.0,1493.47998046875,1408.050048828125,1422.9200439453125,1416.1171875,5036800
2026-01-29,1459.3199462890625,1467.489990234375,1399.0899658203125,1455.1600341796875,1448.2030029296875,2818900
2026-01-30,1440.0400390625,1466.4300537109375,1416.010009765625,1423.0,1416.19677734375,2358800
2026-02-02,1397.239990234375,1453.1600341796875,1395.4000244140625,1441.3900146484375,1434.498779296875,1766600
2026-02-03,1436.0400390625,1445.81005859375,1371.9100341796875,1395.8800048828125,1389.206298828125,2205100
2026-02-04,1395.760009765625,1406.0999755859375,1316.06005859375,1339.1300048828125,1332.7276611328125,2479400
2026-02-05,1329.1199951171875,1368.8599853515625,1319.530029296875,1350.1600341796875,1343.7049560546875,1790200
2026-02-06,1372.3699951171875,1415.969970703125,1368.52001953125,1413.010009765625,1406.25439453125,1971000
2026-02-09,1415.8399658203125,1437.0899658203125,1408.5999755859375,1429.489990234375,1422.6556396484375,1125100
2026-02-10,1439.27001953125,1439.8900146484375,1410.800048828125,1413.6199951171875,1408.7171630859375,1200600
2026-02-11,1440.4000244140625,1451.489990234375,1409.3399658203125,1435.6300048828125,1430.65087890625,1139300
2026-02-12,1435.22998046875,1439.25,1392.199951171875,1406.8699951171875,1401.9906005859375,1518100
2026-02-13,1414.8499755859375,1436.6600341796875,1401.0,1406.6099853515625,1401.7314453125,1248900
2026-02-17,1392.5699462890625,1428.5,1382.75,1419.780029296875,1414.8558349609375,1097200
2026-02-18,1436.469970703125,1476.5,1427.3800048828125,1468.719970703125,1463.6259765625,1334400
2026-02-19,1439.0400390625,1459.7900390625,1427.5799560546875,1458.9300537109375,1453.8701171875,1135200
2026-02-20,1449.4200439453125,1487.010009765625,1448.3199462890625,1469.5899658203125,1464.4930419921875,1102500
2026-02-23,1471.4000244140625,1493.010009765625,1462.0,1485.989990234375,1480.836181640625,1284200
2026-02-24,1500.02001953125,1507.3499755859375,1473.9300537109375,1497.800048828125,1492.605224609375,1538900
2026-02-25,1522.4000244140625,1547.219970703125,1516.47998046875,1526.510009765625,1521.2156982421875,1306900
2026-02-26,1512.8199462890625,1514.3299560546875,1426.5899658203125,1463.800048828125,1458.72314453125,2177900
2026-02-27,1430.3399658203125,1461.719970703125,1424.5,1450.56005859375,1445.5291748046875,1358300
2026-03-02,1417.75,1442.68994140625,1411.2099609375,1423.5400390625,1418.602783203125,1492400
2026-03-03,1357.5799560546875,1373.5,1329.030029296875,1360.93994140625,1356.2198486328125,2012500
2026-03-04,1391.1300048828125,1405.550048828125,1372.7099609375,1399.3699951171875,1394.5166015625,1486700
2026-03-05,1381.1199951171875,1407.3800048828125,1339.449951171875,1368.3599853515625,1363.6141357421875,1804500
2026-03-06,1293.8599853515625,1338.0,1286.6700439453125,1292.800048828125,1288.3162841796875,1900100
2026-03-09,1284.7900390625,1359.0,1276.1099853515625,1357.4200439453125,1352.712158203125,1808900
2026-03-10,1374.5899658203125,1407.5400390625,1369.9100341796875,1383.4000244140625,1378.60205078125,1650900
2026-03-11,1383.9599609375,1404.780029296875,1372.0,1386.6800537109375,1381.87060546875,1164700
2026-03-12,1372.5400390625,1372.5400390625,1333.5699462890625,1351.5799560546875,1346.892333984375,1780200
2026-03-13,1367.5400390625,1386.7900390625,1342.5,1345.68994140625,1341.022705078125,1179000
2026-03-16,1379.52001953125,1390.1600341796875,1368.199951171875,1375.56005859375,1370.789306640625,1310400
2026-03-17,1385.050048828125,1391.06005859375,1369.31005859375,1389.1600341796875,1384.342041015625,1135600
2026-03-18,1373.3699951171875,1381.2900390625,1354.02001953125,1355.1700439453125,1350.469970703125,1391400
2026-03-19,1315.239990234375,1372.4599609375,1310.3699951171875,1366.3900146484375,1361.6510009765625,1619100
2026-03-20,1357.260009765625,1370.0,1291.0999755859375,1317.25,1312.681396484375,2645100
2026-03-23,1359.72998046875,1400.3900146484375,1348.1099853515625,1369.6199951171875,1364.869873046875,1983200
2026-03-24,1349.1199951171875,1413.280029296875,1348.6800537109375,1399.4200439453125,1394.5665283203125,1801000
2026-03-25,1394.0899658203125,1405.8299560546875,1366.68994140625,1393.8900146484375,1389.0555419921875,1610000
2026-03-26,1356.81005859375,1359.4200439453125,1326.8499755859375,1329.5,1324.888916015625,1721100
2026-03-27,1318.4300537109375,1333.780029296875,1298.52001953125,1302.469970703125,1297.9527587890625,1759700
2026-03-30,1318.77001953125,1322.9200439453125,1248.1099853515625,1253.9599609375,1249.6109619140625,2144500
2026-03-31,1284.3299560546875,1322.4100341796875,1276.010009765625,1320.8299560546875,1316.2490234375,1731500
2026-04-01,1345.6400146484375,1385.719970703125,1344.56005859375,1359.760009765625,1355.0440673828125,1745000
2026-04-02,1305.5400390625,1356.199951171875,1298.1800537109375,1317.22998046875,1312.6614990234375,1883400
2026-04-06,1315.1099853515625,1320.0,1280.3599853515625,1304.010009765625,1299.4873046875,1299200
2026-04-07,1290.43994140625,1309.0,1272.2099609375,1306.449951171875,1301.9189453125,1368900
2026-04-08,1421.0,1429.2900390625,1384.22998046875,1421.050048828125,1416.12158203125,2427300
2026-04-09,1412.1199951171875,1453.550048828125,1412.1199951171875,1448.6400146484375,1443.61572265625,1579700
2026-04-10,1482.3499755859375,1502.5,1473.719970703125,1478.280029296875,1473.1529541015625,1519600
2026-04-13,1465.1600341796875,1500.800048828125,1461.030029296875,1500.199951171875,1494.996826171875,1709400
2026-04-14,1526.3900146484375,1531.97998046875,1496.97998046875,1518.300048828125,1513.0341796875,1769200
2026-04-15,1473.530029296875,1486.1700439453125,1415.25,1481.77001953125,1476.6307373046875,4251700
2026-04-16,1453.0,1453.9200439453125,1406.5,1410.8299560546875,1405.936767578125,2626700
2026-04-17,1463.760009765625,1472.47998046875,1445.68994140625,1459.800048828125,1454.737060546875,1876500
2026-04-20,1461.489990234375,1479.300048828125,1452.0,1476.5,1471.379150390625,1091900
2026-04-21,1476.0899658203125,1480.1700439453125,1446.25,1458.969970703125,1453.909912109375,1274600
2026-04-22,1477.0,1477.0,1378.300048828125,1443.6600341796875,1438.653076171875,2621800
2026-04-23,1438.949951171875,1450.0,1396.22998046875,1417.800048828125,1412.8828125,1800500
2026-04-24,1459.530029296875,1472.6500244140625,1441.68994140625,1457.699951171875,1452.644287109375,1751800
2026-04-27,1457.8399658203125,1458.300048828125,1415.68994140625,1432.43994140625,1430.5897216796875,1326200
2026-04-28,1389.72998046875,1398.6300048828125,1364.81005859375,1384.56005859375,1382.771728515625,1926900
2026-04-29,1386.7099609375,1399.699951171875,1374.9200439453125,1394.0799560546875,1392.279296875,1256500
2026-04-30,1414.3399658203125,1446.6500244140625,1395.0,1438.989990234375,1437.13134765625,1414400
2026-05-01,1428.2900390625,1444.1500244140625,1414.0,1427.02001953125,1425.1768798828125,707100
2026-05-04,1401.77001953125,1417.0699462890625,1366.7900390625,1386.2099609375,1384.41943359375,1755700
2026-05-05,1432.4200439453125,1454.800048828125,1414.3900146484375,1442.9200439453125,1441.0562744140625,1621400
2026-05-06,1503.0899658203125,1545.52001953125,1496.0,1544.739990234375,1542.7447509765625,2312400
2026-05-07,1548.739990234375,1550.0,1497.81005859375,1516.5999755859375,1514.64111328125,1726700
2026-05-08,1538.530029296875,1595.31005859375,1531.1600341796875,1592.02001953125,1589.9637451171875,2288300
2026-05-11,1559.300048828125,1567.989990234375,1521.3599853515625,1565.81005859375,1563.78759765625,2191300
2026-05-12,1526.1400146484375,1535.1099853515625,1475.0,1520.93994140625,1518.9754638671875,1846800
2026-05-13,1539.3900146484375,1602.5999755859375,1521.0799560546875,1581.5799560546875,1579.537109375,1691200
2026-05-14,1573.739990234375,1603.489990234375,1563.280029296875,1584.510009765625,1582.46337890625,1412600
2026-05-15,1511.739990234375,1527.25,1486.6400146484375,1501.81005859375,1499.8702392578125,1807400
2026-05-18,1521.25,1522.489990234375,1453.3399658203125,1472.3900146484375,1470.48828125,1664400
2026-05-19,1449.9300537109375,1485.760009765625,1441.31005859375,1459.43994140625,1457.554931640625,1395400
2026-05-20,1502.3800048828125,1555.800048828125,1492.3199462890625,1550.1300048828125,1548.1278076171875,1744500
2026-05-21,1548.6800537109375,1601.7900390625,1545.93994140625,1592.0,1589.9437255859375,1358400
2026-05-22,1620.030029296875,1653.530029296875,1615.8499755859375,1632.9000244140625,1630.7908935546875,1666700
2026-05-26,1641.8499755859375,1648.010009765625,1604.25,1632.030029296875,1629.9219970703125,1651000
2026-05-27,1637.3499755859375,1639.1300048828125,1583.0,1597.8699951171875,1595.80615234375,1361600
2026-05-28,1617.0899658203125,1627.530029296875,1580.0,1605.77001953125,1603.6959228515625,971600
2026-05-29,1633.469970703125,1654.199951171875,1604.8599853515625,1612.760009765625,1610.6768798828125,1069400
2026-06-01,1594.469970703125,1646.530029296875,1585.6099853515625,1628.5699462890625,1626.4664306640625,1058900
2026-06-02,1659.68994140625,1708.3199462890625,1647.5899658203125,1705.3699951171875,1703.167236328125,1484000
2026-06-03,1709.31005859375,1743.27001953125,1690.0,1726.3599853515625,1724.130126953125,1826900
2026-06-04,1679.800048828125,1779.2900390625,1672.4300537109375,1757.469970703125,1755.199951171875,2248200
2026-06-05,1685.3599853515625,1705.47998046875,1638.3800048828125,1641.739990234375,1639.6195068359375,2744600
2026-06-08,1732.7900390625,1769.489990234375,1719.02001953125,1749.0400390625,1746.7808837890625,2062100
2026-06-09,1776.6199951171875,1831.1099853515625,1676.280029296875,1777.77001953125,1775.4737548828125,3151400
2026-06-10,1746.4599609375,1812.0,1723.2099609375,1734.18994140625,1731.949951171875,2586400
2026-06-11,1780.0,1903.5,1775.0999755859375,1899.47998046875,1897.0264892578125,2965600
2026-06-12,1847.6199951171875,1892.800048828125,1839.0,1863.550048828125,1861.14306640625,2529600
2026-06-15,1894.5400390625,1913.699951171875,1865.0,1892.6600341796875,1890.2154541015625,2339100
2026-06-16,1872.010009765625,1881.1600341796875,1802.6099853515625,1803.8900146484375,1801.56005859375,1797600
2026-06-17,1897.199951171875,1938.489990234375,1865.3199462890625,1867.8299560546875,1865.4173583984375,2322900
2026-06-18,1924.1800537109375,1942.8699951171875,1909.530029296875,1929.6800537109375,1927.1876220703125,2406100
2026-06-22,1953.52001953125,1959.0400390625,1886.43994140625,1929.25,1926.7581787109375,1793300
2026-06-23,1777.699951171875,1812.949951171875,1755.969970703125,1778.4599609375,1776.162841796875,2415700
2026-06-24,1750.4200439453125,1779.6500244140625,1730.2900390625,1762.77001953125,1760.4931640625,2028200
2026-06-25,1855.5,1855.9100341796875,1777.0400390625,1841.1800537109375,1838.8018798828125,2197000
2026-06-26,1781.6600341796875,1809.0,1767.6400146484375,1794.6199951171875,1792.302001953125,2840000
2026-06-29,1798.949951171875,1886.1199951171875,1772.52001953125,1883.1099853515625,1880.677734375,1760500
2026-06-30,1915.5,1999.9599609375,1913.8800048828125,1989.43994140625,1986.870361328125,2712600
2026-07-01,1916.280029296875,1943.0,1832.6300048828125,1843.0400390625,1840.6595458984375,2584700
2026-07-02,1843.97998046875,1858.4000244140625,1748.02001953125,1769.3199462890625,1767.03466796875,2699100
2026-07-06,1830.0,1868.5999755859375,1813.3299560546875,1825.0699462890625,1822.712646484375,1945000
2026-07-07,1737.1300048828125,1761.0400390625,1717.31005859375,1747.280029296875,1745.023193359375,1863900
2026-07-08,1733.6800537109375,1780.6600341796875,1729.3800048828125,1768.6500244140625,1766.3656005859375,1424500
2026-07-09,1835.4599609375,1858.72998046875,1796.760009765625,1804.25,1801.9195556640625,1547400
2026-07-10,1783.8800048828125,1815.1800537109375,1766.6600341796875,1797.3199462890625,1794.9984130859375,1218400
2026-07-13,1773.5400390625,1775.7900390625,1718.0799560546875,1726.0400390625,1723.8106689453125,1419800
2026-07-14,1787.449951171875,1798.27001953125,1749.8599853515625,1775.6400146484375,1773.3465576171875,2529100
2026-07-15,1825.06005859375,1830.0,1735.6500244140625,1815.27001953125,1812.9254150390625,4189300
2026-07-16,1796.9100341796875,1853.449951171875,1779.1199951171875,1784.8699951171875,1782.5645751953125,2581400
2026-07-17,1733.780029296875,1790.9100341796875,1703.4000244140625,1747.5799560546875,1745.32275390625,2209400
2026-07-20,1778.68994140625,1798.3399658203125,1728.5999755859375,1739.02001953125,1736.7738037109375,1639000
2026-07-21,1801.199951171875,1823.8800048828125,1785.5400390625,1801.510009765625,1799.18310546875,1681100
2026-07-22,1767.6500244140625,1817.199951171875,1767.0400390625,1801.8599853515625,1799.5325927734375,1007400
2026-07-23,1782.1199951171875,1823.5799560546875,1780.239990234375,1803.0,1800.671142578125,1106700
2026-07-24,1789.8800048828125,1797.8699951171875,1739.8800048828125,1757.0899658203125,1754.8204345703125,1315000
2026-07-27,1739.18994140625,1746.699951171875,1613.3399658203125,1655.260009765625,1653.1220703125,3325500
2026-07-28,1580.5,1599.8800048828125,1553.5799560546875,1582.949951171875,1582.949951171875,3010100
2026-07-29,1569.3900146484375,1621.4599609375,1530.6400146484375,1550.68994140625,1550.68994140625,2538800
2026-07-30,1645.0699462890625,1676.780029296875,1626.43994140625,1651.43994140625,1651.43994140625,2170500
2026-07-31,1683.3800048828125,1692.1500244140625,1624.7099609375,1629.0,1629.0,1601400
2026-08-03,1609.68994140625,1655.199951171875,1582.0,1642.52001953125,1642.52001953125,1437400
2026-08-04,1700.0400390625,1717.56005859375,1686.010009765625,1711.8900146484375,1711.8900146484375,1526700
2026-08-05,1700.4200439453125,1729.06005859375,1671.75,1678.219970703125,1678.219970703125,1221000
2026-08-06,1695.3900146484375,1735.530029296875,1672.1099853515625,1704.3699951171875,1704.3699951171875,1072500
2026-08-07,1759.7099609375,1761.31005859375,1720.1099853515625,1740.989990234375,1740.989990234375,1064900
2026-08-10,1793.010009765625,1794.469970703125,1732.81005859375,1733.47998046875,1733.47998046875,1107000
2026-08-11,1793.9300537109375,1819.5899658203125,1778.3199462890625,1799.3800048828125,1799.3800048828125,1479700
2026-08-12,1832.6300048828125,1845.0,1807.3800048828125,1810.0699462890625,1810.0699462890625,1388800
2026-08-13,1819.0699462890625,1873.68994140625,1813.300048828125,1847.9000244140625,1847.9000244140625,1237900
2026-08-14,1839.18994140625,1853.3199462890625,1820.4100341796875,1844.0799560546875,1844.0799560546875,929000
2026-08-17,1871.6800537109375,1896.3499755859375,1860.1199951171875,1883.1199951171875,1883.1199951171875,1285400
2026-08-18,1809.0,1820.4100341796875,1775.699951171875,1802.97998046875,1802.97998046875,1509300
2026-08-19,1797.719970703125,1804.280029296875,1748.8499755859375,1751.72998046875,1751.72998046875,1463600
2026-08-20,1743.760009765625,1775.8199462890625,1741.02001953125,1750.31005859375,1750.31005859375,825400
2026-08-21,1763.510009765625,1771.0,1741.0,1763.760009765625,1763.760009765625,972400
2026-08-24,1761.56005859375,1761.97998046875,1727.5699462890625,1740.1300048828125,1740.1300048828125,1202000
2026-08-25,1759.1500244140625,1769.989990234375,1735.8699951171875,1744.1600341796875,1744.1600341796875,808900
2026-08-26,1746.3299560546875,1761.7099609375,1732.3499755859375,1745.6400146484375,1745.6400146484375,873500
