date,open,high,low,close,adjclose,volume
2021-06-01,16.139999389648438,16.229999542236328,15.890000343322754,16.09000015258789,13.862951278686523,11694200
2021-06-02,15.869999885559082,16.190000534057617,15.774999618530273,16.06999969482422,13.845719337463379,18204000
2021-06-03,15.989999771118164,16.020000457763672,15.829999923706055,15.899999618530273,13.699252128601074,9960800
2021-06-04,15.920000076293945,16.229999542236328,15.859999656677246,16.219999313354492,13.974958419799805,10221300
2021-06-07,16.229999542236328,16.315000534057617,15.829999923706055,15.899999618530273,13.699252128601074,8055800
2021-06-08,15.899999618530273,16.079999923706055,15.75,16.0,13.785408973693848,7095000
2021-06-09,15.979999542236328,15.989999771118164,15.604999542236328,15.649999618530273,13.483853340148926,9019400
2021-06-10,15.739999771118164,15.8100004196167,15.562999725341797,15.630000114440918,13.466619491577148,6340500
2021-06-11,15.65999984741211,15.890000343322754,15.649999618530273,15.890000343322754,13.690634727478027,7602300
2021-06-14,15.949999809265137,16.049999237060547,15.649999618530273,15.720000267028809,13.544163703918457,8249000
2021-06-15,15.640000343322754,15.75,15.539999961853027,15.630000114440918,13.570211410522461,7527200
2021-06-16,15.619999885559082,15.710000038146973,15.489999771118164,15.5600004196167,13.509434700012207,7864900
2021-06-17,15.569999694824219,15.640000343322754,14.619999885559082,14.75,12.80617904663086,15591100
2021-06-18,14.529999732971191,14.574999809265137,14.3100004196167,14.449999809265137,12.54571533203125,23705400
2021-06-21,14.539999961853027,14.890000343322754,14.5,14.729999542236328,12.78881549835205,7972900
2021-06-22,14.680000305175781,14.765000343322754,14.494999885559082,14.609999656677246,12.684630393981934,9002400
2021-06-23,14.640000343322754,14.640000343322754,14.414999961853027,14.460000038146973,12.554397583007812,9421700
2021-06-24,14.619999885559082,14.619999885559082,14.484999656677246,14.619999885559082,12.69331169128418,6649600
2021-06-25,14.59000015258789,14.795000076293945,14.579999923706055,14.739999771118164,12.797496795654297,7595700
2021-06-28,14.720000267028809,14.739999771118164,14.470000267028809,14.529999732971191,12.61517333984375,6312800
2021-06-29,14.619999885559082,14.704999923706055,14.460000038146973,14.529999732971191,12.61517333984375,5964100
2021-06-30,14.5,14.630000114440918,14.449999809265137,14.579999923706055,12.658583641052246,7333900
2021-07-01,14.720000267028809,14.8100004196167,14.595000267028809,14.699999809265137,12.762770652770996,8281900
2021-07-02,14.739999771118164,14.75,14.579999923706055,14.710000038146973,12.771451950073242,4434500
2021-07-06,14.710000038146973,14.729999542236328,14.300000190734863,14.350000381469727,12.458895683288574,7866600
2021-07-07,14.350000381469727,14.569999694824219,14.300000190734863,14.4399995803833,12.537032127380371,7674400
2021-07-08,14.149999618530273,14.40999984741211,14.031000137329102,14.300000190734863,12.415482521057129,7951200
2021-07-09,14.489999771118164,14.619999885559082,14.420000076293945,14.579999923706055,12.658583641052246,5304600
2021-07-12,14.5,14.5600004196167,14.399999618530273,14.470000267028809,12.563081741333008,5872300
2021-07-13,14.390000343322754,14.40999984741211,13.6850004196167,13.760000228881836,11.946647644042969,15287300
2021-07-14,13.890000343322754,14.220000267028809,13.8100004196167,14.010000228881836,12.163702011108398,10422500
2021-07-15,13.890000343322754,14.140000343322754,13.869999885559082,14.069999694824219,12.215794563293457,12683100
2021-07-16,14.210000038146973,14.239999771118164,13.819999694824219,13.859999656677246,12.033467292785645,9645700
2021-07-19,13.5600004196167,13.744999885559082,13.479999542236328,13.670000076293945,11.868508338928223,13289600
2021-07-20,13.6899995803833,14.010000228881836,13.670000076293945,13.970000267028809,12.128973960876465,9144700
2021-07-21,14.069999694824219,14.255000114440918,13.960000038146973,14.229999542236328,12.354707717895508,12163400
2021-07-22,14.180000305175781,14.210000038146973,13.925000190734863,14.020000457763672,12.172385215759277,9795400
2021-07-23,14.0600004196167,14.156999588012695,13.979999542236328,14.100000381469727,12.241839408874512,6787300
2021-07-26,14.34000015258789,14.670000076293945,14.34000015258789,14.430000305175781,12.528350830078125,11046900
2021-07-27,14.239999771118164,14.399999618530273,14.069999694824219,14.34000015258789,12.450212478637695,6485200
2021-07-28,14.5,14.550000190734863,14.204999923706055,14.460000038146973,12.554397583007812,6465900
2021-07-29,14.630000114440918,14.680000305175781,14.470000267028809,14.550000190734863,12.632537841796875,6440900
2021-07-30,14.4399995803833,14.569999694824219,14.395000457763672,14.5,12.589126586914062,8153700
2021-08-02,14.59000015258789,14.869999885559082,14.479999542236328,14.489999771118164,12.580443382263184,7937000
2021-08-03,14.579999923706055,14.880000114440918,14.329999923706055,14.850000381469727,12.8930025100708,5425500
2021-08-04,14.699999809265137,14.8100004196167,14.545000076293945,14.65999984741211,12.728043556213379,10097200
2021-08-05,14.779999732971191,14.84000015258789,14.635000228881836,14.6899995803833,12.754084587097168,4851100
2021-08-06,14.789999961853027,14.979999542236328,14.770000457763672,14.869999885559082,12.910364151000977,3664000
2021-08-09,14.859999656677246,14.859999656677246,14.649999618530273,14.720000267028809,12.780134201049805,4391000
2021-08-10,14.699999809265137,14.829999923706055,14.630000114440918,14.819999694824219,12.866955757141113,6880000
2021-08-11,14.890000343322754,15.279999732971191,14.739999771118164,15.1899995803833,13.18819522857666,6561100
2021-08-12,15.210000038146973,15.25,15.03499984741211,15.210000038146973,13.205558776855469,3993000
2021-08-13,15.199999809265137,15.199999809265137,14.960000038146973,14.979999542236328,13.005867958068848,5144900
2021-08-16,14.899999618530273,15.029999732971191,14.65999984741211,15.0,13.023232460021973,6356800
2021-08-17,14.920000076293945,14.960000038146973,14.649999618530273,14.920000076293945,12.953776359558105,7973000
2021-08-18,14.850000381469727,14.960000038146973,14.699999809265137,14.710000038146973,12.771451950073242,6290200
2021-08-19,14.579999923706055,14.630000114440918,14.270000457763672,14.380000114440918,12.484941482543945,7395200
2021-08-20,14.399999618530273,14.59000015258789,14.350000381469727,14.579999923706055,12.658583641052246,3944800
2021-08-23,14.630000114440918,14.800000190734863,14.550000190734863,14.699999809265137,12.762770652770996,5114400
2021-08-24,14.770000457763672,14.899999618530273,14.635000228881836,14.84000015258789,12.884317398071289,4760200
2021-08-25,14.84000015258789,15.229000091552734,14.8100004196167,15.109999656677246,13.11873722076416,5934300
2021-08-26,15.229999542236328,15.541999816894531,15.104999542236328,15.119999885559082,13.127421379089355,11897500
2021-08-27,15.100000381469727,15.489999771118164,14.989999771118164,15.420000076293945,13.387884140014648,9472400
2021-08-30,15.470000267028809,15.539999961853027,15.229999542236328,15.3100004196167,13.292381286621094,6611800
2021-08-31,15.350000381469727,15.529999732971191,15.324999809265137,15.460000038146973,13.422615051269531,10701500
2021-09-01,15.5,15.529999732971191,15.210000038146973,15.34000015258789,13.318427085876465,8202900
2021-09-02,15.40999984741211,15.484999656677246,15.239999771118164,15.390000343322754,13.361839294433594,11008100
2021-09-03,15.574999809265137,15.890000343322754,15.390000343322754,15.479999542236328,13.43997859954834,14355200
2021-09-07,15.399999618530273,15.479999542236328,14.979999542236328,15.020000457763672,13.04059886932373,12803000
2021-09-08,14.960000038146973,15.029999732971191,14.510000228881836,14.539999961853027,12.623855590820312,11716200
2021-09-09,14.489999771118164,14.744999885559082,14.460000038146973,14.65999984741211,12.728043556213379,8603500
2021-09-10,14.550000190734863,14.645999908447266,14.28499984741211,14.3100004196167,12.526705741882324,7289700
2021-09-13,14.350000381469727,14.380000114440918,14.130000114440918,14.300000190734863,12.517949104309082,15522900
2021-09-14,14.399999618530273,14.40999984741211,13.710000038146973,13.75,12.036490440368652,12737500
2021-09-15,13.75,13.869999885559082,13.644000053405762,13.739999771118164,12.02773666381836,16081300
2021-09-16,13.75,13.850000381469727,13.635000228881836,13.65999984741211,11.9577054977417,8015300
2021-09-17,13.510000228881836,13.604999542236328,13.350000381469727,13.550000190734863,11.861414909362793,26241800
2021-09-20,13.270000457763672,13.399999618530273,13.079999923706055,13.279999732971191,11.625060081481934,10765500
2021-09-21,13.350000381469727,13.40999984741211,12.989999771118164,13.010000228881836,11.388708114624023,9342300
2021-09-22,13.079999923706055,13.289999961853027,13.079999923706055,13.15999984741211,11.52001667022705,7783300
2021-09-23,13.25,13.600000381469727,13.220000267028809,13.4399995803833,11.765122413635254,6825700
2021-09-24,13.359999656677246,13.579999923706055,13.350000381469727,13.40999984741211,11.738860130310059,5792300
2021-09-27,13.40999984741211,14.1850004196167,13.40999984741211,14.0,12.25533676147461,12385400
2021-09-28,14.0,14.34000015258789,13.989999771118164,14.180000305175781,12.4129056930542,10810800
2021-09-29,14.170000076293945,14.244999885559082,14.0,14.09000015258789,12.334118843078613,9832400
2021-09-30,14.229999542236328,14.720000267028809,14.220000267028809,14.25,12.474180221557617,19163700
2021-10-01,14.34000015258789,14.699999809265137,14.319999694824219,14.619999885559082,12.79807186126709,9176400
2021-10-04,14.649999618530273,15.045000076293945,14.59000015258789,14.850000381469727,12.999409675598145,13567100
2021-10-05,14.949999809265137,15.149999618530273,14.779999732971191,15.029999732971191,13.156978607177734,13139800
2021-10-06,14.800000190734863,14.916999816894531,14.449999809265137,14.710000038146973,12.876856803894043,14791800
2021-10-07,14.859999656677246,14.949999809265137,14.75,14.770000457763672,12.9293794631958,10950800
2021-10-08,14.880000114440918,15.0600004196167,14.770000457763672,14.829999923706055,12.981901168823242,7742500
2021-10-11,14.850000381469727,15.079999923706055,14.800000190734863,14.859999656677246,13.008161544799805,7033700
2021-10-12,14.890000343322754,14.890000343322754,14.640000343322754,14.699999809265137,12.86810302734375,8642400
2021-10-13,14.680000305175781,14.824999809265137,14.520000457763672,14.720000267028809,12.885610580444336,8427700
2021-10-14,14.760000228881836,15.0600004196167,14.739999771118164,15.050000190734863,13.174485206604004,6386100
2021-10-15,15.119999885559082,15.289999961853027,15.119999885559082,15.149999618530273,13.26202392578125,7634300
2021-10-18,15.029999732971191,15.34000015258789,15.0,15.109999656677246,13.227007865905762,7891600
2021-10-19,15.210000038146973,15.444999694824219,15.095000267028809,15.369999885559082,13.454607963562012,9861900
2021-10-20,15.380000114440918,15.65999984741211,15.309000015258789,15.489999771118164,13.559652328491211,8391300
2021-10-21,15.40999984741211,15.649999618530273,15.289999961853027,15.489999771118164,13.559652328491211,9633200
2021-10-22,15.460000038146973,15.6899995803833,15.359999656677246,15.359999656677246,13.445854187011719,11745200
2021-10-25,15.40999984741211,15.5,15.350000381469727,15.40999984741211,13.489624977111816,9772600
2021-10-26,15.449999809265137,15.460000038146973,14.75,14.880000114440918,13.02567195892334,18426700
2021-10-27,14.859999656677246,14.859999656677246,14.475000381469727,14.579999923706055,12.763056755065918,11529700
2021-10-28,14.609999656677246,14.91100025177002,14.479999542236328,14.760000228881836,12.920626640319824,11965200
2021-10-29,14.779999732971191,15.095000267028809,14.640000343322754,14.649999618530273,12.824333190917969,16770800
2021-11-01,14.729999542236328,15.020000457763672,14.6899995803833,14.960000038146973,13.095702171325684,9549000
2021-11-02,15.0,15.255000114440918,14.949999809265137,15.239999771118164,13.340807914733887,12287200
2021-11-03,15.180000305175781,15.444999694824219,15.109999656677246,15.279999732971191,13.375823020935059,8439900
2021-11-04,15.229999542236328,15.359999656677246,15.140000343322754,15.270000457763672,13.367070198059082,8520300
2021-11-05,15.34000015258789,15.520000457763672,15.329999923706055,15.460000038146973,13.533393859863281,8812400
2021-11-08,15.5,15.649999618530273,15.40999984741211,15.4399995803833,13.515883445739746,6074500
2021-11-09,15.399999618530273,15.600000381469727,15.369999885559082,15.529999732971191,13.594669342041016,4894200
2021-11-10,15.529999732971191,15.90999984741211,15.489999771118164,15.720000267028809,13.760990142822266,9485700
2021-11-11,15.779999732971191,15.949999809265137,15.729999542236328,15.9399995803833,13.953574180603027,4824700
2021-11-12,15.279999732971191,15.350000381469727,14.569999694824219,14.640000343322754,12.815580368041992,19128800
2021-11-15,14.619999885559082,14.765000343322754,14.414999961853027,14.699999809265137,12.86810302734375,10511500
2021-11-16,14.729999542236328,14.8149995803833,14.539999961853027,14.579999923706055,12.763056755065918,7700000
2021-11-17,14.569999694824219,14.704999923706055,14.4399995803833,14.550000190734863,12.736795425415039,7534000
2021-11-18,14.550000190734863,14.645000457763672,14.3100004196167,14.609999656677246,12.789319038391113,6270200
2021-11-19,14.550000190734863,14.59000015258789,14.335000038146973,14.390000343322754,12.596734046936035,7238700
2021-11-22,14.489999771118164,14.979999542236328,14.4399995803833,14.770000457763672,12.9293794631958,10326200
2021-11-23,14.720000267028809,14.835000038146973,14.633999824523926,14.8100004196167,12.964396476745605,9195800
2021-11-24,14.869999885559082,15.039999961853027,14.800000190734863,14.859999656677246,13.008161544799805,10158300
2021-11-26,14.4399995803833,14.53600025177002,14.229999542236328,14.430000305175781,12.631749153137207,6651800
2021-11-29,14.550000190734863,14.710000038146973,14.329999923706055,14.609999656677246,12.789319038391113,12343500
2021-11-30,14.579999923706055,14.640000343322754,14.109999656677246,14.350000381469727,12.561718940734863,24941000
2021-12-01,14.029999732971191,14.5600004196167,13.859999656677246,14.210000038146973,12.439166069030762,22221700
2021-12-02,14.289999961853027,15.114999771118164,14.220000267028809,14.989999771118164,13.12196159362793,14524900
2021-12-03,15.119999885559082,15.640000343322754,14.899999618530273,15.170000076293945,13.279533386230469,19438800
2021-12-06,15.359999656677246,15.539999961853027,15.104999542236328,15.119999885559082,13.235763549804688,12473700
2021-12-07,15.300000190734863,15.609999656677246,15.09000015258789,15.470000267028809,13.542145729064941,14903100
2021-12-08,15.550000190734863,15.800000190734863,15.470000267028809,15.579999923706055,13.638436317443848,11366600
2021-12-09,15.420000076293945,15.515000343322754,15.300000190734863,15.380000114440918,13.567862510681152,8569000
2021-12-10,15.550000190734863,15.609999656677246,15.119999885559082,15.210000038146973,13.417892456054688,9774300
2021-12-13,15.170000076293945,15.229999542236328,14.609999656677246,14.789999961853027,13.047378540039062,10867600
2021-12-14,14.619999885559082,14.9399995803833,14.550000190734863,14.569999694824219,12.853300094604492,13978400
2021-12-15,14.640000343322754,14.819999694824219,14.5,14.789999961853027,13.047378540039062,10934700
2021-12-16,14.9399995803833,15.1850004196167,14.789999961853027,14.949999809265137,13.188528060913086,11932500
2021-12-17,14.960000038146973,15.154999732971191,14.800000190734863,15.079999923706055,13.303211212158203,17967500
2021-12-20,14.899999618530273,14.960000038146973,14.595000267028809,14.850000381469727,13.100310325622559,11378300
2021-12-21,14.984999656677246,15.425000190734863,14.984999656677246,15.420000076293945,13.6031494140625,9422200
2021-12-22,15.420000076293945,15.5600004196167,15.279999732971191,15.550000190734863,13.717833518981934,6693800
2021-12-23,15.630000114440918,15.875,15.569999694824219,15.760000228881836,13.903090476989746,6735600
2021-12-27,15.75,15.970000267028809,15.699999809265137,15.920000076293945,14.04423999786377,4456300
2021-12-28,15.899999618530273,16.045000076293945,15.850000381469727,15.970000267028809,14.088346481323242,6010800
2021-12-29,15.970000267028809,16.21500015258789,15.9399995803833,16.06999969482422,14.17656421661377,5867300
2021-12-30,16.020000457763672,16.18000030517578,15.859999656677246,15.890000343322754,14.017772674560547,6608100
2021-12-31,15.899999618530273,16.0049991607666,15.75,15.770000457763672,13.911913871765137,4315900
2022-01-03,15.890000343322754,16.235000610351562,15.890000343322754,16.139999389648438,14.238314628601074,8569100
2022-01-04,16.329999923706055,16.96500015258789,16.329999923706055,16.829999923706055,14.847017288208008,16823500
2022-01-05,16.850000381469727,17.347000122070312,16.84000015258789,16.889999389648438,14.899949073791504,10922700
2022-01-06,17.100000381469727,17.149999618530273,16.770000457763672,16.969999313354492,14.9705228805542,8571700
2022-01-07,16.979999542236328,17.239999771118164,16.979999542236328,17.1299991607666,15.11166763305664,10482700
2022-01-10,17.200000762939453,17.334999084472656,16.739999771118164,17.0,14.996989250183105,15250000
2022-01-11,17.1200008392334,17.1200008392334,16.790000915527344,17.040000915527344,15.032275199890137,16455800
2022-01-12,17.139999389648438,17.30500030517578,16.959999084472656,17.149999618530273,15.129316329956055,7975700
2022-01-13,17.25,17.594999313354492,17.06999969482422,17.489999771118164,15.429253578186035,9726800
2022-01-14,17.3700008392334,17.600000381469727,17.170000076293945,17.559999465942383,15.491006851196289,8547000
2022-01-18,17.510000228881836,17.600000381469727,17.19499969482422,17.31999969482422,15.27928352355957,10282200
2022-01-19,17.299999237060547,17.3799991607666,16.71500015258789,16.739999771118164,14.767621994018555,11762000
2022-01-20,16.844999313354492,17.030000686645508,16.510000228881836,16.670000076293945,14.705870628356934,18906200
2022-01-21,16.68000030517578,16.690000534057617,16.110000610351562,16.139999389648438,14.238314628601074,10121400
2022-01-24,15.845000267028809,16.1299991607666,15.449999809265137,16.100000381469727,14.20302963256836,11759700
2022-01-25,15.920000076293945,15.989999771118164,15.399999618530273,15.890000343322754,14.017772674560547,11657100
2022-01-26,16.06999969482422,16.149999618530273,15.619999885559082,15.84000015258789,13.973664283752441,10817100
2022-01-27,16.010000228881836,16.31999969482422,15.619999885559082,15.8100004196167,13.947200775146484,12857800
2022-01-28,15.720000267028809,16.139999389648438,15.675000190734863,16.1299991607666,14.229494094848633,11142100
2022-01-31,16.09000015258789,16.389999389648438,15.881999969482422,16.329999923706055,14.40593147277832,16818400
2022-02-01,16.360000610351562,16.860000610351562,16.290000915527344,16.809999465942383,14.829374313354492,10422500
2022-02-02,16.735000610351562,17.079999923706055,16.700000762939453,17.030000686645508,15.023454666137695,8890000
2022-02-03,16.959999084472656,17.149999618530273,16.829999923706055,16.850000381469727,14.864665031433105,7035100
2022-02-04,16.809999465942383,17.010000228881836,16.6299991607666,16.84000015258789,14.855843544006348,6702500
2022-02-07,17.0,17.049999237060547,16.790000915527344,16.93000030517578,14.935235977172852,6955400
2022-02-08,17.100000381469727,17.149999618530273,16.920000076293945,17.100000381469727,15.085206031799316,6457600
2022-02-09,17.190000534057617,17.31999969482422,17.100000381469727,17.299999237060547,15.261639595031738,8012200
2022-02-10,17.200000762939453,17.760000228881836,17.15999984741211,17.350000381469727,15.305750846862793,9406300
2022-02-11,17.350000381469727,17.584999084472656,17.079999923706055,17.200000762939453,15.173423767089844,8804600
2022-02-14,17.270000457763672,17.299999237060547,16.719999313354492,16.8700008392334,14.882305145263672,9019400
2022-02-15,17.010000228881836,17.469999313354492,16.959999084472656,17.3799991607666,15.332213401794434,7447100
2022-02-16,17.290000915527344,17.719999313354492,17.270000457763672,17.639999389648438,15.561582565307617,8063400
2022-02-17,17.440000534057617,17.540000915527344,17.190000534057617,17.239999771118164,15.20871353149414,8985800
2022-02-18,17.239999771118164,17.510000228881836,17.15999984741211,17.329999923706055,15.288106918334961,9652000
2022-02-22,17.18000030517578,17.420000076293945,16.760000228881836,16.940000534057617,14.94405746459961,11734200
2022-02-23,17.06999969482422,17.110000610351562,16.540000915527344,16.6200008392334,14.661762237548828,7846200
2022-02-24,16.139999389648438,16.290000915527344,15.75,16.25,14.335355758666992,11558400
2022-02-25,16.020000457763672,16.15999984741211,15.460000038146973,16.020000457763672,14.132455825805664,18758600
2022-02-28,15.75,15.979999542236328,15.579999923706055,15.920000076293945,14.04423999786377,18104500
2022-03-01,15.9399995803833,16.049999237060547,15.265000343322754,15.40999984741211,13.594329833984375,14194400
2022-03-02,16.219999313354492,17.18000030517578,16.149999618530273,16.989999771118164,14.988166809082031,20561000
2022-03-03,17.010000228881836,17.020000457763672,16.59000015258789,16.75,14.776445388793945,16233100
2022-03-04,16.350000381469727,16.450000762939453,16.100000381469727,16.420000076293945,14.48532485961914,10468300
2022-03-07,16.399999618530273,16.43000030517578,15.729999542236328,15.770000457763672,13.911913871765137,9691700
2022-03-08,16.09000015258789,16.575000762939453,16.06999969482422,16.09000015258789,14.194208145141602,12353300
2022-03-09,16.440000534057617,16.577999114990234,16.299999237060547,16.3700008392334,14.441217422485352,12569700
2022-03-10,16.06999969482422,16.375,15.979999542236328,16.360000610351562,14.538972854614258,10586400
2022-03-11,16.5,16.690000534057617,16.385000228881836,16.549999237060547,14.707825660705566,11139400
2022-03-14,16.6299991607666,16.799999237060547,16.165000915527344,16.31999969482422,14.503422737121582,10739100
2022-03-15,16.31999969482422,16.65999984741211,16.204999923706055,16.530000686645508,14.690051078796387,14246300
2022-03-16,16.670000076293945,16.850000381469727,16.479999542236328,16.760000228881836,14.894448280334473,11061500
2022-03-17,16.5,16.799999237060547,16.270000457763672,16.719999313354492,14.858901023864746,10839600
2022-03-18,16.600000381469727,17.100000381469727,16.44499969482422,17.040000915527344,15.143285751342773,25124800
2022-03-21,17.1200008392334,17.334999084472656,16.854000091552734,17.049999237060547,15.152169227600098,9128400
2022-03-22,17.200000762939453,17.299999237060547,16.985000610351562,17.1299991607666,15.223264694213867,12037600
2022-03-23,17.049999237060547,17.200000762939453,16.959999084472656,16.969999313354492,15.081073760986328,7361400
2022-03-24,17.059999465942383,17.149999618530273,16.93000030517578,17.049999237060547,15.152169227600098,13534300
2022-03-25,17.149999618530273,17.56999969482422,17.110000610351562,17.540000915527344,15.587626457214355,11028500
2022-03-28,17.399999618530273,17.450000762939453,17.09000015258789,17.3799991607666,15.44543743133545,6572600
2022-03-29,17.579999923706055,17.655000686645508,17.3799991607666,17.559999465942383,15.605399131774902,6015400
2022-03-30,17.5,17.614999771118164,17.200000762939453,17.280000686645508,15.356565475463867,4783700
2022-03-31,17.049999237060547,17.15999984741211,16.690000534057617,16.709999084472656,14.850014686584473,10402900
2022-04-01,16.8799991607666,16.8799991607666,16.059999465942383,16.290000915527344,14.476766586303711,8138800
2022-04-04,16.260000228881836,16.3799991607666,15.979999542236328,16.31999969482422,14.503422737121582,10025400
2022-04-05,16.170000076293945,16.329999923706055,15.739999771118164,15.800000190734863,14.04130744934082,8198500
2022-04-06,15.699999809265137,15.744999885559082,15.470000267028809,15.569999694824219,13.836907386779785,9878100
2022-04-07,15.989999771118164,16.09000015258789,15.604999542236328,16.0,14.21904468536377,14207800
2022-04-08,16.020000457763672,16.295000076293945,15.84000015258789,16.100000381469727,14.307914733886719,8942200
2022-04-11,16.020000457763672,16.219999313354492,15.800000190734863,15.8100004196167,14.050193786621094,6340600
2022-04-12,15.489999771118164,15.850000381469727,15.319999694824219,15.40999984741211,13.694718360900879,10502100
2022-04-13,15.4399995803833,15.555000305175781,15.3149995803833,15.479999542236328,13.756924629211426,10134300
2022-04-14,15.520000457763672,15.619999885559082,15.343000411987305,15.380000114440918,13.66805648803711,7197400
2022-04-18,15.4399995803833,15.75,15.399999618530273,15.710000038146973,13.961324691772461,8378800
2022-04-19,15.90999984741211,16.165000915527344,15.819999694824219,16.110000610351562,14.316802024841309,8929400
2022-04-20,16.209999084472656,16.65999984741211,16.209999084472656,16.520000457763672,14.681163787841797,9380700
2022-04-21,16.6200008392334,16.739999771118164,16.270000457763672,16.31999969482422,14.503422737121582,9459500
2022-04-22,16.25,16.25,15.729999542236328,15.75,13.996871948242188,7175600
2022-04-25,15.579999923706055,15.630000114440918,15.223999977111816,15.59000015258789,13.854683876037598,8561800
2022-04-26,15.470000267028809,15.600000381469727,15.25,15.270000457763672,13.570302963256836,6586000
2022-04-27,15.260000228881836,15.479999542236328,15.050000190734863,15.380000114440918,13.66805648803711,10787200
2022-04-28,15.65999984741211,15.819999694824219,15.529999732971191,15.699999809265137,13.952439308166504,10054600
2022-04-29,15.649999618530273,15.9350004196167,15.390000343322754,15.40999984741211,13.694718360900879,10581000
2022-05-02,15.404999732971191,15.5600004196167,14.989999771118164,15.380000114440918,13.66805648803711,7912100
2022-05-03,15.420000076293945,15.675000190734863,15.354999542236328,15.489999771118164,13.765811920166016,7605300
2022-05-04,15.5600004196167,16.110000610351562,15.510000228881836,16.09000015258789,14.299027442932129,9560000
2022-05-05,15.9399995803833,16.135000228881836,15.755000114440918,15.949999809265137,14.17460823059082,16828700
2022-05-06,15.90999984741211,15.949999809265137,15.569999694824219,15.6899995803833,13.943549156188965,11665700
2022-05-09,15.479999542236328,15.989999771118164,15.460000038146973,15.84000015258789,14.07685375213623,17107000
2022-05-10,16.0,16.440000534057617,15.880000114440918,16.219999313354492,14.414556503295898,20076800
2022-05-11,16.209999084472656,16.43000030517578,15.5600004196167,15.579999923706055,13.845796585083008,8743800
2022-05-12,15.569999694824219,15.675000190734863,15.284000396728516,15.619999885559082,13.881343841552734,13933100
2022-05-13,15.760000228881836,16.030000686645508,15.65999984741211,15.949999809265137,14.17460823059082,7308400
2022-05-16,15.850000381469727,16.075000762939453,15.75,15.970000267028809,14.1923828125,6482600
2022-05-17,16.25,16.799999237060547,16.200000762939453,16.75,14.885560989379883,10950300
2022-05-18,16.549999237060547,16.6299991607666,15.649999618530273,15.760000228881836,14.00576114654541,13338700
2022-05-19,15.369999885559082,15.385000228881836,14.569999694824219,15.039999961853027,13.365903854370117,21103000
2022-05-20,14.800000190734863,14.800000190734863,13.534000396728516,14.15999984741211,12.583855628967285,24256000
2022-05-23,14.199999809265137,14.569999694824219,14.15999984741211,14.510000228881836,12.8948974609375,11306900
2022-05-24,14.359999656677246,14.619999885559082,14.010000228881836,14.5600004196167,12.939330101013184,13173400
2022-05-25,14.390000343322754,15.039999961853027,14.390000343322754,14.90999984741211,13.250371932983398,10757000
2022-05-26,14.960000038146973,15.170000076293945,14.880000114440918,15.09000015258789,13.410335540771484,12225600
2022-05-27,15.609999656677246,15.979999542236328,15.545000076293945,15.789999961853027,14.032419204711914,11996300
2022-05-31,15.670000076293945,15.84000015258789,15.385000228881836,15.600000381469727,13.863568305969238,19470600
2022-06-01,15.8100004196167,16.030000686645508,15.585000038146973,15.779999732971191,14.02353286743164,12804600
2022-06-02,14.829999923706055,15.015000343322754,14.229999542236328,14.960000038146973,13.294806480407715,23221200
2022-06-03,14.789999961853027,15.180000305175781,14.755000114440918,15.079999923706055,13.401449203491211,9442500
2022-06-06,15.25,15.425000190734863,15.09000015258789,15.220000267028809,13.525866508483887,9342400
2022-06-07,15.069999694824219,15.390000343322754,14.859999656677246,15.34000015258789,13.632509231567383,9358700
2022-06-08,15.289999961853027,15.289999961853027,14.970000267028809,14.970000267028809,13.303691864013672,6808000
2022-06-09,14.90999984741211,15.050000190734863,14.649999618530273,14.680000305175781,13.045973777770996,6899000
2022-06-10,14.380000114440918,14.5,14.154999732971191,14.229999542236328,12.750288009643555,8798800
2022-06-13,13.880000114440918,14.015000343322754,13.640000343322754,13.699999809265137,12.275398254394531,12877100
2022-06-14,13.65999984741211,13.850000381469727,13.555000305175781,13.670000076293945,12.24852180480957,10104800
2022-06-15,13.760000228881836,14.260000228881836,13.704999923706055,14.069999694824219,12.606925964355469,13743300
2022-06-16,13.729999542236328,13.760000228881836,13.234999656677246,13.350000381469727,11.96179485321045,11242200
2022-06-17,13.430000305175781,13.59000015258789,13.175000190734863,13.420000076293945,12.024517059326172,18452900
2022-06-21,13.859999656677246,14.020000457763672,13.729999542236328,13.899999618530273,12.454604148864746,10029000
2022-06-22,13.65999984741211,13.864999771118164,13.625,13.729999542236328,12.302279472351074,8189600
2022-06-23,13.75,13.859999656677246,13.414999961853027,13.619999885559082,12.203720092773438,8189100
2022-06-24,13.739999771118164,14.140000343322754,13.649999618530273,14.0600004196167,12.597966194152832,12053500
2022-06-27,14.15999984741211,14.244999885559082,14.020000457763672,14.130000114440918,12.660687446594238,6200800
2022-06-28,14.199999809265137,14.28499984741211,13.73900032043457,13.75,12.320202827453613,9494300
2022-06-29,13.819999694824219,13.819999694824219,13.3100004196167,13.359999656677246,11.97075366973877,8272800
2022-06-30,13.140000343322754,13.350000381469727,13.0600004196167,13.260000228881836,11.881155967712402,13551500
2022-07-01,13.220000267028809,13.300000190734863,12.729999542236328,12.960000038146973,11.612351417541504,12884700
2022-07-05,12.699999809265137,12.84000015258789,12.399999618530273,12.829999923706055,11.495867729187012,13734700
2022-07-06,12.779999732971191,12.885000228881836,12.5600004196167,12.770000457763672,11.442109107971191,10532500
2022-07-07,13.039999961853027,13.180000305175781,12.949999809265137,13.039999961853027,11.684032440185547,11056600
2022-07-08,13.100000381469727,13.300000190734863,12.960000038146973,13.1899995803833,11.818432807922363,8138400
2022-07-11,13.010000228881836,13.194999694824219,13.0,13.0600004196167,11.701951026916504,7588900
2022-07-12,13.140000343322754,13.399999618530273,13.020000457763672,13.119999885559082,11.755712509155273,10452200
2022-07-13,12.90999984741211,13.074999809265137,12.835000038146973,13.0,11.648191452026367,7631100
2022-07-14,12.75,13.0600004196167,12.668999671936035,13.010000228881836,11.657151222229004,8154800
2022-07-15,13.170000076293945,13.279999732971191,12.96500015258789,13.270000457763672,11.890113830566406,7955800
2022-07-18,13.380000114440918,13.475000381469727,13.130000114440918,13.15999984741211,11.791552543640137,6544700
2022-07-19,13.34000015258789,13.789999961853027,13.3149995803833,13.779999732971191,12.347082138061523,7146200
2022-07-20,13.75,14.055000305175781,13.6850004196167,13.90999984741211,12.463565826416016,8719100
2022-07-21,13.819999694824219,14.069999694824219,13.729999542236328,14.0600004196167,12.597966194152832,8386300
2022-07-22,13.979999542236328,14.069999694824219,13.6850004196167,13.770000457763672,12.33812141418457,8985400
2022-07-25,13.890000343322754,13.925000190734863,13.720999717712402,13.880000114440918,12.436684608459473,9531900
2022-07-26,13.869999885559082,14.0600004196167,13.739999771118164,13.779999732971191,12.347082138061523,6587300
2022-07-27,13.829999923706055,14.055000305175781,13.720000267028809,13.989999771118164,12.535245895385742,8790700
2022-07-28,13.970000267028809,14.15999984741211,13.875,14.079999923706055,12.615885734558105,6780700
2022-07-29,14.100000381469727,14.329999923706055,13.989999771118164,14.239999771118164,12.759249687194824,9064700
2022-08-01,14.109999656677246,14.4399995803833,14.100000381469727,14.420000076293945,12.920531272888184,7503600
2022-08-02,14.3100004196167,14.375,14.100000381469727,14.170000076293945,12.696528434753418,6823900
2022-08-03,14.239999771118164,14.390000343322754,14.09000015258789,14.270000457763672,12.786128997802734,7380000
2022-08-04,14.229999542236328,14.3149995803833,14.154999732971191,14.289999961853027,12.804052352905273,7153700
2022-08-05,14.119999885559082,14.4399995803833,14.0600004196167,14.359999656677246,12.866768836975098,9264600
2022-08-08,14.520000457763672,14.640000343322754,14.319999694824219,14.399999618530273,12.902612686157227,6772700
2022-08-09,14.350000381469727,14.390000343322754,13.949999809265137,14.09000015258789,12.624846458435059,10262900
2022-08-10,14.289999961853027,14.579999923706055,14.239999771118164,14.510000228881836,13.001173973083496,9706000
2022-08-11,14.640000343322754,14.84000015258789,14.600000381469727,14.670000076293945,13.144535064697266,8397900
2022-08-12,14.75,14.850000381469727,14.720000267028809,14.800000190734863,13.261015892028809,11828800
2022-08-15,14.680000305175781,14.90999984741211,14.625,14.859999656677246,13.314778327941895,7899100
2022-08-16,14.84000015258789,15.0649995803833,14.833000183105469,14.949999809265137,13.395421028137207,8315600
2022-08-17,14.899999618530273,15.0600004196167,14.770000457763672,14.930000305175781,13.377497673034668,11520600
2022-08-18,15.020000457763672,15.199999809265137,14.994999885559082,15.170000076293945,13.59254264831543,10958200
2022-08-19,15.029999732971191,15.09000015258789,14.805000305175781,14.859999656677246,13.314778327941895,11403200
2022-08-22,14.6899995803833,14.6899995803833,14.380000114440918,14.40999984741211,12.911571502685547,10733700
2022-08-23,14.470000267028809,14.630000114440918,14.399999618530273,14.40999984741211,12.911571502685547,11379300
2022-08-24,14.399999618530273,14.479999542236328,14.239999771118164,14.359999656677246,12.866768836975098,13000500
2022-08-25,14.5,14.845000267028809,14.5,14.829999923706055,13.287897109985352,9603100
2022-08-26,14.630000114440918,14.649999618530273,13.739999771118164,13.760000228881836,12.329161643981934,16798200
2022-08-29,13.619999885559082,13.960000038146973,13.545000076293945,13.720000267028809,12.293320655822754,13678800
2022-08-30,13.760000228881836,13.84000015258789,13.5649995803833,13.649999618530273,12.23060131072998,12077000
2022-08-31,13.710000038146973,13.805000305175781,13.529999732971191,13.600000381469727,12.185800552368164,25985300
2022-09-01,13.5,13.53499984741211,13.130000114440918,13.369999885559082,11.979717254638672,16665000
2022-09-02,13.579999923706055,13.619999885559082,13.180000305175781,13.239999771118164,11.86323356628418,16069500
2022-09-06,13.270000457763672,13.348999977111816,13.050000190734863,13.149999618530273,11.782590866088867,14080800
2022-09-07,13.109999656677246,13.329999923706055,13.020000457763672,13.289999961853027,11.908035278320312,9868000
2022-09-08,13.180000305175781,13.359999656677246,13.079999923706055,13.359999656677246,11.97075366973877,17411800
2022-09-09,13.319999694824219,13.489999771118164,13.289999961853027,13.430000305175781,12.142542839050293,12016700
2022-09-12,13.569999694824219,13.819999694824219,13.539999961853027,13.760000228881836,12.44090747833252,12058800
2022-09-13,13.460000038146973,13.550000190734863,13.085000038146973,13.180000305175781,11.916507720947266,12455800
2022-09-14,13.220000267028809,13.260000228881836,12.930000305175781,13.029999732971191,11.78088665008545,12622900
2022-09-15,13.029999732971191,13.289999961853027,12.960000038146973,13.069999694824219,11.817051887512207,12627200
2022-09-16,12.90999984741211,13.119999885559082,12.805000305175781,13.0600004196167,11.808011054992676,16887100
2022-09-19,12.890000343322754,13.109999656677246,12.819999694824219,12.979999542236328,11.735681533813477,7887400
2022-09-20,12.850000381469727,12.859999656677246,12.670000076293945,12.760000228881836,11.53676986694336,7748300
2022-09-21,12.859999656677246,12.979999542236328,12.579999923706055,12.600000381469727,11.392109870910645,8679600
2022-09-22,12.600000381469727,12.619999885559082,12.34000015258789,12.399999618530273,11.21127986907959,12333300
2022-09-23,12.229999542236328,12.270000457763672,11.899999618530273,12.15999984741211,10.99428939819336,13636000
2022-09-26,12.079999923706055,12.239999771118164,11.925000190734863,12.010000228881836,10.858668327331543,14779600
2022-09-27,12.170000076293945,12.229999542236328,11.930000305175781,12.039999961853027,10.885794639587402,14029300
2022-09-28,12.010000228881836,12.329999923706055,11.994000434875488,12.279999732971191,11.102787017822266,14349100
2022-09-29,12.180000305175781,12.180000305175781,11.970000267028809,12.119999885559082,10.958123207092285,17697700
2022-09-30,12.119999885559082,12.319999694824219,11.970000267028809,11.979999542236328,10.831544876098633,13870500
2022-10-03,12.170000076293945,12.470000267028809,12.020000457763672,12.369999885559082,11.184157371520996,14231900
2022-10-04,12.579999923706055,12.850000381469727,12.5600004196167,12.850000381469727,11.618142127990723,11791300
2022-10-05,12.65999984741211,13.015000343322754,12.579999923706055,12.949999809265137,11.708556175231934,11658700
2022-10-06,12.869999885559082,12.989999771118164,12.819999694824219,12.90999984741211,11.672390937805176,12361200
2022-10-07,12.65999984741211,12.729999542236328,12.380000114440918,12.460000038146973,11.26552963256836,12885200
2022-10-10,12.550000190734863,12.569999694824219,12.140000343322754,12.300000190734863,11.120868682861328,11474300
2022-10-11,12.229999542236328,12.399999618530273,12.104999542236328,12.210000038146973,11.039495468139648,18397200
2022-10-12,12.239999771118164,12.520000457763672,12.140000343322754,12.350000381469727,11.16607666015625,14517800
2022-10-13,12.180000305175781,12.930000305175781,12.0649995803833,12.829999923706055,11.600059509277344,18163200
2022-10-14,12.930000305175781,12.930000305175781,12.574999809265137,12.59000015258789,11.383068084716797,16266300
2022-10-17,12.899999618530273,13.010000228881836,12.630000114440918,12.779999732971191,11.554853439331055,19641200
2022-10-18,12.9399995803833,13.069999694824219,12.704999923706055,12.869999885559082,11.636225700378418,14721800
2022-10-19,12.850000381469727,13.039999961853027,12.710000038146973,12.819999694824219,11.59101676940918,12362700
2022-10-20,12.770000457763672,13.199999809265137,12.739999771118164,12.8100004196167,11.581978797912598,17132400
2022-10-21,12.859999656677246,13.48799991607666,12.8100004196167,13.470000267028809,12.178707122802734,20455900
2022-10-24,13.529999732971191,13.710000038146973,13.40999984741211,13.65999984741211,12.350493431091309,17275100
2022-10-25,13.600000381469727,13.930000305175781,13.520000457763672,13.850000381469727,12.522278785705566,16719900
2022-10-26,13.779999732971191,14.15999984741211,13.755000114440918,13.979999542236328,12.639816284179688,14151600
2022-10-27,14.069999694824219,14.25,14.029999732971191,14.069999694824219,12.72118854522705,15153000
2022-10-28,14.15999984741211,14.470000267028809,14.15999984741211,14.390000343322754,13.01051139831543,12289200
2022-10-31,14.289999961853027,14.390000343322754,14.1899995803833,14.270000457763672,12.902016639709473,13517000
2022-11-01,14.399999618530273,14.449999809265137,14.239999771118164,14.359999656677246,12.983386039733887,15357800
2022-11-02,14.289999961853027,14.449999809265137,14.0,14.0,12.657898902893066,14840900
2022-11-03,13.800000190734863,13.880000114440918,13.569999694824219,13.800000190734863,12.477072715759277,11064100
2022-11-04,14.100000381469727,14.3100004196167,13.9350004196167,14.25,12.883932113647461,12930100
2022-11-07,14.25,14.489999771118164,14.180000305175781,14.430000305175781,13.04667854309082,11777000
2022-11-08,14.5600004196167,14.654999732971191,14.305000305175781,14.420000076293945,13.037636756896973,11080900
2022-11-09,14.279999732971191,14.399999618530273,14.130000114440918,14.149999618530273,12.7935209274292,11909200
2022-11-10,14.6899995803833,14.880000114440918,14.53499984741211,14.869999885559082,13.444496154785156,13869900
2022-11-11,14.970000267028809,15.34000015258789,14.899999618530273,15.289999961853027,13.824234962463379,13755900
2022-11-14,15.1899995803833,15.600000381469727,15.130000114440918,15.319999694824219,13.851358413696289,11924900
2022-11-15,15.529999732971191,15.640000343322754,15.329999923706055,15.510000228881836,14.02314567565918,14101200
2022-11-16,15.420000076293945,15.510000228881836,15.119999885559082,15.229999542236328,13.76998519897461,15051100
2022-11-17,15.010000228881836,15.550000190734863,14.9399995803833,15.539999961853027,14.050268173217773,14944800
2022-11-18,15.640000343322754,15.800000190734863,15.5,15.770000457763672,14.258221626281738,14069000
2022-11-21,15.59000015258789,15.619999885559082,15.420000076293945,15.550000190734863,14.059310913085938,14910900
2022-11-22,15.569999694824219,15.755999565124512,15.46500015258789,15.630000114440918,14.131640434265137,16074500
2022-11-23,15.609999656677246,15.84000015258789,15.569999694824219,15.800000190734863,14.285344123840332,11307200
2022-11-25,15.800000190734863,15.989999771118164,15.729999542236328,15.829999923706055,14.312468528747559,5567600
2022-11-28,15.699999809265137,15.760000228881836,15.494999885559082,15.550000190734863,14.059310913085938,13433100
2022-11-29,15.619999885559082,15.699999809265137,15.449999809265137,15.460000038146973,13.977938652038574,14778700
2022-11-30,15.760000228881836,16.860000610351562,15.550000190734863,16.780000686645508,15.171398162841797,35362300
2022-12-01,16.389999389648438,16.93000030517578,16.239999771118164,16.81999969482422,15.207561492919922,17179300
2022-12-02,16.6200008392334,16.834999084472656,16.530000686645508,16.690000534057617,15.090025901794434,13167100
2022-12-05,16.59000015258789,16.649999618530273,16.1200008392334,16.209999084472656,14.656038284301758,12746500
2022-12-06,16.229999542236328,16.31999969482422,16.1200008392334,16.270000457763672,14.710287094116211,14153400
2022-12-07,16.1299991607666,16.1299991607666,15.885000228881836,16.059999465942383,14.520418167114258,14176600
2022-12-08,16.190000534057617,16.354999542236328,16.15999984741211,16.290000915527344,14.728371620178223,9297600
2022-12-09,16.299999237060547,16.389999389648438,16.139999389648438,16.149999618530273,14.601791381835938,10018200
2022-12-12,16.020000457763672,16.399999618530273,16.0,16.360000610351562,14.791659355163574,11246500
2022-12-13,16.34000015258789,16.4950008392334,16.079999923706055,16.25,14.800766944885254,18007900
2022-12-14,16.100000381469727,16.420000076293945,16.030000686645508,16.200000762939453,14.755227088928223,14978300
2022-12-15,15.960000038146973,16.030000686645508,15.654999732971191,15.760000228881836,14.35446834564209,16562900
2022-12-16,15.545000076293945,15.739999771118164,15.4350004196167,15.640000343322754,14.245170593261719,31670500
2022-12-19,15.699999809265137,15.770000457763672,15.375,15.479999542236328,14.09943675994873,9138500
2022-12-20,15.510000228881836,15.680000305175781,15.470000267028809,15.65999984741211,14.263383865356445,13188200
2022-12-21,15.770000457763672,15.954999923706055,15.739999771118164,15.779999732971191,14.37268352508545,14255200
2022-12-22,15.649999618530273,15.720000267028809,15.4399995803833,15.710000038146973,14.308927536010742,13616800
2022-12-23,15.720000267028809,15.774999618530273,15.489999771118164,15.75,14.345357894897461,8328800
2022-12-27,15.8100004196167,15.9350004196167,15.744999885559082,15.880000114440918,14.463767051696777,6066800
2022-12-28,15.899999618530273,15.9399995803833,15.5600004196167,15.569999694824219,14.181410789489746,6480100
2022-12-29,15.670000076293945,16.030000686645508,15.670000076293945,15.920000076293945,14.500198364257812,8469100
2022-12-30,15.819999694824219,15.960000038146973,15.760000228881836,15.960000038146973,14.536630630493164,9396400
2023-01-03,16.09000015258789,16.139999389648438,15.829999923706055,16.059999465942383,14.627711296081543,18233900
2023-01-04,16.149999618530273,16.524999618530273,16.1200008392334,16.420000076293945,14.955607414245605,15865500
2023-01-05,16.290000915527344,16.4950008392334,16.184999465942383,16.450000762939453,14.982933044433594,13099500
2023-01-06,16.68000030517578,17.209999084472656,16.670000076293945,17.110000610351562,15.58406925201416,15242500
2023-01-09,17.100000381469727,17.25,16.889999389648438,16.959999084472656,15.447444915771484,19294700
2023-01-10,16.799999237060547,17.139999389648438,16.684999465942383,17.059999465942383,15.53852653503418,16777600
2023-01-11,16.989999771118164,17.049999237060547,16.780000686645508,16.90999984741211,15.401906967163086,16002800
2023-01-12,16.610000610351562,16.719999313354492,16.309999465942383,16.31999969482422,14.864521980285645,22445800
2023-01-13,16.170000076293945,16.46500015258789,16.1200008392334,16.450000762939453,14.982933044433594,12392100
2023-01-17,16.399999618530273,16.450000762939453,16.045000076293945,16.25,14.800766944885254,14189500
2023-01-18,16.25,16.350000381469727,16.06999969482422,16.079999923706055,14.645927429199219,13629400
2023-01-19,15.9399995803833,15.970000267028809,15.739999771118164,15.8100004196167,14.400008201599121,12533300
2023-01-20,15.84000015258789,15.960000038146973,15.640000343322754,15.949999809265137,14.527522087097168,12713700
2023-01-23,16.030000686645508,16.290000915527344,15.991999626159668,16.170000076293945,14.727903366088867,10009600
2023-01-24,16.030000686645508,16.264999389648438,15.930000305175781,16.170000076293945,14.727903366088867,9550900
2023-01-25,16.030000686645508,16.170000076293945,15.774999618530273,16.1299991607666,14.691469192504883,10570700
2023-01-26,16.25,16.290000915527344,15.989999771118164,16.219999313354492,14.773443222045898,11148700
2023-01-27,16.18000030517578,16.290000915527344,16.100000381469727,16.139999389648438,14.700576782226562,9423100
2023-01-30,15.989999771118164,16.18000030517578,15.9350004196167,16.010000228881836,14.582171440124512,10476500
2023-01-31,16.010000228881836,16.149999618530273,15.899999618530273,16.1299991607666,14.691469192504883,24130400
2023-02-01,16.1200008392334,16.18000030517578,15.90999984741211,16.110000610351562,14.673254013061523,18695100
2023-02-02,16.200000762939453,16.517000198364258,16.18000030517578,16.40999984741211,14.94649887084961,13329200
2023-02-03,16.25,16.540000915527344,16.239999771118164,16.329999923706055,14.873632431030273,9682000
2023-02-06,16.270000457763672,16.280000686645508,16.03499984741211,16.110000610351562,14.673254013061523,24139200
2023-02-07,16.1200008392334,16.299999237060547,15.989999771118164,16.229999542236328,14.782549858093262,17657500
2023-02-08,16.09000015258789,16.100000381469727,15.894000053405762,16.010000228881836,14.582171440124512,18148900
2023-02-09,16.200000762939453,16.295000076293945,16.149999618530273,16.239999771118164,14.79166030883789,18403500
2023-02-10,16.25,16.485000610351562,16.18000030517578,16.440000534057617,14.973823547363281,14023300
2023-02-13,16.40999984741211,16.700000762939453,16.389999389648438,16.65999984741211,15.174201011657715,9301900
2023-02-14,16.65999984741211,16.729999542236328,16.479999542236328,16.540000915527344,15.064905166625977,8792600
2023-02-15,16.440000534057617,16.600000381469727,16.389999389648438,16.56999969482422,15.0922269821167,7088300
2023-02-16,16.459999084472656,16.586000442504883,16.280000686645508,16.459999084472656,14.992039680480957,10146600
2023-02-17,16.399999618530273,16.450000762939453,16.295000076293945,16.360000610351562,14.900956153869629,7933100
2023-02-21,16.280000686645508,16.280000686645508,15.979999542236328,15.979999542236328,14.554847717285156,8755900
2023-02-22,15.975000381469727,16.040000915527344,15.649999618530273,15.75,14.345357894897461,8902700
2023-02-23,15.869999885559082,15.899999618530273,15.53499984741211,15.739999771118164,14.336252212524414,10233800
2023-02-24,15.520000457763672,15.670000076293945,15.454999923706055,15.600000381469727,14.20873737335205,9897100
2023-02-27,15.75,15.84000015258789,15.585000038146973,15.640000343322754,14.245170593261719,8099900
2023-02-28,15.619999885559082,15.739999771118164,15.574999809265137,15.609999656677246,14.217845916748047,15279800
2023-03-01,15.65999984741211,15.739999771118164,15.460000038146973,15.539999961853027,14.154088973999023,9208000
2023-03-02,15.4399995803833,15.529999732971191,15.300000190734863,15.5,14.117655754089355,11956800
2023-03-03,15.880000114440918,16.049999237060547,15.220000267028809,15.279999732971191,13.917276382446289,22209000
2023-03-06,15.289999961853027,15.420000076293945,15.09000015258789,15.149999618530273,13.798869132995605,17630200
2023-03-07,15.149999618530273,15.319999694824219,14.979999542236328,15.010000228881836,13.671356201171875,12305400
2023-03-08,15.100000381469727,15.168000221252441,15.020000457763672,15.100000381469727,13.753329277038574,11283700
2023-03-09,15.140000343322754,15.140000343322754,14.664999961853027,14.710000038146973,13.398109436035156,10485600
2023-03-10,14.6899995803833,14.704999923706055,14.260000228881836,14.329999923706055,13.052000045776367,17290600
2023-03-13,14.119999885559082,14.225000381469727,13.914999961853027,14.010000228881836,12.760538101196289,15212400
2023-03-14,14.1899995803833,14.300000190734863,13.979999542236328,14.140000343322754,12.878944396972656,16631000
2023-03-15,13.859999656677246,14.029999732971191,13.75,13.90999984741211,12.66945743560791,16778500
2023-03-16,13.699999809265137,14.324999809265137,13.65999984741211,14.3100004196167,13.14720344543457,15241000
2023-03-17,14.229999542236328,14.319999694824219,14.079999923706055,14.100000381469727,12.954265594482422,22302400
2023-03-20,14.199999809265137,14.479999542236328,14.180000305175781,14.4399995803833,13.266636848449707,13576800
2023-03-21,14.640000343322754,14.770000457763672,14.614999771118164,14.75,13.5514497756958,10513800
2023-03-22,14.789999961853027,14.850000381469727,14.40999984741211,14.430000305175781,13.257452964782715,12263100
2023-03-23,14.489999771118164,14.569999694824219,14.180000305175781,14.270000457763672,13.110454559326172,11543300
2023-03-24,14.180000305175781,14.229999542236328,14.045000076293945,14.229999542236328,13.073701858520508,12699700
2023-03-27,14.399999618530273,15.0600004196167,14.380000114440918,15.010000228881836,13.790323257446289,17066400
2023-03-28,14.970000267028809,14.989999771118164,14.829999923706055,14.949999809265137,13.735196113586426,13520500
2023-03-29,15.130000114440918,15.619999885559082,15.130000114440918,15.520000457763672,14.258880615234375,16381400
2023-03-30,15.640000343322754,15.739999771118164,15.550000190734863,15.720000267028809,14.442628860473633,12212500
2023-03-31,15.800000190734863,15.960000038146973,15.770000457763672,15.930000305175781,14.635564804077148,15543500
2023-04-03,15.899999618530273,16.389999389648438,15.869999885559082,16.329999923706055,15.003063201904297,15773200
2023-04-04,16.350000381469727,16.399999618530273,15.960000038146973,16.110000610351562,14.80094051361084,13000300
2023-04-05,16.010000228881836,16.100000381469727,15.75,15.90999984741211,14.61719036102295,10982900
2023-04-06,15.899999618530273,15.949999809265137,15.800000190734863,15.859999656677246,14.571253776550293,6339000
2023-04-10,15.760000228881836,16.059999465942383,15.75,16.059999465942383,14.755000114440918,7662700
2023-04-11,16.06999969482422,16.15999984741211,16.049999237060547,16.049999237060547,14.74581241607666,7128100
2023-04-12,16.15999984741211,16.15999984741211,15.859999656677246,15.979999542236328,14.681500434875488,7728000
2023-04-13,15.920000076293945,16.09000015258789,15.800000190734863,16.030000686645508,14.727441787719727,9611000
2023-04-14,16.030000686645508,16.229999542236328,15.789999961853027,15.90999984741211,14.61719036102295,8442900
2023-04-17,15.920000076293945,16.030000686645508,15.760000228881836,15.850000381469727,14.562066078186035,10754100
2023-04-18,15.930000305175781,16.020000457763672,15.704999923706055,15.779999732971191,14.497754096984863,8220300
2023-04-19,15.40999984741211,15.59000015258789,14.850000381469727,14.960000038146973,13.744383811950684,14659200
2023-04-20,14.699999809265137,14.800000190734863,14.414999961853027,14.539999961853027,13.358513832092285,14176000
2023-04-21,14.550000190734863,14.550000190734863,14.175000190734863,14.460000038146973,13.285015106201172,11103800
2023-04-24,14.40999984741211,14.4399995803833,14.25,14.34000015258789,13.174764633178711,8262400
2023-04-25,14.220000267028809,14.25,14.09000015258789,14.140000343322754,12.99101734161377,9567100
2023-04-26,14.09000015258789,14.239999771118164,14.010000228881836,14.09000015258789,12.94507884979248,9596300
2023-04-27,14.100000381469727,14.260000228881836,13.960000038146973,14.260000228881836,13.101264953613281,9429200
2023-04-28,14.210000038146973,14.348999977111816,14.199999809265137,14.319999694824219,13.156389236450195,8821600
2023-05-01,14.390000343322754,14.59000015258789,14.380000114440918,14.4399995803833,13.266636848449707,8476300
2023-05-02,14.479999542236328,14.569999694824219,14.095000267028809,14.25,13.092079162597656,9620400
2023-05-03,14.3100004196167,14.380000114440918,13.949999809265137,13.949999809265137,12.816454887390137,12608400
2023-05-04,13.880000114440918,13.899999618530273,13.654999732971191,13.800000190734863,12.678644180297852,8244500
2023-05-05,13.970000267028809,14.170000076293945,13.930000305175781,14.109999656677246,12.96345329284668,7426000
2023-05-08,14.140000343322754,14.199999809265137,14.0649995803833,14.1899995803833,13.036952018737793,7283200
2023-05-09,14.069999694824219,14.180000305175781,14.010000228881836,14.15999984741211,13.009391784667969,6304000
2023-05-10,14.210000038146973,14.329999923706055,13.920000076293945,14.09000015258789,12.94507884979248,8438100
2023-05-11,14.029999732971191,14.029999732971191,13.699999809265137,13.779999732971191,12.660265922546387,16141900
2023-05-12,13.850000381469727,13.90999984741211,13.710000038146973,13.829999923706055,12.706206321716309,14413300
2023-05-15,13.890000343322754,14.3100004196167,13.8100004196167,14.289999961853027,13.128829956054688,11484500
2023-05-16,14.25,14.305000305175781,13.960000038146973,14.039999961853027,12.899142265319824,15408600
2023-05-17,14.149999618530273,14.430000305175781,14.085000038146973,14.3100004196167,13.14720344543457,10489400
2023-05-18,14.260000228881836,14.460000038146973,14.194999694824219,14.40999984741211,13.239076614379883,17834500
2023-05-19,14.5,14.5,14.3149995803833,14.329999923706055,13.165575981140137,17190400
2023-05-22,14.369999885559082,14.510000228881836,14.289999961853027,14.449999809265137,13.275825500488281,11604400
2023-05-23,14.449999809265137,14.710000038146973,14.380000114440918,14.380000114440918,13.211516380310059,15995100
2023-05-24,14.319999694824219,14.319999694824219,14.024999618530273,14.15999984741211,13.009391784667969,10807800
2023-05-25,14.260000228881836,14.725000381469727,14.25,14.670000076293945,13.477949142456055,11132900
2023-05-26,14.899999618530273,15.454999923706055,14.734999656677246,15.34000015258789,14.093504905700684,22099300
2023-05-30,15.569999694824219,15.734999656677246,15.5,15.520000457763672,14.258880615234375,20688600
2023-05-31,13.859999656677246,14.640000343322754,13.789999961853027,14.420000076293945,13.248262405395508,34083600
2023-06-01,14.5,14.979999542236328,14.430000305175781,14.670000076293945,13.477949142456055,26669400
2023-06-02,14.770000457763672,15.3100004196167,14.579999923706055,15.239999771118164,14.001632690429688,20040300
2023-06-05,15.229999542236328,15.300000190734863,14.989999771118164,15.020000457763672,13.799511909484863,16808400
2023-06-06,14.960000038146973,15.40999984741211,14.949999809265137,15.34000015258789,14.093504905700684,12038800
2023-06-07,15.449999809265137,15.800000190734863,15.390000343322754,15.760000228881836,14.479379653930664,14615400
2023-06-08,15.760000228881836,15.84000015258789,15.609999656677246,15.800000190734863,14.516129493713379,12074100
2023-06-09,15.869999885559082,16.0,15.779999732971191,15.789999961853027,14.506941795349121,7748300
2023-06-12,15.779999732971191,16.280000686645508,15.779999732971191,16.280000686645508,14.957124710083008,14149400
2023-06-13,16.309999465942383,16.700000762939453,16.299999237060547,16.639999389648438,15.287870407104492,17875100
2023-06-14,16.5,16.9950008392334,16.5,16.809999465942383,15.556245803833008,15014500
2023-06-15,16.75,17.4950008392334,16.739999771118164,17.450000762939453,16.148509979248047,24260700
2023-06-16,17.489999771118164,17.739999771118164,17.280000686645508,17.56999969482422,16.259559631347656,24486800
2023-06-20,17.440000534057617,17.469999313354492,16.905000686645508,17.010000228881836,15.741324424743652,19374500
2023-06-21,17.079999923706055,17.415000915527344,16.790000915527344,16.81999969482422,15.565497398376465,12829900
2023-06-22,16.860000610351562,16.985000610351562,16.610000610351562,16.780000686645508,15.528480529785156,14554600
2023-06-23,16.600000381469727,16.670000076293945,16.489999771118164,16.520000457763672,15.287872314453125,13221100
2023-06-26,16.610000610351562,16.719999313354492,16.3799991607666,16.389999389648438,15.167569160461426,10100500
2023-06-27,16.399999618530273,16.559999465942383,16.325000762939453,16.43000030517578,15.204585075378418,10439400
2023-06-28,16.3799991607666,16.450000762939453,16.239999771118164,16.360000610351562,15.139808654785156,7318300
2023-06-29,16.399999618530273,16.729999542236328,16.395000457763672,16.649999618530273,15.40817642211914,8779800
2023-06-30,16.709999084472656,16.889999389648438,16.709999084472656,16.799999237060547,15.546989440917969,9763500
2023-07-03,16.729999542236328,16.780000686645508,16.6200008392334,16.709999084472656,15.463701248168945,4107200
2023-07-05,16.540000915527344,16.780000686645508,16.420000076293945,16.670000076293945,15.426684379577637,7634800
2023-07-06,16.469999313354492,16.68000030517578,16.420000076293945,16.65999984741211,15.41742992401123,8331000
2023-07-07,16.709999084472656,17.09000015258789,16.670000076293945,16.8700008392334,15.611770629882812,12653100
2023-07-10,16.770000457763672,17.079999923706055,16.760000228881836,16.989999771118164,15.722819328308105,10130200
2023-07-11,17.0,17.34000015258789,17.0,17.329999923706055,16.037458419799805,9630100
2023-07-12,17.5,17.520000457763672,17.049999237060547,17.079999923706055,15.806105613708496,9332000
2023-07-13,17.15999984741211,17.3799991607666,17.149999618530273,17.31999969482422,16.0282039642334,8494000
2023-07-14,17.219999313354492,17.270000457763672,16.790000915527344,16.8700008392334,15.611770629882812,8694600
2023-07-17,16.770000457763672,17.170000076293945,16.71500015258789,17.049999237060547,15.778343200683594,9156600
2023-07-18,17.0,17.510000228881836,16.959999084472656,17.459999084472656,16.15776252746582,13473600
2023-07-19,17.510000228881836,17.639999389648438,17.209999084472656,17.270000457763672,15.98193645477295,13068700
2023-07-20,17.299999237060547,17.3700008392334,17.049999237060547,17.200000762939453,15.917154312133789,11782300
2023-07-21,17.280000686645508,17.3700008392334,17.165000915527344,17.260000228881836,15.972681045532227,12403700
2023-07-24,17.479999542236328,17.649999618530273,17.229999542236328,17.350000381469727,16.05596923828125,11108200
2023-07-25,17.40999984741211,17.690000534057617,17.309999465942383,17.59000015258789,16.27806854248047,11177500
2023-07-26,17.559999465942383,17.71500015258789,17.42099952697754,17.450000762939453,16.148509979248047,11314700
2023-07-27,17.65999984741211,17.739999771118164,17.309999465942383,17.360000610351562,16.06522560119629,8697600
2023-07-28,17.559999465942383,17.6299991607666,17.260000228881836,17.260000228881836,15.972681045532227,9010300
2023-07-31,17.229999542236328,17.43000030517578,17.219999313354492,17.3799991607666,16.083730697631836,7359500
2023-08-01,17.40999984741211,17.469999313354492,17.219999313354492,17.40999984741211,16.111492156982422,10138000
2023-08-02,17.219999313354492,17.520000457763672,17.170000076293945,17.239999771118164,15.954172134399414,10628800
2023-08-03,17.100000381469727,17.420000076293945,16.92099952697754,17.31999969482422,16.0282039642334,9536200
2023-08-04,17.299999237060547,17.600000381469727,17.170000076293945,17.3700008392334,16.07447624206543,11892500
2023-08-07,17.479999542236328,17.655000686645508,17.354999542236328,17.549999237060547,16.24104881286621,10511600
2023-08-08,17.389999389648438,18.135000228881836,17.19499969482422,18.06999969482422,16.722267150878906,22140400
2023-08-09,18.030000686645508,18.079999923706055,17.469999313354492,17.68000030517578,16.361351013183594,16237900
2023-08-10,17.790000915527344,17.89900016784668,17.540000915527344,17.6200008392334,16.305830001831055,17531500
2023-08-11,17.540000915527344,17.65999984741211,17.479999542236328,17.600000381469727,16.287322998046875,11611300
2023-08-14,17.5,17.639999389648438,17.360000610351562,17.600000381469727,16.287322998046875,10801900
2023-08-15,17.469999313354492,17.625,17.299999237060547,17.299999237060547,16.009695053100586,7659600
2023-08-16,17.219999313354492,17.309999465942383,17.014999389648438,17.040000915527344,15.769087791442871,9419000
2023-08-17,17.15999984741211,17.239999771118164,16.8799991607666,16.969999313354492,15.704310417175293,12958700
2023-08-18,16.760000228881836,17.1299991607666,16.75,17.0,15.732072830200195,8832800
2023-08-21,17.010000228881836,17.1200008392334,16.8799991607666,17.040000915527344,15.769087791442871,8776000
2023-08-22,17.06999969482422,17.114999771118164,16.770000457763672,16.790000915527344,15.537736892700195,10569100
2023-08-23,16.809999465942383,17.06999969482422,16.770000457763672,17.020000457763672,15.750580787658691,8446100
2023-08-24,17.079999923706055,17.145000457763672,16.690000534057617,16.700000762939453,15.454447746276855,11635700
2023-08-25,16.739999771118164,16.799999237060547,16.450000762939453,16.6200008392334,15.380417823791504,9312000
2023-08-28,16.75,16.920000076293945,16.655000686645508,16.790000915527344,15.537736892700195,11524800
2023-08-29,16.81999969482422,16.954999923706055,16.670000076293945,16.84000015258789,15.584006309509277,10459100
2023-08-30,16.3799991607666,17.440000534057617,16.200000762939453,17.360000610351562,16.06522560119629,13990600
2023-08-31,17.450000762939453,17.5,16.850000381469727,16.989999771118164,15.722819328308105,17274400
2023-09-01,17.209999084472656,18.020000457763672,17.190000534057617,17.979999542236328,16.638978958129883,19826100
2023-09-05,17.940000534057617,18.094999313354492,17.799999237060547,17.809999465942383,16.481658935546875,10504800
2023-09-06,17.639999389648438,17.915000915527344,17.549999237060547,17.75,16.426132202148438,10493800
2023-09-07,17.510000228881836,17.56999969482422,17.274999618530273,17.290000915527344,16.000446319580078,13845400
2023-09-08,17.299999237060547,17.40999984741211,17.290000915527344,17.34000015258789,16.04671287536621,6767300
2023-09-11,17.43000030517578,17.540000915527344,17.145000457763672,17.229999542236328,15.944914817810059,10387000
2023-09-12,17.030000686645508,17.18000030517578,16.950000762939453,17.079999923706055,15.806105613708496,10847900
2023-09-13,17.020000457763672,17.09000015258789,16.760000228881836,16.770000457763672,15.629030227661133,9633600
2023-09-14,16.989999771118164,17.229999542236328,16.920000076293945,17.209999084472656,16.039094924926758,8724300
2023-09-15,17.1200008392334,17.280000686645508,16.8700008392334,17.06999969482422,15.908622741699219,18972700
2023-09-18,16.979999542236328,17.040000915527344,16.78499984741211,17.0,15.843384742736816,8843900
2023-09-19,17.049999237060547,17.167999267578125,17.0,17.06999969482422,15.908622741699219,7622000
2023-09-20,17.31999969482422,17.399999618530273,17.06999969482422,17.100000381469727,15.936577796936035,8009400
2023-09-21,16.959999084472656,17.06999969482422,16.8799991607666,16.979999542236328,15.824743270874023,8321900
2023-09-22,16.979999542236328,17.100000381469727,16.85300064086914,17.020000457763672,15.862025260925293,5133600
2023-09-25,16.889999389648438,17.110000610351562,16.8700008392334,16.969999313354492,15.815424919128418,8973600
2023-09-26,16.809999465942383,16.93000030517578,16.725000381469727,16.780000686645508,15.638352394104004,9485600
2023-09-27,16.950000762939453,17.31999969482422,16.815000534057617,17.06999969482422,15.908622741699219,12236900
2023-09-28,17.1200008392334,17.75,17.1200008392334,17.6299991607666,16.430519104003906,13325400
2023-09-29,17.65999984741211,17.729999542236328,17.260000228881836,17.3700008392334,16.188213348388672,10206000
2023-10-02,17.399999618530273,17.59000015258789,17.344999313354492,17.440000534057617,16.253450393676758,8932000
2023-10-03,17.209999084472656,17.3700008392334,16.75,16.93000030517578,15.778148651123047,7283400
2023-10-04,16.969999313354492,17.030000686645508,16.780000686645508,17.010000228881836,15.852705001831055,4885200
2023-10-05,16.90999984741211,17.040000915527344,16.6200008392334,16.790000915527344,15.647673606872559,6220300
2023-10-06,16.739999771118164,16.969999313354492,16.579999923706055,16.829999923706055,15.684951782226562,9281400
2023-10-09,16.729999542236328,16.975000381469727,16.593000411987305,16.850000381469727,15.703590393066406,7809900
2023-10-10,16.90999984741211,17.184999465942383,16.8799991607666,16.93000030517578,15.778148651123047,9087000
2023-10-11,16.979999542236328,17.290000915527344,16.969999313354492,17.15999984741211,15.992500305175781,6984900
2023-10-12,17.170000076293945,17.200000762939453,16.774999618530273,16.950000762939453,15.796789169311523,10252300
2023-10-13,16.959999084472656,17.049999237060547,16.469999313354492,16.479999542236328,15.358762741088867,8562500
2023-10-16,16.6299991607666,17.18000030517578,16.59000015258789,17.110000610351562,15.945899963378906,13079600
2023-10-17,16.959999084472656,17.125,16.850000381469727,16.979999542236328,15.824743270874023,7374700
2023-10-18,16.850000381469727,16.959999084472656,16.6200008392334,16.68000030517578,15.54515552520752,7528100
2023-10-19,16.729999542236328,16.774999618530273,16.239999771118164,16.299999237060547,15.191009521484375,11471000
2023-10-20,15.9399995803833,16.110000610351562,14.914999961853027,15.229999542236328,14.193806648254395,24589400
2023-10-23,15.180000305175781,15.359999656677246,15.100000381469727,15.199999809265137,14.165849685668945,13468400
2023-10-24,15.289999961853027,15.404999732971191,15.180000305175781,15.289999961853027,14.249725341796875,8708500
2023-10-25,15.279999732971191,15.319999694824219,15.095000267028809,15.140000343322754,14.109931945800781,8291300
2023-10-26,15.109999656677246,15.28499984741211,14.960000038146973,15.130000114440918,14.100613594055176,10747100
2023-10-27,15.199999809265137,15.4399995803833,15.130000114440918,15.210000038146973,14.175169944763184,9000400
2023-10-30,15.359999656677246,15.40999984741211,15.15999984741211,15.300000190734863,14.259047508239746,8330300
2023-10-31,15.289999961853027,15.390000343322754,15.1899995803833,15.380000114440918,14.333603858947754,7910800
2023-11-01,15.399999618530273,15.529999732971191,15.345000267028809,15.529999732971191,14.47339916229248,7754600
2023-11-02,15.710000038146973,15.75,15.479999542236328,15.59000015258789,14.529315948486328,9592300
2023-11-03,15.8100004196167,16.0,15.789999961853027,15.930000305175781,14.846182823181152,6825600
2023-11-06,15.920000076293945,16.0,15.765000343322754,15.90999984741211,14.827544212341309,6377700
2023-11-07,15.800000190734863,15.930000305175781,15.710000038146973,15.75,14.67842960357666,6177100
2023-11-08,15.75,15.829999923706055,15.600000381469727,15.739999771118164,14.669109344482422,7087600
2023-11-09,15.760000228881836,15.850000381469727,15.59000015258789,15.619999885559082,14.55727481842041,6963200
2023-11-10,15.710000038146973,15.989999771118164,15.604999542236328,15.960000038146973,14.874141693115234,5800100
2023-11-13,15.829999923706055,16.030000686645508,15.755000114440918,16.0,14.911420822143555,11143900
2023-11-14,16.239999771118164,16.4950008392334,16.1299991607666,16.420000076293945,15.302845001220703,9884800
2023-11-15,16.479999542236328,16.68000030517578,16.420000076293945,16.450000762939453,15.33080768585205,8330600
2023-11-16,16.260000228881836,16.309999465942383,15.630000114440918,15.739999771118164,14.669109344482422,11587400
2023-11-17,15.869999885559082,15.989999771118164,15.8100004196167,15.930000305175781,14.846182823181152,8801000
2023-11-20,15.880000114440918,15.960000038146973,15.78499984741211,15.829999923706055,14.752985954284668,7486500
2023-11-21,15.789999961853027,15.819999694824219,15.555000305175781,15.619999885559082,14.55727481842041,8598100
2023-11-22,15.75,15.880000114440918,15.680000305175781,15.779999732971191,14.706388473510742,11394800
2023-11-24,15.850000381469727,15.914999961853027,15.744999885559082,15.829999923706055,14.752985954284668,3788800
2023-11-27,15.729999542236328,15.779999732971191,15.569999694824219,15.600000381469727,14.53863525390625,11202100
2023-11-28,15.569999694824219,15.619999885559082,15.449999809265137,15.520000457763672,14.464078903198242,14386200
2023-11-29,16.229999542236328,16.899999618530273,15.789999961853027,16.520000457763672,15.396042823791504,21648300
2023-11-30,16.84000015258789,17.049999237060547,16.709999084472656,16.90999984741211,15.75950813293457,24721700
2023-12-01,16.790000915527344,17.139999389648438,16.649999618530273,16.889999389648438,15.740867614746094,14837000
2023-12-04,16.75,16.8700008392334,16.5,16.540000915527344,15.414680480957031,14150100
2023-12-05,16.43000030517578,16.43000030517578,16.040000915527344,16.079999923706055,14.985977172851562,15550100
2023-12-06,16.1200008392334,16.209999084472656,15.8100004196167,15.880000114440918,14.799585342407227,13108700
2023-12-07,15.90999984741211,16.1299991607666,15.699999809265137,16.1200008392334,15.0232572555542,19474000
2023-12-08,16.110000610351562,16.399999618530273,16.09000015258789,16.219999313354492,15.116450309753418,11901300
2023-12-11,16.219999313354492,16.709999084472656,16.219999313354492,16.65999984741211,15.526515007019043,13978500
2023-12-12,16.049999237060547,16.485000610351562,16.049999237060547,16.3700008392334,15.37623119354248,16224600
2023-12-13,16.3700008392334,16.649999618530273,16.274999618530273,16.579999923706055,15.573480606079102,10730500
2023-12-14,16.700000762939453,17.18000030517578,16.700000762939453,17.059999465942383,16.02433967590332,20993600
2023-12-15,16.8799991607666,16.940000534057617,16.610000610351562,16.719999313354492,15.704984664916992,21855000
2023-12-18,16.780000686645508,16.829999923706055,16.55500030517578,16.790000915527344,15.770731925964355,12793900
2023-12-19,16.8799991607666,16.920000076293945,16.760000228881836,16.829999923706055,15.808303833007812,8317600
2023-12-20,16.8700008392334,17.045000076293945,16.739999771118164,16.739999771118164,15.72376823425293,7572400
2023-12-21,16.899999618530273,17.010000228881836,16.71500015258789,17.0,15.96798324584961,7160800
2023-12-22,17.049999237060547,17.200000762939453,16.979999542236328,17.09000015258789,16.052522659301758,6112600
2023-12-26,17.079999923706055,17.290000915527344,17.049999237060547,17.229999542236328,16.184017181396484,4857100
2023-12-27,17.270000457763672,17.280000686645508,17.010000228881836,17.09000015258789,16.052522659301758,5911700
2023-12-28,17.100000381469727,17.184999465942383,17.065000534057617,17.170000076293945,16.127666473388672,4684900
2023-12-29,17.149999618530273,17.190000534057617,16.899999618530273,16.979999542236328,15.949199676513672,6026700
2024-01-02,16.8700008392334,17.010000228881836,16.719999313354492,16.93000030517578,15.902234077453613,8438200
2024-01-03,16.799999237060547,17.200000762939453,16.739999771118164,17.040000915527344,16.005558013916016,10331300
2024-01-04,17.040000915527344,17.2450008392334,16.969999313354492,17.0,15.96798324584961,13255000
2024-01-05,16.950000762939453,17.389999389648438,16.93000030517578,17.170000076293945,16.127666473388672,13780100
2024-01-08,17.200000762939453,17.799999237060547,17.170000076293945,17.719999313354492,16.644277572631836,11782000
2024-01-09,16.600000381469727,16.875,16.110000610351562,16.139999389648438,15.160192489624023,35499400
2024-01-10,16.110000610351562,16.469999313354492,16.010000228881836,16.43000030517578,15.432586669921875,23542000
2024-01-11,16.389999389648438,16.4950008392334,16.225000381469727,16.3700008392334,15.37623119354248,13319400
2024-01-12,16.420000076293945,16.469999313354492,15.84000015258789,15.890000343322754,14.925369262695312,13200700
2024-01-16,15.550000190734863,15.614999771118164,15.15999984741211,15.3100004196167,14.380578994750977,19468300
2024-01-17,15.149999618530273,15.197999954223633,14.90999984741211,15.039999961853027,14.126970291137695,13466800
2024-01-18,15.0600004196167,15.114999771118164,14.699999809265137,14.960000038146973,14.051826477050781,15106200
2024-01-19,15.029999732971191,15.425000190734863,14.925000190734863,15.369999885559082,14.43693733215332,13251800
2024-01-22,15.479999542236328,15.619999885559082,15.399999618530273,15.5,14.559043884277344,9414400
2024-01-23,15.630000114440918,15.699999809265137,15.460000038146973,15.5,14.559043884277344,8726700
2024-01-24,15.630000114440918,15.989999771118164,15.569999694824219,15.760000228881836,14.803260803222656,11362400
2024-01-25,15.90999984741211,16.040000915527344,15.819999694824219,15.920000076293945,14.953546524047852,11244800
2024-01-26,15.899999618530273,15.944999694824219,15.710000038146973,15.84000015258789,14.87840461730957,6099500
2024-01-29,15.739999771118164,15.829999923706055,15.635000228881836,15.800000190734863,14.84083366394043,7291400
2024-01-30,15.970000267028809,15.989999771118164,15.75,15.890000343322754,14.925369262695312,6540400
2024-01-31,15.65999984741211,15.670000076293945,15.09000015258789,15.289999961853027,14.36179256439209,15595400
2024-02-01,15.34000015258789,15.380000114440918,15.130000114440918,15.359999656677246,14.427544593811035,7500900
2024-02-02,15.329999923706055,15.529999732971191,15.140000343322754,15.40999984741211,14.474509239196777,7301400
2024-02-05,15.300000190734863,15.369999885559082,15.21500015258789,15.279999732971191,14.352398872375488,8563300
2024-02-06,15.270000457763672,15.494999885559082,15.260000228881836,15.279999732971191,14.352398872375488,9909000
2024-02-07,15.329999923706055,15.369999885559082,15.079999923706055,15.260000228881836,14.33361530303955,11377600
2024-02-08,15.260000228881836,15.520000457763672,15.210000038146973,15.5,14.559043884277344,8059500
2024-02-09,15.449999809265137,15.550000190734863,15.369999885559082,15.479999542236328,14.540257453918457,6572300
2024-02-12,15.479999542236328,15.75,15.460000038146973,15.609999656677246,14.662367820739746,6361500
2024-02-13,15.260000228881836,15.319999694824219,15.09000015258789,15.229999542236328,14.305436134338379,7133100
2024-02-14,15.380000114440918,15.454999923706055,15.119999885559082,15.229999542236328,14.305436134338379,10443700
2024-02-15,15.220000267028809,15.28499984741211,15.0649995803833,15.260000228881836,14.33361530303955,9556200
2024-02-16,15.1899995803833,15.25,14.90999984741211,14.930000305175781,14.023648262023926,10076700
2024-02-20,14.850000381469727,15.09000015258789,14.800000190734863,15.010000228881836,14.098791122436523,9652600
2024-02-21,14.899999618530273,14.989999771118164,14.755000114440918,14.90999984741211,14.004861831665039,8116600
2024-02-22,15.039999961853027,15.180000305175781,14.930000305175781,15.069999694824219,14.1551513671875,10462400
2024-02-23,15.109999656677246,15.229999542236328,15.039999961853027,15.109999656677246,14.192720413208008,8561000
2024-02-26,15.09000015258789,15.135000228881836,14.869999885559082,14.930000305175781,14.023648262023926,14869500
2024-02-27,15.010000228881836,15.079999923706055,14.829999923706055,14.890000343322754,13.986077308654785,9432100
2024-02-28,14.84000015258789,15.0600004196167,14.779999732971191,14.859999656677246,13.95789623260498,9910200
2024-02-29,15.0,15.260000228881836,15.0,15.229999542236328,14.305436134338379,27341800
2024-03-01,14.529999732971191,15.699999809265137,14.46500015258789,15.5600004196167,14.61540412902832,34153700
2024-03-04,15.8100004196167,17.30500030517578,15.760000228881836,17.149999618530273,16.108877182006836,41177700
2024-03-05,17.010000228881836,18.190000534057617,17.010000228881836,18.100000381469727,17.001211166381836,44150200
2024-03-06,18.350000381469727,20.06999969482422,18.34000015258789,18.770000457763672,17.630535125732422,51250900
2024-03-07,18.790000915527344,18.829999923706055,17.719999313354492,18.18000030517578,17.076351165771484,29773700
2024-03-08,18.6299991607666,18.690000534057617,17.954999923706055,17.989999771118164,16.897886276245117,21698000
2024-03-11,17.71500015258789,18.270000457763672,17.6299991607666,18.040000915527344,16.944849014282227,19422800
2024-03-12,18.520000457763672,19.149999618530273,18.040000915527344,18.049999237060547,16.954240798950195,33677100
2024-03-13,18.020000457763672,18.059999465942383,17.610000610351562,17.899999618530273,16.8133487701416,17482400
2024-03-14,17.700000762939453,17.700000762939453,17.3799991607666,17.530000686645508,16.586275100708008,15774900
2024-03-15,17.299999237060547,17.420000076293945,16.700000762939453,16.729999542236328,15.829336166381836,41144400
2024-03-18,16.940000534057617,17.190000534057617,16.790000915527344,17.059999465942383,16.141569137573242,22137600
2024-03-19,16.950000762939453,17.020000457763672,16.719999313354492,16.780000686645508,15.876646041870117,12178000
2024-03-20,16.670000076293945,16.934999465942383,16.5,16.93000030517578,16.018569946289062,17508400
2024-03-21,17.170000076293945,17.40999984741211,17.049999237060547,17.209999084472656,16.283496856689453,12914800
2024-03-22,17.209999084472656,17.610000610351562,17.209999084472656,17.3700008392334,16.43488311767578,9279500
2024-03-25,17.25,17.6299991607666,17.209999084472656,17.420000076293945,16.48219108581543,16167200
2024-03-26,17.510000228881836,17.84000015258789,17.450000762939453,17.690000534057617,16.73765754699707,14285200
2024-03-27,17.770000457763672,17.799999237060547,17.40999984741211,17.670000076293945,16.718734741210938,9727100
2024-03-28,17.739999771118164,17.854999542236328,17.690000534057617,17.729999542236328,16.775503158569336,9155400
2024-04-01,17.68000030517578,18.014999389648438,17.6200008392334,17.940000534057617,16.974197387695312,9680900
2024-04-02,17.75,17.81999969482422,17.549999237060547,17.700000762939453,16.747119903564453,9361500
2024-04-03,17.670000076293945,18.389999389648438,17.649999618530273,18.190000534057617,17.210739135742188,26942500
2024-04-04,18.5,18.760000228881836,17.8799991607666,17.940000534057617,16.974197387695312,17602700
2024-04-05,17.889999389648438,18.1200008392334,17.719999313354492,18.0,17.03096580505371,13148900
2024-04-08,18.209999084472656,18.42300033569336,18.110000610351562,18.139999389648438,17.16343116760254,10709800
2024-04-09,18.209999084472656,18.2450008392334,17.8799991607666,18.020000457763672,17.049888610839844,10641500
2024-04-10,17.799999237060547,18.06999969482422,17.719999313354492,18.0,17.03096580505371,16226400
2024-04-11,17.979999542236328,18.059999465942383,17.635000228881836,17.940000534057617,16.974197387695312,11099600
2024-04-12,17.729999542236328,17.90999984741211,17.389999389648438,17.420000076293945,16.48219108581543,14035100
2024-04-15,17.700000762939453,17.80500030517578,17.20199966430664,17.260000228881836,16.3308048248291,17413800
2024-04-16,17.329999923706055,17.3799991607666,16.90999984741211,17.139999389648438,16.217266082763672,11214400
2024-04-17,17.25,17.493000030517578,17.010000228881836,17.030000686645508,16.113183975219727,11256000
2024-04-18,17.09000015258789,17.1200008392334,16.844999313354492,17.040000915527344,16.122650146484375,12392500
2024-04-19,17.020000457763672,17.229999542236328,16.690000534057617,16.790000915527344,15.8861083984375,12486500
2024-04-22,16.940000534057617,16.979999542236328,16.649999618530273,16.829999923706055,15.923955917358398,8508500
2024-04-23,16.760000228881836,16.959999084472656,16.729999542236328,16.829999923706055,15.923955917358398,9110400
2024-04-24,16.93000030517578,17.045000076293945,16.78499984741211,16.93000030517578,16.018569946289062,10856000
2024-04-25,16.81999969482422,17.05500030517578,16.780000686645508,16.969999313354492,16.05641746520996,8383000
2024-04-26,17.0,17.280000686645508,16.875,17.170000076293945,16.24565315246582,9189400
2024-04-29,17.209999084472656,17.43000030517578,17.030000686645508,17.18000030517578,16.255111694335938,8335700
2024-04-30,17.030000686645508,17.399999618530273,16.979999542236328,17.0,16.084802627563477,10073000
2024-05-01,16.860000610351562,17.020000457763672,16.389999389648438,16.440000534057617,15.554950714111328,9407100
2024-05-02,16.610000610351562,16.649999618530273,16.260000228881836,16.530000686645508,15.640106201171875,11008600
2024-05-03,16.739999771118164,16.8700008392334,16.610000610351562,16.860000610351562,15.952337265014648,7951500
2024-05-06,17.020000457763672,17.200000762939453,16.950000762939453,17.15999984741211,16.236188888549805,9233700
2024-05-07,17.200000762939453,17.229999542236328,16.799999237060547,16.860000610351562,15.952337265014648,8273300
2024-05-08,16.770000457763672,17.190000534057617,16.709999084472656,17.18000030517578,16.255111694335938,8134900
2024-05-09,17.229999542236328,17.270000457763672,16.895000457763672,17.059999465942383,16.141569137573242,8599600
2024-05-10,17.100000381469727,17.290000915527344,16.989999771118164,17.059999465942383,16.141569137573242,6454400
2024-05-13,17.1299991607666,17.459999084472656,17.1299991607666,17.3799991607666,16.44434356689453,11969900
2024-05-14,17.469999313354492,17.65999984741211,17.420000076293945,17.649999618530273,16.699811935424805,11483000
2024-05-15,17.75,18.0,17.65999984741211,17.969999313354492,17.002580642700195,11307200
2024-05-16,17.979999542236328,18.079999923706055,17.75,17.889999389648438,16.9268856048584,10222600
2024-05-17,18.010000228881836,18.024999618530273,17.729999542236328,17.860000610351562,16.89850425720215,9238500
2024-05-20,17.899999618530273,18.040000915527344,17.719999313354492,17.799999237060547,16.841732025146484,10130500
2024-05-21,17.760000228881836,17.829999923706055,17.59000015258789,17.780000686645508,16.82280921936035,9328200
2024-05-22,17.799999237060547,18.18000030517578,17.739999771118164,18.149999618530273,17.17289161682129,10667200
2024-05-23,18.850000381469727,18.950000762939453,18.149999618530273,18.239999771118164,17.258047103881836,15612200
2024-05-24,18.329999923706055,18.600000381469727,18.299999237060547,18.40999984741211,17.418895721435547,13605300
2024-05-28,18.489999771118164,18.780000686645508,18.219999313354492,18.40999984741211,17.418895721435547,17948100
2024-05-29,18.239999771118164,18.399999618530273,18.170000076293945,18.18000030517578,17.201276779174805,14206500
2024-05-30,18.510000228881836,18.679000854492188,18.290000915527344,18.520000457763672,17.52297019958496,31909300
2024-05-31,17.90999984741211,17.969999313354492,17.309999465942383,17.649999618530273,16.699811935424805,33499300
2024-06-03,17.90999984741211,18.079999923706055,17.649999618530273,17.950000762939453,16.983657836914062,22762900
2024-06-04,17.850000381469727,17.959999084472656,17.59000015258789,17.600000381469727,16.652503967285156,30743300
2024-06-05,20.350000381469727,20.43000030517578,19.440000534057617,19.479999542236328,18.431289672851562,88492100
2024-06-06,19.3700008392334,20.040000915527344,19.084999084472656,19.59000015258789,18.535367965698242,30573600
2024-06-07,19.719999313354492,20.040000915527344,19.709999084472656,20.030000686645508,18.95168113708496,21612900
2024-06-10,20.0,20.639999389648438,19.950000762939453,20.59000015258789,19.481536865234375,23519100
2024-06-11,20.5,20.68000030517578,20.190000534057617,20.559999465942383,19.453149795532227,15196800
2024-06-12,20.8700008392334,21.165000915527344,20.649999618530273,20.90999984741211,19.784305572509766,20247700
2024-06-13,20.860000610351562,21.899999618530273,20.790000915527344,21.760000228881836,20.588546752929688,22925400
2024-06-14,21.6200008392334,21.81999969482422,21.260000228881836,21.600000381469727,20.437158584594727,18473700
2024-06-17,21.854999542236328,21.959999084472656,21.19499969482422,21.65999984741211,20.49393081665039,20204900
2024-06-18,21.889999389648438,22.81999969482422,21.55500030517578,21.84000015258789,20.789011001586914,44296100
2024-06-20,22.65999984741211,22.739999771118164,21.405000686645508,21.479999542236328,20.446334838867188,25498900
2024-06-21,21.25,21.3799991607666,20.43000030517578,20.920000076293945,19.913286209106445,59893400
2024-06-24,20.829999923706055,21.030000686645508,20.454999923706055,20.469999313354492,19.484939575195312,19621200
2024-06-25,20.510000228881836,21.139999389648438,20.329999923706055,21.1200008392334,20.103660583496094,15186900
2024-06-26,20.780000686645508,21.010000228881836,20.72100067138672,20.920000076293945,19.913286209106445,17304900
2024-06-27,20.920000076293945,21.309999465942383,20.889999389648438,21.040000915527344,20.027511596679688,12921000
2024-06-28,21.040000915527344,21.274999618530273,20.895000457763672,21.170000076293945,20.151254653930664,17398900
2024-07-01,21.31999969482422,21.31999969482422,20.600000381469727,21.15999984741211,20.14173698425293,13452100
2024-07-02,20.860000610351562,21.165000915527344,20.809999465942383,21.1200008392334,20.103660583496094,11762400
2024-07-03,21.100000381469727,21.100000381469727,20.520000457763672,20.670000076293945,19.67531394958496,11412800
2024-07-05,20.68000030517578,20.684999465942383,20.290000915527344,20.549999237060547,19.56108856201172,15281400
2024-07-08,20.7450008392334,20.979999542236328,20.690000534057617,20.889999389648438,19.884727478027344,11118800
2024-07-09,20.809999465942383,21.614999771118164,20.799999237060547,21.25,20.22740364074707,15683100
2024-07-10,21.389999389648438,21.489999771118164,21.100000381469727,21.350000381469727,20.32259178161621,10414200
2024-07-11,21.360000610351562,21.40999984741211,20.969999313354492,21.200000762939453,20.179811477661133,9411900
2024-07-12,21.190000534057617,21.40999984741211,20.979999542236328,21.170000076293945,20.151254653930664,9206500
2024-07-15,21.260000228881836,21.479999542236328,21.149999618530273,21.440000534057617,20.408260345458984,9921600
2024-07-16,21.479999542236328,21.530000686645508,21.229999542236328,21.43000030517578,20.39874267578125,7878100
2024-07-17,21.18000030517578,21.290000915527344,20.729999542236328,20.809999465942383,19.808576583862305,12520200
2024-07-18,21.020000457763672,21.209999084472656,20.625,20.670000076293945,19.67531394958496,10713200
2024-07-19,20.65999984741211,20.71500015258789,20.440000534057617,20.479999542236328,19.494457244873047,10035700
2024-07-22,20.6200008392334,20.790000915527344,20.479999542236328,20.59000015258789,19.599166870117188,9656900
2024-07-23,20.5,20.674999237060547,20.40999984741211,20.540000915527344,19.551570892333984,6290300
2024-07-24,20.40999984741211,20.670000076293945,20.030000686645508,20.049999237060547,19.08514976501465,9554200
2024-07-25,19.920000076293945,19.989999771118164,19.40999984741211,19.450000762939453,18.514026641845703,11529800
2024-07-26,19.579999923706055,19.90999984741211,19.53499984741211,19.760000228881836,18.809104919433594,7954800
2024-07-29,19.850000381469727,19.924999237060547,19.389999389648438,19.40999984741211,18.475950241088867,7886100
2024-07-30,19.559999465942383,19.690000534057617,18.989999771118164,19.010000228881836,18.095195770263672,11214600
2024-07-31,19.799999237060547,20.094999313354492,19.639999389648438,19.90999984741211,18.951885223388672,12120400
2024-08-01,19.75,19.979999542236328,18.829999923706055,19.079999923706055,18.161828994750977,9310000
2024-08-02,18.549999237060547,18.690000534057617,17.950000762939453,18.030000686645508,17.16236114501953,12776500
2024-08-05,17.260000228881836,17.56999969482422,17.0,17.350000381469727,16.51508140563965,12876400
2024-08-06,17.399999618530273,17.559999465942383,17.229999542236328,17.25,16.419891357421875,14081300
2024-08-07,17.25,17.270000457763672,16.610000610351562,16.719999313354492,15.915399551391602,18905800
2024-08-08,16.913000106811523,17.329999923706055,16.913000106811523,17.309999465942383,16.477006912231445,9934500
2024-08-09,17.200000762939453,17.434999465942383,17.110000610351562,17.34000015258789,16.50556182861328,7352800
2024-08-12,17.389999389648438,17.41900062561035,17.059999465942383,17.190000534057617,16.362783432006836,13676700
2024-08-13,17.360000610351562,17.8799991607666,17.31999969482422,17.799999237060547,16.943424224853516,16886400
2024-08-14,17.829999923706055,17.850000381469727,17.540000915527344,17.780000686645508,16.924388885498047,10201100
2024-08-15,18.299999237060547,18.80500030517578,18.110000610351562,18.760000228881836,17.857229232788086,13126900
2024-08-16,18.690000534057617,18.829999923706055,18.559999465942383,18.670000076293945,17.77155876159668,8302500
2024-08-19,18.670000076293945,18.899999618530273,18.5,18.8799991607666,17.971452713012695,9017300
2024-08-20,18.81999969482422,18.84000015258789,18.469999313354492,18.770000457763672,17.866748809814453,9747600
2024-08-21,18.809999465942383,18.899999618530273,18.5,18.8799991607666,17.971452713012695,7719800
2024-08-22,18.90999984741211,19.049999237060547,18.735000610351562,18.770000457763672,17.866748809814453,7195100
2024-08-23,19.06999969482422,19.31999969482422,18.8799991607666,19.209999084472656,18.285573959350586,7959500
2024-08-26,19.229999542236328,19.479999542236328,19.09000015258789,19.18000030517578,18.257017135620117,7313700
2024-08-27,19.059999465942383,19.34000015258789,19.030000686645508,19.100000381469727,18.18086814880371,7637300
2024-08-28,19.0,19.174999237060547,18.799999237060547,19.0,18.085678100585938,8707000
2024-08-29,18.959999084472656,19.040000915527344,18.65999984741211,18.68000030517578,17.781078338623047,9558700
2024-08-30,19.149999618530273,19.56999969482422,19.110000610351562,19.3700008392334,18.43787384033203,18330200
2024-09-03,19.280000686645508,19.440000534057617,18.959999084472656,19.059999465942383,18.142791748046875,15341500
2024-09-04,18.93000030517578,19.020999908447266,18.559999465942383,18.770000457763672,17.866748809814453,21890700
2024-09-05,17.149999618530273,18.0,16.854999542236328,17.639999389648438,16.79112434387207,29090200
2024-09-06,17.575000762939453,17.799999237060547,17.299999237060547,17.530000686645508,16.68642234802246,16208800
2024-09-09,17.600000381469727,17.850000381469727,17.530000686645508,17.600000381469727,16.753053665161133,13693000
2024-09-10,16.389999389648438,16.530000686645508,15.949999809265137,16.100000381469727,15.325234413146973,70663200
2024-09-11,16.100000381469727,16.459999084472656,15.770000457763672,16.399999618530273,15.610795974731445,70763400
2024-09-12,16.360000610351562,16.934999465942383,16.200000762939453,16.860000610351562,16.048660278320312,41955200
2024-09-13,16.920000076293945,17.200000762939453,16.84000015258789,17.149999618530273,16.324703216552734,19822600
2024-09-16,16.84000015258789,17.309999465942383,16.809999465942383,17.229999542236328,16.400856018066406,14943400
2024-09-17,17.969999313354492,18.399999618530273,17.709999084472656,18.200000762939453,17.324176788330078,28391600
2024-09-18,18.270000457763672,18.56999969482422,18.034000396728516,18.299999237060547,17.419363021850586,17767100
2024-09-19,18.670000076293945,18.940000534057617,18.645000457763672,18.850000381469727,18.071273803710938,17085300
2024-09-20,18.790000915527344,18.889999389648438,18.5049991607666,18.809999465942383,18.03292465209961,30623000
2024-09-23,18.81999969482422,18.864999771118164,18.625,18.829999923706055,18.05209732055664,11338800
2024-09-24,18.950000762939453,18.959999084472656,18.79199981689453,18.8799991607666,18.100032806396484,10154800
2024-09-25,19.690000534057617,20.084999084472656,19.579999923706055,19.850000381469727,19.02996253967285,24344100
2024-09-26,20.229999542236328,20.489999771118164,19.979999542236328,20.350000381469727,19.50930404663086,17618600
2024-09-27,20.450000762939453,20.479999542236328,20.1299991607666,20.139999389648438,19.307979583740234,10396800
2024-09-30,20.09000015258789,20.510000228881836,19.940000534057617,20.459999084472656,19.61475944519043,16962200
2024-10-01,20.329999923706055,20.3799991607666,19.81999969482422,19.950000762939453,19.12582778930664,14802400
2024-10-02,20.0,20.65999984741211,19.950000762939453,20.5,19.653106689453125,12851100
2024-10-03,20.389999389648438,20.829999923706055,20.229999542236328,20.350000381469727,19.50930404663086,10884200
2024-10-04,20.690000534057617,20.75,20.283000946044922,20.6200008392334,19.768146514892578,8528200
2024-10-07,20.510000228881836,20.924999237060547,20.5,20.860000610351562,19.998233795166016,10961300
2024-10-08,20.959999084472656,21.049999237060547,20.760000228881836,20.969999313354492,20.103689193725586,11588800
2024-10-09,20.81999969482422,20.895999908447266,20.503000259399414,20.850000381469727,19.988649368286133,10816900
2024-10-10,20.700000762939453,20.940000534057617,20.389999389648438,20.540000915527344,19.691457748413086,18463700
2024-10-11,20.530000686645508,20.81999969482422,20.5,20.670000076293945,19.816085815429688,8488000
2024-10-14,20.649999618530273,20.93000030517578,20.6299991607666,20.719999313354492,19.86402130126953,8153300
2024-10-15,20.809999465942383,21.09000015258789,20.65999984741211,20.739999771118164,19.88319206237793,14362600
2024-10-16,20.799999237060547,20.969999313354492,20.690000534057617,20.889999389648438,20.026996612548828,13599300
2024-10-17,20.81999969482422,21.0,20.674999237060547,20.940000534057617,20.074932098388672,9672800
2024-10-18,21.030000686645508,21.059999465942383,20.389999389648438,20.690000534057617,19.83525848388672,10429200
2024-10-21,20.68000030517578,20.68000030517578,19.889999389648438,19.969999313354492,19.145002365112305,15063900
2024-10-22,19.850000381469727,19.959999084472656,19.56999969482422,19.889999389648438,19.06830596923828,11112200
2024-10-23,19.829999923706055,19.850000381469727,19.2450008392334,19.309999465942383,18.512266159057617,10069800
2024-10-24,19.420000076293945,19.469999313354492,19.235000610351562,19.399999618530273,18.598546981811523,9434600
2024-10-25,19.579999923706055,19.860000610351562,19.440000534057617,19.459999084472656,18.656070709228516,7901400
2024-10-28,19.594999313354492,19.8799991607666,19.479999542236328,19.729999542236328,18.914918899536133,8955900
2024-10-29,19.729999542236328,19.975000381469727,19.690000534057617,19.8700008392334,19.049135208129883,9709400
2024-10-30,20.950000762939453,21.049999237060547,20.229999542236328,20.34000015258789,19.499717712402344,15599700
2024-10-31,20.190000534057617,20.239999771118164,19.489999771118164,19.489999771118164,18.684833526611328,12163500
2024-11-01,19.55500030517578,20.2450008392334,19.510000228881836,20.059999465942383,19.23128318786621,12602000
2024-11-04,20.149999618530273,20.389999389648438,20.010000228881836,20.010000228881836,19.183349609375,8093400
2024-11-05,20.020000457763672,20.274999618530273,19.860000610351562,20.0,19.17376136779785,9456000
2024-11-06,20.729999542236328,21.389999389648438,20.68000030517578,21.329999923706055,20.448820114135742,15601000
2024-11-07,21.360000610351562,21.665000915527344,21.170000076293945,21.440000534057617,20.55427360534668,11975400
2024-11-08,21.469999313354492,22.200000762939453,21.3799991607666,22.040000915527344,21.129487991333008,14164900
2024-11-11,22.1200008392334,22.399999618530273,21.889999389648438,22.020000457763672,21.110313415527344,10395900
2024-11-12,21.829999923706055,22.110000610351562,21.700000762939453,21.729999542236328,20.832294464111328,8487500
2024-11-13,21.760000228881836,22.149999618530273,21.610000610351562,21.850000381469727,20.94734001159668,10682400
2024-11-14,21.709999084472656,22.040000915527344,21.34000015258789,21.34000015258789,20.458406448364258,9000700
2024-11-15,21.389999389648438,21.489999771118164,20.979999542236328,21.06999969482422,20.199560165405273,10918000
2024-11-18,21.809999465942383,21.860000610351562,21.290000915527344,21.3799991607666,20.496755599975586,12030800
2024-11-19,21.219999313354492,21.565000534057617,20.860000610351562,21.530000686645508,20.64055633544922,9248700
2024-11-20,21.559999465942383,21.559999465942383,21.075000762939453,21.18000030517578,20.305015563964844,10338300
2024-11-21,21.31999969482422,21.959999084472656,21.299999237060547,21.739999771118164,20.841882705688477,12939500
2024-11-22,21.809999465942383,22.219999313354492,21.719999313354492,22.100000381469727,21.187007904052734,8865800
2024-11-25,22.399999618530273,22.6200008392334,22.06999969482422,22.209999084472656,21.29246711730957,21880100
2024-11-26,22.170000076293945,22.25,21.934999465942383,22.1299991607666,21.21576690673828,8299400
2024-11-27,21.1200008392334,21.450000762939453,20.635000228881836,20.799999237060547,19.940715789794922,16174000
2024-11-29,20.829999923706055,21.420000076293945,20.809999465942383,21.219999313354492,20.343360900878906,7085600
2024-12-02,21.200000762939453,21.600000381469727,20.989999771118164,21.25,20.37212562561035,12697300
2024-12-03,21.059999465942383,21.31999969482422,20.959999084472656,21.299999237060547,20.42005729675293,9325900
2024-12-04,21.5,22.079999923706055,21.3700008392334,21.760000228881836,20.86105728149414,11767000
2024-12-05,22.600000381469727,22.739999771118164,21.56999969482422,21.649999618530273,20.755598068237305,26020400
2024-12-06,22.68000030517578,24.239999771118164,22.459999084472656,23.950000762939453,22.960582733154297,37723200
2024-12-09,23.850000381469727,23.920000076293945,23.059999465942383,23.110000610351562,22.155282974243164,22240200
2024-12-10,22.6299991607666,22.899999618530273,21.770000457763672,21.920000076293945,21.014446258544922,20630800
2024-12-11,21.829999923706055,22.0,21.204999923706055,21.90999984741211,21.004858016967773,16182300
2024-12-12,21.823999404907227,22.170000076293945,21.760000228881836,21.829999923706055,20.928163528442383,12668200
2024-12-13,21.72800064086914,22.06999969482422,21.68000030517578,21.829999923706055,20.928163528442383,10279500
2024-12-16,21.83300018310547,22.040000915527344,21.25,21.850000381469727,20.94734001159668,22024400
2024-12-17,21.360000610351562,21.90999984741211,21.360000610351562,21.540000915527344,20.650142669677734,13269400
2024-12-18,21.670000076293945,21.799999237060547,20.549999237060547,20.59000015258789,19.739391326904297,15360500
2024-12-19,21.09000015258789,21.200000762939453,20.760000228881836,20.889999389648438,20.026996612548828,18372300
2024-12-20,20.610000610351562,21.639999389648438,20.600000381469727,21.610000610351562,20.84698486328125,43682400
2024-12-23,21.600000381469727,21.860000610351562,21.389999389648438,21.81999969482422,21.049570083618164,14384000
2024-12-24,21.860000610351562,21.920000076293945,21.749000549316406,21.889999389648438,21.117097854614258,5955400
2024-12-26,21.790000915527344,22.049999237060547,21.774999618530273,22.030000686645508,21.252155303955078,4815400
2024-12-27,21.825000762939453,21.915000915527344,21.520000457763672,21.649999618530273,20.885570526123047,6571000
2024-12-30,21.315000534057617,21.610000610351562,21.125,21.399999618530273,20.644397735595703,7219100
2024-12-31,21.469999313354492,21.594999313354492,21.184999465942383,21.350000381469727,20.596166610717773,7318600
2025-01-02,21.440000534057617,21.56999969482422,21.149999618530273,21.469999313354492,20.71192741394043,11584500
2025-01-03,21.56999969482422,21.850000381469727,21.440000534057617,21.81999969482422,21.049570083618164,8661800
2025-01-06,22.219999313354492,23.059999465942383,22.170000076293945,22.850000381469727,22.043201446533203,21505800
2025-01-07,23.049999237060547,23.049999237060547,22.2549991607666,22.280000686645508,21.493328094482422,12107300
2025-01-08,22.200000762939453,22.2450008392334,21.600000381469727,22.030000686645508,21.252155303955078,14520700
2025-01-10,21.829999923706055,22.979999542236328,21.485000610351562,22.079999923706055,21.300386428833008,26537200
2025-01-13,21.540000915527344,22.0,21.165000915527344,21.979999542236328,21.20391845703125,14949500
2025-01-14,22.15999984741211,22.899999618530273,22.030000686645508,22.540000915527344,21.7441463470459,17645900
2025-01-15,23.155000686645508,23.34000015258789,22.950000762939453,23.299999237060547,22.477310180664062,17963000
2025-01-16,23.360000610351562,23.510000228881836,23.21500015258789,23.40999984741211,22.58342742919922,11090300
2025-01-17,23.700000762939453,23.700000762939453,23.09000015258789,23.139999389648438,22.322959899902344,19931100
2025-01-21,23.29199981689453,23.75,23.110000610351562,23.700000762939453,22.863189697265625,11827700
2025-01-22,24.09000015258789,24.65999984741211,23.84000015258789,24.420000076293945,23.55776596069336,14117400
2025-01-23,24.270000457763672,24.415000915527344,24.059999465942383,24.360000610351562,23.49988555908203,9303000
2025-01-24,24.520000457763672,24.53499984741211,24.15999984741211,24.3700008392334,23.50953483581543,9462800
2025-01-27,23.260000228881836,23.469999313354492,22.3799991607666,22.950000762939453,22.139673233032227,17887200
2025-01-28,23.040000915527344,23.040000915527344,20.979999542236328,21.459999084472656,20.702281951904297,30977900
2025-01-29,21.84000015258789,22.200000762939453,21.625,21.65999984741211,20.89521598815918,15537200
2025-01-30,22.049999237060547,22.09000015258789,20.34000015258789,21.190000534057617,20.441814422607422,27898800
2025-01-31,21.209999084472656,21.56999969482422,20.979999542236328,21.190000534057617,20.441814422607422,17010800
2025-02-03,20.614999771118164,20.929000854492188,20.40999984741211,20.459999084472656,19.737586975097656,16941500
2025-02-04,20.579999923706055,20.84000015258789,20.389999389648438,20.829999923706055,20.094524383544922,15540300
2025-02-05,20.809999465942383,21.479999542236328,20.780000686645508,21.360000610351562,20.60581398010254,12062000
2025-02-06,21.559999465942383,21.700000762939453,21.239999771118164,21.360000610351562,20.60581398010254,10698800
2025-02-07,21.559999465942383,21.700000762939453,21.139999389648438,21.270000457763672,20.51898956298828,10204900
2025-02-10,21.389999389648438,21.469999313354492,21.075000762939453,21.43000030517578,20.673341751098633,10673500
2025-02-11,21.229999542236328,21.424999237060547,21.1200008392334,21.18000030517578,20.432167053222656,11291800
2025-02-12,20.989999771118164,21.274999618530273,20.860000610351562,21.09000015258789,20.345348358154297,7928600
2025-02-13,21.25,21.440000534057617,20.989999771118164,21.280000686645508,20.528636932373047,9625100
2025-02-14,21.290000915527344,21.770000457763672,21.18000030517578,21.709999084472656,20.943450927734375,9807700
2025-02-18,21.80500030517578,21.860000610351562,21.290000915527344,21.780000686645508,21.010982513427734,11685600
2025-02-19,21.700000762939453,21.905000686645508,21.600000381469727,21.850000381469727,21.078508377075195,8427700
2025-02-20,21.860000610351562,21.96500015258789,21.53499984741211,21.739999771118164,20.97239112854004,8675800
2025-02-21,21.889999389648438,21.975000381469727,21.059999465942383,21.139999389648438,20.393579483032227,7811900
2025-02-24,21.200000762939453,21.256000518798828,20.65999984741211,20.75,20.017351150512695,13306200
2025-02-25,20.709999084472656,20.729999542236328,20.165000915527344,20.290000915527344,19.573593139648438,11058000
2025-02-26,20.489999771118164,20.78499984741211,20.239999771118164,20.3700008392334,19.650768280029297,10821500
2025-02-27,20.489999771118164,20.68000030517578,19.809999465942383,19.84000015258789,19.13947868347168,9331100
2025-02-28,19.600000381469727,20.030000686645508,19.239999771118164,19.809999465942383,19.11054039001465,17708400
2025-03-03,20.06999969482422,20.09000015258789,18.885000228881836,19.030000686645508,18.35807991027832,11757900
2025-03-04,18.860000610351562,19.1200008392334,18.334999084472656,18.84000015258789,18.174787521362305,16369000
2025-03-05,18.950000762939453,19.100000381469727,18.575000762939453,18.889999389648438,18.2230224609375,15371900
2025-03-06,18.31999969482422,18.687999725341797,17.8799991607666,17.959999084472656,17.32586097717285,25150000
2025-03-07,15.260000228881836,16.040000915527344,14.930000305175781,15.8100004196167,15.251773834228516,81950800
2025-03-10,15.510000228881836,15.670000076293945,14.850000381469727,15.079999923706055,14.547547340393066,32930200
2025-03-11,15.020000457763672,15.505000114440918,14.920000076293945,15.34000015258789,14.798368453979492,29627200
2025-03-12,15.25,15.520000457763672,14.930000305175781,15.09000015258789,14.557194709777832,26594000
2025-03-13,15.109999656677246,15.425000190734863,14.640000343322754,14.770000457763672,14.248494148254395,30915000
2025-03-14,15.050000190734863,15.6899995803833,15.050000190734863,15.619999885559082,15.0684814453125,27800100
2025-03-17,15.649999618530273,15.960000038146973,15.600000381469727,15.84000015258789,15.280713081359863,19419600
2025-03-18,15.755000114440918,16.040000915527344,15.720000267028809,15.930000305175781,15.367535591125488,24407600
2025-03-19,16.079999923706055,16.545000076293945,16.06399917602539,16.34000015258789,15.763059616088867,21482800
2025-03-20,16.100000381469727,16.479999542236328,16.06100082397461,16.229999542236328,15.656943321228027,19402600
2025-03-21,15.9399995803833,16.1200008392334,15.781000137329102,16.049999237060547,15.608319282531738,47407400
2025-03-24,16.399999618530273,16.549999237060547,16.315000534057617,16.479999542236328,16.026487350463867,24161700
2025-03-25,16.459999084472656,16.59000015258789,16.399999618530273,16.520000457763672,16.065387725830078,21198200
2025-03-26,16.5,16.549999237060547,16.03499984741211,16.06999969482422,15.627768516540527,23621500
2025-03-27,15.960000038146973,16.059999465942383,15.760000228881836,15.9399995803833,15.50134563446045,18129300
2025-03-28,15.850000381469727,15.920000076293945,15.520000457763672,15.789999961853027,15.355474472045898,19216400
2025-03-31,15.479999542236328,15.550000190734863,15.239999771118164,15.430000305175781,15.005380630493164,31786500
2025-04-01,15.489999771118164,15.734999656677246,15.274999618530273,15.640000343322754,15.209603309631348,22897300
2025-04-02,15.390000343322754,16.200000762939453,15.390000343322754,16.1200008392334,15.676393508911133,23638200
2025-04-03,15.130000114440918,15.300000190734863,13.600000381469727,13.680000305175781,13.303540229797363,35325800
2025-04-04,13.3100004196167,13.3100004196167,11.96500015258789,12.789999961853027,12.438032150268555,32655000
2025-04-07,12.34000015258789,14.199999809265137,12.3100004196167,13.329999923706055,12.963170051574707,35719900
2025-04-08,13.710000038146973,13.949999809265137,12.260000228881836,12.510000228881836,12.165738105773926,31348400
2025-04-09,12.369999885559082,14.595000267028809,12.149999618530273,14.5,14.100973129272461,39493500
2025-04-10,13.9399995803833,14.069999694824219,13.199999809265137,13.739999771118164,13.36188793182373,23011200
2025-04-11,13.729999542236328,14.180000305175781,13.430000305175781,14.140000343322754,13.75088119506836,23791800
2025-04-14,14.859999656677246,14.859999656677246,14.270000457763672,14.279999732971191,13.8870267868042,24166100
2025-04-15,14.279999732971191,15.539999961853027,14.199999809265137,15.010000228881836,14.596940040588379,48695200
2025-04-16,14.720000267028809,15.1899995803833,14.600000381469727,14.880000114440918,14.4705171585083,25806100
2025-04-17,14.970000267028809,15.260000228881836,14.75,15.140000343322754,14.723361015319824,22462900
2025-04-21,14.949999809265137,15.020000457763672,14.550000190734863,14.819999694824219,14.412166595458984,19119900
2025-04-22,15.020000457763672,15.244999885559082,14.90999984741211,15.149999618530273,14.733085632324219,15465600
2025-04-23,15.779999732971191,16.260000228881836,15.3149995803833,15.350000381469727,14.927582740783691,19315600
2025-04-24,15.4399995803833,16.270000457763672,15.420000076293945,16.18000030517578,15.7347412109375,18837500
2025-04-25,16.219999313354492,16.334999084472656,16.059999465942383,16.239999771118164,15.7930908203125,10292000
2025-04-28,16.28499984741211,16.540000915527344,16.200000762939453,16.489999771118164,16.036209106445312,15464700
2025-04-29,16.350000381469727,16.485000610351562,16.260000228881836,16.309999465942383,15.861166000366211,10251100
2025-04-30,15.720000267028809,16.290000915527344,15.711000442504883,16.219999313354492,15.773639678955078,18477400
2025-05-01,16.399999618530273,16.760000228881836,16.399999618530273,16.40999984741211,15.958414077758789,14720300
2025-05-02,16.780000686645508,16.989999771118164,16.645000457763672,16.860000610351562,16.396028518676758,15404600
2025-05-05,16.65999984741211,16.989999771118164,16.6299991607666,16.670000076293945,16.211257934570312,14118200
2025-05-06,16.56999969482422,16.639999389648438,16.334999084472656,16.489999771118164,16.036209106445312,12831500
2025-05-07,16.559999465942383,16.600000381469727,16.174999237060547,16.559999465942383,16.104284286499023,13249300
2025-05-08,16.709999084472656,17.1299991607666,16.690000534057617,16.8700008392334,16.4057559967041,11542200
2025-05-09,16.96500015258789,17.110000610351562,16.760000228881836,16.889999389648438,16.425199508666992,15585200
2025-05-12,17.850000381469727,17.979999542236328,17.545000076293945,17.739999771118164,17.251811981201172,19595800
2025-05-13,17.799999237060547,18.059999465942383,17.674999237060547,17.920000076293945,17.426860809326172,14354000
2025-05-14,17.96500015258789,18.18000030517578,17.764999389648438,17.850000381469727,17.35878562927246,16650200
2025-05-15,17.719999313354492,17.719999313354492,17.440000534057617,17.6200008392334,17.135114669799805,16691600
2025-05-16,17.68000030517578,17.834999084472656,17.575000762939453,17.75,17.261537551879883,11741700
2025-05-19,17.360000610351562,17.545000076293945,17.329999923706055,17.459999084472656,16.979516983032227,16883600
2025-05-20,18.020000457763672,18.020000457763672,17.58300018310547,17.719999313354492,17.232362747192383,16293800
2025-05-21,17.600000381469727,18.06999969482422,17.485000610351562,17.540000915527344,17.057315826416016,19962700
2025-05-22,17.53499984741211,17.704999923706055,17.34000015258789,17.549999237060547,17.067041397094727,14241400
2025-05-23,17.18000030517578,17.469999313354492,17.030000686645508,17.420000076293945,16.94061851501465,9263400
2025-05-27,17.829999923706055,17.979999542236328,17.600000381469727,17.940000534057617,17.44631004333496,16322100
2025-05-28,17.950000762939453,18.0049991607666,17.6299991607666,17.690000534057617,17.203187942504883,10687900
2025-05-29,17.84000015258789,17.900999069213867,17.575000762939453,17.649999618530273,17.164289474487305,15549200
2025-05-30,17.3799991607666,17.450000762939453,17.09000015258789,17.280000686645508,16.804471969604492,26151300
2025-06-02,17.280000686645508,17.375,17.024999618530273,17.34000015258789,16.86281967163086,15657300
2025-06-03,17.31999969482422,17.770000457763672,17.155000686645508,17.690000534057617,17.203187942504883,27275600
2025-06-04,19.170000076293945,19.200000762939453,17.579999923706055,17.84000015258789,17.34906005859375,45635500
2025-06-05,17.780000686645508,18.059999465942383,17.520000457763672,17.760000228881836,17.27126121520996,23709700
2025-06-06,17.860000610351562,18.229999542236328,17.760000228881836,18.110000610351562,17.611631393432617,14262900
2025-06-09,18.200000762939453,18.59000015258789,18.15999984741211,18.309999465942383,17.80612564086914,13415500
2025-06-10,18.520000457763672,18.520000457763672,18.184999465942383,18.34000015258789,17.83530044555664,12940900
2025-06-11,18.299999237060547,18.420000076293945,18.1200008392334,18.219999313354492,17.718603134155273,12487100
2025-06-12,18.059999465942383,18.235000610351562,17.96500015258789,18.1299991607666,17.631078720092773,12763100
2025-06-13,17.760000228881836,17.959999084472656,17.530000686645508,17.649999618530273,17.164289474487305,13037100
2025-06-16,17.799999237060547,18.239999771118164,17.760000228881836,18.239999771118164,17.738052368164062,13992300
2025-06-17,18.030000686645508,18.260000228881836,17.84000015258789,17.899999618530273,17.40740966796875,14023000
2025-06-18,17.8700008392334,18.170000076293945,17.704999923706055,17.780000686645508,17.417205810546875,18678700
2025-06-20,18.024999618530273,18.190000534057617,17.780000686645508,17.959999084472656,17.593530654907227,33361800
2025-06-23,17.899999618530273,17.96500015258789,17.489999771118164,17.809999465942383,17.446592330932617,25782800
2025-06-24,17.989999771118164,18.25,17.940000534057617,18.149999618530273,17.77965545654297,12645900
2025-06-25,18.239999771118164,18.6200008392334,18.200000762939453,18.489999771118164,18.11271858215332,12015900
2025-06-26,18.594999313354492,18.6299991607666,18.325000762939453,18.3700008392334,17.995166778564453,15446600
2025-06-27,18.440000534057617,18.575000762939453,18.270000457763672,18.40999984741211,18.03434944152832,17126500
2025-06-30,20.690000534057617,20.969999313354492,20.1200008392334,20.450000762939453,20.032724380493164,58082000
2025-07-01,20.1200008392334,20.704999923706055,20.100000381469727,20.479999542236328,20.06211280822754,26402600
2025-07-02,20.540000915527344,21.469999313354492,20.260000228881836,21.25,20.816402435302734,29651200
2025-07-03,21.440000534057617,21.469999313354492,21.149999618530273,21.34000015258789,20.904565811157227,12296600
2025-07-07,21.219999313354492,21.28499984741211,20.770000457763672,20.90999984741211,20.48333740234375,24657200
2025-07-08,20.940000534057617,21.010000228881836,20.549999237060547,20.81999969482422,20.39517593383789,23841100
2025-07-09,21.020000457763672,21.020000457763672,20.594999313354492,20.799999237060547,20.37558364868164,18238600
2025-07-10,20.940000534057617,21.719999313354492,20.71500015258789,21.290000915527344,20.8555850982666,34641500
2025-07-11,21.049999237060547,21.049999237060547,20.68000030517578,20.719999313354492,20.297216415405273,20877600
2025-07-14,20.579999923706055,20.847999572753906,20.450000762939453,20.670000076293945,20.248233795166016,12232300
2025-07-15,20.860000610351562,20.899999618530273,20.280000686645508,20.280000686645508,19.866193771362305,11868700
2025-07-16,20.389999389648438,20.510000228881836,20.06999969482422,20.350000381469727,19.934764862060547,15635300
2025-07-17,20.889999389648438,21.15999984741211,20.600000381469727,20.829999923706055,20.404970169067383,18801600
2025-07-18,20.969999313354492,21.184999465942383,20.8799991607666,21.110000610351562,20.679258346557617,14176300
2025-07-21,21.010000228881836,21.09000015258789,20.639999389648438,20.65999984741211,20.238439559936523,15437700
2025-07-22,20.649999618530273,20.69499969482422,20.260000228881836,20.40999984741211,19.993539810180664,13488100
2025-07-23,20.65999984741211,21.155000686645508,20.65999984741211,20.760000228881836,20.33639907836914,16135000
2025-07-24,20.700000762939453,20.729999542236328,20.4950008392334,20.510000228881836,20.091501235961914,12227700
2025-07-25,20.729999542236328,20.729999542236328,20.5,20.729999542236328,20.307010650634766,8927400
2025-07-28,20.81999969482422,20.927000045776367,20.670000076293945,20.8799991607666,20.453950881958008,21449000
2025-07-29,20.940000534057617,21.100000381469727,20.719999313354492,20.850000381469727,20.424564361572266,18352500
2025-07-30,20.875,21.09000015258789,20.760000228881836,20.889999389648438,20.463747024536133,14022900
2025-07-31,20.920000076293945,21.198999404907227,20.65999984741211,20.690000534057617,20.26782989501953,11267300
2025-08-01,20.290000915527344,20.290000915527344,19.65999984741211,19.809999465942383,19.40578269958496,14724600
2025-08-04,20.030000686645508,20.05500030517578,19.829999923706055,20.020000457763672,19.611499786376953,14705200
2025-08-05,20.079999923706055,20.135000228881836,19.635000228881836,19.8700008392334,19.464561462402344,12199300
2025-08-06,19.860000610351562,20.309999465942383,19.649999618530273,20.1299991607666,19.719253540039062,18907400
2025-08-07,20.459999084472656,20.549999237060547,20.1299991607666,20.399999618530273,19.98374366760254,16213100
2025-08-08,20.559999465942383,21.014999389648438,20.510000228881836,20.809999465942383,20.385377883911133,15199300
2025-08-11,20.93000030517578,21.079999923706055,20.56999969482422,20.59000015258789,20.16986846923828,15792900
2025-08-12,20.899999618530273,21.434999465942383,20.739999771118164,21.31999969482422,20.884973526000977,17056900
2025-08-13,21.399999618530273,21.760000228881836,21.280000686645508,21.559999465942383,21.120075225830078,16222700
2025-08-14,21.239999771118164,21.479999542236328,21.1299991607666,21.31999969482422,20.884973526000977,7800500
2025-08-15,21.3799991607666,21.3799991607666,21.03499984741211,21.15999984741211,20.72823715209961,14998500
2025-08-18,21.110000610351562,21.665000915527344,21.100000381469727,21.6299991607666,21.18864631652832,12214900
2025-08-19,21.549999237060547,21.68000030517578,21.299999237060547,21.34000015258789,20.904565811157227,11587600
2025-08-20,21.600000381469727,21.6200008392334,20.440000534057617,21.040000915527344,20.610687255859375,16999500
2025-08-21,21.68000030517578,21.90999984741211,21.415000915527344,21.81999969482422,21.37476921081543,20562600
2025-08-22,21.8700008392334,22.690000534057617,21.84000015258789,22.450000762939453,21.991914749145508,18245300
2025-08-25,22.489999771118164,22.670000076293945,22.344999313354492,22.559999465942383,22.09967041015625,17378800
2025-08-26,22.549999237060547,22.7450008392334,22.399999618530273,22.5,22.040895462036133,17056400
2025-08-27,22.31999969482422,22.8700008392334,22.239999771118164,22.729999542236328,22.266202926635742,23389900
2025-08-28,22.81999969482422,23.309999465942383,22.700000762939453,23.15999984741211,22.687429428100586,24964900
2025-08-29,22.84000015258789,22.864999771118164,22.43000030517578,22.56999969482422,22.109466552734375,19962600
2025-09-02,22.049999237060547,22.709999084472656,21.920000076293945,22.68000030517578,22.21722412109375,27797200
2025-09-03,22.959999084472656,23.040000915527344,22.575000762939453,22.81999969482422,22.354366302490234,34179900
2025-09-04,23.899999618530273,24.174999237060547,22.68000030517578,23.15999984741211,22.687429428100586,62528800
2025-09-05,23.15999984741211,23.559999465942383,22.700000762939453,23.520000457763672,23.040082931518555,24237500
2025-09-08,23.600000381469727,23.774999618530273,23.049999237060547,23.5,23.020490646362305,19157100
2025-09-09,23.420000076293945,23.979999542236328,23.375,23.8799991607666,23.392736434936523,16873500
2025-09-10,24.010000228881836,24.679000854492188,23.93000030517578,24.440000534057617,23.94131088256836,21361400
2025-09-11,24.579999923706055,24.959999084472656,24.44499969482422,24.860000610351562,24.352741241455078,20845500
2025-09-12,24.854999542236328,25.100000381469727,24.729999542236328,24.729999542236328,24.225393295288086,20692400
2025-09-15,24.799999237060547,25.03700065612793,24.5049991607666,24.84000015258789,24.333147048950195,18368000
2025-09-16,24.90999984741211,24.969999313354492,24.34000015258789,24.43000030517578,23.931514739990234,21439300
2025-09-17,24.549999237060547,24.958999633789062,24.25,24.729999542236328,24.225393295288086,25280500
2025-09-18,25.0,25.350000381469727,24.889999389648438,25.239999771118164,24.85564613342285,22034800
2025-09-19,25.209999084472656,25.31999969482422,24.860000610351562,24.989999771118164,24.609455108642578,32895700
2025-09-22,24.954999923706055,25.356000900268555,24.899999618530273,25.15999984741211,24.776866912841797,28153200
2025-09-23,25.1200008392334,25.315000534057617,24.68000030517578,24.700000762939453,24.323871612548828,25207500
2025-09-24,24.889999389648438,25.06599998474121,24.3700008392334,24.459999084472656,24.0875244140625,25135600
2025-09-25,24.020000457763672,24.2549991607666,23.8700008392334,24.209999084472656,23.841333389282227,32909800
2025-09-26,24.079999923706055,24.149999618530273,23.80500030517578,24.0,23.634531021118164,20647700
2025-09-29,24.309999465942383,24.684999465942383,24.100000381469727,24.139999389648438,23.772397994995117,19445300
2025-09-30,24.100000381469727,24.565000534057617,23.979999542236328,24.559999465942383,24.186002731323242,22897400
2025-10-01,24.3799991607666,24.975000381469727,24.229999542236328,24.93000030517578,24.55036735534668,27908400
2025-10-02,25.170000076293945,25.309999465942383,24.40999984741211,24.479999542236328,24.107219696044922,17599900
2025-10-03,24.600000381469727,25.0,24.299999237060547,24.43000030517578,24.0579833984375,20800300
2025-10-06,24.969999313354492,25.2549991607666,24.764999389648438,24.790000915527344,24.412500381469727,15656000
2025-10-07,25.459999084472656,25.920000076293945,24.665000915527344,24.90999984741211,24.530672073364258,21949800
2025-10-08,24.860000610351562,26.440000534057617,24.850000381469727,26.079999923706055,25.6828556060791,29025300
2025-10-09,26.040000915527344,26.3700008392334,25.739999771118164,26.25,25.850265502929688,20274400
2025-10-10,26.25,26.367000579833984,24.389999389648438,24.399999618530273,24.028438568115234,35814900
2025-10-13,24.950000762939453,25.454999923706055,24.75,24.799999237060547,24.422348022460938,35267900
2025-10-14,24.3799991607666,25.3700008392334,24.280000686645508,25.0,24.61930274963379,34533600
2025-10-15,25.25,26.309999465942383,24.864999771118164,25.040000915527344,24.658693313598633,50347700
2025-10-16,22.969999313354492,23.489999771118164,22.110000610351562,22.5,22.157371520996094,78889800
2025-10-17,22.350000381469727,23.270000457763672,22.239999771118164,22.959999084472656,22.61036491394043,65685500
2025-10-20,23.065000534057617,23.104999542236328,22.440000534057617,22.8700008392334,22.521739959716797,60189800
2025-10-21,22.959999084472656,23.43000030517578,22.6200008392334,23.270000457763672,22.915647506713867,81272500
2025-10-22,23.139999389648438,23.2450008392334,22.600000381469727,23.09000015258789,22.738388061523438,50450400
2025-10-23,23.139999389648438,23.459999084472656,23.05500030517578,23.190000534057617,22.83686637878418,30706700
2025-10-24,23.65999984741211,23.698999404907227,23.274999618530273,23.5,23.14214324951172,19914300
2025-10-27,23.780000686645508,24.21500015258789,23.579999923706055,24.18000030517578,23.81178855895996,35603400
2025-10-28,24.25,24.697999954223633,23.690000534057617,24.25,23.880722045898438,38284100
2025-10-29,24.549999237060547,24.59000015258789,24.079999923706055,24.270000457763672,23.90041732788086,35121100
2025-10-30,24.149999618530273,24.74799919128418,24.040000915527344,24.40999984741211,24.038288116455078,39387200
2025-10-31,24.489999771118164,24.920000076293945,24.200000762939453,24.420000076293945,24.048133850097656,33572100
2025-11-03,24.6200008392334,24.780000686645508,24.110000610351562,24.5,24.126914978027344,28309400
2025-11-04,23.934999465942383,24.100000381469727,23.43000030517578,23.559999465942383,23.201229095458984,35378300
2025-11-05,23.600000381469727,24.030000686645508,23.389999389648438,23.709999084472656,23.34894371032715,27393700
2025-11-06,23.68000030517578,23.899999618530273,23.125,23.399999618530273,23.043664932250977,22854200
2025-11-07,23.270000457763672,23.524999618530273,22.790000915527344,23.450000762939453,23.092905044555664,21932600
2025-11-10,24.114999771118164,24.40999984741211,23.579999923706055,23.8799991607666,23.516355514526367,34049800
2025-11-11,23.700000762939453,23.75,22.764999389648438,22.889999389648438,22.54142951965332,28882000
2025-11-12,23.06999969482422,23.69499969482422,23.0,23.479999542236328,23.122447967529297,37546600
2025-11-13,23.270000457763672,23.594999313354492,22.649999618530273,22.93000030517578,22.58082389831543,42098300
2025-11-14,22.479999542236328,23.420000076293945,22.350000381469727,22.829999923706055,22.48234748840332,29807000
2025-11-17,21.940000534057617,22.190000534057617,20.735000610351562,21.229999542236328,20.906709671020508,50382100
2025-11-18,21.010000228881836,21.454999923706055,20.719999313354492,20.899999618530273,20.581737518310547,43252800
2025-11-19,20.81999969482422,21.145000457763672,20.56999969482422,20.600000381469727,20.286304473876953,26653200
2025-11-20,21.1200008392334,21.309999465942383,19.924999237060547,20.020000457763672,19.715137481689453,24343600
2025-11-21,20.18000030517578,20.790000915527344,19.950000762939453,20.520000457763672,20.207523345947266,22404400
2025-11-24,20.829999923706055,21.25,20.655000686645508,21.09000015258789,20.768844604492188,35604100
2025-11-25,21.110000610351562,21.450000762939453,20.93000030517578,21.360000610351562,21.034732818603516,21491200
2025-11-26,21.600000381469727,21.610000610351562,21.100000381469727,21.530000686645508,21.202144622802734,19609800
2025-11-28,21.584999084472656,21.934999465942383,21.540000915527344,21.8700008392334,21.53696632385254,7707800
2025-12-01,21.559999465942383,22.030000686645508,21.479999542236328,21.940000534057617,21.605899810791016,25190200
2025-12-02,22.229999542236328,22.239999771118164,21.844999313354492,21.920000076293945,21.586204528808594,16830400
2025-12-03,21.885000228881836,22.40999984741211,21.81999969482422,22.260000228881836,21.92102813720703,19079400
2025-12-04,22.309999465942383,23.09000015258789,22.299999237060547,22.899999618530273,22.551279067993164,33710900
2025-12-05,20.899999618530273,23.55500030517578,20.610000610351562,23.329999923706055,22.974733352661133,47409100
2025-12-08,23.135000228881836,24.364999771118164,23.049999237060547,23.860000610351562,23.496660232543945,26246100
2025-12-09,23.690000534057617,24.809999465942383,23.670000076293945,24.770000457763672,24.392807006835938,31516600
2025-12-10,24.739999771118164,25.40999984741211,24.579999923706055,25.260000228881836,24.875343322753906,40648800
2025-12-11,24.729999542236328,24.899999618530273,24.045000076293945,24.540000915527344,24.16630744934082,31575300
2025-12-12,24.389999389648438,24.434999465942383,23.684999465942383,23.8700008392334,23.50650978088379,49512900
2025-12-15,24.0,24.09000015258789,23.71500015258789,24.049999237060547,23.683767318725586,35706300
2025-12-16,23.920000076293945,24.5,23.834999084472656,24.299999237060547,23.929960250854492,33437500
2025-12-17,24.3700008392334,24.670000076293945,23.84000015258789,24.020000457763672,23.654226303100586,31541800
2025-12-18,24.100000381469727,24.190000534057617,23.385000228881836,23.920000076293945,23.555747985839844,23603100
2025-12-19,23.90999984741211,24.579999923706055,23.889999389648438,24.43000030517578,24.202672958374023,29907700
2025-12-22,24.670000076293945,24.799999237060547,24.385000228881836,24.700000762939453,24.47016143798828,18592700
2025-12-23,24.729999542236328,24.799999237060547,24.459999084472656,24.579999923706055,24.351276397705078,16269200
2025-12-24,24.600000381469727,24.700000762939453,24.440000534057617,24.440000534057617,24.21257972717285,5180800
2025-12-26,24.5,24.55500030517578,24.344999313354492,24.489999771118164,24.262113571166992,11203600
2025-12-29,24.25,24.524999618530273,24.1299991607666,24.329999923706055,24.10360336303711,13836300
2025-12-30,24.329999923706055,24.440000534057617,24.06999969482422,24.06999969482422,23.84602165222168,9611600
2025-12-31,24.020000457763672,24.239999771118164,23.84000015258789,24.020000457763672,23.79648780822754,14245400
2026-01-02,24.280000686645508,24.389999389648438,23.81999969482422,24.170000076293945,23.945091247558594,11238800
2026-01-05,24.219999313354492,24.40999984741211,23.729999542236328,24.1299991607666,23.90546226501465,18144700
2026-01-06,24.09000015258789,24.350000381469727,23.780000686645508,23.790000915527344,23.568628311157227,17048400
2026-01-07,23.709999084472656,23.799999237060547,22.43000030517578,22.43000030517578,22.221284866333008,23267100
2026-01-08,22.299999237060547,22.329999923706055,21.80500030517578,22.020000457763672,21.815099716186523,27026500
2026-01-09,22.100000381469727,22.389999389648438,21.760000228881836,22.170000076293945,21.963703155517578,25301900
2026-01-12,21.959999084472656,22.399999618530273,21.8700008392334,22.100000381469727,21.89435386657715,14571600
2026-01-13,22.5,22.71500015258789,22.229999542236328,22.290000915527344,22.08258628845215,11503000
2026-01-14,22.18000030517578,22.584999084472656,21.885000228881836,22.09000015258789,21.88444709777832,14093700
2026-01-15,22.420000076293945,22.549999237060547,21.940000534057617,21.950000762939453,21.745750427246094,14910500
2026-01-16,22.0,22.0,21.420000076293945,21.440000534057617,21.240495681762695,15541600
2026-01-20,20.989999771118164,21.110000610351562,20.075000762939453,20.389999389648438,20.200265884399414,26347300
2026-01-21,20.53499984741211,21.100000381469727,20.3700008392334,21.020000457763672,20.824403762817383,20480300
2026-01-22,21.299999237060547,21.934999465942383,21.299999237060547,21.360000610351562,21.16124153137207,14748500
2026-01-23,21.309999465942383,21.309999465942383,20.969999313354492,21.049999237060547,20.854124069213867,9391800
2026-01-26,21.06999969482422,21.415000915527344,21.020000457763672,21.3700008392334,21.171146392822266,10641900
2026-01-27,21.600000381469727,21.84000015258789,21.43000030517578,21.600000381469727,21.39900779724121,10058800
2026-01-28,21.75,21.920000076293945,21.53499984741211,21.709999084472656,21.50798225402832,16653000
2026-01-29,21.81999969482422,22.010000228881836,21.354999542236328,22.010000228881836,21.805191040039062,15125000
2026-01-30,21.6299991607666,21.80500030517578,21.260000228881836,21.520000457763672,21.31974983215332,19367800
2026-02-02,21.40999984741211,22.079999923706055,21.350000381469727,22.010000228881836,21.805191040039062,16061700
2026-02-03,22.190000534057617,22.485000610351562,21.665000915527344,21.780000686645508,21.57733154296875,20537400
2026-02-04,21.780000686645508,23.290000915527344,21.729999542236328,23.239999771118164,23.023746490478516,29903000
2026-02-05,22.920000076293945,23.100000381469727,22.165000915527344,22.709999084472656,22.498676300048828,23404300
2026-02-06,23.079999923706055,23.799999237060547,22.979999542236328,23.610000610351562,23.390302658081055,15011600
2026-02-09,23.40999984741211,24.06999969482422,23.299999237060547,23.90999984741211,23.687509536743164,14122000
2026-02-10,24.010000228881836,24.25,23.905000686645508,23.969999313354492,23.746952056884766,12868400
2026-02-11,24.229999542236328,24.3799991607666,23.290000915527344,23.809999465942383,23.58843994140625,15772900
2026-02-12,23.165000915527344,23.329999923706055,21.850000381469727,22.200000762939453,21.993423461914062,30321300
2026-02-13,22.229999542236328,23.0,22.03499984741211,22.690000534057617,22.478862762451172,16791300
2026-02-17,22.280000686645508,22.600000381469727,21.905000686645508,21.969999313354492,21.76556396484375,13720900
2026-02-18,21.780000686645508,22.020000457763672,21.46500015258789,21.549999237060547,21.349472045898438,17104600
2026-02-19,21.59000015258789,21.825000762939453,21.104999542236328,21.389999389648438,21.190959930419922,12195200
2026-02-20,21.280000686645508,21.934999465942383,21.264999389648438,21.3700008392334,21.171146392822266,12602300
2026-02-23,21.229999542236328,21.309999465942383,19.96500015258789,20.0,19.813894271850586,14414700
2026-02-24,20.030000686645508,20.389999389648438,19.84000015258789,20.25,20.061567306518555,12215100
2026-02-25,20.280000686645508,20.7549991607666,20.239999771118164,20.6299991607666,20.438032150268555,13677700
2026-02-26,20.8700008392334,21.024999618530273,20.43000030517578,20.84000015258789,20.64607810974121,16599100
2026-02-27,21.040000915527344,21.799999237060547,20.959999084472656,21.469999313354492,21.270214080810547,30874100
2026-03-02,21.190000534057617,22.15999984741211,21.076000213623047,22.1299991607666,21.924072265625,15744500
2026-03-03,21.700000762939453,21.84000015258789,20.854999542236328,21.639999389648438,21.43863296508789,18494400
2026-03-04,21.799999237060547,21.989999771118164,21.530000686645508,21.549999237060547,21.349472045898438,10252800
2026-03-05,21.5,21.889999389648438,21.204999923706055,21.469999313354492,21.270214080810547,12822200
2026-03-06,21.079999923706055,21.510000228881836,20.844999313354492,21.1299991607666,20.933378219604492,16611800
2026-03-09,20.639999389648438,21.850000381469727,20.600000381469727,21.809999465942383,21.607051849365234,34704400
2026-03-10,22.020000457763672,22.139999389648438,21.024999618530273,21.100000381469727,20.90365982055664,36131400
2026-03-11,21.270000457763672,21.90999984741211,21.190000534057617,21.43000030517578,21.230588912963867,23240200
2026-03-12,21.149999618530273,21.739999771118164,21.149999618530273,21.579999923706055,21.379192352294922,21180600
2026-03-13,21.8799991607666,21.979999542236328,21.360000610351562,21.579999923706055,21.379192352294922,14179100
2026-03-16,21.899999618530273,22.110000610351562,21.649999618530273,21.850000381469727,21.64668083190918,16518800
2026-03-17,21.940000534057617,22.274999618530273,21.6200008392334,21.670000076293945,21.468353271484375,16696700
2026-03-18,21.709999084472656,21.9950008392334,21.440000534057617,21.530000686645508,21.32965850830078,10572700
2026-03-19,21.229999542236328,22.174999237060547,21.15999984741211,22.1200008392334,21.914169311523438,10302300
2026-03-20,22.43000030517578,22.56999969482422,21.46500015258789,21.690000534057617,21.488168716430664,24417900
2026-03-23,22.049999237060547,22.524999618530273,21.809999465942383,22.31999969482422,22.112306594848633,16638800
2026-03-24,22.18000030517578,23.90999984741211,22.020000457763672,23.899999618530273,23.830278396606445,28241800
2026-03-25,24.389999389648438,26.424999237060547,24.09000015258789,25.780000686645508,25.704795837402344,51915700
2026-03-26,25.579999923706055,25.975000381469727,24.92099952697754,25.06999969482422,24.99686622619629,24536600
2026-03-27,24.8700008392334,24.920000076293945,23.864999771118164,23.940000534057617,23.870162963867188,23974400
2026-03-30,23.8799991607666,24.18000030517578,22.295000076293945,22.610000610351562,22.544042587280273,24829600
2026-03-31,23.075000762939453,23.850000381469727,22.6200008392334,23.809999465942383,23.740541458129883,20443100
2026-04-01,24.149999618530273,24.434999465942383,23.770000457763672,23.979999542236328,23.910045623779297,12283500
2026-04-02,23.579999923706055,24.770000457763672,23.540000915527344,24.610000610351562,24.538209915161133,11102200
2026-04-06,24.739999771118164,25.15999984741211,24.264999389648438,24.579999923706055,24.5082950592041,10819200
2026-04-07,24.469999313354492,24.71500015258789,24.174999237060547,24.6299991607666,24.558149337768555,10196000
2026-04-08,25.350000381469727,25.700000762939453,24.575000762939453,24.979999542236328,24.907129287719727,19230900
2026-04-09,24.950000762939453,25.110000610351562,24.5049991607666,24.829999923706055,24.757566452026367,13260000
2026-04-10,25.010000228881836,25.290000915527344,24.309999465942383,24.889999389648438,24.81739044189453,12573400
2026-04-13,24.489999771118164,25.25,23.860000610351562,24.809999465942383,24.737625122070312,19954400
2026-04-14,24.760000228881836,24.790000915527344,24.014999389648438,24.469999313354492,24.398616790771484,13036400
2026-04-15,24.420000076293945,24.719999313354492,24.2549991607666,24.6200008392334,24.548179626464844,9348500
2026-04-16,24.899999618530273,25.90999984741211,24.68000030517578,25.889999389648438,25.81447410583496,15605900
2026-04-17,26.100000381469727,26.559999465942383,25.895000457763672,26.440000534057617,26.362871170043945,17927100
2026-04-20,26.450000762939453,27.90999984741211,26.34000015258789,27.809999465942383,27.728872299194336,20616500
2026-04-21,27.969999313354492,29.6299991607666,27.959999084472656,28.760000228881836,28.676101684570312,22871800
2026-04-22,28.8799991607666,29.09000015258789,28.420000076293945,28.510000228881836,28.42683219909668,12695100
2026-04-23,28.524999618530273,28.524999618530273,27.405000686645508,27.93000030517578,27.84852409362793,11628400
2026-04-24,28.280000686645508,28.3700008392334,27.479999542236328,28.15999984741211,28.077852249145508,11110900
2026-04-27,28.459999084472656,28.899999618530273,28.309999465942383,28.6200008392334,28.536510467529297,8439200
2026-04-28,28.045000076293945,28.229999542236328,27.344999313354492,27.950000762939453,27.868465423583984,11453000
2026-04-29,27.969999313354492,28.469999313354492,27.68000030517578,28.299999237060547,28.217443466186523,13271700
2026-04-30,28.350000381469727,28.790000915527344,27.989999771118164,28.770000457763672,28.686073303222656,17192200
2026-05-01,28.8700008392334,28.969999313354492,28.350000381469727,28.56999969482422,28.486656188964844,11032500
2026-05-04,28.93000030517578,29.299999237060547,28.3799991607666,28.709999084472656,28.62624740600586,12078200
2026-05-05,29.0,30.149999618530273,28.954999923706055,30.040000915527344,29.952369689941406,11580000
2026-05-06,30.139999389648438,30.420000076293945,29.524999618530273,30.3700008392334,30.28140640258789,12871900
2026-05-07,30.030000686645508,30.049999237060547,29.309999465942383,29.700000762939453,29.613361358642578,15708600
2026-05-08,30.0,31.350000381469727,29.832000732421875,31.350000381469727,31.258546829223633,17521000
2026-05-11,31.190000534057617,31.639999389648438,30.670000076293945,30.8700008392334,30.77994728088379,14198300
2026-05-12,30.40999984741211,30.579999923706055,29.489999771118164,30.209999084472656,30.121871948242188,11200100
2026-05-13,30.649999618530273,32.529998779296875,30.170000076293945,32.06999969482422,31.9764461517334,27523500
2026-05-14,33.70000076293945,34.69499969482422,33.2400016784668,34.130001068115234,34.03043746948242,34638300
2026-05-15,33.65999984741211,33.65999984741211,32.72100067138672,33.099998474121094,33.003440856933594,16381200
2026-05-18,33.58000183105469,33.83000183105469,32.31999969482422,33.0,32.90373229980469,16653100
2026-05-19,32.45000076293945,33.040000915527344,31.8799991607666,32.619998931884766,32.52484130859375,10241000
2026-05-20,32.81999969482422,34.0,32.689998626708984,33.79999923706055,33.70140075683594,11467600
2026-05-21,33.39500045776367,33.9900016784668,33.1150016784668,33.970001220703125,33.870906829833984,11649800
2026-05-22,34.650001525878906,37.744998931884766,34.5,37.58000183105469,37.470375061035156,30722400
2026-05-26,37.91999816894531,38.58000183105469,37.33000183105469,38.060001373291016,37.948974609375,16802000
2026-05-27,37.810001373291016,37.900001525878906,36.709999084472656,37.20000076293945,37.09148025512695,17674600
2026-05-28,37.470001220703125,38.35499954223633,36.57500076293945,38.209999084472656,38.098533630371094,23279900
2026-05-29,42.779998779296875,44.57500076293945,41.52000045776367,43.040000915527344,42.91444778442383,86121400
2026-06-01,44.18000030517578,47.970001220703125,43.400001525878906,47.0,46.862892150878906,115597800
2026-06-02,63.060001373291016,64.25,53.470001220703125,56.150001525878906,55.986202239990234,153197800
2026-06-03,54.18000030517578,55.9900016784668,52.61000061035156,55.150001525878906,54.98912048339844,56953400
2026-06-04,53.0,54.470001220703125,52.31999969482422,53.689998626708984,53.53337478637695,36790300
2026-06-05,52.904998779296875,53.05400085449219,48.540000915527344,49.20000076293945,49.05647659301758,37733400
2026-06-08,49.95000076293945,50.86600112915039,48.915000915527344,49.869998931884766,49.724517822265625,28878300
2026-06-09,49.834999084472656,50.5,45.72999954223633,48.27000045776367,48.129188537597656,28578500
2026-06-10,47.849998474121094,47.970001220703125,44.90999984741211,45.4900016784668,45.3572998046875,33229400
2026-06-11,45.0,46.79999923706055,44.7400016784668,46.79999923706055,46.663475036621094,24482800
2026-06-12,46.5099983215332,49.779998779296875,45.970001220703125,48.16999816894531,48.029476165771484,23521900
2026-06-15,49.474998474121094,49.599998474121094,48.099998474121094,49.02000045776367,48.87699890136719,30500700
2026-06-16,49.1349983215332,50.34000015258789,47.97999954223633,48.380001068115234,48.380001068115234,24311600
2026-06-17,49.5,50.45000076293945,47.95199966430664,48.20000076293945,48.20000076293945,31243800
2026-06-18,49.17499923706055,49.599998474121094,46.93000030517578,47.40999984741211,47.40999984741211,53337800
2026-06-22,48.040000915527344,49.630001068115234,47.709999084472656,48.400001525878906,48.400001525878906,23278000
2026-06-23,46.25,49.71500015258789,45.83000183105469,48.91999816894531,48.91999816894531,20640100
2026-06-24,48.2400016784668,50.20000076293945,47.650001525878906,48.75,48.75,21053300
2026-06-25,48.099998474121094,48.15999984741211,46.099998474121094,46.720001220703125,46.720001220703125,26924600
2026-06-26,45.21500015258789,45.369998931884766,43.130001068115234,43.709999084472656,43.709999084472656,36793900
2026-06-29,43.790000915527344,44.779998779296875,42.43000030517578,44.40999984741211,44.40999984741211,17151600
2026-06-30,44.0,45.22999954223633,43.470001220703125,45.11000061035156,45.11000061035156,19933200
2026-07-01,44.43000030517578,44.5,42.84000015258789,43.95000076293945,43.95000076293945,20470800
2026-07-02,43.5,43.935001373291016,40.71500015258789,41.22999954223633,41.22999954223633,18968400
2026-07-06,41.77299880981445,43.845001220703125,41.5,43.150001525878906,43.150001525878906,16433200
2026-07-07,43.44499969482422,44.275001525878906,42.5,43.470001220703125,43.470001220703125,16467600
2026-07-08,43.310001373291016,45.220001220703125,43.290000915527344,44.66999816894531,44.66999816894531,18384700
2026-07-09,45.8849983215332,49.31999969482422,45.63999938964844,49.11000061035156,49.11000061035156,26431400
2026-07-10,49.029998779296875,51.08000183105469,48.349998474121094,48.540000915527344,48.540000915527344,19441200
2026-07-13,48.189998626708984,48.46099853515625,46.459999084472656,47.2400016784668,47.2400016784668,18393400
2026-07-14,48.86000061035156,50.04499816894531,48.599998474121094,49.560001373291016,49.560001373291016,17133500
2026-07-15,50.310001373291016,50.310001373291016,45.470001220703125,47.38999938964844,47.38999938964844,19917300
2026-07-16,47.25,47.66999816894531,44.7400016784668,45.130001068115234,45.130001068115234,27344000
2026-07-17,44.400001525878906,46.82500076293945,43.70000076293945,45.81999969482422,45.81999969482422,14894100
2026-07-20,46.119998931884766,46.22999954223633,44.470001220703125,44.560001373291016,44.560001373291016,11883400
2026-07-21,45.630001068115234,46.98500061035156,45.59000015258789,46.720001220703125,46.720001220703125,13224500
2026-07-22,47.209999084472656,49.68000030517578,47.0,48.130001068115234,48.130001068115234,14833900
2026-07-23,47.47999954223633,49.25,47.400001525878906,47.63999938964844,47.63999938964844,11989100
2026-07-24,48.0,49.209999084472656,47.340999603271484,47.689998626708984,47.689998626708984,11332900
2026-07-27,48.0,49.13999938964844,46.310001373291016,48.189998626708984,48.189998626708984,13744600
2026-07-28,46.31999969482422,46.5099983215332,43.29999923706055,45.59000015258789,45.59000015258789,20961600
2026-07-29,45.25,46.65999984741211,44.18000030517578,44.439998626708984,44.439998626708984,12304800
2026-07-30,46.290000915527344,47.244998931884766,45.459999084472656,47.13999938964844,47.13999938964844,20281900
2026-07-31,49.0,49.88999938964844,46.81999969482422,47.900001525878906,47.900001525878906,17247400
2026-08-03,47.5099983215332,50.560001373291016,46.29999923706055,50.2400016784668,50.2400016784668,17026300
2026-08-04,52.61000061035156,53.415000915527344,50.387001037597656,52.38999938964844,52.38999938964844,25682700
2026-08-05,52.0,54.630001068115234,51.70000076293945,53.220001220703125,53.220001220703125,17337900
2026-08-06,51.380001068115234,53.220001220703125,49.119998931884766,52.43000030517578,52.43000030517578,17447500
2026-08-07,53.47999954223633,53.564998626708984,50.650001525878906,53.220001220703125,53.220001220703125,14041900
2026-08-10,55.400001525878906,56.4630012512207,54.16999816894531,54.68000030517578,54.68000030517578,15824100
2026-08-11,54.599998474121094,54.91999816894531,52.61000061035156,54.380001068115234,54.380001068115234,10844900
2026-08-12,55.709999084472656,58.900001525878906,55.060001373291016,58.790000915527344,58.790000915527344,22395200
2026-08-13,61.20000076293945,63.439998626708984,59.68000030517578,59.81999969482422,59.81999969482422,26124000
2026-08-14,60.47999954223633,60.47999954223633,58.599998474121094,58.709999084472656,58.709999084472656,11762700
2026-08-17,59.2400016784668,59.2400016784668,57.09000015258789,57.61000061035156,57.61000061035156,10835200
2026-08-18,55.86000061035156,58.09000015258789,54.869998931884766,55.689998626708984,55.689998626708984,19363200
2026-08-19,55.689998626708984,55.939998626708984,51.59000015258789,53.130001068115234,53.130001068115234,17719100
2026-08-20,53.349998474121094,54.1349983215332,52.5099983215332,52.88999938964844,52.88999938964844,11165500
2026-08-21,53.29999923706055,54.099998474121094,52.75,53.45000076293945,53.45000076293945,7894600
2026-08-24,53.0,54.619998931884766,51.29999923706055,52.43000030517578,52.43000030517578,10481100
2026-08-25,53.599998474121094,54.66999816894531,53.0,53.439998626708984,53.439998626708984,11199400
2026-08-26,53.400001525878906,55.45000076293945,53.400001525878906,55.22999954223633,55.22999954223633,10384300
