date,open,high,low,close,adjclose,volume
2021-06-01,192.1699981689453,192.64999389648438,190.6999969482422,192.00999450683594,177.57159423828125,152819
2021-06-02,192.66000366210938,192.66000366210938,190.1199951171875,190.39999389648438,176.0826873779297,165549
2021-06-03,189.7899932861328,191.2550048828125,189.11000061035156,191.11000061035156,176.7393035888672,180499
2021-06-04,192.64999389648438,192.64999389648438,190.9199981689453,191.64999389648438,177.23867797851562,112746
2021-06-07,192.36000061035156,192.36000061035156,189.0800018310547,189.89999389648438,175.6202850341797,150779
2021-06-08,190.42999267578125,190.83999633789062,188.52000427246094,189.82000732421875,175.54632568359375,133878
2021-06-09,190.0,190.0,186.6999969482422,186.77999877929688,172.73487854003906,246904
2021-06-10,187.14999389648438,187.64500427246094,184.5399932861328,184.6199951171875,170.73728942871094,157303
2021-06-11,186.17999267578125,186.17999267578125,183.72000122070312,184.47000122070312,170.59861755371094,192045
2021-06-14,183.74000549316406,184.02000427246094,182.1300048828125,183.25,169.47032165527344,331187
2021-06-15,183.66000366210938,184.27000427246094,182.32000732421875,184.27000427246094,170.4136505126953,864379
2021-06-16,184.16000366210938,184.97000122070312,181.05999755859375,181.5,167.85194396972656,276615
2021-06-17,181.00999450683594,181.25,175.3699951171875,176.52000427246094,163.2464141845703,224160
2021-06-18,175.67999267578125,176.6999969482422,174.27999877929688,175.30999755859375,162.12741088867188,475803
2021-06-21,176.38999938964844,180.22999572753906,176.38999938964844,180.07000732421875,166.52947998046875,209178
2021-06-22,180.47999572753906,182.8699951171875,179.27999877929688,182.1199951171875,168.42529296875,341947
2021-06-23,182.6199951171875,183.8699951171875,181.22000122070312,182.64999389648438,168.9154510498047,237459
2021-06-24,184.02000427246094,184.92999267578125,182.0399932861328,184.19000244140625,170.33966064453125,217505
2021-06-25,184.50999450683594,186.1699981689453,184.19000244140625,185.63999938964844,171.68057250976562,428044
2021-06-28,185.17999267578125,185.6999969482422,183.40499877929688,184.74000549316406,170.8483123779297,260293
2021-06-29,185.17999267578125,185.47000122070312,184.50999450683594,185.1699981689453,171.24594116210938,180620
2021-06-30,184.1300048828125,187.47999572753906,184.1300048828125,186.83999633789062,172.79039001464844,311613
2021-07-01,188.08999633789062,188.08999633789062,186.27999877929688,186.4600067138672,172.43896484375,229300
2021-07-02,186.5399932861328,186.99000549316406,185.86000061035156,186.25999450683594,172.2539520263672,127099
2021-07-06,185.77999877929688,186.19000244140625,181.5800018310547,183.39999389648438,169.60903930664062,178189
2021-07-07,183.1999969482422,187.0800018310547,183.1999969482422,186.8000030517578,172.75338745117188,133456
2021-07-08,183.86000061035156,186.36000061035156,183.3300018310547,185.07000732421875,171.15347290039062,171068
2021-07-09,187.80999755859375,189.6999969482422,186.3300018310547,189.49000549316406,175.24111938476562,228919
2021-07-12,188.77999877929688,191.72999572753906,187.27999877929688,191.52999877929688,177.12770080566406,218418
2021-07-13,191.24000549316406,191.6300048828125,188.80999755859375,188.91000366210938,174.7047576904297,150552
2021-07-14,189.10000610351562,191.0800018310547,187.8800048828125,190.77999877929688,176.43409729003906,167523
2021-07-15,189.9600067138672,192.72000122070312,189.6649932861328,192.2100067138672,177.75657653808594,278175
2021-07-16,192.82000732421875,193.25999450683594,190.69500732421875,191.13999938964844,176.76702880859375,271832
2021-07-19,189.0,189.32000732421875,186.83999633789062,187.4600067138672,173.36375427246094,231020
2021-07-20,188.67999267578125,197.1199951171875,188.49000549316406,196.61000061035156,181.82569885253906,488078
2021-07-21,196.8800048828125,200.22999572753906,196.1300048828125,197.3699951171875,182.52854919433594,330430
2021-07-22,196.6300048828125,198.0500030517578,194.86000061035156,195.5500030517578,180.84542846679688,184273
2021-07-23,196.8300018310547,196.8300018310547,194.75,195.47999572753906,180.78070068359375,181807
2021-07-26,195.5,195.89999389648438,193.27000427246094,194.30999755859375,179.6986846923828,232496
2021-07-27,194.7100067138672,198.66000366210938,191.2100067138672,196.14999389648438,181.4003143310547,260707
2021-07-28,196.82000732421875,196.86000061035156,193.9550018310547,195.8800048828125,181.15061950683594,195941
2021-07-29,196.98500061035156,199.0399932861328,195.92999267578125,197.74000549316406,182.8707275390625,145875
2021-07-30,197.3699951171875,200.77000427246094,196.44000244140625,200.4600067138672,185.38623046875,399915
2021-08-02,201.3800048828125,202.3621063232422,197.05999755859375,197.16000366210938,182.3343505859375,192937
2021-08-03,197.97000122070312,201.7550048828125,197.39500427246094,201.25999450683594,186.12603759765625,190308
2021-08-04,200.50999450683594,201.82000732421875,198.1649932861328,199.80999755859375,184.7850799560547,206815
2021-08-05,200.91000366210938,201.72999572753906,198.5,199.05999755859375,184.0914764404297,190271
2021-08-06,200.42999267578125,200.8699951171875,198.97000122070312,200.24000549316406,185.18275451660156,116397
2021-08-09,199.75999450683594,200.01499938964844,197.24000549316406,197.83999633789062,182.96324157714844,168125
2021-08-10,198.8800048828125,201.7899932861328,196.88999938964844,201.75,186.57919311523438,228075
2021-08-11,202.69000244140625,203.86000061035156,201.44500732421875,203.72000122070312,188.4010772705078,206434
2021-08-12,203.9600067138672,206.0500030517578,203.72999572753906,205.82000732421875,190.3431854248047,179012
2021-08-13,205.60000610351562,208.4499969482422,205.60000610351562,206.94000244140625,191.37893676757812,168391
2021-08-16,206.6199951171875,207.17999267578125,204.74000549316406,205.0500030517578,189.631103515625,148913
2021-08-17,203.8800048828125,204.11000061035156,200.9499969482422,203.6699981689453,188.35479736328125,255022
2021-08-18,203.19000244140625,204.05999755859375,200.63999938964844,200.8800048828125,185.77464294433594,200926
2021-08-19,198.63999938964844,200.6894989013672,198.22999572753906,198.42999267578125,183.5088348388672,167159
2021-08-20,198.55999755859375,202.7100067138672,197.6999969482422,202.36000061035156,187.14332580566406,258428
2021-08-23,202.9600067138672,204.88999938964844,201.97999572753906,203.41000366210938,188.1143798828125,212729
2021-08-24,203.5,205.0800018310547,203.30999755859375,204.99000549316406,189.57557678222656,167516
2021-08-25,204.97999572753906,208.82000732421875,204.02000427246094,208.22000122070312,192.56268310546875,381570
2021-08-26,208.38999938964844,208.38999938964844,205.1300048828125,205.4499969482422,190.0009765625,191636
2021-08-27,205.64999389648438,208.47000122070312,205.64999389648438,208.1999969482422,192.544189453125,237854
2021-08-30,208.11000061035156,209.64999389648438,207.5,208.58999633789062,193.81715393066406,257201
2021-08-31,209.47999572753906,209.47999572753906,205.8699951171875,206.11000061035156,191.51280212402344,154093
2021-09-01,206.19000244140625,206.5449981689453,202.3699951171875,203.0,188.6230926513672,217288
2021-09-02,204.10000610351562,204.10000610351562,201.86000061035156,202.94000244140625,188.5673065185547,277372
2021-09-03,202.47999572753906,203.35000610351562,200.9149932861328,202.24000549316406,187.91688537597656,97715
2021-09-07,201.19000244140625,201.50999450683594,198.00999450683594,198.05999755859375,184.03292846679688,117954
2021-09-08,197.1199951171875,198.82000732421875,196.33999633789062,197.77999877929688,183.7727508544922,143737
2021-09-09,197.52000427246094,198.72000122070312,194.22000122070312,194.6199951171875,180.83656311035156,398690
2021-09-10,196.3699951171875,196.49000549316406,191.74000549316406,192.13999938964844,178.53221130371094,261583
2021-09-13,193.14999389648438,193.30499267578125,189.14999389648438,191.63999938964844,178.06759643554688,381692
2021-09-14,192.3699951171875,192.80999755859375,189.64999389648438,191.16000366210938,177.6216278076172,364676
2021-09-15,190.94000244140625,192.78790283203125,189.94000244140625,191.35000610351562,177.79815673828125,187497
2021-09-16,191.42999267578125,191.51499938964844,187.42999267578125,188.1199951171875,174.79689025878906,360876
2021-09-17,186.75999450683594,188.1199951171875,184.6699981689453,185.47999572753906,172.34385681152344,582124
2021-09-20,181.39999389648438,183.7899932861328,179.9199981689453,183.61000061035156,170.60629272460938,269163
2021-09-21,184.3000030517578,184.91000366210938,179.07000732421875,179.6699981689453,166.94534301757812,264562
2021-09-22,181.19000244140625,182.7899932861328,180.1999969482422,181.3300018310547,168.48777770996094,476014
2021-09-23,183.0,186.375,181.88999938964844,185.0500030517578,171.94436645507812,369503
2021-09-24,184.6999969482422,185.16000366210938,183.27999877929688,183.50999450683594,170.51341247558594,158115
2021-09-27,183.0500030517578,186.2761993408203,183.0500030517578,185.30999755859375,172.18589782714844,391471
2021-09-28,185.4199981689453,186.1300048828125,183.55999755859375,183.80999755859375,170.79217529296875,196545
2021-09-29,184.77999877929688,186.09500122070312,183.25,184.8300018310547,171.7399444580078,170379
2021-09-30,186.0,186.13999938964844,180.57000732421875,180.6699981689453,167.87449645996094,223242
2021-10-01,181.35000610351562,181.72250366210938,179.13999938964844,180.00999450683594,167.2612762451172,256960
2021-10-04,180.9499969482422,181.6699981689453,178.72000122070312,180.42999267578125,167.6515350341797,194662
2021-10-05,180.6999969482422,183.85000610351562,178.07000732421875,183.41000366210938,170.4204864501953,268520
2021-10-06,182.36000061035156,183.98500061035156,179.52999877929688,183.97999572753906,170.95008850097656,237812
2021-10-07,185.36000061035156,187.47999572753906,183.3699951171875,183.8699951171875,170.847900390625,256803
2021-10-08,182.82000732421875,183.5399932861328,180.47000122070312,180.5,167.71656799316406,187237
2021-10-11,179.9499969482422,182.85000610351562,179.47999572753906,179.63999938964844,166.91748046875,186897
2021-10-12,180.27000427246094,180.625,178.49000549316406,178.97999572753906,166.30421447753906,146449
2021-10-13,179.88999938964844,183.17999267578125,178.35000610351562,182.05999755859375,169.16612243652344,196548
2021-10-14,183.6699981689453,188.0,183.6199951171875,187.3800048828125,174.1093292236328,158588
2021-10-15,188.77000427246094,190.63999938964844,188.02000427246094,188.3000030517578,174.9641876220703,308738
2021-10-18,187.80999755859375,189.91000366210938,187.36500549316406,188.8300018310547,175.4566192626953,165815
2021-10-19,190.55999755859375,191.00999450683594,189.0399932861328,189.8000030517578,176.35791015625,147509
2021-10-20,190.50999450683594,192.75,190.02000427246094,191.3800048828125,177.82601928710938,179047
2021-10-21,190.8800048828125,191.61000061035156,189.2899932861328,190.80999755859375,177.2964324951172,249486
2021-10-22,191.60000610351562,192.69000244140625,191.22000122070312,192.07000732421875,178.46714782714844,141353
2021-10-25,191.9600067138672,192.69000244140625,189.80999755859375,190.24000549316406,176.76678466796875,286844
2021-10-26,181.02999877929688,194.4600067138672,179.86000061035156,191.3300018310547,177.77955627441406,582536
2021-10-27,191.16000366210938,193.35000610351562,189.10000610351562,190.6699981689453,177.1663055419922,224028
2021-10-28,191.6699981689453,197.75999450683594,191.6699981689453,197.64999389648438,183.65196228027344,297402
2021-10-29,197.27999877929688,200.125,197.27999877929688,199.3699951171875,185.25013732910156,349853
2021-11-01,200.19000244140625,201.64999389648438,198.91000366210938,200.6199951171875,186.41159057617188,243415
2021-11-02,201.3699951171875,203.16000366210938,200.63999938964844,202.60000610351562,188.2514190673828,301977
2021-11-03,202.0800018310547,202.7100067138672,199.02999877929688,201.94000244140625,187.63812255859375,234733
2021-11-04,203.2100067138672,204.97000122070312,202.24000549316406,204.0500030517578,189.59872436523438,283218
2021-11-05,205.00999450683594,206.36500549316406,204.2949981689453,205.6699981689453,191.10398864746094,205319
2021-11-08,207.9199981689453,208.5,205.75999450683594,207.91000366210938,193.18533325195312,220644
2021-11-09,207.77000427246094,208.7899932861328,205.9199981689453,208.6199951171875,193.8450469970703,132496
2021-11-10,208.63999938964844,209.3000030517578,207.16000366210938,208.05999755859375,193.32469177246094,126346
2021-11-11,207.9499969482422,208.5399932861328,206.2949981689453,207.9600067138672,193.23178100585938,182730
2021-11-12,208.86000061035156,209.25,207.14999389648438,208.1699981689453,193.4268798828125,171191
2021-11-15,208.4600067138672,208.82000732421875,206.75010681152344,208.27000427246094,193.51986694335938,170467
2021-11-16,208.25,211.625,208.25,209.27000427246094,194.44900512695312,199049
2021-11-17,209.1199951171875,209.52999877929688,207.36000061035156,209.16000366210938,194.3468017578125,210771
2021-11-18,209.5399932861328,210.00999450683594,207.94500732421875,209.61000061035156,194.76492309570312,157183
2021-11-19,209.55999755859375,211.36000061035156,208.1999969482422,210.10000610351562,195.22024536132812,151732
2021-11-22,211.3300018310547,212.5399932861328,208.3300018310547,208.5,193.7335205078125,144769
2021-11-23,207.8300018310547,209.41000366210938,206.6199951171875,208.92999267578125,194.1331024169922,155614
2021-11-24,208.50999450683594,209.3000030517578,207.11000061035156,208.5,193.7335205078125,135090
2021-11-26,204.2100067138672,204.67999267578125,202.77999877929688,203.8000030517578,189.366455078125,139316
2021-11-29,204.52000427246094,204.6300048828125,201.15499877929688,201.35000610351562,188.05882263183594,160520
2021-11-30,199.58999633789062,200.07000732421875,194.22000122070312,195.6999969482422,182.7817840576172,272561
2021-12-01,198.4199981689453,202.1199951171875,196.0500030517578,196.0500030517578,183.1086883544922,231149
2021-12-02,196.88999938964844,204.41000366210938,195.96499633789062,202.4600067138672,189.0955810546875,172316
2021-12-03,203.7899932861328,203.7899932861328,200.47000122070312,202.27000427246094,188.91810607910156,159238
2021-12-06,204.3300018310547,208.1300048828125,203.4600067138672,204.6699981689453,191.15966796875,191182
2021-12-07,206.92999267578125,209.6199951171875,206.31500244140625,209.05999755859375,195.2598876953125,159758
2021-12-08,209.5,210.1999969482422,207.5,209.00999450683594,195.21315002441406,209036
2021-12-09,208.16000366210938,209.0800018310547,207.42999267578125,207.57000732421875,193.86822509765625,119039
2021-12-10,208.32000732421875,209.39999389648438,207.35000610351562,208.27999877929688,194.53135681152344,125207
2021-12-13,208.38999938964844,211.3199005126953,206.50999450683594,210.0500030517578,196.18450927734375,280450
2021-12-14,208.77999877929688,211.36000061035156,205.44000244140625,206.30999755859375,192.69137573242188,312844
2021-12-15,207.41000366210938,208.47999572753906,205.42999267578125,207.69000244140625,193.98031616210938,200576
2021-12-16,208.0,209.21609497070312,206.27999877929688,208.27999877929688,194.53135681152344,202881
2021-12-17,208.80999755859375,210.6999969482422,203.6300048828125,204.99000549316406,191.4585418701172,452997
2021-12-20,202.8000030517578,203.25,197.97999572753906,202.02999877929688,188.6939697265625,146988
2021-12-21,204.08999633789062,207.02000427246094,203.67999267578125,206.08999633789062,192.48593139648438,196895
2021-12-22,205.50999450683594,206.6699981689453,203.27999877929688,203.91000366210938,190.4498291015625,184121
2021-12-23,205.39999389648438,206.4600067138672,204.27999877929688,204.39999389648438,190.90750122070312,179694
2021-12-27,205.3300018310547,208.47000122070312,204.42999267578125,208.39999389648438,194.64346313476562,184602
2021-12-28,208.6999969482422,210.05999755859375,208.13999938964844,209.3699951171875,195.54942321777344,127059
2021-12-29,209.8000030517578,210.89500427246094,209.11000061035156,210.13999938964844,196.2686309814453,104870
2021-12-30,210.9199981689453,211.4499969482422,207.00999450683594,207.44000244140625,193.746826171875,103135
2021-12-31,207.89999389648438,209.7050018310547,206.3000030517578,208.27000427246094,194.52206420898438,75723
2022-01-03,209.52000427246094,209.82000732421875,204.60000610351562,205.2899932861328,191.7387237548828,215087
2022-01-04,206.6300048828125,211.85000610351562,204.85000610351562,209.5,195.6708221435547,246847
2022-01-05,209.61000061035156,211.27000427246094,203.99000549316406,204.22999572753906,190.7487335205078,225762
2022-01-06,204.16000366210938,204.60000610351562,199.47999572753906,204.30999755859375,190.8234100341797,470103
2022-01-07,204.0,205.0,199.72000122070312,200.0399932861328,186.8352813720703,249535
2022-01-10,198.8300018310547,198.8300018310547,195.50999450683594,196.32000732421875,183.36087036132812,407304
2022-01-11,196.47999572753906,200.65499877929688,193.67999267578125,200.3300018310547,187.10614013671875,393347
2022-01-12,201.5399932861328,205.7899932861328,197.5,202.39999389648438,189.03948974609375,601227
2022-01-13,203.91000366210938,203.94000244140625,199.39999389648438,200.11000061035156,186.9006805419922,307275
2022-01-14,197.99000549316406,200.5500030517578,194.3699951171875,200.0500030517578,186.84463500976562,452027
2022-01-18,197.92999267578125,200.4600067138672,197.0,199.02000427246094,185.8826446533203,302174
2022-01-19,199.1300048828125,199.91000366210938,196.5050048828125,197.36000061035156,184.3321990966797,455014
2022-01-20,198.10000610351562,199.4600067138672,193.82000732421875,194.05999755859375,181.25006103515625,419984
2022-01-21,193.6999969482422,198.8000030517578,193.3511962890625,194.67999267578125,181.8291015625,454657
2022-01-24,191.63999938964844,194.25999450683594,186.47500610351562,194.24000549316406,181.4181365966797,404590
2022-01-25,190.89999389648438,191.66000366210938,185.6300048828125,187.27000427246094,174.90826416015625,499517
2022-01-26,189.47999572753906,191.9499969482422,184.39999389648438,186.24000549316406,173.94622802734375,359588
2022-01-27,187.80999755859375,188.74000549316406,181.60000610351562,182.75,170.68663024902344,226261
2022-01-28,182.38999938964844,182.77999877929688,179.3300018310547,182.77999877929688,170.71458435058594,579704
2022-01-31,182.63999938964844,187.39999389648438,180.00999450683594,187.2899932861328,174.9269256591797,535512
2022-02-01,188.5800018310547,188.91000366210938,185.32000732421875,188.5399932861328,176.09442138671875,252188
2022-02-02,189.25,189.8699951171875,187.0,188.36000061035156,175.9263153076172,295650
2022-02-03,188.25,192.0,184.61000061035156,185.42999267578125,173.189697265625,394623
2022-02-04,185.5500030517578,189.22999572753906,185.27000427246094,186.6999969482422,174.37591552734375,468698
2022-02-07,185.9499969482422,187.41000366210938,184.32000732421875,185.5,173.2550811767578,283640
2022-02-08,185.94000244140625,189.2899932861328,184.1199951171875,188.52999877929688,176.08506774902344,287234
2022-02-09,190.7100067138672,193.36000061035156,190.5399932861328,192.10000610351562,179.41941833496094,414419
2022-02-10,188.6999969482422,191.63999938964844,185.22999572753906,186.4600067138672,174.15170288085938,309065
2022-02-11,187.24000549316406,187.4199981689453,182.10000610351562,183.30999755859375,171.20965576171875,348471
2022-02-14,182.91000366210938,184.39999389648438,180.58999633789062,183.3000030517578,171.20033264160156,476244
2022-02-15,185.36000061035156,187.17999267578125,184.02999877929688,185.27000427246094,173.04026794433594,290832
2022-02-16,184.27999877929688,186.47999572753906,184.27999877929688,185.3300018310547,173.09628295898438,240451
2022-02-17,183.4600067138672,184.2550048828125,180.8699951171875,180.89999389648438,168.958740234375,295333
2022-02-18,181.4600067138672,182.67999267578125,178.99000549316406,179.35000610351562,167.51104736328125,359843
2022-02-22,178.92999267578125,180.14500427246094,176.27000427246094,177.3699951171875,165.66172790527344,303122
2022-02-23,177.9199981689453,178.8699951171875,174.75,174.75999450683594,163.2240447998047,348441
2022-02-24,171.9499969482422,177.14999389648438,170.75999450683594,176.13999938964844,164.51296997070312,337947
2022-02-25,175.33999633789062,181.17999267578125,175.33999633789062,180.6300048828125,169.71827697753906,335990
2022-02-28,178.1699981689453,181.0399932861328,176.8874969482422,178.25,167.4820556640625,328165
2022-03-01,178.16000366210938,179.00999450683594,174.55999755859375,175.97999572753906,165.34918212890625,502705
2022-03-02,177.91000366210938,182.07000732421875,176.2449951171875,181.35000610351562,170.39479064941406,338127
2022-03-03,182.66000366210938,183.19000244140625,179.63999938964844,180.72000122070312,169.80284118652344,357608
2022-03-04,178.63999938964844,181.1999969482422,177.99000549316406,180.8800048828125,169.9531707763672,297630
2022-03-07,181.17999267578125,182.77000427246094,177.02000427246094,177.57000732421875,166.84315490722656,366311
2022-03-08,178.72000122070312,183.57000732421875,177.4199981689453,179.22999572753906,168.40281677246094,278172
2022-03-09,182.08999633789062,183.4600067138672,180.14999389648438,181.3699951171875,170.41355895996094,361109
2022-03-10,179.08999633789062,179.9499969482422,175.92999267578125,179.89999389648438,169.0323944091797,315937
2022-03-11,180.49000549316406,182.82000732421875,178.11000061035156,178.24000549316406,167.47264099121094,238552
2022-03-14,179.16000366210938,180.5863037109375,177.77999877929688,178.8800048828125,168.07400512695312,150676
2022-03-15,179.80999755859375,182.39999389648438,178.8800048828125,182.3699951171875,171.35317993164062,269998
2022-03-16,184.07000732421875,188.0,183.75999450683594,187.6300048828125,176.29542541503906,397388
2022-03-17,186.22999572753906,188.89500427246094,185.77999877929688,188.22999572753906,176.85916137695312,344703
2022-03-18,187.47000122070312,189.7899932861328,185.60000610351562,189.5800018310547,178.1276397705078,489463
2022-03-21,189.58999633789062,190.9600067138672,188.52000427246094,189.94000244140625,178.46588134765625,319205
2022-03-22,190.57000732421875,190.75999450683594,186.97000122070312,187.0,175.70346069335938,387761
2022-03-23,185.3800048828125,185.49000549316406,179.8699951171875,180.44000244140625,169.5397491455078,469338
2022-03-24,181.42999267578125,182.05999755859375,179.7100067138672,182.02000427246094,171.02432250976562,357990
2022-03-25,181.99000549316406,186.4499969482422,181.60000610351562,186.36000061035156,175.10211181640625,341759
2022-03-28,185.4199981689453,187.36000061035156,184.57000732421875,187.3000030517578,175.98536682128906,254398
2022-03-29,189.1300048828125,192.19500732421875,189.1300048828125,191.8300018310547,180.24169921875,330748
2022-03-30,191.1699981689453,192.19000244140625,189.60000610351562,190.63999938964844,179.12359619140625,314325
2022-03-31,190.85000610351562,191.5449981689453,183.42999267578125,183.77000427246094,172.66860961914062,416571
2022-04-01,185.2100067138672,186.47999572753906,183.3800048828125,185.5500030517578,174.34104919433594,249064
2022-04-04,184.97999572753906,185.94000244140625,181.94000244140625,185.22999572753906,174.04039001464844,188394
2022-04-05,184.5800018310547,185.58999633789062,181.1699981689453,181.75,170.7706298828125,228275
2022-04-06,179.97999572753906,182.9600067138672,179.67250061035156,182.67999267578125,171.64443969726562,202524
2022-04-07,181.67999267578125,184.9499969482422,180.94500732421875,184.3699951171875,173.2323455810547,292444
2022-04-08,184.57000732421875,186.3699951171875,183.30999755859375,184.41000366210938,173.2699432373047,250631
2022-04-11,183.74000549316406,186.3000030517578,182.52499389648438,183.07000732421875,172.0109100341797,259765
2022-04-12,183.80999755859375,185.99000549316406,181.34750366210938,181.5500030517578,170.58270263671875,262313
2022-04-13,181.5800018310547,184.58999633789062,181.5800018310547,184.36000061035156,173.2229461669922,183790
2022-04-14,184.55999755859375,186.58999633789062,184.26669311523438,185.0,173.8242950439453,298960
2022-04-18,184.41000366210938,186.8699951171875,181.61000061035156,182.2899932861328,171.27798461914062,256457
2022-04-19,182.97999572753906,188.69500732421875,182.9550018310547,188.6199951171875,177.22564697265625,239429
2022-04-20,190.22000122070312,193.07000732421875,190.22000122070312,191.0,179.46182250976562,208690
2022-04-21,192.4600067138672,195.35000610351562,191.92999267578125,194.16000366210938,182.4309844970703,429272
2022-04-22,192.24000549316406,193.55999755859375,190.52999877929688,191.74000549316406,180.15716552734375,997532
2022-04-25,191.02000427246094,191.02000427246094,185.0500030517578,189.33999633789062,177.90206909179688,521560
2022-04-26,189.72000122070312,199.99000549316406,189.72000122070312,195.2899932861328,183.49267578125,562104
2022-04-27,195.27999877929688,197.86000061035156,194.11000061035156,196.3300018310547,184.4698486328125,596864
2022-04-28,198.77999877929688,203.85000610351562,196.10000610351562,203.7100067138672,191.40403747558594,501969
2022-04-29,202.50999450683594,203.60769653320312,194.6699981689453,195.36000061035156,183.5584259033203,362655
2022-05-02,195.35000610351562,196.40499877929688,190.58999633789062,194.39999389648438,182.656494140625,261080
2022-05-03,193.8300018310547,196.9199981689453,192.72000122070312,195.0800018310547,183.29534912109375,286864
2022-05-04,194.4199981689453,200.6199951171875,194.10499572753906,200.1999969482422,188.10604858398438,221080
2022-05-05,198.4499969482422,200.02000427246094,195.03500366210938,196.8800048828125,184.9866485595703,248430
2022-05-06,195.7899932861328,196.67999267578125,192.4199981689453,196.50999450683594,184.63897705078125,251502
2022-05-09,194.30999755859375,197.6199951171875,194.30999755859375,196.92999267578125,185.0336151123047,346319
2022-05-10,198.0,199.24000549316406,188.86000061035156,191.8800048828125,180.2886962890625,519066
2022-05-11,191.6199951171875,194.88999938964844,188.58999633789062,189.24000549316406,177.8081817626953,289688
2022-05-12,188.47000122070312,194.47999572753906,187.1300048828125,194.4499969482422,182.70339965820312,382314
2022-05-13,195.0,197.99000549316406,192.72000122070312,194.17999267578125,182.44973754882812,298709
2022-05-16,193.08999633789062,194.39999389648438,190.97999572753906,192.77000427246094,181.1249237060547,233268
2022-05-17,195.0500030517578,196.0800018310547,192.70599365234375,195.2100067138672,183.4175262451172,228845
2022-05-18,192.4499969482422,194.97999572753906,187.69000244140625,189.0,177.58261108398438,214276
2022-05-19,188.02999877929688,191.13999938964844,185.5399932861328,188.8300018310547,177.42291259765625,170951
2022-05-20,189.5,189.5,182.3000030517578,186.0,174.76390075683594,265789
2022-05-23,188.16000366210938,188.44000244140625,186.13999938964844,187.44000244140625,176.11688232421875,186964
2022-05-24,186.4600067138672,188.80999755859375,180.17999267578125,184.2899932861328,173.15716552734375,280688
2022-05-25,183.5,184.3000030517578,181.3800048828125,182.9600067138672,171.9075164794922,270810
2022-05-26,184.50999450683594,187.74000549316406,184.24000549316406,186.7100067138672,175.4310302734375,151148
2022-05-27,188.22999572753906,192.85000610351562,187.65499877929688,192.4499969482422,181.84690856933594,360317
2022-05-31,189.94000244140625,191.9499969482422,186.13999938964844,189.86000061035156,179.39959716796875,225672
2022-06-01,191.27000427246094,191.27000427246094,187.5,188.7899932861328,178.3885040283203,216916
2022-06-02,190.10000610351562,192.00999450683594,187.97039794921875,191.77999877929688,181.2138214111328,161973
2022-06-03,190.0800018310547,194.07000732421875,190.0800018310547,193.4199981689453,182.76345825195312,203228
2022-06-06,194.99000549316406,198.14999389648438,193.72000122070312,197.9600067138672,187.05332946777344,331439
2022-06-07,196.32000732421875,204.19000244140625,195.72999572753906,203.6300048828125,192.4109344482422,351348
2022-06-08,203.30999755859375,203.30999755859375,199.0800018310547,199.42999267578125,188.4423065185547,330901
2022-06-09,198.22999572753906,199.75,197.76499938964844,198.82000732421875,187.86595153808594,442533
2022-06-10,196.58999633789062,197.25,194.5850067138672,195.47999572753906,184.70994567871094,515756
2022-06-13,189.9199981689453,191.1300048828125,182.57000732421875,183.8699951171875,173.7396240234375,421225
2022-06-14,183.64999389648438,184.8699951171875,180.11000061035156,181.30999755859375,171.32064819335938,318918
2022-06-15,182.32000732421875,183.80999755859375,178.9499969482422,181.6699981689453,171.6608428955078,298244
2022-06-16,178.25,178.25,171.32000732421875,173.0,163.46853637695312,272600
2022-06-17,173.85000610351562,173.89999389648438,170.2100067138672,171.3300018310547,161.89048767089844,469902
2022-06-21,172.69000244140625,174.70440673828125,171.22999572753906,174.1199951171875,164.5267791748047,244449
2022-06-22,170.64999389648438,174.30999755859375,170.64999389648438,173.2899932861328,163.74252319335938,226107
2022-06-23,173.1300048828125,174.39999389648438,171.5399932861328,174.0,164.41339111328125,188071
2022-06-24,175.0,183.75,174.92999267578125,183.32000732421875,173.2199249267578,453050
2022-06-27,184.02000427246094,187.88499450683594,182.5,186.1300048828125,175.87509155273438,369775
2022-06-28,186.27000427246094,188.27000427246094,180.88999938964844,180.89999389648438,170.9332275390625,192240
2022-06-29,180.1199951171875,181.02999877929688,176.80999755859375,179.52000427246094,169.62928771972656,210197
2022-06-30,177.42999267578125,180.14999389648438,176.4199981689453,178.5800018310547,168.74105834960938,236995
2022-07-01,177.97999572753906,181.82000732421875,177.22000122070312,181.5500030517578,171.5474395751953,217108
2022-07-05,179.0399932861328,182.4499969482422,177.85000610351562,182.3300018310547,172.2844696044922,311010
2022-07-06,182.22999572753906,184.14999389648438,179.8350067138672,183.02999877929688,172.94590759277344,216523
2022-07-07,183.69000244140625,186.8300018310547,183.69000244140625,186.39999389648438,176.13021850585938,287078
2022-07-08,186.25,186.76980590820312,185.1425018310547,185.64999389648438,175.4215087890625,246154
2022-07-11,184.30999755859375,186.74000549316406,182.9199981689453,185.0,174.80735778808594,166524
2022-07-12,184.94000244140625,187.80999755859375,184.77000427246094,185.02000427246094,174.82627868652344,237181
2022-07-13,182.5,187.3000030517578,181.3000030517578,185.57000732421875,175.34597778320312,245639
2022-07-14,181.6199951171875,187.77999877929688,181.6199951171875,187.16000366210938,176.84837341308594,286051
2022-07-15,189.39999389648438,190.91000366210938,186.6199951171875,189.7899932861328,179.33343505859375,241949
2022-07-18,190.72999572753906,190.97000122070312,182.35499572753906,183.0,172.91754150390625,259102
2022-07-19,184.22999572753906,192.22999572753906,184.22999572753906,191.72999572753906,181.1665802001953,253266
2022-07-20,192.3300018310547,192.75,188.7100067138672,192.3800048828125,181.78076171875,175301
2022-07-21,192.72000122070312,195.1199951171875,191.1199951171875,195.11000061035156,184.36033630371094,158253
2022-07-22,195.7899932861328,196.30999755859375,192.4499969482422,193.69000244140625,183.01858520507812,198160
2022-07-25,194.41000366210938,195.9949951171875,192.63999938964844,195.52999877929688,184.75723266601562,258269
2022-07-26,199.35000610351562,208.1300048828125,198.60499572753906,204.0800018310547,192.83615112304688,517854
2022-07-27,204.8300018310547,211.66000366210938,203.92999267578125,209.7100067138672,198.1559600830078,367270
2022-07-28,213.1999969482422,217.64999389648438,211.99000549316406,217.16000366210938,205.19549560546875,418222
2022-07-29,216.27000427246094,220.47000122070312,216.27000427246094,219.02000427246094,206.95303344726562,278351
2022-08-01,217.5399932861328,218.59320068359375,214.52999877929688,214.77000427246094,202.9371337890625,483718
2022-08-02,214.4499969482422,216.00999450683594,211.65499877929688,212.42999267578125,200.72608947753906,417574
2022-08-03,212.97999572753906,214.9600067138672,210.80999755859375,214.17999267578125,202.379638671875,227397
2022-08-04,214.99000549316406,215.8800048828125,212.83999633789062,214.1699981689453,202.37022399902344,208798
2022-08-05,212.47999572753906,214.625,211.94000244140625,213.52000427246094,201.7560272216797,286514
2022-08-08,215.08999633789062,216.69569396972656,211.72000122070312,214.13999938964844,202.34190368652344,240530
2022-08-09,214.25999450683594,215.13999938964844,212.63999938964844,213.4499969482422,201.68988037109375,242956
2022-08-10,216.97000122070312,219.09500122070312,215.8350067138672,218.11000061035156,206.09312438964844,243543
2022-08-11,219.5800018310547,222.42999267578125,217.2899932861328,219.3000030517578,207.21759033203125,159137
2022-08-12,219.88999938964844,222.5399932861328,219.08999633789062,222.47000122070312,210.21295166015625,227016
2022-08-15,221.1300048828125,222.47000122070312,220.02999877929688,220.9199981689453,208.74830627441406,193589
2022-08-16,219.00999450683594,222.0,218.9199981689453,220.7899932861328,208.62550354003906,228678
2022-08-17,218.9199981689453,221.97999572753906,217.63999938964844,221.19000244140625,209.0034637451172,195870
2022-08-18,222.66000366210938,224.8300018310547,221.5399932861328,223.89999389648438,211.5641326904297,244987
2022-08-19,222.89999389648438,225.60000610351562,222.75999450683594,224.0800018310547,211.73423767089844,299786
2022-08-22,221.22000122070312,222.6750030517578,219.72000122070312,220.47999572753906,208.33258056640625,218193
2022-08-23,220.63999938964844,222.0,218.08999633789062,218.5800018310547,206.53726196289062,485845
2022-08-24,219.0399932861328,219.3800048828125,214.86000061035156,217.39999389648438,205.42222595214844,773210
2022-08-25,219.57000732421875,220.6699981689453,217.10000610351562,220.6300048828125,208.47434997558594,340043
2022-08-26,220.82000732421875,220.82000732421875,210.19000244140625,210.97000122070312,199.3465118408203,250844
2022-08-29,209.58999633789062,212.69000244140625,208.25999450683594,211.35000610351562,199.70556640625,169140
2022-08-30,210.0800018310547,210.4250030517578,206.0800018310547,206.91000366210938,196.48638916015625,157039
2022-08-31,207.6999969482422,209.05999755859375,205.5500030517578,206.3000030517578,195.90708923339844,186699
2022-09-01,204.97000122070312,208.41000366210938,204.00999450683594,208.22000122070312,197.73037719726562,212202
2022-09-02,209.44000244140625,211.9600067138672,205.42999267578125,206.33999633789062,195.94508361816406,210241
2022-09-06,206.42999267578125,208.57000732421875,204.0500030517578,208.2899932861328,197.79681396484375,337359
2022-09-07,207.72999572753906,216.47500610351562,207.72999572753906,214.55999755859375,203.75096130371094,352027
2022-09-08,212.57000732421875,220.1199951171875,212.14500427246094,219.60000610351562,208.53709411621094,408802
2022-09-09,221.39999389648438,224.94000244140625,219.7550048828125,224.05999755859375,212.77239990234375,490583
2022-09-12,224.42999267578125,227.5800018310547,224.11000061035156,225.0399932861328,213.70303344726562,279819
2022-09-13,220.10000610351562,223.1300048828125,218.99000549316406,219.97999572753906,208.89793395996094,269809
2022-09-14,220.3300018310547,221.6300048828125,217.55999755859375,219.0399932861328,208.00527954101562,326021
2022-09-15,218.61000061035156,222.5,218.61000061035156,220.14999389648438,209.05938720703125,309008
2022-09-16,217.52999877929688,220.1699981689453,214.25999450683594,219.11000061035156,208.07176208496094,808067
2022-09-19,217.3800048828125,227.0800018310547,217.3800048828125,227.00999450683594,215.5737762451172,537862
2022-09-20,225.3300018310547,226.83999633789062,223.08250427246094,223.89999389648438,212.6204833984375,834695
2022-09-21,225.6300048828125,232.47000122070312,225.55499267578125,227.13999938964844,215.69725036621094,933309
2022-09-22,227.58999633789062,228.0,220.06500244140625,222.08999633789062,210.90164184570312,957909
2022-09-23,219.44000244140625,221.67999267578125,216.7899932861328,220.0,208.9169464111328,557474
2022-09-26,219.83999633789062,222.7899932861328,218.72999572753906,219.88999938964844,208.8124542236328,416034
2022-09-27,221.63999938964844,222.60000610351562,214.5800018310547,217.1199951171875,206.1820068359375,791505
2022-09-28,218.25999450683594,223.52999877929688,216.1699981689453,222.0,210.81614685058594,612819
2022-09-29,221.64999389648438,222.3000030517578,216.64999389648438,220.3300018310547,209.2303009033203,568169
2022-09-30,221.14999389648438,226.3800048828125,219.2899932861328,223.0,211.76580810546875,670001
2022-10-03,223.74000549316406,228.50999450683594,222.27999877929688,227.11000061035156,215.6687469482422,618634
2022-10-04,230.3699951171875,236.1999969482422,230.3699951171875,236.08999633789062,224.19631958007812,441566
2022-10-05,234.52000427246094,238.94000244140625,233.25999450683594,237.60000610351562,225.63031005859375,443292
2022-10-06,237.07000732421875,237.97999572753906,234.7100067138672,235.0,223.16128540039062,451674
2022-10-07,233.6300048828125,233.6300048828125,227.97999572753906,229.10000610351562,217.55848693847656,590236
2022-10-10,230.6300048828125,231.10499572753906,225.875,230.1199951171875,218.52711486816406,611816
2022-10-11,229.5500030517578,232.39999389648438,227.3800048828125,228.77000427246094,217.2451171875,738661
2022-10-12,229.14999389648438,230.0,225.32000732421875,225.4199981689453,214.06387329101562,463518
2022-10-13,221.27000427246094,227.49000549316406,220.27999877929688,226.50999450683594,215.0989532470703,874070
2022-10-14,227.58999633789062,229.9600067138672,217.03199768066406,217.66000366210938,206.69483947753906,524859
2022-10-17,221.0,225.22999572753906,221.0,223.72999572753906,212.45901489257812,488648
2022-10-18,227.72000122070312,231.4499969482422,226.9499969482422,229.7899932861328,218.21371459960938,537280
2022-10-19,223.0,225.72000122070312,217.42999267578125,217.7100067138672,206.74229431152344,973106
2022-10-20,217.27000427246094,218.69000244140625,210.4499969482422,212.4499969482422,201.7472686767578,917584
2022-10-21,212.91000366210938,218.42999267578125,209.96499633789062,216.83999633789062,205.91615295410156,943778
2022-10-24,219.77000427246094,224.77999877929688,219.2949981689453,223.2100067138672,211.96524047851562,779172
2022-10-25,229.9149932861328,237.8300018310547,227.77999877929688,237.35000610351562,225.3928680419922,1250285
2022-10-26,240.52999877929688,241.82000732421875,235.3699951171875,238.05999755859375,226.0670928955078,718297
2022-10-27,239.75999450683594,242.73500061035156,236.94000244140625,239.4199981689453,227.3585968017578,481962
2022-10-28,239.89999389648438,242.4499969482422,236.3300018310547,237.07000732421875,225.12698364257812,570910
2022-10-31,236.22999572753906,240.4199981689453,236.22999572753906,237.47999572753906,225.5163116455078,409514
2022-11-01,238.4600067138672,240.0050048828125,236.4949951171875,239.3699951171875,227.3111114501953,451952
2022-11-02,238.14999389648438,241.86000061035156,234.55999755859375,235.3699951171875,223.51260375976562,765914
2022-11-03,232.63999938964844,239.25999450683594,231.94000244140625,235.5800018310547,223.71206665039062,534234
2022-11-04,239.36000061035156,239.69000244140625,234.30999755859375,237.8699951171875,225.8866729736328,765386
2022-11-07,237.86000061035156,239.03500366210938,235.15499877929688,237.64999389648438,225.6777801513672,323341
2022-11-08,238.86000061035156,245.01499938964844,237.0399932861328,242.41000366210938,230.19798278808594,383870
2022-11-09,240.82000732421875,245.2570037841797,238.97000122070312,239.66000366210938,227.5865020751953,537398
2022-11-10,249.7899932861328,254.42999267578125,246.91000366210938,254.32000732421875,241.50796508789062,726329
2022-11-11,254.80999755859375,257.989990234375,247.3000030517578,250.61000061035156,237.98487854003906,655471
2022-11-14,250.0,253.6699981689453,248.27999877929688,249.36000061035156,236.79783630371094,506327
2022-11-15,252.25999450683594,255.17999267578125,247.5449981689453,249.63999938964844,237.063720703125,435059
2022-11-16,248.32000732421875,250.83999633789062,247.42999267578125,247.88999938964844,235.40191650390625,331894
2022-11-17,242.97999572753906,249.9499969482422,242.8300018310547,249.8000030517578,237.21566772460938,477570
2022-11-18,253.16000366210938,253.49000549316406,250.05999755859375,253.49000549316406,240.71975708007812,413852
2022-11-21,253.4600067138672,258.1199951171875,252.73500061035156,253.7899932861328,241.0046844482422,355334
2022-11-22,254.52999877929688,259.19000244140625,254.10499572753906,259.19000244140625,246.13262939453125,378985
2022-11-23,260.0899963378906,261.5849914550781,255.38499450683594,256.0799865722656,243.1792449951172,296493
2022-11-25,256.739990234375,260.2349853515625,256.05999755859375,258.5199890136719,245.4963836669922,171311
2022-11-28,255.47000122070312,256.6549987792969,247.9600067138672,249.50999450683594,236.94029235839844,523879
2022-11-29,248.1999969482422,251.1300048828125,247.14999389648438,249.55999755859375,238.0563507080078,571329
2022-11-30,249.6300048828125,255.44000244140625,247.3699951171875,254.05999755859375,242.3489227294922,3336907
2022-12-01,251.36000061035156,254.05999755859375,247.3000030517578,252.3300018310547,240.6986541748047,432262
2022-12-02,249.77999877929688,252.17999267578125,248.32000732421875,249.8800048828125,238.3616485595703,692140
2022-12-05,247.44000244140625,248.69500732421875,245.2050018310547,246.25999450683594,234.90846252441406,319893
2022-12-06,246.61000061035156,248.0500030517578,242.77000427246094,245.4199981689453,234.10716247558594,340392
2022-12-07,246.49000549316406,248.50999450683594,245.0800018310547,246.77999877929688,235.40447998046875,383627
2022-12-08,246.9499969482422,251.1999969482422,246.9499969482422,250.9199981689453,239.3536834716797,364640
2022-12-09,251.49000549316406,252.26499938964844,249.83999633789062,250.10000610351562,238.5714569091797,303891
2022-12-12,249.52000427246094,255.33999633789062,249.2949981689453,255.10000610351562,243.3410186767578,380660
2022-12-13,261.8299865722656,263.29998779296875,254.69000244140625,255.7899932861328,243.9991912841797,462269
2022-12-14,254.66000366210938,255.33999633789062,248.49000549316406,248.86000061035156,237.3886260986328,543094
2022-12-15,245.47000122070312,246.0023956298828,238.10000610351562,241.13999938964844,230.02447509765625,464247
2022-12-16,238.80999755859375,239.72999572753906,230.24000549316406,232.67999267578125,221.95445251464844,1627796
2022-12-19,234.25999450683594,238.44000244140625,233.8498992919922,236.77999877929688,225.86546325683594,548664
2022-12-20,235.77000427246094,239.02000427246094,234.64999389648438,235.9499969482422,225.07373046875,303126
2022-12-21,237.7899932861328,241.16000366210938,236.52999877929688,239.5399932861328,228.49822998046875,268226
2022-12-22,237.44000244140625,239.11000061035156,231.5,234.74000549316406,223.9195098876953,354775
2022-12-23,234.6999969482422,237.61000061035156,232.88999938964844,235.72000122070312,224.8543243408203,173738
2022-12-27,235.75,239.1699981689453,234.91000366210938,236.92999267578125,226.008544921875,129626
2022-12-28,237.49000549316406,238.8699951171875,233.64999389648438,234.5,223.69056701660156,192022
2022-12-29,236.7899932861328,238.61000061035156,234.94000244140625,235.33999633789062,224.49183654785156,245245
2022-12-30,234.8300018310547,235.72999572753906,232.6300048828125,234.67999267578125,223.86224365234375,249132
2023-01-03,237.52999877929688,237.52999877929688,232.00999450683594,234.49000549316406,223.6810302734375,472763
2023-01-04,229.16000366210938,230.14999389648438,221.41000366210938,229.3000030517578,218.73028564453125,691542
2023-01-05,228.66000366210938,229.43499755859375,221.5800018310547,224.42999267578125,214.084716796875,424465
2023-01-06,227.25999450683594,230.9600067138672,225.3800048828125,228.8699951171875,218.32005310058594,292505
2023-01-09,231.02000427246094,235.82000732421875,228.5,231.3800048828125,220.71437072753906,308195
2023-01-10,231.5500030517578,235.97500610351562,230.1699981689453,234.75,223.9290313720703,377515
2023-01-11,236.02000427246094,239.27000427246094,235.25,236.77999877929688,225.86546325683594,313496
2023-01-12,237.89999389648438,238.27000427246094,234.47999572753906,234.61000061035156,223.7954864501953,321660
2023-01-13,233.1999969482422,236.8249969482422,231.6699981689453,236.4199981689453,225.5220947265625,260605
2023-01-17,236.10000610351562,236.92999267578125,229.74000549316406,229.97999572753906,219.37890625,412889
2023-01-18,230.24000549316406,232.18499755859375,226.77999877929688,227.97000122070312,217.46157836914062,565850
2023-01-19,227.5,228.03500366210938,223.47000122070312,223.5500030517578,213.24530029296875,335873
2023-01-20,224.67999267578125,226.11000061035156,221.97999572753906,224.72999572753906,214.37091064453125,569517
2023-01-23,225.25999450683594,226.83999633789062,222.24000549316406,224.63999938964844,214.28506469726562,486436
2023-01-24,224.94000244140625,231.30499267578125,222.72999572753906,229.44000244140625,218.86380004882812,414687
2023-01-25,226.8800048828125,229.27999877929688,225.58999633789062,228.0,217.4901885986328,469685
2023-01-26,229.75,232.1699981689453,228.72999572753906,230.88999938964844,220.24697875976562,485277
2023-01-27,230.8800048828125,232.6999969482422,229.2866973876953,231.02999877929688,220.38052368164062,471501
2023-01-30,230.16000366210938,234.6750030517578,229.14999389648438,229.88999938964844,219.29307556152344,608739
2023-01-31,226.4199981689453,232.14500427246094,220.5800018310547,228.91000366210938,218.35824584960938,1370812
2023-02-01,231.7100067138672,240.52000427246094,228.52999877929688,238.35000610351562,227.36312866210938,1333209
2023-02-02,237.85000610351562,239.15499877929688,229.58999633789062,236.89999389648438,225.9799346923828,890714
2023-02-03,236.32000732421875,241.86000061035156,236.32000732421875,241.22999572753906,230.1103515625,479168
2023-02-06,239.8300018310547,242.58999633789062,239.75,242.1999969482422,231.03562927246094,407255
2023-02-07,241.88999938964844,244.91000366210938,238.94000244140625,244.64999389648438,233.37271118164062,622265
2023-02-08,242.50999450683594,244.9178924560547,238.34500122070312,239.07000732421875,228.0498809814453,452618
2023-02-09,240.0,243.5749969482422,239.30499267578125,240.6199951171875,229.5284881591797,438678
2023-02-10,240.77999877929688,242.92999267578125,239.3800048828125,242.82000732421875,231.62704467773438,318296
2023-02-13,242.77000427246094,246.69500732421875,241.8800048828125,245.36000061035156,234.04994201660156,311400
2023-02-14,244.1199951171875,245.6999969482422,241.97999572753906,245.4199981689453,234.10716247558594,236734
2023-02-15,244.64999389648438,251.1300048828125,243.52999877929688,251.00999450683594,239.4394989013672,527889
2023-02-16,248.24000549316406,251.72000122070312,248.00010681152344,250.25,238.71453857421875,309233
2023-02-17,249.52000427246094,253.0,248.72000122070312,252.05999755859375,240.44114685058594,303280
2023-02-21,250.07000732421875,251.27000427246094,248.6999969482422,248.72999572753906,237.26458740234375,511292
2023-02-22,250.16000366210938,252.50999450683594,246.89999389648438,247.38999938964844,235.98643493652344,441811
2023-02-23,248.00999450683594,251.02000427246094,244.9499969482422,250.1999969482422,238.6668701171875,328464
2023-02-24,248.3800048828125,253.4600067138672,247.52999877929688,253.4600067138672,241.77658081054688,423508
2023-02-27,253.97999572753906,256.42498779296875,249.0449981689453,251.8300018310547,241.2879638671875,636517
2023-02-28,250.7100067138672,253.0,247.61000061035156,251.5399932861328,241.0100555419922,720564
2023-03-01,251.19000244140625,252.625,248.8300018310547,249.63999938964844,239.18959045410156,354165
2023-03-02,248.9199981689453,251.00999450683594,246.64999389648438,249.5399932861328,239.0938262939453,299380
2023-03-03,250.7100067138672,254.38999938964844,249.2449951171875,253.0399932861328,242.44728088378906,358637
2023-03-06,253.0500030517578,257.510009765625,252.11000061035156,252.74000549316406,242.1598358154297,241508
2023-03-07,252.66000366210938,253.1999969482422,248.60000610351562,249.83999633789062,239.38125610351562,198909
2023-03-08,249.8699951171875,252.2550048828125,248.75,251.07000732421875,240.55978393554688,387279
2023-03-09,252.3699951171875,254.5,246.63999938964844,246.8300018310547,236.4972381591797,222427
2023-03-10,247.3000030517578,247.3000030517578,238.6199951171875,239.2899932861328,229.2728729248047,428224
2023-03-13,236.47000122070312,239.4550018310547,234.52999877929688,236.99000549316406,227.06918334960938,324580
2023-03-14,241.77999877929688,247.86000061035156,241.0,245.9600067138672,235.66366577148438,437122
2023-03-15,240.9499969482422,241.41000366210938,230.8249969482422,234.36000061035156,224.54925537109375,399651
2023-03-16,233.27999877929688,242.14999389648438,232.4199981689453,241.63999938964844,231.52452087402344,354482
2023-03-17,240.1199951171875,240.1199951171875,233.38999938964844,234.97000122070312,225.13372802734375,556131
2023-03-20,237.11000061035156,242.39500427246094,237.02000427246094,241.52000427246094,231.40953063964844,405836
2023-03-21,244.77000427246094,245.97999572753906,240.52000427246094,242.02000427246094,231.8885955810547,244584
2023-03-22,241.94000244140625,242.87249755859375,235.92999267578125,236.25999450683594,226.36973571777344,207383
2023-03-23,235.83999633789062,238.27999877929688,230.11500549316406,231.63999938964844,221.94313049316406,348467
2023-03-24,229.02000427246094,230.2899932861328,225.51499938964844,230.27999877929688,220.64007568359375,358977
2023-03-27,232.25,235.07000732421875,229.8000030517578,233.57000732421875,223.79234313964844,527862
2023-03-28,234.05999755859375,238.66000366210938,234.05999755859375,236.50999450683594,226.6092529296875,266980
2023-03-29,239.22000122070312,240.4600067138672,237.35000610351562,240.00999450683594,229.96273803710938,328290
2023-03-30,241.94000244140625,242.13499450683594,239.7899932861328,240.16000366210938,230.10646057128906,214335
2023-03-31,241.8800048828125,244.26499938964844,240.52499389648438,243.30999755859375,233.1245880126953,338878
2023-04-03,243.5800018310547,244.5500030517578,241.44000244140625,244.33999633789062,234.11146545410156,282754
2023-04-04,244.3800048828125,244.3800048828125,229.14999389648438,230.6999969482422,221.04246520996094,602091
2023-04-05,228.97000122070312,229.69500732421875,220.93499755859375,224.00999450683594,214.63255310058594,434924
2023-04-06,224.52999877929688,225.55999755859375,220.75,221.27999877929688,212.0167999267578,345422
2023-04-10,220.25,224.55999755859375,219.77000427246094,224.52000427246094,215.12120056152344,419847
2023-04-11,225.47999572753906,226.50999450683594,224.0500030517578,224.52999877929688,215.13076782226562,446497
2023-04-12,226.36000061035156,229.77999877929688,225.85000610351562,226.77000427246094,217.27700805664062,306980
2023-04-13,226.77999877929688,227.1300048828125,221.02999877929688,226.58999633789062,217.1045379638672,278924
2023-04-14,226.52000427246094,230.55999755859375,226.4600067138672,227.72999572753906,218.19680786132812,154322
2023-04-17,228.66000366210938,231.77000427246094,227.38999938964844,231.5,221.80899047851562,244381
2023-04-18,232.1699981689453,234.36000061035156,231.2050018310547,233.4499969482422,223.67735290527344,310220
2023-04-19,233.6199951171875,236.27000427246094,229.08999633789062,232.1300048828125,222.41258239746094,334046
2023-04-20,230.92999267578125,233.13999938964844,229.9250030517578,231.11000061035156,221.43531799316406,244079
2023-04-21,231.75999450683594,232.4250030517578,229.8300018310547,230.6300048828125,220.97543334960938,242438
2023-04-24,230.5,233.9199981689453,230.5,232.38999938964844,222.66171264648438,394640
2023-04-25,251.9199981689453,265.5,251.64999389648438,259.4100036621094,248.5506591796875,1673785
2023-04-26,259.7950134277344,263.70001220703125,256.2300109863281,260.0199890136719,249.1350555419922,653513
2023-04-27,262.4100036621094,268.30499267578125,261.4599914550781,266.989990234375,255.8133087158203,471002
2023-04-28,266.3500061035156,269.3699951171875,259.6099853515625,269.32000732421875,258.0457763671875,614729
2023-05-01,269.9800109863281,273.6000061035156,267.0799865722656,272.8599853515625,261.43756103515625,441447
2023-05-02,272.3800048828125,280.2200012207031,269.69000244140625,279.7799987792969,268.06787109375,693262
2023-05-03,279.3900146484375,282.19000244140625,272.5950012207031,273.2699890136719,261.8304138183594,538869
2023-05-04,271.7699890136719,272.0899963378906,264.3299865722656,269.510009765625,258.2278747558594,334520
2023-05-05,272.1700134277344,273.9100036621094,270.760009765625,272.0899963378906,260.6997985839844,321609
2023-05-08,272.4599914550781,273.2349853515625,269.75,270.55999755859375,259.2338562011719,381205
2023-05-09,269.8800048828125,272.8599853515625,268.3999938964844,270.9200134277344,259.5788269042969,377201
2023-05-10,272.7799987792969,273.2550048828125,267.3399963378906,272.19000244140625,260.7956237792969,306926
2023-05-11,270.5,273.6300048828125,270.0199890136719,272.75,261.3321533203125,250063
2023-05-12,274.95001220703125,277.5899963378906,272.2001037597656,273.5199890136719,262.0699462890625,386385
2023-05-15,273.6700134277344,274.81500244140625,271.69000244140625,273.5799865722656,262.1274108886719,457268
2023-05-16,271.6300048828125,272.7650146484375,268.7200012207031,270.07000732421875,258.7643737792969,318108
2023-05-17,271.2099914550781,275.3999938964844,270.0799865722656,275.010009765625,263.4975891113281,352947
2023-05-18,275.17999267578125,281.0,273.25,280.57000732421875,268.82489013671875,313277
2023-05-19,283.1400146484375,284.2650146484375,278.6400146484375,280.010009765625,268.28826904296875,408239
2023-05-22,281.6300048828125,286.1700134277344,280.82000732421875,282.489990234375,270.66448974609375,333758
2023-05-23,280.2799987792969,281.6449890136719,275.2900085449219,275.7900085449219,264.24493408203125,248895
2023-05-24,274.9800109863281,277.55999755859375,273.1700134277344,275.0299987792969,263.51678466796875,419660
2023-05-25,277.0199890136719,286.69000244140625,277.0199890136719,286.6000061035156,274.6024169921875,455596
2023-05-26,287.5400085449219,291.9049987792969,286.739990234375,290.9100036621094,278.73199462890625,433997
2023-05-30,290.1300048828125,290.79998779296875,286.6000061035156,288.8800048828125,277.856689453125,443391
2023-05-31,287.25,289.489990234375,281.010009765625,282.4599914550781,271.6816101074219,538205
2023-06-01,282.9200134277344,287.2799987792969,281.510009765625,287.25,276.28887939453125,385627
2023-06-02,289.57000732421875,296.2799987792969,289.57000732421875,294.489990234375,283.2526550292969,318656
2023-06-05,293.5400085449219,294.8699951171875,291.05999755859375,294.239990234375,283.01214599609375,382680
2023-06-06,293.32000732421875,297.4599914550781,292.1300048828125,296.1700134277344,284.8684997558594,206829
2023-06-07,296.42999267578125,305.4800109863281,296.42999267578125,304.5,292.88067626953125,413543
2023-06-08,303.2300109863281,306.625,302.3900146484375,305.6600036621094,293.9964294433594,325057
2023-06-09,306.1199951171875,307.0400085449219,302.3699951171875,306.8599853515625,295.1505432128906,294245
2023-06-12,306.8699951171875,311.69000244140625,305.873291015625,310.70001220703125,298.84405517578125,378874
2023-06-13,309.5899963378906,316.3599853515625,309.5899963378906,315.5400085449219,303.4993896484375,254929
2023-06-14,316.0,316.5653076171875,312.489990234375,315.45001220703125,303.412841796875,281582
2023-06-15,314.4599914550781,321.82000732421875,313.3500061035156,321.0199890136719,308.7702331542969,472132
2023-06-16,322.07000732421875,322.8900146484375,316.95001220703125,320.3800048828125,308.1546936035156,828264
2023-06-20,319.3299865722656,322.1400146484375,315.7200012207031,321.05999755859375,308.8087158203125,352096
2023-06-21,321.1499938964844,326.6199951171875,320.1099853515625,322.7699890136719,310.4535217285156,295673
2023-06-22,322.0199890136719,323.885009765625,319.760009765625,321.42999267578125,309.16461181640625,277468
2023-06-23,318.760009765625,321.57000732421875,315.80499267578125,317.07000732421875,304.97100830078125,1059850
2023-06-26,320.0299987792969,324.4200134277344,318.9700012207031,319.45001220703125,307.2601623535156,306372
2023-06-27,317.2200012207031,325.32000732421875,317.2200012207031,323.32000732421875,310.98248291015625,363166
2023-06-28,323.70001220703125,325.760009765625,319.8299865722656,321.82000732421875,309.5397644042969,697247
2023-06-29,322.3500061035156,327.5899963378906,320.6400146484375,327.2099914550781,314.7240905761719,339207
2023-06-30,329.260009765625,332.760009765625,326.9599914550781,331.55999755859375,318.9081115722656,294008
2023-07-03,329.9700012207031,331.489990234375,327.7019958496094,328.989990234375,316.4361572265625,119508
2023-07-05,327.07000732421875,330.9700012207031,326.4800109863281,327.6499938964844,315.14727783203125,379361
2023-07-06,325.8299865722656,330.1600036621094,325.4800109863281,326.3699951171875,313.91607666015625,367795
2023-07-07,324.8299865722656,331.4100036621094,323.8399963378906,327.79998779296875,315.2915344238281,384861
2023-07-10,328.3399963378906,335.54998779296875,327.1099853515625,335.42999267578125,322.6304016113281,219689
2023-07-11,335.0,337.2300109863281,332.79998779296875,332.8699951171875,320.1681213378906,357677
2023-07-12,335.1700134277344,335.9200134277344,330.4100036621094,331.5899963378906,318.93695068359375,336824
2023-07-13,332.2799987792969,333.6050109863281,328.4800109863281,333.07000732421875,320.3604431152344,233780
2023-07-14,333.5899963378906,335.5199890136719,327.239990234375,330.0,317.40765380859375,532170
2023-07-17,329.55999755859375,333.739990234375,327.67999267578125,331.9599914550781,319.2928161621094,290767
2023-07-18,331.6099853515625,337.5899963378906,331.6099853515625,337.30999755859375,324.43865966796875,299458
2023-07-19,335.0,337.95001220703125,332.20001220703125,337.32000732421875,324.4482727050781,279906
2023-07-20,338.70001220703125,339.55999755859375,334.9750061035156,337.80999755859375,324.9195556640625,334488
2023-07-21,337.2799987792969,340.05999755859375,333.7200012207031,333.739990234375,321.0049133300781,383350
2023-07-24,333.7099914550781,336.6199951171875,332.0199890136719,333.7799987792969,321.0433349609375,542626
2023-07-25,330.0,337.9599914550781,313.05999755859375,318.5199890136719,306.3656311035156,1231317
2023-07-26,321.3599853515625,321.8500061035156,305.32000732421875,310.0,298.1708068847656,1141395
2023-07-27,311.4100036621094,311.4100036621094,307.5150146484375,308.4700012207031,296.69915771484375,613855
2023-07-28,309.7200012207031,311.739990234375,306.9800109863281,309.9800109863281,298.151611328125,429461
2023-07-31,311.9599914550781,312.2200012207031,308.1650085449219,312.0,300.0944519042969,408282
2023-08-01,311.20001220703125,320.3900146484375,310.5,315.70001220703125,303.65325927734375,627444
2023-08-02,314.44000244140625,315.2749938964844,311.8949890136719,313.19000244140625,301.2391052246094,450024
2023-08-03,311.3500061035156,311.3500061035156,303.6700134277344,306.5799865722656,294.8812561035156,565596
2023-08-04,308.6700134277344,309.3299865722656,303.25,304.2300109863281,292.62091064453125,329115
2023-08-07,304.2900085449219,309.79998779296875,303.1400146484375,309.7300109863281,297.9111022949219,368103
2023-08-08,308.6499938964844,314.44000244140625,305.5950012207031,314.1499938964844,302.16241455078125,516665
2023-08-09,314.4599914550781,314.4599914550781,305.43499755859375,305.79998779296875,294.1310729980469,301911
2023-08-10,305.5299987792969,307.635009765625,299.79998779296875,302.3699951171875,290.8319091796875,387710
2023-08-11,306.5,309.7900085449219,306.0,306.9599914550781,295.24676513671875,504131
2023-08-14,307.2300109863281,311.6650085449219,306.6300048828125,310.42999267578125,298.5843505859375,409898
2023-08-15,309.3299865722656,311.34991455078125,306.1300048828125,306.70001220703125,294.9967346191406,353472
2023-08-16,306.9200134277344,310.1549987792969,305.8949890136719,306.5199890136719,294.82354736328125,226260
2023-08-17,306.44000244140625,308.6300048828125,300.2799987792969,300.6099853515625,289.1390686035156,312513
2023-08-18,300.6099853515625,303.57000732421875,300.0799865722656,303.5299987792969,291.9477233886719,392053
2023-08-21,305.0799865722656,308.07000732421875,303.2850036621094,307.32000732421875,295.5930480957031,251862
2023-08-22,308.010009765625,310.3255920410156,305.20001220703125,307.17999267578125,295.4584045410156,212162
2023-08-23,308.05999755859375,319.07000732421875,305.79998779296875,317.5899963378906,305.47119140625,384060
2023-08-24,317.0899963378906,321.6700134277344,315.489990234375,316.44000244140625,304.36505126953125,389077
2023-08-25,317.20001220703125,325.2900085449219,315.0400085449219,323.4599914550781,311.11712646484375,826860
2023-08-28,323.1499938964844,330.3299865722656,323.1499938964844,325.989990234375,313.5506286621094,520993
2023-08-29,324.1300048828125,328.9549865722656,323.94000244140625,327.3699951171875,314.8779602050781,394244
2023-08-30,329.1499938964844,331.80999755859375,325.75,326.760009765625,315.3702087402344,341496
2023-08-31,326.7300109863281,328.760009765625,325.19000244140625,326.04998779296875,314.6849060058594,266137
2023-09-01,327.0299987792969,329.6000061035156,326.7799987792969,328.5299987792969,317.0785217285156,413263
2023-09-05,327.2699890136719,327.67498779296875,311.30499267578125,313.739990234375,302.8039855957031,813122
2023-09-06,313.7799987792969,318.32000732421875,312.6400146484375,316.9200134277344,305.8731994628906,489446
2023-09-07,316.2099914550781,327.1650085449219,311.239990234375,325.0199890136719,313.69085693359375,468893
2023-09-08,324.5400085449219,331.5299987792969,322.1000061035156,327.57000732421875,316.1519470214844,417109
2023-09-11,327.3800048828125,328.8500061035156,324.67999267578125,326.45001220703125,315.071044921875,358640
2023-09-12,325.1300048828125,331.6700134277344,317.7250061035156,318.92999267578125,307.8130798339844,365336
2023-09-13,317.82000732421875,322.2099914550781,312.0299987792969,315.5400085449219,304.5412902832031,455060
2023-09-14,317.05999755859375,320.42999267578125,312.3599853515625,319.57000732421875,308.4308166503906,422090
2023-09-15,316.9800109863281,319.1499938964844,314.2900085449219,315.8500061035156,304.8404541015625,952197
2023-09-18,316.1099853515625,324.5299987792969,316.1099853515625,320.19000244140625,309.0291748046875,315904
2023-09-19,318.7799987792969,319.5350036621094,311.04998779296875,314.3800048828125,303.4216613769531,307641
2023-09-20,315.82000732421875,318.3599853515625,309.5199890136719,310.489990234375,299.6673278808594,386684
2023-09-21,308.7200012207031,308.7200012207031,302.7699890136719,304.4599914550781,293.8475036621094,250105
2023-09-22,304.010009765625,308.5199890136719,303.69000244140625,305.8399963378906,295.17938232421875,224050
2023-09-25,305.4599914550781,314.17999267578125,305.2699890136719,313.07000732421875,302.15740966796875,264124
2023-09-26,311.010009765625,313.3230895996094,308.3699951171875,308.8999938964844,298.1327209472656,360294
2023-09-27,311.4599914550781,318.70001220703125,308.9200134277344,316.1099853515625,305.09136962890625,393855
2023-09-28,316.20001220703125,322.29998779296875,314.8500061035156,317.9100036621094,306.8287353515625,281241
2023-09-29,319.5,320.4599914550781,313.3500061035156,313.4100036621094,302.4855651855469,345348
2023-10-02,313.3299865722656,315.57000732421875,305.95330810546875,309.260009765625,298.48016357421875,545893
2023-10-03,309.0899963378906,310.6499938964844,301.6600036621094,305.44000244140625,294.7933654785156,470199
2023-10-04,305.3500061035156,310.9200134277344,304.06500244140625,307.07000732421875,296.3665466308594,371972
2023-10-05,307.1400146484375,308.0,298.4100036621094,299.19000244140625,288.76123046875,666921
2023-10-06,298.55999755859375,309.57000732421875,294.3900146484375,309.19000244140625,298.4126281738281,786098
2023-10-09,308.8999938964844,311.1549987792969,304.510009765625,308.44000244140625,297.688720703125,189065
2023-10-10,309.3699951171875,310.3500061035156,305.20001220703125,307.7799987792969,297.0517883300781,358978
2023-10-11,309.6099853515625,311.25,305.6499938964844,310.6300048828125,299.8023986816406,289327
2023-10-12,310.9800109863281,317.75,306.7699890136719,309.5,298.7118225097656,447361
2023-10-13,309.5199890136719,311.1400146484375,294.0450134277344,294.7900085449219,284.5146179199219,624858
2023-10-16,298.75,308.05999755859375,298.4200134277344,304.0299987792969,293.4325256347656,859208
2023-10-17,301.70001220703125,304.7300109863281,298.75,299.6499938964844,289.2051696777344,11191392
2023-10-18,298.6300048828125,298.6300048828125,287.56500244140625,289.92999267578125,279.8238830566406,653318
2023-10-19,290.67999267578125,295.1199951171875,283.9800109863281,285.0,275.0658264160156,817007
2023-10-20,284.010009765625,284.19000244140625,277.760009765625,279.8699951171875,270.1146545410156,825502
2023-10-23,280.3800048828125,283.7950134277344,279.6650085449219,280.3800048828125,270.60687255859375,523507
2023-10-24,283.5199890136719,284.81500244140625,280.9200134277344,282.260009765625,272.42132568359375,418394
2023-10-25,284.3800048828125,284.4700012207031,278.75,279.8900146484375,270.1339111328125,684310
2023-10-26,282.19000244140625,286.2300109863281,281.5799865722656,281.8500061035156,272.0256042480469,550269
2023-10-27,281.4700012207031,283.6300048828125,278.1300048828125,281.0199890136719,271.2244873046875,486544
2023-10-30,283.2699890136719,284.75,280.3800048828125,283.3299865722656,273.4540100097656,553615
2023-10-31,265.20001220703125,271.7099914550781,248.3699951171875,270.1000061035156,260.6851501464844,2083450
2023-11-01,274.739990234375,282.8999938964844,272.3599853515625,279.1000061035156,269.3714599609375,1294996
2023-11-02,280.2900085449219,281.94000244140625,274.9700012207031,280.7099914550781,270.9253234863281,798994
2023-11-03,283.010009765625,287.4599914550781,281.6499938964844,281.8399963378906,272.01593017578125,492222
2023-11-06,282.3500061035156,283.2900085449219,275.3900146484375,278.25,268.55108642578125,591005
2023-11-07,277.67999267578125,279.1099853515625,274.4200134277344,278.6300048828125,268.9178466796875,407383
2023-11-08,280.8800048828125,285.8500061035156,278.6199951171875,281.44000244140625,271.6299133300781,419247
2023-11-09,284.20001220703125,290.1239929199219,281.45001220703125,285.010009765625,275.0754699707031,560289
2023-11-10,287.1099853515625,289.7099914550781,283.4100036621094,289.5199890136719,279.4282531738281,499034
2023-11-13,289.2200012207031,291.1330871582031,286.489990234375,290.7900085449219,280.654052734375,700242
2023-11-14,294.989990234375,300.1300048828125,294.1300048828125,295.5400085449219,285.2384338378906,492512
2023-11-15,296.55999755859375,296.864990234375,288.2699890136719,289.4100036621094,279.3221130371094,655723
2023-11-16,290.69000244140625,293.8299865722656,287.05999755859375,289.5899963378906,279.4958190917969,516122
2023-11-17,296.9700012207031,301.760009765625,293.1499938964844,300.8599853515625,290.3729553222656,682353
2023-11-20,300.8599853515625,302.6000061035156,297.2699890136719,300.75,290.2668151855469,582895
2023-11-21,298.5899963378906,301.0,297.17999267578125,297.42999267578125,287.06256103515625,447772
2023-11-22,298.4599914550781,300.9049987792969,296.9599914550781,299.7300109863281,289.2823486328125,560271
2023-11-24,300.8699951171875,302.739990234375,299.80499267578125,300.5299987792969,290.054443359375,125624
2023-11-27,299.75,303.07000732421875,298.9700012207031,300.6000061035156,290.1220397949219,272842
2023-11-28,299.95001220703125,300.7650146484375,294.3800048828125,294.9200134277344,284.6400451660156,346486
2023-11-29,296.5199890136719,298.17498779296875,293.9100036621094,294.6600036621094,285.5704345703125,241329
2023-11-30,296.05999755859375,300.7099914550781,295.6026916503906,300.0,290.7456970214844,504168
2023-12-01,299.2200012207031,305.0,299.2200012207031,303.4800109863281,294.1183776855469,222601
2023-12-04,299.7699890136719,304.54998779296875,299.7699890136719,303.3399963378906,293.982666015625,337098
2023-12-05,302.1400146484375,303.1000061035156,295.8999938964844,299.82000732421875,290.5712585449219,288229
2023-12-06,302.42999267578125,305.0,300.5400085449219,303.4100036621094,294.0505676269531,303929
2023-12-07,303.7300109863281,306.6199951171875,303.05999755859375,306.25,296.80291748046875,248241
2023-12-08,307.7300109863281,310.8900146484375,306.8949890136719,308.1700134277344,298.6636657714844,335382
2023-12-11,309.0299987792969,315.30999755859375,306.9150085449219,314.8699951171875,305.1570129394531,411934
2023-12-12,316.010009765625,321.6300048828125,313.8800048828125,319.0299987792969,309.188720703125,429582
2023-12-13,319.07000732421875,320.0899963378906,311.3800048828125,314.9200134277344,305.2054748535156,559812
2023-12-14,320.6099853515625,326.8800048828125,318.8599853515625,326.7900085449219,316.7092590332031,666426
2023-12-15,326.3500061035156,328.4200134277344,324.0249938964844,325.42999267578125,315.3912048339844,704934
2023-12-18,325.0899963378906,327.1199951171875,323.2650146484375,325.1099853515625,315.08111572265625,355296
2023-12-19,326.1300048828125,328.1199951171875,321.5429992675781,323.69000244140625,313.70489501953125,339120
2023-12-20,323.3599853515625,325.57000732421875,320.5199890136719,321.1199951171875,311.21417236328125,526557
2023-12-21,323.32000732421875,326.19000244140625,322.1050109863281,324.54998779296875,314.538330078125,246129
2023-12-22,326.1199951171875,329.1099853515625,325.5299987792969,325.989990234375,315.9339294433594,155170
2023-12-26,326.3800048828125,329.6300048828125,326.3500061035156,328.8900146484375,318.7445068359375,162968
2023-12-27,328.8900146484375,330.0,327.25,328.0199890136719,317.90130615234375,239028
2023-12-28,324.67999267578125,329.739990234375,322.6300048828125,328.1000061035156,317.97894287109375,462994
2023-12-29,327.6700134277344,329.3299865722656,327.1700134277344,328.92999267578125,318.7832336425781,189351
2024-01-02,327.17999267578125,328.20001220703125,324.3901062011719,325.9200134277344,315.8661193847656,263162
2024-01-03,324.0799865722656,324.125,316.760009765625,316.8399963378906,307.0661926269531,297020
2024-01-04,317.2799987792969,320.489990234375,316.05999755859375,319.94000244140625,310.07061767578125,373407
2024-01-05,320.0899963378906,320.0899963378906,315.375,318.1600036621094,308.3454895019531,355841
2024-01-08,319.8999938964844,323.42999267578125,317.32000732421875,322.8800048828125,312.91986083984375,295282
2024-01-09,320.9200134277344,329.29998779296875,319.0299987792969,327.75,317.6396484375,464796
2024-01-10,329.4599914550781,329.4599914550781,324.94000244140625,325.69000244140625,315.6432189941406,384072
2024-01-11,325.25,327.9599914550781,319.3900146484375,327.69000244140625,317.58148193359375,348873
2024-01-12,329.04998779296875,329.04998779296875,322.2099914550781,327.6300048828125,317.52337646484375,201285
2024-01-16,326.260009765625,327.8299865722656,324.1700134277344,326.4200134277344,316.3507385253906,211468
2024-01-17,324.239990234375,328.57000732421875,319.05999755859375,321.6199951171875,311.69879150390625,210885
2024-01-18,322.8699951171875,326.3970031738281,322.2749938964844,325.69000244140625,315.6432189941406,152434
2024-01-19,326.8299865722656,332.0,323.4599914550781,329.6199951171875,319.45196533203125,492591
2024-01-22,330.80999755859375,336.8299865722656,330.80999755859375,334.760009765625,324.4334716796875,382256
2024-01-23,334.80999755859375,336.5400085449219,329.6700134277344,330.9599914550781,320.75067138671875,277982
2024-01-24,332.82000732421875,333.4599914550781,327.510009765625,328.1600036621094,318.03704833984375,301229
2024-01-25,331.3599853515625,336.20001220703125,330.6300048828125,333.82000732421875,323.5224304199219,464728
2024-01-26,333.8500061035156,335.43499755859375,328.7699890136719,328.9800109863281,318.8317565917969,375676
2024-01-29,327.2799987792969,333.0199890136719,326.1300048828125,332.55999755859375,322.30126953125,857743
2024-01-30,333.29998779296875,347.2799987792969,329.2449951171875,344.30999755859375,333.6888122558594,901540
2024-01-31,342.4100036621094,343.6300048828125,334.1700134277344,335.57000732421875,325.21844482421875,676269
2024-02-01,336.29998779296875,344.3999938964844,334.2200012207031,343.7099914550781,333.1073303222656,543689
2024-02-02,343.5799865722656,356.05999755859375,343.0199890136719,354.0299987792969,343.1090087890625,793361
2024-02-05,352.6300048828125,356.3800048828125,348.7200012207031,350.989990234375,340.1627502441406,527652
2024-02-06,350.6700134277344,355.05999755859375,342.8500061035156,350.25,339.44561767578125,478899
2024-02-07,352.010009765625,358.114990234375,349.67999267578125,355.1300048828125,344.175048828125,394010
2024-02-08,356.8299865722656,359.0400085449219,354.95001220703125,358.2099914550781,347.1600036621094,308302
2024-02-09,357.8599853515625,363.3599853515625,357.5,363.010009765625,351.81201171875,308943
2024-02-12,361.7699890136719,364.760009765625,359.3699951171875,359.82000732421875,348.72039794921875,295342
2024-02-13,353.25,354.9949951171875,347.72601318359375,352.6199951171875,341.74249267578125,355761
2024-02-14,354.6000061035156,359.9800109863281,353.4599914550781,359.69000244140625,348.5943908691406,327741
2024-02-15,360.0400085449219,361.206787109375,355.29998779296875,358.69000244140625,347.6252136230469,267445
2024-02-16,358.4200134277344,363.4549865722656,358.29998779296875,358.8800048828125,347.8094177246094,202289
2024-02-20,358.0,358.42999267578125,353.8399963378906,355.3500061035156,344.3883056640625,341304
2024-02-21,354.3599853515625,355.260009765625,351.760009765625,354.1499938964844,343.2252502441406,385839
2024-02-22,359.5400085449219,365.4700012207031,357.80999755859375,364.7200012207031,353.46923828125,675280
2024-02-23,366.29998779296875,368.5096130371094,361.85009765625,365.7900085449219,354.50628662109375,290084
2024-02-26,366.42999267578125,371.5,366.42999267578125,369.5799865722656,358.1793212890625,391812
2024-02-27,369.9700012207031,371.05999755859375,364.7349853515625,367.489990234375,356.1537780761719,297275
2024-02-28,366.3800048828125,372.5849914550781,365.260009765625,370.82000732421875,360.5781555175781,383019
2024-02-29,375.3599853515625,382.5799865722656,374.43499755859375,380.6700134277344,370.15606689453125,955066
2024-03-01,380.6000061035156,385.3450012207031,379.6199951171875,384.7699890136719,374.142822265625,396217
2024-03-04,386.8299865722656,392.9800109863281,386.8299865722656,387.739990234375,377.03076171875,437271
2024-03-05,384.25,385.364990234375,377.32000732421875,380.6499938964844,370.1365966796875,450351
2024-03-06,386.2900085449219,388.8599853515625,382.3475036621094,387.9200134277344,377.205810546875,333014
2024-03-07,390.010009765625,393.3699951171875,389.4200134277344,392.9599914550781,382.1065979003906,293829
2024-03-08,392.8999938964844,396.9200134277344,388.57000732421875,393.1400146484375,382.2815856933594,428687
2024-03-11,390.1099853515625,390.4150085449219,379.2300109863281,387.42999267578125,376.72930908203125,496119
2024-03-12,387.8500061035156,397.32000732421875,387.3800048828125,396.92999267578125,385.9669494628906,540643
2024-03-13,397.80999755859375,400.0,393.20001220703125,399.5299987792969,388.4951477050781,503965
2024-03-14,401.67999267578125,404.1499938964844,398.3399963378906,401.8299865722656,390.7316589355469,630144
2024-03-15,397.32000732421875,402.7699890136719,394.4700012207031,395.1499938964844,384.236083984375,975258
2024-03-18,397.45001220703125,403.94000244140625,397.45001220703125,399.6099853515625,388.5729064941406,299921
2024-03-19,397.0,398.1099853515625,390.4700012207031,396.7099914550781,385.7530212402344,377464
2024-03-20,400.0,408.0799865722656,398.3550109863281,406.6499938964844,395.4185485839844,388431
2024-03-21,409.3999938964844,416.05999755859375,407.0899963378906,415.0,403.537841796875,285984
2024-03-22,415.0,418.8299865722656,413.6050109863281,417.9200134277344,406.37725830078125,418688
2024-03-25,415.6199951171875,419.6449890136719,412.760009765625,413.1199951171875,401.7098388671875,286150
2024-03-26,412.4599914550781,416.55999755859375,411.05999755859375,413.3299865722656,401.9139709472656,472565
2024-03-27,414.75,415.7900085449219,409.4010009765625,413.8599853515625,402.4293518066406,275160
2024-03-28,415.8900146484375,417.2099914550781,412.55999755859375,415.04998779296875,403.58648681640625,291185
2024-04-01,415.6199951171875,418.3999938964844,413.92498779296875,416.79998779296875,405.2881774902344,263665
2024-04-02,415.0899963378906,416.239990234375,409.7799987792969,415.5400085449219,404.0629577636719,348782
2024-04-03,415.2099914550781,426.7200012207031,411.3299865722656,424.3999938964844,412.6782531738281,428768
2024-04-04,427.4100036621094,429.6099853515625,411.239990234375,412.55999755859375,401.16522216796875,369897
2024-04-05,416.44000244140625,423.57000732421875,416.2950134277344,417.0799865722656,405.5604553222656,449666
2024-04-08,419.1600036621094,420.0249938964844,413.8800048828125,415.739990234375,404.2574157714844,367315
2024-04-09,417.1400146484375,420.9200134277344,402.17999267578125,409.1700134277344,397.8689270019531,461212
2024-04-10,401.75,411.510009765625,398.3599853515625,406.9100036621094,395.6713562011719,392669
2024-04-11,406.2300109863281,409.3500061035156,403.4599914550781,406.2300109863281,395.0101013183594,313163
2024-04-12,401.8800048828125,406.08990478515625,398.989990234375,401.739990234375,390.64410400390625,405898
2024-04-15,410.510009765625,413.94500732421875,398.4200134277344,402.5899963378906,391.4706726074219,370165
2024-04-16,399.45001220703125,399.8399963378906,391.1400146484375,396.2799987792969,385.33489990234375,492112
2024-04-17,397.989990234375,397.989990234375,388.20001220703125,390.9700012207031,380.1716003417969,396855
2024-04-18,395.760009765625,397.94000244140625,390.9150085449219,392.2799987792969,381.4454345703125,302604
2024-04-19,393.489990234375,396.45001220703125,385.5350036621094,388.0299987792969,377.312744140625,354622
2024-04-22,391.17999267578125,393.67999267578125,387.07501220703125,390.55999755859375,379.77288818359375,391009
2024-04-23,393.5,400.4800109863281,391.2300109863281,398.0,387.0074462890625,255029
2024-04-24,399.94000244140625,408.0,395.260009765625,398.54998779296875,387.542236328125,342032
2024-04-25,394.55999755859375,403.57501220703125,391.010009765625,402.2699890136719,391.15948486328125,349992
2024-04-26,403.55999755859375,410.3699951171875,403.55999755859375,407.5299987792969,396.2742004394531,359603
2024-04-29,408.3800048828125,411.8599853515625,403.44500732421875,407.19000244140625,395.943603515625,540747
2024-04-30,394.9700012207031,400.0,368.54998779296875,370.5199890136719,360.2864074707031,1651005
2024-05-01,367.7200012207031,385.0199890136719,365.8900146484375,373.29998779296875,362.9895935058594,907625
2024-05-02,374.0299987792969,377.0400085449219,367.2738952636719,372.94000244140625,362.6395263671875,645589
2024-05-03,377.42999267578125,381.30499267578125,376.2900085449219,379.8900146484375,369.3976135253906,433697
2024-05-06,383.4800109863281,388.07000732421875,382.8299865722656,388.0,377.2835693359375,463387
2024-05-07,389.6000061035156,393.4700012207031,387.17999267578125,393.05999755859375,382.2038269042969,460689
2024-05-08,397.7900085449219,399.510009765625,394.8500061035156,396.3699951171875,385.42242431640625,358497
2024-05-09,396.3999938964844,409.239990234375,396.3999938964844,409.2099914550781,397.9078063964844,526426
2024-05-10,411.4200134277344,412.5199890136719,405.1400146484375,407.2699890136719,396.02130126953125,296011
2024-05-13,407.3999938964844,408.07000732421875,397.92999267578125,402.0199890136719,390.9163818359375,311927
2024-05-14,399.82000732421875,401.6000061035156,395.55999755859375,401.0400085449219,389.9635009765625,266355
2024-05-15,403.7799987792969,407.3299865722656,402.9599914550781,404.7300109863281,393.5514831542969,340011
2024-05-16,402.82000732421875,402.82000732421875,389.2200012207031,391.3299865722656,380.5216064453125,490337
2024-05-17,393.94000244140625,393.94000244140625,388.3399963378906,392.739990234375,381.8926696777344,380105
2024-05-20,392.82000732421875,401.1050109863281,391.80499267578125,397.7699890136719,386.7837219238281,333212
2024-05-21,395.8800048828125,404.5450134277344,395.40301513671875,404.0,392.8417053222656,376146
2024-05-22,404.8800048828125,407.4800109863281,399.30999755859375,401.1400146484375,390.0606994628906,410264
2024-05-23,409.75,409.75,398.6400146484375,400.6099853515625,389.54534912109375,341532
2024-05-24,402.32000732421875,413.6300048828125,401.75,413.0,401.59307861328125,346289
2024-05-28,414.44000244140625,415.760009765625,396.6099853515625,397.6600036621094,386.6767883300781,564225
2024-05-29,394.239990234375,394.239990234375,386.9599914550781,389.2799987792969,378.52825927734375,315029
2024-05-30,388.29998779296875,394.75,385.1400146484375,390.67999267578125,379.88958740234375,324491
2024-05-31,388.5400085449219,391.92999267578125,378.25,388.8900146484375,379.3335876464844,717927
2024-06-03,391.8599853515625,392.69000244140625,375.6499938964844,385.75,376.2707214355469,567562
2024-06-04,384.8999938964844,388.3800048828125,365.9200134277344,371.7699890136719,362.63427734375,1034275
2024-06-05,377.70001220703125,381.82000732421875,375.0,381.6199951171875,372.2422180175781,547733
2024-06-06,381.69000244140625,382.0,365.0,365.94000244140625,356.94757080078125,648288
2024-06-07,366.2300109863281,373.32000732421875,363.80999755859375,366.67999267578125,357.66937255859375,564349
2024-06-10,365.2699890136719,371.42999267578125,365.2699890136719,369.010009765625,359.942138671875,557334
2024-06-11,366.3800048828125,369.19000244140625,363.80999755859375,367.7099914550781,358.6740417480469,487531
2024-06-12,373.5299987792969,385.54998779296875,372.7099914550781,383.489990234375,374.0662841796875,620873
2024-06-13,381.6099853515625,386.0899963378906,375.1099853515625,385.010009765625,375.5489501953125,409624
2024-06-14,379.1199951171875,381.94500732421875,372.6199951171875,374.739990234375,365.5313415527344,442020
2024-06-17,374.1099853515625,382.69500732421875,369.2799987792969,381.6300048828125,372.2519836425781,455344
2024-06-18,378.5400085449219,390.2699890136719,371.9903869628906,387.739990234375,378.2118225097656,464506
2024-06-20,388.5,390.7300109863281,378.4599914550781,380.07000732421875,370.7303161621094,517439
2024-06-21,383.30999755859375,384.2300109863281,375.4100036621094,377.3900146484375,368.1162414550781,736091
2024-06-24,377.4200134277344,381.7099914550781,373.82000732421875,379.55999755859375,370.23284912109375,461339
2024-06-25,379.5400085449219,380.760009765625,373.3500061035156,378.0400085449219,368.750244140625,323539
2024-06-26,374.25,374.3800048828125,369.2950134277344,371.7699890136719,362.63427734375,492891
2024-06-27,375.2799987792969,377.1400146484375,367.1487121582031,369.8399963378906,360.751708984375,538539
2024-06-28,370.8800048828125,377.7850036621094,363.5799865722656,365.4800109863281,356.4989013671875,1829822
2024-07-01,371.9599914550781,371.9599914550781,357.70001220703125,359.1400146484375,350.31463623046875,652717
2024-07-02,359.4599914550781,367.4200134277344,358.1549987792969,365.80999755859375,356.8207702636719,405634
2024-07-03,366.9100036621094,372.3800048828125,365.7900085449219,371.2900085449219,362.1660461425781,334883
2024-07-05,370.6700134277344,374.4150085449219,367.69000244140625,372.75,363.5902099609375,477851
2024-07-08,375.8399963378906,381.0,374.3900146484375,377.010009765625,367.7455139160156,529666
2024-07-09,376.2300109863281,377.9750061035156,369.9800109863281,371.1499938964844,362.0295104980469,356368
2024-07-10,372.4700012207031,376.29998779296875,369.54998779296875,375.32000732421875,366.0970153808594,285488
2024-07-11,377.3999938964844,383.7099914550781,375.6000061035156,379.0199890136719,369.70611572265625,546519
2024-07-12,381.3399963378906,385.92999267578125,378.7699890136719,380.4700012207031,371.1204833984375,488063
2024-07-15,380.2699890136719,383.42999267578125,373.8299865722656,374.6000061035156,365.3947448730469,478995
2024-07-16,378.32000732421875,391.8800048828125,376.9100036621094,391.4100036621094,381.7916564941406,480079
2024-07-17,386.3800048828125,388.20001220703125,366.510009765625,366.6099853515625,357.6011047363281,725598
2024-07-18,371.79998779296875,380.2650146484375,365.3599853515625,368.7799987792969,359.7177734375,838365
2024-07-19,370.9100036621094,374.8399963378906,369.1600036621094,370.2300109863281,361.13214111328125,533367
2024-07-22,375.5799865722656,379.95001220703125,372.32000732421875,379.260009765625,369.9402160644531,410683
2024-07-23,377.25,384.4800109863281,377.0299987792969,379.6000061035156,370.2718811035156,374243
2024-07-24,372.7699890136719,374.07501220703125,355.67999267578125,356.9800109863281,348.2077331542969,668557
2024-07-25,357.1000061035156,364.510009765625,347.1300048828125,355.54998779296875,346.8128662109375,737031
2024-07-26,364.6300048828125,369.55999755859375,362.30999755859375,367.0899963378906,358.06927490234375,342262
2024-07-29,368.1600036621094,372.57000732421875,363.8800048828125,366.8900146484375,357.8742370605469,526629
2024-07-30,378.760009765625,389.05999755859375,369.0,379.79998779296875,370.4669494628906,793266
2024-07-31,391.760009765625,403.5899963378906,391.19000244140625,395.6499938964844,385.927490234375,868384
2024-08-01,395.6499938964844,398.79998779296875,371.0350036621094,379.7699890136719,370.4377136230469,658817
2024-08-02,369.0,369.57000732421875,354.6199951171875,366.19000244140625,357.19140625,599728
2024-08-05,350.0299987792969,369.125,346.1300048828125,364.4200134277344,355.46490478515625,556459
2024-08-06,364.6099853515625,368.82000732421875,360.4700012207031,361.0299987792969,352.158203125,409256
2024-08-07,366.3800048828125,370.010009765625,358.9800109863281,359.0400085449219,350.2170715332031,403183
2024-08-08,363.57000732421875,375.57000732421875,359.676513671875,373.7799987792969,364.5948791503906,463829
2024-08-09,371.42999267578125,377.1099853515625,369.6600036621094,377.0,367.7357482910156,414487
2024-08-12,377.5799865722656,379.9750061035156,370.5,373.2699890136719,364.0973815917969,317600
2024-08-13,377.9700012207031,380.05999755859375,371.6600036621094,375.0799865722656,365.8629150390625,377122
2024-08-14,376.7300109863281,380.69000244140625,375.6700134277344,379.67999267578125,370.3498840332031,358502
2024-08-15,385.7300109863281,389.239990234375,379.5400085449219,380.9700012207031,371.60821533203125,349053
2024-08-16,379.95001220703125,379.95001220703125,371.5199890136719,373.8299865722656,364.6436462402344,332625
2024-08-19,373.8900146484375,375.7200012207031,370.3399963378906,375.7200012207031,366.4872741699219,299129
2024-08-20,375.8399963378906,376.7149963378906,369.6300048828125,370.9200134277344,361.8052062988281,244720
2024-08-21,370.9200134277344,377.4750061035156,370.0799865722656,375.4200134277344,366.1946105957031,333752
2024-08-22,375.3599853515625,382.3612060546875,375.0400085449219,378.1400146484375,368.8477783203125,237513
2024-08-23,380.239990234375,386.67999267578125,380.239990234375,385.7799987792969,376.29998779296875,369133
2024-08-26,388.010009765625,391.43499755859375,383.9599914550781,385.1099853515625,375.6464538574219,294307
2024-08-27,382.6000061035156,389.70001220703125,381.4800109863281,387.9700012207031,378.4361877441406,478413
2024-08-28,388.6199951171875,391.489990234375,384.92999267578125,389.07000732421875,379.5091247558594,377009
2024-08-29,392.6300048828125,402.6700134277344,390.4125061035156,395.5199890136719,385.8006591796875,391782
2024-08-30,396.3800048828125,401.05499267578125,391.5,399.9200134277344,391.2995300292969,594192
2024-09-03,396.17999267578125,396.9549865722656,376.3599853515625,378.9599914550781,370.79132080078125,591207
2024-09-04,377.5199890136719,379.20001220703125,369.20001220703125,374.7699890136719,366.6916198730469,441828
2024-09-05,373.3399963378906,373.5,364.79998779296875,370.4200134277344,362.4354248046875,428210
2024-09-06,375.2699890136719,380.8599853515625,366.9100036621094,370.92999267578125,362.9344177246094,381357
2024-09-09,374.0,380.3699951171875,372.489990234375,378.1199951171875,369.96942138671875,374660
2024-09-10,381.0,381.0,373.3949890136719,380.1600036621094,371.9654846191406,216044
2024-09-11,381.1199951171875,394.2279968261719,373.8800048828125,392.8699951171875,384.4014587402344,440598
2024-09-12,392.6300048828125,400.5350036621094,390.9549865722656,399.17999267578125,390.575439453125,377673
2024-09-13,402.7200012207031,408.82000732421875,402.0,404.6300048828125,395.9079895019531,351497
2024-09-16,406.7300109863281,409.5799865722656,400.9765930175781,408.82000732421875,400.0076904296875,345050
2024-09-17,409.9800109863281,413.8900146484375,403.5150146484375,411.2900085449219,402.4244384765625,399973
2024-09-18,415.0,418.44000244140625,409.3999938964844,409.8599853515625,401.0252380371094,427543
2024-09-19,419.0,424.54998779296875,411.3700866699219,422.5400085449219,413.43194580078125,430424
2024-09-20,418.80999755859375,427.5299987792969,418.44000244140625,426.010009765625,416.8271179199219,690423
2024-09-23,427.17999267578125,433.0325012207031,423.1000061035156,426.5899963378906,417.3946228027344,258181
2024-09-24,426.0799865722656,428.79998779296875,419.92999267578125,424.8599853515625,415.701904296875,322846
2024-09-25,428.510009765625,428.510009765625,420.70001220703125,424.1300048828125,414.9876708984375,456953
2024-09-26,430.6300048828125,432.6600036621094,424.6700134277344,427.95001220703125,418.725341796875,308496
2024-09-27,428.79998779296875,432.94500732421875,427.17840576171875,428.4800109863281,419.2439270019531,299122
2024-09-30,426.7650146484375,431.54998779296875,425.3599853515625,428.3500061035156,419.1166687011719,468445
2024-10-01,429.0299987792969,430.489990234375,421.75,427.2900085449219,418.0795593261719,281742
2024-10-02,423.2900085449219,428.6000061035156,422.1600036621094,427.70001220703125,418.48077392578125,327289
2024-10-03,427.6300048828125,428.9200134277344,422.2300109863281,425.8999938964844,416.719482421875,257177
2024-10-04,432.19000244140625,432.19000244140625,426.3900146484375,429.7200012207031,420.4571838378906,261580
2024-10-07,425.8500061035156,439.1600036621094,424.57000732421875,438.42999267578125,428.97943115234375,491275
2024-10-08,440.4700012207031,442.3599853515625,436.0,441.1099853515625,431.60162353515625,330107
2024-10-09,442.8399963378906,449.79998779296875,441.0,449.4100036621094,439.72271728515625,398928
2024-10-10,436.5,444.69000244140625,431.6199951171875,443.45001220703125,433.8912048339844,456074
2024-10-11,443.3599853515625,457.0,443.3599853515625,456.57000732421875,446.7284240722656,326409
2024-10-14,457.760009765625,461.75,455.07501220703125,460.5,450.5736999511719,264371
2024-10-15,461.7699890136719,461.7699890136719,449.4200134277344,451.3900146484375,441.66009521484375,385197
2024-10-16,454.2699890136719,457.3800048828125,452.25,454.05999755859375,444.2724914550781,313610
2024-10-17,458.20001220703125,459.6000061035156,452.20001220703125,457.510009765625,447.6481628417969,277750
2024-10-18,459.0799865722656,460.57000732421875,454.6300048828125,456.80999755859375,446.9632263183594,450937
2024-10-21,459.0799865722656,459.0799865722656,454.17999267578125,456.70001220703125,446.8556213378906,150627
2024-10-22,452.54998779296875,453.17498779296875,447.04998779296875,448.3699951171875,438.7051696777344,209942
2024-10-23,447.7300109863281,449.7799987792969,440.5249938964844,444.7200012207031,435.13385009765625,273657
2024-10-24,444.82000732421875,451.7699890136719,443.364990234375,450.17999267578125,440.47613525390625,338220
2024-10-25,454.0400085449219,454.0400085449219,443.2900085449219,444.5199890136719,434.9381103515625,376674
2024-10-28,449.9200134277344,453.92999267578125,448.7950134277344,449.6700134277344,439.9771423339844,598695
2024-10-29,424.6400146484375,443.6700134277344,420.1099853515625,440.1199951171875,430.6329345703125,653335
2024-10-30,436.5299987792969,442.4849853515625,429.7300109863281,431.6600036621094,422.3553161621094,469699
2024-10-31,428.0299987792969,429.9200134277344,423.29998779296875,427.0299987792969,417.82513427734375,447984
2024-11-01,424.7699890136719,428.0,419.489990234375,425.70001220703125,416.5238037109375,539193
2024-11-04,424.5,430.8299865722656,422.3299865722656,424.9200134277344,415.7606506347656,333001
2024-11-05,428.9100036621094,440.32000732421875,428.9100036621094,439.6400146484375,430.1633605957031,365969
2024-11-06,459.3599853515625,481.3450012207031,451.1300048828125,472.1199951171875,461.9432067871094,783561
2024-11-07,472.0199890136719,475.239990234375,465.760009765625,466.9800109863281,456.9140319824219,483089
2024-11-08,468.0,468.4700012207031,463.70001220703125,467.92999267578125,457.843505859375,387617
2024-11-11,471.43499755859375,473.8800048828125,462.45001220703125,466.010009765625,455.9649353027344,535536
2024-11-12,465.55999755859375,465.82000732421875,450.3900146484375,452.0299987792969,442.2862548828125,483872
2024-11-13,454.3800048828125,458.1600036621094,451.3999938964844,453.7900085449219,444.00836181640625,539228
2024-11-14,452.82000732421875,453.17999267578125,439.510009765625,440.0899963378906,430.6036071777344,365660
2024-11-15,439.0,444.94500732421875,437.3948974609375,437.6099853515625,428.1770935058594,403882
2024-11-18,438.55999755859375,448.7200012207031,435.19000244140625,444.92999267578125,435.3392639160156,550768
2024-11-19,440.57000732421875,455.1000061035156,440.3949890136719,452.3699951171875,442.61895751953125,433777
2024-11-20,452.44000244140625,452.8999938964844,443.25,445.5799865722656,435.97528076171875,422929
2024-11-21,449.739990234375,464.5899963378906,446.6499938964844,456.4800109863281,446.640380859375,455040
2024-11-22,456.9800109863281,461.69000244140625,455.125,460.80999755859375,450.8770446777344,343665
2024-11-25,463.67999267578125,464.9800109863281,456.8500061035156,463.8599853515625,453.86126708984375,579322
2024-11-26,457.510009765625,464.9599914550781,451.7799987792969,460.739990234375,450.80853271484375,489183
2024-11-27,460.1400146484375,465.7900085449219,455.6199951171875,458.8500061035156,448.9592590332031,253964
2024-11-29,463.29998779296875,464.9125061035156,459.385009765625,460.0899963378906,451.4713134765625,198409
2024-12-02,463.6499938964844,463.6499938964844,454.9200134277344,457.2300109863281,448.6648864746094,297676
2024-12-03,459.5899963378906,459.5899963378906,454.489990234375,457.82000732421875,449.24383544921875,231299
2024-12-04,457.80999755859375,469.9599914550781,457.80999755859375,469.3800048828125,460.5872802734375,460161
2024-12-05,469.2900085449219,471.2300109863281,465.2301025390625,467.1199951171875,458.3695983886719,330711
2024-12-06,470.1099853515625,471.5299987792969,459.6400146484375,461.9700012207031,453.3160705566406,429505
2024-12-09,461.1199951171875,461.1199951171875,446.70001220703125,452.2200012207031,443.7486877441406,345440
2024-12-10,450.9700012207031,453.8800048828125,446.1199951171875,448.5899963378906,440.1866760253906,329466
2024-12-11,455.95001220703125,460.69000244140625,449.635009765625,457.0,448.4391784667969,365012
2024-12-12,457.0,457.9200134277344,451.760009765625,455.3399963378906,446.8102722167969,299313
2024-12-13,457.3800048828125,459.94000244140625,451.760009765625,453.6199951171875,445.12249755859375,233620
2024-12-16,451.95001220703125,456.55999755859375,449.6050109863281,455.82000732421875,447.28131103515625,339265
2024-12-17,451.7200012207031,451.8529968261719,437.4200134277344,439.5299987792969,431.2964172363281,561240
2024-12-18,442.0400085449219,444.8599853515625,425.29998779296875,425.4200134277344,417.45074462890625,419054
2024-12-19,432.010009765625,432.010009765625,420.8800048828125,424.54998779296875,416.5970458984375,493283
2024-12-20,421.32000732421875,431.8800048828125,418.81500244140625,426.79998779296875,418.8049011230469,821461
2024-12-23,426.489990234375,427.80999755859375,422.760009765625,425.8999938964844,417.9217834472656,203799
2024-12-24,426.29998779296875,433.1300048828125,426.29998779296875,432.0400085449219,423.9467468261719,168146
2024-12-26,430.7250061035156,433.7900085449219,429.2300109863281,430.4599914550781,422.39630126953125,313521
2024-12-27,426.7799987792969,430.0899963378906,421.6700134277344,423.1099853515625,415.18402099609375,280292
2024-12-30,417.7900085449219,421.2200012207031,412.69000244140625,419.19000244140625,411.33746337890625,194028
2024-12-31,419.5400085449219,422.2200012207031,417.6000061035156,418.8900146484375,411.04315185546875,197933
2025-01-02,423.2349853515625,427.54998779296875,417.1300048828125,419.989990234375,412.12249755859375,253009
2025-01-03,422.7799987792969,431.92999267578125,421.67999267578125,430.9599914550781,422.886962890625,343400
2025-01-06,436.760009765625,441.6300048828125,433.7550048828125,440.54998779296875,432.29730224609375,328763
2025-01-07,440.54998779296875,441.07000732421875,428.29998779296875,433.9599914550781,425.830810546875,376482
2025-01-08,430.7200012207031,435.2900085449219,424.07000732421875,434.7699890136719,426.6255798339844,333073
2025-01-10,424.05999755859375,429.3699951171875,418.80999755859375,420.25,412.37762451171875,571707
2025-01-13,413.6700134277344,420.6099853515625,409.1000061035156,420.510009765625,412.63275146484375,693525
2025-01-14,426.5199890136719,431.7799987792969,423.94000244140625,428.2099914550781,420.1885070800781,549220
2025-01-15,440.0299987792969,441.2099914550781,424.739990234375,428.92999267578125,420.89501953125,704578
2025-01-16,432.510009765625,435.3900146484375,429.07000732421875,433.9200134277344,425.7915344238281,446923
2025-01-17,438.75,438.75,432.0799865722656,437.3800048828125,429.18670654296875,375904
2025-01-21,442.7200012207031,450.75,441.6000061035156,450.3800048828125,441.9432067871094,365649
2025-01-22,463.25,477.4049987792969,456.4100036621094,456.8599853515625,448.3017883300781,883494
2025-01-23,454.42999267578125,456.8599853515625,451.57000732421875,453.7900085449219,445.2893371582031,496531
2025-01-24,455.989990234375,460.9700012207031,453.0799865722656,455.260009765625,446.7317810058594,470149
2025-01-27,429.3399963378906,430.20001220703125,408.20001220703125,414.5299987792969,406.7647705078125,1280856
2025-01-28,419.5199890136719,421.57989501953125,405.1700134277344,413.3599853515625,405.61663818359375,896819
2025-01-29,414.9800109863281,422.42510986328125,412.1099853515625,417.7099914550781,409.8851623535156,605976
2025-01-30,424.82000732421875,429.6099853515625,419.3399963378906,426.57000732421875,418.5792236328125,481399
2025-01-31,427.7099914550781,430.75,420.30999755859375,423.010009765625,415.0859069824219,497521
2025-02-03,407.05999755859375,413.6499938964844,397.79998779296875,408.7300109863281,401.0734558105469,1063397
2025-02-04,411.8299865722656,415.6400146484375,393.5899963378906,400.9100036621094,393.3999328613281,1522155
2025-02-05,405.7300109863281,405.80999755859375,398.1400146484375,400.07000732421875,392.57562255859375,661776
2025-02-06,402.45001220703125,403.0,391.32000732421875,394.989990234375,387.5907897949219,963201
2025-02-07,398.57000732421875,403.1400146484375,395.9700012207031,400.92999267578125,393.4195251464844,639127
2025-02-10,403.4800109863281,405.9100036621094,398.4501037597656,399.79998779296875,392.3106994628906,742494
2025-02-11,396.5400085449219,400.6650085449219,394.20001220703125,397.07000732421875,389.6318664550781,657139
2025-02-12,388.6600036621094,394.5899963378906,386.4700012207031,391.2099914550781,383.881591796875,635241
2025-02-13,393.07000732421875,394.45001220703125,387.6400146484375,393.2300109863281,385.86376953125,642032
2025-02-14,395.0400085449219,397.0299987792969,389.2900085449219,390.1400146484375,382.8316650390625,655544
2025-02-18,395.70001220703125,398.54998779296875,392.3800048828125,395.54998779296875,388.14031982421875,572103
2025-02-19,392.9200134277344,393.5400085449219,388.8599853515625,392.3800048828125,385.0296936035156,330246
2025-02-20,392.6700134277344,395.4649963378906,384.989990234375,389.4200134277344,382.1250915527344,443368
2025-02-21,389.7200012207031,391.7300109863281,376.1300048828125,377.4800109863281,370.4088134765625,639038
2025-02-24,378.5,381.260009765625,366.7300109863281,369.25,362.33294677734375,916596
2025-02-25,365.67999267578125,375.6600036621094,364.6300048828125,372.2099914550781,365.23748779296875,779638
2025-02-26,378.0,383.3999938964844,375.2850036621094,377.3900146484375,370.32049560546875,697487
2025-02-27,378.04998779296875,380.760009765625,368.6499938964844,369.2699890136719,362.3525390625,486397
2025-02-28,367.29998779296875,371.70001220703125,364.80499267578125,371.5899963378906,365.93719482421875,550784
2025-03-03,372.2099914550781,374.18499755859375,351.9100036621094,354.95001220703125,349.55035400390625,724620
2025-03-04,348.2300109863281,359.6300048828125,340.3800048828125,351.7900085449219,346.4384460449219,955228
2025-03-05,353.94000244140625,360.0199890136719,351.3599853515625,353.8500061035156,348.46710205078125,969461
2025-03-06,343.9700012207031,349.17999267578125,337.9700012207031,346.2799987792969,341.0122375488281,863903
2025-03-07,345.3900146484375,357.2300109863281,343.5899963378906,354.4700012207031,349.07763671875,1078895
2025-03-10,347.0,347.45001220703125,337.2099914550781,337.67999267578125,332.54302978515625,1205562
2025-03-11,336.94000244140625,344.1099853515625,332.9700012207031,340.4200134277344,335.2414245605469,1078206
2025-03-12,348.1400146484375,352.2200012207031,333.9800109863281,334.69000244140625,329.59857177734375,911248
2025-03-13,333.82000732421875,336.2200012207031,330.32000732421875,331.79998779296875,326.75250244140625,708840
2025-03-14,339.8500061035156,343.75,336.0799865722656,340.82000732421875,335.63531494140625,605022
2025-03-17,338.9700012207031,348.1099853515625,338.9700012207031,344.05999755859375,338.8260192871094,369384
2025-03-18,341.4100036621094,341.489990234375,335.7099914550781,336.3800048828125,331.2628479003906,382492
2025-03-19,338.1000061035156,346.5,336.2427062988281,342.2099914550781,337.004150390625,454625
2025-03-20,337.30999755859375,342.94500732421875,333.94000244140625,339.17999267578125,334.020263671875,615504
2025-03-21,335.2799987792969,339.4100036621094,332.4100036621094,338.3599853515625,333.2126770019531,813564
2025-03-24,344.7300109863281,349.9800109863281,343.8460998535156,349.5,344.1832580566406,577255
2025-03-25,349.4100036621094,355.3349914550781,346.6449890136719,353.6199951171875,348.2406005859375,580780
2025-03-26,351.2699890136719,353.489990234375,344.8699951171875,346.6300048828125,341.35693359375,714454
2025-03-27,343.6700134277344,348.1300048828125,340.0,342.0,336.79736328125,379099
2025-03-28,339.42999267578125,340.7550048828125,330.7099914550781,332.010009765625,326.9593505859375,387277
2025-03-31,328.8900146484375,332.8399963378906,316.3399963378906,330.9100036621094,325.87603759765625,669387
2025-04-01,329.1000061035156,334.95001220703125,325.9150085449219,332.8599853515625,327.79638671875,470908
2025-04-02,325.8900146484375,342.0899963378906,325.5299987792969,341.6199951171875,336.4231262207031,345287
2025-04-03,321.20001220703125,326.5199890136719,313.1300048828125,321.3500061035156,316.4615478515625,1033709
2025-04-04,311.2099914550781,320.3500061035156,299.42498779296875,315.94000244140625,311.1337890625,1202143
2025-04-07,307.92999267578125,333.3900146484375,300.7699890136719,316.8900146484375,312.0693664550781,1037760
2025-04-08,326.7099914550781,331.6400146484375,312.9150085449219,317.5,312.6700134277344,1154432
2025-04-09,316.3699951171875,355.2200012207031,314.7799987792969,351.95001220703125,346.5959777832031,1340732
2025-04-10,341.9100036621094,351.3598937988281,333.44500732421875,341.8399963378906,336.6397705078125,869092
2025-04-11,340.010009765625,355.989990234375,335.54998779296875,353.42999267578125,348.053466796875,1052244
2025-04-14,358.0400085449219,360.1099853515625,349.2900085449219,350.510009765625,345.17791748046875,1009217
2025-04-15,350.1000061035156,353.4800109863281,345.70001220703125,346.5899963378906,341.3175354003906,595590
2025-04-16,341.4100036621094,345.5,334.20001220703125,338.7799987792969,333.6263427734375,464181
2025-04-17,340.739990234375,342.2099914550781,337.1000061035156,338.9700012207031,333.81341552734375,466124
2025-04-21,334.8949890136719,334.8949890136719,325.0799865722656,329.2200012207031,324.21173095703125,464458
2025-04-22,333.57000732421875,341.8699951171875,333.57000732421875,340.5199890136719,335.3398742675781,357800
2025-04-23,357.55999755859375,359.05999755859375,345.79998779296875,345.95001220703125,340.687255859375,599098
2025-04-24,347.1499938964844,361.9599914550781,347.1499938964844,360.2799987792969,354.7992858886719,470586
2025-04-25,357.6700134277344,365.4200134277344,356.94000244140625,359.8399963378906,354.3659362792969,434579
2025-04-28,359.7200012207031,363.3999938964844,354.5745849609375,357.9800109863281,352.5343017578125,409796
2025-04-29,357.9800109863281,361.56500244140625,354.75,359.4700012207031,354.0015869140625,440238
2025-04-30,353.2200012207031,363.4800109863281,351.2650146484375,363.17999267578125,357.6551513671875,736800
2025-05-01,365.92999267578125,367.3500061035156,341.0299987792969,343.1199951171875,337.90032958984375,1468575
2025-05-02,349.6300048828125,356.1000061035156,347.3599853515625,355.9100036621094,350.4957580566406,1047052
2025-05-05,354.29998779296875,359.4649963378906,352.010009765625,353.510009765625,348.13226318359375,515697
2025-05-06,350.0,353.5400085449219,346.07000732421875,348.30999755859375,343.0113830566406,611346
2025-05-07,350.07000732421875,353.79998779296875,349.3949890136719,352.3900146484375,347.029296875,500916
2025-05-08,357.30999755859375,358.29998779296875,353.8299865722656,354.57000732421875,349.1761779785156,719215
2025-05-09,356.5299987792969,358.5299987792969,353.5199890136719,356.7200012207031,351.2934265136719,465712
2025-05-12,373.17999267578125,381.8550109863281,373.17999267578125,378.4100036621094,372.65350341796875,788757
2025-05-13,378.4100036621094,389.04998779296875,378.0400085449219,386.6600036621094,380.7779846191406,843225
2025-05-14,388.7699890136719,390.0400085449219,384.0,385.67999267578125,379.8128356933594,640012
2025-05-15,384.2699890136719,388.25,382.6099853515625,386.6400146484375,380.75830078125,821403
2025-05-16,387.6600036621094,393.010009765625,384.260009765625,392.2200012207031,386.2533874511719,659441
2025-05-19,386.5400085449219,392.95001220703125,384.8800048828125,390.7699890136719,384.825439453125,474774
2025-05-20,387.1000061035156,392.3800048828125,386.0,389.0799865722656,383.1611328125,434469
2025-05-21,384.3699951171875,389.8299865722656,381.510009765625,381.9100036621094,376.1002197265625,831891
2025-05-22,380.0,393.0,376.760009765625,389.3900146484375,383.4664611816406,868848
2025-05-23,383.05999755859375,393.239990234375,383.05999755859375,390.5899963378906,384.648193359375,737746
2025-05-27,394.6400146484375,401.2699890136719,392.57000732421875,398.8599853515625,392.7923583984375,715590
2025-05-28,399.45001220703125,400.82501220703125,394.1499938964844,395.2200012207031,389.207763671875,501077
2025-05-29,399.8500061035156,399.8500061035156,395.125,396.94000244140625,390.901611328125,528875
2025-05-30,395.8450012207031,395.8450012207031,386.17498779296875,389.5799865722656,384.9336242675781,1127960
2025-06-02,388.3399963378906,389.55499267578125,374.67999267578125,381.3399963378906,376.7918701171875,621023
2025-06-03,383.3699951171875,390.7799987792969,382.1499938964844,390.07000732421875,385.41778564453125,631744
2025-06-04,390.9599914550781,392.8599853515625,389.95001220703125,390.7200012207031,386.05999755859375,370224
2025-06-05,393.510009765625,393.510009765625,386.2699890136719,388.6099853515625,383.9751892089844,547167
2025-06-06,394.489990234375,397.4599914550781,392.42999267578125,395.2799987792969,390.5656433105469,391942
2025-06-09,397.6099853515625,398.3399963378906,392.2699890136719,392.3399963378906,387.66070556640625,335379
2025-06-10,393.6499938964844,393.7749938964844,385.3599853515625,388.0899963378906,383.4613952636719,513913
2025-06-11,389.4599914550781,394.2699890136719,386.2799987792969,388.989990234375,384.35064697265625,559656
2025-06-12,384.6400146484375,391.4800109863281,383.6700134277344,391.0400085449219,386.376220703125,337278
2025-06-13,385.6700134277344,388.2900085449219,380.8599853515625,382.0299987792969,377.4736633300781,447156
2025-06-16,389.80999755859375,392.0199890136719,386.56500244140625,391.8900146484375,387.2160949707031,471367
2025-06-17,390.6700134277344,395.739990234375,389.9100036621094,391.2200012207031,386.5541076660156,543258
2025-06-18,391.42999267578125,402.3699951171875,391.42999267578125,398.7300109863281,393.9744873046875,606325
2025-06-20,401.7699890136719,401.8500061035156,394.9100036621094,395.7900085449219,391.0695495605469,757149
2025-06-23,394.3800048828125,394.8900146484375,385.9100036621094,394.69000244140625,389.9826965332031,784204
2025-06-24,398.9150085449219,404.6549987792969,396.3399963378906,402.989990234375,398.1836853027344,526977
2025-06-25,404.4100036621094,404.4100036621094,398.6449890136719,399.05999755859375,394.3005676269531,386644
2025-06-26,401.7799987792969,406.9700012207031,400.989990234375,405.260009765625,400.4266052246094,447995
2025-06-27,410.9200134277344,414.30999755859375,403.8900146484375,406.6199951171875,401.7704162597656,562260
2025-06-30,407.6099853515625,409.1499938964844,404.2349853515625,408.4100036621094,403.5390625,395562
2025-07-01,405.4599914550781,412.9700012207031,402.0400085449219,410.510009765625,405.614013671875,466087
2025-07-02,412.0,415.82000732421875,409.75,415.1199951171875,410.16900634765625,381543
2025-07-03,417.7200012207031,420.0,414.2049865722656,414.8399963378906,409.89239501953125,315849
2025-07-07,413.18499755859375,415.0173034667969,408.5299987792969,412.9700012207031,408.0446472167969,530797
2025-07-08,413.8800048828125,416.1499938964844,409.17498779296875,412.5,407.5802917480469,578012
2025-07-09,415.1300048828125,419.625,409.1499938964844,417.7099914550781,412.7281494140625,628765
2025-07-10,417.6600036621094,425.239990234375,409.95001220703125,422.260009765625,417.223876953125,803046
2025-07-11,419.6700134277344,421.6700134277344,417.19000244140625,419.239990234375,414.2398681640625,521464
2025-07-14,415.8599853515625,417.25,412.7799987792969,415.0799865722656,410.1294860839844,315525
2025-07-15,418.7699890136719,419.4750061035156,412.5199890136719,414.8599853515625,409.912109375,411530
2025-07-16,415.25,418.7300109863281,409.2300109863281,418.4200134277344,413.4296875,435047
2025-07-17,421.79998779296875,437.8399963378906,421.79998779296875,437.2300109863281,432.0153503417969,522594
2025-07-18,437.510009765625,439.0199890136719,429.4800109863281,430.2799987792969,425.148193359375,557734
2025-07-21,431.05999755859375,433.4700012207031,421.8900146484375,422.2699890136719,417.2337341308594,557099
2025-07-22,422.25,429.69000244140625,418.67999267578125,428.54998779296875,423.4388427734375,395371
2025-07-23,432.239990234375,438.1499938964844,430.79998779296875,434.95001220703125,429.7625732421875,749555
2025-07-24,435.0,438.95001220703125,433.2900085449219,437.5,432.2821044921875,601526
2025-07-25,441.0299987792969,443.7799987792969,438.510009765625,442.5400085449219,437.2619934082031,489931
2025-07-28,446.260009765625,446.260009765625,435.20001220703125,438.30999755859375,433.08245849609375,1057830
2025-07-29,425.0,435.55999755859375,420.239990234375,427.3299865722656,422.2333679199219,997838
2025-07-30,432.4200134277344,442.2699890136719,431.7699890136719,437.44000244140625,432.2228088378906,1097091
2025-07-31,437.1199951171875,447.7850036621094,436.8500061035156,437.4800109863281,432.2623596191406,682553
2025-08-01,428.8999938964844,430.114990234375,419.55999755859375,426.739990234375,421.650390625,744359
2025-08-04,426.4599914550781,431.18499755859375,423.53070068359375,429.05999755859375,423.9427795410156,553272
2025-08-05,430.0,431.5400085449219,421.55999755859375,427.6700134277344,422.5693359375,554198
2025-08-06,424.1600036621094,425.70001220703125,417.9549865722656,423.57000732421875,418.51824951171875,535949
2025-08-07,428.0400085449219,428.0400085449219,415.57000732421875,417.8399963378906,412.8565979003906,459235
2025-08-08,420.0400085449219,420.95001220703125,416.19000244140625,418.6499938964844,413.6568908691406,254634
2025-08-11,418.6600036621094,420.94000244140625,416.7900085449219,417.5400085449219,412.5601806640625,290347
2025-08-12,422.9825134277344,434.3599853515625,420.0,432.1400146484375,426.98602294921875,414539
2025-08-13,434.0400085449219,445.05499267578125,427.32000732421875,443.95001220703125,438.65521240234375,765491
2025-08-14,439.4700012207031,441.95001220703125,434.9800109863281,437.6700134277344,432.4501037597656,473414
2025-08-15,438.3900146484375,438.5599060058594,427.0150146484375,427.6499938964844,422.5495910644531,510464
2025-08-18,428.5400085449219,433.07000732421875,426.0,432.2200012207031,427.0650939941406,366493
2025-08-19,432.1199951171875,433.4049987792969,427.57000732421875,432.80999755859375,427.64801025390625,329979
2025-08-20,430.2300109863281,431.32000732421875,424.92999267578125,429.9599914550781,424.83203125,345961
2025-08-21,428.1099853515625,430.5799865722656,425.3999938964844,427.57000732421875,422.4705505371094,415357
2025-08-22,429.9800109863281,445.75750732421875,429.6600036621094,440.8500061035156,435.5921630859375,326643
2025-08-25,439.8900146484375,442.125,436.8399963378906,437.55999755859375,432.3414306640625,280425
2025-08-26,436.8699951171875,443.1099853515625,436.8699951171875,442.5199890136719,437.24224853515625,546797
2025-08-27,441.54998779296875,447.4700012207031,438.260009765625,446.05999755859375,440.7400207519531,334424
2025-08-28,447.1099853515625,450.3900146484375,444.3599853515625,445.79998779296875,440.48309326171875,481397
2025-08-29,442.25,443.6300048828125,429.69000244140625,430.989990234375,427.1144104003906,579238
2025-09-02,429.06500244140625,431.3299865722656,422.1400146484375,430.1499938964844,426.2819519042969,422755
2025-09-03,432.3999938964844,432.3999938964844,424.30999755859375,428.79998779296875,424.9441223144531,351022
2025-09-04,430.0,437.5249938964844,426.885009765625,437.1600036621094,433.22894287109375,434995
2025-09-05,439.6300048828125,443.0,429.0,436.0400085449219,432.1190490722656,395847
2025-09-08,436.010009765625,437.3800048828125,430.05499267578125,436.6199951171875,432.69378662109375,453016
2025-09-09,435.05999755859375,437.6700134277344,427.8500061035156,437.239990234375,433.3081970214844,344619
2025-09-10,441.4800109863281,453.20001220703125,439.6700134277344,442.3299865722656,438.3524475097656,538637
2025-09-11,441.57000732421875,452.239990234375,439.3599853515625,450.92999267578125,446.8751220703125,541351
2025-09-12,449.54998779296875,450.9049987792969,436.79998779296875,437.42999267578125,433.49652099609375,729280
2025-09-15,438.67999267578125,442.17999267578125,433.9375,438.1099853515625,434.1703796386719,658244
2025-09-16,438.3599853515625,438.7799987792969,431.8500061035156,435.44000244140625,431.5244140625,457196
2025-09-17,435.2799987792969,440.6600036621094,429.57000732421875,433.260009765625,429.364013671875,440614
2025-09-18,436.4100036621094,443.4800109863281,432.1962890625,440.1000061035156,436.1424865722656,401463
2025-09-19,442.9800109863281,444.25,436.3500061035156,441.44000244140625,437.470458984375,732542
2025-09-22,439.55999755859375,440.010009765625,428.3299865722656,438.489990234375,434.5469665527344,629598
2025-09-23,440.42999267578125,442.0,431.510009765625,435.2300109863281,431.3163146972656,470300
2025-09-24,436.19000244140625,437.239990234375,430.80999755859375,431.1600036621094,427.2829284667969,485696
2025-09-25,425.3900146484375,427.4049987792969,418.19000244140625,420.44000244140625,416.6592712402344,577105
2025-09-26,421.29998779296875,426.1400146484375,416.2200012207031,425.2200012207031,421.39630126953125,485634
2025-09-29,428.5199890136719,429.3699951171875,423.5299987792969,426.44000244140625,422.6053466796875,562951
2025-09-30,424.55999755859375,431.07000732421875,424.55999755859375,430.30999755859375,426.4405517578125,351895
2025-10-01,426.7900085449219,435.5,425.7749938964844,430.4700012207031,426.5990905761719,327415
2025-10-02,434.6099853515625,436.7799987792969,419.32000732421875,423.4200134277344,419.6125183105469,549445
2025-10-03,423.7200012207031,424.06500244140625,411.75,413.0,409.2862243652344,776557
2025-10-06,420.3399963378906,420.9100036621094,411.0899963378906,413.04998779296875,409.3357238769531,624273
2025-10-07,416.45001220703125,419.989990234375,410.5299987792969,412.92999267578125,409.216796875,472912
2025-10-08,413.7200012207031,420.239990234375,408.510009765625,419.6700134277344,415.896240234375,528884
2025-10-09,420.70001220703125,421.2099914550781,411.57501220703125,418.8900146484375,415.1232604980469,460527
2025-10-10,421.2300109863281,425.07000732421875,408.29998779296875,408.4599914550781,404.7870178222656,402979
2025-10-13,412.1499938964844,421.07000732421875,410.9750061035156,418.7200012207031,414.95477294921875,449415
2025-10-14,412.94000244140625,433.7699890136719,412.5150146484375,427.42999267578125,423.5864562988281,588585
2025-10-15,433.4800109863281,438.07501220703125,428.2850036621094,434.04998779296875,430.14691162109375,794105
2025-10-16,433.6300048828125,437.389892578125,424.0201110839844,428.82000732421875,424.9639587402344,334214
2025-10-17,427.5299987792969,432.44000244140625,423.9700012207031,425.7099914550781,421.88189697265625,362518
2025-10-20,431.1700134277344,434.6700134277344,428.1300048828125,431.6499938964844,427.76849365234375,219249
2025-10-21,429.45001220703125,437.69000244140625,427.87799072265625,435.2900085449219,431.3757629394531,342407
2025-10-22,437.7799987792969,438.2650146484375,420.79998779296875,422.6300048828125,418.8296203613281,630831
2025-10-23,425.7200012207031,433.7099914550781,425.7200012207031,433.2699890136719,429.3739318847656,291900
2025-10-24,440.0799865722656,440.0799865722656,434.2300109863281,434.3900146484375,430.4838562011719,300601
2025-10-27,439.2099914550781,440.69000244140625,432.3900146484375,433.9800109863281,430.0775146484375,633160
2025-10-28,425.5,456.5799865722656,415.95001220703125,455.3399963378906,451.2454528808594,1677955
2025-10-29,463.2900085449219,478.54998779296875,458.9599914550781,472.57000732421875,468.3205261230469,1216536
2025-10-30,468.0,484.260009765625,465.8699951171875,469.9599914550781,465.7339782714844,829733
2025-10-31,472.70001220703125,477.2850036621094,467.5299987792969,470.0,465.7736511230469,725627
2025-11-03,473.4049987792969,473.4049987792969,465.760009765625,467.6099853515625,463.4051208496094,634925
2025-11-04,462.1400146484375,465.885009765625,453.5400085449219,459.44000244140625,455.3086242675781,746246
2025-11-05,460.3800048828125,473.79998779296875,456.82501220703125,468.05999755859375,463.85107421875,531369
2025-11-06,469.5199890136719,474.25,460.32000732421875,461.4700012207031,457.3203430175781,482293
2025-11-07,455.69000244140625,463.70001220703125,453.0824890136719,462.42999267578125,458.2716979980469,533812
2025-11-10,465.2300109863281,468.5199890136719,456.4725036621094,462.2799987792969,458.1230163574219,655435
2025-11-11,460.67999267578125,460.82501220703125,449.8599853515625,450.1199951171875,446.0724182128906,437780
2025-11-12,453.989990234375,456.3999938964844,446.010009765625,453.0,448.926513671875,430817
2025-11-13,450.8599853515625,451.9549865722656,435.82000732421875,437.6499938964844,433.71453857421875,477583
2025-11-14,430.510009765625,439.43499755859375,428.1099853515625,432.82000732421875,428.927978515625,508626
2025-11-17,429.80999755859375,434.1300048828125,419.5,420.57000732421875,416.7881164550781,546769
2025-11-18,415.8999938964844,420.1700134277344,412.25,417.2799987792969,413.5277404785156,578828
2025-11-19,420.0899963378906,422.8900146484375,415.9599914550781,419.0899963378906,415.3214111328125,395189
2025-11-20,430.1600036621094,432.4800109863281,405.1549987792969,407.3599853515625,403.6968994140625,740369
2025-11-21,407.5899963378906,423.489990234375,403.82000732421875,421.8399963378906,418.04669189453125,760070
2025-11-24,421.94000244140625,430.79998779296875,417.7950134277344,424.0799865722656,420.26654052734375,516418
2025-11-25,424.69000244140625,431.0799865722656,420.2850036621094,429.82000732421875,425.9549560546875,274930
2025-11-26,429.9100036621094,433.4599914550781,428.32000732421875,428.4700012207031,424.6170959472656,325525
2025-11-28,428.010009765625,432.44000244140625,427.0950012207031,431.42999267578125,428.9721374511719,177382
2025-12-01,426.6099853515625,432.8949890136719,425.81500244140625,427.8500061035156,425.4125671386719,383611
2025-12-02,428.3999938964844,430.70001220703125,422.3900146484375,427.4800109863281,425.0446472167969,445133
2025-12-03,426.3999938964844,431.260009765625,422.1000061035156,429.3399963378906,426.89404296875,338321
2025-12-04,428.0299987792969,439.44000244140625,425.8349914550781,437.7099914550781,435.2163391113281,372260
2025-12-05,436.6099853515625,442.82000732421875,435.7300109863281,440.5299987792969,438.0202941894531,389051
2025-12-08,439.67999267578125,449.3599853515625,435.4200134277344,441.510009765625,438.9947204589844,353026
2025-12-09,438.4100036621094,443.6300048828125,438.07000732421875,438.70001220703125,436.20074462890625,357359
2025-12-10,439.3699951171875,449.9800109863281,437.79998779296875,448.17999267578125,445.626708984375,467933
2025-12-11,448.1499938964844,464.3699951171875,446.385009765625,462.82000732421875,460.1833190917969,572950
2025-12-12,460.2099914550781,466.6650085449219,446.3399963378906,448.0,445.44775390625,1177643
2025-12-15,454.7799987792969,454.7799987792969,444.0,444.8399963378906,442.30572509765625,571492
2025-12-16,445.2699890136719,447.6300048828125,437.510009765625,438.4200134277344,435.9223327636719,486525
2025-12-17,437.04998779296875,440.239990234375,424.69000244140625,429.67999267578125,427.2320861816406,599833
2025-12-18,436.9800109863281,440.19000244140625,430.7699890136719,434.8500061035156,432.3726501464844,597282
2025-12-19,436.0299987792969,443.635009765625,433.5700988769531,442.510009765625,439.989013671875,989476
2025-12-22,447.7099914550781,452.7598876953125,445.010009765625,451.0299987792969,448.4604797363281,335520
2025-12-23,449.3900146484375,457.75,449.3900146484375,455.9200134277344,453.3226318359375,374354
2025-12-24,457.3999938964844,460.3999938964844,452.32000732421875,456.2799987792969,453.6805725097656,117064
2025-12-26,456.32000732421875,456.32000732421875,451.7799987792969,454.94000244140625,452.34820556640625,163815
2025-12-29,452.8900146484375,456.4599914550781,451.19000244140625,451.3900146484375,448.8184509277344,253069
2025-12-30,450.3999938964844,454.4599914550781,446.10009765625,446.6099853515625,444.0656433105469,223008
2025-12-31,451.17999267578125,451.17999267578125,443.9599914550781,444.1099853515625,441.57989501953125,249495
2026-01-02,450.0249938964844,465.6400146484375,447.614990234375,463.0299987792969,460.3921203613281,526279
2026-01-05,465.79998779296875,471.5299987792969,463.30499267578125,465.4800109863281,462.8281555175781,516251
2026-01-06,463.3399963378906,479.04998779296875,457.1099853515625,477.4599914550781,474.7398986816406,465801
2026-01-07,476.6700134277344,477.0199890136719,462.95001220703125,468.20001220703125,465.5326843261719,489622
2026-01-08,465.94000244140625,467.9200134277344,456.2099914550781,460.8699951171875,458.2444152832031,577911
2026-01-09,463.4800109863281,472.6199951171875,462.2300109863281,470.5299987792969,467.8493957519531,422407
2026-01-12,467.25,475.80999755859375,467.25,472.8800048828125,470.18603515625,340178
2026-01-13,474.1300048828125,483.9599914550781,473.42999267578125,481.67999267578125,478.93585205078125,462322
2026-01-14,481.54998779296875,481.54998779296875,467.7049865722656,476.05999755859375,473.3478698730469,658341
2026-01-15,482.07000732421875,489.3800048828125,479.3500061035156,484.1099853515625,481.3520202636719,386167
2026-01-16,491.7200012207031,497.95001220703125,488.0801086425781,489.30999755859375,486.52239990234375,745964
2026-01-20,483.5400085449219,488.7099914550781,472.4100036621094,472.5400085449219,469.84796142578125,580095
2026-01-21,476.25,487.29998779296875,472.7650146484375,482.5,479.751220703125,639163
2026-01-22,487.75,488.9800109863281,478.6400146484375,484.05999755859375,481.30230712890625,333969
2026-01-23,485.9200134277344,489.510009765625,481.5675048828125,485.5299987792969,482.7639465332031,404252
2026-01-26,486.3399963378906,488.2449951171875,482.3999938964844,486.82000732421875,484.0466003417969,332390
2026-01-27,486.510009765625,487.6300048828125,475.7850036621094,484.1400146484375,481.3818664550781,500857
2026-01-28,482.5,493.9200134277344,478.3699951171875,485.7300109863281,482.9627990722656,629734
2026-01-29,489.6600036621094,498.8900146484375,486.4750061035156,497.9700012207031,495.133056640625,466244
2026-01-30,493.29998779296875,501.32000732421875,482.8699951171875,487.94000244140625,485.16021728515625,533319
2026-02-02,487.94000244140625,499.260009765625,486.95001220703125,495.5899963378906,492.7666320800781,673458
2026-02-03,500.05999755859375,513.5900268554688,480.1499938964844,503.8599853515625,500.989501953125,1061495
2026-02-04,505.29998779296875,511.5199890136719,472.1400146484375,487.1600036621094,484.3846435546875,1204392
2026-02-05,487.1600036621094,491.6000061035156,476.92999267578125,487.3999938964844,484.623291015625,668503
2026-02-06,495.29998779296875,503.8699951171875,491.3299865722656,503.79998779296875,500.9298400878906,938004
2026-02-09,500.1600036621094,508.30499267578125,496.69000244140625,506.1400146484375,503.25653076171875,610244
2026-02-10,503.79998779296875,510.6199951171875,500.1199951171875,503.1000061035156,500.2338562011719,489591
2026-02-11,510.0,519.1400146484375,503.510009765625,516.030029296875,513.0902099609375,680231
2026-02-12,520.2000122070312,533.7999877929688,514.75,516.02001953125,513.0802612304688,1078200
2026-02-13,514.0599975585938,526.0599975585938,509.10089111328125,524.1199951171875,521.1340942382812,708403
2026-02-17,519.4600219726562,527.9600219726562,517.8499755859375,524.25,521.2633056640625,376754
2026-02-18,521.1799926757812,528.5299072265625,517.5700073242188,522.2999877929688,519.324462890625,506473
2026-02-19,519.2000122070312,529.2150268554688,517.6699829101562,526.5599975585938,523.5601806640625,396511
2026-02-20,525.2999877929688,533.2000122070312,520.6900024414062,526.72998046875,523.7291870117188,511269
2026-02-23,524.8800048828125,528.6024780273438,512.719970703125,516.989990234375,514.0447387695312,30
2026-02-24,518.1599731445312,533.0,518.1599731445312,526.75,523.7490844726562,30
2026-02-25,528.1699829101562,532.155029296875,519.2899780273438,527.9000244140625,524.892578125,30
2026-02-26,530.6599731445312,531.0499877929688,513.1849975585938,524.1900024414062,521.2036743164062,468644
2026-02-27,517.0399780273438,517.0399780273438,504.4800109863281,511.6300048828125,510.0970458984375,651819
2026-03-02,507.5,522.2100219726562,502.95001220703125,516.97998046875,515.4310302734375,442734
2026-03-03,498.9700012207031,502.8800048828125,487.0899963378906,488.489990234375,487.0263671875,576585
2026-03-04,491.8900146484375,495.05999755859375,484.4599914550781,490.7799987792969,489.30950927734375,440142
2026-03-05,484.6499938964844,489.6099853515625,473.94000244140625,476.510009765625,475.082275390625,755365
2026-03-06,463.70001220703125,480.45001220703125,460.0400085449219,471.5400085449219,470.1271667480469,664295
2026-03-09,462.8399963378906,488.07000732421875,457.6000061035156,487.760009765625,486.298583984375,590633
2026-03-10,485.70001220703125,494.07000732421875,478.04998779296875,478.05999755859375,476.62762451171875,700970
2026-03-11,477.4725036621094,481.4800109863281,473.0249938964844,477.9700012207031,476.53790283203125,440229
2026-03-12,471.70001220703125,475.0199890136719,462.0799865722656,468.4100036621094,467.0065612792969,575361
2026-03-13,470.6549987792969,474.9849853515625,461.885009765625,467.3800048828125,465.9796447753906,547867
2026-03-16,477.4700012207031,479.989990234375,470.5101013183594,472.6400146484375,471.223876953125,451042
2026-03-17,485.17999267578125,485.17999267578125,462.0,471.2200012207031,469.8081359863281,506089
2026-03-18,471.6199951171875,487.4700012207031,468.989990234375,477.4700012207031,476.0393981933594,1076066
2026-03-19,470.19500732421875,496.79998779296875,467.82501220703125,492.6499938964844,491.1739196777344,822836
2026-03-20,487.2099914550781,490.1499938964844,473.6000061035156,475.739990234375,474.3145751953125,1019280
2026-03-23,489.5899963378906,501.32000732421875,487.239990234375,489.07000732421875,487.6046447753906,480654
2026-03-24,486.5450134277344,507.7200012207031,482.93499755859375,505.6199951171875,504.10504150390625,555832
2026-03-25,511.04998779296875,511.5899963378906,502.9649963378906,503.20001220703125,501.69232177734375,577082
2026-03-26,496.42999267578125,499.6050109863281,480.2200012207031,481.6700134277344,480.2268371582031,493293
2026-03-27,478.1300048828125,488.3399963378906,475.04998779296875,480.9700012207031,479.5289306640625,435360
2026-03-30,490.7300109863281,490.7300109863281,468.6600036621094,472.07000732421875,470.65557861328125,406147
2026-03-31,478.6300048828125,496.4649963378906,474.7900085449219,490.739990234375,489.2696228027344,452457
2026-04-01,496.55999755859375,504.909912109375,495.7799987792969,500.3800048828125,498.8807678222656,421534
2026-04-02,486.6199951171875,503.3900146484375,484.6099853515625,494.25,492.7691345214844,307769
2026-04-06,492.6000061035156,499.8500061035156,488.8500061035156,499.20001220703125,497.7043151855469,271430
2026-04-07,496.05999755859375,501.7900085449219,491.6600036621094,499.30999755859375,497.81396484375,620421
2026-04-08,522.9299926757812,529.739990234375,516.1199951171875,527.2100219726562,525.63037109375,433369
2026-04-09,525.6500244140625,536.9650268554688,521.4600219726562,534.6699829101562,533.0679931640625,559082
2026-04-10,537.1699829101562,543.6500244140625,535.0,536.010009765625,534.4039916992188,431463
2026-04-13,535.239990234375,540.6300048828125,531.3300170898438,539.7899780273438,538.1726684570312,474441
2026-04-14,543.3800048828125,548.969970703125,532.7899780273438,545.6199951171875,543.9852294921875,462297
2026-04-15,542.27001953125,544.4149780273438,522.510009765625,526.9400024414062,525.3612060546875,563750
2026-04-16,525.989990234375,528.5999755859375,517.8300170898438,521.7100219726562,520.1468505859375,473274
2026-04-17,527.0599975585938,541.719970703125,527.0599975585938,535.5700073242188,533.96533203125,579222
2026-04-20,536.02001953125,548.0999755859375,534.0,546.22998046875,544.5933837890625,403516
2026-04-21,546.8599853515625,553.8289794921875,545.0700073242188,549.1099853515625,547.4647216796875,513602
2026-04-22,555.52001953125,557.1099853515625,547.6199951171875,549.75,548.1028442382812,384162
2026-04-23,552.4199829101562,565.4998779296875,552.4199829101562,557.8499755859375,556.1785278320312,442693
2026-04-24,559.510009765625,561.7899780273438,547.3699951171875,553.0700073242188,551.4129028320312,450659
2026-04-27,555.530029296875,561.9000244140625,542.6599731445312,555.3400268554688,553.6760864257812,575670
2026-04-28,548.2899780273438,550.5599975585938,535.2050170898438,544.7100219726562,543.0779418945312,466351
2026-04-29,549.4600219726562,554.6900024414062,539.3250122070312,545.9299926757812,544.2942504882812,669276
2026-04-30,514.0,533.739990234375,498.8299865722656,508.1700134277344,506.6474304199219,1620941
2026-05-01,515.3300170898438,520.22998046875,506.3699951171875,508.42999267578125,506.9066467285156,694805
2026-05-04,509.3999938964844,519.0900268554688,507.8699951171875,516.0,514.4539794921875,629121
2026-05-05,519.5499877929688,523.9500122070312,502.4100036621094,507.80999755859375,506.2884826660156,738010
2026-05-06,518.5599975585938,518.7000122070312,501.1099853515625,502.3399963378906,500.8348693847656,796769
2026-05-07,505.80999755859375,505.8399963378906,487.9815979003906,493.0400085449219,491.562744140625,725261
2026-05-08,498.32000732421875,500.6099853515625,490.010009765625,492.5799865722656,491.1041259765625,499340
2026-05-11,489.95001220703125,498.32000732421875,487.1400146484375,490.1600036621094,488.6913757324219,788811
2026-05-12,489.0400085449219,489.0400085449219,476.2099914550781,485.9800109863281,484.52392578125,698392
2026-05-13,489.82000732421875,491.8900146484375,480.44000244140625,483.7900085449219,482.3404846191406,803413
2026-05-14,486.69000244140625,487.7900085449219,477.5199890136719,482.0299987792969,480.5857238769531,665125
2026-05-15,475.8999938964844,484.6199951171875,473.79998779296875,479.9700012207031,478.53192138671875,622375
2026-05-18,479.2300109863281,480.6650085449219,466.2699890136719,470.8699951171875,469.45916748046875,572213
2026-05-19,465.6099853515625,471.1199951171875,457.989990234375,461.5,460.11724853515625,554344
2026-05-20,464.9599914550781,468.80999755859375,458.010009765625,463.32000732421875,461.9317932128906,1052124
2026-05-21,462.3999938964844,463.9849853515625,453.4800109863281,460.9800109863281,459.59881591796875,697415
2026-05-22,465.1300048828125,476.3399963378906,457.010009765625,475.010009765625,473.5867919921875,824993
2026-05-26,478.82000732421875,484.989990234375,475.1000061035156,478.04998779296875,476.6176452636719,829210
2026-05-27,483.010009765625,488.239990234375,479.1199951171875,484.25,482.799072265625,828843
2026-05-28,483.25,486.260009765625,472.29998779296875,473.92999267578125,472.510009765625,598919
2026-05-29,473.79998779296875,477.1300048828125,464.44000244140625,473.6099853515625,473.6099853515625,774052
2026-06-01,463.7900085449219,467.97900390625,457.97698974609375,462.92999267578125,462.92999267578125,446311
2026-06-02,465.1499938964844,482.2099914550781,464.8550109863281,480.4599914550781,480.4599914550781,678780
2026-06-03,485.3699951171875,492.69000244140625,479.7200012207031,484.9100036621094,484.9100036621094,599792
2026-06-04,479.7699890136719,485.5199890136719,474.19000244140625,485.2699890136719,485.2699890136719,416731
2026-06-05,480.489990234375,484.5,474.1400146484375,476.82000732421875,476.82000732421875,786765
2026-06-08,480.57000732421875,487.5,474.760009765625,485.0299987792969,485.0299987792969,742870
2026-06-09,487.19000244140625,493.4700012207031,471.7200012207031,486.4700012207031,486.4700012207031,809219
2026-06-10,483.2900085449219,489.3399963378906,464.82000732421875,467.5899963378906,467.5899963378906,864989
2026-06-11,470.8399963378906,474.1400146484375,465.30999755859375,469.32000732421875,469.32000732421875,882494
2026-06-12,473.7300109863281,479.2200012207031,468.760009765625,476.8900146484375,476.8900146484375,436907
2026-06-15,482.2699890136719,497.0299987792969,482.0400085449219,489.7300109863281,489.7300109863281,672152
2026-06-16,496.6499938964844,514.885009765625,496.5924987792969,502.6499938964844,502.6499938964844,775048
2026-06-17,505.54998779296875,520.219970703125,503.92999267578125,508.8699951171875,508.8699951171875,570234
2026-06-18,517.8800048828125,529.9749755859375,517.2349853515625,523.6900024414062,523.6900024414062,887577
2026-06-22,528.9299926757812,539.4000244140625,526.97998046875,539.3900146484375,539.3900146484375,513755
2026-06-23,524.989990234375,524.989990234375,507.7699890136719,509.9599914550781,509.9599914550781,674695
2026-06-24,506.2099914550781,518.375,503.54998779296875,518.1799926757812,518.1799926757812,590827
2026-06-25,528.5399780273438,547.3250122070312,526.8049926757812,536.0399780273438,536.0399780273438,614863
2026-06-26,525.5900268554688,530.5399780273438,515.4849853515625,517.02001953125,517.02001953125,788638
2026-06-29,515.4400024414062,527.0499877929688,508.8399963378906,514.7100219726562,514.7100219726562,607857
2026-06-30,517.219970703125,524.3200073242188,514.1525268554688,523.2000122070312,523.2000122070312,495087
2026-07-01,518.0,518.0,489.0799865722656,490.1199951171875,490.1199951171875,739720
2026-07-02,488.0799865722656,489.9525146484375,473.9200134277344,487.1000061035156,487.1000061035156,1017988
2026-07-06,489.6000061035156,498.9599914550781,489.6000061035156,495.6000061035156,495.6000061035156,455590
2026-07-07,484.0899963378906,490.19000244140625,472.6449890136719,478.8900146484375,478.8900146484375,520606
2026-07-08,474.29998779296875,480.8800048828125,472.8800048828125,480.5,480.5,402710
2026-07-09,492.2900085449219,493.2900085449219,484.7049865722656,485.4100036621094,485.4100036621094,383019
2026-07-10,487.4599914550781,495.92999267578125,483.0,490.94000244140625,490.94000244140625,293229
2026-07-13,486.5799865722656,491.389892578125,473.05999755859375,477.0299987792969,477.0299987792969,371766
2026-07-14,483.7300109863281,486.1000061035156,474.5,483.8900146484375,483.8900146484375,346941
2026-07-15,484.239990234375,486.44000244140625,471.0,479.9200134277344,479.9200134277344,346184
2026-07-16,469.9700012207031,483.0,468.07000732421875,482.0400085449219,482.0400085449219,398383
2026-07-17,471.44000244140625,491.25,467.8500061035156,488.6700134277344,488.6700134277344,601292
2026-07-20,492.510009765625,496.4849853515625,483.614990234375,484.9800109863281,484.9800109863281,492003
2026-07-21,494.6000061035156,497.9375,479.0199890136719,479.92999267578125,479.92999267578125,428860
2026-07-22,473.8800048828125,482.30999755859375,473.8800048828125,476.8399963378906,476.8399963378906,408944
2026-07-23,477.0799865722656,488.5899963378906,476.80999755859375,488.3800048828125,488.3800048828125,496735
2026-07-24,487.2200012207031,493.3999938964844,481.5299987792969,486.0899963378906,486.0899963378906,470412
2026-07-27,486.9599914550781,499.8900146484375,478.55999755859375,497.9599914550781,497.9599914550781,1041592
2026-07-28,474.0400085449219,497.9599914550781,461.3900146484375,483.6600036621094,483.6600036621094,1610920
2026-07-29,479.0799865722656,480.114990234375,455.07000732421875,460.9599914550781,460.9599914550781,882730
2026-07-30,478.94000244140625,479.9800109863281,468.1524963378906,473.69000244140625,473.69000244140625,880486
2026-07-31,484.5899963378906,485.43499755859375,470.70001220703125,472.54998779296875,472.54998779296875,742546
2026-08-03,470.4100036621094,477.489990234375,466.04998779296875,476.0400085449219,476.0400085449219,791168
2026-08-04,487.2099914550781,505.4649963378906,476.8550109863281,502.239990234375,502.239990234375,724235
2026-08-05,504.4700012207031,517.1849975585938,499.8299865722656,513.5800170898438,513.5800170898438,655571
2026-08-06,514.72998046875,521.7399291992188,507.55999755859375,507.7300109863281,507.7300109863281,433916
2026-08-07,510.7900085449219,519.6950073242188,507.43499755859375,513.989990234375,513.989990234375,374215
2026-08-10,516.8200073242188,516.8200073242188,504.739990234375,504.8999938964844,504.8999938964844,354696
2026-08-11,507.95001220703125,520.9000244140625,507.95001220703125,519.6199951171875,519.6199951171875,409373
2026-08-12,527.1500244140625,529.3900146484375,512.3900146484375,512.9000244140625,512.9000244140625,395913
2026-08-13,511.9200134277344,511.9200134277344,502.30999755859375,507.1000061035156,507.1000061035156,302961
2026-08-14,505.9700012207031,513.0399780273438,504.2300109863281,511.3900146484375,511.3900146484375,309006
2026-08-17,511.6000061035156,512.9824829101562,503.94000244140625,504.29998779296875,504.29998779296875,469935
2026-08-18,494.2200012207031,494.55999755859375,482.8999938964844,483.8599853515625,483.8599853515625,658994
2026-08-19,482.6600036621094,485.510009765625,471.0799865722656,475.6400146484375,475.6400146484375,676364
2026-08-20,471.239990234375,476.7998962402344,468.2099914550781,469.760009765625,469.760009765625,338799
2026-08-21,477.8800048828125,479.989990234375,468.0,470.0299987792969,470.0299987792969,418302
2026-08-24,470.0299987792969,473.2622985839844,465.260009765625,466.760009765625,466.760009765625,607932
2026-08-25,474.6199951171875,476.0519104003906,462.7225036621094,464.19000244140625,464.19000244140625,341647
2026-08-26,466.1700134277344,476.25750732421875,464.6600036621094,472.4599914550781,472.4599914550781,383280
