date,open,high,low,close,adjclose,volume
2021-06-01,48.7400016784668,48.95000076293945,47.56999969482422,47.75,46.821868896484375,5225100
2021-06-02,47.709999084472656,48.029998779296875,47.2599983215332,47.52000045776367,46.59634017944336,4922100
2021-06-03,47.0,47.900001525878906,46.77000045776367,47.18000030517578,46.26295852661133,6664500
2021-06-04,47.630001068115234,48.790000915527344,47.619998931884766,48.70000076293945,47.7534065246582,7265900
2021-06-07,48.90999984741211,48.91999816894531,48.130001068115234,48.27000045776367,47.33176803588867,10989200
2021-06-08,51.18000030517578,52.650001525878906,49.400001525878906,50.72999954223633,49.743953704833984,20539100
2021-06-09,50.54999923706055,51.29999923706055,50.119998931884766,50.349998474121094,49.371337890625,8731600
2021-06-10,50.31999969482422,51.91999816894531,50.27000045776367,51.79999923706055,50.793155670166016,9481800
2021-06-11,51.650001525878906,52.11000061035156,51.220001220703125,52.099998474121094,51.087318420410156,7416200
2021-06-14,52.29999923706055,54.0,52.150001525878906,53.79999923706055,52.7542724609375,9430600
2021-06-15,53.689998626708984,53.880001068115234,53.099998474121094,53.59000015258789,52.5483512878418,7409000
2021-06-16,53.869998931884766,54.529998779296875,53.209999084472656,54.11000061035156,53.058250427246094,7507000
2021-06-17,53.849998474121094,55.40999984741211,53.810001373291016,55.119998931884766,54.048614501953125,8071500
2021-06-18,54.58000183105469,55.33000183105469,53.959999084472656,54.27000045776367,53.21513366699219,18784100
2021-06-21,54.29999923706055,55.34000015258789,53.70000076293945,54.81999969482422,53.75444030761719,6748800
2021-06-22,55.099998474121094,55.099998474121094,53.939998626708984,54.36000061035156,53.303382873535156,6423700
2021-06-23,54.22999954223633,54.84000015258789,54.22999954223633,54.529998779296875,53.47008514404297,3685700
2021-06-24,55.029998779296875,56.29999923706055,54.77000045776367,56.13999938964844,55.048797607421875,6387300
2021-06-25,56.29999923706055,56.540000915527344,55.86000061035156,56.29999923706055,55.205684661865234,9023000
2021-06-28,57.29999923706055,58.880001068115234,57.119998931884766,58.599998474121094,57.460975646972656,9568100
2021-06-29,58.54999923706055,58.95000076293945,57.84000015258789,58.7599983215332,57.61786651611328,5512000
2021-06-30,58.7599983215332,58.880001068115234,58.06999969482422,58.33000183105469,57.19622039794922,5265000
2021-07-01,57.970001220703125,57.97999954223633,56.790000915527344,57.38999938964844,56.27449035644531,6112900
2021-07-02,57.400001525878906,57.709999084472656,56.650001525878906,57.41999816894531,56.30390930175781,5436800
2021-07-06,57.959999084472656,57.9900016784668,56.810001373291016,57.5,56.38237380981445,5932200
2021-07-07,58.119998931884766,58.20000076293945,56.09000015258789,56.68000030517578,55.57829666137695,5527900
2021-07-08,55.25,56.63999938964844,55.0,56.27000045776367,55.23473358154297,6320300
2021-07-09,56.380001068115234,57.31999969482422,55.84000015258789,57.0,55.95130157470703,4665200
2021-07-12,56.63999938964844,57.41999816894531,56.52000045776367,57.33000183105469,56.27523422241211,4069400
2021-07-13,57.09000015258789,57.4900016784668,56.5099983215332,56.77000045776367,55.72553634643555,4304700
2021-07-14,57.58000183105469,57.58000183105469,55.90999984741211,56.0099983215332,54.979522705078125,4629400
2021-07-15,56.4900016784668,57.060001373291016,55.349998474121094,55.70000076293945,54.67522430419922,6740100
2021-07-16,55.900001525878906,56.189998626708984,53.77000045776367,53.970001220703125,52.97705078125,6684900
2021-07-19,53.349998474121094,54.959999084472656,52.790000915527344,54.79999923706055,53.79179000854492,7771900
2021-07-20,54.849998474121094,57.029998779296875,54.45000076293945,56.560001373291016,55.5193977355957,7876100
2021-07-21,56.61000061035156,58.380001068115234,56.2400016784668,58.33000183105469,57.256839752197266,5839600
2021-07-22,57.56999969482422,58.06999969482422,57.38999938964844,57.97999954223633,56.91328048706055,3278100
2021-07-23,58.45000076293945,59.27000045776367,57.810001373291016,58.91999816894531,57.835975646972656,4406500
2021-07-26,58.630001068115234,59.2400016784668,58.45000076293945,58.95000076293945,57.86542510986328,3516100
2021-07-27,58.959999084472656,58.959999084472656,56.47999954223633,57.97999954223633,56.91328048706055,6082400
2021-07-28,58.06999969482422,59.130001068115234,57.970001220703125,58.9900016784668,57.90468978881836,5229400
2021-07-29,59.150001525878906,60.38999938964844,59.099998474121094,60.310001373291016,59.20040512084961,5502200
2021-07-30,59.790000915527344,60.599998474121094,59.5099983215332,60.5099983215332,59.396728515625,4456500
2021-08-02,61.0,61.47999954223633,60.400001525878906,60.56999969482422,59.455623626708984,4456100
2021-08-03,60.209999084472656,61.43000030517578,59.349998474121094,61.34000015258789,60.211456298828125,6253300
2021-08-04,61.54999923706055,62.619998931884766,61.349998474121094,61.88999938964844,60.75132751464844,8185200
2021-08-05,62.13999938964844,62.709999084472656,60.81999969482422,61.04999923706055,59.92678451538086,5947900
2021-08-06,60.4900016784668,61.060001373291016,60.380001068115234,60.540000915527344,59.426185607910156,3808500
2021-08-09,61.060001373291016,61.09000015258789,60.060001373291016,60.47999954223633,59.367286682128906,2497600
2021-08-10,60.689998626708984,60.869998931884766,58.540000915527344,59.75,58.65071105957031,3981600
2021-08-11,60.02000045776367,60.400001525878906,59.11000061035156,59.790000915527344,58.68997573852539,4029500
2021-08-12,59.0,60.9900016784668,58.61000061035156,59.86000061035156,58.75868606567383,6491400
2021-08-13,59.83000183105469,60.47999954223633,59.5099983215332,60.38999938964844,59.27893829345703,3155000
2021-08-16,60.130001068115234,60.25,58.70000076293945,59.15999984741211,58.07156753540039,5560900
2021-08-17,58.5,58.779998779296875,57.599998474121094,58.52000045776367,57.44334411621094,6497100
2021-08-18,58.130001068115234,59.099998474121094,57.77000045776367,57.84000015258789,56.775840759277344,3977400
2021-08-19,57.36000061035156,59.43000030517578,57.099998474121094,58.97999954223633,57.89487838745117,4973500
2021-08-20,58.84000015258789,59.90999984741211,58.7599983215332,59.849998474121094,58.74886703491211,4617700
2021-08-23,60.70000076293945,62.189998626708984,60.34000015258789,62.0,60.859310150146484,7325500
2021-08-24,62.290000915527344,62.83000183105469,61.93000030517578,62.54999923706055,61.399192810058594,5710800
2021-08-25,62.779998779296875,63.439998626708984,62.459999084472656,63.20000076293945,62.03723907470703,6336300
2021-08-26,63.5,64.06999969482422,62.83000183105469,63.2400016784668,62.07650375366211,6685700
2021-08-27,61.970001220703125,62.2400016784668,60.08000183105469,61.34000015258789,60.211456298828125,14782000
2021-08-30,61.56999969482422,63.06999969482422,61.47999954223633,61.959999084472656,60.820045471191406,6938200
2021-08-31,62.0,62.04999923706055,61.11000061035156,61.189998626708984,60.0642204284668,5267900
2021-09-01,61.619998931884766,61.70000076293945,60.599998474121094,60.720001220703125,59.602867126464844,4968300
2021-09-02,61.27000045776367,61.5,60.779998779296875,61.31999969482422,60.19182205200195,2777300
2021-09-03,61.27000045776367,62.20000076293945,61.099998474121094,61.5099983215332,60.378326416015625,2518000
2021-09-07,61.7599983215332,62.040000915527344,61.209999084472656,61.2400016784668,60.11330032348633,3020100
2021-09-08,60.869998931884766,61.34000015258789,59.900001525878906,60.369998931884766,59.25930404663086,3292600
2021-09-09,60.52000045776367,61.849998474121094,60.5,61.25,60.12311553955078,3304900
2021-09-10,61.91999816894531,62.599998474121094,61.119998931884766,61.16999816894531,60.044593811035156,4430200
2021-09-13,61.93000030517578,62.459999084472656,61.04999923706055,62.380001068115234,61.23231887817383,5246900
2021-09-14,62.599998474121094,63.029998779296875,61.86000061035156,62.29999923706055,61.15378952026367,3323700
2021-09-15,62.31999969482422,62.939998626708984,61.83000183105469,62.459999084472656,61.31085205078125,4436900
2021-09-16,61.91999816894531,63.33000183105469,61.630001068115234,63.25,62.08631134033203,4391500
2021-09-17,63.13999938964844,63.13999938964844,61.7400016784668,62.099998474121094,60.95747756958008,11428300
2021-09-20,60.79999923706055,61.2400016784668,59.38999938964844,60.68000030517578,59.563602447509766,7158700
2021-09-21,61.04999923706055,61.4900016784668,60.16999816894531,61.029998779296875,59.90716552734375,3468500
2021-09-22,61.5,62.86000061035156,61.27000045776367,62.66999816894531,61.51698303222656,3595700
2021-09-23,62.86000061035156,63.97999954223633,62.81999969482422,63.439998626708984,62.2728271484375,4530000
2021-09-24,63.0,63.95000076293945,62.630001068115234,63.61000061035156,62.4396858215332,2912400
2021-09-27,62.7599983215332,63.58000183105469,62.060001373291016,63.06999969482422,61.90962219238281,4097500
2021-09-28,61.41999816894531,61.88999938964844,60.66999816894531,60.75,59.6323127746582,6982100
2021-09-29,61.08000183105469,61.81999969482422,60.08000183105469,60.150001525878906,59.04336166381836,4583700
2021-09-30,60.459999084472656,61.63999938964844,60.2400016784668,60.310001373291016,59.20040512084961,4970000
2021-10-01,60.79999923706055,60.869998931884766,58.349998474121094,59.83000183105469,58.72924041748047,6822700
2021-10-04,59.45000076293945,59.470001220703125,56.86000061035156,57.59000015258789,56.530452728271484,6955500
2021-10-05,58.380001068115234,60.060001373291016,58.2599983215332,59.38999938964844,58.29732894897461,7195800
2021-10-06,58.68000030517578,64.2699966430664,58.52000045776367,63.75,62.577125549316406,16659300
2021-10-07,65.0,67.19000244140625,64.51000213623047,65.1500015258789,64.0115966796875,15222500
2021-10-08,65.44000244140625,65.5999984741211,64.31999969482422,64.62000274658203,63.49087905883789,5665700
2021-10-11,64.26000213623047,64.87000274658203,63.38999938964844,63.439998626708984,62.33148956298828,4063400
2021-10-12,64.44000244140625,64.52999877929688,62.5,63.59000015258789,62.47886276245117,6357800
2021-10-13,64.33999633789062,64.69999694824219,63.20000076293945,63.41999816894531,62.31183624267578,6696100
2021-10-14,64.91000366210938,66.13999938964844,64.5199966430664,65.29000091552734,64.1491470336914,8489200
2021-10-15,65.9000015258789,66.27999877929688,65.26000213623047,65.6500015258789,64.50285339355469,5971300
2021-10-18,65.31999969482422,67.22000122070312,65.0199966430664,67.16999816894531,65.99630737304688,5342300
2021-10-19,67.3499984741211,68.12000274658203,66.62000274658203,67.8499984741211,66.66444396972656,7367500
2021-10-20,67.68000030517578,68.0,66.6500015258789,67.19000244140625,66.01597595214844,3979700
2021-10-21,66.58000183105469,67.11000061035156,65.94000244140625,67.06999969482422,65.8980712890625,5297600
2021-10-22,67.5,67.69999694824219,65.87000274658203,66.30999755859375,65.15132141113281,5228000
2021-10-25,66.69999694824219,67.9800033569336,66.37999725341797,67.66999816894531,66.4875717163086,4999700
2021-10-26,68.68000030517578,69.08999633789062,67.66999816894531,67.7300033569336,66.5465316772461,6211600
2021-10-27,67.5,68.55000305175781,67.1500015258789,67.69999694824219,66.51704406738281,4912000
2021-10-28,68.1500015258789,68.58999633789062,67.63999938964844,68.4800033569336,67.28341674804688,3526800
2021-10-29,67.87999725341797,68.87999725341797,67.75,68.5,67.30306243896484,5436700
2021-11-01,68.66999816894531,68.97000122070312,67.7699966430664,68.95999908447266,67.75503540039062,6106600
2021-11-02,69.0,71.4000015258789,68.91000366210938,69.91000366210938,68.6884536743164,7087800
2021-11-03,69.66000366210938,69.70999908447266,68.80999755859375,69.25,68.03999328613281,4134800
2021-11-04,69.80999755859375,71.62999725341797,68.83999633789062,71.54000091552734,70.28997039794922,8692300
2021-11-05,72.0,72.91999816894531,71.30000305175781,71.86000061035156,70.60436248779297,6343900
2021-11-08,72.1500015258789,73.76000213623047,71.79000091552734,73.0,71.72444152832031,6823700
2021-11-09,73.73999786376953,74.05999755859375,72.18000030517578,72.94000244140625,71.66549682617188,4937900
2021-11-10,71.95999908447266,73.25,70.62999725341797,70.97000122070312,69.72992706298828,6471400
2021-11-11,71.58000183105469,73.5199966430664,71.55999755859375,73.41999816894531,72.13710021972656,5485300
2021-11-12,73.81999969482422,74.48999786376953,72.58999633789062,73.4800033569336,72.196044921875,5454900
2021-11-15,73.55999755859375,73.66000366210938,71.52999877929688,72.91999816894531,71.64584350585938,4021200
2021-11-16,72.68000030517578,74.0999984741211,71.94000244140625,73.81999969482422,72.53012084960938,5087200
2021-11-17,73.87999725341797,74.33000183105469,73.13999938964844,73.63999938964844,72.35325622558594,4145700
2021-11-18,74.69999694824219,75.25,74.19999694824219,75.1500015258789,73.83689880371094,5796100
2021-11-19,75.12999725341797,75.79000091552734,74.3499984741211,74.58000183105469,73.27684020996094,5458300
2021-11-22,75.0999984741211,76.12000274658203,72.44000244140625,72.75,71.47881317138672,8644300
2021-11-23,73.02999877929688,74.0,71.2699966430664,73.22000122070312,71.9405746459961,5790300
2021-11-24,72.47000122070312,74.0,71.80000305175781,73.86000061035156,72.56941986083984,4826000
2021-11-26,72.69999694824219,74.13999938964844,71.52999877929688,71.98999786376953,70.7320785522461,4596000
2021-11-29,73.36000061035156,75.29000091552734,73.0,75.0199966430664,73.70915222167969,9161400
2021-11-30,74.83999633789062,75.13999938964844,70.80000305175781,71.16999816894531,69.92642211914062,13173200
2021-12-01,72.75,75.0199966430664,70.83000183105469,70.94999694824219,69.71023559570312,8805800
2021-12-02,70.33999633789062,72.16000366210938,69.30000305175781,71.02999877929688,69.78886413574219,10772600
2021-12-03,85.88999938964844,88.48999786376953,80.47000122070312,83.58999633789062,82.12940216064453,51023700
2021-12-06,83.51000213623047,86.37000274658203,80.37000274658203,85.43000030517578,83.937255859375,15634400
2021-12-07,87.45999908447266,92.4000015258789,86.88999938964844,91.51000213623047,89.91099548339844,21126700
2021-12-08,90.7699966430664,93.8499984741211,89.4000015258789,91.29000091552734,89.69482421875,14554700
2021-12-09,90.66000366210938,92.79000091552734,89.66999816894531,90.02999877929688,88.45684814453125,11836000
2021-12-10,91.33000183105469,92.27999877929688,88.22000122070312,89.0199966430664,87.46452331542969,9660000
2021-12-13,89.44000244140625,89.81999969482422,86.48999786376953,86.58999633789062,85.07698059082031,7371500
2021-12-14,84.88999938964844,86.62999725341797,84.36000061035156,85.29000091552734,83.79969787597656,8596000
2021-12-15,85.43000030517578,88.83999633789062,84.0,88.37000274658203,86.82587432861328,14422000
2021-12-16,89.58999633789062,89.87999725341797,82.62999725341797,83.58999633789062,82.12940216064453,17014800
2021-12-17,82.0,85.37000274658203,81.58000183105469,84.02999877929688,82.56170654296875,16185600
2021-12-20,82.7300033569336,84.54000091552734,82.5,84.16999816894531,82.69925689697266,9546800
2021-12-21,86.63999938964844,87.29000091552734,84.45999908447266,86.30000305175781,84.79204559326172,10103700
2021-12-22,86.19000244140625,88.4000015258789,85.47000122070312,88.29000091552734,86.74728393554688,9516400
2021-12-23,88.23999786376953,89.5199966430664,87.44999694824219,87.68000030517578,86.14791107177734,8016500
2021-12-27,88.0,91.18000030517578,87.80000305175781,90.80999755859375,89.22323608398438,7116000
2021-12-28,90.9800033569336,91.05999755859375,87.76000213623047,87.98999786376953,86.45250701904297,5798700
2021-12-29,88.06999969482422,88.97000122070312,87.70999908447266,88.54000091552734,86.99292755126953,3583000
2021-12-30,88.54000091552734,88.98999786376953,87.2300033569336,87.44000244140625,85.91212463378906,4303100
2021-12-31,87.58999633789062,88.54000091552734,87.44999694824219,87.48999786376953,85.96124267578125,3611600
2022-01-03,87.94999694824219,90.05000305175781,87.81999969482422,89.43000030517578,87.8673324584961,6813000
2022-01-04,90.27999877929688,91.77999877929688,86.41000366210938,88.37000274658203,86.82587432861328,11874900
2022-01-05,87.04000091552734,89.69000244140625,83.98999786376953,84.12000274658203,82.650146484375,11010500
2022-01-06,82.70999908447266,86.2699966430664,82.0,85.52999877929688,84.09547424316406,9697100
2022-01-07,85.47000122070312,85.87000274658203,82.58999633789062,83.11000061035156,81.71607208251953,10289300
2022-01-10,81.11000061035156,82.33000183105469,77.38999938964844,82.20999908447266,80.8311767578125,16685000
2022-01-11,81.18000030517578,86.41999816894531,80.80000305175781,86.2300033569336,84.78375244140625,15358700
2022-01-12,86.69000244140625,87.41999816894531,84.4000015258789,84.94000244140625,83.51539611816406,9308700
2022-01-13,85.91000366210938,86.6500015258789,78.5,78.6500015258789,77.33088684082031,13860600
2022-01-14,77.81999969482422,83.12999725341797,77.81999969482422,83.0,81.6079330444336,14780100
2022-01-18,80.30000305175781,81.54000091552734,77.41999816894531,77.66999816894531,76.3673324584961,12375000
2022-01-19,78.33999633789062,79.33000183105469,75.7699966430664,76.88999938964844,75.60040283203125,12153300
2022-01-20,77.33999633789062,78.6500015258789,73.7300033569336,73.80000305175781,72.56221771240234,10401200
2022-01-21,72.91000366210938,76.12999725341797,72.19999694824219,72.55000305175781,71.33319091796875,14820400
2022-01-24,71.05999755859375,72.22000122070312,66.97000122070312,72.08999633789062,70.88089752197266,22085000
2022-01-25,69.58999633789062,70.26000213623047,66.94999694824219,67.0199966430664,65.89592742919922,17846800
2022-01-26,70.01000213623047,72.19999694824219,66.93000030517578,67.66000366210938,66.52519226074219,19451800
2022-01-27,69.36000061035156,70.25,64.72000122070312,64.88999938964844,63.801673889160156,13587900
2022-01-28,64.88999938964844,66.33999633789062,62.54999923706055,66.31999969482422,65.20767974853516,11456300
2022-01-31,66.88999938964844,71.44000244140625,66.87999725341797,71.4000015258789,70.20248413085938,12501700
2022-02-01,72.2300033569336,72.62000274658203,69.29000091552734,72.41999816894531,71.20536804199219,10089300
2022-02-02,74.11000061035156,75.12999725341797,71.86000061035156,74.08000183105469,72.83751678466797,11005500
2022-02-03,71.0199966430664,72.54000091552734,68.33999633789062,68.62999725341797,67.47892761230469,11944300
2022-02-04,68.7699966430664,71.94000244140625,68.66000366210938,71.0999984741211,69.90750122070312,7967100
2022-02-07,71.27999877929688,73.20999908447266,71.08999633789062,71.56999969482422,70.36962127685547,6969200
2022-02-08,71.12000274658203,76.76000213623047,71.11000061035156,76.5,75.21692657470703,13362600
2022-02-09,77.6500015258789,77.95999908447266,75.27999877929688,77.73999786376953,76.43612670898438,10748200
2022-02-10,74.88999938964844,78.19000244140625,73.18000030517578,73.83999633789062,72.60154724121094,12088800
2022-02-11,73.5,74.83999633789062,67.48999786376953,67.98999786376953,66.84967041015625,13642800
2022-02-14,68.08000183105469,69.88999938964844,66.62000274658203,67.75,66.61370849609375,12249900
2022-02-15,70.18000030517578,74.26000213623047,69.83000183105469,74.16999816894531,72.92601776123047,12663300
2022-02-16,72.58000183105469,72.83000183105469,70.56999969482422,72.0999984741211,70.89071655273438,7442300
2022-02-17,70.4000015258789,71.0,67.16999816894531,67.55000305175781,66.41706085205078,12107800
2022-02-18,68.19000244140625,69.05000305175781,66.26000213623047,67.33999633789062,66.21057891845703,9049100
2022-02-22,66.4800033569336,68.87000274658203,65.66999816894531,66.69999694824219,65.58130645751953,7596000
2022-02-23,67.52999877929688,68.7699966430664,64.66999816894531,64.81999969482422,63.73283386230469,9648200
2022-02-24,61.400001525878906,68.08000183105469,60.959999084472656,67.79000091552734,66.65300750732422,13272100
2022-02-25,67.86000061035156,69.31999969482422,66.30000305175781,68.75,67.59693145751953,8691700
2022-02-28,68.0,69.43000030517578,66.2300033569336,68.33000183105469,67.18397521972656,12495100
2022-03-01,68.47000122070312,68.54000091552734,64.13999938964844,64.94999694824219,63.86064147949219,12371200
2022-03-02,66.37000274658203,68.5,65.29000091552734,67.66999816894531,66.53502655029297,10682300
2022-03-03,68.33000183105469,68.9000015258789,64.69000244140625,65.19999694824219,64.10645294189453,18563500
2022-03-04,63.68000030517578,68.4800033569336,62.349998474121094,63.40999984741211,62.34648132324219,25845200
2022-03-07,64.95999908447266,66.58999633789062,60.970001220703125,61.16999816894531,60.1440544128418,17201600
2022-03-08,61.16999816894531,68.13999938964844,60.790000915527344,64.51000213623047,63.42803192138672,14892100
2022-03-09,66.31999969482422,67.27999877929688,65.0,66.55000305175781,65.4338150024414,10367600
2022-03-10,65.25,66.66999816894531,64.37000274658203,65.25,64.15562438964844,7693800
2022-03-11,65.97000122070312,66.5199966430664,62.939998626708984,63.09000015258789,62.03184509277344,6972000
2022-03-14,62.880001068115234,63.34000015258789,58.84000015258789,60.25,59.23948669433594,12496100
2022-03-15,61.29999923706055,65.97000122070312,60.93000030517578,65.77999877929688,64.67672729492188,12611200
2022-03-16,67.0,69.37000274658203,65.04000091552734,68.91000366210938,67.75423431396484,13280500
2022-03-17,67.91999816894531,69.4800033569336,66.91000366210938,69.41000366210938,68.245849609375,7304200
2022-03-18,69.11000061035156,71.7699966430664,68.05000305175781,71.33000183105469,70.13365936279297,13982500
2022-03-21,70.66000366210938,71.72000122070312,69.0999984741211,70.70999908447266,69.5240478515625,7338200
2022-03-22,70.41999816894531,72.83999633789062,70.33000183105469,71.37999725341797,70.18280029296875,6645500
2022-03-23,70.43000030517578,72.0199966430664,68.8499984741211,68.94000244140625,67.78374481201172,6950300
2022-03-24,69.9800033569336,73.86000061035156,69.22000122070312,73.76000213623047,72.52289581298828,9556500
2022-03-25,73.72000122070312,74.86000061035156,73.01000213623047,74.37000274658203,73.1226577758789,10992600
2022-03-28,73.8499984741211,74.44000244140625,71.94999694824219,74.30999755859375,73.06365966796875,6988200
2022-03-29,75.91999816894531,76.58999633789062,74.30000305175781,76.16000366210938,74.88263702392578,7427200
2022-03-30,74.83000183105469,75.51000213623047,72.26000213623047,73.01000213623047,71.78545379638672,8727600
2022-03-31,73.30999755859375,73.80000305175781,71.5999984741211,71.70999908447266,70.50727081298828,8046700
2022-04-01,72.0,72.7300033569336,69.41999816894531,71.06999969482422,69.87800598144531,8033300
2022-04-04,71.55999755859375,73.0,70.7300033569336,72.95999908447266,71.73631286621094,9622300
2022-04-05,72.29000091552734,72.31999969482422,68.19999694824219,68.30999755859375,67.16429901123047,11140000
2022-04-06,66.7699966430664,67.7300033569336,64.94000244140625,66.5,65.38465118408203,14416500
2022-04-07,65.80000305175781,67.18000030517578,63.529998779296875,65.66000366210938,64.6170425415039,11019100
2022-04-08,65.61000061035156,65.73999786376953,62.9900016784668,63.150001525878906,62.14691925048828,10191000
2022-04-11,61.810001373291016,62.369998931884766,60.470001220703125,60.72999954223633,59.76535415649414,12152000
2022-04-12,62.810001373291016,63.34000015258789,59.75,60.130001068115234,59.17488479614258,10070200
2022-04-13,60.779998779296875,63.75,60.09000015258789,63.29999923706055,62.29454040527344,9497400
2022-04-14,63.61000061035156,63.619998931884766,60.869998931884766,60.970001220703125,60.00153732299805,7542200
2022-04-18,60.61000061035156,62.470001220703125,60.150001525878906,61.72999954223633,60.749473571777344,5830700
2022-04-19,60.959999084472656,63.91999816894531,60.52000045776367,63.77000045776367,62.75706481933594,8055100
2022-04-20,64.5,65.12999725341797,62.47999954223633,62.939998626708984,61.94025802612305,6847500
2022-04-21,64.12000274658203,65.16999816894531,59.5,59.95000076293945,58.997737884521484,8136800
2022-04-22,59.79999923706055,60.52000045776367,58.31999969482422,58.439998626708984,57.5117301940918,8638100
2022-04-25,58.4900016784668,60.7599983215332,58.150001525878906,60.689998626708984,59.72599792480469,10497800
2022-04-26,59.900001525878906,60.43000030517578,57.849998474121094,57.95000076293945,57.029502868652344,10787300
2022-04-27,57.11000061035156,59.58000183105469,56.56999969482422,56.720001220703125,55.819053649902344,9750000
2022-04-28,58.34000015258789,61.880001068115234,57.15999984741211,61.060001373291016,60.090110778808594,11584600
2022-04-29,59.75,62.72999954223633,58.0099983215332,58.08000183105469,57.157440185546875,9138100
2022-05-02,58.11000061035156,60.09000015258789,57.380001068115234,60.06999969482422,59.1158332824707,8337300
2022-05-03,60.119998931884766,60.720001220703125,59.060001373291016,60.40999984741211,59.45043182373047,6329400
2022-05-04,60.7599983215332,63.11000061035156,57.779998779296875,62.90999984741211,61.91072463989258,11676300
2022-05-05,61.90999984741211,61.9900016784668,57.33000183105469,58.290000915527344,57.36410903930664,11948900
2022-05-06,58.029998779296875,60.5099983215332,55.61000061035156,57.75,56.83269119262695,11582300
2022-05-09,56.70000076293945,57.689998626708984,53.540000915527344,53.72999954223633,52.87654113769531,12399900
2022-05-10,55.41999816894531,56.54999923706055,52.810001373291016,55.130001068115234,54.25429916381836,11114200
2022-05-11,54.439998626708984,55.689998626708984,52.33000183105469,52.540000915527344,51.705440521240234,9426400
2022-05-12,51.380001068115234,53.65999984741211,50.40999984741211,52.38999938964844,51.557830810546875,12005800
2022-05-13,53.83000183105469,58.029998779296875,53.43000030517578,57.56999969482422,56.65554428100586,13265900
2022-05-16,57.150001525878906,57.349998474121094,55.0,55.22999954223633,54.35271453857422,9417900
2022-05-17,57.18000030517578,59.0099983215332,56.689998626708984,58.279998779296875,57.354270935058594,8401100
2022-05-18,57.369998931884766,59.099998474121094,54.689998626708984,55.0099983215332,54.13621139526367,10843400
2022-05-19,54.290000915527344,56.33000183105469,53.540000915527344,54.279998779296875,53.41779708862305,9730100
2022-05-20,55.86000061035156,55.90999984741211,51.04999923706055,54.06999969482422,53.21112823486328,13790100
2022-05-23,52.56999969482422,54.959999084472656,52.56999969482422,54.86000061035156,53.98859786987305,7554400
2022-05-24,53.349998474121094,53.58000183105469,51.560001373291016,52.400001525878906,51.567665100097656,10004900
2022-05-25,51.81999969482422,54.47999954223633,51.65999984741211,53.959999084472656,53.1028938293457,10589800
2022-05-26,53.25,57.22999954223633,53.150001525878906,56.9900016784668,56.08475112915039,16074500
2022-05-27,60.0,61.400001525878906,58.529998779296875,60.81999969482422,59.85392379760742,22143000
2022-05-31,60.58000183105469,61.0,58.470001220703125,59.150001525878906,58.21045684814453,14203200
2022-06-01,59.34000015258789,60.15999984741211,56.630001068115234,58.040000915527344,57.11809539794922,9731600
2022-06-02,57.16999816894531,61.5,57.16999816894531,61.43000030517578,60.4542350769043,10128900
2022-06-03,59.90999984741211,61.060001373291016,58.790000915527344,58.959999084472656,58.023468017578125,7900300
2022-06-06,60.61000061035156,61.18000030517578,59.369998931884766,59.7400016784668,58.791080474853516,5894900
2022-06-07,59.0,61.2400016784668,58.56999969482422,61.02000045776367,60.05074691772461,7182100
2022-06-08,60.209999084472656,61.06999969482422,58.7400016784668,59.349998474121094,58.40727233886719,6343700
2022-06-09,58.81999969482422,59.84000015258789,56.43000030517578,56.47999954223633,55.582862854003906,8386600
2022-06-10,55.220001220703125,55.560001373291016,52.91999816894531,53.06999969482422,52.227027893066406,12026100
2022-06-13,50.81999969482422,51.2599983215332,48.65999984741211,48.810001373291016,48.034698486328125,14442000
2022-06-14,49.5,49.84000015258789,47.619998931884766,48.52000045776367,47.749305725097656,9614100
2022-06-15,48.70000076293945,50.4900016784668,47.689998626708984,49.20000076293945,48.418495178222656,11363700
2022-06-16,47.38999938964844,47.630001068115234,44.33000183105469,45.040000915527344,44.32457733154297,14987600
2022-06-17,45.150001525878906,46.20000076293945,43.68000030517578,46.040000915527344,45.30868911743164,16001800
2022-06-21,46.900001525878906,48.380001068115234,46.7599983215332,47.029998779296875,46.282962799072266,8834600
2022-06-22,45.88999938964844,47.43000030517578,45.75,46.38999938964844,45.653133392333984,7504600
2022-06-23,47.11000061035156,47.13999938964844,45.189998626708984,46.2599983215332,45.525203704833984,7252400
2022-06-24,47.209999084472656,49.04999923706055,46.880001068115234,48.220001220703125,47.45406723022461,20042300
2022-06-27,49.029998779296875,49.16999816894531,47.369998931884766,47.650001525878906,46.89311981201172,6915200
2022-06-28,47.650001525878906,48.61000061035156,45.2599983215332,45.31999969482422,44.60012435913086,10323300
2022-06-29,44.599998474121094,44.630001068115234,43.27000045776367,44.31999969482422,43.616004943847656,8065300
2022-06-30,43.810001373291016,45.02000045776367,42.54999923706055,43.529998779296875,42.83855056762695,10010100
2022-07-01,42.77000045776367,43.54999923706055,41.75,42.54999923706055,41.87413024902344,8790100
2022-07-05,41.38999938964844,42.9900016784668,41.06999969482422,42.97999954223633,42.297306060791016,9794500
2022-07-06,42.779998779296875,44.45000076293945,42.5,43.81999969482422,43.12395477294922,8859000
2022-07-07,45.08000183105469,47.02000045776367,45.060001373291016,46.599998474121094,45.922672271728516,10838200
2022-07-08,45.43000030517578,47.40999984741211,45.13999938964844,46.9900016784668,46.307010650634766,9130800
2022-07-11,45.880001068115234,46.380001068115234,45.0099983215332,45.20000076293945,44.54302215576172,5744500
2022-07-12,45.70000076293945,46.439998626708984,45.18000030517578,45.529998779296875,44.86822509765625,6897600
2022-07-13,44.59000015258789,46.630001068115234,44.150001525878906,46.13999938964844,45.469356536865234,6411700
2022-07-14,45.709999084472656,47.22999954223633,44.790000915527344,47.11000061035156,46.425254821777344,8595700
2022-07-15,47.779998779296875,48.33000183105469,46.97999954223633,48.220001220703125,47.519126892089844,7314800
2022-07-18,49.369998931884766,50.91999816894531,48.45000076293945,48.619998931884766,47.91331481933594,12622000
2022-07-19,49.61000061035156,52.34000015258789,49.52000045776367,52.08000183105469,51.32302474975586,14093900
2022-07-20,52.189998626708984,54.040000915527344,51.63999938964844,53.68000030517578,52.8997688293457,13315500
2022-07-21,53.7599983215332,54.720001220703125,52.65999984741211,54.56999969482422,53.776824951171875,7900200
2022-07-22,54.56999969482422,54.56999969482422,51.349998474121094,52.02000045776367,51.263893127441406,10205600
2022-07-25,51.599998474121094,51.779998779296875,49.75,50.709999084472656,49.972930908203125,7416600
2022-07-26,50.5,50.970001220703125,48.970001220703125,49.47999954223633,48.76081466674805,7512300
2022-07-27,51.25,53.58000183105469,50.709999084472656,52.9900016784668,52.21979904174805,11212300
2022-07-28,53.5,54.09000015258789,52.220001220703125,53.77000045776367,52.988460540771484,6719900
2022-07-29,53.630001068115234,55.7599983215332,53.220001220703125,55.68000030517578,54.870697021484375,9048700
2022-08-01,54.97999954223633,55.869998931884766,53.970001220703125,55.33000183105469,54.525787353515625,6959700
2022-08-02,54.56999969482422,56.900001525878906,54.5099983215332,55.709999084472656,54.90026092529297,5241600
2022-08-03,55.56999969482422,58.43000030517578,55.54999923706055,58.220001220703125,57.37378692626953,9974500
2022-08-04,58.09000015258789,58.43000030517578,56.59000015258789,57.349998474121094,56.516422271728516,9768800
2022-08-05,56.06999969482422,57.599998474121094,56.0099983215332,56.939998626708984,56.112388610839844,7832700
2022-08-08,55.61000061035156,56.5,53.29999923706055,55.59000015258789,54.78200912475586,13949000
2022-08-09,54.13999938964844,54.18000030517578,50.41999816894531,51.2599983215332,50.51493835449219,16556800
2022-08-10,53.400001525878906,55.34000015258789,52.380001068115234,54.9900016784668,54.19072723388672,13944900
2022-08-11,55.79999923706055,56.63999938964844,53.58000183105469,53.709999084472656,52.92934036254883,8965000
2022-08-12,54.63999938964844,55.59000015258789,54.18000030517578,55.36000061035156,54.55534744262695,7408400
2022-08-15,54.880001068115234,55.869998931884766,54.41999816894531,55.47999954223633,54.67359924316406,5062800
2022-08-16,55.220001220703125,55.36000061035156,53.70000076293945,54.349998474121094,53.560028076171875,5557100
2022-08-17,53.5,53.630001068115234,51.63999938964844,52.650001525878906,51.88474655151367,9196300
2022-08-18,52.90999984741211,55.77000045776367,52.66999816894531,54.54999923706055,53.75712203979492,8759200
2022-08-19,53.41999816894531,54.029998779296875,52.58000183105469,53.13999938964844,52.367618560791016,7419000
2022-08-22,51.380001068115234,52.25,50.54999923706055,50.93000030517578,50.18973922729492,7438900
2022-08-23,51.189998626708984,52.52000045776367,51.060001373291016,51.58000183105469,50.83029556274414,6093600
2022-08-24,51.5099983215332,52.540000915527344,51.22999954223633,52.2400016784668,51.4807014465332,6280800
2022-08-25,51.5,55.220001220703125,51.16999816894531,55.09000015258789,54.289276123046875,13229300
2022-08-26,54.220001220703125,54.290000915527344,49.97999954223633,50.16999816894531,49.44078063964844,23821800
2022-08-29,49.599998474121094,50.900001525878906,48.90999984741211,48.9900016784668,48.2779426574707,10153300
2022-08-30,49.58000183105469,49.790000915527344,47.20000076293945,48.0,47.30232238769531,9703500
2022-08-31,47.560001373291016,48.08000183105469,46.349998474121094,46.81999969482422,46.13948059082031,12090000
2022-09-01,45.40999984741211,46.099998474121094,43.630001068115234,45.970001220703125,45.30183792114258,16790800
2022-09-02,46.72999954223633,47.220001220703125,45.38999938964844,45.7599983215332,45.094886779785156,10358100
2022-09-06,45.900001525878906,46.11000061035156,44.81999969482422,45.09000015258789,44.43461608886719,7277200
2022-09-07,45.599998474121094,47.099998474121094,45.0,46.7599983215332,46.08034896850586,11024000
2022-09-08,46.29999923706055,48.5099983215332,45.68000030517578,48.150001525878906,47.45014190673828,9918700
2022-09-09,48.81999969482422,50.099998474121094,48.81999969482422,49.7400016784668,49.01704025268555,10922400
2022-09-12,50.029998779296875,50.599998474121094,49.38999938964844,50.25,49.519622802734375,9479800
2022-09-13,47.84000015258789,48.970001220703125,47.349998474121094,48.02000045776367,47.32204055786133,15732400
2022-09-14,48.04999923706055,49.45000076293945,47.58000183105469,48.40999984741211,47.70637130737305,7407200
2022-09-15,47.900001525878906,48.70000076293945,46.18000030517578,46.66999816894531,45.99166488647461,8870300
2022-09-16,45.65999984741211,46.4900016784668,44.95000076293945,46.349998474121094,45.67630386352539,12443800
2022-09-19,45.790000915527344,46.72999954223633,45.45000076293945,46.150001525878906,45.479217529296875,7830200
2022-09-20,45.65999984741211,46.189998626708984,45.06999969482422,45.290000915527344,44.631717681884766,5558600
2022-09-21,45.52000045776367,48.2400016784668,45.349998474121094,45.459999084472656,44.79924774169922,11894600
2022-09-22,45.43000030517578,45.52000045776367,43.369998931884766,43.52000045776367,42.8874397277832,12084400
2022-09-23,42.880001068115234,43.43000030517578,42.310001373291016,43.290000915527344,42.66078567504883,11335200
2022-09-26,43.27000045776367,44.33000183105469,42.52000045776367,42.61000061035156,41.990665435791016,8920800
2022-09-27,43.470001220703125,44.09000015258789,42.56999969482422,43.400001525878906,42.76919174194336,10397000
2022-09-28,42.66999816894531,44.849998474121094,42.63999938964844,44.54999923706055,43.90247344970703,9736100
2022-09-29,43.56999969482422,43.91999816894531,42.11000061035156,42.869998931884766,42.24688720703125,9648900
2022-09-30,42.369998931884766,44.849998474121094,42.279998779296875,42.90999984741211,42.286312103271484,11123300
2022-10-03,43.61000061035156,45.06999969482422,43.47999954223633,44.5,43.85319519042969,9859700
2022-10-04,46.15999984741211,47.209999084472656,46.08000183105469,47.040000915527344,46.35627746582031,9763200
2022-10-05,45.90999984741211,49.08000183105469,45.56999969482422,48.36000061035156,47.65708541870117,15167900
2022-10-06,48.310001373291016,49.29999923706055,47.63999938964844,47.959999084472656,47.32162094116211,12586400
2022-10-07,46.15999984741211,46.38999938964844,42.22999954223633,42.349998474121094,41.78628921508789,18033800
2022-10-10,41.93000030517578,42.150001525878906,39.20000076293945,40.29999923706055,39.76357650756836,12942600
2022-10-11,40.0,40.11000061035156,38.0,38.65999984741211,38.14540481567383,17731600
2022-10-12,38.29999923706055,38.560001373291016,37.40999984741211,37.97999954223633,37.47446060180664,12698400
2022-10-13,35.9900016784668,40.060001373291016,35.29999923706055,39.130001068115234,38.60915756225586,18383900
2022-10-14,39.939998626708984,40.09000015258789,36.939998626708984,37.0099983215332,36.51736831665039,13050400
2022-10-17,38.36000061035156,39.2400016784668,37.599998474121094,37.869998931884766,37.36592483520508,11932600
2022-10-18,39.279998779296875,39.779998779296875,36.97999954223633,37.7400016784668,37.23766326904297,11895700
2022-10-19,37.369998931884766,38.619998931884766,37.099998474121094,38.099998474121094,37.59286117553711,8271300
2022-10-20,38.38999938964844,39.91999816894531,37.869998931884766,38.06999969482422,37.56325912475586,10037600
2022-10-21,37.65999984741211,39.619998931884766,37.56999969482422,39.540000915527344,39.01369094848633,9788400
2022-10-24,39.72999954223633,39.75,36.900001525878906,38.38999938964844,37.878997802734375,13403300
2022-10-25,38.619998931884766,41.38999938964844,38.529998779296875,40.61000061035156,40.0694465637207,12620300
2022-10-26,39.849998474121094,40.599998474121094,38.5099983215332,38.75,38.234214782714844,12260700
2022-10-27,40.5,42.619998931884766,40.029998779296875,40.060001373291016,39.526771545410156,18838100
2022-10-28,39.7599983215332,41.119998931884766,39.08000183105469,41.0099983215332,40.4641227722168,11454800
2022-10-31,40.400001525878906,40.779998779296875,39.22999954223633,39.68000030517578,39.15182113647461,10413800
2022-11-01,40.81999969482422,41.04999923706055,39.369998931884766,39.7400016784668,39.211036682128906,7646900
2022-11-02,40.36000061035156,41.9900016784668,39.0,39.04999923706055,38.53022003173828,13712400
2022-11-03,38.33000183105469,39.5,37.20000076293945,37.220001220703125,36.72457504272461,16890300
2022-11-04,38.439998626708984,39.970001220703125,37.97999954223633,38.970001220703125,38.4512825012207,16070300
2022-11-07,39.560001373291016,39.720001220703125,38.470001220703125,39.5099983215332,38.98408889770508,15185600
2022-11-08,40.86000061035156,40.959999084472656,38.95000076293945,39.790000915527344,39.26036071777344,12220700
2022-11-09,38.619998931884766,38.84000015258789,36.709999084472656,36.709999084472656,36.22135543823242,14401500
2022-11-10,39.0099983215332,42.720001220703125,39.0,42.650001525878906,42.08230209350586,17081100
2022-11-11,42.22999954223633,43.810001373291016,41.90999984741211,43.349998474121094,42.77297592163086,12133800
2022-11-14,42.959999084472656,43.45000076293945,41.83000183105469,43.15999984741211,42.585514068603516,11645500
2022-11-15,45.619998931884766,46.220001220703125,43.91999816894531,44.70000076293945,44.10502243041992,11831300
2022-11-16,43.529998779296875,43.83000183105469,41.900001525878906,42.25,41.68762969970703,12062700
2022-11-17,41.0,43.97999954223633,40.849998474121094,43.93000030517578,43.34526443481445,9368600
2022-11-18,44.849998474121094,45.08000183105469,43.77000045776367,44.0,43.414329528808594,8687600
2022-11-21,43.09000015258789,43.310001373291016,41.439998626708984,41.54999923706055,40.9969367980957,11008900
2022-11-22,41.75,42.93000030517578,41.25,42.91999816894531,42.34870147705078,11645600
2022-11-23,43.15999984741211,44.150001525878906,42.849998474121094,43.68000030517578,43.098594665527344,6078700
2022-11-25,43.16999816894531,43.790000915527344,42.880001068115234,42.97999954223633,42.40790939331055,4078200
2022-11-28,42.33000183105469,44.08000183105469,42.25,42.66999816894531,42.10203552246094,10948100
2022-11-29,42.95000076293945,43.560001373291016,42.209999084472656,42.90999984741211,42.338844299316406,6747200
2022-11-30,43.16999816894531,46.61000061035156,42.63999938964844,46.52000045776367,45.90079116821289,15933900
2022-12-01,47.119998931884766,47.34000015258789,44.83000183105469,45.400001525878906,44.79570007324219,15710100
2022-12-02,42.0,44.88999938964844,41.0099983215332,44.720001220703125,44.1247444152832,25050200
2022-12-05,44.09000015258789,45.08000183105469,42.33000183105469,42.970001220703125,42.39804458618164,11345800
2022-12-06,43.02000045776367,43.27000045776367,40.75,41.09000015258789,40.54306411743164,8779900
2022-12-07,40.47999954223633,41.25,39.880001068115234,40.40999984741211,39.87211608886719,8219800
2022-12-08,40.540000915527344,42.02000045776367,40.13999938964844,41.70000076293945,41.14493942260742,9106100
2022-12-09,41.689998626708984,42.77000045776367,41.11000061035156,41.5,40.947608947753906,7312000
2022-12-12,41.5,42.880001068115234,41.040000915527344,42.58000183105469,42.01322937011719,9327200
2022-12-13,45.31999969482422,45.9900016784668,42.33000183105469,43.5099983215332,42.93085479736328,12390300
2022-12-14,43.2400016784668,44.27000045776367,42.0099983215332,42.650001525878906,42.08230209350586,13428200
2022-12-15,41.630001068115234,41.68000030517578,39.970001220703125,40.02000045776367,39.4873046875,12079200
2022-12-16,39.61000061035156,40.0,38.290000915527344,38.9900016784668,38.47101974487305,20177700
2022-12-19,38.939998626708984,39.04999923706055,38.0,38.400001525878906,37.88887023925781,10651200
2022-12-20,37.95000076293945,38.099998474121094,36.900001525878906,37.810001373291016,37.30672073364258,11441900
2022-12-21,38.119998931884766,38.970001220703125,38.119998931884766,38.869998931884766,38.35260772705078,9160000
2022-12-22,37.869998931884766,38.040000915527344,36.36000061035156,37.06999969482422,36.57657241821289,14074200
2022-12-23,36.7400016784668,37.58000183105469,36.290000915527344,37.189998626708984,36.69497299194336,6097600
2022-12-27,36.720001220703125,36.7400016784668,35.849998474121094,36.04999923706055,35.570152282714844,8452600
2022-12-28,35.779998779296875,36.22999954223633,35.09000015258789,35.380001068115234,34.90906524658203,8096200
2022-12-29,36.09000015258789,37.22999954223633,35.79999923706055,36.7599983215332,36.270694732666016,7724300
2022-12-30,35.880001068115234,37.099998474121094,35.58000183105469,37.040000915527344,36.546974182128906,8107100
2023-01-03,37.90999984741211,38.20000076293945,35.779998779296875,35.9900016784668,35.510948181152344,10336700
2023-01-04,36.79999923706055,36.939998626708984,35.63999938964844,36.61000061035156,36.12269592285156,10226300
2023-01-05,35.7400016784668,35.9900016784668,34.66999816894531,34.68000030517578,34.274559020996094,13007300
2023-01-06,35.150001525878906,36.439998626708984,33.75,36.099998474121094,35.677955627441406,21224900
2023-01-09,37.099998474121094,38.029998779296875,36.7599983215332,36.91999816894531,36.488365173339844,10529800
2023-01-10,36.54999923706055,37.34000015258789,36.02000045776367,37.0099983215332,36.57731628417969,9699600
2023-01-11,37.310001373291016,38.5099983215332,36.95000076293945,38.41999816894531,37.97083282470703,10319200
2023-01-12,38.36000061035156,40.13999938964844,37.41999816894531,39.310001373291016,38.850433349609375,14713100
2023-01-13,38.650001525878906,40.7599983215332,38.52000045776367,40.66999816894531,40.194522857666016,11871700
2023-01-17,40.619998931884766,41.15999984741211,40.029998779296875,41.029998779296875,40.550323486328125,13030300
2023-01-18,41.4900016784668,41.90999984741211,40.029998779296875,40.4900016784668,40.01662826538086,7445100
2023-01-19,39.97999954223633,40.22999954223633,38.540000915527344,38.56999969482422,38.11907958984375,10528300
2023-01-20,38.95000076293945,39.560001373291016,38.060001373291016,39.47999954223633,39.0184440612793,15860800
2023-01-23,40.20000076293945,42.849998474121094,40.099998474121094,42.75,42.25020980834961,13619500
2023-01-24,42.11000061035156,43.279998779296875,41.959999084472656,42.5099983215332,42.01301574707031,8960300
2023-01-25,41.720001220703125,42.79999923706055,40.77000045776367,42.7400016784668,42.240325927734375,9600000
2023-01-26,43.599998474121094,44.47999954223633,42.79999923706055,44.38999938964844,43.87104034423828,10503900
2023-01-27,43.47999954223633,44.79999923706055,43.47999954223633,44.25,43.73267364501953,7953000
2023-01-30,43.47999954223633,43.54999923706055,41.959999084472656,41.9900016784668,41.49909210205078,10071400
2023-01-31,42.08000183105469,43.189998626708984,41.81999969482422,43.150001525878906,42.64554214477539,9438400
2023-02-01,43.31999969482422,46.4900016784668,43.25,46.119998931884766,45.580806732177734,14963200
2023-02-02,46.9900016784668,49.4900016784668,46.7400016784668,48.7599983215332,48.189945220947266,17101400
2023-02-03,46.779998779296875,48.31999969482422,46.5099983215332,46.58000183105469,46.03543472290039,11962100
2023-02-06,45.630001068115234,46.70000076293945,44.849998474121094,45.029998779296875,44.50355911254883,7777300
2023-02-07,45.400001525878906,47.06999969482422,44.66999816894531,46.779998779296875,46.23310089111328,10537600
2023-02-08,46.459999084472656,46.86000061035156,45.04999923706055,45.099998474121094,44.572731018066406,9069300
2023-02-09,45.959999084472656,46.470001220703125,44.61000061035156,45.11000061035156,44.58262634277344,7770300
2023-02-10,44.619998931884766,44.77000045776367,43.540000915527344,44.54999923706055,44.0291633605957,7650200
2023-02-13,44.88999938964844,45.88999938964844,44.20000076293945,45.599998474121094,45.06689453125,7045500
2023-02-14,45.0099983215332,47.5,44.779998779296875,47.209999084472656,46.6580696105957,9264500
2023-02-15,46.400001525878906,47.060001373291016,45.470001220703125,46.7400016784668,46.193572998046875,8585000
2023-02-16,46.029998779296875,47.130001068115234,45.63999938964844,45.689998626708984,45.15583801269531,11002700
2023-02-17,45.13999938964844,45.290000915527344,43.61000061035156,44.13999938964844,43.62395477294922,8651900
2023-02-21,43.560001373291016,44.04999923706055,42.36000061035156,42.599998474121094,42.101966857910156,9607300
2023-02-22,42.849998474121094,43.47999954223633,42.13999938964844,42.970001220703125,42.46763610839844,7643200
2023-02-23,45.04999923706055,45.369998931884766,43.619998931884766,45.25,44.720977783203125,12550700
2023-02-24,44.4900016784668,44.81999969482422,43.58000183105469,43.849998474121094,43.33735656738281,9142100
2023-02-27,44.869998931884766,44.95000076293945,44.22999954223633,44.310001373291016,43.79197311401367,7026500
2023-02-28,44.119998931884766,45.70000076293945,44.0099983215332,45.150001525878906,44.62215042114258,9587000
2023-03-01,45.36000061035156,46.349998474121094,45.099998474121094,45.36000061035156,44.8297004699707,7761400
2023-03-02,44.810001373291016,46.599998474121094,44.04999923706055,46.22999954223633,45.68952560424805,13617100
2023-03-03,41.380001068115234,44.279998779296875,41.099998474121094,44.040000915527344,43.52513122558594,38293200
2023-03-06,44.34000015258789,44.59000015258789,41.790000915527344,42.27000045776367,41.77581787109375,19056500
2023-03-07,42.040000915527344,42.22999954223633,40.869998931884766,41.11000061035156,40.62937927246094,13917100
2023-03-08,41.15999984741211,43.18000030517578,41.09000015258789,43.150001525878906,42.64554214477539,14765400
2023-03-09,42.95000076293945,43.689998626708984,40.84000015258789,40.90999984741211,40.43172836303711,12030400
2023-03-10,40.90999984741211,40.939998626708984,38.13999938964844,38.68000030517578,38.22779083251953,21552700
2023-03-13,38.0,38.849998474121094,36.63999938964844,37.9900016784668,37.545860290527344,26159500
2023-03-14,38.91999816894531,39.41999816894531,37.939998626708984,38.61000061035156,38.158607482910156,16990300
2023-03-15,37.93000030517578,38.15999984741211,36.75,37.619998931884766,37.1801872253418,18999200
2023-03-16,37.59000015258789,40.529998779296875,37.400001525878906,40.36000061035156,39.88814926147461,16172700
2023-03-17,40.22999954223633,40.40999984741211,39.5,39.970001220703125,39.502716064453125,15184000
2023-03-20,39.880001068115234,40.41999816894531,39.5099983215332,40.349998474121094,39.878265380859375,8976300
2023-03-21,40.97999954223633,41.77000045776367,40.560001373291016,41.130001068115234,40.64915084838867,8798600
2023-03-22,41.0099983215332,42.06999969482422,40.060001373291016,40.15999984741211,39.69049072265625,9901600
2023-03-23,41.02000045776367,43.310001373291016,41.0099983215332,42.279998779296875,41.78569793701172,13344800
2023-03-24,41.54999923706055,41.83000183105469,40.38999938964844,41.06999969482422,40.58985137939453,10616000
2023-03-27,41.4900016784668,41.709999084472656,40.90999984741211,41.209999084472656,40.728214263916016,8763000
2023-03-28,41.11000061035156,41.15999984741211,39.56999969482422,40.45000076293945,39.97710418701172,9832100
2023-03-29,41.36000061035156,43.060001373291016,41.33000183105469,42.70000076293945,42.200801849365234,11803500
2023-03-30,43.58000183105469,43.869998931884766,42.84000015258789,43.25,42.744361877441406,9842000
2023-03-31,43.02000045776367,43.38999938964844,42.70000076293945,43.29999923706055,42.79377746582031,8714000
2023-04-03,42.91999816894531,43.290000915527344,41.66999816894531,41.95000076293945,41.459564208984375,9312300
2023-04-04,42.09000015258789,42.130001068115234,40.20000076293945,40.47999954223633,40.00674819946289,10341000
2023-04-05,40.08000183105469,40.16999816894531,39.20000076293945,40.09000015258789,39.68012619018555,10814400
2023-04-06,39.52000045776367,39.939998626708984,38.86000061035156,39.2599983215332,38.858604431152344,8402500
2023-04-10,38.72999954223633,40.38999938964844,38.43000030517578,40.34000015258789,39.927574157714844,8696800
2023-04-11,40.36000061035156,40.599998474121094,39.84000015258789,40.09000015258789,39.68012619018555,7298500
2023-04-12,40.709999084472656,40.93000030517578,39.459999084472656,39.529998779296875,39.12584686279297,8471400
2023-04-13,39.900001525878906,40.70000076293945,39.709999084472656,40.38999938964844,39.97705841064453,8232900
2023-04-14,40.38999938964844,41.16999816894531,39.88999938964844,40.290000915527344,39.878082275390625,8209200
2023-04-17,39.65999984741211,40.619998931884766,39.40999984741211,40.459999084472656,40.04634094238281,7449200
2023-04-18,40.9900016784668,42.599998474121094,40.88999938964844,42.2400016784668,41.80813980102539,16610900
2023-04-19,41.52000045776367,41.91999816894531,41.0,41.029998779296875,40.610511779785156,11253300
2023-04-20,40.02000045776367,40.7400016784668,39.15999984741211,39.470001220703125,39.06645965576172,9846100
2023-04-21,39.20000076293945,39.25,37.970001220703125,39.02000045776367,38.62106704711914,13950700
2023-04-24,38.97999954223633,39.45000076293945,38.41999816894531,38.7599983215332,38.36371612548828,6290500
2023-04-25,38.20000076293945,38.220001220703125,36.900001525878906,36.90999984741211,36.53263854980469,11514900
2023-04-26,37.70000076293945,38.15999984741211,37.41999816894531,38.08000183105469,37.690670013427734,11898700
2023-04-27,38.09000015258789,38.869998931884766,37.709999084472656,38.630001068115234,38.23504638671875,15976200
2023-04-28,38.7599983215332,39.52000045776367,38.560001373291016,39.47999954223633,39.07636260986328,9647400
2023-05-01,39.68000030517578,40.25,39.470001220703125,40.0099983215332,39.60093688964844,11314800
2023-05-02,39.61000061035156,40.0099983215332,38.88999938964844,39.4900016784668,39.08626174926758,14932300
2023-05-03,39.099998474121094,40.31999969482422,38.90999984741211,39.52000045776367,39.11595153808594,10699100
2023-05-04,39.130001068115234,39.63999938964844,38.630001068115234,39.34000015258789,38.93778991699219,11618100
2023-05-05,39.880001068115234,41.290000915527344,39.4900016784668,40.970001220703125,40.551124572753906,14043000
2023-05-08,40.849998474121094,41.189998626708984,40.470001220703125,41.0099983215332,40.5907096862793,7515700
2023-05-09,40.189998626708984,40.369998931884766,39.7599983215332,39.9900016784668,39.581146240234375,10792000
2023-05-10,40.599998474121094,40.900001525878906,39.970001220703125,40.43000030517578,40.01664733886719,11554500
2023-05-11,40.2599983215332,40.52000045776367,39.29999923706055,39.72999954223633,39.32380294799805,12547900
2023-05-12,39.959999084472656,40.130001068115234,39.22999954223633,40.119998931884766,39.70981216430664,8538600
2023-05-15,40.33000183105469,42.08000183105469,40.189998626708984,42.06999969482422,41.63987731933594,8838100
2023-05-16,41.810001373291016,42.31999969482422,41.56999969482422,41.66999816894531,41.24396514892578,10651500
2023-05-17,42.29999923706055,43.90999984741211,42.040000915527344,43.59000015258789,43.14433670043945,12472100
2023-05-18,43.52000045776367,45.06999969482422,43.5099983215332,44.7400016784668,44.2825813293457,17331500
2023-05-19,44.93000030517578,45.5099983215332,44.70000076293945,45.459999084472656,44.9952278137207,11055500
2023-05-22,45.040000915527344,46.63999938964844,45.0099983215332,46.439998626708984,45.965206146240234,9368300
2023-05-23,45.72999954223633,47.29999923706055,45.72999954223633,46.59000015258789,46.11366271972656,12710600
2023-05-24,45.5,46.08000183105469,45.0,45.97999954223633,45.50990295410156,13802400
2023-05-25,49.0,49.72999954223633,46.70000076293945,49.470001220703125,48.9642333984375,37900300
2023-05-26,58.66999816894531,65.75,58.58000183105469,65.51000213623047,64.84022521972656,94307300
2023-05-30,67.48999786376953,67.98999786376953,61.310001373291016,63.400001525878906,62.75180435180664,51926500
2023-05-31,61.79999923706055,63.099998474121094,58.33000183105469,58.4900016784668,57.892005920410156,37896700
2023-06-01,59.38999938964844,62.099998474121094,58.61000061035156,61.099998474121094,60.475311279296875,24980300
2023-06-02,62.220001220703125,62.47999954223633,59.130001068115234,60.18000030517578,59.56472396850586,18030100
2023-06-05,59.58000183105469,59.599998474121094,57.2599983215332,58.029998779296875,57.436702728271484,15900500
2023-06-06,58.099998474121094,60.310001373291016,58.040000915527344,59.13999938964844,58.53535079956055,16472000
2023-06-07,62.2599983215332,63.63999938964844,59.11000061035156,59.33000183105469,58.72341537475586,23824500
2023-06-08,59.209999084472656,60.36000061035156,58.36000061035156,59.720001220703125,59.109432220458984,12172600
2023-06-09,60.86000061035156,62.029998779296875,59.56999969482422,60.0099983215332,59.396461486816406,14404400
2023-06-12,60.880001068115234,62.290000915527344,60.86000061035156,62.04999923706055,61.41561508178711,15907700
2023-06-13,63.31999969482422,63.43000030517578,61.810001373291016,63.04999923706055,62.4053840637207,12424300
2023-06-14,62.779998779296875,63.029998779296875,60.88999938964844,62.959999084472656,62.3162956237793,13383900
2023-06-15,62.18000030517578,62.81999969482422,61.54999923706055,62.029998779296875,61.395809173583984,11443900
2023-06-16,62.810001373291016,63.06999969482422,60.810001373291016,61.119998931884766,60.495113372802734,17825600
2023-06-20,60.709999084472656,62.0,60.34000015258789,60.83000183105469,60.20808029174805,10631700
2023-06-21,60.619998931884766,60.93000030517578,58.720001220703125,58.849998474121094,58.248313903808594,10386300
2023-06-22,58.18000030517578,59.75,58.029998779296875,59.119998931884766,58.51556396484375,9138100
2023-06-23,57.810001373291016,58.2599983215332,56.59000015258789,57.81999969482422,57.228851318359375,24355900
2023-06-26,58.08000183105469,59.13999938964844,57.68000030517578,57.75,57.15956497192383,10316000
2023-06-27,57.90999984741211,60.77000045776367,57.77000045776367,60.59000015258789,59.97053527832031,12291600
2023-06-28,58.56999969482422,61.459999084472656,58.56999969482422,60.06999969482422,59.455848693847656,10114600
2023-06-29,60.43000030517578,60.43000030517578,58.119998931884766,58.369998931884766,57.773231506347656,14868400
2023-06-30,59.29999923706055,60.11000061035156,59.15999984741211,59.779998779296875,59.168819427490234,9065900
2023-07-03,60.31999969482422,61.380001068115234,60.31999969482422,61.349998474121094,60.7227668762207,5699800
2023-07-05,60.7599983215332,61.20000076293945,59.779998779296875,59.810001373291016,59.198509216308594,7279700
2023-07-06,58.61000061035156,58.970001220703125,57.43000030517578,58.81999969482422,58.27709197998047,10174700
2023-07-07,59.90999984741211,60.2599983215332,58.97999954223633,59.150001525878906,58.60403823852539,9505900
2023-07-10,58.869998931884766,60.5,58.83000183105469,60.290000915527344,59.7335319519043,10124900
2023-07-11,61.72999954223633,62.209999084472656,60.45000076293945,62.150001525878906,61.576358795166016,12004500
2023-07-12,63.119998931884766,63.689998626708984,61.939998626708984,62.880001068115234,62.299617767333984,11423600
2023-07-13,63.849998474121094,65.48999786376953,63.060001373291016,65.37000274658203,64.76663970947266,12938400
2023-07-14,64.5,65.12000274658203,63.18000030517578,63.45000076293945,62.86435317993164,11408700
2023-07-17,63.560001373291016,64.94000244140625,63.0,64.55999755859375,63.964107513427734,8586100
2023-07-18,65.4000015258789,66.05000305175781,64.19999694824219,65.76000213623047,65.15303039550781,9876900
2023-07-19,66.0,66.80999755859375,64.86000061035156,65.62999725341797,65.02423858642578,10606800
2023-07-20,64.66000366210938,65.02999877929688,62.79999923706055,63.220001220703125,62.63648223876953,12700300
2023-07-21,64.12999725341797,64.66999816894531,63.189998626708984,63.40999984741211,62.8247184753418,19046300
2023-07-24,63.689998626708984,63.779998779296875,62.459999084472656,63.11000061035156,62.52749252319336,5605300
2023-07-25,63.34000015258789,64.69999694824219,63.22999954223633,63.900001525878906,63.31020736694336,6994900
2023-07-26,63.119998931884766,64.13999938964844,62.279998779296875,63.709999084472656,63.1219596862793,9094000
2023-07-27,65.3499984741211,66.23999786376953,63.29999923706055,63.88999938964844,63.30029296875,10780200
2023-07-28,65.4000015258789,65.41000366210938,64.25,64.91000366210938,64.31088256835938,7097900
2023-07-31,65.23999786376953,66.26000213623047,64.69000244140625,65.12999725341797,64.52885437011719,7391800
2023-08-01,64.87000274658203,66.29000091552734,64.2300033569336,65.93000030517578,65.32145690917969,6941300
2023-08-02,64.9000015258789,65.0,60.97999954223633,62.11000061035156,61.53672409057617,13743500
2023-08-03,61.439998626708984,63.0,61.189998626708984,62.349998474121094,61.774505615234375,9047400
2023-08-04,62.2400016784668,63.79999923706055,61.63999938964844,62.689998626708984,62.11137771606445,7627000
2023-08-07,63.220001220703125,63.599998474121094,62.439998626708984,63.54999923706055,62.963436126708984,4769000
2023-08-08,62.40999984741211,62.43000030517578,60.790000915527344,61.959999084472656,61.38810729980469,9182600
2023-08-09,61.81999969482422,62.099998474121094,59.66999816894531,59.939998626708984,59.38675308227539,9272600
2023-08-10,60.119998931884766,61.04999923706055,58.189998626708984,58.93000030517578,58.386077880859375,9706500
2023-08-11,58.099998474121094,58.189998626708984,56.70000076293945,57.09000015258789,56.56306076049805,9950800
2023-08-14,56.61000061035156,59.72999954223633,56.38999938964844,59.56999969482422,59.020164489746094,14179000
2023-08-15,59.36000061035156,59.97999954223633,58.75,59.119998931884766,58.57432556152344,8371700
2023-08-16,59.0099983215332,59.0099983215332,57.25,57.369998931884766,56.840476989746094,11453300
2023-08-17,57.869998931884766,58.11000061035156,56.93000030517578,57.560001373291016,57.02873229980469,10816700
2023-08-18,57.599998474121094,57.869998931884766,56.619998931884766,57.59000015258789,57.05844497680664,12328600
2023-08-21,57.849998474121094,60.150001525878906,57.779998779296875,60.029998779296875,59.475921630859375,12100000
2023-08-22,60.849998474121094,61.70000076293945,59.36000061035156,59.59000015258789,59.03998565673828,13603600
2023-08-23,59.400001525878906,61.77000045776367,59.150001525878906,61.5,60.93235397338867,13460600
2023-08-24,63.970001220703125,64.2300033569336,56.939998626708984,57.290000915527344,56.76120376586914,27361400
2023-08-25,54.470001220703125,55.09000015258789,52.25,53.5,53.006187438964844,32505500
2023-08-28,53.790000915527344,55.2599983215332,53.560001373291016,55.16999816894531,54.66078567504883,13560400
2023-08-29,54.869998931884766,56.45000076293945,54.630001068115234,56.119998931884766,55.60200881958008,10356500
2023-08-30,56.119998931884766,57.939998626708984,55.849998474121094,57.34000015258789,56.810752868652344,11605600
2023-08-31,57.34000015258789,58.650001525878906,57.34000015258789,58.25,57.71235275268555,10331900
2023-09-01,58.939998626708984,59.290000915527344,57.43000030517578,57.95000076293945,57.41511917114258,7638700
2023-09-05,57.75,58.41999816894531,57.279998779296875,57.88999938964844,57.35567092895508,5623600
2023-09-06,57.70000076293945,58.22999954223633,56.560001373291016,56.709999084472656,56.186561584472656,10960400
2023-09-07,55.2400016784668,57.040000915527344,54.58000183105469,56.58000183105469,56.057769775390625,10635000
2023-09-08,56.29999923706055,56.75,55.400001525878906,55.7400016784668,55.22551727294922,9415900
2023-09-11,56.81999969482422,56.81999969482422,54.77000045776367,56.31999969482422,55.800167083740234,8430000
2023-09-12,55.83000183105469,57.029998779296875,55.599998474121094,55.650001525878906,55.1363525390625,5571400
2023-09-13,55.709999084472656,56.470001220703125,55.34000015258789,55.599998474121094,55.08681106567383,6328200
2023-09-14,56.45000076293945,56.459999084472656,55.36000061035156,55.84000015258789,55.32459259033203,7864800
2023-09-15,55.52000045776367,55.709999084472656,54.15999984741211,54.4900016784668,53.987056732177734,14009900
2023-09-18,53.869998931884766,55.06999969482422,53.72999954223633,54.779998779296875,54.27437973022461,7076900
2023-09-19,54.56999969482422,54.59000015258789,53.369998931884766,54.09000015258789,53.59075164794922,6518400
2023-09-20,54.27000045776367,54.7400016784668,52.91999816894531,52.939998626708984,52.45136642456055,5934600
2023-09-21,54.310001373291016,55.459999084472656,51.790000915527344,51.84000015258789,51.36151885986328,18074600
2023-09-22,52.29999923706055,53.380001068115234,52.040000915527344,52.29999923706055,51.81726837158203,8548500
2023-09-25,52.02000045776367,52.810001373291016,51.66999816894531,52.630001068115234,52.14422607421875,6441700
2023-09-26,51.939998626708984,52.459999084472656,51.439998626708984,51.709999084472656,51.23271179199219,7038300
2023-09-27,52.11000061035156,53.08000183105469,51.560001373291016,52.54999923706055,52.06496047973633,7647900
2023-09-28,52.2599983215332,54.72999954223633,52.189998626708984,54.0,53.501583099365234,10187800
2023-09-29,55.0,55.43000030517578,54.0099983215332,54.130001068115234,53.63038635253906,7998800
2023-10-02,53.93000030517578,55.2400016784668,53.83000183105469,54.59000015258789,54.08613204956055,7042600
2023-10-03,53.720001220703125,54.52000045776367,52.060001373291016,52.560001373291016,52.07487106323242,7325800
2023-10-04,52.93000030517578,53.41999816894531,52.349998474121094,53.310001373291016,52.817955017089844,6516800
2023-10-05,53.029998779296875,53.540000915527344,52.29999923706055,53.099998474121094,52.66916275024414,6948400
2023-10-06,52.279998779296875,54.95000076293945,52.25,54.529998779296875,54.08756637573242,7855600
2023-10-09,53.849998474121094,54.63999938964844,53.31999969482422,54.27000045776367,53.829673767089844,5252700
2023-10-10,54.58000183105469,55.880001068115234,54.25,55.04999923706055,54.60334396362305,6941200
2023-10-11,55.290000915527344,55.959999084472656,54.209999084472656,55.13999938964844,54.69261169433594,6620600
2023-10-12,55.209999084472656,55.709999084472656,54.09000015258789,54.619998931884766,54.17683029174805,9195100
2023-10-13,54.59000015258789,54.720001220703125,52.349998474121094,52.619998931884766,52.193058013916016,9176000
2023-10-16,52.63999938964844,53.779998779296875,52.310001373291016,53.65999984741211,53.22462844848633,9492400
2023-10-17,52.43000030517578,53.880001068115234,51.86000061035156,53.16999816894531,52.738590240478516,8427000
2023-10-18,52.16999816894531,52.470001220703125,51.20000076293945,51.470001220703125,51.05239486694336,8792900
2023-10-19,52.06999969482422,52.470001220703125,50.470001220703125,50.689998626708984,50.278717041015625,10031500
2023-10-20,50.689998626708984,50.93000030517578,49.34000015258789,49.470001220703125,49.06863021850586,9822400
2023-10-23,49.119998931884766,49.900001525878906,48.15999984741211,49.02000045776367,48.62226486206055,8743500
2023-10-24,49.65999984741211,49.849998474121094,48.93000030517578,49.4900016784668,49.08845520019531,8380300
2023-10-25,48.84000015258789,49.20000076293945,47.130001068115234,47.54999923706055,47.16419982910156,9165800
2023-10-26,47.54999923706055,48.16999816894531,46.43000030517578,46.630001068115234,46.251670837402344,7733800
2023-10-27,47.209999084472656,47.83000183105469,46.7599983215332,47.2599983215332,46.87655258178711,8914300
2023-10-30,47.130001068115234,47.77000045776367,46.209999084472656,46.83000183105469,46.450042724609375,8004700
2023-10-31,46.880001068115234,47.29999923706055,46.06999969482422,47.220001220703125,46.83687210083008,6668500
2023-11-01,47.04999923706055,47.779998779296875,46.33000183105469,47.70000076293945,47.31298065185547,8445700
2023-11-02,49.099998474121094,49.400001525878906,48.439998626708984,48.900001525878906,48.50324249267578,9121500
2023-11-03,49.540000915527344,51.84000015258789,49.400001525878906,51.36000061035156,50.94328308105469,9774500
2023-11-06,51.63999938964844,52.029998779296875,50.810001373291016,51.2400016784668,50.82426071166992,6334500
2023-11-07,51.150001525878906,51.70000076293945,50.88999938964844,51.18000030517578,50.76474380493164,5323700
2023-11-08,51.349998474121094,51.779998779296875,51.09000015258789,51.58000183105469,51.1614990234375,8417900
2023-11-09,51.88999938964844,54.5,51.869998931884766,52.4900016784668,52.06412124633789,14767200
2023-11-10,53.31999969482422,54.939998626708984,52.529998779296875,54.619998931884766,54.17683029174805,11251900
2023-11-13,54.0,54.130001068115234,52.45000076293945,53.45000076293945,53.016326904296875,6348900
2023-11-14,55.4900016784668,57.43000030517578,55.33000183105469,57.029998779296875,56.56727600097656,12492700
2023-11-15,57.38999938964844,58.119998931884766,56.7400016784668,57.16999816894531,56.70614242553711,8896000
2023-11-16,55.209999084472656,55.220001220703125,53.470001220703125,54.65999984741211,54.21651077270508,17783800
2023-11-17,54.70000076293945,55.790000915527344,54.689998626708984,55.58000183105469,55.1290397644043,6730500
2023-11-20,55.5,56.599998474121094,55.439998626708984,56.380001068115234,55.92255401611328,7259800
2023-11-21,55.66999816894531,55.779998779296875,54.25,54.68000030517578,54.23634719848633,8927800
2023-11-22,55.08000183105469,56.34000015258789,55.08000183105469,55.5,55.04969024658203,7266900
2023-11-24,55.5,56.22999954223633,55.369998931884766,56.029998779296875,55.57538604736328,3121700
2023-11-27,55.61000061035156,56.40999984741211,55.349998474121094,55.900001525878906,55.44644546508789,5724400
2023-11-28,55.77000045776367,55.77000045776367,54.65999984741211,55.58000183105469,55.1290397644043,7650000
2023-11-29,56.4900016784668,57.2400016784668,55.900001525878906,56.099998474121094,55.64482498168945,7682500
2023-11-30,56.709999084472656,56.95000076293945,55.27000045776367,55.72999954223633,55.277828216552734,17162500
2023-12-01,52.220001220703125,53.84000015258789,50.52000045776367,52.79999923706055,52.37159729003906,25375900
2023-12-04,52.02000045776367,52.08000183105469,50.630001068115234,52.0099983215332,51.588008880615234,13407500
2023-12-05,51.220001220703125,51.470001220703125,50.4900016784668,50.70000076293945,50.28864288330078,9851100
2023-12-06,51.560001373291016,51.86000061035156,50.349998474121094,50.43000030517578,50.02083206176758,8285800
2023-12-07,50.77000045776367,52.4900016784668,50.560001373291016,52.189998626708984,51.76654815673828,9685800
2023-12-08,51.720001220703125,53.119998931884766,51.65999984741211,52.880001068115234,52.450950622558594,7086100
2023-12-11,53.7400016784668,54.61000061035156,52.88999938964844,54.47999954223633,54.037967681884766,13871200
2023-12-12,53.810001373291016,54.31999969482422,53.5,54.2599983215332,53.81975173950195,7184300
2023-12-13,54.34000015258789,57.34000015258789,54.20000076293945,57.209999084472656,56.74581527709961,12116200
2023-12-14,58.06999969482422,59.939998626708984,57.84000015258789,59.290000915527344,58.80894088745117,16705500
2023-12-15,59.650001525878906,60.279998779296875,59.099998474121094,59.59000015258789,59.10651397705078,15502700
2023-12-18,59.5099983215332,59.93000030517578,58.369998931884766,59.720001220703125,59.2354621887207,8117300
2023-12-19,59.619998931884766,59.91999816894531,59.06999969482422,59.65999984741211,59.17594528198242,5956600
2023-12-20,59.310001373291016,60.599998474121094,57.5,57.540000915527344,57.07313919067383,11758100
2023-12-21,59.25,60.369998931884766,59.0099983215332,60.25,59.76115798950195,8210500
2023-12-22,60.5,60.66999816894531,59.709999084472656,60.25,59.76115798950195,3677700
2023-12-26,60.65999984741211,61.4900016784668,60.56999969482422,61.150001525878906,60.65385437011719,4670300
2023-12-27,61.5,61.70000076293945,60.88999938964844,61.2599983215332,60.762962341308594,4737100
2023-12-28,61.38999938964844,61.790000915527344,60.88999938964844,61.29999923706055,60.80262756347656,4109200
2023-12-29,61.38999938964844,61.59000015258789,60.06999969482422,60.310001373291016,59.82067108154297,4778600
2024-01-02,59.459999084472656,59.7599983215332,57.54999923706055,58.16999816894531,57.698028564453125,8894100
2024-01-03,57.0099983215332,57.43000030517578,56.34000015258789,56.7599983215332,56.299468994140625,6446200
2024-01-04,56.029998779296875,59.060001373291016,55.630001068115234,58.06999969482422,57.6598014831543,17872600
2024-01-05,58.54999923706055,61.150001525878906,58.52000045776367,59.91999816894531,59.49672317504883,17199800
2024-01-08,60.0,64.45999908447266,59.95000076293945,64.11000061035156,63.657135009765625,18835100
2024-01-09,63.11000061035156,63.97999954223633,63.060001373291016,63.470001220703125,63.02165222167969,10379500
2024-01-10,64.01000213623047,64.30000305175781,62.2400016784668,63.43000030517578,62.981929779052734,9645300
2024-01-11,63.4900016784668,66.05000305175781,62.90999984741211,65.87000274658203,65.4046859741211,17050700
2024-01-12,65.87000274658203,67.1500015258789,65.44000244140625,65.68000030517578,65.21603393554688,13828900
2024-01-16,65.56999969482422,66.98999786376953,64.66000366210938,65.5199966430664,65.05715942382812,10386300
2024-01-17,64.69000244140625,65.44000244140625,63.279998779296875,65.36000061035156,64.89830017089844,10483700
2024-01-18,67.33000183105469,69.87999725341797,67.33000183105469,68.20999908447266,67.7281723022461,22439700
2024-01-19,69.0,71.20999908447266,68.62000274658203,71.08000183105469,70.57788848876953,18636700
2024-01-22,72.13999938964844,72.55000305175781,68.93000030517578,70.11000061035156,69.61473846435547,14311500
2024-01-23,70.05000305175781,70.7300033569336,68.86000061035156,70.5999984741211,70.10128021240234,10142400
2024-01-24,71.75,73.23999786376953,71.08999633789062,72.27999877929688,71.76941680908203,13684800
2024-01-25,73.45999908447266,73.52999877929688,69.91000366210938,70.0,69.50552368164062,15890500
2024-01-26,68.69999694824219,69.56999969482422,67.77999877929688,68.04000091552734,67.55936431884766,14228700
2024-01-29,68.44999694824219,70.19999694824219,68.19000244140625,70.13999938964844,69.64453125,8733600
2024-01-30,70.0,70.76000213623047,68.33999633789062,68.83000183105469,68.34378814697266,9223600
2024-01-31,67.41000366210938,69.44999694824219,66.69000244140625,67.69999694824219,67.22174835205078,10017700
2024-02-01,68.19999694824219,68.25,65.51000213623047,66.87000274658203,66.39763641357422,11575400
2024-02-02,67.0999984741211,68.66999816894531,66.69999694824219,67.52999877929688,67.052978515625,11434100
2024-02-05,67.68000030517578,68.05000305175781,65.7699966430664,67.0199966430664,66.54656982421875,8514300
2024-02-06,67.22000122070312,67.48999786376953,65.8499984741211,67.08000183105469,66.60614013671875,8569000
2024-02-07,67.66999816894531,69.73999786376953,66.01000213623047,69.37000274658203,68.8799819946289,15516000
2024-02-08,70.19999694824219,72.86000061035156,69.95999908447266,71.0199966430664,70.51832580566406,17086400
2024-02-09,68.2300033569336,69.45999908447266,66.93000030517578,68.83000183105469,68.34378814697266,21879400
2024-02-12,69.05999755859375,72.72000122070312,68.8499984741211,70.41999816894531,69.92255401611328,14266600
2024-02-13,67.75,69.66999816894531,67.05999755859375,68.12999725341797,67.64873504638672,12862600
2024-02-14,69.41000366210938,69.54000091552734,68.05999755859375,68.95999908447266,68.47286224365234,10569200
2024-02-15,68.5,68.68000030517578,66.55999755859375,67.44000244140625,66.9636001586914,12986600
2024-02-16,67.30999755859375,68.16999816894531,65.95999908447266,66.29000091552734,65.82173919677734,11088200
2024-02-20,65.80999755859375,66.08000183105469,63.529998779296875,65.04000091552734,64.58055114746094,12304900
2024-02-21,64.5,65.55000305175781,63.86000061035156,65.5199966430664,65.05715942382812,8797500
2024-02-22,68.86000061035156,70.4000015258789,68.2300033569336,69.87000274658203,69.3764419555664,16683200
2024-02-23,69.8499984741211,70.37999725341797,67.52999877929688,67.58000183105469,67.10260009765625,8541900
2024-02-26,68.33000183105469,68.93000030517578,67.94999694824219,68.62000274658203,68.1352767944336,6307000
2024-02-27,69.52999877929688,71.16000366210938,69.11000061035156,69.12999725341797,68.64166259765625,10797500
2024-02-28,68.22000122070312,68.37999725341797,67.2300033569336,67.54000091552734,67.06290435791016,7690300
2024-02-29,68.77999877929688,71.79000091552734,68.68000030517578,71.66000366210938,71.15380096435547,14234400
2024-03-01,73.98999786376953,78.08999633789062,73.45999908447266,77.61000061035156,77.06175994873047,20462800
2024-03-04,78.73999786376953,80.08999633789062,77.1500015258789,79.3499984741211,78.78947448730469,17817800
2024-03-05,78.30000305175781,79.58999633789062,77.54000091552734,78.7300033569336,78.1738510131836,11051900
2024-03-06,81.63999938964844,82.51000213623047,79.77999877929688,81.37000274658203,80.79520416259766,16829500
2024-03-07,81.18000030517578,85.76000213623047,80.9800033569336,85.08999633789062,84.48892974853516,30723300
2024-03-08,80.94999694824219,81.4000015258789,75.37999725341797,75.41999816894531,74.88723754882812,40992400
2024-03-11,74.05000305175781,74.05000305175781,70.91000366210938,72.36000061035156,71.8488540649414,20587300
2024-03-12,73.08000183105469,73.26000213623047,71.2699966430664,71.7699966430664,71.26300048828125,16875600
2024-03-13,70.66000366210938,70.70999908447266,67.30999755859375,67.62999725341797,67.15227508544922,27385900
2024-03-14,67.30000305175781,67.47000122070312,65.22000122070312,66.08000183105469,65.61322021484375,21934700
2024-03-15,65.72000122070312,68.2300033569336,65.1500015258789,66.87000274658203,66.39763641357422,18474800
2024-03-18,67.83000183105469,68.22000122070312,66.45999908447266,67.19999694824219,66.72528839111328,11330500
2024-03-19,65.0,66.05000305175781,63.459999084472656,65.05999755859375,64.60040283203125,19428300
2024-03-20,65.04000091552734,66.05000305175781,64.55000305175781,65.54000091552734,65.0770263671875,14717300
2024-03-21,68.0,68.55999755859375,66.44999694824219,66.58999633789062,66.1196060180664,17415900
2024-03-22,66.30000305175781,67.26000213623047,65.76000213623047,66.54000091552734,66.0699691772461,10233800
2024-03-25,65.55999755859375,67.06999969482422,64.44000244140625,66.12000274658203,65.6529312133789,9915500
2024-03-26,66.94000244140625,68.94000244140625,66.83999633789062,68.26000213623047,67.77780151367188,13401300
2024-03-27,71.55000305175781,72.7699966430664,70.3499984741211,72.30999755859375,71.79920196533203,22855100
2024-03-28,72.0,72.58000183105469,70.52999877929688,70.87999725341797,70.3792953491211,12474000
2024-04-01,71.48999786376953,73.9000015258789,71.44999694824219,73.19999694824219,72.68291473388672,10137800
2024-04-02,72.0,73.70999908447266,71.51000213623047,73.58999633789062,73.07015228271484,12361400
2024-04-03,73.16000366210938,75.52999877929688,72.45999908447266,73.02999877929688,72.51410675048828,11338900
2024-04-04,75.0199966430664,76.29000091552734,70.41999816894531,70.87999725341797,70.3792953491211,13364200
2024-04-05,71.41999816894531,72.72000122070312,71.05000305175781,72.6500015258789,72.13681030273438,9567200
2024-04-08,73.13999938964844,73.61000061035156,71.36000061035156,71.91999816894531,71.41197204589844,8656700
2024-04-09,73.2699966430664,74.08000183105469,71.80000305175781,73.33999633789062,72.82192993164062,9753800
2024-04-10,72.19999694824219,74.05999755859375,70.33999633789062,71.43000030517578,70.92542266845703,13930500
2024-04-11,72.2300033569336,74.04000091552734,68.55999755859375,71.52999877929688,71.08441925048828,24859600
2024-04-12,69.9800033569336,72.31999969482422,69.9000015258789,70.16000366210938,69.72296142578125,14256700
2024-04-15,71.16000366210938,71.77999877929688,67.69999694824219,67.87999725341797,67.45716857910156,12431800
2024-04-16,67.33000183105469,68.98999786376953,67.13999938964844,68.27999877929688,67.85466003417969,8642600
2024-04-17,68.44999694824219,69.38999938964844,66.3499984741211,66.4800033569336,66.06587982177734,9761000
2024-04-18,65.5,66.37999725341797,64.37000274658203,65.23999786376953,64.83360290527344,11870200
2024-04-19,64.75,65.72000122070312,61.939998626708984,62.130001068115234,61.742977142333984,14886800
2024-04-22,62.779998779296875,63.36000061035156,61.720001220703125,62.880001068115234,62.488311767578125,9851200
2024-04-23,63.599998474121094,64.66999816894531,62.95000076293945,63.86000061035156,63.46220016479492,9155100
2024-04-24,64.7699966430664,65.66000366210938,63.58000183105469,64.8499984741211,64.4460220336914,9111600
2024-04-25,65.54000091552734,68.02999877929688,65.4800033569336,67.4800033569336,67.05966186523438,12342200
2024-04-26,68.52999877929688,69.73999786376953,67.80000305175781,69.62000274658203,69.18632507324219,11543800
2024-04-29,69.55999755859375,70.08999633789062,68.18000030517578,68.75,68.32173919677734,9051800
2024-04-30,67.56999969482422,68.5199966430664,65.76000213623047,65.91000366210938,65.49944305419922,12782900
2024-05-01,64.48999786376953,66.83999633789062,63.34000015258789,63.81999969482422,63.42245101928711,11171200
2024-05-02,65.12000274658203,67.08999633789062,64.8499984741211,66.66999816894531,66.25469970703125,12956900
2024-05-03,69.0199966430664,69.37999725341797,67.58000183105469,68.51000213623047,68.0832290649414,9011500
2024-05-06,69.33000183105469,69.97000122070312,68.48999786376953,69.81999969482422,69.38507080078125,7018800
2024-05-07,69.68000030517578,69.97000122070312,68.63999938964844,68.68000030517578,68.25218200683594,6454800
2024-05-08,67.86000061035156,68.72000122070312,67.54000091552734,68.11000061035156,67.68572235107422,6611000
2024-05-09,67.86000061035156,68.91999816894531,67.5199966430664,67.68000030517578,67.25840759277344,13647800
2024-05-10,68.16999816894531,69.4000015258789,67.86000061035156,68.47000122070312,68.04350280761719,8484100
2024-05-13,69.0,70.52999877929688,68.8499984741211,69.0199966430664,68.59005737304688,5261400
2024-05-14,68.44999694824219,69.0,66.97000122070312,68.0199966430664,67.59628295898438,9267400
2024-05-15,68.94999694824219,70.18000030517578,68.18000030517578,70.1500015258789,69.7130355834961,10009000
2024-05-16,70.79000091552734,74.55000305175781,70.7699966430664,73.08000183105469,72.62477111816406,18116300
2024-05-17,73.66999816894531,74.0199966430664,71.88999938964844,71.91999816894531,71.47200012207031,7874800
2024-05-20,72.3499984741211,74.77999877929688,71.68000030517578,74.47000122070312,74.006103515625,10466000
2024-05-21,72.91999816894531,73.94000244140625,72.41999816894531,73.30000305175781,72.84339904785156,7617000
2024-05-22,73.87000274658203,74.16000366210938,72.76000213623047,73.68000030517578,73.22103118896484,7692700
2024-05-23,75.86000061035156,76.25,73.18000030517578,75.0199966430664,74.55268096923828,15618300
2024-05-24,75.9000015258789,77.97000122070312,75.26000213623047,76.68000030517578,76.20234680175781,9353700
2024-05-28,77.0,78.44000244140625,76.08999633789062,78.33000183105469,77.8420639038086,12410800
2024-05-29,76.91000366210938,77.38999938964844,75.69999694824219,75.77999877929688,75.30793762207031,9204400
2024-05-30,75.38999938964844,77.44000244140625,75.08000183105469,76.8499984741211,76.37129974365234,14314200
2024-05-31,76.29000091552734,76.47000122070312,67.05999755859375,68.80999755859375,68.38136291503906,37095900
2024-06-03,70.19999694824219,71.16000366210938,67.0999984741211,68.20999908447266,67.78511047363281,12623300
2024-06-04,67.69000244140625,67.7699966430664,66.0999984741211,66.37999725341797,65.96649932861328,14604900
2024-06-05,67.44999694824219,69.9000015258789,67.0199966430664,69.80000305175781,69.3652114868164,12610900
2024-06-06,69.4800033569336,69.9000015258789,67.86000061035156,68.0999984741211,67.67579650878906,8626300
2024-06-07,68.01000213623047,68.95999908447266,67.5199966430664,67.98999786376953,67.56647491455078,8800000
2024-06-10,67.06999969482422,69.86000061035156,67.02999877929688,69.47000122070312,69.03726196289062,9190100
2024-06-11,69.0199966430664,70.7699966430664,68.61000061035156,70.4000015258789,69.96147155761719,6407400
2024-06-12,71.69999694824219,73.4000015258789,71.41000366210938,73.36000061035156,72.90301513671875,10296500
2024-06-13,74.58999633789062,75.69999694824219,71.6500015258789,72.87000274658203,72.41608428955078,17515600
2024-06-14,72.19000244140625,73.4800033569336,71.6500015258789,73.2699966430664,72.8135757446289,6029800
2024-06-17,73.41999816894531,73.44000244140625,70.7699966430664,71.81999969482422,71.37261199951172,9859200
2024-06-18,72.55000305175781,74.12999725341797,72.01000213623047,73.13999938964844,72.68440246582031,8747400
2024-06-20,73.12999725341797,75.30000305175781,72.88999938964844,73.23999786376953,72.78376770019531,14490000
2024-06-21,72.94999694824219,73.01000213623047,70.93000030517578,71.88999938964844,71.44219207763672,14397100
2024-06-24,71.2699966430664,71.55999755859375,67.52999877929688,67.7699966430664,67.34783935546875,13810100
2024-06-25,68.12999725341797,68.63999938964844,66.80000305175781,68.26000213623047,67.83480072021484,13940100
2024-06-26,68.08000183105469,68.47000122070312,67.27999877929688,68.2699966430664,67.84471893310547,6637300
2024-06-27,67.69999694824219,69.13999938964844,67.6500015258789,68.7300033569336,68.30186462402344,6039000
2024-06-28,69.30999755859375,72.30000305175781,69.25,69.9000015258789,69.4645767211914,22414300
2024-07-01,70.05000305175781,71.05000305175781,68.83000183105469,71.0,70.55770874023438,7210400
2024-07-02,70.79000091552734,71.7300033569336,69.86000061035156,71.5999984741211,71.15398406982422,8308600
2024-07-03,70.9800033569336,73.13999938964844,70.9800033569336,72.19999694824219,71.75025177001953,6101800
2024-07-05,72.51000213623047,72.94999694824219,71.56999969482422,72.08000183105469,71.63098907470703,5403200
2024-07-08,72.05000305175781,75.55000305175781,71.98999786376953,74.91000366210938,74.4433822631836,12762300
2024-07-09,75.20999908447266,76.43000030517578,73.2699966430664,73.83999633789062,73.38004302978516,9080200
2024-07-10,74.16000366210938,75.83999633789062,73.19999694824219,74.87999725341797,74.4135513305664,8445200
2024-07-11,75.25,75.30999755859375,71.5999984741211,72.18000030517578,71.7303695678711,11489800
2024-07-12,72.91000366210938,74.79000091552734,71.55000305175781,73.58999633789062,73.19242858886719,10190800
2024-07-15,73.87999725341797,74.26000213623047,72.93000030517578,73.5999984741211,73.20237731933594,7870800
2024-07-16,74.0,75.69000244140625,72.41000366210938,75.5999984741211,75.19156646728516,6787300
2024-07-17,72.5,72.72000122070312,67.91000366210938,67.93000030517578,67.56300354003906,18019200
2024-07-18,69.73999786376953,69.93000030517578,66.0,68.20999908447266,67.84149169921875,12542600
2024-07-19,68.08999633789062,68.5199966430664,66.02999877929688,66.51000213623047,66.15068054199219,9367800
2024-07-22,68.12999725341797,69.16000366210938,66.33999633789062,69.01000213623047,68.63717651367188,10653300
2024-07-23,68.02999877929688,69.91000366210938,68.02999877929688,68.38999938964844,68.02052307128906,5956600
2024-07-24,67.05000305175781,67.8499984741211,64.25,64.3499984741211,64.00235748291016,10741400
2024-07-25,63.849998474121094,66.61000061035156,62.119998931884766,63.9900016784668,63.64429473876953,13634700
2024-07-26,65.91000366210938,66.30000305175781,64.66999816894531,65.72000122070312,65.36495208740234,8626600
2024-07-29,65.9000015258789,66.75,64.08999633789062,64.4800033569336,64.13166046142578,8623400
2024-07-30,64.87999725341797,65.47000122070312,62.290000915527344,62.79999923706055,62.460731506347656,10623700
2024-07-31,66.5199966430664,67.38999938964844,64.91999816894531,66.9800033569336,66.61815643310547,14508100
2024-08-01,65.55000305175781,66.9000015258789,62.13999938964844,63.060001373291016,62.71932601928711,14189300
2024-08-02,60.560001373291016,60.81999969482422,57.97999954223633,59.25,58.929908752441406,20178800
2024-08-05,53.43000030517578,58.81999969482422,53.189998626708984,57.66999816894531,57.35844039916992,14025800
2024-08-06,58.959999084472656,59.93000030517578,56.880001068115234,58.220001220703125,57.90547180175781,11107100
2024-08-07,60.349998474121094,61.52000045776367,56.029998779296875,56.150001525878906,55.846656799316406,11349500
2024-08-08,58.29999923706055,61.22999954223633,57.29999923706055,61.15999984741211,60.8295783996582,13045500
2024-08-09,60.63999938964844,61.36000061035156,59.72999954223633,60.560001373291016,60.232826232910156,7720100
2024-08-12,60.939998626708984,61.619998931884766,59.959999084472656,60.5099983215332,60.1830940246582,8332500
2024-08-13,62.0,64.58000183105469,60.7400016784668,64.05000305175781,63.70397186279297,11852500
2024-08-14,64.3499984741211,65.05000305175781,62.88999938964844,63.790000915527344,63.445377349853516,7701300
2024-08-15,66.7699966430664,69.80000305175781,65.94999694824219,69.33000183105469,68.9554443359375,17091400
2024-08-16,68.12000274658203,70.3499984741211,68.0199966430664,69.31999969482422,68.94549560546875,11575800
2024-08-19,68.91999816894531,71.16000366210938,67.56999969482422,71.04000091552734,70.65621185302734,9607200
2024-08-20,70.0,71.01000213623047,68.86000061035156,69.41000366210938,69.03502655029297,10304300
2024-08-21,70.30000305175781,71.5,69.48999786376953,71.33999633789062,70.95458984375,9332700
2024-08-22,71.5,71.77999877929688,68.38999938964844,68.66000366210938,68.28905487060547,9705600
2024-08-23,70.45999908447266,72.58000183105469,70.01000213623047,71.83999633789062,71.4518814086914,12982800
2024-08-26,70.97000122070312,71.8499984741211,68.58000183105469,68.81999969482422,68.44820404052734,10382000
2024-08-27,68.33000183105469,70.19000244140625,67.04000091552734,69.70999908447266,69.3333969116211,6699300
2024-08-28,69.0999984741211,69.97000122070312,67.62999725341797,68.44000244140625,68.07025909423828,8661000
2024-08-29,69.13999938964844,71.76000213623047,68.83000183105469,69.83999633789062,69.46268463134766,16527000
2024-08-30,78.30000305175781,79.0,72.70999908447266,76.23999786376953,75.82810974121094,32029800
2024-09-03,74.58000183105469,75.0,69.54000091552734,70.0199966430664,69.64171600341797,22273200
2024-09-04,69.08000183105469,72.16000366210938,68.55999755859375,70.87000274658203,70.48712921142578,11815400
2024-09-05,69.72000122070312,71.98999786376953,69.36000061035156,69.88999938964844,69.5124282836914,8823800
2024-09-06,69.5,69.58999633789062,65.52999877929688,66.19999694824219,65.84235382080078,17130900
2024-09-09,67.83999633789062,69.02999877929688,67.51000213623047,68.93000030517578,68.55760955810547,11622600
2024-09-10,68.55999755859375,71.87000274658203,68.4800033569336,71.5999984741211,71.21318054199219,12203700
2024-09-11,72.87000274658203,75.1500015258789,70.94999694824219,74.88999938964844,74.48541259765625,14571600
2024-09-12,74.06999969482422,75.62000274658203,73.30999755859375,74.30000305175781,73.89860534667969,10595400
2024-09-13,75.01000213623047,75.91000366210938,73.27999877929688,74.4800033569336,74.07762145996094,8863600
2024-09-16,73.87000274658203,74.41999816894531,72.44000244140625,73.4000015258789,73.00347137451172,7666700
2024-09-17,74.0,74.2300033569336,71.97000122070312,72.7699966430664,72.37686157226562,6346700
2024-09-18,73.0,74.05999755859375,71.41000366210938,71.55000305175781,71.16345977783203,8449200
2024-09-19,74.83000183105469,76.0199966430664,73.51000213623047,74.87999725341797,74.4754638671875,12149600
2024-09-20,74.4800033569336,74.75,72.44000244140625,73.87000274658203,73.47091674804688,14307500
2024-09-23,73.87000274658203,74.11000061035156,70.06999969482422,71.80999755859375,71.42205047607422,14430600
2024-09-24,72.41000366210938,72.66000366210938,70.8499984741211,71.19999694824219,70.81534576416016,7702100
2024-09-25,70.69999694824219,71.98999786376953,70.30999755859375,71.18000030517578,70.79546356201172,9341100
2024-09-26,73.79000091552734,74.83000183105469,71.47000122070312,73.44999694824219,73.05317687988281,11715300
2024-09-27,73.19999694824219,73.3499984741211,70.05999755859375,70.98999786376953,70.60648345947266,12366900
2024-09-30,70.52999877929688,72.19000244140625,70.23999786376953,72.12000274658203,71.7303695678711,9082900
2024-10-01,72.02999877929688,72.77999877929688,69.98999786376953,70.30999755859375,69.9301528930664,12896400
2024-10-02,70.5,72.9800033569336,70.0199966430664,72.04000091552734,71.65081024169922,10872900
2024-10-03,71.02999877929688,73.83999633789062,70.86000061035156,72.23999786376953,71.84972381591797,8344400
2024-10-04,73.72000122070312,74.25,72.61000061035156,73.41000366210938,73.01342010498047,10249200
2024-10-07,72.16000366210938,74.45999908447266,71.9000015258789,73.72000122070312,73.32173919677734,8227200
2024-10-08,72.6500015258789,73.77999877929688,71.80999755859375,73.11000061035156,72.71503448486328,9750100
2024-10-09,72.83000183105469,73.69999694824219,71.55999755859375,72.83999633789062,72.44647216796875,8105200
2024-10-10,72.01000213623047,72.87999725341797,71.4800033569336,72.54000091552734,72.14811706542969,7658400
2024-10-11,71.94999694824219,74.51000213623047,71.7699966430664,74.01000213623047,73.67111206054688,7650700
2024-10-14,75.0,77.91999816894531,74.55000305175781,77.68000030517578,77.32429504394531,12347900
2024-10-15,80.44000244140625,82.6500015258789,77.97000122070312,79.41000366210938,79.04637908935547,25056300
2024-10-16,79.41000366210938,82.41000366210938,78.25,81.68000030517578,81.30597686767578,16355600
2024-10-17,84.12999725341797,84.19000244140625,79.88999938964844,79.91000366210938,79.54408264160156,12989700
2024-10-18,80.47000122070312,81.06999969482422,79.5199966430664,79.8499984741211,79.48435974121094,5996000
2024-10-21,80.7699966430664,82.94000244140625,80.58000183105469,81.83000183105469,81.45529174804688,8408700
2024-10-22,81.19999694824219,83.6500015258789,81.19999694824219,83.3499984741211,82.96833038330078,8795100
2024-10-23,82.9000015258789,83.33000183105469,79.77999877929688,81.83000183105469,81.45529174804688,8366400
2024-10-24,82.87000274658203,82.87999725341797,81.22000122070312,81.93000030517578,81.55484008789062,6226300
2024-10-25,82.30000305175781,83.41999816894531,81.58999633789062,81.61000061035156,81.2363052368164,6970400
2024-10-28,82.5999984741211,83.91999816894531,81.87999725341797,83.44000244140625,83.05792999267578,6652500
2024-10-29,83.44000244140625,85.37999725341797,83.06999969482422,84.87000274658203,84.48137664794922,9883700
2024-10-30,83.43000030517578,84.25,82.48999786376953,82.80000305175781,82.42085266113281,8417700
2024-10-31,82.30000305175781,82.44999694824219,79.05000305175781,80.11000061035156,79.74317169189453,11273000
2024-11-01,84.19999694824219,87.27999877929688,83.44000244140625,84.7699966430664,84.38182067871094,20330500
2024-11-04,83.87000274658203,85.91000366210938,83.11000061035156,84.37999725341797,83.99362182617188,7935900
2024-11-05,86.27999877929688,87.98999786376953,85.06999969482422,87.19000244140625,86.79075622558594,10233700
2024-11-06,89.41999816894531,91.70999908447266,88.4800033569336,90.62999725341797,90.21499633789062,14695200
2024-11-07,91.72000122070312,94.06999969482422,91.69999694824219,93.94000244140625,93.50984191894531,11491100
2024-11-08,93.58000183105469,95.08999633789062,92.94000244140625,93.80000305175781,93.3704833984375,8340000
2024-11-11,93.5,94.2300033569336,90.3499984741211,92.25,91.82757568359375,10626600
2024-11-12,92.25,93.80999755859375,91.55999755859375,92.77999877929688,92.35514831542969,8482400
2024-11-13,91.44999694824219,92.8499984741211,89.75,90.06999969482422,89.65755462646484,9163000
2024-11-14,91.87000274658203,92.44000244140625,90.16999816894531,90.69999694824219,90.28467559814453,7631900
2024-11-15,89.13999938964844,89.79000091552734,87.4800033569336,87.83000183105469,87.42781066894531,10001300
2024-11-18,88.0,89.77999877929688,87.36000061035156,88.70999908447266,88.30378723144531,7073200
2024-11-19,87.70999908447266,89.66999816894531,87.58000183105469,89.33999633789062,88.93090057373047,6784700
2024-11-20,89.20999908447266,89.95999908447266,87.70999908447266,89.86000061035156,89.44852447509766,6532100
2024-11-21,91.7699966430664,93.48999786376953,90.06999969482422,92.94000244140625,92.51441192626953,9535100
2024-11-22,94.05999755859375,94.77999877929688,92.01000213623047,92.51000213623047,92.08638763427734,7455200
2024-11-25,93.8499984741211,94.36000061035156,91.83000183105469,92.23999786376953,91.81761932373047,9986300
2024-11-26,94.0,95.55000305175781,92.02999877929688,93.13999938964844,92.7135009765625,9016200
2024-11-27,92.70999908447266,92.70999908447266,88.01000213623047,90.0999984741211,89.68740844726562,8787900
2024-11-29,91.18000030517578,93.77999877929688,90.41999816894531,92.69000244140625,92.26556396484375,7131600
2024-12-02,97.37000274658203,97.62999725341797,94.94999694824219,96.86000061035156,96.41646575927734,17482000
2024-12-03,97.79000091552734,98.72000122070312,94.5999984741211,95.91000366210938,95.47080993652344,25015400
2024-12-04,112.33000183105469,119.87999725341797,109.56999969482422,118.1500015258789,117.6089859008789,59995900
2024-12-05,116.5999984741211,116.5999984741211,112.0999984741211,113.37000274658203,112.85086822509766,23963500
2024-12-06,113.4800033569336,114.75,111.62999725341797,113.51000213623047,112.99021911621094,13782500
2024-12-09,111.72000122070312,112.87999725341797,106.33000183105469,107.02999877929688,106.53990173339844,17640800
2024-12-10,107.86000061035156,108.70999908447266,105.0,106.68000030517578,106.19149780273438,13901600
2024-12-11,109.88999938964844,111.9800033569336,108.4800033569336,111.36000061035156,110.85005950927734,14798800
2024-12-12,110.52999877929688,110.94000244140625,107.91999816894531,109.01000213623047,108.51083374023438,10190400
2024-12-13,117.98999786376953,121.86000061035156,115.0999984741211,120.7699966430664,120.21697235107422,36722500
2024-12-16,122.5,126.1500015258789,119.12999725341797,124.77999877929688,124.20861053466797,23750700
2024-12-17,122.37000274658203,122.93000030517578,111.9000015258789,112.25,111.73599243164062,32166200
2024-12-18,112.5,113.51000213623047,104.37999725341797,105.27999877929688,104.79790496826172,24146000
2024-12-19,107.72000122070312,110.37999725341797,106.66999816894531,109.11000061035156,108.6103744506836,21497800
2024-12-20,107.9800033569336,114.37000274658203,107.37000274658203,111.9000015258789,111.3875961303711,28801600
2024-12-23,112.6500015258789,114.41999816894531,111.31999969482422,113.76000213623047,113.23908996582031,8629800
2024-12-24,115.44000244140625,116.0,113.4000015258789,115.94999694824219,115.4190444946289,5660900
2024-12-26,115.16000366210938,116.51000213623047,114.11000061035156,115.70999908447266,115.1801528930664,6480200
2024-12-27,114.62999725341797,114.98999786376953,111.38999938964844,113.62000274658203,113.09971618652344,6199900
2024-12-30,110.72000122070312,113.11000061035156,109.77999877929688,111.66000366210938,111.14869689941406,6271800
2024-12-31,111.5199966430664,112.25,109.80000305175781,110.44999694824219,109.9442367553711,4659600
2025-01-02,110.6500015258789,114.98999786376953,110.25,113.55999755859375,113.03999328613281,9071500
2025-01-03,115.11000061035156,118.33000183105469,114.73999786376953,118.18000030517578,117.63884735107422,11781200
2025-01-06,122.29000091552734,123.41000366210938,117.81999969482422,119.01000213623047,118.46504974365234,15261600
2025-01-07,120.38999938964844,120.44999694824219,115.0,116.2300033569336,115.69776916503906,10686900
2025-01-08,115.5,118.41000366210938,114.81999969482422,118.2300033569336,117.68861389160156,8372800
2025-01-10,116.16000366210938,116.55000305175781,113.63999938964844,114.31999969482422,113.85428619384766,10782000
2025-01-13,112.0,115.33000183105469,111.55000305175781,115.1500015258789,114.68091583251953,9615400
2025-01-14,116.73999786376953,117.69999694824219,113.87999725341797,115.19999694824219,114.73070526123047,6889700
2025-01-15,118.33000183105469,119.08999633789062,115.75,116.0,115.52745819091797,10579600
2025-01-16,118.43000030517578,120.87000274658203,116.33999633789062,117.58000183105469,117.10101318359375,12181900
2025-01-17,119.91999816894531,125.37000274658203,119.4000015258789,124.76000213623047,124.25175476074219,14869600
2025-01-21,125.8499984741211,126.11000061035156,122.0999984741211,123.77999877929688,123.2757568359375,12770700
2025-01-22,124.80000305175781,126.44999694824219,124.23999786376953,125.20999908447266,124.6999282836914,10126700
2025-01-23,123.36000061035156,127.4800033569336,121.7300033569336,126.05999755859375,125.54646301269531,9530800
2025-01-24,126.68000030517578,127.19999694824219,123.66999816894531,124.0199966430664,123.5147705078125,9605600
2025-01-27,108.02999877929688,108.1500015258789,99.5199966430664,100.33000183105469,99.9212875366211,38462500
2025-01-28,103.30000305175781,105.05000305175781,100.05000305175781,103.87999725341797,103.45682525634766,20322300
2025-01-29,104.61000061035156,107.26000213623047,103.11000061035156,106.79000091552734,106.35496520996094,16052900
2025-01-30,111.37000274658203,112.0,109.04000091552734,110.33000183105469,109.88055419921875,14568200
2025-01-31,112.44999694824219,115.79000091552734,111.19999694824219,112.86000061035156,112.40023803710938,15197400
2025-02-03,108.73999786376953,115.3499984741211,108.4000015258789,113.55999755859375,113.0973892211914,11389500
2025-02-04,107.87999725341797,111.58000183105469,105.69000244140625,109.69000244140625,109.2431640625,14220100
2025-02-05,112.0,116.8499984741211,110.76000213623047,116.45999908447266,115.9855728149414,13532200
2025-02-06,116.45999908447266,119.4800033569336,115.5,119.23999786376953,118.75424194335938,10687300
2025-02-07,121.41000366210938,121.80999755859375,110.43000030517578,110.62000274658203,110.16937255859375,20991700
2025-02-10,111.79000091552734,113.54000091552734,111.0,112.80000305175781,112.34048461914062,10214300
2025-02-11,110.62000274658203,112.45999908447266,108.81999969482422,109.12000274658203,108.67548370361328,9059600
2025-02-12,106.75,108.0199966430664,105.08000183105469,105.41999816894531,104.99055480957031,11998700
2025-02-13,105.3499984741211,106.7699966430664,103.16999816894531,103.5,103.07837677001953,12686400
2025-02-14,102.97000122070312,107.0199966430664,100.22000122070312,106.51000213623047,106.07611083984375,13539800
2025-02-18,106.98999786376953,107.91000366210938,104.94000244140625,107.29000091552734,106.85293579101562,9737500
2025-02-19,110.1500015258789,112.5,109.13999938964844,111.04000091552734,110.58765411376953,13244200
2025-02-20,110.62999725341797,111.0,106.81999969482422,108.70999908447266,108.26713562011719,9391900
2025-02-21,109.11000061035156,109.75,102.36000061035156,103.80999755859375,103.3871078491211,11019000
2025-02-24,104.22000122070312,104.66999816894531,97.41000366210938,97.91000366210938,97.51114654541016,17235100
2025-02-25,97.0,97.04000091552734,91.7300033569336,93.0,92.62113952636719,24331400
2025-02-26,95.8499984741211,96.6500015258789,93.95999908447266,94.9000015258789,94.51341247558594,13955200
2025-02-27,98.0,98.05999755859375,87.27999877929688,87.6500015258789,87.29293823242188,22770300
2025-02-28,87.16999816894531,92.08000183105469,86.12999725341797,91.81999969482422,91.44595336914062,22345400
2025-03-03,91.98999786376953,92.87999725341797,84.87000274658203,85.83000183105469,85.4803466796875,20882200
2025-03-04,85.31999969482422,91.81999969482422,83.23999786376953,88.33000183105469,87.97016906738281,21475400
2025-03-05,88.76000213623047,90.73999786376953,85.18000030517578,90.13999938964844,89.7728042602539,33773800
2025-03-06,74.08000183105469,75.7699966430664,71.6500015258789,72.27999877929688,71.98554992675781,60967000
2025-03-07,71.95999908447266,72.33000183105469,67.27999877929688,70.83999633789062,70.5514144897461,38853100
2025-03-10,68.3499984741211,68.55000305175781,63.650001525878906,65.66999816894531,65.4024658203125,32136400
2025-03-11,66.43000030517578,69.0,65.33999633789062,67.16000366210938,66.88641357421875,23333000
2025-03-12,69.72000122070312,71.33000183105469,68.62999725341797,69.8499984741211,69.56544494628906,20642600
2025-03-13,69.7300033569336,71.58000183105469,67.6500015258789,68.76000213623047,68.47990417480469,14947800
2025-03-14,70.16999816894531,70.76000213623047,67.9800033569336,68.73999786376953,68.45996856689453,15613100
2025-03-17,68.75,70.56999969482422,68.51000213623047,70.4000015258789,70.11321258544922,13419400
2025-03-18,69.62000274658203,69.94000244140625,67.76000213623047,68.27999877929688,68.00183868408203,11613600
2025-03-19,68.52999877929688,71.37000274658203,67.98999786376953,69.80999755859375,69.5256118774414,12228800
2025-03-20,69.16999816894531,71.12999725341797,68.8499984741211,70.48999786376953,70.20283508300781,9083000
2025-03-21,68.5999984741211,70.79000091552734,68.44000244140625,70.38999938964844,70.10325622558594,11942300
2025-03-24,71.4000015258789,72.91999816894531,71.05999755859375,72.76000213623047,72.46360778808594,12185900
2025-03-25,72.5,73.2300033569336,71.08999633789062,71.66999816894531,71.3780288696289,9443100
2025-03-26,71.0,71.19999694824219,65.83999633789062,66.76000213623047,66.48804473876953,19777100
2025-03-27,66.05999755859375,66.62999725341797,63.91999816894531,64.86000061035156,64.59578704833984,14956100
2025-03-28,64.62999725341797,64.88999938964844,61.25,62.040000915527344,61.78726577758789,18790400
2025-03-31,60.380001068115234,61.65999984741211,59.2400016784668,61.56999969482422,61.319183349609375,16032400
2025-04-01,61.45000076293945,62.720001220703125,60.779998779296875,62.66999816894531,62.414695739746094,12613300
2025-04-02,61.5,64.7300033569336,61.459999084472656,63.22999954223633,62.972415924072266,13138200
2025-04-03,58.63999938964844,59.29999923706055,55.41999816894531,55.63999938964844,55.413333892822266,25213200
2025-04-04,52.689998626708984,52.86000061035156,47.310001373291016,49.43000030517578,49.228633880615234,37313400
2025-04-07,47.459999084472656,55.02000045776367,47.09000015258789,51.0,50.79224395751953,30875500
2025-04-08,54.2400016784668,56.25,48.540000915527344,50.029998779296875,49.826194763183594,32326200
2025-04-09,50.290000915527344,61.29999923706055,49.709999084472656,60.959999084472656,60.711666107177734,38033700
2025-04-10,58.20000076293945,58.41999816894531,50.310001373291016,52.869998931884766,52.65462112426758,34622100
2025-04-11,52.59000015258789,53.38999938964844,51.439998626708984,53.38999938964844,53.23291778564453,17726800
2025-04-14,55.849998474121094,56.029998779296875,51.34000015258789,52.2599983215332,52.10624313354492,19413000
2025-04-15,52.5099983215332,54.13999938964844,52.43000030517578,53.31999969482422,53.16312026977539,11297400
2025-04-16,50.47999954223633,52.439998626708984,49.70000076293945,51.93000030517578,51.77721405029297,19820200
2025-04-17,52.0099983215332,52.4900016784668,50.790000915527344,51.70000076293945,51.547889709472656,12283700
2025-04-21,50.29999923706055,50.709999084472656,48.09000015258789,49.380001068115234,49.234718322753906,14038000
2025-04-22,50.11000061035156,51.470001220703125,49.779998779296875,50.619998931884766,50.4710693359375,15732400
2025-04-23,54.849998474121094,55.95000076293945,53.36000061035156,53.77000045776367,53.61180114746094,18934600
2025-04-24,54.79999923706055,57.970001220703125,54.459999084472656,57.33000183105469,57.16132354736328,21404800
2025-04-25,56.97999954223633,59.2599983215332,56.7599983215332,58.91999816894531,58.74664306640625,11929600
2025-04-28,58.290000915527344,58.869998931884766,56.70000076293945,58.70000076293945,58.52729797363281,13840000
2025-04-29,58.209999084472656,59.75,58.0099983215332,58.68000030517578,58.507354736328125,14831900
2025-04-30,56.279998779296875,58.439998626708984,55.86000061035156,58.369998931884766,58.19826126098633,14316600
2025-05-01,60.150001525878906,61.779998779296875,59.27000045776367,60.95000076293945,60.77067565917969,17638200
2025-05-02,62.20000076293945,63.43000030517578,61.970001220703125,62.33000183105469,62.1466178894043,15638600
2025-05-05,61.689998626708984,62.95000076293945,61.08000183105469,61.97999954223633,61.797645568847656,9098900
2025-05-06,60.369998931884766,61.84000015258789,59.970001220703125,61.220001220703125,61.039886474609375,9818100
2025-05-07,55.15999984741211,56.439998626708984,53.779998779296875,56.310001373291016,56.14432907104492,40342900
2025-05-08,58.060001373291016,59.029998779296875,56.689998626708984,57.630001068115234,57.460445404052734,18868800
2025-05-09,59.849998474121094,60.869998931884766,59.13999938964844,59.650001525878906,59.47450256347656,14698300
2025-05-12,64.72000122070312,65.11000061035156,63.18000030517578,64.5,64.31023406982422,20383100
2025-05-13,65.05000305175781,67.04000091552734,64.4000015258789,65.4800033569336,65.287353515625,19733700
2025-05-14,66.6500015258789,66.91999816894531,64.94999694824219,65.9000015258789,65.70611572265625,11472600
2025-05-15,65.0999984741211,65.95999908447266,63.939998626708984,65.19999694824219,65.00816345214844,9962500
2025-05-16,65.0999984741211,65.13999938964844,63.5,63.7599983215332,63.57240676879883,18712900
2025-05-19,61.099998474121094,62.970001220703125,60.63999938964844,62.560001373291016,62.37594223022461,20323500
2025-05-20,60.95000076293945,61.41999816894531,59.79999923706055,61.41999816894531,61.239288330078125,22326200
2025-05-21,60.95000076293945,62.45000076293945,59.68000030517578,60.11000061035156,59.933143615722656,14022800
2025-05-22,59.40999984741211,62.86000061035156,59.31999969482422,61.849998474121094,61.668025970458984,16653100
2025-05-23,60.150001525878906,61.29999923706055,60.0,60.689998626708984,60.511436462402344,17443200
2025-05-27,62.939998626708984,65.5199966430664,62.459999084472656,63.81999969482422,63.63223648071289,25511700
2025-05-28,64.80000305175781,65.9000015258789,64.5,64.58999633789062,64.39995574951172,23421200
2025-05-29,67.36000061035156,67.58999633789062,63.33000183105469,63.72999954223633,63.54249572753906,38742400
2025-05-30,60.79999923706055,60.97999954223633,58.61000061035156,60.189998626708984,60.012908935546875,48347500
2025-06-02,59.75,62.29999923706055,59.529998779296875,61.470001220703125,61.28915023803711,18270300
2025-06-03,62.029998779296875,63.5099983215332,61.150001525878906,62.36000061035156,62.1765251159668,19286600
2025-06-04,63.040000915527344,67.02999877929688,61.86000061035156,66.30000305175781,66.10494232177734,26990200
2025-06-05,67.2699966430664,67.58999633789062,64.80999755859375,65.16000366210938,64.96829986572266,23426600
2025-06-06,66.97000122070312,69.77999877929688,66.30999755859375,68.3499984741211,68.1489028930664,22926300
2025-06-09,69.47000122070312,71.23999786376953,68.95999908447266,69.13999938964844,68.93658447265625,19351800
2025-06-10,69.93000030517578,70.58000183105469,68.05999755859375,68.83999633789062,68.63746643066406,14948700
2025-06-11,69.38999938964844,70.23999786376953,67.63999938964844,68.23999786376953,68.03922271728516,13885500
2025-06-12,67.94000244140625,70.05999755859375,67.7699966430664,69.63999938964844,69.43511199951172,11862600
2025-06-13,68.05999755859375,68.97000122070312,66.97000122070312,67.19000244140625,66.99231719970703,14159800
2025-06-16,68.5199966430664,71.27999877929688,68.04000091552734,70.41999816894531,70.21280670166016,19706100
2025-06-17,70.22000122070312,72.75,69.16999816894531,69.98999786376953,69.78407287597656,25313400
2025-06-18,74.52999877929688,77.6500015258789,73.7300033569336,74.94999694824219,74.72947692871094,55359800
2025-06-20,77.05999755859375,77.31999969482422,73.30000305175781,73.51000213623047,73.2937240600586,46009100
2025-06-23,72.98999786376953,73.18000030517578,69.18000030517578,70.77999877929688,70.57174682617188,26862100
2025-06-24,72.38999938964844,75.44000244140625,71.91000366210938,75.20999908447266,74.98871612548828,26999800
2025-06-25,76.37000274658203,76.48999786376953,74.5999984741211,75.93000030517578,75.70660400390625,19426700
2025-06-26,79.02999877929688,81.12000274658203,77.44999694824219,79.97000122070312,79.73471069335938,37440600
2025-06-27,78.8499984741211,79.0,76.41000366210938,77.16000366210938,76.9329833984375,27254000
2025-06-30,78.4000015258789,78.44000244140625,76.70999908447266,77.4000015258789,77.17227935791016,17072900
2025-07-01,76.7300033569336,77.77999877929688,75.04000091552734,76.23999786376953,76.01568603515625,16702100
2025-07-02,76.19000244140625,79.08999633789062,73.77999877929688,74.25,74.03154754638672,39388500
2025-07-03,74.83000183105469,75.33999633789062,74.12999725341797,75.18000030517578,74.95880889892578,10218000
2025-07-07,74.43000030517578,74.80999755859375,71.44999694824219,71.55000305175781,71.33948516845703,22050900
2025-07-08,72.33000183105469,73.5,71.80000305175781,71.94999694824219,71.7383041381836,16356800
2025-07-09,72.51000213623047,73.48999786376953,71.30000305175781,72.26000213623047,72.04739379882812,18453500
2025-07-10,72.4000015258789,73.55999755859375,71.38999938964844,73.36000061035156,73.1441650390625,11542400
2025-07-11,72.56999969482422,73.18000030517578,72.12000274658203,72.70999908447266,72.555419921875,10136000
2025-07-14,72.11000061035156,72.94999694824219,70.4800033569336,72.51000213623047,72.35584259033203,12029400
2025-07-15,73.75,74.01000213623047,72.12000274658203,72.41000366210938,72.25605773925781,15683100
2025-07-16,70.12999725341797,71.0199966430664,68.0,70.8499984741211,70.69937133789062,26477200
2025-07-17,71.0999984741211,73.12999725341797,70.12000274658203,72.01000213623047,71.85690307617188,15030000
2025-07-18,72.3499984741211,75.26000213623047,71.1500015258789,74.6500015258789,74.49130249023438,16914800
2025-07-21,73.48999786376953,73.55000305175781,72.19999694824219,73.05999755859375,72.9046630859375,15595300
2025-07-22,72.97000122070312,73.1500015258789,70.30000305175781,71.98999786376953,71.83694458007812,12192300
2025-07-23,72.56999969482422,73.70999908447266,72.23999786376953,73.2699966430664,73.11422729492188,11239000
2025-07-24,73.66999816894531,74.12000274658203,72.38999938964844,74.04000091552734,73.88259887695312,10641400
2025-07-25,74.0,74.55000305175781,73.0999984741211,74.20999908447266,74.0522232055664,9830300
2025-07-28,75.1500015258789,76.58000183105469,74.66000366210938,75.91000366210938,75.74861907958984,13267400
2025-07-29,76.4000015258789,78.76000213623047,75.97000122070312,76.33999633789062,76.17769622802734,14717200
2025-07-30,83.11000061035156,85.2699966430664,80.56999969482422,81.73999786376953,81.56621551513672,45527600
2025-07-31,82.75,83.25,79.62000274658203,80.37000274658203,80.19912719726562,26433200
2025-08-01,77.06999969482422,77.16000366210938,73.41999816894531,74.44999694824219,74.29171752929688,28877000
2025-08-04,75.69999694824219,76.88999938964844,74.81999969482422,76.52999877929688,76.36729431152344,11882900
2025-08-05,76.91000366210938,78.0,74.95999908447266,76.62999725341797,76.46707916259766,11920800
2025-08-06,76.08000183105469,76.44999694824219,73.9800033569336,75.31999969482422,75.15987396240234,14469700
2025-08-07,76.5,77.25,74.19000244140625,75.8499984741211,75.6887435913086,14628000
2025-08-08,76.19999694824219,77.38999938964844,75.61000061035156,77.33999633789062,77.17557525634766,9971300
2025-08-11,77.94999694824219,80.01000213623047,77.19000244140625,77.27999877929688,77.1156997680664,11843600
2025-08-12,76.3499984741211,77.97000122070312,74.83999633789062,77.80999755859375,77.64456939697266,15547900
2025-08-13,78.4000015258789,80.05999755859375,78.02999877929688,79.31999969482422,79.15135955810547,11740200
2025-08-14,78.02999877929688,79.62999725341797,77.33999633789062,79.04000091552734,78.87196350097656,10127800
2025-08-15,79.41999816894531,79.41999816894531,76.16999816894531,76.19000244140625,76.02802276611328,13212900
2025-08-18,76.08000183105469,77.08000183105469,75.29000091552734,76.73999786376953,76.57685089111328,10192500
2025-08-19,76.4000015258789,76.44000244140625,71.80000305175781,72.06999969482422,71.91677856445312,16963400
2025-08-20,71.7300033569336,71.83000183105469,68.54000091552734,71.22000122070312,71.06859588623047,19895200
2025-08-21,70.45999908447266,72.0,70.05000305175781,71.20999908447266,71.05860137939453,9854100
2025-08-22,71.33999633789062,74.7300033569336,70.68000030517578,73.0,72.84480285644531,14435900
2025-08-25,72.98999786376953,73.87999725341797,72.26000213623047,72.94999694824219,72.79490661621094,10057700
2025-08-26,72.98999786376953,75.13999938964844,72.98999786376953,74.26000213623047,74.10211944580078,12302300
2025-08-27,74.19999694824219,75.02999877929688,73.81999969482422,74.79000091552734,74.63099670410156,11373500
2025-08-28,75.91999816894531,78.08000183105469,75.05999755859375,77.2300033569336,77.06581115722656,36895300
2025-08-29,64.52999877929688,65.48999786376953,62.619998931884766,62.869998931884766,62.73633575439453,96830800
2025-09-02,61.959999084472656,64.66000366210938,61.810001373291016,64.5999984741211,64.4626693725586,36275600
2025-09-03,64.05000305175781,64.5199966430664,61.720001220703125,62.310001373291016,62.177528381347656,34297300
2025-09-04,62.13999938964844,64.52999877929688,61.439998626708984,64.0999984741211,63.96371841430664,27726400
2025-09-05,63.97999954223633,64.58999633789062,62.470001220703125,63.33000183105469,63.19535827636719,25793100
2025-09-08,63.619998931884766,66.12999725341797,63.06999969482422,66.0,65.85968017578125,24466600
2025-09-09,65.86000061035156,67.44000244140625,65.19000244140625,66.83999633789062,66.6978988647461,17226000
2025-09-10,67.91999816894531,68.5199966430664,66.68000030517578,67.0999984741211,66.95734405517578,23751400
2025-09-11,67.0,68.19999694824219,66.36000061035156,66.58999633789062,66.44841766357422,13912400
2025-09-12,67.55000305175781,67.75,66.13999938964844,67.3499984741211,67.2068099975586,14868600
2025-09-15,67.44999694824219,68.11000061035156,66.33000183105469,67.43000030517578,67.28663635253906,17340800
2025-09-16,67.83999633789062,69.18000030517578,67.36000061035156,68.86000061035156,68.7136001586914,15931000
2025-09-17,68.86000061035156,72.41000366210938,68.36000061035156,70.9800033569336,70.82909393310547,29593100
2025-09-18,72.75,75.0,72.48999786376953,74.2300033569336,74.07218170166016,28894800
2025-09-19,74.75,75.37000274658203,73.31999969482422,74.26000213623047,74.10211944580078,31788100
2025-09-22,73.3499984741211,75.93000030517578,73.3499984741211,75.52999877929688,75.36941528320312,20037700
2025-09-23,75.38999938964844,76.3499984741211,74.0199966430664,74.62000274658203,74.46136474609375,21403700
2025-09-24,76.95999908447266,81.72000122070312,75.06999969482422,80.08999633789062,79.91972351074219,50429500
2025-09-25,78.11000061035156,84.45999908447266,76.31999969482422,83.80999755859375,83.63182067871094,43286000
2025-09-26,82.47000122070312,83.87000274658203,81.54000091552734,83.16999816894531,82.99317932128906,26715100
2025-09-29,83.69000244140625,85.08999633789062,82.31999969482422,82.38999938964844,82.21483612060547,20468300
2025-09-30,81.69999694824219,84.43000030517578,81.4000015258789,84.06999969482422,83.89126586914062,18751700
2025-10-01,82.4000015258789,84.11000061035156,81.3499984741211,83.88999938964844,83.7116470336914,20038400
2025-10-02,85.06999969482422,87.30999755859375,84.43000030517578,86.19999694824219,86.01673889160156,21698700
2025-10-03,86.27999877929688,87.2699966430664,85.08000183105469,86.22000122070312,86.03669738769531,15679200
2025-10-06,88.8499984741211,90.25,88.25,88.91999816894531,88.73095703125,20580500
2025-10-07,88.97000122070312,90.88999938964844,86.02999877929688,86.97000122070312,86.78510284423828,17609500
2025-10-08,88.38999938964844,92.66999816894531,87.62000274658203,92.5,92.3033447265625,20451000
2025-10-09,91.94000244140625,92.6500015258789,90.5199966430664,90.68000030517578,90.48721313476562,14868400
2025-10-10,92.97000122070312,94.66000366210938,85.36000061035156,85.61000061035156,85.48455810546875,30545700
2025-10-13,89.47000122070312,89.87000274658203,86.63999938964844,89.38999938964844,89.25901794433594,20563500
2025-10-14,86.80000305175781,88.81999969482422,85.33000183105469,86.22000122070312,86.09366607666016,15447600
2025-10-15,88.16999816894531,89.45999908447266,86.58999633789062,88.88999938964844,88.75975036621094,15202200
2025-10-16,89.70999908447266,91.19999694824219,87.02999877929688,88.2300033569336,88.10071563720703,12988900
2025-10-17,86.83000183105469,88.94999694824219,85.70999908447266,87.94999694824219,87.82112121582031,13244000
2025-10-20,86.63999938964844,88.72000122070312,85.44999694824219,85.83999633789062,85.7142105102539,16137500
2025-10-21,85.69000244140625,85.93000030517578,83.0999984741211,84.26000213623047,84.13652801513672,13242100
2025-10-22,81.2300033569336,83.56999969482422,79.05999755859375,81.05000305175781,80.93123626708984,19218600
2025-10-23,81.0,83.44999694824219,80.52999877929688,82.7699966430664,82.64871215820312,10335800
2025-10-24,83.87999725341797,85.79000091552734,82.69999694824219,84.12999725341797,84.00672149658203,11661400
2025-10-27,86.04000091552734,89.37999725341797,85.19999694824219,88.70999908447266,88.58001708984375,16331600
2025-10-28,88.95999908447266,89.9800033569336,87.79000091552734,88.45999908447266,88.33038330078125,13029300
2025-10-29,90.76000213623047,91.51000213623047,89.05000305175781,90.1500015258789,90.01789855957031,13399900
2025-10-30,89.27999877929688,90.45999908447266,88.36000061035156,88.56999969482422,88.44021606445312,11903800
2025-10-31,93.4000015258789,97.56999969482422,90.95999908447266,93.73999786376953,93.6026382446289,29320800
2025-11-03,93.38999938964844,94.83999633789062,90.01000213623047,90.37000274658203,90.23758697509766,14308700
2025-11-04,87.76000213623047,90.83999633789062,87.22000122070312,87.58999633789062,87.4616470336914,13630000
2025-11-05,88.33000183105469,95.38999938964844,88.1500015258789,92.9000015258789,92.76387023925781,17194500
2025-11-06,96.20999908447266,98.12999725341797,92.41999816894531,93.33000183105469,93.19324493408203,28022500
2025-11-07,91.68000030517578,92.18000030517578,85.11000061035156,90.91999816894531,90.78677368164062,20898700
2025-11-10,93.16999816894531,94.47000122070312,92.19999694824219,93.2300033569336,93.09339141845703,14570700
2025-11-11,92.02999877929688,92.66999816894531,88.5199966430664,89.33000183105469,89.19911193847656,13538500
2025-11-12,90.55999755859375,92.87000274658203,88.87000274658203,89.33000183105469,89.19911193847656,11846700
2025-11-13,87.58999633789062,88.44999694824219,84.70999908447266,87.5199966430664,87.39175415039062,17226600
2025-11-14,84.47000122070312,89.0,83.33000183105469,86.44999694824219,86.32332611083984,12414100
2025-11-17,85.43000030517578,86.72000122070312,81.86000061035156,83.44999694824219,83.32772064208984,16548600
2025-11-18,80.47000122070312,81.75,78.44000244140625,78.68000030517578,78.56471252441406,23426900
2025-11-19,79.08999633789062,81.88999938964844,78.77999877929688,81.31999969482422,81.20083618164062,13688200
2025-11-20,83.4000015258789,84.44000244140625,76.08000183105469,76.68000030517578,76.56763458251953,23315900
2025-11-21,76.76000213623047,78.91999816894531,73.62000274658203,77.44999694824219,77.33650207519531,16211000
2025-11-24,78.48999786376953,84.58000183105469,78.0,83.79000091552734,83.66722106933594,23945100
2025-11-25,82.5,83.80999755859375,80.52999877929688,83.43000030517578,83.30774688720703,11667900
2025-11-26,84.58999633789062,89.30999755859375,84.02999877929688,87.72000122070312,87.59146118164062,15019100
2025-11-28,85.9000015258789,89.52999877929688,84.5199966430664,89.4000015258789,89.26899719238281,11235600
2025-12-01,89.13999938964844,92.73999786376953,88.30000305175781,91.0999984741211,90.96650695800781,18143400
2025-12-02,92.66000366210938,93.86000061035156,91.45999908447266,92.88999938964844,92.7538833618164,38231100
2025-12-03,100.04000091552734,102.11000061035156,95.79000091552734,100.19999694824219,100.05316925048828,52833700
2025-12-04,99.41000366210938,102.7699966430664,97.18000030517578,98.19000244140625,98.0461196899414,23981800
2025-12-05,100.4000015258789,102.63999938964844,97.30999755859375,98.91000366210938,98.76506805419922,22219900
2025-12-08,90.44999694824219,92.79000091552734,88.91999816894531,92.0,91.86518859863281,40731000
2025-12-09,91.58999633789062,91.69000244140625,88.04000091552734,88.9000015258789,88.76972961425781,23037400
2025-12-10,91.33000183105469,92.8499984741211,90.1500015258789,92.47000122070312,92.33450317382812,22573600
2025-12-11,90.9800033569336,91.73999786376953,87.51000213623047,89.43000030517578,89.2989501953125,16593500
2025-12-12,87.62999725341797,89.0,83.88999938964844,84.43000030517578,84.30628204345703,21576300
2025-12-15,84.87000274658203,85.8499984741211,83.66999816894531,84.26000213623047,84.13652801513672,11953300
2025-12-16,83.58000183105469,84.44999694824219,82.2300033569336,84.06999969482422,83.94681549072266,9483800
2025-12-17,86.5,87.18000030517578,81.18000030517578,81.69999694824219,81.58027648925781,16662700
2025-12-18,84.4800033569336,85.02999877929688,82.6500015258789,84.47000122070312,84.34622955322266,12732100
2025-12-19,84.05000305175781,86.22000122070312,83.69999694824219,84.08999633789062,83.96678161621094,21722200
2025-12-22,86.58000183105469,87.3499984741211,84.44999694824219,84.80000305175781,84.67574310302734,9871000
2025-12-23,84.4000015258789,88.05000305175781,84.29000091552734,87.68000030517578,87.55152130126953,12334100
2025-12-24,87.25,87.7699966430664,86.0999984741211,86.48999786376953,86.3632583618164,5335300
2025-12-26,87.0999984741211,87.19999694824219,85.97000122070312,86.33999633789062,86.2134780883789,5001000
2025-12-29,85.33000183105469,86.0999984741211,84.19999694824219,85.76000213623047,85.63433837890625,9677700
2025-12-30,85.76000213623047,88.0999984741211,85.72000122070312,86.76000213623047,86.63287353515625,9583000
2025-12-31,86.80000305175781,86.91999816894531,84.94000244140625,84.9800033569336,84.85547637939453,7234100
2026-01-02,86.73999786376953,90.08000183105469,86.5999984741211,89.38999938964844,89.25901794433594,14987500
2026-01-05,93.0199966430664,93.97000122070312,88.12000274658203,90.2300033569336,90.09778594970703,21328400
2026-01-06,92.69999694824219,94.19999694824219,86.7699966430664,88.2300033569336,88.10071563720703,24322700
2026-01-07,86.5199966430664,86.54000091552734,83.58999633789062,84.63999938964844,84.5159683227539,17230800
2026-01-08,84.69999694824219,84.91999816894531,82.87999725341797,83.44999694824219,83.32772064208984,10695900
2026-01-09,84.02999877929688,84.44999694824219,82.19000244140625,83.22000122070312,83.15785217285156,13486300
2026-01-12,82.41999816894531,83.75,82.08000183105469,82.88999938964844,82.82809448242188,10146600
2026-01-13,83.51000213623047,84.05999755859375,82.75,83.05000305175781,82.98797607421875,9133500
2026-01-14,82.95999908447266,83.0,79.2699966430664,81.20999908447266,81.14934539794922,15295700
2026-01-15,82.72000122070312,82.94000244140625,80.0,80.37999725341797,80.3199691772461,16593500
2026-01-16,81.44999694824219,82.4800033569336,80.30000305175781,80.45999908447266,80.39990997314453,15011200
2026-01-20,79.30999755859375,83.4800033569336,79.0199966430664,79.80000305175781,79.74040985107422,18688000
2026-01-21,80.4000015258789,84.29000091552734,80.4000015258789,82.55000305175781,82.48835754394531,17134300
2026-01-22,84.47000122070312,85.3499984741211,82.73999786376953,83.0999984741211,83.03793334960938,12997600
2026-01-23,81.22000122070312,82.0199966430664,79.72000122070312,80.2300033569336,80.17008972167969,13924600
2026-01-26,79.81999969482422,83.44000244140625,79.55999755859375,81.7699966430664,81.70893096923828,12464600
2026-01-27,82.87000274658203,83.73999786376953,81.30000305175781,82.93000030517578,82.8680648803711,11307900
2026-01-28,84.58000183105469,85.47000122070312,82.69999694824219,83.62000274658203,83.55754852294922,10311000
2026-01-29,81.94000244140625,82.44000244140625,78.30000305175781,81.33999633789062,81.27925109863281,13944900
2026-01-30,80.05000305175781,81.69999694824219,78.18000030517578,78.91999816894531,78.8610610961914,12581400
2026-02-02,77.61000061035156,78.9800033569336,76.72000122070312,78.66000366210938,78.60125732421875,14513000
2026-02-03,78.54000091552734,78.97000122070312,72.79000091552734,75.54000091552734,75.48358154296875,22563900
2026-02-04,75.0,76.05999755859375,71.77999877929688,73.7300033569336,73.67494201660156,17506200
2026-02-05,72.87999725341797,74.79000091552734,70.69000244140625,74.20999908447266,74.15457153320312,19202000
2026-02-06,76.83999633789062,80.75,76.5199966430664,80.27999877929688,80.22003936767578,22581800
2026-02-09,79.61000061035156,83.05999755859375,78.66999816894531,82.3499984741211,82.28849792480469,13775400
2026-02-10,82.69000244140625,83.4000015258789,81.48999786376953,82.01000213623047,81.9487533569336,10561400
2026-02-11,83.5999984741211,83.77999877929688,79.20999908447266,81.33999633789062,81.27925109863281,11636700
2026-02-12,82.19000244140625,82.19000244140625,77.44000244140625,78.2300033569336,78.17157745361328,13643800
2026-02-13,77.94999694824219,79.97000122070312,77.75,78.61000061035156,78.5512924194336,7615400
2026-02-17,77.31999969482422,80.31999969482422,76.62999725341797,79.01000213623047,78.95099639892578,10568500
2026-02-18,79.1500015258789,80.4000015258789,78.48999786376953,79.08999633789062,79.03092193603516,8408200
2026-02-19,78.37999725341797,79.66999816894531,77.72000122070312,79.61000061035156,79.55054473876953,6512200
2026-02-20,78.23999786376953,80.33999633789062,77.5999984741211,79.4800033569336,79.42064666748047,8795300
2026-02-23,78.38999938964844,79.11000061035156,76.06999969482422,77.79000091552734,77.73190307617188,11622600
2026-02-24,78.0,79.69999694824219,77.18000030517578,78.38999938964844,78.33145141601562,8396200
2026-02-25,79.01000213623047,81.19000244140625,78.97000122070312,80.91999816894531,80.85955810546875,10524700
2026-02-26,81.11000061035156,81.62999725341797,77.1500015258789,79.29000091552734,79.23078155517578,12326500
2026-02-27,80.02999877929688,82.29000091552734,78.66000366210938,81.69000244140625,81.62899017333984,20253800
2026-03-02,79.62999725341797,82.81999969482422,79.4000015258789,80.86000061035156,80.79960632324219,15228500
2026-03-03,77.8499984741211,79.08000183105469,76.6500015258789,77.51000213623047,77.45211791992188,15826400
2026-03-04,78.69999694824219,79.5,77.26000213623047,78.08999633789062,78.03167724609375,14677500
2026-03-05,78.9000015258789,80.26000213623047,75.23999786376953,75.68000030517578,75.62348175048828,42620200
2026-03-06,84.72000122070312,93.4000015258789,83.4000015258789,89.56999969482422,89.50310516357422,90071100
2026-03-09,87.93000030517578,92.93000030517578,84.19999694824219,92.6500015258789,92.58080291748047,38873500
2026-03-10,92.56999969482422,95.05000305175781,91.62000274658203,93.30000305175781,93.2303237915039,26499500
2026-03-11,93.5999984741211,95.01000213623047,90.18000030517578,90.44000244140625,90.3724594116211,18446200
2026-03-12,89.8499984741211,90.02999877929688,87.37000274658203,87.66999816894531,87.60452270507812,16854400
2026-03-13,87.76000213623047,90.5,86.81999969482422,87.86000061035156,87.79438018798828,14108100
2026-03-16,89.1500015258789,92.5199966430664,89.12000274658203,91.58000183105469,91.51160430908203,15875500
2026-03-17,92.30000305175781,93.44000244140625,90.3499984741211,90.79000091552734,90.7221908569336,11622600
2026-03-18,90.80000305175781,92.0199966430664,87.16999816894531,87.62000274658203,87.5545654296875,16096700
2026-03-19,86.2699966430664,89.73999786376953,85.12999725341797,89.52999877929688,89.463134765625,13388800
2026-03-20,88.9000015258789,90.4800033569336,86.66000366210938,87.91000366210938,87.84434509277344,25570400
2026-03-23,89.44999694824219,91.58000183105469,88.73999786376953,90.16000366210938,90.09266662597656,14126700
2026-03-24,88.83999633789062,93.16000366210938,88.80000305175781,92.36000061035156,92.29102325439453,13731200
2026-03-25,94.08000183105469,98.81999969482422,94.0,98.44999694824219,98.37647247314453,22562400
2026-03-26,97.95999908447266,100.6500015258789,97.22000122070312,97.68000030517578,97.60704803466797,26078500
2026-03-27,98.77999877929688,99.62999725341797,93.4000015258789,94.87999725341797,94.80913543701172,16507100
2026-03-30,95.12000274658203,96.5,86.61000061035156,87.80999755859375,87.74442291259766,21463200
2026-03-31,96.4000015258789,99.55999755859375,93.05000305175781,99.05000305175781,98.97602844238281,51286100
2026-04-01,100.81999969482422,107.83999633789062,100.48999786376953,106.70999908447266,106.63030242919922,44072500
2026-04-02,102.30000305175781,107.26000213623047,101.12999725341797,107.11000061035156,107.0300064086914,23667100
2026-04-06,109.44999694824219,111.88999938964844,106.0,109.51000213623047,109.42822265625,22700500
2026-04-07,108.37999725341797,110.12000274658203,106.0199966430664,109.37999725341797,109.29830932617188,18965200
2026-04-08,114.0,115.66000366210938,110.44999694824219,114.44999694824219,114.3645248413086,29455900
2026-04-09,118.95999908447266,121.97000122070312,117.83000183105469,119.93000030517578,119.8404312133789,32718500
2026-04-10,123.66000366210938,129.83999633789062,123.5999984741211,128.49000549316406,128.45831298828125,41187000
2026-04-13,129.97000122070312,133.1999969482422,128.97000122070312,131.3000030517578,131.2676239013672,31264700
2026-04-14,136.11000061035156,136.89999389648438,130.83999633789062,133.8300018310547,133.7969970703125,33600700
2026-04-15,132.38999938964844,138.19000244140625,131.8800048828125,134.60000610351562,134.56680297851562,23450100
2026-04-16,132.25999450683594,134.69000244140625,128.4199981689453,133.3699951171875,133.33709716796875,20830200
2026-04-17,134.8800048828125,139.91000366210938,133.16000366210938,139.69000244140625,139.65554809570312,26341300
2026-04-20,147.50999450683594,149.5800018310547,143.92999267578125,147.83999633789062,147.80352783203125,39548500
2026-04-21,148.6999969482422,154.9499969482422,147.85000610351562,151.30999755859375,151.27267456054688,31901100
2026-04-22,153.66000366210938,158.69000244140625,151.08999633789062,157.32000732421875,157.2812042236328,30765800
2026-04-23,157.94000244140625,167.86000061035156,157.77000427246094,165.55999755859375,165.5191650390625,36938700
2026-04-24,169.8699951171875,170.83999633789062,158.50999450683594,164.30999755859375,164.26947021484375,37599100
2026-04-27,162.1300048828125,163.4499969482422,151.08999633789062,158.2100067138672,158.17098999023438,30281800
2026-04-28,147.91000366210938,156.0,146.85000610351562,153.22999572753906,153.19219970703125,27128700
2026-04-29,153.77000427246094,157.2100067138672,151.3000030517578,156.57000732421875,156.53138732910156,20649000
2026-04-30,160.33999633789062,165.61000061035156,156.36000061035156,165.14999389648438,165.10926818847656,20327000
2026-05-01,162.35000610351562,166.38999938964844,159.25999450683594,164.9499969482422,164.90931701660156,13071700
2026-05-04,165.47999572753906,166.82000732421875,162.25999450683594,163.66000366210938,163.61964416503906,14547000
2026-05-05,168.27999877929688,172.97999572753906,164.5800018310547,168.75,168.7083740234375,22284400
2026-05-06,172.60000610351562,175.8000030517578,165.0,172.14999389648438,172.10752868652344,23205300
2026-05-07,171.1999969482422,171.52000427246094,158.5500030517578,160.00999450683594,159.9705352783203,23683600
2026-05-08,164.69000244140625,170.58999633789062,162.89999389648438,170.1300048828125,170.08804321289062,20589000
2026-05-11,163.6699981689453,174.16000366210938,162.49000549316406,170.83999633789062,170.79786682128906,22947600
2026-05-12,165.4600067138672,168.72999572753906,157.9600067138672,164.5,164.4594268798828,21367800
2026-05-13,169.08999633789062,182.30999755859375,168.91000366210938,177.9499969482422,177.90611267089844,31862600
2026-05-14,180.8800048828125,192.14999389648438,177.3300018310547,182.5800018310547,182.53497314453125,32661100
2026-05-15,173.89999389648438,182.13999938964844,173.33999633789062,176.88999938964844,176.84637451171875,24757300
2026-05-18,181.77000427246094,182.7100067138672,165.10000610351562,168.92999267578125,168.88832092285156,24439000
2026-05-19,164.61000061035156,181.63999938964844,162.85000610351562,176.27000427246094,176.22653198242188,25003300
2026-05-20,183.4499969482422,193.32000732421875,182.27999877929688,186.8000030517578,186.75393676757812,29808100
2026-05-21,192.50999450683594,194.5800018310547,188.1999969482422,190.69000244140625,190.64297485351562,21506100
2026-05-22,194.72000122070312,198.39999389648438,192.22000122070312,196.3300018310547,196.28158569335938,19823200
2026-05-26,211.24000549316406,217.4499969482422,200.0399932861328,208.25999450683594,208.20863342285156,42558200
2026-05-27,217.97999572753906,218.25999450683594,196.25,198.6999969482422,198.65098571777344,54198500
2026-05-28,198.75,207.39999389648438,194.6999969482422,204.8300018310547,204.77947998046875,52624900
2026-05-29,204.44000244140625,208.75999450683594,199.1999969482422,205.0,204.94943237304688,34024700
2026-06-01,198.91000366210938,225.13999938964844,195.1199951171875,219.42999267578125,219.37586975097656,32926900
2026-06-02,253.4600067138672,291.29998779296875,252.42999267578125,290.7900085449219,290.7182922363281,112646200
2026-06-03,317.6300048828125,324.20001220703125,294.010009765625,301.6499938964844,301.5755920410156,115542800
2026-06-04,282.95001220703125,321.5,277.55999755859375,316.42999267578125,316.3519592285156,86903500
2026-06-05,299.5,300.7200012207031,261.3900146484375,263.4700012207031,263.405029296875,93976400
2026-06-08,288.69000244140625,304.9599914550781,281.3599853515625,288.8500061035156,288.7787780761719,84575500
2026-06-09,299.760009765625,302.3999938964844,244.0,266.8800048828125,266.8141784667969,94754500
2026-06-10,263.5,272.4700012207031,252.25999450683594,252.58999633789062,252.52769470214844,54175100
2026-06-11,260.5400085449219,282.32000732421875,258.42999267578125,280.7099914550781,280.6407470703125,57254500
2026-06-12,270.07000732421875,287.9800109863281,267.30999755859375,279.70001220703125,279.6310119628906,42047300
2026-06-15,296.7099914550781,312.9800109863281,288.0899963378906,308.8800048828125,308.8038330078125,54963600
2026-06-16,299.1300048828125,317.0,278.1300048828125,278.6700134277344,278.6012878417969,59201300
2026-06-17,292.8900146484375,307.3699951171875,283.32000732421875,289.5400085449219,289.4685974121094,50607300
2026-06-18,305.4700012207031,329.8800048828125,302.3599853515625,310.5799865722656,310.5033874511719,250989400
2026-06-22,313.3900146484375,314.1700134277344,298.17999267578125,307.8599853515625,307.7840576171875,49225100
2026-06-23,278.82000732421875,290.95001220703125,276.25,279.0400085449219,278.97119140625,46361100
2026-06-24,281.95001220703125,281.95001220703125,263.6600036621094,276.70001220703125,276.63177490234375,35747400
2026-06-25,291.17999267578125,292.510009765625,263.7200012207031,281.260009765625,281.1906433105469,39131600
2026-06-26,268.3699951171875,274.20001220703125,262.0,266.7699890136719,266.7041931152344,41986200
2026-06-29,272.4100036621094,278.2799987792969,250.52000427246094,277.75,277.6814880371094,31749200
2026-06-30,278.75,300.0,275.5,297.8900146484375,297.8165283203125,37520100
2026-07-01,282.4700012207031,292.5,271.3500061035156,272.04998779296875,271.9828796386719,33822700
2026-07-02,269.5,274.95001220703125,237.1999969482422,245.2899932861328,245.2294921875,38435900
2026-07-06,254.82000732421875,260.4599914550781,249.0399932861328,249.27000427246094,249.20852661132812,25703100
2026-07-07,234.9199981689453,237.44000244140625,222.94000244140625,230.6999969482422,230.64309692382812,36163800
2026-07-08,225.16000366210938,236.7899932861328,224.97999572753906,231.7100067138672,231.65286254882812,25541800
2026-07-09,246.17999267578125,251.6999969482422,241.10000610351562,243.27000427246094,243.2100067138672,21245300
2026-07-10,237.7899932861328,240.94000244140625,232.02000427246094,235.80999755859375,235.80999755859375,15106000
2026-07-13,228.77999877929688,228.8000030517578,215.27999877929688,217.52999877929688,217.52999877929688,25615300
2026-07-14,231.57000732421875,232.0,218.6300048828125,222.44000244140625,222.44000244140625,20705500
2026-07-15,222.16000366210938,223.3000030517578,201.22000122070312,206.25999450683594,206.25999450683594,26827600
2026-07-16,200.1199951171875,201.94000244140625,186.14999389648438,188.3000030517578,188.3000030517578,34893000
2026-07-17,182.22999572753906,194.0500030517578,177.9499969482422,188.67999267578125,188.67999267578125,29656300
2026-07-20,193.00999450683594,202.0800018310547,191.99000549316406,194.94000244140625,194.94000244140625,25070600
2026-07-21,205.55999755859375,210.60000610351562,202.83999633789062,207.9600067138672,207.9600067138672,22153600
2026-07-22,201.14999389648438,214.9199981689453,200.5800018310547,210.99000549316406,210.99000549316406,16890300
2026-07-23,207.86000061035156,214.55999755859375,205.02000427246094,209.32000732421875,209.32000732421875,16359900
2026-07-24,202.91000366210938,206.07000732421875,191.2899932861328,194.22999572753906,194.22999572753906,19837100
2026-07-27,198.72000122070312,199.7899932861328,181.75999450683594,189.1699981689453,189.1699981689453,21637700
2026-07-28,180.0,181.47999572753906,167.32000732421875,174.47000122070312,174.47000122070312,29188500
2026-07-29,174.02999877929688,177.8000030517578,162.89999389648438,163.39999389648438,163.39999389648438,25708900
2026-07-30,178.3800048828125,184.35000610351562,175.14999389648438,183.3000030517578,183.3000030517578,29861700
2026-07-31,199.3800048828125,201.35000610351562,187.1199951171875,187.55999755859375,187.55999755859375,26835500
2026-08-03,180.52000427246094,194.44000244140625,177.57000732421875,193.77999877929688,193.77999877929688,21015800
2026-08-04,210.00999450683594,222.6699981689453,208.0,218.58999633789062,218.58999633789062,33923400
2026-08-05,215.97999572753906,222.3800048828125,210.2899932861328,211.02000427246094,211.02000427246094,16884600
2026-08-06,205.57000732421875,219.4600067138672,201.74000549316406,210.5399932861328,210.5399932861328,16804200
2026-08-07,219.0500030517578,221.8699951171875,205.52000427246094,218.72000122070312,218.72000122070312,19663400
2026-08-10,227.77000427246094,230.10000610351562,208.50999450683594,208.55999755859375,208.55999755859375,20948500
2026-08-11,212.0,212.66000366210938,206.42999267578125,212.30999755859375,212.30999755859375,15429200
2026-08-12,225.89999389648438,226.88999938964844,216.8800048828125,217.0800018310547,217.0800018310547,25134300
2026-08-13,217.67999267578125,231.3800048828125,217.17999267578125,222.17999267578125,222.17999267578125,19255500
2026-08-14,221.39999389648438,223.52000427246094,217.10000610351562,222.02000427246094,222.02000427246094,14487800
2026-08-17,227.75,240.17999267578125,226.88999938964844,234.3300018310547,234.3300018310547,21113500
2026-08-18,220.52000427246094,225.00999450683594,211.10000610351562,216.0,216.0,25860700
2026-08-19,240.1300048828125,245.49000549316406,228.10000610351562,237.27000427246094,237.27000427246094,44011800
2026-08-20,237.57000732421875,251.72999572753906,234.52999877929688,251.00999450683594,251.00999450683594,29226500
2026-08-21,252.38999938964844,252.52000427246094,233.27999877929688,237.0399932861328,237.0399932861328,25526600
2026-08-24,229.22000122070312,231.6999969482422,220.4199981689453,229.2899932861328,229.2899932861328,18791400
2026-08-25,237.3800048828125,246.6999969482422,235.92999267578125,240.3800048828125,240.3800048828125,21347000
2026-08-26,240.0,245.1699981689453,236.7899932861328,245.11000061035156,245.11000061035156,17107000
