date,open,high,low,close,adjclose,volume
2021-06-01,32.45000076293945,32.70000076293945,32.119998931884766,32.27000045776367,28.076820373535156,3789600
2021-06-02,32.290000915527344,33.13999938964844,32.18000030517578,33.02000045776367,28.729360580444336,3375200
2021-06-03,32.459999084472656,34.5,32.08000183105469,34.290000915527344,29.834339141845703,4478700
2021-06-04,34.22999954223633,34.43000030517578,33.630001068115234,33.900001525878906,29.495018005371094,3124900
2021-06-07,33.95000076293945,34.59000015258789,33.95000076293945,34.5099983215332,30.025753021240234,2246200
2021-06-08,34.689998626708984,36.150001525878906,34.61000061035156,36.04999923706055,31.36564064025879,4390000
2021-06-09,36.029998779296875,36.91999816894531,35.81999969482422,36.66999816894531,31.905080795288086,3398400
2021-06-10,36.720001220703125,36.72999954223633,35.599998474121094,36.43000030517578,31.696269989013672,2153200
2021-06-11,36.40999984741211,37.349998474121094,36.22999954223633,37.29999923706055,32.453216552734375,2134700
2021-06-14,37.40999984741211,37.56999969482422,36.70000076293945,37.08000183105469,32.261802673339844,2603100
2021-06-15,37.04999923706055,37.77000045776367,36.75,37.5099983215332,32.635929107666016,2390600
2021-06-16,37.68000030517578,37.7400016784668,36.59000015258789,36.91999816894531,32.122596740722656,3094700
2021-06-17,37.06999969482422,38.529998779296875,36.90999984741211,38.38999938964844,33.40157699584961,3889400
2021-06-18,37.939998626708984,38.18000030517578,36.779998779296875,36.790000915527344,32.009483337402344,5737700
2021-06-21,37.099998474121094,37.959999084472656,36.72999954223633,37.90999984741211,32.98395538330078,2368400
2021-06-22,37.93000030517578,38.04999923706055,37.31999969482422,37.33000183105469,32.47932052612305,1967600
2021-06-23,37.209999084472656,37.220001220703125,36.689998626708984,36.810001373291016,32.026885986328125,2598400
2021-06-24,36.939998626708984,37.66999816894531,36.529998779296875,37.529998779296875,32.65332794189453,2169000
2021-06-25,37.529998779296875,38.529998779296875,37.38999938964844,38.4900016784668,33.488582611083984,3800300
2021-06-28,39.95000076293945,40.97999954223633,39.220001220703125,40.84000015258789,35.533226013183594,7288900
2021-06-29,40.84000015258789,41.130001068115234,39.720001220703125,39.75,34.58486557006836,3858700
2021-06-30,39.90999984741211,40.58000183105469,39.43000030517578,40.29999923706055,35.06340026855469,4691800
2021-07-01,40.09000015258789,40.779998779296875,39.72999954223633,40.52000045776367,35.25480651855469,3329500
2021-07-02,40.790000915527344,42.11000061035156,40.41999816894531,41.40999984741211,36.02916717529297,3056600
2021-07-06,41.09000015258789,41.20000076293945,40.279998779296875,40.9900016784668,35.66374206542969,2939900
2021-07-07,41.13999938964844,41.59000015258789,40.869998931884766,41.40999984741211,36.02916717529297,2595300
2021-07-08,40.7599983215332,41.25,40.369998931884766,41.11000061035156,35.76814651489258,2799100
2021-07-09,41.5,42.06999969482422,41.310001373291016,41.970001220703125,36.516387939453125,2785300
2021-07-12,41.93000030517578,42.08000183105469,41.08000183105469,41.290000915527344,35.924747467041016,3227200
2021-07-13,41.20000076293945,41.33000183105469,40.41999816894531,40.619998931884766,35.34181594848633,2959000
2021-07-14,40.68000030517578,41.209999084472656,40.459999084472656,40.61000061035156,35.3331184387207,1748600
2021-07-15,40.439998626708984,40.599998474121094,40.040000915527344,40.2400016784668,35.01119613647461,1735500
2021-07-16,40.38999938964844,40.959999084472656,40.130001068115234,40.540000915527344,35.272212982177734,1770600
2021-07-19,40.0,40.02000045776367,38.47999954223633,39.02000045776367,33.9497184753418,3538700
2021-07-20,39.02000045776367,39.66999816894531,38.93000030517578,39.45000076293945,34.323848724365234,2555300
2021-07-21,39.7400016784668,40.38999938964844,39.709999084472656,40.130001068115234,34.91548156738281,2646500
2021-07-22,40.31999969482422,40.70000076293945,39.810001373291016,40.63999938964844,35.359214782714844,2043400
2021-07-23,40.650001525878906,41.060001373291016,40.529998779296875,41.0,35.67243957519531,1267100
2021-07-26,41.029998779296875,41.400001525878906,40.33000183105469,40.709999084472656,35.42012405395508,1552300
2021-07-27,40.43000030517578,41.15999984741211,39.779998779296875,41.150001525878906,35.802940368652344,1764300
2021-07-28,41.290000915527344,41.790000915527344,41.130001068115234,41.709999084472656,36.29017639160156,2346500
2021-07-29,41.77000045776367,42.040000915527344,41.22999954223633,41.72999954223633,36.307586669921875,2058200
2021-07-30,41.15999984741211,41.7400016784668,41.11000061035156,41.2400016784668,36.16288375854492,1790000
2021-08-02,41.41999816894531,41.43000030517578,40.849998474121094,41.099998474121094,36.040122985839844,2027700
2021-08-03,41.130001068115234,41.81999969482422,41.040000915527344,41.63999938964844,36.513641357421875,1787200
2021-08-04,41.310001373291016,41.88999938964844,40.810001373291016,41.7400016784668,36.60133361816406,2134500
2021-08-05,42.09000015258789,43.290000915527344,41.36000061035156,41.970001220703125,36.803016662597656,2869000
2021-08-06,42.2599983215332,44.439998626708984,42.09000015258789,43.88999938964844,38.486656188964844,3919000
2021-08-09,43.95000076293945,44.380001068115234,43.58000183105469,43.88999938964844,38.486656188964844,3500800
2021-08-10,44.02000045776367,44.099998474121094,43.119998931884766,43.150001525878906,37.8377571105957,1627000
2021-08-11,43.25,43.400001525878906,42.93000030517578,43.18000030517578,37.86405563354492,1917300
2021-08-12,43.20000076293945,43.33000183105469,42.38999938964844,43.060001373291016,37.75884246826172,1649600
2021-08-13,43.099998474121094,43.720001220703125,42.70000076293945,43.650001525878906,38.27619552612305,1531300
2021-08-16,43.38999938964844,43.880001068115234,42.9900016784668,43.08000183105469,37.7763786315918,2063300
2021-08-17,42.880001068115234,43.27000045776367,42.189998626708984,43.2599983215332,37.9342155456543,2241100
2021-08-18,43.2400016784668,43.47999954223633,42.709999084472656,43.029998779296875,37.73251724243164,1512200
2021-08-19,43.02000045776367,43.33000183105469,42.529998779296875,42.66999816894531,37.41684341430664,1470300
2021-08-20,42.540000915527344,43.63999938964844,42.439998626708984,43.40999984741211,38.06574249267578,1560400
2021-08-23,43.560001373291016,43.970001220703125,43.40999984741211,43.7599983215332,38.372650146484375,1952300
2021-08-24,43.95000076293945,44.11000061035156,43.369998931884766,43.95000076293945,38.53927230834961,2992600
2021-08-25,44.0,45.72999954223633,43.75,45.599998474121094,39.98612976074219,2893000
2021-08-26,45.43000030517578,46.099998474121094,45.02000045776367,45.15999984741211,39.60029602050781,1691600
2021-08-27,45.189998626708984,45.36000061035156,44.81999969482422,45.06999969482422,39.52136993408203,1460000
2021-08-30,45.220001220703125,45.2599983215332,44.70000076293945,44.7599983215332,39.24953842163086,1266800
2021-08-31,44.79999923706055,45.79999923706055,44.61000061035156,45.66999816894531,40.04751205444336,2311500
2021-09-01,45.77000045776367,45.84000015258789,45.18000030517578,45.38999938964844,39.80198287963867,2481900
2021-09-02,45.529998779296875,45.68000030517578,45.2400016784668,45.66999816894531,40.04751205444336,1236500
2021-09-03,45.31999969482422,45.720001220703125,45.08000183105469,45.43000030517578,39.83705139160156,1318500
2021-09-07,45.31999969482422,45.5099983215332,44.810001373291016,44.869998931884766,39.34599685668945,1676600
2021-09-08,44.77000045776367,45.54999923706055,44.70000076293945,45.310001373291016,39.73183059692383,1091500
2021-09-09,45.2400016784668,45.380001068115234,44.65999984741211,44.72999954223633,39.22322463989258,980200
2021-09-10,44.88999938964844,44.88999938964844,43.33000183105469,43.470001220703125,38.11836624145508,1935500
2021-09-13,43.88999938964844,44.31999969482422,43.470001220703125,44.09000015258789,38.66202163696289,1512000
2021-09-14,44.349998474121094,44.540000915527344,43.75,43.88999938964844,38.486656188964844,1602800
2021-09-15,43.79999923706055,44.5099983215332,43.65999984741211,44.029998779296875,38.60940933227539,1621500
2021-09-16,44.029998779296875,44.09000015258789,42.959999084472656,43.0,37.706214904785156,2178700
2021-09-17,42.7599983215332,42.86000061035156,41.869998931884766,42.08000183105469,36.89948272705078,4344100
2021-09-20,41.45000076293945,41.93000030517578,40.52000045776367,41.15999984741211,36.092742919921875,2428300
2021-09-21,41.400001525878906,42.060001373291016,41.36000061035156,41.83000183105469,36.68025588989258,1464100
2021-09-22,42.099998474121094,42.599998474121094,41.970001220703125,42.18000030517578,36.9871711730957,1298600
2021-09-23,42.43000030517578,43.0099983215332,42.2400016784668,42.720001220703125,37.460689544677734,1376600
2021-09-24,42.52000045776367,43.25,42.52000045776367,42.959999084472656,37.67113494873047,1133000
2021-09-27,42.97999954223633,43.599998474121094,42.279998779296875,42.29999923706055,37.0923957824707,1572100
2021-09-28,42.2599983215332,42.47999954223633,41.349998474121094,41.38999938964844,36.294429779052734,1437700
2021-09-29,41.45000076293945,42.040000915527344,41.22999954223633,41.47999954223633,36.37334442138672,2444900
2021-09-30,41.7599983215332,41.7599983215332,40.81999969482422,40.83000183105469,35.80337142944336,1815000
2021-10-01,41.09000015258789,41.09000015258789,39.84000015258789,40.65999984741211,35.65428924560547,2327700
2021-10-04,40.63999938964844,41.11000061035156,39.90999984741211,40.33000183105469,35.36493682861328,2336300
2021-10-05,40.47999954223633,41.290000915527344,40.47999954223633,40.900001525878906,35.86475372314453,2448200
2021-10-06,40.630001068115234,40.959999084472656,40.04999923706055,40.939998626708984,35.89982223510742,1429000
2021-10-07,41.15999984741211,42.0,41.11000061035156,41.2599983215332,36.18042755126953,1825500
2021-10-08,41.380001068115234,41.77000045776367,41.25,41.38999938964844,36.294429779052734,1556100
2021-10-11,41.369998931884766,41.810001373291016,40.869998931884766,40.880001068115234,35.84721374511719,1269700
2021-10-12,40.97999954223633,41.36000061035156,40.630001068115234,40.959999084472656,35.9173698425293,1832700
2021-10-13,41.2400016784668,42.310001373291016,41.150001525878906,41.959999084472656,36.794246673583984,2024500
2021-10-14,42.27000045776367,42.400001525878906,41.47999954223633,41.58000183105469,36.461036682128906,1662500
2021-10-15,41.7400016784668,42.130001068115234,41.09000015258789,41.220001220703125,36.145355224609375,1441400
2021-10-18,40.95000076293945,41.11000061035156,40.560001373291016,40.79999923706055,35.777061462402344,2453400
2021-10-19,41.0,41.060001373291016,40.43000030517578,40.630001068115234,35.62799835205078,1967200
2021-10-20,41.040000915527344,41.810001373291016,40.75,41.41999816894531,36.32073974609375,1871200
2021-10-21,41.220001220703125,41.529998779296875,40.880001068115234,41.0,35.95244216918945,1787800
2021-10-22,41.119998931884766,41.5099983215332,40.720001220703125,41.22999954223633,36.15412902832031,1284600
2021-10-25,41.529998779296875,41.970001220703125,41.2599983215332,41.52000045776367,36.40841293334961,1297000
2021-10-26,41.529998779296875,41.529998779296875,40.93000030517578,40.9900016784668,35.94367980957031,1313500
2021-10-27,41.25,41.54999923706055,40.560001373291016,40.58000183105469,35.58415603637695,1643200
2021-10-28,40.43000030517578,41.40999984741211,40.290000915527344,40.86000061035156,35.829673767089844,2719400
2021-10-29,40.5099983215332,40.59000015258789,39.65999984741211,39.88999938964844,35.259544372558594,1863300
2021-11-01,39.900001525878906,40.900001525878906,39.779998779296875,40.459999084472656,35.76338577270508,4888000
2021-11-02,40.529998779296875,40.709999084472656,38.9900016784668,39.540000915527344,34.950172424316406,3133800
2021-11-03,39.380001068115234,40.13999938964844,39.310001373291016,40.0,35.35677719116211,3213700
2021-11-04,36.5,37.459999084472656,34.790000915527344,35.560001373291016,31.432178497314453,8236000
2021-11-05,35.790000915527344,36.619998931884766,35.599998474121094,36.279998779296875,32.068603515625,3383400
2021-11-08,36.22999954223633,36.279998779296875,35.029998779296875,35.630001068115234,31.494054794311523,3397100
2021-11-09,35.810001373291016,36.150001525878906,34.7400016784668,34.88999938964844,30.839946746826172,3255300
2021-11-10,34.79999923706055,35.40999984741211,34.709999084472656,34.970001220703125,30.910663604736328,1716700
2021-11-11,34.939998626708984,35.40999984741211,34.70000076293945,35.11000061035156,31.034421920776367,2299600
2021-11-12,35.130001068115234,35.810001373291016,35.02000045776367,35.70000076293945,31.555927276611328,2474200
2021-11-15,36.060001373291016,36.75,35.880001068115234,36.68000030517578,32.42216873168945,2294900
2021-11-16,36.84000015258789,36.95000076293945,36.529998779296875,36.619998931884766,32.36912155151367,2110100
2021-11-17,36.439998626708984,36.83000183105469,36.189998626708984,36.439998626708984,32.210025787353516,1665600
2021-11-18,36.439998626708984,36.63999938964844,35.290000915527344,36.04999923706055,31.86528778076172,2011700
2021-11-19,35.970001220703125,36.59000015258789,35.7599983215332,36.290000915527344,32.07743835449219,1618400
2021-11-22,36.33000183105469,36.86000061035156,35.83000183105469,36.540000915527344,32.29841995239258,1938800
2021-11-23,36.720001220703125,37.06999969482422,36.439998626708984,36.869998931884766,32.59010696411133,2487000
2021-11-24,37.0099983215332,37.61000061035156,36.900001525878906,37.2599983215332,32.93484115600586,2837600
2021-11-26,36.27000045776367,36.709999084472656,35.79999923706055,36.25,32.042083740234375,1069800
2021-11-29,36.77000045776367,36.939998626708984,36.25,36.630001068115234,32.377967834472656,1576700
2021-11-30,36.25,36.41999816894531,35.66999816894531,36.02000045776367,31.838781356811523,4286400
2021-12-01,36.439998626708984,37.060001373291016,35.599998474121094,35.599998474121094,31.467533111572266,2549300
2021-12-02,35.790000915527344,36.900001525878906,35.689998626708984,36.54999923706055,32.307254791259766,2269300
2021-12-03,36.959999084472656,37.060001373291016,36.16999816894531,36.560001373291016,32.316097259521484,1996500
2021-12-06,36.95000076293945,38.369998931884766,36.72999954223633,38.09000015258789,33.66849899291992,2812100
2021-12-07,38.220001220703125,39.18000030517578,38.09000015258789,38.86000061035156,34.34911346435547,2401900
2021-12-08,39.09000015258789,39.5099983215332,38.779998779296875,38.810001373291016,34.3049201965332,2094900
2021-12-09,38.63999938964844,39.119998931884766,38.45000076293945,38.470001220703125,34.00438690185547,1620500
2021-12-10,39.0099983215332,39.220001220703125,38.68000030517578,38.86000061035156,34.34911346435547,1587800
2021-12-13,38.75,40.439998626708984,38.75,39.970001220703125,35.330265045166016,3741600
2021-12-14,39.970001220703125,40.529998779296875,39.630001068115234,39.93000030517578,35.29490661621094,2728900
2021-12-15,39.83000183105469,40.33000183105469,38.959999084472656,40.060001373291016,35.409812927246094,2621600
2021-12-16,40.25,40.7400016784668,39.68000030517578,39.849998474121094,35.224185943603516,2303000
2021-12-17,39.90999984741211,40.7400016784668,39.0,40.4900016784668,35.78990173339844,8279700
2021-12-20,39.95000076293945,40.349998474121094,39.130001068115234,40.31999969482422,35.6396369934082,2391800
2021-12-21,40.599998474121094,41.88999938964844,40.599998474121094,41.52000045776367,36.70033264160156,3055300
2021-12-22,41.400001525878906,42.13999938964844,41.400001525878906,42.06999969482422,37.18648147583008,1593000
2021-12-23,42.11000061035156,42.90999984741211,42.060001373291016,42.20000076293945,37.30140686035156,1463700
2021-12-27,42.09000015258789,42.56999969482422,41.849998474121094,42.369998931884766,37.45167541503906,1454200
2021-12-28,42.34000015258789,42.9900016784668,42.34000015258789,42.68000030517578,37.725677490234375,1081800
2021-12-29,42.849998474121094,42.970001220703125,42.619998931884766,42.88999938964844,37.91130447387695,853000
2021-12-30,43.0,43.29999923706055,42.75,42.90999984741211,37.928985595703125,954400
2021-12-31,42.790000915527344,43.22999954223633,42.70000076293945,43.08000183105469,38.07925033569336,944500
2022-01-03,43.220001220703125,43.36000061035156,41.939998626708984,42.959999084472656,37.973175048828125,2216800
2022-01-04,43.0099983215332,43.29999923706055,42.45000076293945,42.619998931884766,37.672645568847656,2186000
2022-01-05,41.970001220703125,42.209999084472656,41.189998626708984,41.41999816894531,36.6119499206543,3454700
2022-01-06,41.40999984741211,41.52000045776367,40.54999923706055,40.63999938964844,35.92249298095703,1855100
2022-01-07,40.66999816894531,40.86000061035156,40.220001220703125,40.560001373291016,35.851768493652344,1934600
2022-01-10,40.459999084472656,40.709999084472656,40.08000183105469,40.380001068115234,35.69266891479492,2241000
2022-01-11,40.380001068115234,41.119998931884766,40.380001068115234,40.880001068115234,36.1346321105957,2331100
2022-01-12,40.81999969482422,41.4900016784668,40.81999969482422,41.33000183105469,36.53239440917969,1908700
2022-01-13,41.470001220703125,41.70000076293945,40.79999923706055,40.900001525878906,36.152313232421875,1644900
2022-01-14,40.72999954223633,40.900001525878906,39.93000030517578,40.88999938964844,36.14346694946289,1848100
2022-01-18,40.529998779296875,40.7599983215332,40.150001525878906,40.2599983215332,35.58659362792969,2181800
2022-01-19,40.36000061035156,40.560001373291016,39.810001373291016,39.869998931884766,35.24187469482422,2263400
2022-01-20,39.91999816894531,40.08000183105469,38.459999084472656,38.529998779296875,34.05741500854492,3520600
2022-01-21,38.58000183105469,39.29999923706055,37.91999816894531,39.189998626708984,34.64079666137695,3309000
2022-01-24,38.650001525878906,39.880001068115234,38.400001525878906,39.81999969482422,35.19766616821289,2478600
2022-01-25,39.290000915527344,40.09000015258789,38.77000045776367,39.709999084472656,35.10044479370117,2454900
2022-01-26,40.209999084472656,40.310001373291016,39.33000183105469,39.72999954223633,35.11812210083008,2667700
2022-01-27,40.29999923706055,40.380001068115234,38.83000183105469,38.959999084472656,34.4375,3101600
2022-01-28,38.939998626708984,39.970001220703125,38.709999084472656,39.900001525878906,35.26839065551758,3264400
2022-01-31,39.41999816894531,40.11000061035156,39.40999984741211,39.93000030517578,35.60725021362305,2368000
2022-02-01,39.63999938964844,39.9900016784668,38.529998779296875,38.75,34.55500030517578,3660900
2022-02-02,38.5,39.95000076293945,37.56999969482422,39.880001068115234,35.56266403198242,4249300
2022-02-03,39.29999923706055,39.869998931884766,38.880001068115234,39.40999984741211,35.14353561401367,2876500
2022-02-04,39.150001525878906,39.84000015258789,38.650001525878906,39.36000061035156,35.09896469116211,2025100
2022-02-07,39.310001373291016,40.13999938964844,39.189998626708984,39.900001525878906,35.580501556396484,3205800
2022-02-08,40.06999969482422,40.400001525878906,39.619998931884766,39.81999969482422,35.509151458740234,2368300
2022-02-09,40.209999084472656,41.150001525878906,40.029998779296875,40.880001068115234,36.45440673828125,2068000
2022-02-10,40.439998626708984,41.18000030517578,39.97999954223633,40.130001068115234,35.78559494018555,1814800
2022-02-11,40.189998626708984,41.0,39.529998779296875,39.689998626708984,35.39322280883789,2624400
2022-02-14,39.90999984741211,39.959999084472656,38.16999816894531,38.68000030517578,34.492576599121094,2661700
2022-02-15,38.91999816894531,39.220001220703125,38.61000061035156,38.95000076293945,34.73334503173828,2233600
2022-02-16,39.11000061035156,39.36000061035156,38.779998779296875,39.09000015258789,34.858184814453125,1033400
2022-02-17,38.81999969482422,38.9900016784668,38.20000076293945,38.31999969482422,34.17155456542969,2153700
2022-02-18,38.20000076293945,38.709999084472656,38.119998931884766,38.43000030517578,34.26963424682617,2180300
2022-02-22,38.099998474121094,38.20000076293945,36.97999954223633,37.279998779296875,33.24412155151367,4057700
2022-02-23,37.400001525878906,37.68000030517578,36.70000076293945,36.84000015258789,32.851768493652344,2767600
2022-02-24,37.209999084472656,38.220001220703125,36.650001525878906,38.18000030517578,34.04670333862305,3555000
2022-02-25,38.43000030517578,38.810001373291016,37.310001373291016,37.9900016784668,33.87727737426758,2549200
2022-02-28,37.709999084472656,38.16999816894531,37.0,37.84000015258789,33.7435188293457,2724200
2022-03-01,37.689998626708984,37.709999084472656,35.959999084472656,36.540000915527344,32.58424758911133,3868400
2022-03-02,36.689998626708984,37.939998626708984,36.5,37.72999954223633,33.64542007446289,2893300
2022-03-03,37.72999954223633,38.279998779296875,37.36000061035156,37.380001068115234,33.33330535888672,2516700
2022-03-04,36.95000076293945,37.63999938964844,36.68000030517578,37.560001373291016,33.49382781982422,3015000
2022-03-07,37.47999954223633,38.83000183105469,37.400001525878906,38.0099983215332,33.895103454589844,3822500
2022-03-08,37.90999984741211,38.41999816894531,37.34000015258789,37.439998626708984,33.386817932128906,4305100
2022-03-09,37.83000183105469,38.290000915527344,37.43000030517578,37.900001525878906,33.79701614379883,3462800
2022-03-10,37.630001068115234,37.66999816894531,36.81999969482422,37.650001525878906,33.57407760620117,2309700
2022-03-11,37.83000183105469,38.72999954223633,37.7400016784668,38.47999954223633,34.31422424316406,2701700
2022-03-14,39.09000015258789,39.439998626708984,38.27000045776367,38.689998626708984,34.501487731933594,2922500
2022-03-15,38.81999969482422,39.279998779296875,38.11000061035156,38.91999816894531,34.70659255981445,2669000
2022-03-16,39.040000915527344,39.7599983215332,38.650001525878906,39.20000076293945,34.95627212524414,2618900
2022-03-17,39.06999969482422,39.369998931884766,38.58000183105469,38.68000030517578,34.492576599121094,2516300
2022-03-18,38.5099983215332,38.790000915527344,37.880001068115234,37.90999984741211,33.805931091308594,10766500
2022-03-21,37.599998474121094,38.08000183105469,37.09000015258789,37.189998626708984,33.16387939453125,3151600
2022-03-22,37.33000183105469,38.060001373291016,37.33000183105469,37.56999969482422,33.50273513793945,2383500
2022-03-23,37.36000061035156,37.380001068115234,36.290000915527344,36.29999923706055,32.37022399902344,3503900
2022-03-24,36.439998626708984,36.59000015258789,36.13999938964844,36.45000076293945,32.50399398803711,2385000
2022-03-25,36.459999084472656,37.34000015258789,36.2400016784668,37.029998779296875,33.02119445800781,2807600
2022-03-28,37.16999816894531,37.90999984741211,37.08000183105469,37.61000061035156,33.53840637207031,1849300
2022-03-29,37.849998474121094,38.29999923706055,37.61000061035156,38.150001525878906,34.01994705200195,1802000
2022-03-30,38.150001525878906,38.5099983215332,37.849998474121094,38.02000045776367,33.904022216796875,1944500
2022-03-31,38.029998779296875,38.970001220703125,38.029998779296875,38.36000061035156,34.20722198486328,2509200
2022-04-01,38.560001373291016,38.65999984741211,38.02000045776367,38.400001525878906,34.24288558959961,2153600
2022-04-04,38.310001373291016,38.400001525878906,37.59000015258789,37.66999816894531,33.59191131591797,1910600
2022-04-05,37.68000030517578,37.91999816894531,37.13999938964844,37.619998931884766,33.547325134277344,2241900
2022-04-06,37.439998626708984,39.349998474121094,37.16999816894531,39.209999084472656,34.96520233154297,3148300
2022-04-07,39.20000076293945,39.349998474121094,38.650001525878906,39.040000915527344,34.8135986328125,2190600
2022-04-08,39.2400016784668,39.68000030517578,39.0,39.54999923706055,35.26839065551758,2081900
2022-04-11,39.56999969482422,39.77000045776367,38.5099983215332,38.540000915527344,34.36772537231445,1948200
2022-04-12,38.56999969482422,39.220001220703125,38.45000076293945,38.869998931884766,34.66200256347656,1980900
2022-04-13,38.72999954223633,39.0099983215332,38.2400016784668,38.77000045776367,34.57283020019531,1618200
2022-04-14,38.849998474121094,39.27000045776367,38.779998779296875,39.189998626708984,34.94735336303711,2020400
2022-04-18,39.25,39.95000076293945,39.2400016784668,39.83000183105469,35.5180778503418,1883600
2022-04-19,40.0099983215332,40.08000183105469,39.04999923706055,39.709999084472656,35.411067962646484,2075300
2022-04-20,39.9900016784668,41.52000045776367,39.880001068115234,41.27000045776367,36.80217742919922,3098100
2022-04-21,41.0,41.36000061035156,39.720001220703125,39.7400016784668,35.43782424926758,2928500
2022-04-22,39.45000076293945,39.540000915527344,37.7599983215332,37.90999984741211,33.805931091308594,2654400
2022-04-25,37.790000915527344,37.849998474121094,36.599998474121094,37.61000061035156,33.53840637207031,2442000
2022-04-26,37.439998626708984,38.0,37.27000045776367,37.27000045776367,33.23521423339844,2558500
2022-04-27,37.16999816894531,37.689998626708984,36.529998779296875,36.560001373291016,32.602081298828125,2774500
2022-04-28,36.869998931884766,37.400001525878906,36.220001220703125,37.150001525878906,33.12821578979492,2869400
2022-04-29,36.75,37.09000015258789,35.81999969482422,35.900001525878906,32.31800079345703,2875300
2022-05-02,36.220001220703125,36.88999938964844,35.90999984741211,36.84000015258789,33.16421890258789,4117600
2022-05-03,36.900001525878906,37.9900016784668,36.79999923706055,37.099998474121094,33.39828109741211,2978800
2022-05-04,37.15999984741211,38.41999816894531,37.119998931884766,38.25,34.43354034423828,2411500
2022-05-05,38.13999938964844,38.18000030517578,37.380001068115234,37.709999084472656,33.947410583496094,2411200
2022-05-06,38.63999938964844,41.45000076293945,38.25,41.400001525878906,37.26923370361328,7897800
2022-05-09,41.029998779296875,41.77000045776367,40.18000030517578,41.43000030517578,37.29624557495117,6928700
2022-05-10,41.70000076293945,42.150001525878906,40.380001068115234,41.689998626708984,37.53030014038086,3865200
2022-05-11,41.81999969482422,42.689998626708984,41.630001068115234,41.790000915527344,37.62033462524414,3439000
2022-05-12,41.86000061035156,42.060001373291016,40.40999984741211,41.38999938964844,37.26023483276367,3998900
2022-05-13,41.779998779296875,42.689998626708984,41.150001525878906,42.290000915527344,38.0704345703125,4249400
2022-05-16,42.400001525878906,44.29999923706055,42.369998931884766,44.06999969482422,39.67282485961914,4438100
2022-05-17,44.33000183105469,45.27000045776367,44.08000183105469,45.20000076293945,40.69008255004883,6800400
2022-05-18,45.22999954223633,45.91999816894531,44.81999969482422,45.7599983215332,41.19420623779297,5384500
2022-05-19,45.599998474121094,46.709999084472656,45.52000045776367,46.209999084472656,41.599308013916016,5579300
2022-05-20,46.81999969482422,46.86000061035156,44.95000076293945,45.720001220703125,41.15819549560547,6683900
2022-05-23,45.95000076293945,46.779998779296875,45.65999984741211,46.18000030517578,41.57229995727539,4061100
2022-05-24,46.0099983215332,46.56999969482422,45.5,45.810001373291016,41.239219665527344,5191300
2022-05-25,45.97999954223633,47.22999954223633,45.86000061035156,46.849998474121094,42.175445556640625,4184300
2022-05-26,47.04999923706055,47.81999969482422,46.68000030517578,46.709999084472656,42.04941940307617,2888200
2022-05-27,46.41999816894531,46.86000061035156,45.91999816894531,46.45000076293945,41.815364837646484,3274400
2022-05-31,46.45000076293945,46.790000915527344,45.84000015258789,46.040000915527344,41.4462776184082,15530000
2022-06-01,46.0,46.09000015258789,44.970001220703125,45.4900016784668,40.95115280151367,3182500
2022-06-02,45.56999969482422,45.970001220703125,45.040000915527344,45.91999816894531,41.33824157714844,2193700
2022-06-03,45.63999938964844,46.130001068115234,45.45000076293945,45.47999954223633,40.94214630126953,2248300
2022-06-06,45.65999984741211,46.59000015258789,45.33000183105469,46.22999954223633,41.617313385009766,2463100
2022-06-07,45.689998626708984,46.150001525878906,44.61000061035156,46.13999938964844,41.536285400390625,3247100
2022-06-08,45.790000915527344,46.220001220703125,45.310001373291016,45.63999938964844,41.086181640625,2027400
2022-06-09,45.75,46.189998626708984,45.400001525878906,45.52000045776367,40.97815704345703,3210000
2022-06-10,44.869998931884766,45.41999816894531,43.86000061035156,44.0099983215332,39.61881637573242,2631600
2022-06-13,43.349998474121094,43.349998474121094,40.349998474121094,40.54999923706055,36.5040397644043,3744900
2022-06-14,40.54999923706055,40.72999954223633,38.95000076293945,39.41999816894531,35.486793518066406,3848000
2022-06-15,39.7599983215332,40.0,38.41999816894531,39.11000061035156,35.207725524902344,3597400
2022-06-16,38.4900016784668,38.5099983215332,36.68000030517578,36.86000061035156,33.182228088378906,3926500
2022-06-17,37.220001220703125,37.81999969482422,35.65999984741211,36.33000183105469,32.70509719848633,9985100
2022-06-21,36.43000030517578,37.4900016784668,36.33000183105469,37.0,33.308250427246094,3901700
2022-06-22,36.59000015258789,37.029998779296875,36.34000015258789,36.47999954223633,32.84013748168945,3454400
2022-06-23,36.58000183105469,37.970001220703125,36.4900016784668,37.7599983215332,33.99241638183594,3472900
2022-06-24,37.810001373291016,38.400001525878906,37.54999923706055,38.31999969482422,34.496559143066406,5475500
2022-06-27,38.459999084472656,38.970001220703125,38.34000015258789,38.61000061035156,34.75761795043945,2122200
2022-06-28,38.689998626708984,38.90999984741211,37.61000061035156,37.81999969482422,34.04643249511719,3164900
2022-06-29,37.849998474121094,37.97999954223633,37.04999923706055,37.81999969482422,34.04643249511719,2340100
2022-06-30,37.459999084472656,38.630001068115234,37.38999938964844,38.16999816894531,34.361515045166016,3783900
2022-07-01,38.36000061035156,39.189998626708984,38.15999984741211,38.84000015258789,34.964664459228516,2284700
2022-07-05,38.400001525878906,38.5,36.54999923706055,37.59000015258789,33.839393615722656,2898000
2022-07-06,37.599998474121094,37.9900016784668,36.709999084472656,37.29999923706055,33.57831954956055,2338300
2022-07-07,37.7599983215332,38.209999084472656,37.4900016784668,37.709999084472656,33.947410583496094,2393900
2022-07-08,38.13999938964844,38.22999954223633,37.63999938964844,37.83000183105469,34.05543899536133,1646300
2022-07-11,37.689998626708984,37.880001068115234,37.060001373291016,37.5,33.758365631103516,1703400
2022-07-12,37.52000045776367,38.279998779296875,37.400001525878906,37.689998626708984,33.929405212402344,2344800
2022-07-13,37.2400016784668,37.93000030517578,37.09000015258789,37.119998931884766,33.41627883911133,2337700
2022-07-14,36.5099983215332,36.72999954223633,36.029998779296875,36.2599983215332,32.64208984375,3196600
2022-07-15,36.43000030517578,36.709999084472656,35.689998626708984,35.97999954223633,32.39002990722656,4743900
2022-07-18,36.02000045776367,36.20000076293945,35.529998779296875,35.59000015258789,32.0389404296875,3768800
2022-07-19,35.709999084472656,35.970001220703125,35.470001220703125,35.7400016784668,32.173973083496094,4138000
2022-07-20,35.72999954223633,35.88999938964844,34.90999984741211,35.84000015258789,32.26399612426758,4039700
2022-07-21,36.27000045776367,36.7599983215332,35.689998626708984,36.040000915527344,32.44404602050781,2562100
2022-07-22,36.08000183105469,36.29999923706055,35.38999938964844,35.630001068115234,32.074951171875,2512700
2022-07-25,35.70000076293945,36.52000045776367,35.61000061035156,35.95000076293945,32.36301803588867,3983700
2022-07-26,35.970001220703125,36.59000015258789,35.88999938964844,36.36000061035156,32.732112884521484,2333300
2022-07-27,36.38999938964844,36.810001373291016,35.900001525878906,36.47999954223633,32.84013748168945,2692000
2022-07-28,37.060001373291016,37.54999923706055,36.689998626708984,37.5099983215332,33.767364501953125,2978600
2022-07-29,37.31999969482422,38.0,37.16999816894531,37.75,34.30350112915039,8042900
2022-08-01,37.5,37.689998626708984,36.939998626708984,37.619998931884766,34.185367584228516,3023700
2022-08-02,37.68000030517578,38.06999969482422,37.209999084472656,37.279998779296875,33.87640380859375,3379400
2022-08-03,37.61000061035156,37.61000061035156,36.83000183105469,37.369998931884766,33.958194732666016,3357200
2022-08-04,38.4900016784668,39.630001068115234,37.689998626708984,39.13999938964844,35.566593170166016,4187100
2022-08-05,39.0,39.27000045776367,38.22999954223633,38.459999084472656,34.948673248291016,3853700
2022-08-08,38.689998626708984,39.25,38.52000045776367,38.7400016784668,35.203121185302734,2650400
2022-08-09,38.86000061035156,38.959999084472656,37.970001220703125,38.33000183105469,34.8305549621582,2798700
2022-08-10,38.7400016784668,39.2599983215332,38.459999084472656,39.2400016784668,35.657470703125,1715100
2022-08-11,39.38999938964844,40.619998931884766,39.130001068115234,40.43000030517578,36.738826751708984,2362500
2022-08-12,40.77000045776367,41.70000076293945,40.70000076293945,41.66999816894531,37.86561965942383,1777800
2022-08-15,41.56999969482422,42.36000061035156,41.4900016784668,42.25,38.39265441894531,2591100
2022-08-16,42.220001220703125,43.130001068115234,42.220001220703125,42.599998474121094,38.7107048034668,2977400
2022-08-17,42.22999954223633,43.130001068115234,42.119998931884766,42.61000061035156,38.71979904174805,2330900
2022-08-18,42.790000915527344,43.83000183105469,42.7400016784668,43.52000045776367,39.54670715332031,2407500
2022-08-19,43.459999084472656,43.900001525878906,42.93000030517578,42.95000076293945,39.02874755859375,2358100
2022-08-22,42.45000076293945,42.599998474121094,41.970001220703125,42.099998474121094,38.25636291503906,2229500
2022-08-23,42.27000045776367,42.56999969482422,41.880001068115234,41.88999938964844,38.065521240234375,1520400
2022-08-24,41.81999969482422,42.0099983215332,41.459999084472656,41.95000076293945,38.12004852294922,1232100
2022-08-25,42.09000015258789,42.880001068115234,42.0,42.86000061035156,38.94697570800781,1455600
2022-08-26,42.88999938964844,42.90999984741211,41.720001220703125,41.720001220703125,37.91105270385742,1484800
2022-08-29,41.400001525878906,41.959999084472656,41.22999954223633,41.4900016784668,37.702049255371094,1597200
2022-08-30,41.47999954223633,41.75,40.939998626708984,41.06999969482422,37.32039260864258,1696300
2022-08-31,40.97999954223633,41.47999954223633,40.88999938964844,41.279998779296875,37.51121520996094,2780800
2022-09-01,41.22999954223633,41.380001068115234,40.5,41.15999984741211,37.40217590332031,1993900
2022-09-02,41.470001220703125,42.459999084472656,41.36000061035156,41.470001220703125,37.683876037597656,1931500
2022-09-06,41.5099983215332,41.63999938964844,40.70000076293945,40.790000915527344,37.06595993041992,2439000
2022-09-07,40.84000015258789,41.75,40.68000030517578,41.689998626708984,37.883785247802734,1999400
2022-09-08,41.529998779296875,42.54999923706055,41.40999984741211,42.31999969482422,38.45626449584961,1458000
2022-09-09,42.720001220703125,43.459999084472656,42.59000015258789,43.290000915527344,39.33770751953125,1484600
2022-09-12,43.45000076293945,44.400001525878906,43.33000183105469,44.36000061035156,40.31002426147461,2393800
2022-09-13,43.65999984741211,44.2400016784668,43.220001220703125,43.36000061035156,39.40132522583008,2277500
2022-09-14,43.66999816894531,44.33000183105469,43.66999816894531,44.310001373291016,40.264591217041016,2685500
2022-09-15,44.18000030517578,44.900001525878906,43.900001525878906,44.86000061035156,40.76437759399414,3061700
2022-09-16,44.689998626708984,44.90999984741211,43.72999954223633,43.869998931884766,39.8647575378418,6025600
2022-09-19,43.52000045776367,44.15999984741211,43.41999816894531,44.02000045776367,40.001068115234375,1613300
2022-09-20,43.63999938964844,43.790000915527344,42.650001525878906,42.79999923706055,38.89244842529297,2002200
2022-09-21,43.20000076293945,43.56999969482422,42.150001525878906,42.16999816894531,38.319969177246094,2380000
2022-09-22,42.09000015258789,42.130001068115234,41.369998931884766,41.380001068115234,37.60209655761719,2191500
2022-09-23,40.709999084472656,41.0,40.06999969482422,40.630001068115234,36.920570373535156,2046900
2022-09-26,40.5,40.880001068115234,39.29999923706055,39.38999938964844,35.79377746582031,2077400
2022-09-27,39.869998931884766,40.22999954223633,39.16999816894531,39.38999938964844,35.79377746582031,2774600
2022-09-28,39.84000015258789,40.45000076293945,39.540000915527344,40.25,36.57526397705078,1887900
2022-09-29,40.02000045776367,40.029998779296875,38.77000045776367,39.18000030517578,35.602943420410156,1996400
2022-09-30,39.380001068115234,39.560001373291016,38.18000030517578,38.27000045776367,34.776031494140625,2667700
2022-10-03,39.06999969482422,39.70000076293945,38.13999938964844,39.34000015258789,35.74834060668945,3401200
2022-10-04,39.59000015258789,41.029998779296875,39.58000183105469,41.0099983215332,37.265869140625,2317600
2022-10-05,40.22999954223633,41.79999923706055,40.0099983215332,41.5,37.71112823486328,2163300
2022-10-06,41.38999938964844,41.7400016784668,40.95000076293945,41.099998474121094,37.347652435302734,2221200
2022-10-07,40.95000076293945,41.36000061035156,40.650001525878906,41.119998931884766,37.36582565307617,1915000
2022-10-10,41.25,41.97999954223633,40.959999084472656,41.0099983215332,37.265869140625,2320600
2022-10-11,41.040000915527344,41.75,40.849998474121094,41.060001373291016,37.31130599975586,1924400
2022-10-12,40.97999954223633,40.97999954223633,39.7400016784668,39.75,36.120906829833984,1684000
2022-10-13,39.06999969482422,41.619998931884766,39.040000915527344,41.18000030517578,37.42034912109375,2204400
2022-10-14,41.459999084472656,41.90999984741211,40.709999084472656,41.040000915527344,37.29314041137695,1517600
2022-10-17,41.790000915527344,42.38999938964844,41.70000076293945,41.90999984741211,38.08370590209961,1777500
2022-10-18,42.45000076293945,43.150001525878906,42.41999816894531,42.959999084472656,39.03783416748047,2511500
2022-10-19,42.43000030517578,42.599998474121094,41.529998779296875,41.959999084472656,38.1291389465332,1861200
2022-10-20,42.040000915527344,42.040000915527344,40.619998931884766,40.720001220703125,37.00234603881836,2249400
2022-10-21,41.130001068115234,42.560001373291016,40.72999954223633,42.36000061035156,38.49262237548828,2753300
2022-10-24,42.779998779296875,43.31999969482422,41.970001220703125,42.9900016784668,39.06510543823242,2030800
2022-10-25,42.959999084472656,43.75,42.84000015258789,43.63999938964844,39.655757904052734,2046100
2022-10-26,43.70000076293945,43.970001220703125,43.11000061035156,43.150001525878906,39.21049880981445,2060200
2022-10-27,43.59000015258789,44.36000061035156,43.380001068115234,43.70000076293945,39.71027755737305,2393700
2022-10-28,43.93000030517578,44.72999954223633,43.7400016784668,44.66999816894531,40.59171676635742,1653900
2022-10-31,44.119998931884766,44.7400016784668,44.04999923706055,44.400001525878906,40.66498947143555,2284000
2022-11-01,44.52000045776367,44.65999984741211,43.720001220703125,44.029998779296875,40.32611083984375,2459700
2022-11-02,43.75,44.810001373291016,43.27000045776367,43.369998931884766,39.72163391113281,2312500
2022-11-03,42.81999969482422,44.150001525878906,42.54999923706055,43.630001068115234,39.95977020263672,1572700
2022-11-04,43.81999969482422,44.560001373291016,43.439998626708984,44.349998474121094,40.61919403076172,2151800
2022-11-07,43.869998931884766,45.470001220703125,43.0,45.209999084472656,41.40685272216797,4695900
2022-11-08,45.29999923706055,45.70000076293945,44.16999816894531,44.25,40.52760696411133,4580400
2022-11-09,44.0,44.47999954223633,42.58000183105469,42.650001525878906,39.06220245361328,3864100
2022-11-10,44.08000183105469,45.54999923706055,43.56999969482422,45.09000015258789,41.29695129394531,3296100
2022-11-11,44.88999938964844,45.5099983215332,44.369998931884766,45.400001525878906,41.58086395263672,2916300
2022-11-14,45.209999084472656,45.79999923706055,43.84000015258789,43.849998474121094,40.16126251220703,3137500
2022-11-15,44.349998474121094,44.439998626708984,43.25,43.459999084472656,39.80406951904297,2901000
2022-11-16,43.33000183105469,43.619998931884766,42.83000183105469,42.959999084472656,39.34611892700195,2006400
2022-11-17,42.369998931884766,42.369998931884766,41.150001525878906,41.34000015258789,37.86240005493164,2502400
2022-11-18,41.72999954223633,42.27000045776367,41.209999084472656,42.2400016784668,38.68669509887695,2716100
2022-11-21,42.0099983215332,42.150001525878906,40.81999969482422,41.15999984741211,37.69753646850586,2479900
2022-11-22,41.43000030517578,42.439998626708984,41.349998474121094,42.34000015258789,38.778282165527344,1684300
2022-11-23,42.25,42.59000015258789,42.0,42.439998626708984,38.86986541748047,1527900
2022-11-25,42.43000030517578,42.56999969482422,42.0099983215332,42.15999984741211,38.61341857910156,916200
2022-11-28,41.720001220703125,41.90999984741211,41.09000015258789,41.43000030517578,37.944828033447266,2007200
2022-11-29,41.290000915527344,41.93000030517578,40.810001373291016,41.90999984741211,38.38446044921875,2429000
2022-11-30,41.97999954223633,42.4900016784668,41.0,42.45000076293945,38.8790283203125,6252200
2022-12-01,42.95000076293945,43.209999084472656,41.810001373291016,42.130001068115234,38.585941314697266,2811400
2022-12-02,41.540000915527344,41.720001220703125,40.849998474121094,41.25,37.77996826171875,1748400
2022-12-05,40.81999969482422,41.06999969482422,40.45000076293945,40.84000015258789,37.40446853637695,1771800
2022-12-06,35.59000015258789,37.04999923706055,33.849998474121094,34.68000030517578,31.762659072875977,16832700
2022-12-07,34.099998474121094,34.459999084472656,32.95000076293945,33.13999938964844,30.352197647094727,7768200
2022-12-08,33.0,34.0099983215332,32.15999984741211,32.18000030517578,29.47296142578125,7225500
2022-12-09,31.75,32.900001525878906,31.209999084472656,32.279998779296875,29.564544677734375,4281900
2022-12-12,32.400001525878906,32.68000030517578,31.68000030517578,32.66999816894531,29.921741485595703,4547200
2022-12-13,33.40999984741211,33.650001525878906,32.61000061035156,33.40999984741211,30.599489212036133,5181300
2022-12-14,33.40999984741211,33.4900016784668,32.119998931884766,32.470001220703125,29.738563537597656,4239500
2022-12-15,32.290000915527344,32.54999923706055,31.520000457763672,31.850000381469727,29.170719146728516,5235600
2022-12-16,31.389999389648438,31.579999923706055,30.639999389648438,31.049999237060547,28.43801498413086,19349100
2022-12-19,31.6200008392334,32.599998474121094,31.299999237060547,31.540000915527344,28.886798858642578,4932000
2022-12-20,31.56999969482422,31.979999542236328,31.309999465942383,31.65999984741211,28.9967041015625,4547800
2022-12-21,32.0,32.560001373291016,31.65999984741211,32.41999816894531,29.69277000427246,5618200
2022-12-22,32.09000015258789,32.15999984741211,31.399999618530273,31.889999389648438,29.207355499267578,2928800
2022-12-23,31.899999618530273,32.08000183105469,31.56999969482422,31.90999984741211,29.22566795349121,3090300
2022-12-27,31.959999084472656,32.2599983215332,31.719999313354492,32.2400016784668,29.52791404724121,3349500
2022-12-28,32.29999923706055,32.400001525878906,31.709999084472656,31.860000610351562,29.179880142211914,2512500
2022-12-29,32.130001068115234,32.56999969482422,32.0,32.400001525878906,29.674455642700195,2211500
2022-12-30,32.310001373291016,32.38999938964844,31.59000015258789,31.81999969482422,29.143239974975586,2329200
2023-01-03,31.8799991607666,32.189998626708984,31.420000076293945,31.93000030517578,29.243988037109375,4230400
2023-01-04,32.02000045776367,32.29999923706055,31.639999389648438,32.09000015258789,29.39052963256836,3929900
2023-01-05,31.940000534057617,32.189998626708984,31.700000762939453,31.75,29.079130172729492,2494800
2023-01-06,32.11000061035156,32.4900016784668,31.84000015258789,32.20000076293945,29.49127769470215,3177400
2023-01-09,32.380001068115234,32.83000183105469,32.220001220703125,32.63999938964844,29.89426040649414,3557300
2023-01-10,32.5,32.880001068115234,32.119998931884766,32.86000061035156,30.095752716064453,2812300
2023-01-11,32.900001525878906,33.0099983215332,32.04999923706055,32.290000915527344,29.573711395263672,6663100
2023-01-12,32.459999084472656,32.880001068115234,32.099998474121094,32.619998931884766,29.875944137573242,2810800
2023-01-13,32.22999954223633,32.560001373291016,31.280000686645508,31.8799991607666,29.19819450378418,3723800
2023-01-17,31.950000762939453,32.38999938964844,31.90999984741211,32.150001525878906,29.445484161376953,3147900
2023-01-18,32.33000183105469,32.470001220703125,31.56999969482422,31.6299991607666,28.969221115112305,2212500
2023-01-19,31.549999237060547,31.690000534057617,30.81999969482422,31.030000686645508,28.41969871520996,2648600
2023-01-20,30.979999542236328,32.279998779296875,30.670000076293945,32.209999084472656,29.50043296813965,3682300
2023-01-23,32.52000045776367,32.869998931884766,32.369998931884766,32.41999816894531,29.69277000427246,5232600
2023-01-24,32.58000183105469,32.970001220703125,31.979999542236328,32.900001525878906,30.132394790649414,2931300
2023-01-25,32.65999984741211,33.20000076293945,32.27000045776367,33.150001525878906,30.361364364624023,4950700
2023-01-26,33.310001373291016,33.5,32.84000015258789,33.4900016784668,30.672765731811523,5119800
2023-01-27,33.5,33.79999923706055,33.16999816894531,33.75,30.910888671875,2937000
2023-01-30,33.599998474121094,34.02000045776367,33.439998626708984,33.54999923706055,30.727705001831055,3267900
2023-01-31,33.369998931884766,34.29999923706055,33.20000076293945,34.220001220703125,31.69849395751953,8191500
2023-02-01,34.0,34.75,33.59000015258789,34.599998474121094,32.05048370361328,3155800
2023-02-02,34.83000183105469,35.470001220703125,34.619998931884766,34.95000076293945,32.374698638916016,3840900
2023-02-03,34.7400016784668,35.02000045776367,34.20000076293945,34.43000030517578,31.893016815185547,2910300
2023-02-06,34.209999084472656,34.75,33.900001525878906,34.68000030517578,32.124595642089844,3641400
2023-02-07,34.54999923706055,35.18000030517578,34.209999084472656,35.0099983215332,32.430274963378906,3162800
2023-02-08,34.810001373291016,34.95000076293945,34.540000915527344,34.790000915527344,32.22649383544922,2957300
2023-02-09,34.79999923706055,35.130001068115234,34.290000915527344,34.38999938964844,31.85596466064453,5367300
2023-02-10,34.459999084472656,34.95000076293945,34.2400016784668,34.86000061035156,32.29132843017578,3164900
2023-02-13,34.709999084472656,35.619998931884766,34.70000076293945,35.560001373291016,32.93975067138672,2831400
2023-02-14,35.54999923706055,35.61000061035156,34.810001373291016,35.099998474121094,32.51364517211914,3506800
2023-02-15,34.779998779296875,35.869998931884766,34.77000045776367,35.83000183105469,33.189857482910156,4299800
2023-02-16,35.209999084472656,35.310001373291016,33.58000183105469,34.08000183105469,31.568815231323242,9220700
2023-02-17,34.029998779296875,34.47999954223633,33.68000030517578,34.220001220703125,31.69849395751953,5295900
2023-02-21,34.0099983215332,34.70000076293945,34.0099983215332,34.060001373291016,31.550281524658203,3539300
2023-02-22,33.900001525878906,34.02000045776367,33.060001373291016,33.150001525878906,30.707340240478516,4113600
2023-02-23,33.099998474121094,33.779998779296875,33.09000015258789,33.5099983215332,31.040802001953125,5426500
2023-02-24,33.15999984741211,33.75,32.97999954223633,33.599998474121094,31.124174118041992,3798700
2023-02-27,33.880001068115234,34.130001068115234,33.0,33.02000045776367,30.586910247802734,4286600
2023-02-28,32.9900016784668,33.34000015258789,32.63999938964844,32.790000915527344,30.373863220214844,4249000
2023-03-01,32.529998779296875,33.029998779296875,32.43000030517578,33.02000045776367,30.586910247802734,3057200
2023-03-02,33.0,33.060001373291016,32.56999969482422,32.75,30.336809158325195,3355400
2023-03-03,33.0099983215332,33.93000030517578,32.619998931884766,33.63999938964844,31.16122817993164,3127600
2023-03-06,33.849998474121094,34.599998474121094,33.81999969482422,34.380001068115234,31.846698760986328,4683100
2023-03-07,34.380001068115234,34.869998931884766,34.189998626708984,34.279998779296875,31.754070281982422,3823100
2023-03-08,34.380001068115234,34.470001220703125,33.619998931884766,33.93000030517578,31.42985725402832,2870000
2023-03-09,33.939998626708984,34.029998779296875,32.939998626708984,33.0099983215332,30.577648162841797,3221700
2023-03-10,32.880001068115234,33.060001373291016,31.559999465942383,31.6299991607666,29.299333572387695,3963200
2023-03-13,31.079999923706055,32.20000076293945,30.829999923706055,30.8799991607666,28.604595184326172,4084600
2023-03-14,31.469999313354492,32.08000183105469,31.190000534057617,31.579999923706055,29.25301742553711,8759000
2023-03-15,31.270000457763672,31.270000457763672,30.56999969482422,30.81999969482422,28.549022674560547,7202200
2023-03-16,30.479999542236328,31.979999542236328,30.25,31.610000610351562,29.280807495117188,7914500
2023-03-17,31.8799991607666,31.940000534057617,31.079999923706055,31.479999542236328,29.16038703918457,11156100
2023-03-20,32.56999969482422,33.91999816894531,32.060001373291016,33.630001068115234,31.151966094970703,8578500
2023-03-21,33.77000045776367,34.0099983215332,33.060001373291016,33.189998626708984,30.7443790435791,5179200
2023-03-22,33.060001373291016,33.16999816894531,31.90999984741211,31.959999084472656,29.605018615722656,3367000
2023-03-23,32.029998779296875,32.22999954223633,30.760000228881836,31.010000228881836,28.725017547607422,3830600
2023-03-24,30.649999618530273,31.510000228881836,30.5,31.489999771118164,29.16965103149414,3571000
2023-03-27,31.729999542236328,32.349998474121094,31.56999969482422,32.2599983215332,29.882909774780273,3991900
2023-03-28,32.279998779296875,32.95000076293945,32.279998779296875,32.63999938964844,30.234914779663086,2163100
2023-03-29,32.90999984741211,33.279998779296875,32.79999923706055,33.18000030517578,30.735122680664062,2311200
2023-03-30,33.470001220703125,33.650001525878906,33.220001220703125,33.45000076293945,30.9852294921875,3919200
2023-03-31,33.58000183105469,34.33000183105469,33.400001525878906,34.290000915527344,31.76333236694336,3529200
2023-04-03,34.349998474121094,34.38999938964844,33.65999984741211,33.869998931884766,31.374277114868164,2539100
2023-04-04,33.75,33.849998474121094,33.040000915527344,33.54999923706055,31.07785987854004,2338500
2023-04-05,33.5,34.45000076293945,33.369998931884766,34.40999984741211,31.874486923217773,1992300
2023-04-06,34.619998931884766,34.88999938964844,34.47999954223633,34.81999969482422,32.25428009033203,2270500
2023-04-10,34.65999984741211,35.29999923706055,34.529998779296875,35.18000030517578,32.58775329589844,1875700
2023-04-11,35.41999816894531,35.95000076293945,35.31999969482422,35.68000030517578,33.05091094970703,2385400
2023-04-12,35.84000015258789,36.31999969482422,35.63999938964844,35.7599983215332,33.1250114440918,2973100
2023-04-13,35.66999816894531,36.13999938964844,35.5,35.90999984741211,33.26395797729492,2896900
2023-04-14,35.56999969482422,35.97999954223633,34.939998626708984,35.209999084472656,32.615535736083984,3442200
2023-04-17,35.4900016784668,35.5099983215332,34.79999923706055,35.11000061035156,32.52291488647461,6666000
2023-04-18,35.150001525878906,35.220001220703125,34.349998474121094,34.65999984741211,32.10606384277344,5163500
2023-04-19,34.4900016784668,35.0099983215332,34.189998626708984,34.84000015258789,32.27280044555664,3597700
2023-04-20,34.849998474121094,34.90999984741211,34.529998779296875,34.56999969482422,32.02269744873047,2127400
2023-04-21,34.619998931884766,34.70000076293945,34.16999816894531,34.400001525878906,31.86522674560547,1826500
2023-04-24,34.380001068115234,35.029998779296875,34.08000183105469,35.0,32.42101287841797,2497400
2023-04-25,34.880001068115234,34.970001220703125,34.0,34.060001373291016,31.550281524658203,2199800
2023-04-26,33.779998779296875,33.970001220703125,33.29999923706055,33.400001525878906,30.93891716003418,3409800
2023-04-27,33.459999084472656,34.150001525878906,33.459999084472656,34.06999969482422,31.559541702270508,2494000
2023-04-28,33.5,34.209999084472656,33.5,34.16999816894531,32.00728225708008,1901000
2023-05-01,34.060001373291016,34.45000076293945,33.869998931884766,34.0,31.848047256469727,2398800
2023-05-02,33.97999954223633,33.97999954223633,33.0,33.33000183105469,31.220457077026367,3600100
2023-05-03,33.599998474121094,34.130001068115234,33.31999969482422,33.439998626708984,31.32349395751953,3842000
2023-05-04,33.0099983215332,33.290000915527344,30.520000457763672,31.3799991607666,29.39387321472168,11045700
2023-05-05,31.520000457763672,31.6200008392334,30.850000381469727,31.280000686645508,29.30020523071289,5937400
2023-05-08,31.469999313354492,31.6299991607666,31.06999969482422,31.309999465942383,29.328306198120117,5725700
2023-05-09,31.139999389648438,31.639999389648438,31.059999465942383,31.299999237060547,29.318937301635742,5847900
2023-05-10,31.600000381469727,32.290000915527344,31.34000015258789,32.150001525878906,30.115140914916992,5739300
2023-05-11,32.060001373291016,32.06999969482422,30.860000610351562,31.040000915527344,29.075393676757812,5276700
2023-05-12,31.059999465942383,33.060001373291016,30.6200008392334,32.790000915527344,30.714635848999023,7645900
2023-05-15,35.11000061035156,35.16999816894531,32.869998931884766,33.779998779296875,31.6419734954834,12745400
2023-05-16,34.09000015258789,34.279998779296875,33.380001068115234,33.5099983215332,31.389060974121094,8308300
2023-05-17,33.86000061035156,33.86000061035156,32.72999954223633,33.40999984741211,31.295392990112305,6236700
2023-05-18,33.09000015258789,33.52000045776367,32.63999938964844,33.459999084472656,31.342222213745117,3605100
2023-05-19,33.619998931884766,34.20000076293945,33.279998779296875,33.4900016784668,31.370332717895508,2766700
2023-05-22,33.58000183105469,34.22999954223633,33.29999923706055,34.029998779296875,31.876148223876953,4913900
2023-05-23,34.06999969482422,34.06999969482422,33.529998779296875,33.810001373291016,31.670072555541992,5510900
2023-05-24,33.709999084472656,34.18000030517578,33.220001220703125,33.9900016784668,31.838685989379883,3633200
2023-05-25,33.95000076293945,33.95000076293945,32.939998626708984,33.459999084472656,31.342222213745117,5126300
2023-05-26,33.47999954223633,33.939998626708984,32.91999816894531,33.939998626708984,31.791852951049805,6586600
2023-05-30,34.15999984741211,34.38999938964844,33.79999923706055,34.04999923706055,31.89488410949707,4478800
2023-05-31,33.88999938964844,34.099998474121094,32.900001525878906,33.790000915527344,31.651342391967773,16179500
2023-06-01,34.43000030517578,34.43000030517578,32.09000015258789,32.400001525878906,30.34931755065918,7721000
2023-06-02,32.15999984741211,33.36000061035156,31.68000030517578,33.29999923706055,31.192358016967773,6747200
2023-06-05,33.40999984741211,34.189998626708984,33.060001373291016,33.119998931884766,31.023744583129883,3632400
2023-06-06,33.2599983215332,33.560001373291016,32.939998626708984,32.939998626708984,30.855138778686523,3761800
2023-06-07,33.15999984741211,34.11000061035156,32.880001068115234,34.06999969482422,31.913616180419922,5652000
2023-06-08,34.15999984741211,34.209999084472656,33.54999923706055,33.95000076293945,31.801212310791016,3307300
2023-06-09,34.09000015258789,34.189998626708984,33.619998931884766,34.08000183105469,31.922988891601562,2145400
2023-06-12,34.0,34.709999084472656,33.869998931884766,34.279998779296875,32.110321044921875,3115100
2023-06-13,34.27000045776367,34.369998931884766,33.790000915527344,34.349998474121094,32.17588806152344,3256300
2023-06-14,34.54999923706055,34.7599983215332,33.970001220703125,34.34000015258789,32.166526794433594,2583800
2023-06-15,34.290000915527344,34.560001373291016,34.060001373291016,34.369998931884766,32.19462966918945,4066400
2023-06-16,34.63999938964844,34.70000076293945,34.08000183105469,34.119998931884766,31.960453033447266,11338600
2023-06-20,34.09000015258789,34.38999938964844,33.47999954223633,33.52000045776367,31.398427963256836,4591200
2023-06-21,33.349998474121094,34.130001068115234,32.939998626708984,33.880001068115234,31.735645294189453,3333400
2023-06-22,35.22999954223633,35.59000015258789,34.61000061035156,34.91999816894531,32.70981216430664,9328100
2023-06-23,35.189998626708984,35.93000030517578,34.40999984741211,34.689998626708984,32.494380950927734,10853000
2023-06-26,35.130001068115234,36.09000015258789,34.90999984741211,35.90999984741211,33.63716125488281,10177800
2023-06-27,36.2599983215332,36.900001525878906,35.63999938964844,36.59000015258789,34.27412033081055,9541700
2023-06-28,36.41999816894531,36.93000030517578,35.93000030517578,36.560001373291016,34.246028900146484,8213300
2023-06-29,36.56999969482422,37.29999923706055,36.40999984741211,37.16999816894531,34.817405700683594,4659100
2023-06-30,37.279998779296875,37.52000045776367,36.849998474121094,37.38999938964844,35.02348709106445,5011600
2023-07-03,37.220001220703125,37.720001220703125,37.119998931884766,37.619998931884766,35.238922119140625,1704900
2023-07-05,37.34000015258789,38.58000183105469,37.310001373291016,38.349998474121094,35.92272186279297,5700000
2023-07-06,37.97999954223633,38.15999984741211,37.560001373291016,37.79999923706055,35.407535552978516,3784500
2023-07-07,37.58000183105469,38.59000015258789,37.58000183105469,38.119998931884766,35.70728302001953,3979800
2023-07-10,38.099998474121094,38.20000076293945,37.65999984741211,37.83000183105469,35.435638427734375,2909600
2023-07-11,37.86000061035156,38.16999816894531,37.650001525878906,37.9900016784668,35.585514068603516,2921400
2023-07-12,38.130001068115234,38.470001220703125,37.86000061035156,37.900001525878906,35.5012092590332,3086600
2023-07-13,37.83000183105469,38.220001220703125,37.060001373291016,37.27000045776367,34.91108703613281,3779200
2023-07-14,37.189998626708984,37.189998626708984,36.2599983215332,36.45000076293945,34.142982482910156,3320800
2023-07-17,36.40999984741211,36.720001220703125,36.13999938964844,36.349998474121094,34.0493049621582,5771200
2023-07-18,36.29999923706055,37.27000045776367,36.29999923706055,36.959999084472656,34.620697021484375,4179300
2023-07-19,37.0,38.04999923706055,36.91999816894531,38.0,35.59488296508789,4415900
2023-07-20,38.36000061035156,38.90999984741211,38.189998626708984,38.709999084472656,36.25993728637695,4545400
2023-07-21,38.970001220703125,38.970001220703125,38.13999938964844,38.20000076293945,35.782222747802734,2665900
2023-07-24,38.209999084472656,38.279998779296875,37.83000183105469,37.880001068115234,35.482479095458984,5099000
2023-07-25,37.88999938964844,38.52000045776367,37.75,38.349998474121094,35.92272186279297,4699300
2023-07-26,38.38999938964844,38.970001220703125,38.34000015258789,38.5,36.063228607177734,3720200
2023-07-27,38.36000061035156,38.689998626708984,37.2599983215332,37.31999969482422,34.95791244506836,5118000
2023-07-28,37.779998779296875,37.95000076293945,37.279998779296875,37.709999084472656,35.3232307434082,5868800
2023-07-31,37.470001220703125,37.9900016784668,37.369998931884766,37.9900016784668,35.94582748413086,6862600
2023-08-01,37.93000030517578,38.189998626708984,37.58000183105469,37.81999969482422,35.78497314453125,3205500
2023-08-02,37.5099983215332,37.59000015258789,37.11000061035156,37.369998931884766,35.359188079833984,3017200
2023-08-03,37.11000061035156,37.97999954223633,36.84000015258789,37.65999984741211,35.63357925415039,3156500
2023-08-04,37.72999954223633,38.33000183105469,37.40999984741211,37.52000045776367,35.501121520996094,4367800
2023-08-07,37.81999969482422,38.09000015258789,37.5099983215332,37.52000045776367,35.501121520996094,3245900
2023-08-08,37.380001068115234,37.7599983215332,36.16999816894531,36.779998779296875,34.80093765258789,5218100
2023-08-09,37.0,38.18000030517578,36.790000915527344,37.220001220703125,35.217262268066406,4057700
2023-08-10,37.22999954223633,37.58000183105469,36.84000015258789,36.93000030517578,34.94286346435547,2102300
2023-08-11,36.970001220703125,37.31999969482422,36.5,36.65999984741211,34.68739700317383,2383000
2023-08-14,36.43000030517578,37.04999923706055,35.97999954223633,37.0,35.009098052978516,2694800
2023-08-15,36.599998474121094,37.029998779296875,36.36000061035156,36.95000076293945,34.961788177490234,2973400
2023-08-16,37.099998474121094,37.369998931884766,36.84000015258789,37.150001525878906,35.15102767944336,2267600
2023-08-17,37.20000076293945,37.68000030517578,36.540000915527344,36.77000045776367,34.791473388671875,2494200
2023-08-18,36.65999984741211,37.040000915527344,36.349998474121094,36.45000076293945,34.48870086669922,2340600
2023-08-21,36.45000076293945,36.939998626708984,36.29999923706055,36.869998931884766,34.88608932495117,2579000
2023-08-22,36.959999084472656,37.209999084472656,36.81999969482422,36.959999084472656,34.97124481201172,1692600
2023-08-23,37.31999969482422,37.380001068115234,37.04999923706055,37.2599983215332,35.255104064941406,1660700
2023-08-24,37.349998474121094,37.7400016784668,37.0,37.0,35.009098052978516,2246700
2023-08-25,37.060001373291016,37.47999954223633,37.060001373291016,37.15999984741211,35.160491943359375,1842000
2023-08-28,37.41999816894531,37.77000045776367,37.220001220703125,37.599998474121094,35.576812744140625,2098600
2023-08-29,37.529998779296875,37.9900016784668,37.02000045776367,37.119998931884766,35.122642517089844,2207600
2023-08-30,36.970001220703125,37.720001220703125,36.869998931884766,37.45000076293945,35.43488311767578,1688900
2023-08-31,37.63999938964844,37.849998474121094,37.349998474121094,37.54999923706055,35.529502868652344,3908500
2023-09-01,37.77000045776367,38.470001220703125,37.77000045776367,38.45000076293945,36.381072998046875,3226400
2023-09-05,38.439998626708984,38.560001373291016,37.459999084472656,37.970001220703125,35.926902770996094,4100100
2023-09-06,37.84000015258789,38.290000915527344,37.65999984741211,38.02000045776367,35.97420883178711,1625500
2023-09-07,38.2400016784668,38.630001068115234,37.9900016784668,38.349998474121094,36.28645706176758,3315700
2023-09-08,38.41999816894531,39.59000015258789,38.31999969482422,39.5099983215332,37.384037017822266,3782000
2023-09-11,39.5099983215332,39.5099983215332,38.650001525878906,38.849998474121094,36.759552001953125,2427300
2023-09-12,38.86000061035156,39.09000015258789,38.66999816894531,38.689998626708984,36.60816192626953,1543200
2023-09-13,38.689998626708984,38.84000015258789,38.4900016784668,38.7599983215332,36.67439270019531,2513500
2023-09-14,38.869998931884766,39.16999816894531,38.630001068115234,39.13999938964844,37.03394317626953,2130300
2023-09-15,39.18000030517578,39.36000061035156,38.97999954223633,39.099998474121094,36.996097564697266,3521700
2023-09-18,39.13999938964844,39.77000045776367,39.0,39.75,37.61112594604492,1781700
2023-09-19,39.790000915527344,40.119998931884766,39.15999984741211,39.189998626708984,37.08125686645508,1591300
2023-09-20,39.380001068115234,39.7599983215332,38.849998474121094,38.88999938964844,36.797401428222656,2080300
2023-09-21,38.779998779296875,38.779998779296875,37.810001373291016,37.88999938964844,35.8512077331543,2221700
2023-09-22,37.90999984741211,38.7599983215332,37.77000045776367,38.630001068115234,36.551395416259766,1743200
2023-09-25,38.40999984741211,39.209999084472656,38.27000045776367,39.189998626708984,37.08125686645508,1451900
2023-09-26,38.97999954223633,39.099998474121094,38.11000061035156,38.29999923706055,36.239158630371094,2541900
2023-09-27,38.5,38.9900016784668,38.02000045776367,38.58000183105469,36.504085540771484,2752100
2023-09-28,38.65999984741211,38.7599983215332,38.16999816894531,38.279998779296875,36.22022247314453,2606100
2023-09-29,38.470001220703125,38.81999969482422,38.11000061035156,38.52000045776367,36.44731140136719,1731800
2023-10-02,38.470001220703125,38.54999923706055,37.02000045776367,37.56999969482422,35.54842758178711,3298700
2023-10-03,37.18000030517578,38.040000915527344,36.81999969482422,37.849998474121094,35.813358306884766,3245600
2023-10-04,37.88999938964844,38.13999938964844,36.61000061035156,37.459999084472656,35.4443473815918,3235100
2023-10-05,37.470001220703125,39.09000015258789,37.45000076293945,38.689998626708984,36.60816192626953,4142300
2023-10-06,38.11000061035156,39.31999969482422,38.02000045776367,38.970001220703125,36.87309265136719,3731800
2023-10-09,38.9900016784668,39.709999084472656,38.9900016784668,39.70000076293945,37.56381607055664,2904700
2023-10-10,39.63999938964844,39.959999084472656,39.47999954223633,39.86000061035156,37.71520233154297,2902700
2023-10-11,40.0,41.279998779296875,39.97999954223633,41.27000045776367,39.0493278503418,3097200
2023-10-12,41.13999938964844,41.41999816894531,40.79999923706055,41.369998931884766,39.143951416015625,2969300
2023-10-13,41.59000015258789,41.65999984741211,40.810001373291016,41.0099983215332,38.80332946777344,2302200
2023-10-16,41.22999954223633,41.77000045776367,40.90999984741211,41.540000915527344,39.304805755615234,2290100
2023-10-17,41.279998779296875,42.02000045776367,41.22999954223633,42.02000045776367,39.75898361206055,3206100
2023-10-18,41.849998474121094,41.9900016784668,41.40999984741211,41.470001220703125,39.23857879638672,2447100
2023-10-19,41.369998931884766,41.70000076293945,40.75,40.7599983215332,38.56678009033203,2159200
2023-10-20,40.779998779296875,40.9900016784668,40.369998931884766,40.529998779296875,38.34914779663086,2044000
2023-10-23,40.189998626708984,40.880001068115234,40.099998474121094,40.63999938964844,38.4532356262207,3559900
2023-10-24,41.18000030517578,42.09000015258789,41.02000045776367,42.06999969482422,39.80628967285156,3373200
2023-10-25,42.040000915527344,42.63999938964844,41.58000183105469,41.83000183105469,39.57920837402344,3055500
2023-10-26,41.86000061035156,42.43000030517578,41.810001373291016,42.20000076293945,39.929298400878906,2979500
2023-10-27,42.130001068115234,42.310001373291016,41.5,41.65999984741211,39.41835403442383,3215800
2023-10-30,41.4900016784668,42.41999816894531,41.4900016784668,42.25,39.97660446166992,2435400
2023-10-31,41.939998626708984,42.41999816894531,41.56999969482422,42.380001068115234,40.461605072021484,2533600
2023-11-01,43.0,44.150001525878906,42.849998474121094,43.86000061035156,41.87461471557617,6356500
2023-11-02,42.7599983215332,46.2599983215332,41.72999954223633,45.130001068115234,43.087127685546875,9339700
2023-11-03,45.400001525878906,45.75,44.29999923706055,45.0,42.9630126953125,8358000
2023-11-06,45.63999938964844,46.81999969482422,45.400001525878906,45.7400016784668,43.66951370239258,9752400
2023-11-07,46.11000061035156,46.45000076293945,45.04999923706055,45.41999816894531,43.36399459838867,6836000
2023-11-08,45.189998626708984,45.779998779296875,45.029998779296875,45.68000030517578,43.61223220825195,6638200
2023-11-09,45.54999923706055,45.81999969482422,45.02000045776367,45.06999969482422,43.02984619140625,3557200
2023-11-10,45.5,45.63999938964844,45.09000015258789,45.54999923706055,43.48810958862305,4161400
2023-11-13,45.65999984741211,46.2599983215332,45.43000030517578,46.09000015258789,44.00366973876953,4433800
2023-11-14,46.779998779296875,47.34000015258789,46.209999084472656,47.31999969482422,45.17799377441406,3864600
2023-11-15,47.099998474121094,47.86000061035156,47.09000015258789,47.5099983215332,45.3593864440918,3541600
2023-11-16,47.9900016784668,48.58000183105469,47.439998626708984,47.56999969482422,45.41667938232422,3818200
2023-11-17,47.83000183105469,48.2599983215332,47.61000061035156,48.08000183105469,45.903587341308594,3297100
2023-11-20,47.86000061035156,48.029998779296875,46.560001373291016,47.290000915527344,45.149356842041016,4736200
2023-11-21,47.099998474121094,47.2400016784668,44.900001525878906,45.20000076293945,43.15396499633789,5221200
2023-11-22,45.369998931884766,45.849998474121094,45.040000915527344,45.83000183105469,43.75544738769531,2967600
2023-11-24,45.72999954223633,45.88999938964844,45.290000915527344,45.88999938964844,43.812721252441406,1164200
2023-11-27,45.900001525878906,46.68000030517578,45.459999084472656,46.459999084472656,44.35691833496094,3304200
2023-11-28,46.22999954223633,47.2400016784668,46.22999954223633,46.779998779296875,44.66243362426758,4800100
2023-11-29,46.65999984741211,47.290000915527344,46.52000045776367,46.849998474121094,44.72926712036133,2005400
2023-11-30,46.900001525878906,47.97999954223633,46.7400016784668,47.84000015258789,45.6744499206543,4998700
2023-12-01,47.720001220703125,48.38999938964844,47.709999084472656,48.369998931884766,46.18046188354492,3010200
2023-12-04,47.95000076293945,48.540000915527344,47.59000015258789,48.08000183105469,45.903587341308594,2762800
2023-12-05,48.040000915527344,48.68000030517578,47.81999969482422,48.2599983215332,46.075439453125,3773000
2023-12-06,48.38999938964844,48.72999954223633,47.52000045776367,47.529998779296875,45.37847900390625,3025500
2023-12-07,47.5099983215332,47.869998931884766,47.220001220703125,47.470001220703125,45.321205139160156,2156800
2023-12-08,47.34000015258789,47.83000183105469,47.34000015258789,47.810001373291016,45.64581298828125,3289600
2023-12-11,47.720001220703125,47.970001220703125,47.61000061035156,47.880001068115234,45.712642669677734,2127600
2023-12-12,47.709999084472656,48.810001373291016,47.599998474121094,48.70000076293945,46.49552536010742,3459700
2023-12-13,48.70000076293945,49.16999816894531,48.459999084472656,48.75,46.54325866699219,3431600
2023-12-14,48.970001220703125,49.16999816894531,47.880001068115234,48.209999084472656,46.02770233154297,3478500
2023-12-15,48.150001525878906,49.11000061035156,48.0,48.7599983215332,46.55280685424805,6301700
2023-12-18,48.63999938964844,49.459999084472656,48.63999938964844,49.290000915527344,47.05881881713867,4394800
2023-12-19,49.40999984741211,50.20000076293945,49.380001068115234,50.040000915527344,47.77486801147461,3534600
2023-12-20,49.869998931884766,50.34000015258789,49.349998474121094,49.380001068115234,47.144744873046875,2517700
2023-12-21,49.630001068115234,50.130001068115234,49.529998779296875,50.09000015258789,47.822608947753906,3504000
2023-12-22,50.20000076293945,50.22999954223633,49.75,50.0,47.73667907714844,2251700
2023-12-26,50.0,51.0099983215332,50.0,50.810001373291016,48.510013580322266,1786500
2023-12-27,50.70000076293945,51.2599983215332,50.70000076293945,51.220001220703125,48.901451110839844,1735400
2023-12-28,51.2400016784668,51.91999816894531,51.119998931884766,51.86000061035156,49.512481689453125,1753700
2023-12-29,51.709999084472656,52.15999984741211,51.5099983215332,51.70000076293945,49.35972595214844,2387700
2024-01-02,51.5,51.88999938964844,50.939998626708984,51.25,48.93009948730469,4995800
2024-01-03,51.349998474121094,51.7599983215332,51.0,51.66999816894531,49.33108139038086,3400800
2024-01-04,51.869998931884766,52.11000061035156,51.279998779296875,51.290000915527344,48.968284606933594,2048900
2024-01-05,51.38999938964844,51.849998474121094,51.29999923706055,51.72999954223633,49.38836669921875,2502500
2024-01-08,51.88999938964844,52.41999816894531,51.5099983215332,52.2400016784668,49.87528610229492,2855200
2024-01-09,51.939998626708984,52.09000015258789,51.52000045776367,51.720001220703125,49.378822326660156,3163300
2024-01-10,51.83000183105469,52.02000045776367,50.90999984741211,50.939998626708984,48.63412857055664,3257200
2024-01-11,50.880001068115234,50.880001068115234,50.22999954223633,50.5099983215332,48.22358703613281,2933800
2024-01-12,50.880001068115234,51.0,50.45000076293945,50.720001220703125,48.42408752441406,2655800
2024-01-16,50.45000076293945,51.27000045776367,50.2400016784668,50.939998626708984,48.63412857055664,3341700
2024-01-17,50.650001525878906,52.029998779296875,50.5099983215332,51.22999954223633,48.91100311279297,3126700
2024-01-18,51.04999923706055,51.189998626708984,50.43000030517578,50.959999084472656,48.653221130371094,2982700
2024-01-19,51.09000015258789,52.540000915527344,50.939998626708984,52.52000045776367,50.14260482788086,3050900
2024-01-22,52.709999084472656,53.08000183105469,52.20000076293945,52.689998626708984,50.30491256713867,2904100
2024-01-23,52.70000076293945,52.79999923706055,52.290000915527344,52.59000015258789,50.209442138671875,2159800
2024-01-24,52.900001525878906,52.90999984741211,51.83000183105469,52.029998779296875,49.67478942871094,4963600
2024-01-25,52.75,53.709999084472656,52.59000015258789,53.689998626708984,51.259639739990234,3403400
2024-01-26,53.7400016784668,54.27000045776367,53.529998779296875,54.25,51.7943000793457,2463000
2024-01-29,54.310001373291016,54.689998626708984,53.45000076293945,54.45000076293945,51.9852409362793,2840900
2024-01-30,54.38999938964844,54.63999938964844,53.70000076293945,54.029998779296875,51.584251403808594,2397300
2024-01-31,53.779998779296875,54.119998931884766,52.619998931884766,53.040000915527344,51.024375915527344,7182200
2024-02-01,53.08000183105469,54.61000061035156,52.869998931884766,54.25,52.18838882446289,2907600
2024-02-02,53.93000030517578,55.36000061035156,53.70000076293945,54.72999954223633,52.650150299072266,2890900
2024-02-05,54.279998779296875,54.47999954223633,53.439998626708984,53.68000030517578,51.64004898071289,3277000
2024-02-06,53.68000030517578,53.939998626708984,53.130001068115234,53.52000045776367,51.48613357543945,2250900
2024-02-07,53.63999938964844,53.84000015258789,52.290000915527344,52.9900016784668,50.97627639770508,3920300
2024-02-08,52.91999816894531,53.189998626708984,51.939998626708984,52.349998474121094,50.360591888427734,2834700
2024-02-09,52.279998779296875,52.56999969482422,51.97999954223633,52.369998931884766,50.37982940673828,1875300
2024-02-12,52.41999816894531,52.599998474121094,51.2599983215332,51.7599983215332,49.79301452636719,2521600
2024-02-13,51.54999923706055,52.34000015258789,51.310001373291016,51.91999816894531,49.946929931640625,2265300
2024-02-14,52.4900016784668,52.720001220703125,51.88999938964844,52.060001373291016,50.08161544799805,2055500
2024-02-15,52.209999084472656,52.4900016784668,51.790000915527344,52.02000045776367,50.04313659667969,2125200
2024-02-16,51.84000015258789,52.68000030517578,51.79999923706055,51.900001525878906,49.92769241333008,1862200
2024-02-20,51.54999923706055,52.29999923706055,51.41999816894531,51.70000076293945,49.735294342041016,2388200
2024-02-21,51.79999923706055,52.15999984741211,51.4900016784668,51.869998931884766,49.89883804321289,1994100
2024-02-22,52.04999923706055,52.16999816894531,51.709999084472656,51.880001068115234,49.90845489501953,2815400
2024-02-23,52.33000183105469,52.33000183105469,51.4900016784668,51.54999923706055,49.59099197387695,3043800
2024-02-26,51.599998474121094,53.06999969482422,51.58000183105469,52.77000045776367,50.76462936401367,3759900
2024-02-27,52.81999969482422,54.06999969482422,52.56999969482422,54.040000915527344,51.98637390136719,3572200
2024-02-28,53.4900016784668,56.09000015258789,52.959999084472656,54.70000076293945,52.62128829956055,4724900
2024-02-29,54.70000076293945,55.400001525878906,54.119998931884766,55.31999969482422,53.21773147583008,4440800
2024-03-01,55.779998779296875,56.7599983215332,55.5,56.709999084472656,54.55490493774414,4567800
2024-03-04,56.439998626708984,58.0099983215332,55.959999084472656,57.689998626708984,55.49766540527344,5358800
2024-03-05,57.72999954223633,60.36000061035156,57.650001525878906,60.0099983215332,57.729496002197266,7916000
2024-03-06,60.5099983215332,61.5,59.650001525878906,61.459999084472656,59.1243896484375,4651200
2024-03-07,61.869998931884766,61.88999938964844,60.2599983215332,60.619998931884766,58.316314697265625,3659300
2024-03-08,60.650001525878906,60.97999954223633,60.029998779296875,60.72999954223633,58.42213821411133,3058700
2024-03-11,60.65999984741211,60.79999923706055,59.5,60.45000076293945,58.152774810791016,2574800
2024-03-12,60.400001525878906,62.33000183105469,60.22999954223633,62.29999923706055,59.93247604370117,2915400
2024-03-13,62.4900016784668,63.66999816894531,62.13999938964844,62.439998626708984,60.0671501159668,5874800
2024-03-14,62.59000015258789,64.48999786376953,62.400001525878906,63.38999938964844,60.981048583984375,4970000
2024-03-15,63.040000915527344,64.80999755859375,62.560001373291016,63.93000030517578,61.500526428222656,17146500
2024-03-18,64.55000305175781,66.1500015258789,63.84000015258789,65.0,62.529869079589844,6886700
2024-03-19,64.70999908447266,66.94999694824219,63.84000015258789,66.66000366210938,64.12677764892578,5480100
2024-03-20,66.58999633789062,67.95999908447266,66.33000183105469,67.13999938964844,64.58853149414062,3537900
2024-03-21,67.63999938964844,67.94999694824219,66.55000305175781,67.04000091552734,64.49234008789062,3171300
2024-03-22,67.2699966430664,67.70999908447266,66.9800033569336,67.16999816894531,64.6174087524414,2197700
2024-03-25,67.75,68.56999969482422,67.47000122070312,68.12999725341797,65.54092407226562,3696800
2024-03-26,68.05000305175781,68.5,65.86000061035156,65.87999725341797,63.37643051147461,3471900
2024-03-27,66.43000030517578,66.9000015258789,66.0,66.62000274658203,64.08831024169922,2595400
2024-03-28,66.4000015258789,67.8499984741211,66.38999938964844,67.69000244140625,65.11764526367188,2571800
2024-04-01,67.5999984741211,70.19000244140625,66.9000015258789,70.1500015258789,67.48416137695312,3718100
2024-04-02,69.5,69.55999755859375,67.91000366210938,68.5999984741211,65.99305725097656,3194800
2024-04-03,69.16999816894531,73.0199966430664,69.16999816894531,72.01000213623047,69.27346801757812,5367400
2024-04-04,72.43000030517578,73.12999725341797,70.4800033569336,70.69999694824219,68.01324462890625,4514700
2024-04-05,71.0,73.08000183105469,70.73999786376953,72.7699966430664,70.00457763671875,3256300
2024-04-08,72.30000305175781,73.83999633789062,72.12999725341797,73.80999755859375,71.00507354736328,3315500
2024-04-09,74.19000244140625,74.73999786376953,71.38999938964844,72.7699966430664,70.00457763671875,3186900
2024-04-10,71.94000244140625,74.72000122070312,71.62999725341797,73.18000030517578,70.39903259277344,5151200
2024-04-11,73.68000030517578,74.83999633789062,72.72000122070312,74.58999633789062,71.75542449951172,3657200
2024-04-12,74.31999969482422,76.11000061035156,73.54000091552734,73.93000030517578,71.12052154541016,4281600
2024-04-15,74.5999984741211,76.54000091552734,72.63999938964844,72.94999694824219,70.17774963378906,3903000
2024-04-16,73.08000183105469,74.91000366210938,72.5199966430664,74.5199966430664,71.6880874633789,3125800
2024-04-17,74.33000183105469,74.55999755859375,70.3499984741211,73.41999816894531,70.6298828125,4217000
2024-04-18,73.6500015258789,74.06999969482422,70.44999694824219,70.5199966430664,67.840087890625,4119400
2024-04-19,70.27999877929688,71.44999694824219,69.11000061035156,69.97000122070312,67.31099700927734,3987100
2024-04-22,70.51000213623047,71.58000183105469,70.05000305175781,70.38999938964844,67.71503448486328,2871600
2024-04-23,70.8499984741211,72.18000030517578,70.61000061035156,71.48999786376953,68.77323913574219,2800300
2024-04-24,71.81999969482422,73.37999725341797,71.36000061035156,72.61000061035156,69.85066986083984,3193300
2024-04-25,71.56999969482422,72.98999786376953,71.20999908447266,72.86000061035156,70.09117889404297,1809400
2024-04-26,73.0,73.19999694824219,71.77999877929688,72.80999755859375,70.04305267333984,1681800
2024-04-29,73.0,74.11000061035156,72.66999816894531,73.94999694824219,71.13973999023438,2151600
2024-04-30,73.29000091552734,74.0,72.54000091552734,72.66999816894531,70.29622650146484,2963400
2024-05-01,72.94000244140625,74.70999908447266,71.5,73.66000366210938,71.25389862060547,2253300
2024-05-02,74.30000305175781,75.75,73.22000122070312,75.12999725341797,72.6758804321289,2097900
2024-05-03,75.5,77.68000030517578,74.94999694824219,76.6500015258789,74.1462173461914,4253100
2024-05-06,77.7699966430664,78.38999938964844,76.36000061035156,77.88999938964844,75.3457260131836,4249100
2024-05-07,77.8499984741211,83.02999877929688,72.9800033569336,73.4000015258789,71.00238800048828,8170300
2024-05-08,74.08000183105469,78.1500015258789,73.87000274658203,75.81999969482422,73.34333801269531,5877400
2024-05-09,75.97000122070312,82.44999694824219,75.94999694824219,81.76000213623047,79.08930969238281,5891300
2024-05-10,82.81999969482422,84.45999908447266,82.5999984741211,83.6500015258789,80.9175796508789,5319900
2024-05-13,84.08999633789062,84.44000244140625,81.44000244140625,82.45999908447266,79.76644134521484,3775500
2024-05-14,81.9000015258789,83.23999786376953,81.44000244140625,82.08000183105469,79.39886474609375,4112800
2024-05-15,83.01000213623047,86.0,83.01000213623047,84.48999786376953,81.7301254272461,3448100
2024-05-16,85.0,85.56999969482422,82.77999877929688,82.93000030517578,80.2210922241211,3194100
2024-05-17,82.94999694824219,84.30000305175781,82.01000213623047,82.30000305175781,79.61167907714844,2913500
2024-05-20,82.73999786376953,83.30000305175781,80.66000366210938,81.4800033569336,78.81844329833984,3271200
2024-05-21,81.29000091552734,83.05000305175781,81.29000091552734,83.02999877929688,80.31783294677734,2508600
2024-05-22,82.2699966430664,82.5,80.1500015258789,81.06999969482422,78.42184448242188,3748000
2024-05-23,82.37999725341797,82.81999969482422,80.22000122070312,81.08999633789062,78.44120025634766,3333800
2024-05-24,81.45999908447266,86.45999908447266,79.44000244140625,86.0,83.1907958984375,3639500
2024-05-28,86.45999908447266,87.58000183105469,83.41000366210938,83.8499984741211,81.11103820800781,3167100
2024-05-29,83.47000122070312,84.29000091552734,82.2300033569336,83.52999877929688,80.8014907836914,2596700
2024-05-30,83.5199966430664,84.75,82.55999755859375,84.63999938964844,81.87523651123047,2085100
2024-05-31,84.68000030517578,84.83000183105469,77.66999816894531,81.0,78.35413360595703,7793300
2024-06-03,80.62999725341797,80.80000305175781,76.61000061035156,78.33999633789062,75.7810287475586,4984900
2024-06-04,77.98999786376953,79.77999877929688,75.91000366210938,77.83000183105469,75.2876968383789,4322700
2024-06-05,78.27999877929688,81.98999786376953,78.27999877929688,81.55000305175781,78.88616180419922,4141400
2024-06-06,81.37000274658203,82.6500015258789,77.19000244140625,77.83000183105469,75.2876968383789,4747600
2024-06-07,77.51000213623047,79.25,77.33000183105469,77.88999938964844,75.3457260131836,2966400
2024-06-10,77.69999694824219,80.20999908447266,77.5,79.97000122070312,77.3577880859375,3877800
2024-06-11,79.16999816894531,81.06999969482422,78.80999755859375,81.05000305175781,78.40251159667969,2851700
2024-06-12,81.69999694824219,82.41000366210938,78.93000030517578,80.30000305175781,77.67699432373047,2910200
2024-06-13,81.0,81.02999877929688,77.7699966430664,79.37999725341797,76.78704833984375,2802500
2024-06-14,78.83000183105469,78.97000122070312,78.0199966430664,78.63999938964844,76.07121276855469,2393100
2024-06-17,78.19999694824219,78.87000274658203,77.06999969482422,78.55000305175781,75.98416900634766,3680300
2024-06-18,78.12999725341797,80.26000213623047,77.7699966430664,79.91999816894531,77.30941772460938,3623400
2024-06-20,80.12999725341797,81.69999694824219,79.37000274658203,80.72000122070312,78.08328247070312,2806300
2024-06-21,80.11000061035156,80.61000061035156,78.87999725341797,80.0199966430664,77.4061508178711,8998600
2024-06-24,79.7699966430664,82.66000366210938,79.44000244140625,81.55999755859375,78.89583587646484,4374900
2024-06-25,81.93000030517578,83.73999786376953,81.19999694824219,82.2699966430664,79.58264923095703,2952300
2024-06-26,81.9800033569336,82.30999755859375,79.3499984741211,79.5199966430664,76.92247009277344,3751300
2024-06-27,79.5199966430664,80.04000091552734,78.33000183105469,78.66000366210938,76.09056854248047,2733200
2024-06-28,78.62000274658203,79.37000274658203,77.62000274658203,77.86000061035156,75.31670379638672,6940800
2024-07-01,78.83000183105469,79.2699966430664,77.2699966430664,77.8499984741211,75.30702209472656,2607600
2024-07-02,77.4800033569336,78.68000030517578,77.31999969482422,77.88999938964844,75.3457260131836,2016300
2024-07-03,77.91000366210938,79.6500015258789,77.44000244140625,79.41999816894531,76.82573699951172,1289800
2024-07-05,79.87000274658203,79.98999786376953,76.9000015258789,77.16000366210938,74.63957977294922,2091600
2024-07-08,77.66000366210938,78.77999877929688,77.18000030517578,78.56999969482422,76.00350952148438,1884900
2024-07-09,78.62999725341797,80.87999725341797,78.22000122070312,79.26000213623047,76.67096710205078,2541600
2024-07-10,79.75,79.9800033569336,77.7699966430664,79.16000366210938,76.5742416381836,1726300
2024-07-11,79.16000366210938,79.87000274658203,78.75,79.62999725341797,77.02887725830078,2276700
2024-07-12,79.66999816894531,80.51000213623047,78.62999725341797,79.93000030517578,77.319091796875,1870700
2024-07-15,79.63999938964844,79.63999938964844,74.6500015258789,75.38999938964844,72.92738342285156,3501800
2024-07-16,75.8499984741211,77.4000015258789,75.5999984741211,76.43000030517578,73.93340301513672,2484100
2024-07-17,75.27999877929688,75.33999633789062,72.33000183105469,72.54000091552734,70.17047119140625,4824800
2024-07-18,73.33000183105469,74.4000015258789,71.83000183105469,73.62999725341797,71.2248764038086,2779300
2024-07-19,74.01000213623047,75.37000274658203,73.61000061035156,74.91000366210938,72.46305847167969,3455900
2024-07-22,75.36000061035156,77.12000274658203,75.2300033569336,76.8499984741211,74.33968353271484,1704100
2024-07-23,76.54000091552734,77.45999908447266,76.05999755859375,76.61000061035156,74.10752868652344,3089300
2024-07-24,76.12000274658203,76.76000213623047,74.04000091552734,74.19000244140625,71.76658630371094,2495900
2024-07-25,74.4800033569336,75.0,72.54000091552734,73.08999633789062,70.70249938964844,2921300
2024-07-26,74.44999694824219,75.12999725341797,73.08999633789062,73.70999908447266,71.30227661132812,2006100
2024-07-29,74.33999633789062,74.95999908447266,73.69000244140625,74.33000183105469,71.90201568603516,1418200
2024-07-30,74.73999786376953,75.25,72.95999908447266,73.33000183105469,70.9346694946289,1632400
2024-07-31,77.11000061035156,78.47000122070312,74.62999725341797,75.16999816894531,72.7145767211914,4500200
2024-08-01,75.0,76.5999984741211,73.08999633789062,73.5,71.48712921142578,2337700
2024-08-02,72.62999725341797,73.33000183105469,69.18000030517578,70.0,68.0829849243164,4472200
2024-08-05,66.44000244140625,69.94000244140625,65.11000061035156,68.88999938964844,67.00337982177734,3751700
2024-08-06,69.44999694824219,72.5,69.37999725341797,71.19000244140625,69.24038696289062,3804900
2024-08-07,72.56999969482422,73.43000030517578,71.91000366210938,72.06999969482422,70.09629821777344,4235200
2024-08-08,73.80999755859375,78.6500015258789,72.94999694824219,77.97000122070312,75.83473205566406,4501700
2024-08-09,77.69000244140625,80.45999908447266,76.31999969482422,80.29000091552734,78.09119415283203,3767100
2024-08-12,80.37000274658203,80.62999725341797,77.9800033569336,79.87000274658203,77.68268585205078,3414200
2024-08-13,80.61000061035156,82.87999725341797,80.0,81.86000061035156,79.6181869506836,3057400
2024-08-14,82.19000244140625,82.7300033569336,80.7699966430664,82.37999725341797,80.12395477294922,2534500
2024-08-15,82.20999908447266,83.33999633789062,81.5999984741211,82.75,80.48381805419922,2973200
2024-08-16,82.69000244140625,83.8499984741211,81.7699966430664,82.77999877929688,80.51299285888672,2529000
2024-08-19,82.77999877929688,82.87999725341797,80.6500015258789,82.33999633789062,80.08503723144531,1564200
2024-08-20,82.2699966430664,82.76000213623047,81.52999877929688,81.91999816894531,79.6765365600586,1344700
2024-08-21,81.91999816894531,83.55999755859375,81.52999877929688,82.75,80.48381805419922,3486000
2024-08-22,82.8499984741211,83.20999908447266,81.68000030517578,81.8499984741211,79.60846710205078,2093200
2024-08-23,82.36000061035156,83.66999816894531,82.01000213623047,83.5,81.21327209472656,3005500
2024-08-26,83.54000091552734,85.37999725341797,83.27999877929688,83.75,81.45642852783203,3480500
2024-08-27,83.19999694824219,84.08999633789062,82.76000213623047,83.5999984741211,81.31053924560547,1812100
2024-08-28,83.58999633789062,84.0,79.94000244140625,80.2699966430664,78.07172393798828,2885300
2024-08-29,80.5199966430664,82.9800033569336,80.04000091552734,82.62000274658203,80.35736846923828,1883800
2024-08-30,83.0,85.16999816894531,82.95999908447266,85.01000213623047,82.68193054199219,2503800
2024-09-03,84.80000305175781,84.80000305175781,79.5,79.75,77.56597137451172,2872900
2024-09-04,79.66000366210938,81.3499984741211,78.97000122070312,79.12999725341797,76.96295166015625,1993900
2024-09-05,79.25,79.56999969482422,78.05999755859375,78.52999877929688,76.37938690185547,1526700
2024-09-06,78.54000091552734,79.5999984741211,76.36000061035156,76.51000213623047,74.41471099853516,3207500
2024-09-09,77.37999725341797,78.06999969482422,76.12999725341797,77.91999816894531,75.78608703613281,2483600
2024-09-10,78.30000305175781,78.44999694824219,77.37999725341797,77.94000244140625,75.8055419921875,1239200
2024-09-11,78.19000244140625,80.12000274658203,77.30999755859375,80.06999969482422,77.87721252441406,2340800
2024-09-12,80.06999969482422,81.08000183105469,79.55999755859375,79.80000305175781,77.61460876464844,1793500
2024-09-13,78.75,81.38999938964844,77.48999786376953,81.04000091552734,78.82064819335938,2250700
2024-09-16,80.88999938964844,82.0199966430664,80.2699966430664,80.77999877929688,78.56775665283203,2381700
2024-09-17,81.33999633789062,82.83000183105469,80.7699966430664,81.31999969482422,79.09298706054688,2140300
2024-09-18,81.30000305175781,84.06999969482422,81.23999786376953,81.94999694824219,79.70571899414062,2735300
2024-09-19,83.0,83.45999908447266,81.25,81.83000183105469,79.58900451660156,1968400
2024-09-20,83.5,87.16000366210938,82.47000122070312,87.08999633789062,84.7049560546875,6334000
2024-09-23,87.83000183105469,90.56999969482422,86.5199966430664,88.0,85.59004211425781,4285300
2024-09-24,88.55999755859375,88.91999816894531,87.27999877929688,87.91999816894531,85.51222229003906,2103700
2024-09-25,88.11000061035156,89.70999908447266,87.33000183105469,89.23999786376953,86.79607391357422,2437500
2024-09-26,91.12000274658203,93.16999816894531,89.94999694824219,90.58000183105469,88.09939575195312,4386100
2024-09-27,90.47000122070312,91.98999786376953,90.22000122070312,91.22000122070312,88.72185516357422,2077200
2024-09-30,91.19999694824219,92.12000274658203,89.58000183105469,91.0999984741211,88.6051254272461,2715600
2024-10-01,90.80999755859375,92.91000366210938,89.9000015258789,92.6500015258789,90.11268615722656,3493900
2024-10-02,92.0,93.45999908447266,91.87000274658203,92.48999786376953,89.95708465576172,2229200
2024-10-03,93.16999816894531,94.5999984741211,92.80999755859375,94.05000305175781,91.47435760498047,3029500
2024-10-04,94.48999786376953,96.19999694824219,93.91000366210938,95.3499984741211,92.7387466430664,2488400
2024-10-07,95.58000183105469,96.4000015258789,92.83000183105469,94.29000091552734,91.70777130126953,2307700
2024-10-08,94.4800033569336,94.81999969482422,93.16999816894531,93.55999755859375,90.99777221679688,2039500
2024-10-09,93.26000213623047,93.3499984741211,87.37999725341797,88.55999755859375,86.13470458984375,3062700
2024-10-10,87.81999969482422,88.79000091552734,87.5,87.5999984741211,85.20098876953125,1831800
2024-10-11,87.04000091552734,89.83999633789062,85.62999725341797,89.75,87.2921142578125,2596200
2024-10-14,90.26000213623047,91.06999969482422,89.47000122070312,90.08000183105469,87.61306762695312,1989000
2024-10-15,89.83999633789062,90.23999786376953,89.01000213623047,89.13999938964844,86.69882202148438,1925200
2024-10-16,90.0,91.88999938964844,89.5999984741211,91.29000091552734,88.78993225097656,2048100
2024-10-17,92.06999969482422,92.81999969482422,85.97000122070312,86.0,83.6447982788086,2428600
2024-10-18,86.04000091552734,87.1500015258789,85.5,86.33000183105469,83.96577453613281,2102800
2024-10-21,86.44999694824219,87.06999969482422,85.2300033569336,86.44999694824219,84.08248138427734,1713900
2024-10-22,85.47000122070312,85.9800033569336,84.08999633789062,85.30000305175781,82.96397399902344,1819700
2024-10-23,84.9000015258789,88.0,84.9000015258789,87.7300033569336,85.32743835449219,4910300
2024-10-24,88.08000183105469,89.55999755859375,87.41999816894531,89.27999877929688,86.8349838256836,2869700
2024-10-25,90.0199966430664,90.1500015258789,87.27999877929688,87.52999877929688,85.1329116821289,3079000
2024-10-28,88.11000061035156,88.88999938964844,87.69999694824219,88.7300033569336,86.300048828125,2017900
2024-10-29,87.94000244140625,89.08000183105469,86.16000366210938,88.0999984741211,85.68729400634766,2715600
2024-10-30,88.86000061035156,89.97000122070312,87.62000274658203,88.44999694824219,86.0277099609375,2137500
2024-10-31,88.3499984741211,91.01000213623047,88.0999984741211,90.4000015258789,87.92431640625,2187500
2024-11-01,89.9000015258789,90.26000213623047,85.98999786376953,86.72000122070312,84.72750091552734,2685000
2024-11-04,85.69999694824219,89.02999877929688,85.25,88.05000305175781,86.02693939208984,3032900
2024-11-05,88.12999725341797,91.5199966430664,88.12999725341797,91.25,89.15339660644531,2211800
2024-11-06,91.5199966430664,93.0,90.83999633789062,92.38999938964844,90.2672119140625,2474000
2024-11-07,93.75,97.3499984741211,92.95999908447266,96.4000015258789,94.1850814819336,4031900
2024-11-08,99.75,102.83999633789062,94.73999786376953,96.13999938964844,93.9310531616211,4780800
2024-11-11,98.55000305175781,99.36000061035156,93.81999969482422,94.27999877929688,92.1137924194336,3411200
2024-11-12,93.5,95.69999694824219,90.37000274658203,92.66000366210938,90.531005859375,2968700
2024-11-13,92.9800033569336,94.77999877929688,92.05999755859375,92.4800033569336,90.35514831542969,2726400
2024-11-14,92.5999984741211,94.19999694824219,91.29000091552734,91.63999938964844,89.53443908691406,2878500
2024-11-15,91.62000274658203,92.91999816894531,91.2300033569336,92.19000244140625,90.07181549072266,1995100
2024-11-18,92.23999786376953,94.5,91.18000030517578,93.2300033569336,91.08790588378906,2707900
2024-11-19,92.0,95.22000122070312,91.66000366210938,94.86000061035156,92.68045043945312,2787400
2024-11-20,95.43000030517578,96.20999908447266,93.8499984741211,94.5199966430664,92.3482666015625,1856900
2024-11-21,94.94999694824219,97.47000122070312,94.4000015258789,96.88999938964844,94.663818359375,2477800
2024-11-22,97.2300033569336,97.76000213623047,94.54000091552734,95.4800033569336,93.28621673583984,1800900
2024-11-25,96.55000305175781,97.52999877929688,91.5199966430664,91.87000274658203,89.75916290283203,4385200
2024-11-26,93.51000213623047,101.44999694824219,92.41000366210938,101.16000366210938,98.8357162475586,4662500
2024-11-27,101.26000213623047,101.54000091552734,98.2300033569336,98.88999938964844,96.61787414550781,2037200
2024-11-29,99.88999938964844,103.13999938964844,99.5199966430664,101.61000061035156,99.27537536621094,1647400
2024-12-02,101.87999725341797,102.5,99.12000274658203,99.4000015258789,97.11615753173828,2114700
2024-12-03,100.68000030517578,102.2699966430664,99.05999755859375,99.11000061035156,96.83280181884766,1731700
2024-12-04,100.5999984741211,102.88999938964844,100.08000183105469,100.93000030517578,98.61099243164062,2401500
2024-12-05,100.51000213623047,102.30000305175781,99.73999786376953,101.27999877929688,98.95294189453125,1858700
2024-12-06,101.33999633789062,101.95999908447266,98.66999816894531,99.26000213623047,96.9793701171875,1433500
2024-12-09,99.22000122070312,99.36000061035156,94.55000305175781,96.06999969482422,93.86266326904297,2370500
2024-12-10,95.52999877929688,95.94999694824219,93.36000061035156,93.7300033569336,91.57642364501953,2235600
2024-12-11,94.83000183105469,96.1500015258789,93.62999725341797,95.4800033569336,93.28621673583984,1835200
2024-12-12,95.25,97.79000091552734,95.13999938964844,95.13999938964844,92.95402526855469,1793500
2024-12-13,95.5,97.13999938964844,94.95999908447266,94.9800033569336,92.79769897460938,1432000
2024-12-16,95.11000061035156,96.9000015258789,94.16000366210938,94.18000030517578,92.01608276367188,1636200
2024-12-17,93.36000061035156,93.63999938964844,90.66999816894531,91.41999816894531,89.31949615478516,2122000
2024-12-18,91.76000213623047,92.0199966430664,88.77999877929688,88.80999755859375,86.76947021484375,2281200
2024-12-19,89.48999786376953,90.95999908447266,88.0,89.25,87.19935607910156,3260700
2024-12-20,87.93000030517578,91.62999725341797,87.72000122070312,90.44999694824219,88.37178802490234,6489600
2024-12-23,90.55000305175781,92.51000213623047,88.94000244140625,92.23999786376953,90.12065887451172,2496000
2024-12-24,92.7699966430664,93.63999938964844,92.0999984741211,93.02999877929688,90.89250946044922,727900
2024-12-26,92.87999725341797,93.7300033569336,92.30999755859375,92.83999633789062,90.70686340332031,1672900
2024-12-27,92.11000061035156,92.55000305175781,90.70999908447266,91.94999694824219,89.83731842041016,6117900
2024-12-30,90.91999816894531,92.58000183105469,90.30999755859375,92.1500015258789,90.03272247314453,1751000
2024-12-31,92.12000274658203,92.37999725341797,89.69999694824219,90.22000122070312,88.1470718383789,3460000
2025-01-02,91.01000213623047,93.05999755859375,90.37999725341797,92.75,90.61894226074219,2182400
2025-01-03,93.93000030517578,100.66000366210938,93.44999694824219,98.5,96.23683166503906,2701200
2025-01-06,99.30000305175781,100.31999969482422,97.98999786376953,98.72000122070312,96.4517822265625,4259200
2025-01-07,99.0,99.47000122070312,94.83999633789062,96.7300033569336,94.50750732421875,3110700
2025-01-08,96.54000091552734,99.61000061035156,93.3499984741211,98.54000091552734,96.27591705322266,3407500
2025-01-10,98.95999908447266,100.52999877929688,96.68000030517578,99.38999938964844,97.10637664794922,3233100
2025-01-13,98.55000305175781,98.95999908447266,95.30999755859375,97.19999694824219,94.96668243408203,2513600
2025-01-14,98.69999694824219,100.5999984741211,97.76000213623047,99.79000091552734,97.49718475341797,2894500
2025-01-15,103.0,104.91999816894531,102.22000122070312,104.06999969482422,101.67884063720703,2737800
2025-01-16,104.27999877929688,106.6500015258789,103.69000244140625,106.0,103.56450653076172,3465100
2025-01-17,106.41999816894531,106.41999816894531,103.75,104.51000213623047,102.10873413085938,2664500
2025-01-21,107.12999725341797,112.79000091552734,107.12999725341797,111.55000305175781,108.98698425292969,5339600
2025-01-22,115.01000213623047,115.37999725341797,109.52999877929688,110.3499984741211,107.81455993652344,3596900
2025-01-23,110.62999725341797,113.16999816894531,109.55999755859375,110.54000091552734,108.00018310546875,3558700
2025-01-24,111.26000213623047,112.69999694824219,110.33999633789062,112.37000274658203,109.78814697265625,4289800
2025-01-27,105.08000183105469,106.0,94.80999755859375,97.48999786376953,95.2500228881836,5899300
2025-01-28,98.91000366210938,101.69999694824219,95.55000305175781,100.87000274658203,98.55237579345703,4713000
2025-01-29,100.83999633789062,102.8499984741211,99.27999877929688,100.56999969482422,98.25926208496094,2965800
2025-01-30,102.80000305175781,106.0199966430664,102.23999786376953,105.0,102.58748626708984,3363000
2025-01-31,104.91000366210938,105.1500015258789,102.41999816894531,102.44000244140625,100.08629608154297,2897900
2025-02-03,99.0,104.0,99.0,102.68000030517578,100.7535400390625,2325600
2025-02-04,101.95999908447266,102.88999938964844,100.25,101.66000366210938,99.75267791748047,1752700
2025-02-05,103.25,104.20999908447266,101.06999969482422,102.87999725341797,100.94979095458984,1926500
2025-02-06,103.19999694824219,103.94999694824219,102.05000305175781,103.30999755859375,101.37171936035156,1430400
2025-02-07,104.41999816894531,105.7699966430664,102.66999816894531,103.01000213623047,101.07735443115234,1230500
2025-02-10,103.55000305175781,105.26000213623047,102.76000213623047,105.18000030517578,103.20663452148438,1710800
2025-02-11,104.4800033569336,104.87000274658203,102.77999877929688,104.66000366210938,102.69639587402344,2597400
2025-02-12,102.19999694824219,104.30999755859375,101.3499984741211,102.66000366210938,100.73391723632812,2216600
2025-02-13,102.95999908447266,106.4800033569336,102.83999633789062,106.25,104.25655364990234,3200000
2025-02-14,106.23999786376953,108.7699966430664,104.11000061035156,107.5999984741211,105.58122253417969,1661800
2025-02-18,108.83999633789062,112.70999908447266,108.31999969482422,111.91000366210938,109.81037902832031,3661400
2025-02-19,111.70999908447266,112.6500015258789,110.36000061035156,112.41000366210938,110.30099487304688,2173500
2025-02-20,111.8499984741211,111.8499984741211,107.36000061035156,111.06999969482422,108.98612976074219,2020800
2025-02-21,111.23999786376953,111.51000213623047,105.37000274658203,105.95999908447266,103.97200775146484,3350400
2025-02-24,106.55000305175781,107.13999938964844,102.16000366210938,103.43000030517578,101.48946380615234,2894100
2025-02-25,101.44000244140625,104.0,98.2699966430664,102.44000244140625,100.51805114746094,3814000
2025-02-26,105.5199966430664,115.3499984741211,105.30999755859375,113.33000183105469,111.20374298095703,5031700
2025-02-27,116.19999694824219,117.26000213623047,104.8499984741211,105.11000061035156,103.13794708251953,5401900
2025-02-28,104.4800033569336,106.19000244140625,102.18000030517578,105.70999908447266,103.72669219970703,3814200
2025-03-03,106.5999984741211,106.9800033569336,99.19000244140625,100.25,98.369140625,4174100
2025-03-04,98.11000061035156,102.62999725341797,95.31999969482422,100.25,98.369140625,3182800
2025-03-05,98.66999816894531,100.02999877929688,96.69999694824219,98.70999908447266,96.85802459716797,2643000
2025-03-06,95.20999908447266,96.11000061035156,90.61000061035156,91.13999938964844,89.43004608154297,3415200
2025-03-07,91.54000091552734,93.30999755859375,84.87000274658203,88.08999633789062,86.43727111816406,4669300
2025-03-10,85.08999633789062,86.41000366210938,80.9000015258789,84.81999969482422,83.2286148071289,6156600
2025-03-11,84.70999908447266,90.26000213623047,84.70999908447266,88.62000274658203,86.95733642578125,5214300
2025-03-12,91.0,94.55000305175781,90.68000030517578,92.47000122070312,90.735107421875,4921300
2025-03-13,92.26000213623047,92.5,89.43000030517578,90.91999816894531,89.21417236328125,3433500
2025-03-14,92.58000183105469,95.62999725341797,91.37999725341797,95.38999938964844,93.6003189086914,2989800
2025-03-17,95.5999984741211,97.91999816894531,94.44000244140625,96.12999725341797,94.32642364501953,2483900
2025-03-18,94.19000244140625,95.3499984741211,93.22000122070312,94.68000030517578,92.90363311767578,1796800
2025-03-19,94.9800033569336,99.0199966430664,94.9000015258789,98.26000213623047,96.41646575927734,2337400
2025-03-20,97.05000305175781,100.48999786376953,96.58000183105469,99.63999938964844,97.77057647705078,2564100
2025-03-21,98.05000305175781,100.73999786376953,96.58000183105469,100.66000366210938,98.77143859863281,7623100
2025-03-24,102.27999877929688,104.19999694824219,101.66000366210938,102.86000061035156,100.93016815185547,2612200
2025-03-25,102.06999969482422,102.97000122070312,100.23999786376953,102.2699966430664,100.35122680664062,2096100
2025-03-26,101.48999786376953,102.16000366210938,96.5,97.37000274658203,95.54316711425781,2410200
2025-03-27,95.83999633789062,97.94000244140625,95.04000091552734,95.76000213623047,93.96337127685547,1958500
2025-03-28,95.5999984741211,96.93000030517578,94.47000122070312,95.19999694824219,93.41388702392578,2403200
2025-03-31,93.22000122070312,96.02999877929688,92.93000030517578,95.45999908447266,93.66899871826172,2976500
2025-04-01,95.5999984741211,98.58999633789062,95.01000213623047,98.52999877929688,96.681396484375,2547800
2025-04-02,96.55999755859375,103.48999786376953,96.45999908447266,102.87999725341797,100.94979095458984,3301800
2025-04-03,97.0,99.51000213623047,92.37999725341797,92.7699966430664,91.02946472167969,3435700
2025-04-04,91.0,91.25,82.01000213623047,83.61000061035156,82.04132080078125,6877100
2025-04-07,80.43000030517578,90.8499984741211,79.56999969482422,87.23999786376953,85.60321044921875,4796800
2025-04-08,91.3499984741211,92.08999633789062,84.37999725341797,85.9000015258789,84.28836059570312,3618400
2025-04-09,86.0,98.5999984741211,83.12000274658203,97.38999938964844,95.56279754638672,4840800
2025-04-10,94.72000122070312,95.91999816894531,90.91000366210938,92.88999938964844,91.14720916748047,2577000
2025-04-11,93.3499984741211,95.4800033569336,91.44000244140625,94.47000122070312,92.69757843017578,1634900
2025-04-14,97.44999694824219,97.61000061035156,95.0,95.91999816894531,94.12037658691406,1981700
2025-04-15,96.0,98.5,96.0,97.11000061035156,95.28804016113281,1513700
2025-04-16,95.48999786376953,99.0999984741211,95.37999725341797,98.08999633789062,96.24966430664062,2217500
2025-04-17,99.04000091552734,100.66999816894531,97.0999984741211,97.86000061035156,96.02397155761719,1945900
2025-04-21,96.0999984741211,96.80000305175781,90.83999633789062,93.08999633789062,91.34346008300781,1916000
2025-04-22,95.08999633789062,99.33999633789062,95.08999633789062,98.80000305175781,96.94634246826172,3561500
2025-04-23,103.19000244140625,105.61000061035156,100.97000122070312,102.04000091552734,100.12554931640625,1816600
2025-04-24,101.80999755859375,106.80000305175781,101.54000091552734,106.11000061035156,104.11918640136719,1699800
2025-04-25,106.11000061035156,109.19000244140625,106.11000061035156,108.33000183105469,106.29753875732422,1810200
2025-04-28,108.12999725341797,109.66000366210938,107.62000274658203,109.36000061035156,107.30821228027344,2620800
2025-04-29,108.5,110.0999984741211,107.18000030517578,109.52999877929688,107.47501373291016,1745300
2025-04-30,106.51000213623047,109.83999633789062,105.30000305175781,109.58000183105469,107.5240707397461,2328100
2025-05-01,111.29000091552734,115.23999786376953,111.25,114.13999938964844,112.45004272460938,3092400
2025-05-02,115.0,117.9000015258789,114.37000274658203,116.63999938964844,114.91304016113281,2207600
2025-05-05,115.52999877929688,116.70999908447266,114.0,116.2300033569336,114.50911712646484,1764400
2025-05-06,115.37000274658203,118.47000122070312,114.19999694824219,117.01000213623047,115.2775650024414,2891400
2025-05-07,115.73999786376953,119.81999969482422,115.4800033569336,118.66999816894531,116.9129867553711,2698100
2025-05-08,119.52999877929688,120.91999816894531,117.87000274658203,120.33999633789062,118.55825805664062,2549200
2025-05-09,120.25,120.7300033569336,117.44000244140625,119.33000183105469,117.5632095336914,3028100
2025-05-12,137.0,150.80999755859375,136.9499969482422,150.61000061035156,148.3800811767578,10257900
2025-05-13,149.6300048828125,158.66000366210938,147.89999389648438,156.7100067138672,154.3897705078125,8023100
2025-05-14,154.75,158.3699951171875,152.91000366210938,153.80999755859375,151.53269958496094,6349700
2025-05-15,153.5,157.41000366210938,152.83999633789062,155.02000427246094,152.72479248046875,4280200
2025-05-16,154.9600067138672,159.24000549316406,154.0399932861328,159.1999969482422,156.8428955078125,6992300
2025-05-19,156.77999877929688,161.77999877929688,156.16000366210938,161.24000549316406,158.85269165039062,2878800
2025-05-20,160.1199951171875,161.3800048828125,158.8300018310547,159.67999267578125,157.31578063964844,3482000
2025-05-21,158.4199981689453,158.66000366210938,154.8300018310547,155.47000122070312,153.1681365966797,3066200
2025-05-22,154.69000244140625,155.9600067138672,152.3800048828125,155.2899932861328,152.9907989501953,2461300
2025-05-23,153.72000122070312,158.55999755859375,153.27999877929688,157.82000732421875,155.48333740234375,2290700
2025-05-27,159.27999877929688,159.7899932861328,155.91000366210938,156.91000366210938,154.58680725097656,3851600
2025-05-28,157.80999755859375,158.00999450683594,155.5800018310547,156.05999755859375,153.74937438964844,1625600
2025-05-29,158.10000610351562,158.50999450683594,153.08999633789062,154.47000122070312,152.1829376220703,3948600
2025-05-30,153.6699981689453,156.1199951171875,153.64999389648438,155.89999389648438,153.5917510986328,3799300
2025-06-02,156.5399932861328,159.74000549316406,154.60000610351562,158.49000549316406,156.14340209960938,3746000
2025-06-03,160.6300048828125,162.3300018310547,158.1699981689453,161.0399932861328,158.65565490722656,3914000
2025-06-04,160.6699981689453,160.6699981689453,156.75,156.97000122070312,154.6459197998047,3204200
2025-06-05,157.35000610351562,158.1999969482422,155.02999877929688,156.02999877929688,153.7198486328125,2491200
2025-06-06,156.60000610351562,157.94000244140625,154.27000427246094,155.94000244140625,153.6311798095703,2327700
2025-06-09,156.72000122070312,159.0800018310547,154.47000122070312,155.0500030517578,152.7543487548828,2166500
2025-06-10,154.6300048828125,155.75,147.69000244140625,148.67999267578125,146.47865295410156,3636900
2025-06-11,150.50999450683594,152.0,148.25,149.07000732421875,146.86288452148438,4052800
2025-06-12,148.22999572753906,152.1199951171875,148.22999572753906,151.0,148.76431274414062,2881000
2025-06-13,150.08999633789062,152.14999389648438,149.0,152.0399932861328,149.7888946533203,2258600
2025-06-16,153.47000122070312,155.8800048828125,153.33999633789062,153.94000244140625,151.66078186035156,2536300
2025-06-17,153.60000610351562,154.58999633789062,150.13999938964844,152.0800018310547,149.8283233642578,2533200
2025-06-18,152.05999755859375,154.1999969482422,151.1300048828125,152.63999938964844,150.38003540039062,2528400
2025-06-20,153.75999450683594,154.10000610351562,151.19000244140625,151.9199981689453,149.67068481445312,7964200
2025-06-23,152.0,155.0,149.91000366210938,152.0500030517578,149.7987518310547,2423400
2025-06-24,154.17999267578125,154.6999969482422,151.2899932861328,153.67999267578125,151.4046173095703,2654600
2025-06-25,154.35000610351562,156.57000732421875,152.6300048828125,153.32000732421875,151.0499725341797,2195500
2025-06-26,157.72000122070312,162.22000122070312,156.27000427246094,161.5399932861328,159.1482391357422,2708600
2025-06-27,163.52000427246094,168.57000732421875,162.1199951171875,162.6699981689453,160.26150512695312,9663400
2025-06-30,163.8300018310547,164.6999969482422,160.19000244140625,160.5800018310547,158.2024688720703,2799500
2025-07-01,160.25999450683594,160.25999450683594,153.6999969482422,155.9600067138672,153.65089416503906,3566400
2025-07-02,155.5399932861328,157.52999877929688,154.0,155.5399932861328,153.23709106445312,2754700
2025-07-03,156.13999938964844,158.77999877929688,155.64999389648438,158.38999938964844,156.0448760986328,2106100
2025-07-07,158.42999267578125,160.6300048828125,157.6300048828125,158.69000244140625,156.3404541015625,1929200
2025-07-08,158.5,158.5,149.58999633789062,151.27000427246094,149.0303192138672,3066800
2025-07-09,152.88999938964844,152.88999938964844,150.02999877929688,150.27000427246094,148.04510498046875,1916100
2025-07-10,150.3800048828125,152.69000244140625,149.13999938964844,151.36000061035156,149.11898803710938,2101900
2025-07-11,150.6199951171875,152.1300048828125,150.1199951171875,150.67999267578125,148.4490509033203,1973800
2025-07-14,150.5800018310547,151.36000061035156,148.3800048828125,151.05999755859375,148.82342529296875,1703900
2025-07-15,151.86000061035156,152.66000366210938,145.0,146.8800048828125,144.70529174804688,2887800
2025-07-16,146.94000244140625,147.77999877929688,143.39999389648438,144.9600067138672,142.81373596191406,2546800
2025-07-17,146.07000732421875,148.02999877929688,145.05999755859375,147.3800048828125,145.19789123535156,2263000
2025-07-18,149.77000427246094,154.52000427246094,149.64999389648438,151.75,149.50320434570312,3408400
2025-07-21,151.89999389648438,155.2100067138672,148.0500030517578,152.30999755859375,150.05490112304688,2730700
2025-07-22,152.49000549316406,154.4199981689453,147.5500030517578,153.9600067138672,151.6804962158203,2843100
2025-07-23,160.0,165.67999267578125,158.1999969482422,160.5500030517578,158.1729278564453,5434500
2025-07-24,161.00999450683594,161.41000366210938,157.60000610351562,157.97000122070312,155.631103515625,2849700
2025-07-25,158.42999267578125,158.8800048828125,155.8300018310547,156.58999633789062,154.27154541015625,2026200
2025-07-28,158.00999450683594,159.64999389648438,157.1699981689453,158.5399932861328,156.19265747070312,2071500
2025-07-29,159.55999755859375,160.35000610351562,156.8800048828125,159.8699951171875,157.50299072265625,1979500
2025-07-30,161.60000610351562,167.0,161.0,166.58999633789062,164.1234893798828,3887600
2025-07-31,167.2899932861328,169.24000549316406,165.5,167.1999969482422,164.72445678710938,3265800
2025-08-01,162.1699981689453,168.3800048828125,160.3800048828125,167.6300048828125,165.58384704589844,2560600
2025-08-04,169.49000549316406,174.4499969482422,168.9499969482422,173.91000366210938,171.7871856689453,3195500
2025-08-05,174.99000549316406,175.9600067138672,167.4600067138672,171.9600067138672,169.86099243164062,4432500
2025-08-06,166.07000732421875,166.07000732421875,145.0,148.55999755859375,146.74661254882812,9533000
2025-08-07,151.08999633789062,155.0,150.00999450683594,153.22000122070312,151.34974670410156,4884200
2025-08-08,153.42999267578125,155.05999755859375,151.5,152.5399932861328,150.67803955078125,2574100
2025-08-11,152.0,154.89999389648438,151.3699951171875,152.02999877929688,150.17425537109375,2779300
2025-08-12,152.0,157.0,151.58999633789062,156.69000244140625,154.7773895263672,2409900
2025-08-13,157.10000610351562,158.97999572753906,151.91000366210938,155.0,153.10800170898438,2514300
2025-08-14,152.60000610351562,156.4600067138672,151.89999389648438,153.77999877929688,151.90289306640625,2210900
2025-08-15,155.08999633789062,155.38999938964844,148.2899932861328,148.6199951171875,146.80587768554688,2789200
2025-08-18,148.88999938964844,150.8800048828125,147.80999755859375,150.44000244140625,148.60366821289062,2093700
2025-08-19,149.52000427246094,150.1199951171875,147.0500030517578,148.3800048828125,146.56881713867188,2190800
2025-08-20,147.27000427246094,148.77999877929688,143.5500030517578,148.19000244140625,146.38111877441406,2459300
2025-08-21,148.5500030517578,150.16000366210938,144.6999969482422,145.88999938964844,144.1092071533203,1889200
2025-08-22,146.8699951171875,148.44000244140625,144.3800048828125,145.08999633789062,143.3189697265625,1900400
2025-08-25,145.74000549316406,146.88999938964844,144.27999877929688,144.77000427246094,143.00289916992188,2051300
2025-08-26,145.0,146.57000732421875,143.82000732421875,146.22999572753906,144.44503784179688,2123400
2025-08-27,146.74000549316406,149.22999572753906,146.3699951171875,148.1199951171875,146.3119659423828,1951300
2025-08-28,147.92999267578125,151.2100067138672,147.4600067138672,148.66000366210938,146.84539794921875,1752100
2025-08-29,148.1699981689453,148.55999755859375,143.9600067138672,145.55999755859375,143.78321838378906,1560800
2025-09-02,142.27000427246094,145.24000549316406,140.77000427246094,145.11000061035156,143.33872985839844,2499300
2025-09-03,144.88999938964844,148.2100067138672,144.19000244140625,146.91000366210938,145.1167449951172,1457700
2025-09-04,148.02000427246094,148.6199951171875,146.1699981689453,147.9499969482422,146.14405822753906,1305000
2025-09-05,148.9499969482422,150.25,142.8699951171875,147.66000366210938,145.8575897216797,1672700
2025-09-08,148.72999572753906,149.63999938964844,144.7899932861328,147.75999450683594,145.9563751220703,2334000
2025-09-09,148.5,152.4199981689453,147.82000732421875,152.25999450683594,150.4014434814453,1755800
2025-09-10,154.9499969482422,162.25999450683594,154.91000366210938,161.2100067138672,159.24220275878906,3506700
2025-09-11,161.4600067138672,161.7899932861328,157.75,157.9199981689453,155.99237060546875,2303200
2025-09-12,157.6999969482422,165.82000732421875,157.02000427246094,164.83999633789062,162.82789611816406,2278800
2025-09-15,165.11000061035156,169.02000427246094,165.11000061035156,166.0800018310547,164.05276489257812,2357700
2025-09-16,166.6199951171875,167.24000549316406,162.25,164.22000122070312,162.21546936035156,2536200
2025-09-17,165.3800048828125,167.0800018310547,162.30999755859375,164.5800018310547,162.57106018066406,2373100
2025-09-18,167.0800018310547,167.5800018310547,161.8699951171875,164.19000244140625,162.1858367919922,2421700
2025-09-19,165.0399932861328,165.77999877929688,161.88999938964844,164.36000061035156,162.353759765625,4195800
2025-09-22,164.9499969482422,172.0399932861328,163.5,170.97000122070312,168.88307189941406,2580000
2025-09-23,171.16000366210938,171.57000732421875,165.17999267578125,167.42999267578125,165.3862762451172,2527300
2025-09-24,167.7100067138672,169.14999389648438,165.5,165.5800018310547,163.55886840820312,2133700
2025-09-25,160.9600067138672,164.9600067138672,157.89999389648438,162.9600067138672,160.97084045410156,2226400
2025-09-26,163.77999877929688,169.4499969482422,162.89999389648438,168.57000732421875,166.5123748779297,2443300
2025-09-29,169.30999755859375,170.10000610351562,164.66000366210938,165.33999633789062,163.32179260253906,2686400
2025-09-30,165.39999389648438,165.8300018310547,161.0500030517578,161.9499969482422,159.97315979003906,2449000
2025-10-01,161.67999267578125,165.4499969482422,160.57000732421875,161.91000366210938,159.93365478515625,3232900
2025-10-02,162.97000122070312,168.5800018310547,162.47999572753906,167.3000030517578,165.25787353515625,2642400
2025-10-03,168.22999572753906,172.2100067138672,165.8300018310547,166.27999877929688,164.2503204345703,2270000
2025-10-06,168.97000122070312,169.97000122070312,163.10000610351562,163.9499969482422,161.94876098632812,2408300
2025-10-07,164.32000732421875,165.8000030517578,162.07000732421875,162.61000061035156,160.62510681152344,2648500
2025-10-08,164.58999633789062,169.3300018310547,163.5,167.52000427246094,165.47518920898438,2587400
2025-10-09,168.2100067138672,169.99000549316406,166.9199981689453,168.25,166.19627380371094,1973600
2025-10-10,167.72000122070312,168.8300018310547,160.3800048828125,160.42999267578125,158.47171020507812,1846200
2025-10-13,164.19000244140625,168.77999877929688,164.16000366210938,168.77000427246094,166.7099151611328,1965000
2025-10-14,165.57000732421875,168.97999572753906,163.08999633789062,165.61000061035156,163.5885009765625,1680700
2025-10-15,168.19000244140625,173.36000061035156,167.86000061035156,171.3300018310547,169.23866271972656,2111100
2025-10-16,173.08999633789062,174.0,165.74000549316406,169.92999267578125,167.85574340820312,2181600
2025-10-17,168.66000366210938,172.39999389648438,165.8800048828125,168.74000549316406,166.68028259277344,2091700
2025-10-20,171.80999755859375,172.89999389648438,166.30999755859375,167.00999450683594,164.97140502929688,1768500
2025-10-21,166.52000427246094,167.91000366210938,160.19000244140625,163.58999633789062,161.5931396484375,2071000
2025-10-22,164.02000427246094,165.3699951171875,158.30999755859375,160.4199981689453,158.4618377685547,2916100
2025-10-23,161.66000366210938,163.97999572753906,160.30999755859375,163.80999755859375,161.81045532226562,2225900
2025-10-24,167.4499969482422,170.57000732421875,167.0800018310547,170.36000061035156,168.280517578125,1595800
2025-10-27,172.27999877929688,173.35000610351562,169.80999755859375,172.58999633789062,170.4832763671875,1602400
2025-10-28,173.5,173.89999389648438,165.83999633789062,172.75999450683594,170.65121459960938,2472200
2025-10-29,173.67999267578125,180.5399932861328,170.5,178.5,176.32115173339844,2483100
2025-10-30,176.42999267578125,180.0800018310547,172.8699951171875,173.13999938964844,171.02658081054688,1769200
2025-10-31,175.2899932861328,176.97999572753906,170.36000061035156,171.86000061035156,169.76219177246094,1567500
2025-11-03,173.5800018310547,176.75999450683594,171.1699981689453,174.47999572753906,172.7926025390625,1593300
2025-11-04,171.66000366210938,172.02000427246094,166.89999389648438,167.99000549316406,166.36537170410156,1835500
2025-11-05,167.6999969482422,175.27000427246094,167.4600067138672,173.19000244140625,171.5150909423828,3047200
2025-11-06,169.27000427246094,177.08999633789062,164.9499969482422,170.10000610351562,168.45497131347656,3293200
2025-11-07,164.97999572753906,172.5,162.0,172.5,170.83175659179688,2530600
2025-11-10,175.64999389648438,176.72999572753906,164.10000610351562,166.72000122070312,165.107666015625,2225200
2025-11-11,164.47000122070312,167.14999389648438,160.75999450683594,162.83999633789062,161.2651824951172,2015600
2025-11-12,164.0500030517578,169.4600067138672,162.89999389648438,168.83999633789062,167.20713806152344,2048500
2025-11-13,167.74000549316406,169.22999572753906,164.94000244140625,166.14999389648438,164.5431671142578,2725300
2025-11-14,161.25,171.1999969482422,160.05999755859375,165.19000244140625,163.5924530029297,2085800
2025-11-17,165.19000244140625,169.25,162.22999572753906,163.2100067138672,161.63160705566406,1492300
2025-11-18,161.36000061035156,168.6999969482422,161.13999938964844,166.4499969482422,164.8402557373047,2451600
2025-11-19,166.2899932861328,173.52000427246094,166.25999450683594,168.8000030517578,167.1675262451172,2295900
2025-11-20,173.9499969482422,174.72999572753906,160.35000610351562,160.4600067138672,158.908203125,2071200
2025-11-21,160.52999877929688,161.39999389648438,155.38999938964844,159.1999969482422,157.66036987304688,2119300
2025-11-24,160.33999633789062,167.97000122070312,158.9499969482422,166.85000610351562,165.2364044189453,2531800
2025-11-25,167.19000244140625,168.3300018310547,161.0,163.80999755859375,162.2257843017578,1628800
2025-11-26,165.8800048828125,169.91000366210938,165.61000061035156,168.5399932861328,166.91004943847656,1340400
2025-11-28,170.0,171.77000427246094,168.41000366210938,169.49000549316406,167.85086059570312,944900
2025-12-01,167.5500030517578,167.57000732421875,163.75999450683594,165.66000366210938,164.0579071044922,1276000
2025-12-02,166.94000244140625,168.0800018310547,162.75999450683594,164.0800018310547,162.49319458007812,1444700
2025-12-03,163.75999450683594,167.0,160.22000122070312,166.77000427246094,165.1571807861328,1291300
2025-12-04,166.13999938964844,170.19000244140625,166.0,169.36000061035156,167.7221221923828,1366000
2025-12-05,168.8699951171875,170.25,162.7899932861328,163.0,161.4236297607422,1864800
2025-12-08,164.19000244140625,167.17999267578125,162.2100067138672,164.11000061035156,162.52288818359375,1639400
2025-12-09,165.41000366210938,171.57000732421875,164.30999755859375,166.75,165.1373748779297,1822400
2025-12-10,167.42999267578125,170.05999755859375,163.25,168.16000366210938,166.5337371826172,1635900
2025-12-11,165.02000427246094,170.83999633789062,164.27000427246094,170.63999938964844,168.98973083496094,1558900
2025-12-12,172.0,172.39999389648438,160.5800018310547,161.44000244140625,159.8787078857422,2018000
2025-12-15,161.88999938964844,163.05999755859375,159.27000427246094,159.99000549316406,158.44273376464844,1674700
2025-12-16,159.6199951171875,162.27000427246094,157.4499969482422,160.14999389648438,158.60118103027344,1535100
2025-12-17,160.5399932861328,161.0800018310547,147.97999572753906,149.47999572753906,148.0343780517578,4748200
2025-12-18,154.2899932861328,158.2100067138672,152.08999633789062,154.63999938964844,153.1444854736328,2218200
2025-12-19,154.86000061035156,157.5800018310547,154.6999969482422,156.1999969482422,154.68939208984375,3893900
2025-12-22,158.10000610351562,158.10000610351562,154.36000061035156,156.9600067138672,155.44204711914062,1267500
2025-12-23,156.92999267578125,159.7100067138672,156.64999389648438,158.11000061035156,156.58091735839844,1297900
2025-12-24,157.8699951171875,161.13999938964844,156.94000244140625,160.55999755859375,159.00721740722656,553400
2025-12-26,160.10000610351562,161.52000427246094,158.38999938964844,160.8800048828125,159.32412719726562,1099500
2025-12-29,160.61000061035156,164.05999755859375,160.35000610351562,160.9600067138672,159.4033660888672,1377600
2025-12-30,161.4499969482422,162.0,159.55999755859375,160.42999267578125,158.8784637451172,719800
2025-12-31,160.83999633789062,161.1999969482422,159.19000244140625,159.24000549316406,157.69998168945312,776600
2026-01-02,161.5800018310547,166.66000366210938,160.9600067138672,166.16000366210938,164.55307006835938,1328700
2026-01-05,168.49000549316406,170.24000549316406,159.0,161.58999633789062,160.02725219726562,1700600
2026-01-06,161.2100067138672,161.2100067138672,155.8300018310547,159.6300048828125,158.08621215820312,2038600
2026-01-07,157.50999450683594,157.8800048828125,148.1999969482422,148.91000366210938,147.4698944091797,2619900
2026-01-08,148.05999755859375,148.99000549316406,141.97000122070312,143.52999877929688,142.1419219970703,2549700
2026-01-09,150.63999938964844,151.7899932861328,147.6199951171875,149.27000427246094,147.826416015625,2505600
2026-01-12,146.55999755859375,149.74000549316406,146.0,148.88999938964844,147.4500732421875,2024300
2026-01-13,149.27000427246094,152.35000610351562,148.38999938964844,150.58999633789062,149.13365173339844,1715100
2026-01-14,149.25999450683594,150.6199951171875,147.50999450683594,149.8300018310547,148.38099670410156,1775500
2026-01-15,152.02999877929688,159.25,151.39999389648438,158.5,156.96714782714844,2336900
2026-01-16,153.75,156.77999877929688,148.8699951171875,152.0500030517578,150.57952880859375,3462600
2026-01-20,146.58999633789062,152.58999633789062,145.52000427246094,148.91000366210938,147.4698944091797,1908400
2026-01-21,151.25999450683594,151.9199981689453,147.24000549316406,150.67999267578125,149.2227783203125,1702900
2026-01-22,152.82000732421875,153.55999755859375,149.55999755859375,151.08999633789062,149.62879943847656,1713400
2026-01-23,150.97999572753906,152.24000549316406,146.91000366210938,149.3000030517578,147.8561248779297,2296400
2026-01-26,150.2100067138672,151.3300018310547,148.99000549316406,149.92999267578125,148.48001098632812,1834100
2026-01-27,149.32000732421875,156.4199981689453,149.32000732421875,156.0399932861328,154.53094482421875,1539100
2026-01-28,157.0,157.5,153.0,155.11000061035156,153.6099395751953,1608000
2026-01-29,155.38999938964844,157.1999969482422,151.17999267578125,153.72000122070312,152.23338317871094,1625000
2026-01-30,153.11000061035156,156.97999572753906,150.8699951171875,152.6300048828125,151.15391540527344,1720200
2026-02-02,152.11000061035156,153.32000732421875,148.5800018310547,149.11000061035156,148.1289520263672,1886500
2026-02-03,151.61000061035156,154.55999755859375,147.72000122070312,152.17999267578125,151.17874145507812,2038900
2026-02-04,151.91000366210938,153.47000122070312,140.49000549316406,143.99000549316406,143.0426483154297,3453300
2026-02-05,142.3800048828125,147.4600067138672,141.80999755859375,144.44000244140625,143.48968505859375,2441000
2026-02-06,148.9600067138672,153.57000732421875,148.00999450683594,153.32000732421875,152.31126403808594,2064000
2026-02-09,154.1699981689453,158.35000610351562,152.7899932861328,155.72000122070312,154.69546508789062,1744300
2026-02-10,157.02000427246094,158.69000244140625,154.00999450683594,156.42999267578125,155.40078735351562,1749800
2026-02-11,158.4499969482422,160.9600067138672,156.6199951171875,160.6300048828125,159.57315063476562,1665600
2026-02-12,162.2100067138672,166.25,158.4600067138672,161.8000030517578,160.73545837402344,2535100
2026-02-13,161.69000244140625,172.67999267578125,161.5399932861328,172.35000610351562,171.21604919433594,3348900
2026-02-17,173.1199951171875,177.7100067138672,170.86000061035156,173.4499969482422,172.30880737304688,2414500
2026-02-18,174.5,176.44000244140625,170.5500030517578,171.05999755859375,169.9345245361328,1518100
2026-02-19,170.47999572753906,175.27999877929688,169.66000366210938,175.00999450683594,173.85853576660156,1623300
2026-02-20,175.13999938964844,180.11000061035156,174.0,179.17999267578125,178.0010986328125,2185100
2026-02-23,177.5399932861328,182.0399932861328,175.11000061035156,176.52000427246094,175.35861206054688,2195500
2026-02-24,173.27000427246094,184.83999633789062,163.75999450683594,184.02999877929688,182.81919860839844,3754100
2026-02-25,186.55999755859375,189.9600067138672,180.88999938964844,183.58999633789062,182.382080078125,2648900
2026-02-26,183.0,183.67999267578125,173.5800018310547,181.33999633789062,180.14688110351562,2365400
2026-02-27,179.97999572753906,181.08999633789062,174.2100067138672,178.9600067138672,177.78256225585938,2614100
2026-03-02,175.69000244140625,181.5800018310547,174.0399932861328,175.5800018310547,174.42478942871094,1770900
2026-03-03,162.85000610351562,164.05999755859375,158.0,162.05999755859375,160.99374389648438,11470300
2026-03-04,162.07000732421875,166.42999267578125,161.89999389648438,163.5399932861328,162.46400451660156,9059900
2026-03-05,162.0,165.16000366210938,158.02999877929688,160.4600067138672,159.40428161621094,4079100
2026-03-06,158.7899932861328,159.42999267578125,154.22000122070312,154.32000732421875,153.3046875,4553600
2026-03-09,150.67999267578125,155.60000610351562,149.0,155.4199981689453,154.39743041992188,3177600
2026-03-10,156.0,159.3699951171875,155.0,155.14999389648438,154.12921142578125,2847100
2026-03-11,154.2100067138672,154.5,147.52999877929688,148.6300048828125,147.652099609375,3372200
2026-03-12,146.60000610351562,152.5,146.25,152.10000610351562,151.0992889404297,2596700
2026-03-13,154.52999877929688,154.75999450683594,151.25999450683594,152.8699951171875,151.8642120361328,1775200
2026-03-16,156.0,157.55999755859375,151.67999267578125,152.47999572753906,151.47677612304688,2224300
2026-03-17,153.82000732421875,155.80999755859375,152.6199951171875,154.75,153.73184204101562,1829300
2026-03-18,158.05999755859375,162.4199981689453,157.0,159.11000061035156,158.0631561279297,3329800
2026-03-19,156.6300048828125,162.97999572753906,154.8000030517578,161.39999389648438,160.33807373046875,1917100
2026-03-20,161.50999450683594,162.5,144.60000610351562,145.8000030517578,144.84071350097656,4161700
2026-03-23,148.0,154.6999969482422,146.97999572753906,151.77000427246094,150.77145385742188,1844900
2026-03-24,150.9499969482422,155.05999755859375,150.4199981689453,151.1300048828125,150.1356658935547,1776700
2026-03-25,152.63999938964844,154.82000732421875,150.36000061035156,151.0399932861328,150.04624938964844,1961100
2026-03-26,148.91000366210938,150.5500030517578,144.3800048828125,146.13999938964844,145.17848205566406,2419600
2026-03-27,146.2899932861328,150.55999755859375,146.00999450683594,147.74000549316406,146.76795959472656,1801200
2026-03-30,150.49000549316406,151.25999450683594,139.88999938964844,141.22999572753906,140.30079650878906,2471200
2026-03-31,142.08999633789062,146.88999938964844,141.5,146.13999938964844,145.17848205566406,3052500
2026-04-01,147.92999267578125,150.8800048828125,146.3800048828125,149.89999389648438,148.9137420654297,1829200
2026-04-02,145.85000610351562,152.8000030517578,145.85000610351562,152.69000244140625,151.68539428710938,3183300
2026-04-06,152.4499969482422,153.80999755859375,149.75999450683594,149.8000030517578,148.8144073486328,2126600
2026-04-07,149.19000244140625,153.27000427246094,149.19000244140625,153.05999755859375,152.05296325683594,1856400
2026-04-08,160.4600067138672,161.08999633789062,157.36000061035156,160.3000030517578,159.24533081054688,2312700
2026-04-09,160.67999267578125,167.05999755859375,160.67999267578125,161.77999877929688,160.71559143066406,2133100
2026-04-10,162.17999267578125,166.88999938964844,162.0,164.07000732421875,162.9905242919922,2052800
2026-04-13,161.97999572753906,170.42999267578125,160.88999938964844,170.24000549316406,169.1199188232422,2682500
2026-04-14,172.0399932861328,175.52000427246094,169.33999633789062,170.9600067138672,169.83518981933594,2486800
2026-04-15,170.0800018310547,170.47000122070312,165.82000732421875,168.4499969482422,167.34170532226562,3048500
2026-04-16,168.7100067138672,171.0399932861328,166.32000732421875,168.5,167.39138793945312,2754600
2026-04-17,169.0,171.35000610351562,166.2899932861328,167.72999572753906,166.62643432617188,3433200
2026-04-20,169.13999938964844,169.77999877929688,156.25,157.17999267578125,156.14584350585938,3831000
2026-04-21,156.75,158.5,149.66000366210938,149.86000061035156,148.87400817871094,3241000
2026-04-22,151.7899932861328,153.0800018310547,148.97000122070312,149.60000610351562,148.61572265625,3165600
2026-04-23,150.1699981689453,154.52999877929688,148.7899932861328,154.52999877929688,153.51329040527344,3670500
2026-04-24,154.86000061035156,160.6699981689453,153.99000549316406,159.80999755859375,158.758544921875,1985600
2026-04-27,160.88999938964844,161.36000061035156,157.38999938964844,160.14999389648438,159.09629821777344,1825400
2026-04-28,156.55999755859375,159.25,154.72000122070312,154.80999755859375,153.79144287109375,2171700
2026-04-29,154.82000732421875,156.16000366210938,148.64999389648438,149.00999450683594,148.02960205078125,1820200
2026-04-30,151.02999877929688,155.86000061035156,150.8300018310547,155.5800018310547,154.55638122558594,2075100
2026-05-01,154.82000732421875,156.99000549316406,152.14999389648438,153.3699951171875,152.8275146484375,2380500
2026-05-04,153.0,156.36000061035156,152.33999633789062,154.82000732421875,154.2723846435547,1883500
2026-05-05,156.44000244140625,159.25,156.08999633789062,157.42999267578125,156.87313842773438,2431800
2026-05-06,153.17999267578125,157.8300018310547,149.0,150.63999938964844,150.10716247558594,3887100
2026-05-07,150.86000061035156,151.33999633789062,141.5500030517578,141.86000061035156,141.3582305908203,4355100
2026-05-08,143.5500030517578,144.9600067138672,137.75999450683594,138.11000061035156,137.62149047851562,2475000
2026-05-11,138.0399932861328,139.11000061035156,136.97000122070312,137.3000030517578,136.81436157226562,2886300
2026-05-12,136.0,138.41000366210938,134.0399932861328,137.33999633789062,136.8542022705078,3273700
2026-05-13,137.14999389648438,137.99000549316406,129.24000549316406,131.0800018310547,130.61636352539062,5065200
2026-05-14,130.9499969482422,134.89999389648438,130.6999969482422,134.72000122070312,134.2434844970703,2783800
2026-05-15,132.0,132.25,127.63999938964844,127.80999755859375,127.35791778564453,2722200
2026-05-18,127.36000061035156,127.88999938964844,124.16000366210938,125.5,125.05609130859375,2506600
2026-05-19,124.0,124.16000366210938,121.22000122070312,123.70999908447266,123.27242279052734,3148200
2026-05-20,127.16999816894531,134.22999572753906,127.0,133.97999572753906,133.50608825683594,3708300
2026-05-21,133.0399932861328,137.19000244140625,132.63999938964844,136.9199981689453,136.43569946289062,2709200
2026-05-22,137.1199951171875,139.85000610351562,136.1699981689453,137.64999389648438,137.16311645507812,2147300
2026-05-26,140.0,143.0800018310547,138.8800048828125,140.42999267578125,139.9332733154297,2678500
2026-05-27,139.6999969482422,141.52999877929688,136.0800018310547,138.0,137.51187133789062,2492300
2026-05-28,135.97000122070312,138.9499969482422,135.07000732421875,137.5,137.01364135742188,2251000
2026-05-29,136.00999450683594,138.22000122070312,133.91000366210938,134.0800018310547,133.60574340820312,3571400
2026-06-01,131.08999633789062,131.64999389648438,127.11000061035156,129.47000122070312,129.01205444335938,2642800
2026-06-02,129.85000610351562,135.85000610351562,129.11000061035156,133.50999450683594,133.03775024414062,2742900
2026-06-03,132.2100067138672,136.94000244140625,131.97000122070312,133.75999450683594,133.286865234375,2517500
2026-06-04,133.52999877929688,134.83999633789062,130.9499969482422,133.38999938964844,132.91818237304688,1389400
2026-06-05,131.58999633789062,132.14999389648438,127.83000183105469,129.1999969482422,128.7429962158203,1737800
2026-06-08,129.33999633789062,129.67999267578125,127.30999755859375,127.70999908447266,127.25827026367188,1827900
2026-06-09,129.38999938964844,131.4199981689453,125.44999694824219,129.9600067138672,129.5003204345703,1882300
2026-06-10,127.30000305175781,128.08999633789062,120.11000061035156,120.6500015258789,120.22325134277344,3836500
2026-06-11,120.97000122070312,124.3499984741211,120.55000305175781,123.69999694824219,123.26245880126953,2034700
2026-06-12,125.18000030517578,130.0,123.9000015258789,125.47000122070312,125.02619934082031,2483800
2026-06-15,128.69000244140625,131.42999267578125,126.43000030517578,130.39999389648438,129.93875122070312,1904900
2026-06-16,130.8300018310547,135.5399932861328,130.50999450683594,132.10000610351562,131.63275146484375,1866000
2026-06-17,131.74000549316406,135.22000122070312,130.82000732421875,132.1300048828125,131.6626434326172,1627300
2026-06-18,133.19000244140625,140.55999755859375,133.19000244140625,135.05999755859375,134.582275390625,3786400
2026-06-22,135.33999633789062,139.02999877929688,135.33999633789062,138.91000366210938,138.4186553955078,5304800
2026-06-23,134.50999450683594,138.8699951171875,133.0,137.66000366210938,137.17308044433594,2264100
2026-06-24,137.69000244140625,142.97999572753906,136.85000610351562,142.2100067138672,141.7069854736328,3252300
2026-06-25,143.8699951171875,147.3800048828125,143.5,147.11000061035156,146.58966064453125,3247000
2026-06-26,145.17999267578125,150.52000427246094,145.0,149.36000061035156,148.83169555664062,6642300
2026-06-29,149.5399932861328,150.97000122070312,146.17999267578125,149.11000061035156,148.58258056640625,2559000
2026-06-30,149.1699981689453,150.75999450683594,145.1699981689453,146.05999755859375,145.54336547851562,2316200
2026-07-01,145.55999755859375,145.85000610351562,137.47999572753906,140.8000030517578,140.30197143554688,3426200
2026-07-02,140.82000732421875,142.0500030517578,135.16000366210938,136.6999969482422,136.2164764404297,3004400
2026-07-06,138.77000427246094,142.0500030517578,138.0,141.00999450683594,140.51123046875,2315000
2026-07-07,140.92999267578125,141.4499969482422,136.5500030517578,138.00999450683594,137.52183532714844,2003100
2026-07-08,137.86000061035156,138.72999572753906,135.22999572753906,137.47999572753906,136.99371337890625,2282200
2026-07-09,140.22999572753906,143.19000244140625,139.38999938964844,140.47999572753906,139.9831085205078,1815500
2026-07-10,141.5800018310547,143.47000122070312,140.22999572753906,140.4199981689453,139.92330932617188,1085700
2026-07-13,139.10000610351562,140.33999633789062,137.57000732421875,139.47999572753906,138.98663330078125,1486100
2026-07-14,142.66000366210938,144.72999572753906,136.86000061035156,138.36000061035156,137.87060546875,1790700
2026-07-15,140.63999938964844,143.52999877929688,136.50999450683594,137.89999389648438,137.4122314453125,1991400
2026-07-16,137.0,138.75,131.32000732421875,132.75,132.2804412841797,2204000
2026-07-17,130.5500030517578,132.3000030517578,128.52000427246094,129.11000061035156,128.6533203125,2965400
2026-07-20,130.24000549316406,131.86000061035156,129.17999267578125,130.5800018310547,130.1181182861328,1994000
2026-07-21,132.5399932861328,134.36000061035156,131.05999755859375,131.60000610351562,131.134521484375,1784800
2026-07-22,131.11000061035156,140.58999633789062,131.11000061035156,139.97999572753906,139.48486328125,2614800
2026-07-23,138.83999633789062,143.19000244140625,137.83999633789062,142.99000549316406,142.48423767089844,2931200
2026-07-24,142.77000427246094,144.19000244140625,139.24000549316406,141.02999877929688,140.53115844726562,2270100
2026-07-27,141.99000549316406,142.02000427246094,135.39999389648438,136.5,136.01718139648438,2279000
2026-07-28,134.72999572753906,135.5800018310547,126.80000305175781,127.55999755859375,127.10880279541016,3166700
2026-07-29,126.9000015258789,128.60000610351562,122.44999694824219,124.2300033569336,123.79058837890625,2550100
2026-07-30,129.0,135.52999877929688,128.69000244140625,133.97000122070312,133.4961395263672,2624600
2026-07-31,136.5800018310547,137.9499969482422,132.2100067138672,134.2899932861328,133.8149871826172,2695500
2026-08-03,134.6999969482422,140.72000122070312,131.52999877929688,138.47000122070312,138.47000122070312,2647400
2026-08-04,140.0,140.02999877929688,112.5,117.04000091552734,117.04000091552734,13780900
2026-08-05,118.37000274658203,124.70999908447266,117.77999877929688,120.7300033569336,120.7300033569336,6118700
2026-08-06,121.2699966430664,122.97000122070312,118.87000274658203,119.05000305175781,119.05000305175781,3473300
2026-08-07,119.0,123.30999755859375,117.86000061035156,118.12999725341797,118.12999725341797,3606500
2026-08-10,118.12999725341797,121.44000244140625,116.55999755859375,118.91000366210938,118.91000366210938,2206400
2026-08-11,119.75,122.41000366210938,119.44999694824219,119.79000091552734,119.79000091552734,1932700
2026-08-12,122.0,124.19000244140625,119.93000030517578,120.66000366210938,120.66000366210938,2221700
2026-08-13,120.0,122.06999969482422,119.41000366210938,119.75,119.75,1258300
2026-08-14,120.0,126.2699966430664,120.0,126.23999786376953,126.23999786376953,1447900
2026-08-17,127.4000015258789,127.52999877929688,121.37000274658203,122.37000274658203,122.37000274658203,1956800
2026-08-18,121.91999816894531,122.5199966430664,115.08000183105469,115.55999755859375,115.55999755859375,2625700
2026-08-19,116.19999694824219,120.79000091552734,115.5999984741211,120.58000183105469,120.58000183105469,2284300
2026-08-20,119.95999908447266,121.0999984741211,114.9000015258789,115.36000061035156,115.36000061035156,2791400
2026-08-21,116.58000183105469,117.2300033569336,113.05999755859375,113.11000061035156,113.11000061035156,2871000
2026-08-24,113.31999969482422,114.45999908447266,111.30000305175781,111.77999877929688,111.77999877929688,4776900
2026-08-25,114.01000213623047,115.62999725341797,112.9000015258789,113.61000061035156,113.61000061035156,2967100
2026-08-26,113.98999786376953,117.38999938964844,113.98999786376953,116.13999938964844,116.13999938964844,1643300
