date,open,high,low,close,adjclose,volume
2021-06-01,133.47000122070312,135.35000610351562,130.24000549316406,130.77999877929688,128.25474548339844,1090900
2021-06-02,130.24000549316406,132.0500030517578,129.35000610351562,131.00999450683594,128.48028564453125,803700
2021-06-03,129.00999450683594,129.63999938964844,126.93000030517578,128.32000732421875,125.84223175048828,1141000
2021-06-04,127.56999969482422,131.97999572753906,127.13999938964844,131.67999267578125,129.13734436035156,1039000
2021-06-07,131.35000610351562,131.69000244140625,130.13999938964844,130.8000030517578,128.27435302734375,711300
2021-06-08,131.8300018310547,132.5,125.19999694824219,126.77999877929688,124.33197784423828,1930200
2021-06-09,126.80000305175781,128.44000244140625,124.66999816894531,124.70999908447266,122.30194854736328,1245800
2021-06-10,124.68000030517578,128.2100067138672,124.19000244140625,127.87000274658203,125.40093231201172,1857800
2021-06-11,128.6699981689453,128.67999267578125,126.45999908447266,127.9800033569336,125.5088119506836,1497600
2021-06-14,128.0,131.5399932861328,127.68000030517578,131.47999572753906,128.9412078857422,1035200
2021-06-15,131.4199981689453,132.5500030517578,129.85000610351562,130.30999755859375,127.7938232421875,1098000
2021-06-16,131.25999450683594,132.2100067138672,127.16000366210938,128.27999877929688,125.80302429199219,1051900
2021-06-17,127.91999816894531,130.02000427246094,126.83000183105469,129.58999633789062,127.08772277832031,1379800
2021-06-18,127.62999725341797,129.32000732421875,123.52999877929688,124.86000061035156,122.44905090332031,2771000
2021-06-21,125.30999755859375,126.37000274658203,124.16000366210938,126.22000122070312,123.78278350830078,1589700
2021-06-22,126.05000305175781,126.70999908447266,124.56999969482422,125.95999908447266,123.5278091430664,1313700
2021-06-23,125.6500015258789,127.83999633789062,125.6500015258789,127.19999694824219,124.74388122558594,913400
2021-06-24,128.69000244140625,130.99000549316406,128.32000732421875,130.61000061035156,128.08802795410156,1339800
2021-06-25,131.4499969482422,132.6999969482422,128.35000610351562,129.5500030517578,127.04849243164062,2613200
2021-06-28,131.30999755859375,133.4600067138672,130.49000549316406,132.75,130.1866912841797,1388900
2021-06-29,132.27000427246094,135.19000244140625,131.9499969482422,134.30999755859375,131.71656799316406,1314400
2021-06-30,134.6999969482422,134.9499969482422,132.4600067138672,133.9600067138672,131.37332153320312,838700
2021-07-01,133.4499969482422,133.8699951171875,129.24000549316406,129.3800048828125,126.88178253173828,1262800
2021-07-02,130.88999938964844,131.0,127.95999908447266,128.52999877929688,126.04821014404297,928200
2021-07-06,128.6699981689453,128.99000549316406,124.56999969482422,126.47000122070312,124.0279769897461,1599800
2021-07-07,127.94000244140625,127.94000244140625,122.8499984741211,123.44000244140625,121.05648040771484,2780700
2021-07-08,120.37999725341797,123.68000030517578,119.1500015258789,122.81999969482422,120.44844818115234,1458300
2021-07-09,123.69000244140625,125.95999908447266,122.36000061035156,125.69999694824219,123.27281188964844,1251600
2021-07-12,126.08000183105469,127.2699966430664,125.13999938964844,127.08000183105469,124.6261978149414,1074600
2021-07-13,126.26000213623047,128.0500030517578,125.55000305175781,126.79000091552734,124.34178161621094,1038200
2021-07-14,128.13999938964844,130.8800048828125,125.91999816894531,126.2699966430664,123.83182525634766,1114500
2021-07-15,125.80999755859375,125.80999755859375,122.16999816894531,123.12999725341797,120.75245666503906,1528600
2021-07-16,123.62999725341797,124.80000305175781,119.63999938964844,119.88999938964844,117.57501220703125,1145600
2021-07-19,118.20999908447266,120.1500015258789,116.38999938964844,120.05999755859375,117.7417221069336,1422300
2021-07-20,121.38999938964844,124.63999938964844,119.80999755859375,123.77999877929688,121.3899154663086,1324600
2021-07-21,124.3499984741211,128.52000427246094,124.16999816894531,128.4600067138672,125.97955322265625,1210000
2021-07-22,127.7300033569336,129.1699981689453,126.04000091552734,126.72000122070312,124.27313995361328,1013200
2021-07-23,128.22999572753906,129.47000122070312,126.83000183105469,128.8000030517578,126.31297302246094,850000
2021-07-26,128.0,129.91000366210938,126.98999786376953,127.43000030517578,124.96942138671875,1153000
2021-07-27,126.5,126.91000366210938,120.7699966430664,123.45999908447266,121.07609558105469,2501200
2021-07-28,119.18000030517578,124.0199966430664,117.69999694824219,122.08000183105469,119.72274780273438,2342800
2021-07-29,124.31999969482422,127.30000305175781,123.87999725341797,125.6500015258789,123.22380065917969,2027600
2021-07-30,123.94000244140625,128.8699951171875,123.94000244140625,127.0,124.54773712158203,1148100
2021-08-02,127.62000274658203,130.27999877929688,126.77999877929688,127.0199966430664,124.56733703613281,1004400
2021-08-03,127.54000091552734,128.25,124.83999633789062,126.73999786376953,124.29275512695312,915300
2021-08-04,126.66999816894531,129.02000427246094,126.4000015258789,127.9000015258789,125.43035125732422,1052800
2021-08-05,128.3000030517578,128.5800018310547,126.02999877929688,126.58000183105469,124.1358413696289,912300
2021-08-06,126.11000061035156,127.7300033569336,125.6500015258789,126.87000274658203,124.42024230957031,673700
2021-08-09,127.30000305175781,127.62999725341797,125.5999984741211,125.94000244140625,123.50818634033203,650900
2021-08-10,126.12000274658203,126.72000122070312,120.19000244140625,122.4800033569336,120.11500549316406,1341600
2021-08-11,122.93000030517578,123.05000305175781,118.83000183105469,121.37999725341797,119.03624725341797,1354300
2021-08-12,120.0999984741211,120.12000274658203,118.08999633789062,118.6500015258789,116.35895538330078,1292600
2021-08-13,118.12999725341797,119.16000366210938,117.75,118.75,116.45703125,977700
2021-08-16,118.31999969482422,119.58999633789062,117.30000305175781,118.47000122070312,116.18243408203125,946600
2021-08-17,117.12000274658203,117.43000030517578,114.62000274658203,116.08999633789062,113.84839630126953,1087300
2021-08-18,116.05999755859375,117.61000061035156,113.83000183105469,114.01000213623047,111.80854797363281,1499400
2021-08-19,113.55000305175781,115.08000183105469,112.0,114.20999908447266,112.00469970703125,1433100
2021-08-20,114.37999725341797,115.43000030517578,112.16000366210938,113.55999755859375,111.36725616455078,1478300
2021-08-23,114.1500015258789,117.19999694824219,114.1500015258789,116.6500015258789,114.39759063720703,878300
2021-08-24,117.8499984741211,118.80000305175781,116.5,116.80000305175781,114.5447006225586,976500
2021-08-25,117.08000183105469,118.75,116.91000366210938,118.05999755859375,115.78034973144531,959100
2021-08-26,117.8499984741211,118.80000305175781,116.72000122070312,117.16000366210938,114.89773559570312,613300
2021-08-27,117.55999755859375,122.77999877929688,117.55999755859375,122.5999984741211,120.23267364501953,1406400
2021-08-30,123.45999908447266,124.11000061035156,122.12000274658203,123.20999908447266,120.8309097290039,970800
2021-08-31,123.23999786376953,123.23999786376953,119.81999969482422,121.44000244140625,119.19183349609375,1812900
2021-09-01,122.36000061035156,122.52999877929688,119.5999984741211,119.66999816894531,117.45458984375,1251400
2021-09-02,120.44000244140625,121.62000274658203,120.36000061035156,120.87000274658203,118.63237762451172,821100
2021-09-03,120.58000183105469,122.43000030517578,120.36000061035156,121.87999725341797,119.6236801147461,761900
2021-09-07,122.16000366210938,122.62999725341797,120.06999969482422,120.16000366210938,117.93553924560547,1289400
2021-09-08,120.0,120.38999938964844,118.5,118.83000183105469,116.6301498413086,1271000
2021-09-09,118.77999877929688,120.6500015258789,118.12000274658203,119.16999816894531,116.9638442993164,764400
2021-09-10,120.18000030517578,124.18000030517578,120.18000030517578,120.97000122070312,118.73055267333984,1318800
2021-09-13,121.94000244140625,123.02999877929688,120.12000274658203,122.31999969482422,120.05553436279297,990300
2021-09-14,122.81999969482422,123.2300033569336,120.94000244140625,122.31999969482422,120.05553436279297,1197000
2021-09-15,122.41999816894531,122.51000213623047,120.6500015258789,122.2300033569336,119.9671859741211,966000
2021-09-16,121.52999877929688,123.83000183105469,120.30999755859375,123.13999938964844,120.8603515625,854400
2021-09-17,122.27999877929688,122.91999816894531,119.41999816894531,121.3499984741211,119.103515625,2418000
2021-09-20,118.33999633789062,118.33999633789062,114.66999816894531,116.4800033569336,114.32366943359375,1809900
2021-09-21,117.68000030517578,117.69000244140625,115.56999969482422,115.9800033569336,113.8329086303711,1823400
2021-09-22,116.97000122070312,118.52999877929688,116.16000366210938,118.30999755859375,116.11975860595703,2282600
2021-09-23,119.12999725341797,120.9000015258789,118.62999725341797,119.73999786376953,117.52330780029297,2490700
2021-09-24,118.87000274658203,120.0999984741211,118.43000030517578,119.33000183105469,117.12090301513672,1137200
2021-09-27,118.3499984741211,119.13999938964844,117.11000061035156,117.54000091552734,115.3640365600586,2108100
2021-09-28,115.2699966430664,115.55000305175781,110.30999755859375,111.47000122070312,109.40641021728516,2404900
2021-09-29,112.29000091552734,112.6500015258789,109.08999633789062,109.16999816894531,107.14897155761719,1556000
2021-09-30,110.0,111.52999877929688,109.0999984741211,109.16999816894531,107.14897155761719,1494400
2021-10-01,109.69999694824219,109.98999786376953,107.9800033569336,109.47000122070312,107.44341278076172,1354300
2021-10-04,108.43000030517578,108.69000244140625,105.23999786376953,107.2699966430664,105.28414154052734,2350000
2021-10-05,108.20999908447266,110.25,107.2699966430664,109.4800033569336,107.45323944091797,2581800
2021-10-06,107.87999725341797,109.41000366210938,107.01000213623047,109.0,106.98212432861328,1642600
2021-10-07,112.3499984741211,113.05000305175781,111.19000244140625,111.43000030517578,109.36713409423828,1492100
2021-10-08,111.86000061035156,112.02999877929688,109.19000244140625,109.55999755859375,107.53175354003906,967300
2021-10-11,108.91999816894531,110.41999816894531,107.91999816894531,108.0199966430664,106.02027130126953,897300
2021-10-12,109.77999877929688,109.77999877929688,106.8499984741211,107.3499984741211,105.3626708984375,978100
2021-10-13,108.6500015258789,109.2699966430664,108.0999984741211,108.47000122070312,106.4619369506836,1181200
2021-10-14,111.37999725341797,112.77999877929688,110.4000015258789,112.72000122070312,110.63327026367188,1732400
2021-10-15,114.0,114.83000183105469,113.2300033569336,113.91999816894531,111.81104278564453,1428500
2021-10-18,112.87999725341797,115.86000061035156,112.55999755859375,115.77999877929688,113.63661193847656,1118000
2021-10-19,116.31999969482422,117.13999938964844,115.69999694824219,116.72000122070312,114.55919647216797,1107200
2021-10-20,116.48999786376953,117.05999755859375,115.05000305175781,116.94999694824219,114.78495025634766,884800
2021-10-21,116.26000213623047,117.81999969482422,116.0,117.54000091552734,115.3640365600586,749800
2021-10-22,117.54000091552734,120.80999755859375,115.91000366210938,116.12000274658203,113.97032165527344,1307200
2021-10-25,116.12999725341797,118.68000030517578,115.66999816894531,117.27999877929688,115.10884857177734,1159600
2021-10-26,118.58999633789062,118.86000061035156,115.12999725341797,115.1500015258789,113.01826477050781,1292500
2021-10-27,119.41999816894531,124.83000183105469,117.83000183105469,123.06999969482422,120.79167175292969,3406600
2021-10-28,130.0,138.35000610351562,128.38999938964844,137.00999450683594,134.47360229492188,5711700
2021-10-29,135.2100067138672,138.74000549316406,134.97000122070312,138.24000549316406,135.68084716796875,2347000
2021-11-01,138.17999267578125,139.82000732421875,136.61000061035156,139.61000061035156,137.02545166015625,2050400
2021-11-02,139.35000610351562,139.8000030517578,137.3800048828125,139.35000610351562,136.770263671875,1571400
2021-11-03,140.2100067138672,141.69000244140625,138.60000610351562,140.32000732421875,137.72232055664062,1260000
2021-11-04,140.42999267578125,144.72999572753906,139.22000122070312,144.58999633789062,141.91322326660156,1734100
2021-11-05,145.25999450683594,146.75999450683594,142.2100067138672,144.22000122070312,141.5500946044922,1676500
2021-11-08,144.77000427246094,145.1999969482422,142.3800048828125,143.88999938964844,141.2262420654297,1087300
2021-11-09,144.75,145.72000122070312,143.19000244140625,145.4199981689453,142.72792053222656,1075500
2021-11-10,143.1699981689453,145.42999267578125,141.50999450683594,142.00999450683594,139.38104248046875,1281700
2021-11-11,143.83999633789062,144.3300018310547,141.8300018310547,143.2100067138672,140.55882263183594,717300
2021-11-12,144.00999450683594,146.36000061035156,142.8000030517578,146.19000244140625,143.48362731933594,1009800
2021-11-15,148.10000610351562,149.9499969482422,146.72999572753906,148.1699981689453,145.42697143554688,1361900
2021-11-16,148.27999877929688,151.52000427246094,147.57000732421875,151.24000549316406,148.44012451171875,1247000
2021-11-17,152.3699951171875,153.72999572753906,150.89999389648438,151.61000061035156,148.80328369140625,1847900
2021-11-18,152.42999267578125,152.7100067138672,149.7899932861328,150.85000610351562,148.05734252929688,997800
2021-11-19,150.24000549316406,153.4499969482422,149.4499969482422,151.27000427246094,148.46958923339844,822700
2021-11-22,152.0800018310547,154.5,149.2899932861328,149.3800048828125,146.6145782470703,1078300
2021-11-23,147.72999572753906,150.50999450683594,145.61000061035156,149.10000610351562,146.4377899169922,879200
2021-11-24,147.66000366210938,150.91000366210938,146.55999755859375,150.8300018310547,148.13690185546875,983100
2021-11-26,148.35000610351562,151.39999389648438,145.4199981689453,146.35000610351562,143.73690795898438,911000
2021-11-29,149.52000427246094,154.8699951171875,146.50999450683594,154.4499969482422,151.69229125976562,1813000
2021-11-30,153.86000061035156,154.8699951171875,150.75999450683594,152.8699951171875,150.14048767089844,2158800
2021-12-01,155.75999450683594,158.22000122070312,152.1300048828125,152.35000610351562,149.62977600097656,1603800
2021-12-02,149.52000427246094,152.35000610351562,147.2100067138672,150.94000244140625,148.24493408203125,1683700
2021-12-03,153.0500030517578,155.0,149.07000732421875,150.55999755859375,147.87171936035156,1565300
2021-12-06,151.30999755859375,153.92999267578125,144.91000366210938,152.61000061035156,149.88511657714844,1926400
2021-12-07,154.27999877929688,159.8800048828125,154.27999877929688,159.11000061035156,156.26905822753906,1700200
2021-12-08,159.11000061035156,160.64999389648438,157.11000061035156,160.41000366210938,157.5458526611328,933100
2021-12-09,159.10000610351562,161.5399932861328,156.49000549316406,156.57000732421875,153.77444458007812,1059500
2021-12-10,159.5,159.94000244140625,154.77999877929688,159.75999450683594,156.90740966796875,1116100
2021-12-13,160.52999877929688,160.5500030517578,155.13999938964844,155.36000061035156,152.58599853515625,1520100
2021-12-14,153.88999938964844,156.30999755859375,152.02000427246094,155.94000244140625,153.1556396484375,1076300
2021-12-15,158.0,162.25999450683594,154.3000030517578,161.9600067138672,159.06820678710938,1482900
2021-12-16,162.6199951171875,163.02999877929688,156.14999389648438,158.3000030517578,155.47354125976562,2106900
2021-12-17,157.32000732421875,160.75,154.4199981689453,156.25999450683594,153.46994018554688,3282900
2021-12-20,155.08999633789062,158.1199951171875,154.89999389648438,155.7100067138672,152.92977905273438,2367200
2021-12-21,157.58999633789062,160.5500030517578,156.02000427246094,160.36000061035156,157.4967498779297,1338800
2021-12-22,159.25999450683594,160.99000549316406,158.82000732421875,160.89999389648438,158.027099609375,1013900
2021-12-23,161.1199951171875,164.11000061035156,161.1199951171875,162.74000549316406,159.83424377441406,2040000
2021-12-27,164.0,168.91000366210938,163.5,168.55999755859375,165.5503387451172,1019200
2021-12-28,168.5,168.91000366210938,164.4499969482422,164.61000061035156,161.6708526611328,1107100
2021-12-29,164.77999877929688,167.44000244140625,164.77999877929688,166.77000427246094,163.7922821044922,569700
2021-12-30,166.77000427246094,166.77000427246094,163.33999633789062,163.72000122070312,160.79678344726562,932300
2021-12-31,164.5399932861328,165.85000610351562,163.3000030517578,163.52999877929688,160.6101531982422,1062700
2022-01-03,164.86000061035156,167.13999938964844,162.80999755859375,166.11000061035156,163.1440887451172,1724800
2022-01-04,166.14999389648438,167.2899932861328,160.42999267578125,166.3800048828125,163.4092559814453,1357400
2022-01-05,164.2100067138672,166.75,160.24000549316406,160.25,157.3887176513672,1904500
2022-01-06,159.7899932861328,164.7100067138672,158.7100067138672,163.47999572753906,160.56100463867188,1540900
2022-01-07,162.57000732421875,163.94000244140625,156.86000061035156,158.27000427246094,155.444091796875,1473500
2022-01-10,155.8000030517578,156.75999450683594,150.47999572753906,156.61000061035156,153.81370544433594,1635400
2022-01-11,155.66000366210938,160.86000061035156,153.8699951171875,160.5399932861328,157.67352294921875,1329800
2022-01-12,162.24000549316406,164.5,161.22000122070312,162.89999389648438,159.99139404296875,817600
2022-01-13,165.61000061035156,167.69000244140625,157.42999267578125,158.25,155.42442321777344,1172300
2022-01-14,157.1999969482422,164.7100067138672,156.7100067138672,164.57000732421875,161.631591796875,1367200
2022-01-18,160.94000244140625,161.58999633789062,155.24000549316406,155.55999755859375,152.78245544433594,1878000
2022-01-19,156.25,158.47000122070312,148.14999389648438,148.32000732421875,145.67172241210938,1696000
2022-01-20,150.36000061035156,152.83999633789062,145.2899932861328,145.47999572753906,142.88243103027344,1377700
2022-01-21,145.0,148.66000366210938,142.47999572753906,143.38999938964844,140.8297576904297,1785600
2022-01-24,138.72999572753906,147.6199951171875,137.5800018310547,147.44000244140625,144.80746459960938,2218200
2022-01-25,142.67999267578125,143.80999755859375,138.0399932861328,138.2899932861328,135.82080078125,2198200
2022-01-26,143.55999755859375,147.94000244140625,139.91000366210938,143.3699951171875,140.8101043701172,2512400
2022-01-27,110.5199966430664,112.4000015258789,102.51000213623047,111.23999786376953,109.2537841796875,17003100
2022-01-28,107.9000015258789,112.19999694824219,105.5,112.12000274658203,110.11807250976562,6017200
2022-01-31,111.97000122070312,117.94000244140625,111.61000061035156,117.43000030517578,115.3332748413086,3923900
2022-02-01,118.33999633789062,119.16999816894531,114.12000274658203,116.87999725341797,114.79309844970703,2107200
2022-02-02,117.41999816894531,120.58000183105469,114.66000366210938,117.22000122070312,115.12702941894531,2579800
2022-02-03,113.97000122070312,116.66999816894531,111.72000122070312,111.86000061035156,109.86272430419922,2293300
2022-02-04,111.45999908447266,115.23999786376953,110.16999816894531,114.01000213623047,111.97433471679688,1720900
2022-02-07,114.1500015258789,116.30000305175781,113.58999633789062,114.2300033569336,112.19041442871094,1878500
2022-02-08,113.25,116.91000366210938,112.86000061035156,116.38999938964844,114.31183624267578,1669700
2022-02-09,117.87000274658203,121.88999938964844,117.02999877929688,121.37000274658203,119.20294189453125,1709800
2022-02-10,118.08999633789062,122.19999694824219,116.83999633789062,117.33000183105469,115.23506164550781,2215300
2022-02-11,117.33999633789062,118.66999816894531,111.83000183105469,113.08999633789062,111.07076263427734,1703100
2022-02-14,113.0,116.88999938964844,111.08999633789062,112.30999755859375,110.3046875,1496300
2022-02-15,114.16000366210938,118.51000213623047,114.05999755859375,118.0999984741211,115.99130249023438,2002800
2022-02-16,116.81999969482422,119.98999786376953,115.80000305175781,119.11000061035156,116.9832763671875,1151400
2022-02-17,117.16999816894531,118.33999633789062,115.81999969482422,116.0,114.03411102294922,1614400
2022-02-18,116.18000030517578,116.4000015258789,112.83000183105469,114.83000183105469,112.88394927978516,1517400
2022-02-22,113.62999725341797,117.22000122070312,112.5199966430664,113.80999755859375,111.88121795654297,1496700
2022-02-23,114.5,116.0,111.23999786376953,111.5199966430664,109.6300277709961,1528200
2022-02-24,107.11000061035156,117.5199966430664,107.11000061035156,117.38999938964844,115.40055847167969,2008000
2022-02-25,117.08999633789062,120.13999938964844,114.87999725341797,120.04000091552734,118.00564575195312,1738300
2022-02-28,119.41999816894531,119.55000305175781,115.29000091552734,117.91999816894531,115.92156219482422,1887000
2022-03-01,117.73999786376953,118.29000091552734,113.29000091552734,114.55999755859375,112.6185073852539,1715500
2022-03-02,115.22000122070312,118.13999938964844,114.81999969482422,117.30000305175781,115.31207275390625,1323700
2022-03-03,116.4800033569336,117.27999877929688,112.25,114.16999816894531,112.23512268066406,1333500
2022-03-04,112.77999877929688,113.76000213623047,110.04000091552734,111.75,109.85614013671875,1320300
2022-03-07,112.86000061035156,113.88999938964844,106.33000183105469,106.41999816894531,104.6164779663086,2315200
2022-03-08,107.41000366210938,111.7300033569336,105.36000061035156,107.55000305175781,105.72733306884766,1877100
2022-03-09,111.12000274658203,113.02999877929688,109.41999816894531,111.75,109.85614013671875,2146600
2022-03-10,109.5999984741211,110.70999908447266,107.56999969482422,109.95999908447266,108.09648895263672,1356700
2022-03-11,112.01000213623047,112.23999786376953,106.77999877929688,106.87999725341797,105.06866455078125,2030700
2022-03-14,107.68000030517578,111.94000244140625,104.31999969482422,105.56999969482422,103.7808837890625,2014300
2022-03-15,106.54000091552734,111.01000213623047,106.2699966430664,110.51000213623047,108.63716125488281,1523200
2022-03-16,112.20999908447266,116.9800033569336,111.97000122070312,116.75,114.77140045166016,2341300
2022-03-17,115.41000366210938,120.66000366210938,114.68000030517578,120.5999984741211,118.55615997314453,2140800
2022-03-18,118.9800033569336,123.80999755859375,118.62000274658203,122.94999694824219,120.8663330078125,4074600
2022-03-21,121.77999877929688,123.44000244140625,119.18000030517578,120.94000244140625,118.8904037475586,1256400
2022-03-22,121.37000274658203,122.6500015258789,120.16000366210938,121.0,118.94937133789062,1070900
2022-03-23,119.80000305175781,120.80000305175781,116.18000030517578,116.51000213623047,114.53548431396484,1289500
2022-03-24,118.02999877929688,122.69999694824219,117.16999816894531,122.69000244140625,120.61073303222656,1533100
2022-03-25,122.87999725341797,124.19000244140625,120.69000244140625,124.04000091552734,121.93785858154297,1260400
2022-03-28,120.93000030517578,123.27999877929688,120.05000305175781,122.95999908447266,120.87615203857422,2021700
2022-03-29,125.25,127.29000091552734,122.54000091552734,125.37000274658203,123.2453384399414,1427200
2022-03-30,124.47000122070312,124.86000061035156,120.5,121.02999877929688,118.97886657714844,1536600
2022-03-31,121.29000091552734,122.63999938964844,118.19000244140625,118.2300033569336,116.22632598876953,1659200
2022-04-01,119.56999969482422,119.83000183105469,114.76000213623047,116.37000274658203,114.39783477783203,1402900
2022-04-04,116.93000030517578,120.19999694824219,116.93000030517578,118.94000244140625,116.92427825927734,1077400
2022-04-05,117.98999786376953,118.16999816894531,111.4000015258789,111.91000366210938,110.01343536376953,1951400
2022-04-06,110.0,112.97000122070312,109.06999969482422,111.19999694824219,109.31548309326172,1665600
2022-04-07,110.7699966430664,113.62999725341797,109.5,111.41999816894531,109.53172302246094,1284900
2022-04-08,110.70999908447266,110.97000122070312,108.51000213623047,108.66000366210938,106.81851196289062,1238000
2022-04-11,107.33999633789062,108.83000183105469,106.70999908447266,107.23999786376953,105.42256927490234,1428400
2022-04-12,109.29000091552734,111.33999633789062,107.16000366210938,108.18000030517578,106.34664154052734,1457100
2022-04-13,109.16999816894531,111.27999877929688,107.56999969482422,109.61000061035156,107.75242614746094,2537200
2022-04-14,110.16999816894531,110.44999694824219,106.0,106.0199966430664,104.22325134277344,1193100
2022-04-18,105.83999633789062,108.80000305175781,105.38999938964844,108.13999938964844,106.30731201171875,1426200
2022-04-19,108.62000274658203,112.97000122070312,107.30999755859375,112.61000061035156,110.7015609741211,1620700
2022-04-20,114.5999984741211,117.41999816894531,112.86000061035156,112.9000015258789,110.98664855957031,1727800
2022-04-21,114.83000183105469,116.56999969482422,110.91999816894531,111.19999694824219,109.31548309326172,1275700
2022-04-22,110.8499984741211,112.45999908447266,108.98999786376953,109.19999694824219,107.349365234375,1613600
2022-04-25,108.5999984741211,112.69999694824219,108.0,112.56999969482422,110.66224670410156,1989900
2022-04-26,111.02999877929688,111.12000274658203,107.63999938964844,107.69000244140625,105.86495208740234,2395600
2022-04-27,110.47000122070312,115.4800033569336,105.58000183105469,106.31999969482422,104.5181655883789,3966200
2022-04-28,108.69000244140625,113.63999938964844,105.94000244140625,111.68000030517578,109.78731536865234,2679300
2022-04-29,109.6500015258789,112.05999755859375,105.23999786376953,105.45999908447266,103.67273712158203,1907100
2022-05-02,105.62000274658203,109.11000061035156,104.12999725341797,108.56999969482422,106.73003387451172,1731200
2022-05-03,108.06999969482422,110.87000274658203,106.8499984741211,109.33999633789062,107.48697662353516,1192800
2022-05-04,109.5,114.19000244140625,107.13999938964844,114.16999816894531,112.23512268066406,1992700
2022-05-05,111.80000305175781,113.72000122070312,106.86000061035156,108.51000213623047,106.67106628417969,2141900
2022-05-06,107.16000366210938,108.5999984741211,104.52999877929688,105.91999816894531,104.12493896484375,1325700
2022-05-09,104.29000091552734,105.22000122070312,99.81999969482422,100.22000122070312,98.52155303955078,2099000
2022-05-10,103.47000122070312,104.44000244140625,99.86000061035156,102.45999908447266,100.72356414794922,1718500
2022-05-11,101.12000274658203,104.62000274658203,100.30000305175781,100.41999816894531,98.7181625366211,1661300
2022-05-12,99.19000244140625,102.23999786376953,98.63999938964844,101.86000061035156,100.13375091552734,1823300
2022-05-13,103.87000274658203,108.41999816894531,103.19000244140625,107.3499984741211,105.53069305419922,1570100
2022-05-16,105.97000122070312,106.5,103.37000274658203,103.5199966430664,101.76561737060547,1212300
2022-05-17,106.22000122070312,108.86000061035156,104.94000244140625,108.51000213623047,106.67106628417969,1492900
2022-05-18,106.43000030517578,108.33999633789062,102.5,102.80000305175781,101.05782318115234,1555500
2022-05-19,102.4000015258789,105.54000091552734,102.01000213623047,102.18000030517578,100.44832611083984,1482600
2022-05-20,104.61000061035156,105.06999969482422,97.62999725341797,102.37000274658203,100.63511657714844,2132100
2022-05-23,102.47000122070312,104.36000061035156,101.61000061035156,102.88999938964844,101.14630889892578,1290200
2022-05-24,101.51000213623047,102.01000213623047,97.9800033569336,99.19000244140625,97.61337280273438,1736400
2022-05-25,98.12999725341797,101.51000213623047,97.95999908447266,100.2300033569336,98.63683319091797,1560500
2022-05-26,100.16999816894531,105.45999908447266,99.16000366210938,104.94000244140625,103.27197265625,1539000
2022-05-27,106.2699966430664,109.43000030517578,106.2699966430664,109.4000015258789,107.66105651855469,1688700
2022-05-31,109.0,110.06999969482422,107.12000274658203,109.26000213623047,107.52330780029297,1948400
2022-06-01,109.41999816894531,110.37999725341797,105.33999633789062,106.63999938964844,104.9449462890625,1453900
2022-06-02,106.43000030517578,110.62000274658203,105.7300033569336,110.58000183105469,108.82231140136719,1091300
2022-06-03,108.41999816894531,108.66999816894531,106.87999725341797,107.43000030517578,105.7223892211914,1099000
2022-06-06,109.08000183105469,109.72000122070312,106.58000183105469,106.80999755859375,105.11222839355469,808100
2022-06-07,105.2699966430664,108.7300033569336,104.5199966430664,108.5199966430664,106.79505157470703,1046800
2022-06-08,107.91999816894531,108.16999816894531,104.73999786376953,105.11000061035156,103.43926239013672,1610600
2022-06-09,103.75,105.31999969482422,101.0999984741211,101.19000244140625,99.58159637451172,1436400
2022-06-10,99.55999755859375,100.29000091552734,96.83000183105469,96.97000122070312,95.42864990234375,2152900
2022-06-13,93.5999984741211,94.58999633789062,90.45999908447266,91.23999786376953,89.78972625732422,2939400
2022-06-14,92.05999755859375,92.69000244140625,89.68000030517578,90.91000366210938,89.46498107910156,1742200
2022-06-15,92.37999725341797,94.38999938964844,90.45999908447266,92.44000244140625,90.97064971923828,1756000
2022-06-16,89.97000122070312,90.05999755859375,85.66000366210938,86.94999694824219,85.56792449951172,2837100
2022-06-17,87.33000183105469,89.69999694824219,86.61000061035156,89.05999755859375,87.64437866210938,4165300
2022-06-21,90.93000030517578,93.23999786376953,90.7699966430664,91.37999725341797,89.92749786376953,1699000
2022-06-22,89.55000305175781,92.4000015258789,89.29000091552734,91.33999633789062,89.88813781738281,1541000
2022-06-23,91.7300033569336,92.68000030517578,90.81999969482422,91.94000244140625,90.47859954833984,1268200
2022-06-24,93.6500015258789,97.25,93.05999755859375,97.12000274658203,95.57626342773438,2756800
2022-06-27,98.0999984741211,98.98999786376953,96.4000015258789,97.95999908447266,96.4029312133789,1542300
2022-06-28,98.01000213623047,99.25,94.9000015258789,95.2300033569336,93.71630859375,2352400
2022-06-29,93.25,93.47000122070312,88.5199966430664,90.25,88.81547546386719,2642700
2022-06-30,89.48999786376953,91.69999694824219,88.26000213623047,89.55000305175781,88.12657928466797,2458000
2022-07-01,88.68000030517578,89.0999984741211,84.22000122070312,85.80000305175781,84.43621826171875,1965300
2022-07-05,82.97000122070312,87.02999877929688,82.97000122070312,86.80999755859375,85.43013763427734,1686200
2022-07-06,87.19000244140625,89.4000015258789,86.69000244140625,87.98999786376953,86.59139251708984,1434700
2022-07-07,90.0,91.86000061035156,89.83999633789062,91.5199966430664,90.06526947021484,1766900
2022-07-08,90.30000305175781,92.43000030517578,89.8499984741211,92.08000183105469,90.61639404296875,1056800
2022-07-11,90.69000244140625,91.18000030517578,89.05999755859375,89.94000244140625,88.51040649414062,1333500
2022-07-12,90.95999908447266,91.2699966430664,89.12000274658203,89.66999816894531,88.24467468261719,1023400
2022-07-13,88.05999755859375,91.6500015258789,87.44999694824219,90.02999877929688,88.59896087646484,1282600
2022-07-14,90.0,92.41000366210938,88.0199966430664,91.91000366210938,90.44908142089844,1196700
2022-07-15,92.80000305175781,93.7699966430664,91.0199966430664,93.75,92.25983428955078,1100900
2022-07-18,94.8499984741211,96.44000244140625,92.55000305175781,93.29000091552734,91.8071517944336,1489000
2022-07-19,94.77999877929688,99.44000244140625,94.68000030517578,99.2300033569336,97.6527328491211,1815400
2022-07-20,99.12999725341797,102.79000091552734,98.83000183105469,101.79000091552734,100.17203521728516,2154900
2022-07-21,102.69999694824219,102.83000183105469,100.47000122070312,102.7699966430664,101.1364517211914,1072600
2022-07-22,102.16999816894531,102.51000213623047,98.7699966430664,100.45999908447266,98.8631820678711,1610400
2022-07-25,99.76000213623047,100.30000305175781,98.41000366210938,100.0999984741211,98.5088882446289,1639400
2022-07-26,99.33000183105469,100.58999633789062,97.55000305175781,98.1500015258789,96.58988952636719,2045400
2022-07-27,91.19000244140625,98.83999633789062,89.29000091552734,97.94000244140625,96.38323974609375,5071300
2022-07-28,96.9000015258789,99.08999633789062,93.4800033569336,98.94999694824219,97.37716674804688,2688600
2022-07-29,98.9000015258789,101.18000030517578,97.7300033569336,100.88999938964844,99.28633880615234,1680800
2022-08-01,99.9000015258789,101.5199966430664,99.0,100.30000305175781,98.70572662353516,1431600
2022-08-02,99.83999633789062,101.19999694824219,98.7699966430664,98.94000244140625,97.36732482910156,1265000
2022-08-03,99.36000061035156,102.30999755859375,98.98999786376953,101.41999816894531,99.80790710449219,1481200
2022-08-04,101.63999938964844,102.72000122070312,100.9800033569336,101.70999908447266,100.09331512451172,1327100
2022-08-05,100.29000091552734,102.12999725341797,98.69000244140625,100.75,99.1485595703125,1668500
2022-08-08,100.16999816894531,101.5,97.83999633789062,99.73999786376953,98.15460968017578,1775600
2022-08-09,97.58000183105469,98.16000366210938,91.0999984741211,92.83000183105469,91.3544692993164,3039200
2022-08-10,95.72000122070312,99.30000305175781,94.76000213623047,99.12000274658203,97.54447174072266,2157000
2022-08-11,100.0199966430664,102.86000061035156,99.56999969482422,99.9000015258789,98.31207275390625,1150700
2022-08-12,100.29000091552734,105.25,100.12999725341797,104.33999633789062,102.68150329589844,1987800
2022-08-15,103.98999786376953,104.5999984741211,101.91000366210938,102.9000015258789,101.2643814086914,815500
2022-08-16,102.47000122070312,102.93000030517578,100.93000030517578,101.58000183105469,99.96537780761719,834300
2022-08-17,100.29000091552734,101.11000061035156,98.61000061035156,100.45999908447266,98.8631820678711,1329400
2022-08-18,100.4000015258789,101.58999633789062,100.0,100.93000030517578,99.32569885253906,1608800
2022-08-19,99.30999755859375,100.37000274658203,96.62000274658203,96.8499984741211,95.31057739257812,1741300
2022-08-22,94.5999984741211,94.91999816894531,91.70999908447266,92.41999816894531,90.95098114013672,1899300
2022-08-23,92.66000366210938,94.56999969482422,92.5,92.9800033569336,91.50206756591797,885200
2022-08-24,93.2300033569336,93.55999755859375,91.86000061035156,92.56999969482422,91.09857177734375,1209900
2022-08-25,92.76000213623047,96.4000015258789,92.69999694824219,96.33000183105469,94.79882049560547,1347100
2022-08-26,96.37999725341797,96.44999694824219,89.88999938964844,90.16000366210938,88.72687530517578,2249900
2022-08-29,89.44000244140625,90.66999816894531,87.5199966430664,87.62999725341797,86.23711395263672,1251400
2022-08-30,88.30999755859375,88.5999984741211,84.94999694824219,85.72000122070312,84.46349334716797,2527800
2022-08-31,86.6500015258789,86.6500015258789,83.81999969482422,84.63999938964844,83.39933013916016,2072300
2022-09-01,82.93000030517578,83.06999969482422,80.41000366210938,82.77999877929688,81.56658172607422,2502200
2022-09-02,84.43000030517578,85.2699966430664,82.25,83.04000091552734,81.82278442382812,1353600
2022-09-06,82.70999908447266,84.12000274658203,81.86000061035156,82.91999816894531,81.70452117919922,1349700
2022-09-07,82.75,85.55999755859375,82.55000305175781,85.0199966430664,83.77375030517578,1715300
2022-09-08,83.87999725341797,86.44000244140625,83.06999969482422,86.13999938964844,84.87732696533203,1400000
2022-09-09,87.5,90.01000213623047,87.36000061035156,88.83999633789062,87.53776550292969,1804600
2022-09-12,88.83999633789062,88.88999938964844,86.72000122070312,87.37999725341797,86.09916687011719,1902900
2022-09-13,83.94000244140625,84.91999816894531,82.94000244140625,83.16000366210938,81.94100952148438,2477400
2022-09-14,83.88999938964844,84.12000274658203,82.26000213623047,83.63999938964844,82.41398620605469,1372900
2022-09-15,83.12999725341797,84.22000122070312,81.4000015258789,82.3499984741211,81.14286804199219,1810400
2022-09-16,81.5199966430664,82.45999908447266,80.41999816894531,82.0999984741211,80.89654541015625,3571000
2022-09-19,81.23999786376953,83.05000305175781,80.91000366210938,82.48999786376953,81.28083801269531,1534800
2022-09-20,81.41000366210938,81.7699966430664,79.75,80.83999633789062,79.65502166748047,1674800
2022-09-21,81.04000091552734,84.58999633789062,80.91999816894531,80.97000122070312,79.78311920166016,1782600
2022-09-22,80.58999633789062,81.11000061035156,78.81999969482422,79.79000091552734,78.62041473388672,1955800
2022-09-23,79.0999984741211,79.73999786376953,77.30999755859375,79.19000244140625,78.02921295166016,1909800
2022-09-26,79.19999694824219,80.44000244140625,77.1500015258789,77.20999908447266,76.07823944091797,1427100
2022-09-27,79.06999969482422,79.69999694824219,77.19999694824219,78.37000274658203,77.22122955322266,1570700
2022-09-28,77.9000015258789,79.27999877929688,77.52999877929688,78.94999694824219,77.79273223876953,1619100
2022-09-29,77.66000366210938,78.06999969482422,76.18000030517578,77.16999816894531,76.03881072998047,1601000
2022-09-30,75.66000366210938,77.18000030517578,75.01000213623047,75.1500015258789,74.04842376708984,1744800
2022-10-03,76.16999816894531,79.7300033569336,75.47000122070312,78.69000244140625,77.53654479980469,2160200
2022-10-04,80.83999633789062,82.2300033569336,80.44000244140625,81.66999816894531,80.47285461425781,1493800
2022-10-05,80.0,82.83999633789062,79.23999786376953,81.94999694824219,80.74874114990234,1193800
2022-10-06,81.76000213623047,83.19999694824219,81.0,82.01000213623047,80.80787658691406,1216200
2022-10-07,79.63999938964844,80.16000366210938,76.6500015258789,77.33000183105469,76.19647216796875,2321800
2022-10-10,77.61000061035156,77.61000061035156,74.75,76.11000061035156,74.99434661865234,1701400
2022-10-11,74.8499984741211,75.91999816894531,72.86000061035156,74.0199966430664,72.93499755859375,1761600
2022-10-12,73.87999725341797,74.16000366210938,71.94000244140625,72.0,70.94461059570312,1928300
2022-10-13,69.01000213623047,75.8499984741211,67.80999755859375,75.11000061035156,74.00901794433594,3403800
2022-10-14,76.06999969482422,77.13999938964844,71.19999694824219,71.37000274658203,70.32384490966797,2410300
2022-10-17,73.55000305175781,73.94999694824219,71.12000274658203,71.51000213623047,70.46178436279297,2107000
2022-10-18,74.08000183105469,74.5199966430664,71.11000061035156,72.77999877929688,71.71318054199219,1717100
2022-10-19,72.55000305175781,74.2699966430664,72.18000030517578,73.18000030517578,72.10731506347656,1524300
2022-10-20,73.55000305175781,75.5999984741211,73.16999816894531,73.94999694824219,72.86602020263672,1455900
2022-10-21,74.18000030517578,77.44000244140625,73.7300033569336,77.2699966430664,76.13734436035156,2158500
2022-10-24,77.94000244140625,78.2699966430664,76.62999725341797,77.45999908447266,76.32456970214844,2094900
2022-10-25,78.1500015258789,80.25,78.11000061035156,79.6500015258789,78.48248291015625,2186600
2022-10-26,79.6500015258789,85.19999694824219,78.66999816894531,82.25,81.04436492919922,4210700
2022-10-27,83.18000030517578,84.29000091552734,79.79000091552734,79.86000061035156,78.68938446044922,2147500
2022-10-28,79.91999816894531,83.63999938964844,79.91999816894531,83.3499984741211,82.12823486328125,1665100
2022-10-31,82.44999694824219,82.83999633789062,80.62000274658203,81.3499984741211,80.15753936767578,1499000
2022-11-01,83.27999877929688,83.58000183105469,81.66999816894531,82.22000122070312,81.01480865478516,1220700
2022-11-02,82.25,83.75,79.18000030517578,79.44000244140625,78.27554321289062,1959700
2022-11-03,78.08999633789062,80.91999816894531,77.27999877929688,80.08999633789062,78.916015625,1359100
2022-11-04,82.75,84.83000183105469,81.30999755859375,84.72000122070312,83.47814178466797,2344900
2022-11-07,85.7699966430664,85.91000366210938,83.27999877929688,85.54000091552734,84.28614044189453,1737500
2022-11-08,86.5999984741211,87.20999908447266,84.73999786376953,86.44999694824219,85.18278503417969,2087300
2022-11-09,84.91999816894531,85.79000091552734,84.11000061035156,84.37000274658203,83.13330078125,1639700
2022-11-10,90.0,93.41999816894531,88.70999908447266,93.33000183105469,91.96194458007812,2472700
2022-11-11,93.29000091552734,96.88999938964844,92.6500015258789,96.30999755859375,94.89826965332031,1716400
2022-11-14,94.83000183105469,96.41000366210938,94.04000091552734,94.13999938964844,92.76006317138672,1254600
2022-11-15,97.37999725341797,97.73999786376953,94.76000213623047,96.58999633789062,95.17414093017578,1581800
2022-11-16,93.58999633789062,94.6500015258789,91.02999877929688,91.4800033569336,90.13905334472656,2188800
2022-11-17,88.80999755859375,92.91000366210938,88.55999755859375,92.51000213623047,91.15396881103516,1346500
2022-11-18,94.08000183105469,94.23999786376953,91.36000061035156,92.9000015258789,91.5382308959961,1507500
2022-11-21,91.62999725341797,91.80000305175781,90.5999984741211,91.0999984741211,89.76463317871094,1014400
2022-11-22,92.19000244140625,93.0199966430664,90.6500015258789,92.93000030517578,91.56780242919922,1401900
2022-11-23,93.12999725341797,95.55999755859375,92.62999725341797,94.02999877929688,92.65167236328125,883000
2022-11-25,93.08000183105469,93.69999694824219,92.58000183105469,92.58999633789062,91.33964538574219,530300
2022-11-28,91.2699966430664,92.25,89.70999908447266,90.22000122070312,89.00164031982422,1306600
2022-11-29,90.13999938964844,90.87000274658203,88.87000274658203,89.19000244140625,87.98555755615234,1099900
2022-11-30,89.66999816894531,93.4800033569336,87.86000061035156,93.44999694824219,92.18802642822266,2426400
2022-12-01,94.37000274658203,94.61000061035156,90.41000366210938,92.29000091552734,91.04370880126953,1552900
2022-12-02,90.11000061035156,92.80999755859375,90.0,92.66999816894531,91.4185562133789,1177200
2022-12-05,92.1500015258789,93.80000305175781,91.66000366210938,93.38999938964844,92.12884521484375,1617000
2022-12-06,93.36000061035156,93.43000030517578,89.5,90.38999938964844,89.16935729980469,1333600
2022-12-07,89.4800033569336,91.47000122070312,89.04000091552734,91.36000061035156,90.12625885009766,1444600
2022-12-08,92.16999816894531,95.12999725341797,91.69000244140625,94.79000091552734,93.50993347167969,1619900
2022-12-09,93.18000030517578,94.83999633789062,92.3499984741211,92.41000366210938,91.1620864868164,2039300
2022-12-12,91.87000274658203,94.8499984741211,91.41999816894531,94.58999633789062,93.31262969970703,1210200
2022-12-13,98.7699966430664,99.1500015258789,95.30999755859375,96.51000213623047,95.20669555664062,1553800
2022-12-14,95.79000091552734,97.2699966430664,93.13999938964844,94.1500015258789,92.87858581542969,1462900
2022-12-15,92.30000305175781,92.51000213623047,88.30000305175781,88.5199966430664,87.3246078491211,2566800
2022-12-16,88.01000213623047,89.51000213623047,87.19000244140625,89.0199966430664,87.81787109375,3091200
2022-12-19,89.41999816894531,89.5,86.55000305175781,88.4000015258789,87.20622253417969,1323600
2022-12-20,86.91999816894531,89.72000122070312,86.58999633789062,87.79000091552734,86.6044692993164,1314300
2022-12-21,88.66000366210938,90.0199966430664,88.31999969482422,89.75,88.53800201416016,1543600
2022-12-22,87.61000061035156,87.61000061035156,83.75,86.11000061035156,84.9471664428711,2146800
2022-12-23,85.44999694824219,86.61000061035156,84.37000274658203,86.55999755859375,85.39106750488281,858600
2022-12-27,85.62999725341797,86.02999877929688,84.01000213623047,84.76000213623047,83.6153793334961,1156000
2022-12-28,84.01000213623047,85.4000015258789,83.30999755859375,84.23999786376953,83.10240936279297,990300
2022-12-29,86.05999755859375,88.12999725341797,85.25,87.48999786376953,86.30851745605469,1137300
2022-12-30,85.83999633789062,87.45999908447266,85.3499984741211,87.3499984741211,86.17041015625,677400
2023-01-03,88.8499984741211,89.16000366210938,85.55000305175781,85.93000030517578,84.76956939697266,1033200
2023-01-04,87.23999786376953,87.87999725341797,85.75,87.41999816894531,86.23947143554688,2025400
2023-01-05,86.83999633789062,88.41999816894531,85.94999694824219,87.12000274658203,85.94352722167969,998700
2023-01-06,88.27999877929688,91.80000305175781,87.7300033569336,91.23999786376953,90.00787353515625,1444500
2023-01-09,92.94000244140625,95.83000183105469,92.37000274658203,93.20999908447266,91.95127868652344,1654500
2023-01-10,93.44000244140625,95.44999694824219,92.80999755859375,94.77999877929688,93.50006103515625,1160400
2023-01-11,95.08999633789062,96.36000061035156,93.75,96.33999633789062,95.03900146484375,870000
2023-01-12,97.06999969482422,97.06999969482422,93.97000122070312,96.13999938964844,94.84171295166016,1165700
2023-01-13,95.5,98.23999786376953,95.2699966430664,97.44000244140625,96.1241455078125,1464500
2023-01-17,97.3499984741211,97.8499984741211,95.45999908447266,96.63999938964844,95.33494567871094,1668200
2023-01-18,97.30999755859375,98.44000244140625,95.80999755859375,95.91000366210938,94.61482238769531,1326800
2023-01-19,94.83999633789062,95.25,92.5999984741211,93.8499984741211,92.58262634277344,1542600
2023-01-20,95.4000015258789,97.55000305175781,94.44999694824219,97.52999877929688,96.21293640136719,1421100
2023-01-23,98.13999938964844,104.47000122070312,97.9000015258789,103.5,102.1023178100586,2617700
2023-01-24,102.0,103.23999786376953,101.8499984741211,103.0199966430664,101.6287841796875,1193300
2023-01-25,100.54000091552734,103.58999633789062,100.25,103.44000244140625,102.04312896728516,1501200
2023-01-26,99.70999908447266,104.97000122070312,98.26000213623047,103.66999816894531,102.27000427246094,3941600
2023-01-27,101.55999755859375,104.22000122070312,99.33000183105469,103.44000244140625,102.04312896728516,2593000
2023-01-30,102.08000183105469,102.58999633789062,100.0199966430664,100.16999816894531,98.8172836303711,2067200
2023-01-31,100.0,101.72000122070312,99.01000213623047,101.69999694824219,100.32662963867188,1973300
2023-02-01,102.19000244140625,108.7699966430664,101.93000030517578,107.98999786376953,106.53169250488281,2784100
2023-02-02,109.9000015258789,112.05999755859375,109.41000366210938,111.54000091552734,110.03373718261719,2352900
2023-02-03,108.4000015258789,110.7300033569336,107.06999969482422,107.98999786376953,106.53169250488281,1608800
2023-02-06,107.43000030517578,108.5,106.37000274658203,106.94999694824219,105.5057144165039,1411500
2023-02-07,106.91999816894531,110.88999938964844,106.80999755859375,110.19999694824219,108.71183776855469,1824000
2023-02-08,108.45999908447266,110.30999755859375,107.27999877929688,107.62999725341797,106.17654418945312,1129800
2023-02-09,109.36000061035156,110.27999877929688,106.73999786376953,107.66000366210938,106.20614624023438,1906400
2023-02-10,106.31999969482422,106.86000061035156,104.29000091552734,105.55999755859375,104.13448333740234,1414800
2023-02-13,105.87999725341797,107.5999984741211,105.36000061035156,106.75,105.30844116210938,1303800
2023-02-14,105.66000366210938,108.3499984741211,105.06999969482422,108.01000213623047,106.5514144897461,1779300
2023-02-15,106.43000030517578,108.52999877929688,105.7699966430664,108.45999908447266,106.99534606933594,1202400
2023-02-16,107.0,107.79000091552734,106.13999938964844,106.30000305175781,104.97096252441406,1613900
2023-02-17,106.0,106.62000274658203,103.63999938964844,105.25,103.93408203125,1151500
2023-02-21,103.44000244140625,104.33999633789062,101.02999877929688,101.16000366210938,99.89521789550781,1976100
2023-02-22,101.30000305175781,102.7300033569336,99.88999938964844,100.7699966430664,99.51008605957031,1329000
2023-02-23,102.86000061035156,103.4000015258789,100.61000061035156,102.98999786376953,101.70235443115234,1446300
2023-02-24,101.05000305175781,101.94999694824219,99.98999786376953,100.63999938964844,99.38172149658203,1465400
2023-02-27,102.26000213623047,102.47000122070312,100.55999755859375,100.97000122070312,99.70760345458984,1404200
2023-02-28,100.97000122070312,102.43000030517578,100.58999633789062,101.13999938964844,99.8754653930664,1378500
2023-03-01,101.51000213623047,102.6500015258789,100.83000183105469,101.37999725341797,100.11245727539062,1090100
2023-03-02,99.87999725341797,102.38999938964844,99.3499984741211,102.05000305175781,100.77407836914062,1484000
2023-03-03,102.4800033569336,103.38999938964844,100.97000122070312,103.02999877929688,101.74183654785156,1393400
2023-03-06,103.56999969482422,104.5999984741211,101.01000213623047,101.6500015258789,100.37910461425781,1432100
2023-03-07,101.81999969482422,102.4000015258789,100.0999984741211,100.58000183105469,99.32247924804688,1577500
2023-03-08,101.08999633789062,103.6500015258789,100.73999786376953,103.25,101.95909118652344,1474800
2023-03-09,103.18000030517578,104.76000213623047,101.52999877929688,102.13999938964844,100.86296844482422,1652100
2023-03-10,102.94999694824219,103.6500015258789,100.04000091552734,101.29000091552734,100.0235824584961,2371900
2023-03-13,100.0,103.68000030517578,99.66000366210938,102.7300033569336,101.44559478759766,1749100
2023-03-14,104.23999786376953,105.41999816894531,103.43000030517578,105.16999816894531,103.85508728027344,2529400
2023-03-15,103.2300033569336,103.55999755859375,100.30999755859375,102.62999725341797,101.34684753417969,2050400
2023-03-16,102.06999969482422,106.52999877929688,101.51000213623047,105.97000122070312,104.64510345458984,1462900
2023-03-17,106.54000091552734,106.87000274658203,104.52999877929688,105.0999984741211,103.78597259521484,2428100
2023-03-20,105.58000183105469,106.62000274658203,104.87999725341797,106.5,105.16844940185547,1326100
2023-03-21,107.08000183105469,108.27999877929688,105.04000091552734,106.36000061035156,105.03021240234375,1462800
2023-03-22,106.33999633789062,108.2699966430664,104.30999755859375,104.37000274658203,103.06507873535156,1422100
2023-03-23,105.9000015258789,108.91000366210938,105.51000213623047,107.61000061035156,106.26460266113281,1262800
2023-03-24,106.58000183105469,107.0,104.44000244140625,106.33999633789062,105.01045989990234,1679400
2023-03-27,106.73999786376953,107.56999969482422,105.05999755859375,105.3499984741211,104.0328369140625,1133000
2023-03-28,104.58000183105469,105.0,102.19999694824219,104.20999908447266,102.90709686279297,1392400
2023-03-29,106.16000366210938,108.44999694824219,105.70999908447266,107.38999938964844,106.04731750488281,1689700
2023-03-30,108.68000030517578,108.8499984741211,106.83000183105469,107.5999984741211,106.25470733642578,1760600
2023-03-31,107.20999908447266,108.72000122070312,106.5999984741211,107.51000213623047,106.16584777832031,1598200
2023-04-03,106.5,107.23999786376953,105.0,106.80000305175781,105.46471405029297,1236600
2023-04-04,106.91000366210938,107.30999755859375,102.7300033569336,103.08999633789062,101.80108642578125,1502500
2023-04-05,102.0999984741211,102.33999633789062,100.23999786376953,101.2300033569336,99.96435546875,1818500
2023-04-06,99.93000030517578,101.16000366210938,99.25,100.38999938964844,99.13485717773438,1216800
2023-04-10,99.38999938964844,102.77999877929688,99.01000213623047,102.7300033569336,101.44559478759766,1788800
2023-04-11,103.5999984741211,103.76000213623047,102.06999969482422,102.27999877929688,101.001220703125,948200
2023-04-12,103.43000030517578,103.70999908447266,101.38999938964844,101.4800033569336,100.21122741699219,941600
2023-04-13,101.55000305175781,102.5,100.48999786376953,101.94000244140625,100.66548156738281,975900
2023-04-14,101.76000213623047,102.76000213623047,99.66000366210938,100.75,99.49034118652344,1369600
2023-04-17,96.70999908447266,98.37000274658203,95.77999877929688,98.11000061035156,96.88336181640625,2173200
2023-04-18,98.80000305175781,99.76000213623047,98.16000366210938,99.6500015258789,98.40409088134766,1123500
2023-04-19,98.25,99.0,97.66000366210938,98.55999755859375,97.32774353027344,1146700
2023-04-20,97.86000061035156,100.69000244140625,97.83000183105469,99.41000366210938,98.1671142578125,1315200
2023-04-21,99.25,99.47000122070312,97.88999938964844,97.98999786376953,96.76486206054688,988100
2023-04-24,97.95999908447266,98.69999694824219,96.83000183105469,97.5999984741211,96.37973022460938,836700
2023-04-25,97.11000061035156,97.52999877929688,94.30999755859375,94.3499984741211,93.17037200927734,1750000
2023-04-26,94.80999755859375,95.06999969482422,92.66000366210938,93.33000183105469,92.16313934326172,2282000
2023-04-27,90.0,91.26000213623047,88.54000091552734,90.37000274658203,89.24011993408203,3472000
2023-04-28,90.5199966430664,91.41999816894531,89.69000244140625,91.37999725341797,90.23749542236328,1638700
2023-05-01,91.69000244140625,92.70999908447266,91.5,92.30000305175781,91.14600372314453,1757500
2023-05-02,92.5,92.8499984741211,91.01000213623047,92.30999755859375,91.15586853027344,1620400
2023-05-03,92.23999786376953,93.83999633789062,91.87000274658203,92.16000366210938,91.00775146484375,1471200
2023-05-04,92.0,92.13999938964844,89.7300033569336,89.9800033569336,88.85499572753906,1311500
2023-05-05,90.94999694824219,92.7699966430664,90.2699966430664,92.62999725341797,91.47187805175781,2098700
2023-05-08,92.66999816894531,92.95999908447266,90.9000015258789,91.41999816894531,90.2770004272461,1113100
2023-05-09,90.33000183105469,90.41999816894531,88.95999908447266,90.29000091552734,89.1611328125,1693300
2023-05-10,91.5,91.52999877929688,90.12000274658203,90.95999908447266,89.82274627685547,1442500
2023-05-11,91.20999908447266,91.3499984741211,90.33000183105469,91.18000030517578,90.04000854492188,1326000
2023-05-12,91.44000244140625,91.58000183105469,89.45999908447266,90.93000030517578,89.79312896728516,1210700
2023-05-15,91.20999908447266,94.38999938964844,90.56999969482422,94.22000122070312,93.04198455810547,1247200
2023-05-16,93.70999908447266,95.12999725341797,93.29000091552734,93.43000030517578,92.26188659667969,1033100
2023-05-17,94.4000015258789,95.54000091552734,93.37000274658203,94.91999816894531,93.7332534790039,1431200
2023-05-18,95.5199966430664,99.33999633789062,95.4000015258789,98.56999969482422,97.33760833740234,2447700
2023-05-19,98.69000244140625,99.16000366210938,96.55000305175781,97.0999984741211,95.88599395751953,1885000
2023-05-22,96.69999694824219,98.2699966430664,96.68000030517578,97.80999755859375,96.58709716796875,1269200
2023-05-23,96.93000030517578,97.5199966430664,95.4800033569336,95.55000305175781,94.46160125732422,1725300
2023-05-24,94.58999633789062,95.44000244140625,93.02999877929688,94.4000015258789,93.32469940185547,1959900
2023-05-25,95.5199966430664,98.38999938964844,94.7300033569336,97.2699966430664,96.16200256347656,3968600
2023-05-26,98.4000015258789,104.58999633789062,98.26000213623047,103.70999908447266,102.52864837646484,3136200
2023-05-30,106.23999786376953,106.30000305175781,101.06999969482422,102.72000122070312,101.5499267578125,2139700
2023-05-31,100.41000366210938,102.25,99.37000274658203,100.19000244140625,99.04874420166016,2176600
2023-06-01,100.5199966430664,104.01000213623047,99.62000274658203,103.0999984741211,101.92559814453125,1694500
2023-06-02,103.95999908447266,104.0999984741211,101.5,103.22000122070312,102.04424285888672,1149800
2023-06-05,102.8499984741211,103.25,100.7699966430664,101.5199966430664,100.36360168457031,1084000
2023-06-06,100.41999816894531,103.16000366210938,100.08999633789062,103.06999969482422,101.89595031738281,1335000
2023-06-07,104.12999725341797,105.80000305175781,103.18000030517578,104.22000122070312,103.03284454345703,1566100
2023-06-08,104.54000091552734,104.97000122070312,102.98999786376953,104.66999816894531,103.47772216796875,1129700
2023-06-09,105.91999816894531,106.48999786376953,104.70999908447266,105.0199966430664,103.82372283935547,1599100
2023-06-12,106.41000366210938,109.62999725341797,105.79000091552734,109.45999908447266,108.21314239501953,2198800
2023-06-13,111.05000305175781,112.16000366210938,110.45999908447266,111.38999938964844,110.12116241455078,2137600
2023-06-14,110.41999816894531,112.16999816894531,109.43000030517578,110.36000061035156,109.1029052734375,1855200
2023-06-15,108.72000122070312,110.8499984741211,108.61000061035156,110.08999633789062,108.8359603881836,1553300
2023-06-16,111.25,111.7699966430664,110.05000305175781,111.05999755859375,109.794921875,3381500
2023-06-20,111.05999755859375,111.98999786376953,107.7699966430664,108.69000244140625,107.4519271850586,1793900
2023-06-21,107.4800033569336,108.9800033569336,106.76000213623047,106.88999938964844,105.67243957519531,1450600
2023-06-22,106.26000213623047,107.83000183105469,105.6500015258789,107.80000305175781,106.57205963134766,1689800
2023-06-23,105.95999908447266,107.01000213623047,105.04000091552734,105.16000366210938,103.96214294433594,2161300
2023-06-26,105.43000030517578,107.5999984741211,105.30000305175781,105.98999786376953,104.78268432617188,1548800
2023-06-27,106.62999725341797,110.45999908447266,105.5,110.29000091552734,109.03370666503906,2173900
2023-06-28,108.51000213623047,109.41000366210938,107.48999786376953,107.6500015258789,106.42378234863281,1626500
2023-06-29,108.08999633789062,109.79000091552734,107.31999969482422,109.4000015258789,108.1538314819336,1618200
2023-06-30,110.23999786376953,112.56999969482422,109.88999938964844,111.33000183105469,110.06183624267578,2273500
2023-07-03,111.76000213623047,112.08000183105469,109.5199966430664,111.52999877929688,110.25957489013672,639400
2023-07-05,110.38999938964844,110.5199966430664,107.83000183105469,108.08999633789062,106.8587646484375,1900800
2023-07-06,106.5,107.44000244140625,106.08000183105469,107.05000305175781,105.83059692382812,1792100
2023-07-07,107.23999786376953,108.20999908447266,106.20999908447266,106.33999633789062,105.12869262695312,1990300
2023-07-10,106.54000091552734,109.44000244140625,106.54000091552734,109.41999816894531,108.17361450195312,1142500
2023-07-11,109.80000305175781,109.83999633789062,107.3499984741211,109.41999816894531,108.17361450195312,1161700
2023-07-12,111.23999786376953,111.44999694824219,109.94000244140625,111.23999786376953,109.9728775024414,1344800
2023-07-13,112.0,114.3499984741211,111.80999755859375,114.0199966430664,112.72119140625,1977400
2023-07-14,114.33999633789062,114.97000122070312,112.68000030517578,113.08999633789062,111.80180358886719,1752200
2023-07-17,113.54000091552734,117.25,113.41000366210938,116.25,114.92581176757812,1788700
2023-07-18,116.80000305175781,117.63999938964844,115.7300033569336,117.1500015258789,115.81556701660156,1310600
2023-07-19,117.1500015258789,117.4000015258789,115.23999786376953,115.30999755859375,113.99652862548828,1410400
2023-07-20,112.88999938964844,113.62999725341797,111.80000305175781,112.2699966430664,110.99113464355469,2179700
2023-07-21,113.94999694824219,115.66000366210938,113.33999633789062,115.05000305175781,113.73948669433594,1772500
2023-07-24,115.31999969482422,117.0,114.12000274658203,115.13999938964844,113.82845306396484,1565300
2023-07-25,115.58000183105469,118.04000091552734,115.58000183105469,117.2300033569336,115.89464569091797,1256700
2023-07-26,115.33999633789062,116.36000061035156,113.19999694824219,114.63999938964844,113.33414459228516,2725300
2023-07-27,118.5199966430664,119.19999694824219,110.1500015258789,110.62000274658203,109.35995483398438,4265600
2023-07-28,112.93000030517578,112.93000030517578,109.8499984741211,112.30999755859375,111.03068542480469,3063900
2023-07-31,112.26000213623047,113.5999984741211,111.58999633789062,112.94000244140625,111.65351104736328,1491100
2023-08-01,112.0,112.88999938964844,111.16000366210938,111.2300033569336,109.96299743652344,1544100
2023-08-02,109.19000244140625,109.54000091552734,106.87999725341797,107.80000305175781,106.57205963134766,1912600
2023-08-03,106.91999816894531,108.26000213623047,105.8499984741211,107.55999755859375,106.33479309082031,1652600
2023-08-04,107.26000213623047,108.94999694824219,106.1500015258789,107.41000366210938,106.18651580810547,1193500
2023-08-07,108.94000244140625,109.05000305175781,107.62999725341797,108.91999816894531,107.67930603027344,1096000
2023-08-08,106.87999725341797,107.08999633789062,104.5,106.2699966430664,105.05948638916016,1685100
2023-08-09,106.19000244140625,107.69000244140625,105.3499984741211,106.4800033569336,105.26708984375,1556200
2023-08-10,107.22000122070312,108.98999786376953,106.27999877929688,106.41999816894531,105.20777893066406,1761900
2023-08-11,104.30000305175781,104.37999725341797,101.41999816894531,101.7300033569336,100.57120513916016,1773300
2023-08-14,101.7300033569336,104.76000213623047,101.29000091552734,104.73999786376953,103.54690551757812,1463400
2023-08-15,103.8499984741211,104.12999725341797,101.68000030517578,101.87000274658203,100.70960998535156,1377500
2023-08-16,102.18000030517578,103.08000183105469,101.19000244140625,101.25,100.0966567993164,1404700
2023-08-17,101.61000061035156,102.02999877929688,100.33000183105469,100.62000274658203,99.47384643554688,1072000
2023-08-18,99.58000183105469,101.54000091552734,99.38999938964844,101.05999755859375,99.90884399414062,1385500
2023-08-21,101.11000061035156,103.08000183105469,100.83000183105469,102.73999786376953,101.56970977783203,1250900
2023-08-22,104.2300033569336,104.29000091552734,102.08000183105469,102.75,101.57958984375,843300
2023-08-23,102.62000274658203,105.91999816894531,102.62000274658203,105.31999969482422,104.12031555175781,1107300
2023-08-24,106.58000183105469,106.58000183105469,101.83000183105469,102.11000061035156,100.9468765258789,1586000
2023-08-25,102.66000366210938,104.3499984741211,101.61000061035156,103.77999877929688,102.59784698486328,1285500
2023-08-28,104.45999908447266,105.62000274658203,103.79000091552734,104.56999969482422,103.37886047363281,917700
2023-08-29,103.7699966430664,107.66000366210938,103.7699966430664,107.37000274658203,106.14695739746094,1435900
2023-08-30,106.94999694824219,108.2699966430664,106.16000366210938,107.37000274658203,106.14695739746094,909000
2023-08-31,106.66000366210938,108.41999816894531,106.66000366210938,107.87000274658203,106.7506332397461,1621100
2023-09-01,109.0199966430664,109.16999816894531,107.58999633789062,108.45999908447266,107.33451843261719,624600
2023-09-05,107.87000274658203,107.9800033569336,105.93000030517578,106.62000274658203,105.51360321044922,1368300
2023-09-06,106.0199966430664,107.4800033569336,104.87999725341797,105.58000183105469,104.48439025878906,1463700
2023-09-07,103.33000183105469,104.0,98.81999969482422,99.69000244140625,98.655517578125,3224300
2023-09-08,99.45999908447266,100.54000091552734,98.9800033569336,99.69999694824219,98.66542053222656,1666700
2023-09-11,101.0,101.0,97.61000061035156,98.9000015258789,97.87371826171875,1404000
2023-09-12,98.56999969482422,99.77999877929688,97.79000091552734,97.83000183105469,96.81480407714844,1235000
2023-09-13,97.04000091552734,98.83999633789062,97.0,97.66000366210938,96.64659118652344,1620900
2023-09-14,98.93000030517578,99.0199966430664,97.5199966430664,97.95999908447266,96.9434814453125,1133200
2023-09-15,97.11000061035156,97.3499984741211,94.88999938964844,95.48999786376953,94.49909973144531,3275400
2023-09-18,95.12999725341797,96.94000244140625,94.91999816894531,96.76000213623047,95.75592041015625,1239500
2023-09-19,96.66999816894531,98.12000274658203,96.11000061035156,97.79000091552734,96.77522277832031,2014300
2023-09-20,98.41000366210938,98.91000366210938,95.91000366210938,95.98999786376953,94.993896484375,1161000
2023-09-21,95.37999725341797,96.6500015258789,95.20999908447266,95.61000061035156,94.61785888671875,1487800
2023-09-22,96.61000061035156,97.05000305175781,95.18000030517578,95.4000015258789,94.41002655029297,1019800
2023-09-25,95.0,96.81999969482422,94.94000244140625,96.44000244140625,95.43923950195312,966500
2023-09-26,97.31999969482422,97.62000274658203,95.5199966430664,95.83000183105469,94.83557891845703,1410600
2023-09-27,96.8499984741211,97.33999633789062,95.5,96.4800033569336,95.47882080078125,1852700
2023-09-28,96.38999938964844,100.66999816894531,96.25,99.68000030517578,98.64561462402344,1583900
2023-09-29,101.11000061035156,101.52999877929688,100.26000213623047,100.45999908447266,99.41751861572266,1331200
2023-10-02,100.51000213623047,101.62999725341797,99.66000366210938,100.66999816894531,99.6253433227539,1357800
2023-10-03,100.0999984741211,100.8499984741211,97.87999725341797,98.55999755859375,97.5372543334961,1152500
2023-10-04,99.1500015258789,100.72000122070312,98.33999633789062,100.2699966430664,99.2294921875,1002700
2023-10-05,99.77999877929688,100.94999694824219,98.26000213623047,99.54000091552734,98.50707244873047,1069900
2023-10-06,98.76000213623047,101.4000015258789,97.97000122070312,100.66999816894531,99.6253433227539,1242200
2023-10-09,99.38999938964844,99.54000091552734,97.97000122070312,99.05000305175781,98.02216339111328,953400
2023-10-10,99.2300033569336,100.62999725341797,99.0,99.58999633789062,98.55654907226562,1241800
2023-10-11,99.75,100.43000030517578,98.52999877929688,99.55999755859375,98.52685546875,991500
2023-10-12,99.56999969482422,101.47000122070312,98.51000213623047,99.38999938964844,98.358642578125,1135500
2023-10-13,99.5,99.54000091552734,95.27999877929688,95.5999984741211,94.60795593261719,1532800
2023-10-16,95.66000366210938,97.27999877929688,95.41999816894531,97.0,95.99341583251953,1900700
2023-10-17,95.1500015258789,97.41999816894531,93.88999938964844,96.5199966430664,95.51840209960938,1540200
2023-10-18,94.62000274658203,95.41000366210938,93.08000183105469,94.08000183105469,93.1037368774414,1410900
2023-10-19,94.88999938964844,95.20999908447266,92.2699966430664,92.73999786376953,91.77762603759766,1927300
2023-10-20,92.33000183105469,93.22000122070312,91.52999877929688,91.73999786376953,90.78800201416016,1264000
2023-10-23,91.0,92.80999755859375,90.6500015258789,90.91999816894531,89.97650909423828,1325100
2023-10-24,91.29000091552734,92.12999725341797,90.44000244140625,91.61000061035156,90.65936279296875,1342900
2023-10-25,90.86000061035156,91.12999725341797,86.5199966430664,87.91000366210938,86.99776458740234,2722900
2023-10-26,85.4000015258789,89.79000091552734,84.77999877929688,85.12000274658203,84.23670196533203,2954300
2023-10-27,84.83000183105469,85.26000213623047,82.76000213623047,83.83999633789062,82.96998596191406,2015500
2023-10-30,83.81999969482422,84.19999694824219,81.94999694824219,83.45999908447266,82.59393310546875,1656300
2023-10-31,83.38999938964844,84.06999969482422,82.6500015258789,83.2699966430664,82.4059066772461,1540200
2023-11-01,83.2699966430664,83.5,81.08000183105469,82.76000213623047,81.90119171142578,2091200
2023-11-02,83.77999877929688,86.7300033569336,83.73999786376953,85.9000015258789,85.00860595703125,2277600
2023-11-03,87.13999938964844,88.33999633789062,86.86000061035156,87.69999694824219,86.7899398803711,1606700
2023-11-06,88.12999725341797,88.38999938964844,86.63999938964844,87.61000061035156,86.70085906982422,1250200
2023-11-07,87.58000183105469,87.97000122070312,86.75,87.02999877929688,86.12688446044922,1284300
2023-11-08,86.97000122070312,87.37999725341797,86.05999755859375,86.37999725341797,85.4836196899414,1434400
2023-11-09,86.93000030517578,87.01000213623047,84.66000366210938,84.93000030517578,84.0486831665039,2676700
2023-11-10,86.01000213623047,88.45999908447266,85.19999694824219,88.12000274658203,87.20557403564453,1798300
2023-11-13,87.43000030517578,87.91000366210938,85.75,86.62000274658203,85.72114562988281,1703300
2023-11-14,89.54000091552734,90.86000061035156,89.1500015258789,90.6500015258789,89.70931243896484,2095400
2023-11-15,91.11000061035156,92.48999786376953,90.43000030517578,91.37000274658203,90.421875,1371900
2023-11-16,91.23999786376953,91.79000091552734,90.37999725341797,90.73999786376953,89.79839324951172,1995600
2023-11-17,91.01000213623047,92.0999984741211,90.58000183105469,92.08999633789062,91.13438415527344,1330800
2023-11-20,92.31999969482422,93.36000061035156,91.97000122070312,93.08000183105469,92.11410522460938,1665700
2023-11-21,92.76000213623047,93.22000122070312,91.2699966430664,91.76000213623047,90.80779266357422,1427100
2023-11-22,92.77999877929688,93.93000030517578,91.97000122070312,92.44000244140625,91.48074340820312,1306400
2023-11-24,92.37999725341797,92.80999755859375,92.1500015258789,92.48999786376953,91.63927459716797,472300
2023-11-27,91.7300033569336,92.44999694824219,91.12999725341797,91.93000030517578,91.08443450927734,818500
2023-11-28,91.43000030517578,91.9800033569336,90.52999877929688,91.23999786376953,90.4007797241211,1063700
2023-11-29,92.5999984741211,94.16999816894531,92.47000122070312,92.76000213623047,91.90679168701172,1724600
2023-11-30,92.94000244140625,93.55000305175781,91.29000091552734,92.2300033569336,91.38166809082031,2072900
2023-12-01,91.76000213623047,93.91000366210938,91.12000274658203,93.86000061035156,92.99665832519531,934500
2023-12-04,93.12000274658203,93.44999694824219,91.2699966430664,93.16000366210938,92.3031234741211,1381400
2023-12-05,92.20999908447266,92.22000122070312,90.23999786376953,91.23999786376953,90.4007797241211,1352600
2023-12-06,92.66999816894531,93.23999786376953,91.12000274658203,91.22000122070312,90.3809585571289,1601100
2023-12-07,91.91000366210938,93.02999877929688,91.11000061035156,92.61000061035156,91.7581558227539,1331900
2023-12-08,92.26000213623047,93.56999969482422,91.83999633789062,92.29000091552734,91.44112396240234,1688300
2023-12-11,93.36000061035156,97.33999633789062,93.36000061035156,96.7300033569336,95.84027099609375,2222200
2023-12-12,96.33999633789062,97.16999816894531,96.08999633789062,96.33999633789062,95.453857421875,913000
2023-12-13,96.18000030517578,99.02999877929688,95.54000091552734,98.16000366210938,97.25711822509766,1403200
2023-12-14,99.48999786376953,105.66000366210938,99.48999786376953,105.38999938964844,104.42060852050781,3680700
2023-12-15,104.18000030517578,106.25,104.0999984741211,105.16000366210938,104.19273376464844,4609900
2023-12-18,105.06999969482422,105.47000122070312,103.63999938964844,105.27999877929688,104.31163024902344,2556800
2023-12-19,106.0,106.94000244140625,105.4800033569336,105.87999725341797,104.9061050415039,1379500
2023-12-20,105.06999969482422,106.76000213623047,103.43000030517578,103.61000061035156,102.65699005126953,1870700
2023-12-21,105.98999786376953,107.0199966430664,105.68000030517578,106.58999633789062,105.60958099365234,1812100
2023-12-22,107.0,107.81999969482422,106.55000305175781,107.62999725341797,106.6400146484375,832200
2023-12-26,108.08000183105469,110.8499984741211,108.08000183105469,110.3499984741211,109.33499145507812,1389000
2023-12-27,111.0,111.25,109.79000091552734,110.75,109.7313232421875,1261700
2023-12-28,111.06999969482422,111.18000030517578,109.91999816894531,110.44000244140625,109.42417907714844,874600
2023-12-29,109.94000244140625,110.63999938964844,108.3499984741211,108.5199966430664,107.52182006835938,1365800
2024-01-02,107.0,107.0,103.63999938964844,104.7699966430664,103.80632781982422,2383800
2024-01-03,102.70999908447266,103.08999633789062,101.08000183105469,101.75,100.81409454345703,1376800
2024-01-04,100.19000244140625,102.52999877929688,99.94999694824219,101.58000183105469,100.64567565917969,1441900
2024-01-05,101.69999694824219,103.16999816894531,101.56999969482422,102.7699966430664,101.82471466064453,1404500
2024-01-08,103.18000030517578,106.04000091552734,103.06999969482422,105.88999938964844,104.91602325439453,1421600
2024-01-09,104.36000061035156,105.80000305175781,104.16000366210938,105.23999786376953,104.27198028564453,1055100
2024-01-10,105.45999908447266,105.5,103.29000091552734,104.87999725341797,103.91531372070312,1148100
2024-01-11,104.83000183105469,105.68000030517578,102.95999908447266,105.0999984741211,104.13328552246094,1803500
2024-01-12,105.0,106.12000274658203,103.61000061035156,104.80999755859375,103.84595489501953,1191100
2024-01-16,103.98999786376953,105.30999755859375,103.20999908447266,104.08999633789062,103.13258361816406,1671000
2024-01-17,102.4800033569336,103.0,100.75,102.86000061035156,101.91389465332031,1366100
2024-01-18,104.80000305175781,106.43000030517578,104.33999633789062,106.0199966430664,105.0448226928711,2416600
2024-01-19,107.23999786376953,109.08000183105469,105.63999938964844,108.72000122070312,107.72000122070312,1934500
2024-01-22,110.0,111.95999908447266,108.98999786376953,110.08999633789062,109.07737731933594,1827700
2024-01-23,110.5999984741211,111.51000213623047,109.38999938964844,111.23999786376953,110.2168197631836,1173300
2024-01-24,112.05000305175781,113.5999984741211,110.45999908447266,110.66999816894531,109.65205383300781,1920900
2024-01-25,112.68000030517578,112.70999908447266,109.76000213623047,109.94999694824219,108.93867492675781,2007700
2024-01-26,108.73999786376953,108.81999969482422,104.81999969482422,105.45999908447266,104.48998260498047,2095700
2024-01-29,104.20999908447266,106.33999633789062,104.08999633789062,106.06999969482422,105.0943603515625,1720900
2024-01-30,104.88999938964844,106.44000244140625,104.31999969482422,104.58999633789062,103.62796783447266,2111100
2024-01-31,95.48999786376953,98.79000091552734,92.29000091552734,96.58999633789062,95.70155334472656,6316100
2024-02-01,97.12999725341797,97.12999725341797,93.37000274658203,95.13999938964844,94.2649154663086,2896400
2024-02-02,94.94999694824219,96.69000244140625,93.87000274658203,96.37000274658203,95.48359680175781,1809000
2024-02-05,96.30999755859375,97.16999816894531,94.63999938964844,96.25,95.36468505859375,1957800
2024-02-06,96.66999816894531,97.79000091552734,96.2300033569336,97.75,96.85088348388672,1543200
2024-02-07,98.63999938964844,98.63999938964844,96.30999755859375,97.51000213623047,96.61309814453125,1380300
2024-02-08,97.4000015258789,99.56999969482422,97.4000015258789,98.47000122070312,97.56426239013672,1887800
2024-02-09,99.31999969482422,102.41999816894531,98.80999755859375,102.30999755859375,101.36894226074219,1653900
2024-02-12,102.25,104.7699966430664,101.91000366210938,102.91000366210938,101.96343994140625,1361900
2024-02-13,99.36000061035156,100.06999969482422,97.47000122070312,98.91000366210938,98.00022888183594,1886300
2024-02-14,100.19999694824219,101.80999755859375,100.0199966430664,101.56999969482422,100.63575744628906,1453900
2024-02-15,103.58999633789062,103.94999694824219,101.69999694824219,102.55999755859375,101.73683166503906,2115900
2024-02-16,103.16999816894531,104.0999984741211,101.62999725341797,102.23999786376953,101.41940307617188,1608800
2024-02-20,100.61000061035156,101.80999755859375,98.83999633789062,100.16999816894531,99.36602783203125,1446200
2024-02-21,98.2699966430664,99.61000061035156,97.80999755859375,99.58000183105469,98.78076171875,1110600
2024-02-22,101.51000213623047,103.33999633789062,100.3499984741211,102.4800033569336,101.6574935913086,1858500
2024-02-23,102.48999786376953,102.72000122070312,100.02999877929688,100.13999938964844,99.33627319335938,1451200
2024-02-26,100.9000015258789,102.55999755859375,100.19000244140625,102.1500015258789,101.33013916015625,1272700
2024-02-27,102.91000366210938,102.91000366210938,100.04000091552734,100.2699966430664,99.46521759033203,1675400
2024-02-28,98.98999786376953,100.69000244140625,98.76000213623047,100.3499984741211,99.54458618164062,1226200
2024-02-29,101.91000366210938,103.83999633789062,101.41000366210938,103.58999633789062,102.75857543945312,2391900
2024-03-01,104.05999755859375,106.79000091552734,102.76000213623047,105.87999725341797,105.03018951416016,2008900
2024-03-04,106.63999938964844,106.93000030517578,105.43000030517578,105.83000183105469,104.98059844970703,1252200
2024-03-05,104.70999908447266,105.41999816894531,102.43000030517578,103.76000213623047,102.92720794677734,1264900
2024-03-06,105.98999786376953,107.77999877929688,105.76000213623047,106.75,105.89322662353516,1497400
2024-03-07,107.2300033569336,110.55000305175781,107.04000091552734,109.98999786376953,109.1072006225586,1576700
2024-03-08,110.55999755859375,110.91999816894531,106.08000183105469,106.12000274658203,105.26828002929688,1632700
2024-03-11,105.80999755859375,106.5999984741211,104.55999755859375,106.3499984741211,105.49642181396484,1565600
2024-03-12,107.04000091552734,108.41999816894531,105.25,108.19999694824219,107.33157348632812,1505400
2024-03-13,106.69000244140625,108.31999969482422,104.80999755859375,105.44999694824219,104.6036376953125,1808400
2024-03-14,105.83000183105469,106.2300033569336,102.73999786376953,103.8499984741211,103.01648712158203,1646700
2024-03-15,102.61000061035156,104.33999633789062,102.52999877929688,103.05999755859375,102.23282623291016,3409700
2024-03-18,104.25,105.23999786376953,102.69000244140625,102.86000061035156,102.03443908691406,1767200
2024-03-19,101.81999969482422,103.79000091552734,101.5,103.4800033569336,102.64945983886719,2253300
2024-03-20,104.1500015258789,107.80000305175781,104.1500015258789,107.11000061035156,106.25031280517578,2435200
2024-03-21,109.36000061035156,113.0,108.8499984741211,111.44999694824219,110.55548858642578,2562700
2024-03-22,110.91999816894531,112.2699966430664,110.66999816894531,110.75,109.86111450195312,1812700
2024-03-25,108.79000091552734,110.25,108.62000274658203,108.9000015258789,108.02595520019531,1561800
2024-03-26,109.18000030517578,110.22000122070312,107.98999786376953,108.13999938964844,107.27204132080078,1732700
2024-03-27,108.98999786376953,111.68000030517578,108.5199966430664,111.54000091552734,110.64476776123047,1256500
2024-03-28,111.63999938964844,113.27999877929688,111.56999969482422,112.83000183105469,111.9244155883789,2046900
2024-04-01,112.8499984741211,114.83000183105469,111.87999725341797,112.94999694824219,112.04344940185547,1346600
2024-04-02,111.2699966430664,111.69000244140625,109.27999877929688,110.13999938964844,109.2560043334961,1187200
2024-04-03,108.95999908447266,110.41999816894531,108.4800033569336,108.8499984741211,107.97636413574219,1595600
2024-04-04,110.66000366210938,111.05000305175781,105.61000061035156,105.94999694824219,105.09963989257812,2475900
2024-04-05,105.87000274658203,107.7300033569336,105.69999694824219,107.2699966430664,106.4090347290039,1143900
2024-04-08,107.95999908447266,109.16000366210938,107.66999816894531,107.81999969482422,106.95462036132812,1154700
2024-04-09,108.94000244140625,111.26000213623047,108.70999908447266,111.19000244140625,110.29759216308594,1439400
2024-04-10,108.3499984741211,109.08999633789062,105.7699966430664,106.4000015258789,105.5460205078125,1516900
2024-04-11,107.68000030517578,109.52999877929688,105.81999969482422,109.45999908447266,108.58145141601562,1905300
2024-04-12,107.61000061035156,108.72000122070312,105.23999786376953,105.87000274658203,105.02027893066406,1841400
2024-04-15,107.44000244140625,107.98999786376953,103.94000244140625,104.41999816894531,103.5819091796875,1605200
2024-04-16,104.95999908447266,106.19000244140625,103.88999938964844,104.93000030517578,104.08782196044922,1269400
2024-04-17,104.62000274658203,104.93000030517578,101.54000091552734,102.06999969482422,101.25077819824219,2237600
2024-04-18,101.41999816894531,102.55999755859375,100.0199966430664,100.19999694824219,99.39579010009766,2113800
2024-04-19,100.12999725341797,100.66000366210938,95.80000305175781,95.97000122070312,95.1997299194336,2920000
2024-04-22,97.0999984741211,98.69999694824219,96.19999694824219,97.76000213623047,96.97537994384766,2302900
2024-04-23,98.05000305175781,100.3499984741211,98.05000305175781,99.8499984741211,99.04859161376953,1927800
2024-04-24,102.08999633789062,102.66999816894531,99.47000122070312,100.69999694824219,99.89176940917969,2437300
2024-04-25,107.41999816894531,109.83999633789062,104.0,108.91000366210938,108.03587341308594,7876500
2024-04-26,110.44000244140625,114.66999816894531,110.2699966430664,114.12999725341797,113.21397399902344,5205500
2024-04-29,114.13999938964844,118.63999938964844,114.0,118.29000091552734,117.34059143066406,2185300
2024-04-30,117.37000274658203,118.83000183105469,116.25,116.31999969482422,115.38640594482422,2337700
2024-05-01,115.05000305175781,117.2300033569336,111.79000091552734,113.73999786376953,112.82711029052734,3360100
2024-05-02,115.87000274658203,117.5999984741211,114.01000213623047,117.38999938964844,116.44781494140625,2468900
2024-05-03,120.05999755859375,121.86000061035156,119.0999984741211,120.44000244140625,119.47333526611328,2694100
2024-05-06,121.19999694824219,122.27999877929688,120.16999816894531,121.94999694824219,120.9712142944336,2078500
2024-05-07,123.04000091552734,123.6500015258789,120.77999877929688,121.08999633789062,120.11811065673828,2750500
2024-05-08,119.0,120.76000213623047,118.47000122070312,120.43000030517578,119.46342468261719,1795000
2024-05-09,120.55999755859375,123.0999984741211,120.26000213623047,122.61000061035156,121.62591552734375,1927000
2024-05-10,123.72000122070312,124.0999984741211,122.23999786376953,122.91999816894531,121.93344116210938,1386300
2024-05-13,123.0,125.94000244140625,122.91000366210938,124.8499984741211,123.84794616699219,2206300
2024-05-14,124.80999755859375,127.37999725341797,124.80999755859375,127.11000061035156,126.08980560302734,1738700
2024-05-15,129.3300018310547,132.64999389648438,128.52000427246094,131.9499969482422,130.8909454345703,3351700
2024-05-16,131.72999572753906,132.75999450683594,131.1699981689453,131.49000549316406,130.4346466064453,2407800
2024-05-17,132.58999633789062,133.4600067138672,130.89999389648438,131.91000366210938,130.8512725830078,1968100
2024-05-20,135.0,140.22000122070312,134.69000244140625,139.50999450683594,138.39028930664062,3406100
2024-05-21,137.75,140.63999938964844,137.38999938964844,140.27000427246094,139.2639617919922,1913800
2024-05-22,140.72999572753906,143.00999450683594,139.69000244140625,142.86000061035156,141.83538818359375,2062300
2024-05-23,145.22000122070312,145.63999938964844,138.92999267578125,140.25,139.24411010742188,2292400
2024-05-24,141.19000244140625,145.00999450683594,141.19000244140625,144.00999450683594,142.97714233398438,2134000
2024-05-28,144.22000122070312,146.52999877929688,143.0399932861328,145.22999572753906,144.1884002685547,2087500
2024-05-29,142.42999267578125,144.1199951171875,141.72000122070312,141.8699951171875,140.85247802734375,2079800
2024-05-30,142.0800018310547,142.66000366210938,140.1300048828125,141.27000427246094,140.25680541992188,2274400
2024-05-31,141.3300018310547,142.66000366210938,135.9600067138672,140.94000244140625,139.92918395996094,3212800
2024-06-03,143.83999633789062,145.63999938964844,138.9499969482422,141.02000427246094,140.0085906982422,1730500
2024-06-04,140.35000610351562,141.77999877929688,138.57000732421875,139.6199951171875,138.61862182617188,2583500
2024-06-05,142.0,145.5399932861328,141.05999755859375,145.38999938964844,144.34725952148438,2182900
2024-06-06,144.25999450683594,144.7100067138672,142.80999755859375,143.22999572753906,142.20274353027344,1319100
2024-06-07,142.82000732421875,144.42999267578125,139.42999267578125,140.89999389648438,139.8894500732422,1253100
2024-06-10,139.3000030517578,144.1699981689453,139.3000030517578,143.0800018310547,142.05381774902344,1467700
2024-06-11,142.00999450683594,144.55999755859375,141.2100067138672,144.4499969482422,143.41400146484375,1238700
2024-06-12,147.47999572753906,152.22999572753906,147.10000610351562,148.86000061035156,147.79234313964844,2573500
2024-06-13,145.44000244140625,148.07000732421875,144.86000061035156,147.63999938964844,146.5811004638672,1282600
2024-06-14,144.8800048828125,146.50999450683594,144.69000244140625,145.05999755859375,144.0196075439453,1060200
2024-06-17,144.57000732421875,144.99000549316406,141.5,144.74000549316406,143.701904296875,2452000
2024-06-18,147.30999755859375,151.9499969482422,146.97999572753906,151.75,150.66163635253906,2893200
2024-06-20,150.52000427246094,150.83999633789062,146.17999267578125,147.9499969482422,146.8888702392578,3293600
2024-06-21,147.60000610351562,149.5399932861328,146.27000427246094,148.4499969482422,147.38528442382812,6175700
2024-06-24,146.72999572753906,148.89999389648438,145.27000427246094,145.52999877929688,144.48622131347656,1785700
2024-06-25,145.80999755859375,148.00999450683594,144.27999877929688,147.57000732421875,146.51162719726562,2007200
2024-06-26,147.27000427246094,148.0,144.77000427246094,146.8699951171875,145.8166046142578,1343400
2024-06-27,147.0,148.25,145.8300018310547,147.57000732421875,146.51162719726562,1365300
2024-06-28,148.85000610351562,151.52000427246094,146.3699951171875,148.2899932861328,147.2264404296875,2826200
2024-07-01,148.0,148.77000427246094,145.4499969482422,147.77000427246094,146.71018981933594,1159600
2024-07-02,147.0,150.74000549316406,145.42999267578125,149.60000610351562,148.52706909179688,1203700
2024-07-03,150.0,152.6699981689453,148.83999633789062,151.6999969482422,150.6119842529297,990200
2024-07-05,152.6699981689453,152.6699981689453,149.89999389648438,151.1999969482422,150.11558532714844,929900
2024-07-08,152.16000366210938,154.89999389648438,151.82000732421875,154.1699981689453,153.06427001953125,1518900
2024-07-09,154.63999938964844,156.11000061035156,153.10000610351562,153.47999572753906,152.37924194335938,1223300
2024-07-10,154.36000061035156,159.61000061035156,153.82000732421875,159.1300048828125,157.98870849609375,1783300
2024-07-11,161.22000122070312,161.22000122070312,154.47000122070312,154.8000030517578,153.6897735595703,2082600
2024-07-12,155.97999572753906,158.86000061035156,154.55999755859375,156.3300018310547,155.20877075195312,1907500
2024-07-15,157.17999267578125,161.14999389648438,157.0800018310547,159.49000549316406,158.3461151123047,2113500
2024-07-16,161.2100067138672,163.2100067138672,158.97000122070312,163.0,161.83094787597656,1472000
2024-07-17,158.64999389648438,159.67999267578125,152.16000366210938,152.35000610351562,151.25732421875,3141600
2024-07-18,151.8300018310547,153.52999877929688,147.13999938964844,149.52000427246094,148.4476318359375,2945700
2024-07-19,149.02000427246094,150.27999877929688,146.0,146.4199981689453,145.36985778808594,2001000
2024-07-22,151.0,155.17999267578125,149.10000610351562,154.4600067138672,153.35218811035156,2252100
2024-07-23,151.83999633789062,154.13999938964844,151.57000732421875,152.27000427246094,151.1779022216797,1309100
2024-07-24,149.6199951171875,150.6999969482422,143.17999267578125,143.5399932861328,142.510498046875,3150200
2024-07-25,128.44000244140625,129.97000122070312,120.3499984741211,124.33999633789062,123.4482192993164,6539000
2024-07-26,125.16000366210938,126.58999633789062,123.02999877929688,126.45999908447266,125.55301666259766,2617200
2024-07-29,128.3699951171875,130.27000427246094,127.13999938964844,127.93000030517578,127.0124740600586,1744200
2024-07-30,128.58999633789062,128.6999969482422,120.0999984741211,121.33999633789062,120.46973419189453,2812500
2024-07-31,126.75,131.5800018310547,125.93000030517578,131.16000366210938,130.2193145751953,4440800
2024-08-01,128.77000427246094,131.6199951171875,119.6500015258789,121.73999786376953,120.86687469482422,3950700
2024-08-02,119.75,120.0,115.72000122070312,117.2699966430664,116.42891693115234,3522600
2024-08-05,111.16000366210938,119.62000274658203,109.1500015258789,116.38999938964844,115.55524444580078,2725900
2024-08-06,117.08999633789062,122.19999694824219,116.33000183105469,118.31999969482422,117.47138977050781,1623700
2024-08-07,121.98999786376953,123.18000030517578,113.5,114.25,113.43059539794922,2599900
2024-08-08,118.30999755859375,123.08000183105469,115.31999969482422,122.87999725341797,121.99868774414062,2255200
2024-08-09,121.7300033569336,123.23999786376953,120.01000213623047,121.72000122070312,120.84701538085938,1189000
2024-08-12,122.6500015258789,123.83000183105469,120.48999786376953,122.31999969482422,121.44270324707031,989500
2024-08-13,123.63999938964844,127.4000015258789,122.91999816894531,127.08000183105469,126.16857147216797,1730400
2024-08-14,127.52999877929688,128.35000610351562,123.51000213623047,125.25,124.35169219970703,1323700
2024-08-15,129.16000366210938,132.4499969482422,127.8499984741211,131.72999572753906,130.7852020263672,2169400
2024-08-16,131.39999389648438,133.49000549316406,129.5399932861328,133.1199951171875,132.1652374267578,1338200
2024-08-19,132.36000061035156,134.14999389648438,130.2899932861328,133.97999572753906,133.01907348632812,1347800
2024-08-20,132.69000244140625,134.5399932861328,130.1199951171875,131.72999572753906,130.7852020263672,1671900
2024-08-21,133.25,136.58999633789062,132.22000122070312,135.41000366210938,134.43882751464844,1409400
2024-08-22,135.85000610351562,136.1699981689453,130.5399932861328,131.1999969482422,130.25900268554688,1815000
2024-08-23,133.80999755859375,137.52000427246094,133.00999450683594,135.94000244140625,134.96505737304688,1846900
2024-08-26,135.4600067138672,135.7899932861328,132.52000427246094,133.0,132.04611206054688,1648600
2024-08-27,132.08999633789062,136.0500030517578,130.6300048828125,134.97999572753906,134.0118865966797,1066200
2024-08-28,134.13999938964844,135.77000427246094,130.58999633789062,132.30999755859375,131.3610382080078,1352700
2024-08-29,134.16000366210938,138.08999633789062,132.82000732421875,133.9600067138672,132.9992218017578,1496200
2024-08-30,136.83999633789062,137.80999755859375,134.49000549316406,136.72999572753906,135.74937438964844,1497100
2024-09-03,133.49000549316406,134.32000732421875,123.79000091552734,124.54000091552734,123.64678955078125,3193900
2024-09-04,123.63999938964844,128.39999389648438,122.62999725341797,126.76000213623047,125.85086822509766,1632000
2024-09-05,124.0199966430664,128.02000427246094,123.94999694824219,126.0999984741211,125.31422424316406,1317100
2024-09-06,124.91000366210938,125.87000274658203,119.80999755859375,121.44999694824219,120.69319915771484,2298400
2024-09-09,123.87999725341797,124.83999633789062,121.94999694824219,124.19999694824219,123.42607116699219,1618800
2024-09-10,124.69999694824219,125.62000274658203,121.91000366210938,125.37000274658203,124.58878326416016,904700
2024-09-11,125.77999877929688,131.86000061035156,124.36000061035156,131.50999450683594,130.69052124023438,2644600
2024-09-12,130.9600067138672,131.44000244140625,127.29000091552734,128.19000244140625,127.39119720458984,1478400
2024-09-13,129.1699981689453,132.24000549316406,128.83999633789062,131.22999572753906,130.41226196289062,1122700
2024-09-16,128.33999633789062,129.50999450683594,124.58999633789062,127.9800033569336,127.1825180053711,1974100
2024-09-17,129.6199951171875,131.63999938964844,128.6699981689453,129.7100067138672,128.90174865722656,1142900
2024-09-18,130.55999755859375,132.17999267578125,127.62999725341797,127.86000061035156,127.06326293945312,1361400
2024-09-19,133.97999572753906,135.97000122070312,131.38999938964844,133.82000732421875,132.98611450195312,2522600
2024-09-20,132.2100067138672,132.6699981689453,128.08999633789062,128.9499969482422,128.14645385742188,4334400
2024-09-23,129.99000549316406,130.52999877929688,128.91000366210938,129.69000244140625,128.88186645507812,1116000
2024-09-24,131.55999755859375,131.85000610351562,129.41000366210938,131.02000427246094,130.2035675048828,965500
2024-09-25,129.85000610351562,132.3800048828125,129.60000610351562,130.6300048828125,129.81602478027344,1736500
2024-09-26,136.75999450683594,138.41000366210938,133.0,137.41000366210938,136.55374145507812,2101400
2024-09-27,137.72000122070312,138.42999267578125,133.72000122070312,134.63999938964844,133.801025390625,1701900
2024-09-30,132.92999267578125,134.3000030517578,131.3699951171875,133.92999267578125,133.09542846679688,1261800
2024-10-01,132.8000030517578,133.85000610351562,127.81999969482422,128.99000549316406,128.1862030029297,2249400
2024-10-02,129.67999267578125,134.0,128.91000366210938,131.44000244140625,130.62095642089844,1307900
2024-10-03,129.64999389648438,132.5,128.3699951171875,129.00999450683594,128.20608520507812,1409700
2024-10-04,132.0,132.27999877929688,129.25,130.5,129.68679809570312,1247100
2024-10-07,129.3300018310547,131.07000732421875,128.24000549316406,129.50999450683594,128.70298767089844,927200
2024-10-08,129.77000427246094,130.32000732421875,128.2899932861328,129.39999389648438,128.59365844726562,1071900
2024-10-09,129.13999938964844,131.2899932861328,129.10000610351562,130.47000122070312,129.656982421875,1434300
2024-10-10,128.47999572753906,129.3800048828125,127.2699966430664,128.94000244140625,128.1365509033203,986400
2024-10-11,128.3000030517578,132.22999572753906,128.3000030517578,131.91000366210938,131.08802795410156,1186800
2024-10-14,131.67999267578125,134.16000366210938,131.60000610351562,133.63999938964844,132.80723571777344,1423700
2024-10-15,133.52999877929688,135.36000061035156,126.58000183105469,127.36000061035156,126.56639099121094,2843600
2024-10-16,130.8800048828125,130.8800048828125,126.7699966430664,127.0,126.2086181640625,1466400
2024-10-17,130.19000244140625,130.75,127.12000274658203,127.20999908447266,126.41731262207031,1915900
2024-10-18,127.83000183105469,128.13999938964844,125.2300033569336,126.04000091552734,125.25460052490234,1729400
2024-10-21,125.69000244140625,126.38999938964844,124.52999877929688,125.93000030517578,125.14529418945312,2303100
2024-10-22,125.55000305175781,126.26000213623047,124.95999908447266,125.36000061035156,124.57884216308594,2217500
2024-10-23,124.61000061035156,126.55000305175781,122.54000091552734,124.43000030517578,123.65464782714844,2821700
2024-10-24,118.19999694824219,118.30000305175781,109.52999877929688,110.72000122070312,110.03006744384766,7148000
2024-10-25,111.19000244140625,113.5199966430664,110.98999786376953,111.75,111.05365753173828,3573700
2024-10-28,111.8499984741211,112.13999938964844,110.22000122070312,111.33000183105469,110.63627624511719,2672100
2024-10-29,111.33000183105469,113.80000305175781,111.0,113.23999786376953,112.53436279296875,2284500
2024-10-30,111.4800033569336,112.7699966430664,109.41999816894531,109.4800033569336,108.79779815673828,2861400
2024-10-31,109.05999755859375,109.81999969482422,105.52999877929688,106.20999908447266,105.54817199707031,3392300
2024-11-01,106.68000030517578,107.83999633789062,106.11000061035156,106.48999786376953,105.826416015625,2352100
2024-11-04,104.93000030517578,106.12999725341797,104.06999969482422,104.2699966430664,103.62024688720703,1830700
2024-11-05,104.22000122070312,105.55999755859375,103.72000122070312,105.44999694824219,104.79290771484375,3265700
2024-11-06,108.30000305175781,109.83999633789062,107.13999938964844,109.0,108.32078552246094,2249700
2024-11-07,111.13999938964844,112.44000244140625,110.61000061035156,111.63999938964844,110.94434356689453,1761000
2024-11-08,110.22000122070312,111.27999877929688,109.52999877929688,110.88999938964844,110.19900512695312,1721200
2024-11-11,110.52999877929688,110.62999725341797,107.0,108.80999755859375,108.1319808959961,2027300
2024-11-12,109.91000366210938,110.2300033569336,107.16000366210938,108.33000183105469,107.65496826171875,2213300
2024-11-13,107.08000183105469,108.63999938964844,106.0,106.37999725341797,105.71710968017578,1780900
2024-11-14,107.98999786376953,108.1500015258789,106.18000030517578,106.5199966430664,105.85623931884766,1502500
2024-11-15,104.0,105.26000213623047,102.25,102.58000183105469,101.94078826904297,3091900
2024-11-18,102.4000015258789,104.36000061035156,102.26000213623047,104.1500015258789,103.50101470947266,2865000
2024-11-19,103.63999938964844,104.05000305175781,102.30000305175781,102.80000305175781,102.15941619873047,2031700
2024-11-20,102.29000091552734,103.79000091552734,101.87999725341797,103.58000183105469,102.93455505371094,2315500
2024-11-21,104.54000091552734,105.97000122070312,103.4000015258789,105.5199966430664,104.86246490478516,2568500
2024-11-22,105.12000274658203,108.25,105.06999969482422,108.20999908447266,107.53571319580078,1651600
2024-11-25,110.72000122070312,112.27999877929688,109.33999633789062,110.66999816894531,110.10248565673828,2118100
2024-11-26,112.11000061035156,112.12999725341797,108.06999969482422,109.05999755859375,108.500732421875,1768300
2024-11-27,109.52999877929688,109.77999877929688,106.12999725341797,108.08999633789062,107.53570556640625,1370600
2024-11-29,109.94999694824219,112.31999969482422,109.80999755859375,110.0,109.4359130859375,1437400
2024-12-02,110.04000091552734,113.8499984741211,110.04000091552734,113.19999694824219,112.61949157714844,2785600
2024-12-03,111.55999755859375,116.0999984741211,111.2300033569336,115.47000122070312,114.87786102294922,2669500
2024-12-04,118.01000213623047,118.11000061035156,114.66000366210938,116.88999938964844,116.29058074951172,2628600
2024-12-05,116.20999908447266,117.08000183105469,113.02999877929688,113.72000122070312,113.1368408203125,1924100
2024-12-06,114.98999786376953,119.77999877929688,114.5,118.51000213623047,117.90227508544922,3466800
2024-12-09,119.11000061035156,122.62000274658203,117.69999694824219,119.55999755859375,118.94688415527344,2828800
2024-12-10,121.1500015258789,121.1500015258789,116.12999725341797,117.02999877929688,116.42986297607422,2358700
2024-12-11,118.77999877929688,121.36000061035156,117.91000366210938,120.19999694824219,119.58360290527344,2361100
2024-12-12,119.3499984741211,121.56999969482422,117.79000091552734,120.94999694824219,120.32975769042969,2256800
2024-12-13,122.91999816894531,124.41999816894531,121.80999755859375,123.22000122070312,122.58812713623047,3953900
2024-12-16,127.91999816894531,130.1999969482422,125.02999877929688,129.47999572753906,128.8159942626953,3368800
2024-12-17,129.02000427246094,130.27999877929688,126.7300033569336,128.00999450683594,127.35355377197266,2285800
2024-12-18,129.94000244140625,133.33999633789062,122.94000244140625,123.7699966430664,123.13529205322266,3468000
2024-12-19,127.88999938964844,130.10000610351562,124.7300033569336,125.19000244140625,124.54801177978516,3295200
2024-12-20,124.61000061035156,129.0399932861328,123.45999908447266,125.94999694824219,125.30410766601562,7149700
2024-12-23,126.08999633789062,128.8699951171875,125.7699966430664,128.47000122070312,127.81120300292969,2080500
2024-12-24,128.9199981689453,130.1699981689453,128.39999389648438,129.9600067138672,129.2935791015625,716900
2024-12-26,129.63999938964844,131.8800048828125,128.88999938964844,130.83999633789062,130.16905212402344,1397900
2024-12-27,129.6199951171875,130.0399932861328,127.62000274658203,128.5399932861328,127.8808364868164,1640200
2024-12-30,125.97000122070312,128.25999450683594,124.66999816894531,126.69999694824219,126.05027770996094,1893700
2024-12-31,126.80999755859375,128.11000061035156,125.25,125.91999816894531,125.27426147460938,1283400
2025-01-02,126.76000213623047,128.4499969482422,125.7300033569336,126.55999755859375,125.9109878540039,1756700
2025-01-03,127.0,131.38999938964844,126.20999908447266,130.60000610351562,129.93028259277344,2130800
2025-01-06,135.5399932861328,140.66000366210938,135.30999755859375,140.0,139.28207397460938,3888100
2025-01-07,141.27000427246094,144.16000366210938,137.3800048828125,138.82000732421875,138.10812377929688,3228200
2025-01-08,137.89999389648438,138.60000610351562,134.61000061035156,137.14999389648438,136.44668579101562,2178100
2025-01-10,136.2899932861328,136.2899932861328,132.39999389648438,134.1699981689453,133.48194885253906,1928800
2025-01-13,131.4600067138672,133.64999389648438,129.6199951171875,133.22000122070312,132.53683471679688,1304500
2025-01-14,134.24000549316406,135.69000244140625,132.27000427246094,134.17999267578125,133.49191284179688,1300000
2025-01-15,136.24000549316406,137.66000366210938,134.69000244140625,134.92999267578125,134.23806762695312,1871200
2025-01-16,137.4199981689453,139.75999450683594,135.57000732421875,137.57000732421875,136.8645477294922,1981400
2025-01-17,140.0,140.0,137.7100067138672,138.39999389648438,137.69029235839844,2253700
2025-01-21,135.0,135.5,130.17999267578125,132.3000030517578,131.62156677246094,4083000
2025-01-22,132.8000030517578,136.24000549316406,132.38999938964844,134.8000030517578,134.10873413085938,2262100
2025-01-23,132.0800018310547,132.61000061035156,129.83999633789062,131.8300018310547,131.15396118164062,2214300
2025-01-24,132.0,132.32000732421875,129.27000427246094,129.9199981689453,129.25375366210938,2254000
2025-01-27,124.55999755859375,125.38999938964844,118.1500015258789,120.2699966430664,119.65325164794922,5280400
2025-01-28,120.51000213623047,123.16999816894531,118.55000305175781,121.94999694824219,121.32463073730469,2888600
2025-01-29,122.9000015258789,123.51000213623047,120.94000244140625,122.05000305175781,121.42411804199219,2747400
2025-01-30,102.0,117.45999908447266,100.7699966430664,115.08000183105469,114.48986053466797,8838600
2025-01-31,113.79000091552734,118.88999938964844,111.16000366210938,115.79000091552734,115.19622039794922,3706900
2025-02-03,112.58000183105469,113.12000274658203,109.66999816894531,111.08999633789062,110.52032470703125,3401600
2025-02-04,111.48999786376953,112.48999786376953,110.02999877929688,111.66999816894531,111.09734344482422,3055100
2025-02-05,110.7699966430664,113.37999725341797,110.52999877929688,112.61000061035156,112.03253173828125,2844600
2025-02-06,112.87999725341797,114.12000274658203,111.69000244140625,114.06999969482422,113.48504638671875,2233200
2025-02-07,114.08000183105469,114.61000061035156,111.5,113.2300033569336,112.64935302734375,1938200
2025-02-10,114.80999755859375,115.05999755859375,112.83000183105469,114.05999755859375,113.47509002685547,1549800
2025-02-11,113.02999877929688,114.72000122070312,112.26000213623047,112.72000122070312,112.14197540283203,1697300
2025-02-12,109.77999877929688,111.93000030517578,109.4000015258789,111.54000091552734,110.968017578125,1592400
2025-02-13,111.7699966430664,113.20999908447266,111.16999816894531,112.83999633789062,112.2613525390625,1755400
2025-02-14,112.26000213623047,113.63999938964844,112.06999969482422,113.25,112.78919982910156,1838600
2025-02-18,114.66000366210938,115.95999908447266,113.56999969482422,115.08000183105469,114.61175537109375,2607200
2025-02-19,114.5999984741211,116.5999984741211,114.43000030517578,115.9000015258789,115.42841339111328,1583400
2025-02-20,116.16999816894531,118.76000213623047,116.05999755859375,118.55000305175781,118.06763458251953,2424200
2025-02-21,119.33999633789062,120.63999938964844,114.62999725341797,115.91000366210938,115.43836975097656,2493800
2025-02-24,116.12000274658203,116.48999786376953,112.77999877929688,113.58000183105469,113.11785888671875,2249100
2025-02-25,114.08999633789062,114.5,110.95999908447266,111.3499984741211,110.89691925048828,2292500
2025-02-26,113.0,116.73999786376953,112.3499984741211,114.80999755859375,114.34284973144531,3419300
2025-02-27,115.55000305175781,116.41999816894531,108.7300033569336,108.80999755859375,108.36726379394531,3028000
2025-02-28,109.38999938964844,111.36000061035156,107.41999816894531,109.86000061035156,109.4129867553711,2831500
2025-03-03,110.95999908447266,111.69000244140625,104.91999816894531,105.77999877929688,105.34959411621094,3731100
2025-03-04,106.12999725341797,109.66000366210938,103.22000122070312,107.2300033569336,106.79369354248047,3543700
2025-03-05,108.0,110.69000244140625,106.6500015258789,110.20999908447266,109.76156616210938,2388800
2025-03-06,106.97000122070312,109.66999816894531,105.12999725341797,105.38999938964844,104.961181640625,3451700
2025-03-07,106.13999938964844,108.83999633789062,104.3499984741211,108.54000091552734,108.0983657836914,2402800
2025-03-10,105.94999694824219,106.05000305175781,102.44000244140625,104.97000122070312,104.54289245605469,3060500
2025-03-11,91.88999938964844,94.37000274658203,82.9800033569336,87.06999969482422,86.7157211303711,12239400
2025-03-12,89.02999877929688,89.04000091552734,86.22000122070312,86.73999786376953,86.38706970214844,7114300
2025-03-13,86.22000122070312,87.66999816894531,83.93000030517578,85.33000183105469,84.98280334472656,4470500
2025-03-14,85.94000244140625,86.91000366210938,84.01000213623047,86.73999786376953,86.38706970214844,5428900
2025-03-17,87.1500015258789,90.86000061035156,87.1500015258789,90.16999816894531,89.8031005859375,3563000
2025-03-18,88.72000122070312,89.66000366210938,87.83999633789062,88.87000274658203,88.50838470458984,3674800
2025-03-19,88.69000244140625,90.45999908447266,87.45999908447266,88.51000213623047,88.14986419677734,2919700
2025-03-20,87.62999725341797,89.37000274658203,87.58000183105469,88.18000030517578,87.82119750976562,2471000
2025-03-21,86.58999633789062,88.38999938964844,85.36000061035156,87.51000213623047,87.15394592285156,5930700
2025-03-24,89.76000213623047,91.20999908447266,89.58000183105469,91.0,90.62973022460938,3206800
2025-03-25,90.25,91.29000091552734,89.47000122070312,89.94999694824219,89.58399200439453,1942200
2025-03-26,89.62999725341797,90.33999633789062,87.31999969482422,88.01000213623047,87.65189361572266,2200700
2025-03-27,87.18000030517578,87.94000244140625,85.25,85.68000030517578,85.33136749267578,2161400
2025-03-28,85.7699966430664,86.29000091552734,82.47000122070312,82.77999877929688,82.44317626953125,2363800
2025-03-31,81.36000061035156,83.0,79.5999984741211,82.5999984741211,82.26390838623047,2825400
2025-04-01,81.87999725341797,82.7699966430664,80.47000122070312,82.61000061035156,82.27386474609375,3045900
2025-04-02,81.75,84.88999938964844,81.0999984741211,83.62000274658203,83.2797622680664,1732900
2025-04-03,78.69000244140625,79.7300033569336,74.38999938964844,75.08999633789062,74.78446197509766,5073900
2025-04-04,71.0999984741211,72.43000030517578,67.12000274658203,68.72000122070312,68.44038391113281,6747100
2025-04-07,67.45999908447266,76.1500015258789,65.7699966430664,72.87000274658203,72.5735092163086,7338900
2025-04-08,75.58000183105469,76.1500015258789,66.38999938964844,67.95999908447266,67.68347930908203,5071700
2025-04-09,69.4000015258789,80.4000015258789,68.12999725341797,79.44000244140625,79.11676025390625,8851100
2025-04-10,75.18000030517578,76.41999816894531,70.27999877929688,72.29000091552734,71.99585723876953,6480600
2025-04-11,72.43000030517578,74.30000305175781,70.5,73.6500015258789,73.3503189086914,3689900
2025-04-14,75.56999969482422,76.0199966430664,72.27999877929688,73.86000061035156,73.5594711303711,3946900
2025-04-15,74.08000183105469,75.36000061035156,73.69000244140625,74.05999755859375,73.75865936279297,2228200
2025-04-16,70.7300033569336,72.6500015258789,68.45999908447266,71.16000366210938,70.87046813964844,4925800
2025-04-17,71.30000305175781,71.79000091552734,70.48999786376953,71.25,70.96009063720703,3056600
2025-04-21,69.41000366210938,70.5199966430664,68.23999786376953,69.80999755859375,69.52594757080078,3268300
2025-04-22,70.73999786376953,72.05000305175781,70.41000366210938,71.29000091552734,70.99993133544922,3250100
2025-04-23,75.06999969482422,75.91000366210938,73.02999877929688,73.18000030517578,72.88224029541016,3431200
2025-04-24,74.76000213623047,77.58999633789062,74.43000030517578,77.30000305175781,76.98548126220703,3576800
2025-04-25,76.08999633789062,77.69999694824219,73.5,77.12000274658203,76.80620574951172,2588500
2025-04-28,76.45999908447266,78.63999938964844,75.33999633789062,76.83000183105469,76.51738739013672,4841600
2025-04-29,75.04000091552734,76.6500015258789,72.76000213623047,74.88999938964844,74.58528137207031,4966300
2025-04-30,73.68000030517578,74.47000122070312,71.2699966430664,74.20999908447266,73.90805053710938,4360200
2025-05-01,75.16000366210938,75.69999694824219,73.62999725341797,73.77999877929688,73.47979736328125,3041500
2025-05-02,75.69000244140625,77.0999984741211,75.44000244140625,75.87999725341797,75.57124328613281,2526900
2025-05-05,75.45999908447266,76.37999725341797,75.2699966430664,75.44000244140625,75.13304138183594,2484900
2025-05-06,74.3499984741211,75.02999877929688,73.73999786376953,74.06999969482422,73.76862335205078,2203600
2025-05-07,74.06999969482422,75.4800033569336,73.11000061035156,75.08999633789062,74.78446197509766,3310600
2025-05-08,76.20999908447266,78.02999877929688,75.5999984741211,76.83999633789062,76.52734375,2713300
2025-05-09,77.26000213623047,78.37000274658203,76.70999908447266,77.41999816894531,77.10498046875,2353800
2025-05-12,83.06999969482422,83.7699966430664,81.6500015258789,83.05999755859375,82.72203063964844,4715000
2025-05-13,83.01000213623047,85.62999725341797,82.94999694824219,84.9000015258789,84.55455017089844,2817400
2025-05-14,85.05999755859375,85.8499984741211,83.55000305175781,84.2699966430664,83.92710876464844,2311000
2025-05-15,83.25,83.77999877929688,82.33999633789062,82.98999786376953,82.65231323242188,2958900
2025-05-16,82.87000274658203,82.87000274658203,81.75,82.7300033569336,82.39338684082031,2183400
2025-05-19,80.55999755859375,81.98999786376953,80.44000244140625,81.47000122070312,81.13851165771484,1840300
2025-05-20,80.98999786376953,81.45999908447266,80.5999984741211,81.41999816894531,81.08870697021484,1614600
2025-05-21,80.43000030517578,81.91000366210938,78.76000213623047,78.9800033569336,78.65864562988281,2329100
2025-05-22,78.88999938964844,79.5,78.22000122070312,78.48999786376953,78.2895736694336,1987700
2025-05-23,76.69000244140625,77.45999908447266,75.98999786376953,76.9800033569336,76.78343963623047,1813300
2025-05-27,79.05999755859375,82.38999938964844,78.37999725341797,81.73999786376953,81.53128051757812,3697400
2025-05-28,82.0,82.47000122070312,79.91000366210938,80.25,80.04508972167969,2711200
2025-05-29,82.01000213623047,82.41000366210938,80.25,80.9800033569336,80.77323150634766,1803100
2025-05-30,80.18000030517578,80.29000091552734,77.0199966430664,78.5999984741211,78.39929962158203,3849100
2025-06-02,78.0,79.95999908447266,77.77999877929688,79.48999786376953,79.28702545166016,2453000
2025-06-03,79.4800033569336,81.63999938964844,78.41000366210938,81.44999694824219,81.24202728271484,2151300
2025-06-04,82.30999755859375,83.16999816894531,81.36000061035156,82.05999755859375,81.85045623779297,2472000
2025-06-05,82.70999908447266,83.68000030517578,81.06999969482422,81.73999786376953,81.53128051757812,2336600
2025-06-06,83.30000305175781,85.7699966430664,82.9000015258789,85.2300033569336,85.01237487792969,3122500
2025-06-09,86.11000061035156,88.0,86.11000061035156,86.80000305175781,86.578369140625,3667900
2025-06-10,87.33999633789062,88.88999938964844,86.7699966430664,88.69999694824219,88.4735107421875,3161700
2025-06-11,89.13999938964844,89.58000183105469,85.76000213623047,86.79000091552734,86.56838989257812,2521800
2025-06-12,85.9000015258789,86.56999969482422,85.44999694824219,85.91000366210938,85.69064331054688,2064500
2025-06-13,83.80000305175781,84.98999786376953,83.0,83.08000183105469,82.86785888671875,2736700
2025-06-16,84.55000305175781,88.55000305175781,84.12000274658203,87.68000030517578,87.45611572265625,4007700
2025-06-17,86.81999969482422,88.18000030517578,86.01000213623047,86.43000030517578,86.20930480957031,2998700
2025-06-18,86.63999938964844,87.16000366210938,85.41999816894531,86.26000213623047,86.03974151611328,3291000
2025-06-20,87.47000122070312,87.83000183105469,84.23999786376953,86.29000091552734,86.06966400146484,6559900
2025-06-23,86.12999725341797,88.3499984741211,85.58000183105469,87.36000061035156,87.13693237304688,3744100
2025-06-24,89.87999725341797,90.9000015258789,89.08999633789062,90.38999938964844,90.15919494628906,5908400
2025-06-25,90.66000366210938,90.97000122070312,88.73999786376953,90.19999694824219,89.96968078613281,3646000
2025-06-26,91.05000305175781,91.73999786376953,90.02999877929688,91.05000305175781,90.81751251220703,2922900
2025-06-27,91.05000305175781,91.69999694824219,89.2699966430664,90.3499984741211,90.11930084228516,5979700
2025-06-30,90.79000091552734,90.79000091552734,89.66000366210938,89.91999816894531,89.69039154052734,1932500
2025-07-01,89.5199966430664,92.66000366210938,89.19999694824219,91.91999816894531,91.68528747558594,3786300
2025-07-02,92.37999725341797,94.81999969482422,92.25,94.18000030517578,93.93952178955078,4544200
2025-07-03,95.20999908447266,95.20999908447266,92.16000366210938,93.05999755859375,92.82238006591797,2188800
2025-07-07,92.63999938964844,93.36000061035156,90.23999786376953,90.58999633789062,90.35868072509766,3151800
2025-07-08,91.20999908447266,93.80000305175781,90.80000305175781,92.22000122070312,91.98452758789062,2936200
2025-07-09,92.06999969482422,93.51000213623047,91.11000061035156,92.77999877929688,92.54309844970703,2058800
2025-07-10,95.3499984741211,99.22000122070312,94.20999908447266,98.62000274658203,98.36817932128906,7288500
2025-07-11,97.63999938964844,98.0,95.97000122070312,97.05000305175781,96.80220031738281,3750800
2025-07-14,97.01000213623047,97.05000305175781,93.58999633789062,95.22000122070312,94.97686004638672,3605100
2025-07-15,96.61000061035156,98.0999984741211,92.9800033569336,93.02999877929688,92.7924575805664,3654200
2025-07-16,92.48999786376953,92.7300033569336,88.5999984741211,91.9800033569336,91.7451400756836,3866300
2025-07-17,90.4000015258789,93.31999969482422,90.30999755859375,92.80000305175781,92.56304931640625,2823200
2025-07-18,93.44999694824219,94.11000061035156,92.30000305175781,93.91999816894531,93.68017578125,2524400
2025-07-21,95.77999877929688,97.25,94.79000091552734,94.81999969482422,94.57788848876953,2802100
2025-07-22,94.33000183105469,95.54000091552734,92.26000213623047,93.69999694824219,93.46073913574219,2641100
2025-07-23,94.70999908447266,94.70999908447266,91.79000091552734,93.02999877929688,92.7924575805664,2736100
2025-07-24,92.27999877929688,92.62999725341797,90.06999969482422,91.33000183105469,91.09680938720703,3521600
2025-07-25,91.4000015258789,91.7699966430664,89.6500015258789,90.1500015258789,89.91981506347656,3100400
2025-07-28,91.58000183105469,92.44000244140625,90.79000091552734,91.13999938964844,90.90728759765625,3688400
2025-07-29,91.61000061035156,92.37000274658203,89.18000030517578,90.55000305175781,90.31878662109375,6754500
2025-07-30,105.7300033569336,110.5,102.4800033569336,107.6500015258789,107.3751220703125,19844300
2025-07-31,108.5,113.43000030517578,107.08999633789062,107.43000030517578,107.15568542480469,9399900
2025-08-01,104.37999725341797,105.80000305175781,102.41999816894531,104.16000366210938,103.89404296875,4812200
2025-08-04,105.05000305175781,105.8499984741211,103.0,105.72000122070312,105.45005798339844,3635900
2025-08-05,106.16000366210938,108.16000366210938,104.55000305175781,106.93000030517578,106.65696716308594,7233600
2025-08-06,106.30000305175781,107.0999984741211,103.33000183105469,104.87999725341797,104.61219787597656,3358100
2025-08-07,107.04000091552734,108.16000366210938,105.25,106.45999908447266,106.18816375732422,2966300
2025-08-08,106.25,108.38999938964844,105.0,107.47000122070312,107.19558715820312,3185700
2025-08-11,107.56999969482422,109.0199966430664,104.58000183105469,104.68000030517578,104.41270446777344,3042600
2025-08-12,106.0,111.91000366210938,104.88999938964844,111.62999725341797,111.34496307373047,4247300
2025-08-13,112.37999725341797,114.31999969482422,110.6500015258789,114.01000213623047,113.71888732910156,5223800
2025-08-14,112.5,113.73999786376953,110.58999633789062,111.81999969482422,111.53447723388672,2431000
2025-08-15,111.6500015258789,111.6500015258789,109.37000274658203,109.41999816894531,109.1406021118164,3238400
2025-08-18,110.0,111.0999984741211,109.5199966430664,110.41000366210938,110.12808227539062,1980200
2025-08-19,110.37000274658203,112.68000030517578,109.5,110.62000274658203,110.33753967285156,3171000
2025-08-20,110.04000091552734,111.19000244140625,106.30000305175781,109.5199966430664,109.24034118652344,3571400
2025-08-21,108.33000183105469,109.98999786376953,107.81999969482422,109.30000305175781,109.02091217041016,2138400
2025-08-22,109.6500015258789,117.16999816894531,109.62000274658203,115.30000305175781,115.0055923461914,4133900
2025-08-25,114.98999786376953,117.66999816894531,114.5,117.06999969482422,116.77107238769531,3570200
2025-08-26,116.69999694824219,119.81999969482422,116.69999694824219,118.61000061035156,118.30714416503906,3563900
2025-08-27,118.70999908447266,118.70999908447266,116.95999908447266,116.98999786376953,116.69127655029297,3291300
2025-08-28,117.12999725341797,118.7300033569336,117.0,117.88999938964844,117.58898162841797,2760700
2025-08-29,119.43000030517578,120.19000244140625,117.43000030517578,118.23999786376953,117.9380874633789,4107600
2025-09-02,116.19000244140625,121.04000091552734,114.5,120.61000061035156,120.30204010009766,3626800
2025-09-03,120.7699966430664,122.12000274658203,118.38999938964844,119.62999725341797,119.32453918457031,3212700
2025-09-04,117.8499984741211,120.0199966430664,116.0,119.38999938964844,119.08515167236328,3136900
2025-09-05,120.05999755859375,123.44000244140625,119.37000274658203,120.19999694824219,120.01371002197266,3531600
2025-09-08,120.20999908447266,121.26000213623047,117.58999633789062,118.9000015258789,118.7157211303711,3738100
2025-09-09,119.0,120.0,114.6500015258789,115.06999969482422,114.89165496826172,4724500
2025-09-10,114.87999725341797,118.12000274658203,113.11000061035156,117.81999969482422,117.63739776611328,4412000
2025-09-11,117.81999969482422,118.77999877929688,114.43000030517578,115.55999755859375,115.38090515136719,4023900
2025-09-12,115.0,115.18000030517578,109.55999755859375,112.23999786376953,112.0660400390625,5904200
2025-09-15,112.25,114.29000091552734,110.91000366210938,114.06999969482422,113.89320373535156,3241300
2025-09-16,114.30000305175781,115.61000061035156,113.38999938964844,113.93000030517578,113.75342559814453,2871200
2025-09-17,113.75,116.33999633789062,112.80999755859375,114.31999969482422,114.14281463623047,2569300
2025-09-18,117.77999877929688,119.52999877929688,115.08999633789062,118.81999969482422,118.6358413696289,4876800
2025-09-19,119.5,120.5999984741211,117.54000091552734,119.8499984741211,119.66424560546875,9576500
2025-09-22,126.45999908447266,135.47999572753906,126.0199966430664,135.17999267578125,134.97048950195312,7137400
2025-09-23,136.0,138.24000549316406,133.17999267578125,134.67999267578125,134.47125244140625,4341200
2025-09-24,134.50999450683594,134.6699981689453,131.02999877929688,133.2100067138672,133.0035400390625,3688700
2025-09-25,131.36000061035156,133.14999389648438,128.58999633789062,132.8699951171875,132.66407775878906,2655300
2025-09-26,132.0,135.94000244140625,131.39999389648438,135.30999755859375,135.10028076171875,3276300
2025-09-29,137.11000061035156,137.27999877929688,133.5500030517578,134.3300018310547,134.12181091308594,2854200
2025-09-30,134.0,138.1300048828125,133.0,137.63999938964844,137.42666625976562,3014000
2025-10-01,135.9199981689453,141.5399932861328,135.7899932861328,141.1199951171875,140.90127563476562,3177100
2025-10-02,144.89999389648438,145.35000610351562,141.72000122070312,144.52999877929688,144.30599975585938,3307400
2025-10-03,146.47000122070312,149.4600067138672,144.82000732421875,145.63999938964844,145.41427612304688,2798300
2025-10-06,147.89999389648438,150.7100067138672,147.3000030517578,147.8699951171875,147.64080810546875,3706000
2025-10-07,149.07000732421875,150.2899932861328,139.8000030517578,140.13999938964844,139.9228057861328,3689400
2025-10-08,140.5500030517578,144.8800048828125,140.1999969482422,144.60000610351562,144.3759002685547,2601400
2025-10-09,144.60000610351562,145.47000122070312,141.8000030517578,145.19000244140625,144.96499633789062,2039700
2025-10-10,145.8000030517578,148.0,131.75,132.0800018310547,131.8752899169922,5757100
2025-10-13,138.6999969482422,139.91000366210938,136.60000610351562,139.1300048828125,138.91436767578125,3344800
2025-10-14,135.6199951171875,138.89999389648438,135.0,136.97000122070312,136.75772094726562,3043200
2025-10-15,140.19000244140625,141.41000366210938,137.69000244140625,141.02999877929688,140.81141662597656,2373700
2025-10-16,142.0,143.05999755859375,138.1699981689453,139.3000030517578,139.0841064453125,1783500
2025-10-17,137.05999755859375,139.72000122070312,136.77999877929688,138.16000366210938,137.9458770751953,1924300
2025-10-20,140.83999633789062,141.4600067138672,138.72000122070312,139.19000244140625,138.97427368164062,2345700
2025-10-21,138.89999389648438,144.3300018310547,138.8000030517578,143.3300018310547,143.10787963867188,2180200
2025-10-22,141.52999877929688,142.77999877929688,135.8300018310547,138.83999633789062,138.62481689453125,3917900
2025-10-23,138.57000732421875,146.1199951171875,138.0,145.0399932861328,144.81520080566406,2813800
2025-10-24,147.55999755859375,149.0,144.07000732421875,144.27999877929688,144.056396484375,2079600
2025-10-27,148.10000610351562,150.0800018310547,146.6999969482422,147.5,147.27139282226562,3940900
2025-10-28,147.0500030517578,147.6199951171875,144.11000061035156,144.3800048828125,144.15625,5016800
2025-10-29,170.00999450683594,177.24000549316406,162.16000366210938,173.94000244140625,173.67041015625,12203800
2025-10-30,172.75,179.2100067138672,171.6999969482422,176.8800048828125,176.6058807373047,5268400
2025-10-31,180.0,185.91000366210938,178.0,181.75999450683594,181.47828674316406,4540000
2025-11-03,182.7899932861328,184.57000732421875,180.19000244140625,183.07000732421875,182.78627014160156,3309900
2025-11-04,176.25999450683594,182.32000732421875,175.10000610351562,175.64999389648438,175.3777618408203,3216500
2025-11-05,177.0500030517578,188.94000244140625,176.5,187.58999633789062,187.2992706298828,4135300
2025-11-06,187.75,191.55999755859375,182.85000610351562,185.02000427246094,184.73324584960938,4504200
2025-11-07,180.5399932861328,182.5,174.85000610351562,182.27999877929688,181.99749755859375,3627400
2025-11-10,188.3800048828125,188.75,180.6699981689453,184.0800018310547,183.79470825195312,2954400
2025-11-11,183.36000061035156,183.36000061035156,175.64999389648438,177.22999572753906,176.955322265625,2928800
2025-11-12,180.1999969482422,181.27000427246094,177.19000244140625,179.27000427246094,178.99215698242188,2365600
2025-11-13,176.22999572753906,177.0,167.60000610351562,169.58999633789062,169.3271484375,4473200
2025-11-14,163.9199981689453,173.80999755859375,163.1999969482422,169.97000122070312,169.7065887451172,3208300
2025-11-17,168.47000122070312,173.3800048828125,164.49000549316406,167.44000244140625,167.1804962158203,3517700
2025-11-18,165.50999450683594,167.32000732421875,163.0,163.72000122070312,163.4662628173828,2803700
2025-11-19,164.5800018310547,170.39999389648438,162.75999450683594,168.22999572753906,167.96926879882812,2726200
2025-11-20,172.27999877929688,173.8300018310547,154.7100067138672,155.89999389648438,155.65838623046875,5142700
2025-11-21,155.3300018310547,160.6199951171875,151.52000427246094,158.91000366210938,158.66371154785156,3871300
2025-11-24,160.0,167.61000061035156,159.5,165.97000122070312,165.8380126953125,5139900
2025-11-25,165.3300018310547,168.08999633789062,160.36000061035156,167.6699981689453,167.53663635253906,2833700
2025-11-26,169.6199951171875,180.88999938964844,168.80999755859375,179.3800048828125,179.2373504638672,3744500
2025-11-28,179.6999969482422,182.1699981689453,179.4600067138672,181.88999938964844,181.74534606933594,1877100
2025-12-01,179.1699981689453,182.8699951171875,178.0399932861328,179.6300048828125,179.48715209960938,2765800
2025-12-02,186.33999633789062,191.47999572753906,185.88999938964844,189.94000244140625,189.78892517089844,3721700
2025-12-03,191.52000427246094,196.1999969482422,189.0,195.0800018310547,194.9248504638672,3339200
2025-12-04,193.0,200.85000610351562,193.0,198.6300048828125,198.47201538085938,4260700
2025-12-05,200.0,203.1199951171875,199.0399932861328,200.77000427246094,200.61033630371094,2656000
2025-12-08,203.05999755859375,205.0,201.47999572753906,202.99000549316406,202.8285675048828,2100000
2025-12-09,200.1999969482422,201.8800048828125,198.0,199.97000122070312,199.8109588623047,1871400
2025-12-10,199.77999877929688,204.6999969482422,198.8300018310547,204.00999450683594,203.8477325439453,2057200
2025-12-11,201.13999938964844,204.02999877929688,195.97999572753906,203.97000122070312,203.80776977539062,2507100
2025-12-12,201.30999755859375,202.2899932861328,191.85000610351562,193.3699951171875,193.21620178222656,4163300
2025-12-15,199.91000366210938,200.49000549316406,193.5500030517578,194.6999969482422,194.54515075683594,3223300
2025-12-16,194.39999389648438,195.3800048828125,189.13999938964844,192.2899932861328,192.13705444335938,3711500
2025-12-17,194.0,194.57000732421875,182.16000366210938,185.2100067138672,185.0626983642578,3577500
2025-12-18,192.5,195.0800018310547,189.27000427246094,190.4499969482422,190.29852294921875,2754700
2025-12-19,191.94000244140625,196.49000549316406,191.50999450683594,195.17999267578125,195.02476501464844,7880500
2025-12-22,201.0500030517578,202.0,196.91000366210938,197.22000122070312,197.06314086914062,2756500
2025-12-23,196.13999938964844,199.32000732421875,195.61000061035156,198.5,198.34213256835938,1344900
2025-12-24,198.5,199.6300048828125,197.2899932861328,198.52999877929688,198.37210083007812,713100
2025-12-26,199.25,199.47000122070312,196.72999572753906,198.89999389648438,198.74180603027344,1247800
2025-12-29,196.7100067138672,199.08999633789062,195.60000610351562,197.36000061035156,197.20303344726562,1717900
2025-12-30,198.00999450683594,198.1999969482422,195.0,196.6699981689453,196.51358032226562,1989400
2025-12-31,197.77000427246094,198.3000030517578,193.39999389648438,193.55999755859375,193.4060516357422,1193900
2026-01-02,199.2899932861328,208.80999755859375,199.25999450683594,207.55999755859375,207.39492797851562,3224100
2026-01-05,211.85000610351562,222.0,211.8000030517578,219.5,219.32542419433594,4271600
2026-01-06,220.9499969482422,229.66000366210938,219.6199951171875,228.83999633789062,228.65798950195312,3377900
2026-01-07,225.61000061035156,226.75999450683594,219.30999755859375,222.47999572753906,222.30303955078125,2518400
2026-01-08,221.39999389648438,221.39999389648438,212.63999938964844,216.30999755859375,216.13795471191406,3141800
2026-01-09,215.74000549316406,219.4199981689453,215.66000366210938,217.25999450683594,217.0872039794922,2569900
2026-01-12,217.94000244140625,226.2100067138672,216.5800018310547,224.36000061035156,224.1815643310547,2448100
2026-01-13,224.36000061035156,230.32000732421875,224.36000061035156,229.27000427246094,229.08766174316406,2313900
2026-01-14,227.5,231.1300048828125,224.61000061035156,230.19000244140625,230.00692749023438,2423500
2026-01-15,236.16000366210938,238.9199981689453,227.47999572753906,227.6999969482422,227.51890563964844,3459800
2026-01-16,229.63999938964844,232.08999633789062,225.64999389648438,228.14999389648438,227.96853637695312,2298000
2026-01-20,220.4199981689453,229.07000732421875,220.32000732421875,223.97999572753906,223.80184936523438,2627800
2026-01-21,229.19000244140625,234.83999633789062,225.7100067138672,231.88999938964844,231.70558166503906,3005500
2026-01-22,237.8000030517578,238.0,226.3000030517578,229.13999938964844,228.957763671875,2807300
2026-01-23,228.47999572753906,230.1999969482422,224.16000366210938,229.17999267578125,228.9977264404297,1830500
2026-01-26,229.17999267578125,235.0800018310547,227.02000427246094,231.75,231.56568908691406,2084300
2026-01-27,236.75,240.02999877929688,235.4199981689453,238.94000244140625,238.74996948242188,2805200
2026-01-28,243.55999755859375,251.14999389648438,241.00999450683594,250.47999572753906,250.28079223632812,3909300
2026-01-29,251.38999938964844,253.61000061035156,239.6999969482422,251.8699951171875,251.669677734375,2695100
2026-01-30,248.3800048828125,255.1999969482422,238.8000030517578,241.0500030517578,240.85829162597656,3704500
2026-02-02,241.0500030517578,254.67999267578125,240.6699981689453,249.52999877929688,249.33154296875,6576500
2026-02-03,258.1600036621094,286.0,246.8000030517578,282.9800109863281,282.75494384765625,11795000
2026-02-04,283.7099914550781,295.5,263.20001220703125,269.07000732421875,268.8559875488281,7187400
2026-02-05,265.7200012207031,281.3699951171875,262.2799987792969,271.1300048828125,270.91436767578125,3896600
2026-02-06,281.6700134277344,301.3800048828125,281.0,300.1099853515625,299.87127685546875,5021100
2026-02-09,297.7799987792969,316.5400085449219,296.5,310.010009765625,309.7634582519531,5345100
2026-02-10,310.0,311.8599853515625,299.4800109863281,304.8900146484375,304.64752197265625,2930500
2026-02-11,312.42999267578125,325.2900085449219,310.9100036621094,321.45001220703125,321.1943359375,3651400
2026-02-12,324.70001220703125,327.989990234375,307.6199951171875,311.0299987792969,310.7826232910156,5023400
2026-02-13,308.5799865722656,318.1700134277344,302.489990234375,314.6600036621094,314.54119873046875,2600600
2026-02-17,306.25,315.989990234375,300.3999938964844,305.5299987792969,305.4146423339844,2383300
2026-02-18,306.9200134277344,321.7799987792969,304.6499938964844,314.82000732421875,314.7011413574219,2753700
2026-02-19,311.2200012207031,318.2300109863281,308.9800109863281,315.8999938964844,315.7807312011719,1826700
2026-02-20,319.0799865722656,327.0,316.2699890136719,324.8500061035156,324.72735595703125,2603500
2026-02-23,319.2900085449219,323.5,310.45001220703125,318.5,318.3797607421875,2567600
2026-02-24,323.0199890136719,332.4200134277344,316.5899963378906,329.0899963378906,328.96575927734375,2271300
2026-02-25,332.8699951171875,343.69000244140625,330.69000244140625,342.82000732421875,342.6905822753906,3102700
2026-02-26,343.79998779296875,344.9200134277344,328.5,332.70001220703125,332.57440185546875,4915300
2026-02-27,324.0,325.0,310.0,320.0299987792969,319.9091796875,4426300
2026-03-02,310.5,325.92999267578125,310.07000732421875,325.8299865722656,325.70697021484375,2488700
2026-03-03,308.510009765625,311.010009765625,295.3800048828125,304.2200012207031,304.1051330566406,3698500
2026-03-04,311.4700012207031,315.0,300.44000244140625,305.20001220703125,305.08477783203125,3358900
2026-03-05,299.79998779296875,310.3500061035156,291.8800048828125,305.5799865722656,305.4646301269531,3936100
2026-03-06,293.1400146484375,295.05999755859375,269.1300048828125,273.04998779296875,272.9468994140625,5896900
2026-03-09,265.3999938964844,296.44000244140625,263.0199890136719,296.44000244140625,296.3280944824219,6533700
2026-03-10,294.94000244140625,309.7900085449219,294.94000244140625,300.7699890136719,300.65643310546875,2829500
2026-03-11,301.0299987792969,312.6199951171875,299.5299987792969,301.989990234375,301.8759765625,2580500
2026-03-12,295.5,296.25,283.6400146484375,286.6099853515625,286.50177001953125,2956400
2026-03-13,290.0,295.54998779296875,284.57000732421875,286.4200134277344,286.3118896484375,2166100
2026-03-16,295.9599914550781,305.0,294.6600036621094,298.2699890136719,298.1573791503906,2448400
2026-03-17,297.0,299.6700134277344,288.45001220703125,299.3999938964844,299.2869567871094,2481800
2026-03-18,303.19000244140625,307.79998779296875,296.5,300.07000732421875,299.95672607421875,2653400
2026-03-19,285.8900146484375,304.25,283.4599914550781,302.3999938964844,302.28582763671875,2808100
2026-03-20,302.0899963378906,303.0,284.8599853515625,290.8299865722656,290.7201843261719,4996200
2026-03-23,301.010009765625,314.489990234375,300.010009765625,303.9200134277344,303.8052673339844,4243500
2026-03-24,300.0,327.4200134277344,298.0,320.1400146484375,320.0191650390625,3207700
2026-03-25,324.989990234375,325.80999755859375,313.4800109863281,323.3599853515625,323.2379150390625,3077100
2026-03-26,314.9800109863281,314.9800109863281,296.6700134277344,297.3399963378906,297.2277526855469,3017600
2026-03-27,293.3999938964844,302.3999938964844,293.17999267578125,295.6099853515625,295.4983825683594,2164200
2026-03-30,301.0,301.0,273.07000732421875,276.3500061035156,276.24566650390625,3130100
2026-03-31,278.29998779296875,297.3900146484375,277.92999267578125,296.4599914550781,296.3480529785156,3354000
2026-04-01,301.9700012207031,316.80999755859375,300.29998779296875,312.20001220703125,312.0821533203125,2961800
2026-04-02,290.0,313.489990234375,290.0,309.6099853515625,309.49310302734375,2744900
2026-04-06,312.1199951171875,315.8500061035156,305.92999267578125,315.42999267578125,315.3109130859375,1762900
2026-04-07,314.4200134277344,320.8599853515625,309.5899963378906,320.4800109863281,320.3590087890625,1894800
2026-04-08,344.0299987792969,358.69000244140625,340.0,358.2900085449219,358.1547546386719,5814100
2026-04-09,360.0,369.6400146484375,357.2300109863281,364.2099914550781,364.0724792480469,4484300
2026-04-10,370.9599914550781,373.0,365.5,367.989990234375,367.85107421875,3113400
2026-04-13,365.94000244140625,370.4200134277344,362.0199890136719,370.1300048828125,369.9902648925781,2434700
2026-04-14,366.57000732421875,370.0,362.5,365.510009765625,365.37200927734375,2639900
2026-04-15,363.0,368.19000244140625,351.9599914550781,364.9599914550781,364.82220458984375,2366600
2026-04-16,365.739990234375,369.29998779296875,358.19000244140625,365.9200134277344,365.7818603515625,1818600
2026-04-17,375.739990234375,381.4700012207031,371.1000061035156,380.3800048828125,380.23638916015625,2423200
2026-04-20,382.7099914550781,384.9700012207031,373.0,375.2099914550781,375.0683288574219,1819400
2026-04-21,379.1600036621094,387.45001220703125,375.92999267578125,379.92999267578125,379.78656005859375,1833900
2026-04-22,388.8999938964844,390.79998779296875,376.3500061035156,385.17999267578125,385.0345764160156,2223200
2026-04-23,389.739990234375,404.8299865722656,389.3699951171875,400.989990234375,400.8385925292969,2476200
2026-04-24,408.8299865722656,422.1099853515625,401.1400146484375,418.0799865722656,417.9221496582031,3234600
2026-04-27,421.44000244140625,421.44000244140625,389.29998779296875,402.0,401.8482360839844,4027200
2026-04-28,389.0,396.3399963378906,374.67999267578125,380.1300048828125,379.9864807128906,4596200
2026-04-29,314.5400085449219,335.0,301.8599853515625,306.3299865722656,306.2143249511719,13070500
2026-04-30,327.0,353.5400085449219,326.7300109863281,343.4700012207031,343.34033203125,7836300
2026-05-01,343.4100036621094,354.0,336.6499938964844,345.4200134277344,345.28961181640625,2876800
2026-05-04,344.4200134277344,349.82000732421875,336.760009765625,337.44000244140625,337.3125915527344,3100000
2026-05-05,345.5899963378906,366.1300048828125,345.0400085449219,357.1000061035156,356.9651794433594,3565700
2026-05-06,368.510009765625,383.0,364.7900085449219,382.4800109863281,382.3356018066406,3836200
2026-05-07,378.5400085449219,379.0,345.55999755859375,354.1099853515625,353.9762878417969,5001500
2026-05-08,367.0,367.8699951171875,354.239990234375,359.7699890136719,359.6341552734375,3486000
2026-05-11,355.6400146484375,367.4700012207031,354.25,366.6400146484375,366.5015869140625,4427900
2026-05-12,356.6099853515625,359.8299865722656,340.25,358.45001220703125,358.314697265625,5646000
2026-05-13,366.30999755859375,366.8999938964844,350.0199890136719,363.3800048828125,363.2428283691406,3628700
2026-05-14,362.0,365.0,353.5899963378906,356.54998779296875,356.4153747558594,2352500
2026-05-15,339.57000732421875,346.5899963378906,335.32000732421875,337.8800048828125,337.75244140625,4251900
2026-05-18,337.8800048828125,342.0400085449219,315.6700134277344,321.04998779296875,320.92877197265625,4670100
2026-05-19,314.1199951171875,325.2099914550781,309.4100036621094,321.5199890136719,321.3985900878906,3489000
2026-05-20,327.8599853515625,344.4700012207031,324.4800109863281,344.3399963378906,344.2099914550781,3387500
2026-05-21,345.3699951171875,359.4700012207031,343.3299865722656,353.44000244140625,353.44000244140625,3587000
2026-05-22,355.0,360.3399963378906,352.4100036621094,358.44000244140625,358.44000244140625,2708500
2026-05-26,371.6300048828125,390.3500061035156,367.6199951171875,389.1400146484375,389.1400146484375,4005700
2026-05-27,402.1300048828125,406.6499938964844,365.04998779296875,375.8299865722656,375.8299865722656,3275000
2026-05-28,381.55999755859375,386.29998779296875,364.8299865722656,382.6499938964844,382.6499938964844,2762100
2026-05-29,385.1600036621094,386.9700012207031,368.1000061035156,374.30999755859375,374.30999755859375,4129200
2026-06-01,366.510009765625,376.70001220703125,360.1400146484375,369.4700012207031,369.4700012207031,2523400
2026-06-02,370.7699890136719,392.8999938964844,365.7799987792969,392.6199951171875,392.6199951171875,3413100
2026-06-03,397.0,420.6000061035156,393.6000061035156,409.6700134277344,409.6700134277344,3254600
2026-06-04,396.42999267578125,413.8699951171875,388.0899963378906,406.8599853515625,406.8599853515625,4214000
2026-06-05,389.5400085449219,392.9200134277344,354.1300048828125,357.92999267578125,357.92999267578125,5471100
2026-06-08,377.8399963378906,380.1700134277344,368.4100036621094,374.69000244140625,374.69000244140625,2940900
2026-06-09,386.6000061035156,395.6499938964844,340.3399963378906,369.2099914550781,369.2099914550781,4262100
2026-06-10,360.2699890136719,374.82000732421875,345.6099853515625,347.5899963378906,347.5899963378906,3745800
2026-06-11,358.54998779296875,381.5400085449219,356.6000061035156,381.3999938964844,381.3999938964844,5027400
2026-06-12,381.94000244140625,408.0,380.0,403.20001220703125,403.20001220703125,3322900
2026-06-15,426.45001220703125,437.7699890136719,423.0299987792969,432.4100036621094,432.4100036621094,4558000
2026-06-16,432.25,436.25,409.2200012207031,409.3500061035156,409.3500061035156,3977800
2026-06-17,429.2300109863281,440.75,408.239990234375,408.55999755859375,408.55999755859375,3527600
2026-06-18,421.8299865722656,439.5,421.8299865722656,437.9200134277344,437.9200134277344,17958200
2026-06-22,456.1400146484375,459.19000244140625,439.6099853515625,457.0,457.0,4338500
2026-06-23,410.1700134277344,428.6700134277344,408.7699890136719,420.1199951171875,420.1199951171875,7671700
2026-06-24,423.07000732421875,433.0,413.7699890136719,427.20001220703125,427.20001220703125,3256600
2026-06-25,454.0,472.3699951171875,427.0899963378906,471.9599914550781,471.9599914550781,7025300
2026-06-26,453.739990234375,456.239990234375,423.07000732421875,436.8599853515625,436.8599853515625,11486400
2026-06-29,440.6199951171875,469.1099853515625,414.92999267578125,463.2099914550781,463.2099914550781,5089100
2026-06-30,467.5,487.9100036621094,460.0,483.8399963378906,483.8399963378906,5022400
2026-07-01,461.0,463.6600036621094,425.1099853515625,427.3399963378906,427.3399963378906,5465800
2026-07-02,427.4100036621094,429.739990234375,362.010009765625,369.0899963378906,369.0899963378906,5932300
2026-07-06,386.5799865722656,399.79998779296875,377.1700134277344,379.5199890136719,379.5199890136719,3447000
2026-07-07,354.05999755859375,361.04998779296875,328.2799987792969,343.1099853515625,343.1099853515625,6405400
2026-07-08,342.989990234375,354.2699890136719,335.05999755859375,351.57000732421875,351.57000732421875,3194200
2026-07-09,379.239990234375,385.0,360.6600036621094,362.75,362.75,3708100
2026-07-10,353.4599914550781,362.54998779296875,344.9700012207031,359.6000061035156,359.6000061035156,1571900
2026-07-13,345.0,348.5899963378906,334.3500061035156,341.1099853515625,341.1099853515625,3105000
2026-07-14,363.57000732421875,365.0,347.1600036621094,353.2300109863281,353.2300109863281,2111200
2026-07-15,356.29998779296875,358.0,325.1400146484375,342.1199951171875,342.1199951171875,3182600
2026-07-16,332.239990234375,335.3900146484375,317.739990234375,322.29998779296875,322.29998779296875,3623900
2026-07-17,305.8900146484375,330.67999267578125,296.82000732421875,322.3599853515625,322.3599853515625,3518700
2026-07-20,335.2200012207031,351.2300109863281,331.2799987792969,333.760009765625,333.760009765625,2940500
2026-07-21,361.0,379.19000244140625,356.010009765625,374.0400085449219,374.0400085449219,3997900
2026-07-22,362.6499938964844,376.3699951171875,360.79998779296875,369.4599914550781,369.4599914550781,2143000
2026-07-23,362.9700012207031,378.5,362.6700134277344,373.75,373.75,2092400
2026-07-24,365.0,371.3599853515625,345.4700012207031,349.9200134277344,349.9200134277344,2945200
2026-07-27,349.92999267578125,355.25,319.6000061035156,334.7699890136719,334.7699890136719,4145300
2026-07-28,319.3399963378906,323.9599914550781,301.0,320.6499938964844,320.6499938964844,5795500
2026-07-29,367.8999938964844,372.2300109863281,319.19000244140625,319.4100036621094,319.4100036621094,9221700
2026-07-30,347.8999938964844,369.0,344.5,365.489990234375,365.489990234375,7309100
2026-07-31,382.989990234375,392.0,362.2300109863281,367.69000244140625,367.69000244140625,3771500
2026-08-03,359.9200134277344,370.3999938964844,349.30999755859375,365.79998779296875,365.79998779296875,2698700
2026-08-04,388.6099853515625,409.7200012207031,382.8699951171875,403.55999755859375,403.55999755859375,4144100
2026-08-05,402.4700012207031,409.3999938964844,386.0799865722656,389.3900146484375,389.3900146484375,3183600
2026-08-06,382.010009765625,396.5899963378906,370.0,384.8900146484375,384.8900146484375,2629600
2026-08-07,397.6000061035156,397.6000061035156,372.79998779296875,379.30999755859375,379.30999755859375,3737900
2026-08-10,386.6600036621094,387.0,364.260009765625,365.1000061035156,365.1000061035156,2377200
2026-08-11,373.7900085449219,387.80999755859375,371.20001220703125,379.55999755859375,379.55999755859375,1810700
2026-08-12,396.5,408.54998779296875,393.1600036621094,402.739990234375,402.739990234375,2957100
2026-08-13,399.3999938964844,422.32000732421875,398.0,410.5199890136719,410.5199890136719,1880300
2026-08-14,410.510009765625,419.0,398.4200134277344,418.7900085449219,418.7900085449219,1842600
2026-08-17,425.0,444.1700134277344,420.2200012207031,443.1400146484375,443.1400146484375,3107400
2026-08-18,419.1499938964844,424.760009765625,392.17999267578125,404.2900085449219,404.2900085449219,4293800
2026-08-19,405.19000244140625,405.19000244140625,374.010009765625,379.6499938964844,379.6499938964844,2765200
2026-08-20,377.3399963378906,385.92999267578125,372.8999938964844,383.1499938964844,383.1499938964844,1995900
2026-08-21,381.79998779296875,385.57000732421875,365.010009765625,375.739990234375,375.739990234375,1907400
2026-08-24,360.1199951171875,367.82000732421875,349.010009765625,364.8999938964844,364.8999938964844,2661800
2026-08-25,374.2799987792969,378.75,360.6499938964844,366.42999267578125,366.42999267578125,1679400
2026-08-26,366.1700134277344,366.5199890136719,357.0299987792969,363.1000061035156,363.1000061035156,2218700
